{"type":"FeatureCollection","features":[{"type":"Feature","id":0,"geometry":{"type":"Polygon","coordinates":[[[23.740563294790046,37.975620367458347],[23.740563483167652,37.975621517014687],[23.739103861040849,37.975814197179282],[23.739086169108123,37.975816532832042],[23.738416212800107,37.975905173693235],[23.738051265845581,37.975956083769006],[23.738020960360217,37.975807531969686],[23.738020934563323,37.975807421955231],[23.737969277397347,37.975587651562535],[23.737967117621107,37.975587929755875],[23.737803770831647,37.975608968657056],[23.737803563545508,37.975608025448935],[23.737567816905436,37.97453389929418],[23.737566337160981,37.974534102387885],[23.737565503309753,37.974534216793721],[23.737366424520609,37.974561572712574],[23.737364503924596,37.974561837008324],[23.736447583604086,37.974687828612595],[23.736447378469986,37.97468692596469],[23.736437192686097,37.974642021752778],[23.736434843805707,37.97464233374329],[23.736305663385934,37.974659476042532],[23.73630836948843,37.974673251070769],[23.736308386270473,37.974673334026782],[23.735728101600277,37.974750020237614],[23.735612540867191,37.974766141469559],[23.735450725685595,37.974788714540701],[23.735310480958933,37.973993525152508],[23.735158950777098,37.973583897890329],[23.735082196143537,37.973409709039892],[23.73481604734377,37.973086134907341],[23.734124157217661,37.972318900803643],[23.733931586516857,37.972076234524593],[23.733876643718467,37.971987912064179],[23.732898271872489,37.970875658278473],[23.732855338379199,37.970826848001252],[23.73261474909086,37.970634491199171],[23.732354004893761,37.970516400115145],[23.732044628458684,37.970428701772967],[23.731806705791836,37.970265705224264],[23.731732356141208,37.970157088267172],[23.73170187081848,37.970053642852271],[23.731692482209279,37.969936440520698],[23.731699563844042,37.969692081518396],[23.731664137274755,37.968484808584591],[23.731618466714611,37.968410680727217],[23.731698728470956,37.968395840230272],[23.731903917092065,37.968324204966855],[23.733289598245015,37.967655894977156],[23.733346668370274,37.967615466380487],[23.733485492681087,37.967300330112373],[23.733487831345617,37.967237899575267],[23.733487855341512,37.967237245294434],[23.733490451195259,37.967167913274487],[23.733490461280255,37.967167642910873],[23.733492403052928,37.967115798905297],[23.733615766785643,37.967131165862973],[23.733905060227592,37.967172121646897],[23.734197761224777,37.967198293378317],[23.734435883242028,37.967266427745329],[23.734569119001485,37.967316299272348],[23.734825894049244,37.967534607905982],[23.735058121050024,37.967671003003339],[23.735307947494828,37.967767136141354],[23.735781954285784,37.967810805543387],[23.736091691506758,37.967829924897345],[23.736318458325883,37.967867279831559],[23.736572987116638,37.967914872939211],[23.736825652132705,37.967985864173762],[23.737332699906876,37.968145898946027],[23.737491008932601,37.968210733148567],[23.73755702405839,37.968262239432434],[23.737597730252251,37.968179189111574],[23.737603923044748,37.968166554247169],[23.737721884996223,37.967925885855223],[23.737974955686727,37.967409556505885],[23.738215806141451,37.966904710624085],[23.738218263024521,37.966899559820732],[23.738230524476734,37.966873858928096],[23.738404690453653,37.966905952746423],[23.738409749907795,37.966906885112962],[23.738421916720139,37.966909126630796],[23.738428559884991,37.966910350929993],[23.738534702979113,37.966775393630954],[23.738611887971356,37.966780071587252],[23.73902123335985,37.966821538331892],[23.739164251970386,37.96682185550582],[23.739379144286563,37.966824721964578],[23.739569454893154,37.966827259626264],[23.739946734305793,37.966882171488734],[23.740324013148708,37.966937082140312],[23.740602555735183,37.966843061348158],[23.740625589197645,37.966834640922791],[23.740997476442871,37.966698678904415],[23.741001425150706,37.96669723562195],[23.741068146228773,37.966672842208688],[23.741176750651782,37.966646042536581],[23.742031247243659,37.967072174678449],[23.742892382569956,37.967500732360612],[23.742921261137809,37.967515104321727],[23.74290984591028,37.96759567347511],[23.742908318034207,37.967606459458054],[23.742819475741619,37.968233471744092],[23.74281904970923,37.968236477510075],[23.742816576370732,37.968253931857426],[23.742806755860645,37.968489222301599],[23.74272218802529,37.968861688472657],[23.742703070436786,37.96890147368098],[23.7426797501283,37.968925092302634],[23.742128582619866,37.969248349151478],[23.741721033075144,37.96948223071842],[23.741713974945338,37.969486280932585],[23.741664765392073,37.969513864054584],[23.741432701559283,37.96964393824009],[23.741369611119044,37.969679301289368],[23.741351649686191,37.969698534942111],[23.741348856675813,37.969701525583751],[23.741287696078231,37.969767017478397],[23.741264615977634,37.969791731408037],[23.741016808863602,37.969636117756984],[23.740972226438412,37.969608121138201],[23.740969260335373,37.969606258855599],[23.740911743438041,37.969570139266949],[23.740841040750951,37.969656026790531],[23.74074881120686,37.969768063667452],[23.740692500668416,37.969835978686653],[23.740602535075599,37.969944484682649],[23.740526383403353,37.970036328323914],[23.740476547363379,37.97009643343624],[23.740426727420584,37.97007045475889],[23.740198831672569,37.969951614410043],[23.740135352597576,37.970017211439348],[23.740080515484191,37.970073879541587],[23.73973393290316,37.970197445953779],[23.739678875117857,37.970297460814663],[23.73967930530932,37.97030008811921],[23.739800080877711,37.971036784898573],[23.739810974436558,37.971101276296913],[23.740174738266234,37.973254780245639],[23.74034229066876,37.974273604801127],[23.740464543372653,37.975021942898628],[23.740563294790046,37.975620367458347]]]},"properties":{"FID":0,"geitonia":"--","name_place":"ΖΑΠΠΕΙΟ-ΣΤΑΔΙΟ","name_pl_en":"ZAPPEIO-STADIO","geiton_en":"--","dk":"2η ΔΚ","dk_en":"2nd","shapeaream":574153.42608300003,"shapelengm":3780.42954865}},{"type":"Feature","id":1,"geometry":{"type":"Polygon","coordinates":[[[23.78711627172677,38.001000544338503],[23.78234165427639,38.003367352513933],[23.7790673952811,37.999117066543874],[23.780028394976885,37.998540515633287],[23.780532923641026,37.998239527972892],[23.781044579963613,37.997934044975942],[23.781553030496958,37.997628553778071],[23.782034714722204,37.997345542868828],[23.782933190560641,37.998023167679989],[23.783755843714669,37.998723452280764],[23.784148122680502,37.999057373986602],[23.784996835267314,37.99972587870402],[23.78521744642498,37.999870487218708],[23.78711627172677,38.001000544338503]]]},"properties":{"FID":1,"geitonia":"--","name_place":"ΠΕΝΤΑΓΩΝΟ","name_pl_en":"PENTAGONO","geiton_en":"--","dk":"7η ΔΚ","dk_en":"7th","shapeaream":227528.36724699999,"shapelengm":1978.6303909200001}},{"type":"Feature","id":2,"geometry":{"type":"Polygon","coordinates":[[[23.745817985029106,37.97589743175088],[23.745808376928967,37.9759233428206],[23.745797417245349,37.97595290027995],[23.745783355495313,37.975949586504591],[23.744368920333685,37.975616328581147],[23.743433909072461,37.975393477731828],[23.74312213083487,37.97531618793807],[23.74300681736295,37.975324948951418],[23.743006615589692,37.97532371194476],[23.743004920112643,37.975313292066083],[23.742972330253952,37.975113071139781],[23.742792847888211,37.974035640666756],[23.742613244806783,37.97299426096199],[23.743500206002761,37.972906069458382],[23.743683503654282,37.972888443221528],[23.744148768091989,37.972839195725115],[23.74418991818931,37.972834840063236],[23.745629300199045,37.973790945563756],[23.746393354289953,37.974345708002282],[23.745817985029106,37.97589743175088]]]},"properties":{"FID":2,"geitonia":"--","name_place":"ΩΔΕΙΟ","name_pl_en":"ODEIO","geiton_en":"--","dk":"2η ΔΚ","dk_en":"2nd","shapeaream":77246.025455499999,"shapelengm":1098.4048946}},{"type":"Feature","id":3,"geometry":{"type":"Polygon","coordinates":[[[23.725037302468341,37.988925280362821],[23.724906911478595,37.989087205819096],[23.724159611744,37.989212992884092],[23.723587375885405,37.989309309135336],[23.722945377336881,37.989417363366272],[23.722866404094464,37.989430655133276],[23.722864126163341,37.989431038219863],[23.7220413990756,37.989569506214316],[23.722040702816031,37.989569623538522],[23.721963479587007,37.989582619607489],[23.721245032294007,37.989703529905292],[23.720404148461693,37.98984504021432],[23.720354927934711,37.989853323175815],[23.720180322775338,37.989882706195544],[23.720077570273258,37.989403458763384],[23.71986670273748,37.988419926579098],[23.719839962001789,37.988295200803584],[23.719884657955824,37.988041078277867],[23.719998236268392,37.987860475279028],[23.720033799196315,37.987803924999362],[23.720147232933556,37.98768307848637],[23.720165954051311,37.987663133431091],[23.721112180799963,37.98635845815695],[23.721128883165864,37.986367766570901],[23.721180505066965,37.986396537189357],[23.721197776770609,37.986406163294077],[23.721381645815494,37.986119110676654],[23.721422586864481,37.986055194776853],[23.721570709774603,37.986033013357499],[23.721571967685311,37.986032823460022],[23.721658889975327,37.986019703676405],[23.721835266235111,37.985993081449294],[23.722089147764901,37.985953123724904],[23.722187059542488,37.985939835737831],[23.723158064637204,37.985788906584624],[23.723597266696437,37.985722698167855],[23.724128246587917,37.985642651454121],[23.724129404218534,37.985642476615922],[23.724137142065317,37.98564703904281],[23.724242301872067,37.985709047083951],[23.724276392776019,37.985729149048439],[23.724620478685019,37.985932038541321],[23.724620648382654,37.985932337263982],[23.72474350860676,37.986148634926977],[23.724744575852501,37.986150403943171],[23.724754663199498,37.98616712295253],[23.724771512802352,37.986195049941792],[23.725059342093729,37.986672118901872],[23.725438745090635,37.987231801785782],[23.725709845235585,37.987633506050841],[23.725901282156649,37.987914504252338],[23.726634534347355,37.988961280061403],[23.726679887449546,37.989026023790061],[23.726716229117567,37.989077904158982],[23.726726870831992,37.989213117976071],[23.726726759219428,37.989213120420622],[23.726724604383264,37.989213175800387],[23.726587110665232,37.989216683136824],[23.726564819742737,37.98921725140422],[23.726463075498891,37.989203295485829],[23.725796158132027,37.989111814291526],[23.725454475621767,37.989002348480419],[23.725074955840736,37.988880759292094],[23.725073522659457,37.988880299892259],[23.725037302468341,37.988925280362821]]]},"properties":{"FID":3,"geitonia":"ΑΓΙΟΣ ΠΑΥΛΟΣ","name_place":" ","name_pl_en":" ","geiton_en":"AGIOS PAVLOS","dk":"1η ΔΚ","dk_en":"1st","shapeaream":182419.625459,"shapelengm":1784.79795029}},{"type":"Feature","id":4,"geometry":{"type":"Polygon","coordinates":[[[23.723694105370932,38.014978212627497],[23.723611479558944,38.014987031269115],[23.722653890793385,38.014971257562095],[23.722142692099617,38.014965544426779],[23.722005971172518,38.014969727710557],[23.720500855578159,38.014952640882676],[23.719519061254953,38.014936784117623],[23.719412616822563,38.014936530191299],[23.719224189359959,38.014963118872025],[23.719173603022245,38.014972010887327],[23.719167862445666,38.014960392290426],[23.71910895435607,38.014841170808481],[23.719052814341339,38.014719363825037],[23.719274366676803,38.014421650149707],[23.719300911657246,38.014385980440494],[23.719665424499674,38.013896153984987],[23.719796931622316,38.01367114721679],[23.719810953517005,38.013547645677335],[23.719852693935252,38.013485828932659],[23.719753218512235,38.013184351429899],[23.719725208153513,38.013033300308635],[23.719797738857785,38.012811464237522],[23.7200444339556,38.012268181906101],[23.720290174941624,38.011748086693409],[23.720420879881125,38.011545609255322],[23.720548602074615,38.01128454130297],[23.720754812455812,38.010883961010713],[23.720917336146744,38.010550872755559],[23.721213185030937,38.009979260836303],[23.72144143422387,38.009432201148478],[23.721580777571674,38.009190017007398],[23.721728413050108,38.009228336518227],[23.723029130556299,38.009004247155254],[23.723449436293023,38.008939054265035],[23.723926741157811,38.008859060354311],[23.724437166496209,38.008774635706025],[23.72448996091676,38.008765829500426],[23.724497875863413,38.00876450873794],[23.725281522403002,38.008633786816539],[23.725286429332517,38.008632968198384],[23.725342970142187,38.008623536759501],[23.726258736089449,38.008472454015752],[23.726726051109619,38.008396931883404],[23.726767606646479,38.00839055543193],[23.726770296472942,38.00839014258522],[23.727246777044389,38.008317025367546],[23.727713996565551,38.008252002620246],[23.727829309548618,38.008254110861493],[23.727866547615772,38.00825145533576],[23.727919578987883,38.008247672782517],[23.728039256598318,38.008967783447304],[23.728192149878481,38.009882937695721],[23.728321174013406,38.010707908333572],[23.728391145809017,38.011136178589808],[23.728398050564561,38.011183319831574],[23.72839811722384,38.011183777836415],[23.728483490576934,38.011766674932247],[23.728484900652969,38.011776304772319],[23.728499602148545,38.01188392915622],[23.728509851292259,38.011958959239756],[23.728537241229784,38.012159470101437],[23.728523819274834,38.012223184029352],[23.728516519284021,38.012257835857412],[23.728626346125562,38.012374726836427],[23.728557551521071,38.012889141876514],[23.728468993332115,38.013772605564085],[23.728406340084682,38.014736831359542],[23.728052732775815,38.014763052594382],[23.727397205770853,38.014797586085933],[23.726961023864853,38.014819106189641],[23.726409106736796,38.014849368282697],[23.726337891256396,38.014853708982855],[23.726248874660392,38.014858008202943],[23.725660646158975,38.014888182249187],[23.725232294099357,38.014909714204457],[23.72476478183437,38.014931152952251],[23.724268078467016,38.01495252140036],[23.723694105370932,38.014978212627497]]]},"properties":{"FID":4,"geitonia":"ΚΑΤΩ ΠΑΤΗΣΙΑ II","name_place":" ","name_pl_en":" ","geiton_en":"KATO PATISIA II","dk":"4η ΔΚ","dk_en":"4th","shapeaream":483223.242998,"shapelengm":2802.1667782200002}},{"type":"Feature","id":5,"geometry":{"type":"Polygon","coordinates":[[[23.745044371494096,38.015066996197994],[23.745060743980037,38.015170679005266],[23.744808598464548,38.01530081785144],[23.744718064541939,38.015332166188216],[23.744513500302176,38.015394811607301],[23.74362421624706,38.015492017137767],[23.742383769745544,38.015629004825243],[23.740941724029106,38.015792573907945],[23.740120507637815,38.015867370831323],[23.739308545740055,38.015942182532314],[23.739293232678449,38.015843007701541],[23.739158785315386,38.015004518391208],[23.739160124225858,38.014927912484488],[23.739097069583078,38.013634434367269],[23.73907093140728,38.01317472299408],[23.739030523863374,38.012422063503053],[23.73902026263157,38.012002944917079],[23.739103385759947,38.012000200189298],[23.739108357651769,38.012000036370665],[23.739531877635606,38.011986053547645],[23.739994722933634,38.011969052137069],[23.740453651615869,38.011952040260574],[23.74083696537118,38.011937759403672],[23.740853301970787,38.011937150987961],[23.740910445321568,38.011935021889201],[23.741376834035623,38.011922529251414],[23.741843950376438,38.011905529953893],[23.742246978265428,38.011895069551464],[23.742324222770218,38.011893064034602],[23.742783876295217,38.011882844819446],[23.742803192288918,38.01188241569529],[23.742840321606362,38.011881590202854],[23.742837592432256,38.011748470372531],[23.742833050174262,38.011526852449002],[23.742832953745655,38.011522172784609],[23.742815569185424,38.010674033326325],[23.743416116929325,38.010676852969958],[23.743429708989535,38.010840990685779],[23.743451707298469,38.010953689864188],[23.743432452800583,38.011502981667824],[23.743394232415838,38.012593339744612],[23.743378287406578,38.013048207762587],[23.743409898066737,38.013116640724043],[23.7441089717903,38.013979709462127],[23.744834971327617,38.014928809167451],[23.745018589411107,38.014904709719367],[23.745044371494096,38.015066996197994]]]},"properties":{"FID":5,"geitonia":"ΓΚΡΑΒΑ","name_place":" ","name_pl_en":" ","geiton_en":"GKRAVA","dk":"5η ΔΚ","dk_en":"5th","shapeaream":186903.044692,"shapelengm":2030.9528668400001}},{"type":"Feature","id":6,"geometry":{"type":"Polygon","coordinates":[[[23.739293232678449,38.015843007701541],[23.739308545740055,38.015942182532314],[23.737835563493274,38.016092125702407],[23.73732414637448,38.016145061308208],[23.736315190043349,38.015755252581968],[23.735499147945358,38.01577595198642],[23.735386021755318,38.015745292783329],[23.735381780008996,38.015744143118532],[23.735369813467315,38.015436829029845],[23.735365810768947,38.015334024444421],[23.735358439085555,38.01519931234315],[23.735330595677276,38.014690468537914],[23.735315145932347,38.014396428726421],[23.735301021529338,38.014127637662519],[23.735286105093611,38.013843750147622],[23.735275822779627,38.013441131973529],[23.735265107619441,38.012945403245013],[23.735250773051604,38.01257584569489],[23.735247537314851,38.012485710289738],[23.735238478438919,38.011858635174285],[23.73617227739506,38.01182534676169],[23.737089439621318,38.011786843089745],[23.737820064965394,38.011747916547542],[23.738496903319056,38.011717878688316],[23.738998209445704,38.011696460306489],[23.73902026263157,38.012002944917079],[23.739030523863374,38.012422063503053],[23.73907093140728,38.01317472299408],[23.739097069583078,38.013634434367269],[23.739160124225858,38.014927912484488],[23.739158785315386,38.015004518391208],[23.739293232678449,38.015843007701541]]]},"properties":{"FID":6,"geitonia":"ΑΓΙΟΣ ΛΟΥΚΑΣ","name_place":" ","name_pl_en":" ","geiton_en":"AGIOS LOUKAS","dk":"5η ΔΚ","dk_en":"5th","shapeaream":155235.39958299999,"shapelengm":1591.4586410100001}},{"type":"Feature","id":7,"geometry":{"type":"Polygon","coordinates":[[[23.728239389229717,38.016854455025438],[23.728126996111339,38.016921791266242],[23.728036503117433,38.01693960762708],[23.727890622531508,38.016916738150513],[23.727803260881696,38.016857952743479],[23.727426097639338,38.016897636748389],[23.726982326229599,38.016946177724435],[23.726534977403965,38.016999215107212],[23.72594588449752,38.01706543974732],[23.725886007679122,38.017083325797827],[23.725353608426051,38.017221782030944],[23.724961981548461,38.017320007563185],[23.724652639254806,38.017400553898781],[23.724190101319973,38.017520987782547],[23.724056105575151,38.017556724640819],[23.723230802192791,38.017856713994718],[23.722841847553887,38.018000002742525],[23.722763520978337,38.018038221656383],[23.722702391789028,38.018067269988748],[23.722677385852666,38.018089743023424],[23.722670231593312,38.018098738952638],[23.722664145946752,38.018107737401628],[23.7226584157441,38.01811673668859],[23.722653753015607,38.018125738492863],[23.722644734332061,38.018157262026044],[23.722635628116542,38.01821775339571],[23.720921907691444,38.017044611409183],[23.720902231539778,38.017026066836387],[23.720821233968714,38.016949726304695],[23.720179961418037,38.016327045172233],[23.719945481663213,38.016077920182617],[23.71949017852581,38.015509028346479],[23.719173603022245,38.014972010887327],[23.719224189359959,38.014963118872025],[23.719412616822563,38.014936530191299],[23.719519061254953,38.014936784117623],[23.720500855578159,38.014952640882676],[23.722005971172518,38.014969727710557],[23.722142692099617,38.014965544426779],[23.722653890793385,38.014971257562095],[23.723611479558944,38.014987031269115],[23.723694105370932,38.014978212627497],[23.724268078467016,38.01495252140036],[23.72476478183437,38.014931152952251],[23.725232294099357,38.014909714204457],[23.725660646158975,38.014888182249187],[23.726248874660392,38.014858008202943],[23.726337891256396,38.014853708982855],[23.726409106736796,38.014849368282697],[23.726961023864853,38.014819106189641],[23.727397205770853,38.014797586085933],[23.728052732775815,38.014763052594382],[23.728406340084682,38.014736831359542],[23.728345890827963,38.015489261108165],[23.72825724641887,38.016453426493044],[23.728275831405696,38.016530078277789],[23.728268345239229,38.016629201829986],[23.728254790839365,38.016732817759696],[23.728239389229717,38.016854455025438]]]},"properties":{"FID":7,"geitonia":"ΤΡΕΙΣ ΓΕΦΥΡΕΣ","name_place":" ","name_pl_en":" ","geiton_en":"TREIS GEFYRES","dk":"5η ΔΚ","dk_en":"5th","shapeaream":197482.95321099999,"shapelengm":2057.9168453299999}},{"type":"Feature","id":8,"geometry":{"type":"Polygon","coordinates":[[[23.723199216327224,37.949029450402215],[23.723468221138706,37.949238302709347],[23.723732013757939,37.949443105277531],[23.724027421740782,37.949672450545712],[23.724331791089064,37.949861695107877],[23.72453059898443,37.949950967586659],[23.724612663870875,37.950006685497044],[23.724816679417994,37.950229719405179],[23.724848424401312,37.950264423031413],[23.724948453438511,37.950400959980691],[23.725173814987919,37.950736413356232],[23.725404177280076,37.951079305489529],[23.725634608489369,37.951422297358953],[23.726480673228053,37.952557680367377],[23.726612245711511,37.952733245649618],[23.725895266787383,37.952988445269263],[23.725445430526122,37.95314512224774],[23.72518436627551,37.95323464179689],[23.724830700026285,37.953355489390269],[23.724370882762841,37.953516645351634],[23.72394456597743,37.953659852310949],[23.723380387718095,37.953856811089338],[23.723223674759986,37.953910519953254],[23.722938009017632,37.953634954164798],[23.722831023944373,37.953532520234262],[23.721819792168954,37.952564286934305],[23.721038661601259,37.951814366661416],[23.720355002683803,37.951159308319674],[23.720181597478458,37.951009935296604],[23.721104429321677,37.950318380483914],[23.721104835730443,37.950318061489071],[23.721688779506916,37.949860105911029],[23.722020161472802,37.949608527884273],[23.72294974656436,37.948835765329967],[23.723199216327224,37.949029450402215]]]},"properties":{"FID":8,"geitonia":"ΜΠΑΚΝΑΝΑ","name_place":" ","name_pl_en":" ","geiton_en":"BAKNANA","dk":"2η ΔΚ","dk_en":"2nd","shapeaream":166279.877221,"shapelengm":1633.01730146}},{"type":"Feature","id":9,"geometry":{"type":"Polygon","coordinates":[[[23.720355002683803,37.951159308319674],[23.721038661601259,37.951814366661416],[23.721819792168954,37.952564286934305],[23.722831023944373,37.953532520234262],[23.722938009017632,37.953634954164798],[23.723223674759986,37.953910519953254],[23.723088871602453,37.953957378996435],[23.723056273500536,37.953968709900394],[23.722620026837347,37.954102875768712],[23.722295621979391,37.954196745992014],[23.721977603176054,37.954295136857787],[23.721549854460218,37.954438331723551],[23.721173361266484,37.954572633604755],[23.721053976960921,37.954630934471396],[23.72096408276018,37.95469831805574],[23.720604097968859,37.95498137007425],[23.719873057068931,37.955556457291529],[23.719230158681146,37.956055140645795],[23.718873344319629,37.956342701296109],[23.718431184318035,37.956715679136344],[23.717727109598879,37.957299830221253],[23.717622337950193,37.957382118895914],[23.717570728431916,37.957422653085708],[23.717549781815762,37.957439104509405],[23.714872964041515,37.9553191241748],[23.714917414057656,37.955284986482702],[23.715033247185026,37.9551960240873],[23.715725942531531,37.954631955677513],[23.715738876381501,37.954621422908666],[23.716176975046039,37.954264668474657],[23.71655079195676,37.953960255873689],[23.716980243696021,37.953610532862633],[23.717162699532029,37.953461949614066],[23.717800531590225,37.952942520178141],[23.717917659228238,37.952847134506619],[23.718635384491918,37.952274762729459],[23.719317188573086,37.951693104951808],[23.720076629354395,37.951088595398389],[23.720181597478458,37.951009935296604],[23.720355002683803,37.951159308319674]]]},"properties":{"FID":9,"geitonia":"ΑΓΙΟΣ ΣΩΣΤΗΣ","name_place":" ","name_pl_en":" ","geiton_en":"AGIOS SOSTIS","dk":"2η ΔΚ","dk_en":"2nd","shapeaream":225667.74046599999,"shapelengm":2064.7233127600002}},{"type":"Feature","id":10,"geometry":{"type":"Polygon","coordinates":[[[23.734632041690279,37.955960199391576],[23.734590773412847,37.956087494621379],[23.734549079104294,37.956216100249307],[23.734407732658514,37.956652082157063],[23.734406090054161,37.95665714730297],[23.734374382003008,37.95675495038585],[23.733309454891643,37.956953438849112],[23.732687987721057,37.95705537222392],[23.732421729044681,37.957104337926786],[23.73184726832049,37.957193159039321],[23.731720466587646,37.957237934459194],[23.730970568045429,37.95734437691673],[23.730137006123702,37.957468648516603],[23.729946802921866,37.957535808822179],[23.729872292422851,37.957580702255797],[23.729695771114525,37.957738003593128],[23.729645309395693,37.957782971055387],[23.728606532691387,37.957411050817022],[23.728241398406468,37.957261495229943],[23.728061685895437,37.957184470384753],[23.727962605404432,37.957139176859783],[23.727853582628452,37.95708935380658],[23.727489651255478,37.956903747080091],[23.726749784223014,37.956509970120301],[23.726353250728639,37.956292739008958],[23.72630639647274,37.956265591335395],[23.726181418502122,37.956202210267364],[23.72613491951401,37.956175063352092],[23.725622304973999,37.955894469236206],[23.725555665364226,37.955831223531298],[23.725520366593347,37.955811400239945],[23.725475086507004,37.955785971060763],[23.725065968688448,37.955508320717556],[23.725065861958807,37.95550824836495],[23.724902053101236,37.955397078032085],[23.724705188421744,37.955247904756391],[23.724279427015134,37.954859353161773],[23.723223674759986,37.953910519953254],[23.723380387718095,37.953856811089338],[23.72394456597743,37.953659852310949],[23.724370882762841,37.953516645351634],[23.724830700026285,37.953355489390269],[23.72518436627551,37.95323464179689],[23.725445430526122,37.95314512224774],[23.725895266787383,37.952988445269263],[23.726612245711511,37.952733245649618],[23.726615260084419,37.952732552350987],[23.726818690292472,37.952685753069609],[23.727476446940699,37.952534441180056],[23.727542081412032,37.952591494342684],[23.72853881359929,37.953457894866951],[23.728572405460994,37.953487093950791],[23.728855103039866,37.953732820072858],[23.7288583435665,37.953735636861893],[23.728891606634051,37.953764550288241],[23.729289742048344,37.954110614233052],[23.729320034800974,37.954136362582339],[23.729526888602745,37.954307866178411],[23.729562432385325,37.954337336245409],[23.729652683833898,37.954412164159322],[23.729839357089215,37.954315255406847],[23.729860101700993,37.954304485753575],[23.729917808899419,37.954294477817086],[23.730476026280517,37.954197670451961],[23.730522489157256,37.954220467755121],[23.730817800428852,37.954365363673524],[23.730885062079139,37.9544555474017],[23.731054761814498,37.954546064428953],[23.731158158518717,37.954577845879029],[23.73122708385208,37.954600535598736],[23.732309177379488,37.955085192650593],[23.733321150888933,37.955653787396159],[23.73354713741826,37.955780759378754],[23.733789967986528,37.955639667732392],[23.733790753910029,37.955638582554933],[23.733983298080627,37.955372906769689],[23.734011109121973,37.955302408552619],[23.734050257480686,37.955203169481535],[23.734061488304597,37.955165776008904],[23.734873155696242,37.955393375521638],[23.73478697381535,37.955594658358315],[23.73473465248221,37.955717082496037],[23.734632041690279,37.955960199391576]]]},"properties":{"FID":10,"geitonia":"ΛΟΦΟΣ ΚΥΝΟΣΑΡΓΟΥΣ","name_place":" ","name_pl_en":" ","geiton_en":"LOFOS KYNOSARGOUS","dk":"2η ΔΚ","dk_en":"2nd","shapeaream":288975.16424299998,"shapelengm":2561.4756636500001}},{"type":"Feature","id":11,"geometry":{"type":"Polygon","coordinates":[[[23.724279427015134,37.954859353161773],[23.724705188421744,37.955247904756391],[23.724902053101236,37.955397078032085],[23.725065861958807,37.95550824836495],[23.725065968688448,37.955508320717556],[23.725063839079795,37.955510117419564],[23.724920032545775,37.955631455416437],[23.724269461018142,37.956193238690084],[23.724150908290149,37.956314634908225],[23.724125907413139,37.956337549263012],[23.723792893300917,37.956642765710448],[23.723432434069544,37.956957370311315],[23.723388545924976,37.956993318720407],[23.723226660208244,37.957096586312105],[23.722982535138303,37.957312321265469],[23.722121429802574,37.958040335105352],[23.721967196100447,37.95818868347844],[23.72150535472635,37.958593171374652],[23.720471246835036,37.959437930884555],[23.72038237337355,37.959541850137953],[23.720338313874848,37.959593369454289],[23.720338267339486,37.959593333292119],[23.718454206194828,37.958139771454391],[23.717549781815762,37.957439104509405],[23.717570728431916,37.957422653085708],[23.717622337950193,37.957382118895914],[23.717727109598879,37.957299830221253],[23.718431184318035,37.956715679136344],[23.718873344319629,37.956342701296109],[23.719230158681146,37.956055140645795],[23.719873057068931,37.955556457291529],[23.720604097968859,37.95498137007425],[23.72096408276018,37.95469831805574],[23.721053976960921,37.954630934471396],[23.721173361266484,37.954572633604755],[23.721549854460218,37.954438331723551],[23.721977603176054,37.954295136857787],[23.722295621979391,37.954196745992014],[23.722620026837347,37.954102875768712],[23.723056273500536,37.953968709900394],[23.723088871602453,37.953957378996435],[23.723223674759986,37.953910519953254],[23.724279427015134,37.954859353161773]]]},"properties":{"FID":11,"geitonia":"ΔΟΥΡΓΟΥΤΙ ΙΙ","name_place":" ","name_pl_en":" ","geiton_en":"DOURGOUTI II","dk":"2η ΔΚ","dk_en":"2nd","shapeaream":199134.41681699999,"shapelengm":1843.60217539}},{"type":"Feature","id":12,"geometry":{"type":"Polygon","coordinates":[[[23.744265678745702,37.956487127720337],[23.743846439024633,37.956917962466882],[23.743770389444453,37.956998912965844],[23.743423359454425,37.957363179103638],[23.743329443274575,37.957466622592435],[23.743082000779903,37.957731963023427],[23.742878113213429,37.957952333623936],[23.742409284175441,37.958456030358306],[23.741821564203875,37.959081138432957],[23.741623293578044,37.959291797814217],[23.741618395242959,37.959297001918259],[23.741244893043593,37.959697254896263],[23.740856382565003,37.960115499386802],[23.740567739798458,37.959952631180919],[23.740094855310502,37.959681200676805],[23.739924792215753,37.959586189484057],[23.739340078296419,37.959251418420848],[23.738657497872865,37.958929946436939],[23.738557325890994,37.958889165857784],[23.737897116199097,37.958680400354773],[23.738069339296718,37.958266190685109],[23.738207137855468,37.957928513761729],[23.73832264049544,37.957658383798702],[23.738459321072444,37.957334223401595],[23.738600350074648,37.956987540241556],[23.738635157763476,37.956901995035246],[23.738693933817533,37.956577661236487],[23.738718255353604,37.956270961229052],[23.739847339524307,37.956354702731119],[23.739998579579058,37.955990952844971],[23.740116140932763,37.955708203901544],[23.7403929835322,37.955756607772969],[23.741020548486794,37.955871947197814],[23.741927918210912,37.956038703954334],[23.742405206936613,37.956126417022432],[23.742936947890996,37.95622413518911],[23.743444826391364,37.956324934510768],[23.743767340434083,37.95638894212464],[23.744150765826564,37.956261606766148],[23.744647883598361,37.956080279120663],[23.744614365766751,37.956115957845391],[23.744593030506213,37.956138669107624],[23.744383055613941,37.956362182788183],[23.744265678745702,37.956487127720337]]]},"properties":{"FID":12,"geitonia":"ΓΟΥΒΑ Ι","name_place":" ","name_pl_en":" ","geiton_en":"GOUVA I","dk":"2η ΔΚ","dk_en":"2nd","shapeaream":152601.10798999999,"shapelengm":1732.40336529}},{"type":"Feature","id":13,"geometry":{"type":"Polygon","coordinates":[[[23.749499261348994,37.967276933789805],[23.748975172506068,37.966973885072584],[23.748648495147883,37.966788423447078],[23.74835257964876,37.966617943039211],[23.748157299085026,37.966504969559288],[23.747609731805504,37.96618818741922],[23.746996994787342,37.96583369597991],[23.746658779585363,37.965657022202393],[23.746278240703607,37.965458236798554],[23.746192009435038,37.965413190959836],[23.745504624663685,37.96501513901238],[23.745493373768035,37.965008789430058],[23.74534521594714,37.964925174432608],[23.745207145819315,37.964847252003871],[23.745066620562739,37.964767630570947],[23.744473514594386,37.964431572789728],[23.744555411881851,37.964340251798816],[23.744610655663855,37.964278651475986],[23.744617108309502,37.964271735473339],[23.74481205036194,37.964062779165751],[23.744955280120958,37.963902752265696],[23.745179910186046,37.963648983611257],[23.745496741352312,37.963294843672635],[23.745853234340014,37.962898926366414],[23.746291260266563,37.962416619484401],[23.746512573598235,37.962166654410289],[23.746603391747549,37.962065789394579],[23.747660346915332,37.962690909580289],[23.748301141291677,37.963072682989974],[23.748725091380088,37.963285119947564],[23.749155941401288,37.963515676980734],[23.749719168055208,37.963817067014062],[23.750207970319018,37.964114750678348],[23.750675628234529,37.964399552239591],[23.750711694441016,37.96441245040166],[23.751059531017624,37.964405716136298],[23.751179060791074,37.964362727856845],[23.752221576186095,37.964300019961513],[23.75223161687709,37.964299412007797],[23.751574540297405,37.965013922828447],[23.751570520544227,37.965018294603937],[23.751524291089648,37.965068564599463],[23.751480969649332,37.965114969683825],[23.751477643643742,37.965118532662871],[23.750860884150917,37.96577917970631],[23.750205600666376,37.966503327545006],[23.750194587742516,37.966498797718579],[23.749499261348994,37.967276933789805]]]},"properties":{"FID":13,"geitonia":"ΠΡΟΦΗΤΗΣ ΗΛΙΑΣ","name_place":" ","name_pl_en":" ","geiton_en":"PROFITIS ILIAS","dk":"2η ΔΚ","dk_en":"2nd","shapeaream":178661.60155399999,"shapelengm":1855.26921161}},{"type":"Feature","id":14,"geometry":{"type":"Polygon","coordinates":[[[23.740163224311921,37.970128413508718],[23.740352854762641,37.970253446945478],[23.74067461780816,37.970465600577398],[23.74093545679267,37.970637583074435],[23.741009135941525,37.970686004754654],[23.741369872557055,37.970923079054344],[23.741964025602016,37.971334469663837],[23.742976204010994,37.971999996159163],[23.742996273389728,37.972014298374596],[23.743463730522294,37.972347418799174],[23.743961080872996,37.972682286924176],[23.74418991818931,37.972834840063236],[23.744148768091989,37.972839195725115],[23.743683503654282,37.972888443221528],[23.743500206002761,37.972906069458382],[23.742613244806783,37.97299426096199],[23.742792847888211,37.974035640666756],[23.742972330253952,37.975113071139781],[23.743004920112643,37.975313292066083],[23.743006615589692,37.97532371194476],[23.74300681736295,37.975324948951418],[23.742752522137028,37.975346111457405],[23.742584702196687,37.975360077523369],[23.742030811082888,37.975430967164037],[23.741176117930763,37.975541750679781],[23.740563483167652,37.975621517014687],[23.740563294790046,37.975620367458347],[23.740464543372653,37.975021942898628],[23.74034229066876,37.974273604801127],[23.740174738266234,37.973254780245639],[23.739810974436558,37.971101276296913],[23.739800080877711,37.971036784898573],[23.73967930530932,37.97030008811921],[23.739678875117857,37.970297460814663],[23.73973393290316,37.970197445953779],[23.740080515484191,37.970073879541587],[23.740163224311921,37.970128413508718]]]},"properties":{"FID":14,"geitonia":"ΡΗΓΙΛΛΗΣ","name_place":" ","name_pl_en":" ","geiton_en":"RIGILLIS","dk":"2η ΔΚ","dk_en":"2nd","shapeaream":126038.853395,"shapelengm":1733.0938561}},{"type":"Feature","id":15,"geometry":{"type":"Polygon","coordinates":[[[23.735473238460958,37.955562367031888],[23.735479822519935,37.955564221367233],[23.735829381986189,37.955662659695491],[23.73587316326725,37.955674988491481],[23.735736084631728,37.956020899504871],[23.736158006231435,37.956056282883694],[23.736677031438578,37.956099808054994],[23.737141816378941,37.956138782636103],[23.737466197842227,37.956165983178579],[23.738718255353604,37.956270961229052],[23.738693933817533,37.956577661236487],[23.738635157763476,37.956901995035246],[23.738600350074648,37.956987540241556],[23.738459321072444,37.957334223401595],[23.73832264049544,37.957658383798702],[23.738207137855468,37.957928513761729],[23.738069339296718,37.958266190685109],[23.737897116199097,37.958680400354773],[23.737610808114116,37.95936474220531],[23.737419875397379,37.959837493172792],[23.737399049145932,37.959891524052409],[23.737311495614158,37.960103131596235],[23.737262715415905,37.96021568383707],[23.737221072040295,37.960311784539101],[23.737214794707103,37.96032627046052],[23.737214768309752,37.960326330787943],[23.737013595426298,37.9601861399874],[23.736699994606155,37.959967723145347],[23.736698335588116,37.959966567584829],[23.736598482851942,37.959909619632278],[23.736593024154882,37.959906506976026],[23.736201021746879,37.959682940830433],[23.736016778422169,37.959591491950732],[23.7356825058616,37.959473828007489],[23.735461349433045,37.959395980501519],[23.734933551873834,37.959253781367302],[23.734268352455288,37.959074559194306],[23.734208258303159,37.958956030973951],[23.733644236783665,37.958810549144005],[23.73356429830114,37.958790263082946],[23.733497323927793,37.958773266297435],[23.732919640097968,37.958626663992099],[23.732909613716913,37.958624119423646],[23.732893880219383,37.958620175714742],[23.732322149478037,37.958476858374858],[23.732111528141342,37.958424060950499],[23.732111368919682,37.958424020931233],[23.731637950510951,37.958310280872482],[23.731560516961046,37.958278559095788],[23.730863152392967,37.958101949043858],[23.730806356652696,37.958087565216793],[23.730747320948765,37.958077478992344],[23.730674441560438,37.958065026709789],[23.73067268621114,37.95806472706866],[23.730552906163432,37.95803741413269],[23.730042934948973,37.957901051701327],[23.729683321727979,37.957796577738392],[23.729645309395693,37.957782971055387],[23.729695771114525,37.957738003593128],[23.729872292422851,37.957580702255797],[23.729946802921866,37.957535808822179],[23.730137006123702,37.957468648516603],[23.730970568045429,37.95734437691673],[23.731720466587646,37.957237934459194],[23.73184726832049,37.957193159039321],[23.732421729044681,37.957104337926786],[23.732687987721057,37.95705537222392],[23.733309454891643,37.956953438849112],[23.734374382003008,37.95675495038585],[23.734406090054161,37.95665714730297],[23.734407732658514,37.956652082157063],[23.734549079104294,37.956216100249307],[23.734590773412847,37.956087494621379],[23.734632041690279,37.955960199391576],[23.73473465248221,37.955717082496037],[23.73478697381535,37.955594658358315],[23.734873155696242,37.955393375521638],[23.735473238460958,37.955562367031888]]]},"properties":{"FID":15,"geitonia":"ΑΓΙΟΣ ΙΩΑΝΝΗΣ","name_place":" ","name_pl_en":" ","geiton_en":"AGIOS IOANNIS","dk":"2η ΔΚ","dk_en":"2nd","shapeaream":192573.43156600001,"shapelengm":2196.3451386699999}},{"type":"Feature","id":16,"geometry":{"type":"Polygon","coordinates":[[[23.725475086507004,37.955785971060763],[23.725520366593347,37.955811400239945],[23.725555665364226,37.955831223531298],[23.725622304973999,37.955894469236206],[23.72613491951401,37.956175063352092],[23.726181418502122,37.956202210267364],[23.72630639647274,37.956265591335395],[23.726353250728639,37.956292739008958],[23.726749784223014,37.956509970120301],[23.727489651255478,37.956903747080091],[23.727853582628452,37.95708935380658],[23.727962605404432,37.957139176859783],[23.728061685895437,37.957184470384753],[23.728241398406468,37.957261495229943],[23.728606532691387,37.957411050817022],[23.729645309395693,37.957782971055387],[23.729683321727979,37.957796577738392],[23.730042934948973,37.957901051701327],[23.730552906163432,37.95803741413269],[23.73067268621114,37.95806472706866],[23.730533913408689,37.958172564060945],[23.730342882180953,37.958321960356862],[23.730206418762563,37.95842868104554],[23.729950392053663,37.958628645897107],[23.72962355214203,37.958883915524041],[23.729521811631155,37.958963376385057],[23.728816513544203,37.959511539327039],[23.72830849015341,37.959906934534956],[23.7280101735412,37.960140469595679],[23.727981334106744,37.960163046008809],[23.727947393614564,37.960188718264561],[23.727941386790558,37.960193261292616],[23.727542990570335,37.960494605608375],[23.727506162769703,37.960522462082324],[23.72739210023947,37.960608783789411],[23.727043115274924,37.960872891445646],[23.726393969318266,37.96037116820883],[23.725638075417582,37.95978357001043],[23.725465692246821,37.95964797452325],[23.725485747462248,37.959611969751265],[23.725464912530143,37.959188315207399],[23.72543035291655,37.959107118528586],[23.725061266214979,37.95829960268297],[23.725001631759614,37.958168777254421],[23.725001427393483,37.958168328835924],[23.724913967473967,37.957980520992358],[23.724507931206428,37.957108606263454],[23.724252477640409,37.956539428408469],[23.724228525712832,37.956486061890679],[23.724190150482674,37.956401306592177],[23.724150908290149,37.956314634908225],[23.724269461018142,37.956193238690084],[23.724920032545775,37.955631455416437],[23.725063839079795,37.955510117419564],[23.725065968688448,37.955508320717556],[23.725475086507004,37.955785971060763]]]},"properties":{"FID":16,"geitonia":"ΣΤΕΡΝΑ","name_place":" ","name_pl_en":" ","geiton_en":"STERNA","dk":"2η ΔΚ","dk_en":"2nd","shapeaream":158047.89684999999,"shapelengm":1724.12613179}},{"type":"Feature","id":17,"geometry":{"type":"Polygon","coordinates":[[[23.724190150482674,37.956401306592177],[23.724228525712832,37.956486061890679],[23.724252477640409,37.956539428408469],[23.724507931206428,37.957108606263454],[23.724913967473967,37.957980520992358],[23.725001427393483,37.958168328835924],[23.725001631759614,37.958168777254421],[23.725061266214979,37.95829960268297],[23.72543035291655,37.959107118528586],[23.725464912530143,37.959188315207399],[23.725485747462248,37.959611969751265],[23.725465692246821,37.95964797452325],[23.725638075417582,37.95978357001043],[23.726393969318266,37.96037116820883],[23.727043115274924,37.960872891445646],[23.726826898537151,37.961040021262754],[23.72676069679942,37.961091193236719],[23.726435858515178,37.96134228194348],[23.72642698215228,37.961349143546208],[23.725893808540938,37.961762135844076],[23.72588754531677,37.961766987310362],[23.725793544972124,37.961841772622236],[23.725260640965192,37.962265740330672],[23.725233694245361,37.962286762151152],[23.725220324778356,37.962297191284392],[23.725055821524496,37.962432000278085],[23.72502720249371,37.962455739133063],[23.724917969002075,37.962543849735511],[23.724644401702875,37.962764514916614],[23.72463347676187,37.962845223181013],[23.724633425245596,37.962845605206816],[23.724592506059537,37.962877718779765],[23.724576906317317,37.962889961418234],[23.72457608196946,37.96289060931754],[23.724575787976907,37.962890380603255],[23.723904058016483,37.96236697081391],[23.722711082077911,37.96143725366354],[23.72250879908071,37.961279754195161],[23.722415006776888,37.961206883651919],[23.720394007689507,37.959636642927322],[23.720338313874848,37.959593369454289],[23.72038237337355,37.959541850137953],[23.720471246835036,37.959437930884555],[23.72150535472635,37.958593171374652],[23.721967196100447,37.95818868347844],[23.722121429802574,37.958040335105352],[23.722982535138303,37.957312321265469],[23.723226660208244,37.957096586312105],[23.723388545924976,37.956993318720407],[23.723432434069544,37.956957370311315],[23.723792893300917,37.956642765710448],[23.724125907413139,37.956337549263012],[23.724150908290149,37.956314634908225],[23.724190150482674,37.956401306592177]]]},"properties":{"FID":17,"geitonia":"ΔΟΥΡΓΟΥΤΙ Ι","name_place":" ","name_pl_en":" ","geiton_en":"DOURGOUTI I","dk":"2η ΔΚ","dk_en":"2nd","shapeaream":196675.874236,"shapelengm":1915.88507607}},{"type":"Feature","id":18,"geometry":{"type":"Polygon","coordinates":[[[23.730674441560438,37.958065026709789],[23.730747320948765,37.958077478992344],[23.730806356652696,37.958087565216793],[23.730863152392967,37.958101949043858],[23.731560516961046,37.958278559095788],[23.731637950510951,37.958310280872482],[23.732111368919682,37.958424020931233],[23.732111528141342,37.958424060950499],[23.732066751294042,37.958563619201591],[23.731787900133657,37.959432728112425],[23.73166770849204,37.95981099555754],[23.731452906437536,37.960477459478334],[23.731349603370788,37.96080080626669],[23.731242879113875,37.961137747384427],[23.731162880720639,37.961382592655788],[23.731033318272111,37.961792383017674],[23.73090842895715,37.962188664561268],[23.730807974691238,37.962517405192749],[23.730644216511806,37.963035271444731],[23.730470786540895,37.963571141035743],[23.729953957393597,37.9631598695279],[23.72939598302343,37.962716955993287],[23.72931156435018,37.962649165137321],[23.729164342416492,37.962536165223],[23.728837983354236,37.962283052618893],[23.728216154595675,37.961794921810274],[23.727745109693853,37.961419797824668],[23.727423740804586,37.961166692811339],[23.727158639801374,37.96096271058223],[23.72713002057165,37.96094068971091],[23.727090782519504,37.960910078350807],[23.727043823575702,37.960873443776514],[23.727043115274924,37.960872891445646],[23.72739210023947,37.960608783789411],[23.727506162769703,37.960522462082324],[23.727542990570335,37.960494605608375],[23.727941386790558,37.960193261292616],[23.727947393614564,37.960188718264561],[23.727981334106744,37.960163046008809],[23.7280101735412,37.960140469595679],[23.72830849015341,37.959906934534956],[23.728816513544203,37.959511539327039],[23.729521811631155,37.958963376385057],[23.72962355214203,37.958883915524041],[23.729950392053663,37.958628645897107],[23.730206418762563,37.95842868104554],[23.730342882180953,37.958321960356862],[23.730533913408689,37.958172564060945],[23.73067268621114,37.95806472706866],[23.730674441560438,37.958065026709789]]]},"properties":{"FID":18,"geitonia":"ΝΕΟΣ ΚΟΣΜΟΣ","name_place":" ","name_pl_en":" ","geiton_en":"NEOS KOSMOS","dk":"2η ΔΚ","dk_en":"2nd","shapeaream":133253.262029,"shapelengm":1592.7490018200001}},{"type":"Feature","id":19,"geometry":{"type":"Polygon","coordinates":[[[23.747552634060082,37.957284493443609],[23.747703196672838,37.957428737076619],[23.747306871769723,37.957879053332498],[23.74670139361454,37.958567002813126],[23.746461993962015,37.958838628889175],[23.745921512407495,37.959430443923416],[23.745416309252164,37.959983619657734],[23.744550121137863,37.960932033776793],[23.744035182737012,37.960649712338423],[23.74386151754485,37.960553336255209],[23.743619413006915,37.960418978274582],[23.742973212518361,37.960061559044377],[23.742517685885542,37.959808201977587],[23.742128573543006,37.959586533856033],[23.741934381297366,37.959473446885276],[23.74162329194963,37.959299736368735],[23.741618395242959,37.959297001918259],[23.741623293578044,37.959291797814217],[23.741821564203875,37.959081138432957],[23.742409284175441,37.958456030358306],[23.742878113213429,37.957952333623936],[23.743082000779903,37.957731963023427],[23.743329443274575,37.957466622592435],[23.743423359454425,37.957363179103638],[23.743770389444453,37.956998912965844],[23.743846439024633,37.956917962466882],[23.744265678745702,37.956487127720337],[23.744383055613941,37.956362182788183],[23.744593030506213,37.956138669107624],[23.744614365766751,37.956115957845391],[23.744647883598361,37.956080279120663],[23.745021866734071,37.955948111135541],[23.745290794502857,37.955853069447755],[23.745579223789104,37.956385454637008],[23.745631273372133,37.956532827151015],[23.745713797189541,37.957007975437897],[23.745965025244217,37.956944233630054],[23.746510887280767,37.95680316845548],[23.746673737205562,37.956760490712405],[23.746934381691418,37.956692183142657],[23.747552634060082,37.957284493443609]]]},"properties":{"FID":19,"geitonia":"ΓΟΥΒΑ ΙΙ","name_place":" ","name_pl_en":" ","geiton_en":"GOUVA II","dk":"2η ΔΚ","dk_en":"2nd","shapeaream":147319.505428,"shapelengm":1653.35703552}},{"type":"Feature","id":20,"geometry":{"type":"Polygon","coordinates":[[[23.736780885232434,37.960759080198869],[23.736577675864659,37.960943540193533],[23.736430924477705,37.961062694532409],[23.736372336357356,37.961110265798084],[23.736354759145495,37.961145480335929],[23.735632658235527,37.96172169173601],[23.735251754074671,37.961991221922432],[23.735233077404072,37.962040750787757],[23.735037464778852,37.962522499997569],[23.734848995831737,37.962995252050469],[23.734678846691779,37.963418474193674],[23.734505105605038,37.96385070083857],[23.734342132535392,37.964255912848387],[23.73431709978346,37.964291907865636],[23.734037338778847,37.964723894280418],[23.733687745455683,37.964592416615758],[23.733392179437743,37.964474579684584],[23.733282688026502,37.964451799298544],[23.733072517174111,37.964428790428485],[23.732396969888782,37.964418242896834],[23.732146890432933,37.964413167362871],[23.731800919701737,37.964362808310398],[23.731380340456049,37.964285239259972],[23.731176016860829,37.964122540623592],[23.73085071056267,37.963869436056171],[23.730470786540895,37.963571141035743],[23.730644216511806,37.963035271444731],[23.730807974691238,37.962517405192749],[23.73090842895715,37.962188664561268],[23.731033318272111,37.961792383017674],[23.731162880720639,37.961382592655788],[23.731242879113875,37.961137747384427],[23.731349603370788,37.96080080626669],[23.731452906437536,37.960477459478334],[23.73166770849204,37.95981099555754],[23.731787900133657,37.959432728112425],[23.732066751294042,37.958563619201591],[23.732111528141342,37.958424060950499],[23.732322149478037,37.958476858374858],[23.732893880219383,37.958620175714742],[23.732909613716913,37.958624119423646],[23.732919640097968,37.958626663992099],[23.733497323927793,37.958773266297435],[23.73356429830114,37.958790263082946],[23.733644236783665,37.958810549144005],[23.734208258303159,37.958956030973951],[23.734268352455288,37.959074559194306],[23.734933551873834,37.959253781367302],[23.735461349433045,37.959395980501519],[23.7356825058616,37.959473828007489],[23.736016778422169,37.959591491950732],[23.736201021746879,37.959682940830433],[23.736593024154882,37.959906506976026],[23.736598482851942,37.959909619632278],[23.736698335588116,37.959966567584829],[23.736699994606155,37.959967723145347],[23.737013595426298,37.9601861399874],[23.737214768309752,37.960326330787943],[23.737190262632527,37.960382260535532],[23.737164068453591,37.960445292269895],[23.73697957724043,37.960771047536312],[23.73681634312241,37.960726894269065],[23.736780885232434,37.960759080198869]]]},"properties":{"FID":20,"geitonia":"ΛΟΦΟΣ ΛΑΜΠΡΑΚΗ","name_place":" ","name_pl_en":" ","geiton_en":"LOFOS LAMPRAKI","dk":"2η ΔΚ","dk_en":"2nd","shapeaream":238801.56892699999,"shapelengm":2036.8465701099999}},{"type":"Feature","id":21,"geometry":{"type":"Polygon","coordinates":[[[23.723904058016483,37.96236697081391],[23.723830293737183,37.962424623469182],[23.723451002900475,37.962725664237304],[23.723248668922619,37.962891926859619],[23.7225639021474,37.963444606559776],[23.722056089571126,37.963862507120332],[23.721578577895329,37.964262451394433],[23.721403884484086,37.964369951808798],[23.721404761681633,37.964505387784016],[23.721404555026826,37.964654099870486],[23.721408074990279,37.964852391634317],[23.721399845978333,37.965523831889975],[23.721370402394754,37.965501229956779],[23.721090347580201,37.965459310796525],[23.720744249551093,37.965409616537258],[23.720297653891496,37.965345465455734],[23.719159501771063,37.965176015745058],[23.719167904142381,37.964838052715805],[23.719167360473659,37.96451358763678],[23.719166175078634,37.964171095240815],[23.719164564714955,37.963846627578626],[23.719161685809077,37.963481598889572],[23.719160361994213,37.96317515764342],[23.719159176614149,37.962832665169202],[23.71916373083906,37.962197267567575],[23.719090785422537,37.962201599866496],[23.71909023785809,37.962201300232564],[23.718470590077896,37.961862134178553],[23.718455824008423,37.961851706083884],[23.718358434585902,37.961782927278321],[23.718254148257625,37.961709277534503],[23.71822349568199,37.961687629977561],[23.718133062800696,37.961623763445239],[23.718001372628002,37.96153075843813],[23.717954100301753,37.961497373147196],[23.717921319187596,37.961474221565084],[23.71880848568264,37.960758863472748],[23.719913614832858,37.959894879562718],[23.720107236637173,37.959743503777673],[23.720296946609558,37.959619651849408],[23.72029981211017,37.959617781276471],[23.720316517777164,37.959607189383711],[23.720316595372505,37.959607139997281],[23.720338313874848,37.959593369454289],[23.720394007689507,37.959636642927322],[23.722415006776888,37.961206883651919],[23.72250879908071,37.961279754195161],[23.722711082077911,37.96143725366354],[23.723904058016483,37.96236697081391]]]},"properties":{"FID":21,"geitonia":"ΚΟΥΚΑΚΙ","name_place":" ","name_pl_en":" ","geiton_en":"KOUKAKI","dk":"1η ΔΚ","dk_en":"1st","shapeaream":175719.20977399999,"shapelengm":1847.29251679}},{"type":"Feature","id":22,"geometry":{"type":"Polygon","coordinates":[[[23.747399510799919,37.970386394687978],[23.747431965280896,37.970571228387435],[23.74750744841905,37.971052873706952],[23.747543085657384,37.971280263982464],[23.747553481042289,37.971346596735231],[23.747553525595769,37.971346885242916],[23.747572614783952,37.971472428721761],[23.747589871280645,37.971585915341933],[23.747622714246745,37.971801896486078],[23.747644646328126,37.97194614866315],[23.747716954814216,37.972442011951067],[23.747776441339472,37.972835513675292],[23.747799412222751,37.972987467725325],[23.747811916996532,37.973075343026146],[23.747812757544775,37.973081249162469],[23.747816085264038,37.973104633891246],[23.747822345987014,37.973148635549521],[23.747828596723146,37.973192563280186],[23.747829121517793,37.973196248868348],[23.74783693995532,37.97325119279035],[23.747837769393247,37.973257019589205],[23.747841107140772,37.973280472835953],[23.747857784730591,37.973397678656667],[23.747913837805534,37.973788145465804],[23.747914083569281,37.973789859339782],[23.746901412928494,37.973890225337676],[23.746550542500628,37.973922122667602],[23.746550152910132,37.973923173630574],[23.746501941992427,37.974053024571418],[23.746453576918491,37.974183287045456],[23.746418356102467,37.97427827801269],[23.746393354289953,37.974345708002282],[23.745629300199045,37.973790945563756],[23.74418991818931,37.972834840063236],[23.743961080872996,37.972682286924176],[23.743463730522294,37.972347418799174],[23.742996273389728,37.972014298374596],[23.742976204010994,37.971999996159163],[23.743055027686204,37.971980755513258],[23.743177402407778,37.971950883674545],[23.743318336587421,37.971809790952555],[23.7435343614878,37.971576744777039],[23.743662283003133,37.971419298239255],[23.743739446932576,37.971329337581267],[23.743878428912989,37.971162902015713],[23.74407854552609,37.970910976951352],[23.744495855742642,37.970407162853014],[23.744668788144619,37.970195735658443],[23.745125153807717,37.970124622226386],[23.745584734494408,37.970049007535017],[23.746053901409478,37.96997644367184],[23.746060946874636,37.969975353900935],[23.746101967766691,37.969969009045585],[23.746453695849826,37.970217621799094],[23.746540064219946,37.970261886295837],[23.747011280656114,37.970353291640954],[23.747015052339403,37.970354023485967],[23.747108549170459,37.970372159235858],[23.747169541428239,37.970262435051247],[23.747212906571107,37.970206622251176],[23.747351122808137,37.970075346443991],[23.747371042357354,37.970203575800603],[23.747378063920042,37.970248669695842],[23.747399510799919,37.970386394687978]]]},"properties":{"FID":22,"geitonia":"ΒΑΤΡΑΧΟΝΗΣΙ","name_place":" ","name_pl_en":" ","geiton_en":"VATRACHONISI","dk":"2η ΔΚ","dk_en":"2nd","shapeaream":129020.830118,"shapelengm":1505.73393141}},{"type":"Feature","id":23,"geometry":{"type":"Polygon","coordinates":[[[23.724727308500675,37.967334240749167],[23.724659213452878,37.967339304362497],[23.724658753382482,37.967339338435984],[23.724139763506152,37.967377928925131],[23.723891183224772,37.967398662146756],[23.723882610112966,37.967399377476845],[23.723824451211325,37.967404227789132],[23.72369336797707,37.96730287930886],[23.72360377709748,37.967233612176152],[23.723081968812323,37.966830168203266],[23.72307710007269,37.966826403779777],[23.722531416655361,37.966405262036112],[23.722294461369692,37.966219938886084],[23.721975910635461,37.965976722892712],[23.721951067139294,37.965957754253857],[23.721399845978333,37.965523831889975],[23.721408074990279,37.964852391634317],[23.721404555026826,37.964654099870486],[23.721404761681633,37.964505387784016],[23.721403884484086,37.964369951808798],[23.721578577895329,37.964262451394433],[23.722056089571126,37.963862507120332],[23.7225639021474,37.963444606559776],[23.723248668922619,37.962891926859619],[23.723451002900475,37.962725664237304],[23.723830293737183,37.962424623469182],[23.723904058016483,37.96236697081391],[23.724575787976907,37.962890380603255],[23.72457608196946,37.96289060931754],[23.724647093180252,37.962945843370633],[23.726316257883607,37.964244120071093],[23.727502079973998,37.96516632202048],[23.727458969598299,37.965200803693314],[23.727426188059908,37.965227022835826],[23.726984043789429,37.965586494023611],[23.72661150948537,37.965887560492476],[23.726189759532691,37.966220056314853],[23.726150683430806,37.966590894105096],[23.726114592756637,37.967013014888494],[23.725312164327956,37.9669615732317],[23.725014454343654,37.966942851985905],[23.724765467308089,37.966928750424401],[23.724727308500675,37.967334240749167]]]},"properties":{"FID":23,"geitonia":"ΒΕΪΚΟΥ","name_place":" ","name_pl_en":" ","geiton_en":"VEIKOU","dk":"1η ΔΚ","dk_en":"1st","shapeaream":175184.02375699999,"shapelengm":1678.6885312899999}},{"type":"Feature","id":24,"geometry":{"type":"Polygon","coordinates":[[[23.738218263024521,37.966899559820732],[23.738215806141451,37.966904710624085],[23.737974955686727,37.967409556505885],[23.737721884996223,37.967925885855223],[23.737603923044748,37.968166554247169],[23.737597730252251,37.968179189111574],[23.73755702405839,37.968262239432434],[23.737491008932601,37.968210733148567],[23.737332699906876,37.968145898946027],[23.736825652132705,37.967985864173762],[23.736572987116638,37.967914872939211],[23.736318458325883,37.967867279831559],[23.736091691506758,37.967829924897345],[23.735781954285784,37.967810805543387],[23.735307947494828,37.967767136141354],[23.735058121050024,37.967671003003339],[23.734825894049244,37.967534607905982],[23.734569119001485,37.967316299272348],[23.734435883242028,37.967266427745329],[23.734197761224777,37.967198293378317],[23.733905060227592,37.967172121646897],[23.733615766785643,37.967131165862973],[23.733492403052928,37.967115798905297],[23.73349376140424,37.967079533245034],[23.733461307610085,37.967002850227345],[23.733496044607744,37.966939838748253],[23.73339802208719,37.966696268840558],[23.733254624081024,37.966407531556051],[23.733247396978499,37.966339918548613],[23.733243133599565,37.966141625455741],[23.733301598673123,37.965911929480825],[23.73334991946005,37.965830923057872],[23.733497325497144,37.965601428523868],[23.733778936324811,37.965151421883895],[23.734037338778847,37.964723894280418],[23.73431709978346,37.964291907865636],[23.734877778782362,37.96451529075793],[23.735108237142821,37.964607107699223],[23.735401379645936,37.964723897487531],[23.735930922198452,37.964934868484669],[23.735956923694069,37.964962001551434],[23.735955514568047,37.964992768379751],[23.735904305750065,37.965079443919109],[23.735951911360459,37.965097698218052],[23.7359528902123,37.965098073548397],[23.736483972786107,37.965301718029735],[23.736974974454494,37.965487580920296],[23.737400613534149,37.965646257229551],[23.737867104795587,37.965823048796381],[23.737869723864787,37.965787003093936],[23.737875736164316,37.965775112271785],[23.737876242920898,37.965774110266835],[23.737947113118228,37.96563395645925],[23.738419467120497,37.965324982423027],[23.738429578319415,37.965318368716403],[23.738458984201472,37.965299133898668],[23.738601944953007,37.965369533116011],[23.739079970778779,37.96560492926411],[23.739531347570466,37.965831251583076],[23.739949009591239,37.96603496543532],[23.741176750651782,37.966646042536581],[23.741068146228773,37.966672842208688],[23.741001425150706,37.96669723562195],[23.740997476442871,37.966698678904415],[23.740625589197645,37.966834640922791],[23.740602555735183,37.966843061348158],[23.740324013148708,37.966937082140312],[23.739946734305793,37.966882171488734],[23.739569454893154,37.966827259626264],[23.739379144286563,37.966824721964578],[23.739164251970386,37.96682185550582],[23.73902123335985,37.966821538331892],[23.738611887971356,37.966780071587252],[23.738534702979113,37.966775393630954],[23.738428559884991,37.966910350929993],[23.738421916720139,37.966909126630796],[23.738409749907795,37.966906885112962],[23.738404690453653,37.966905952746423],[23.738230524476734,37.966873858928096],[23.738218263024521,37.966899559820732]]]},"properties":{"FID":24,"geitonia":"ΜΕΤΣ","name_place":" ","name_pl_en":" ","geiton_en":"METS","dk":"2η ΔΚ","dk_en":"2nd","shapeaream":146670.81950000001,"shapelengm":1899.58104217}},{"type":"Feature","id":25,"geometry":{"type":"Polygon","coordinates":[[[23.727043823575702,37.960873443776514],[23.727090782519504,37.960910078350807],[23.72713002057165,37.96094068971091],[23.727158639801374,37.96096271058223],[23.727423740804586,37.961166692811339],[23.727745109693853,37.961419797824668],[23.728216154595675,37.961794921810274],[23.728837983354236,37.962283052618893],[23.729164342416492,37.962536165223],[23.72931156435018,37.962649165137321],[23.72939598302343,37.962716955993287],[23.729953957393597,37.9631598695279],[23.730470786540895,37.963571141035743],[23.73085071056267,37.963869436056171],[23.731176016860829,37.964122540623592],[23.731380340456049,37.964285239259972],[23.731800919701737,37.964362808310398],[23.732146890432933,37.964413167362871],[23.732396969888782,37.964418242896834],[23.733072517174111,37.964428790428485],[23.733282688026502,37.964451799298544],[23.733392179437743,37.964474579684584],[23.733687745455683,37.964592416615758],[23.734037338778847,37.964723894280418],[23.733778936324811,37.965151421883895],[23.733497325497144,37.965601428523868],[23.73334991946005,37.965830923057872],[23.733301598673123,37.965911929480825],[23.733243133599565,37.966141625455741],[23.733247396978499,37.966339918548613],[23.733254624081024,37.966407531556051],[23.73339802208719,37.966696268840558],[23.733496044607744,37.966939838748253],[23.733461307610085,37.967002850227345],[23.73349376140424,37.967079533245034],[23.733492403052928,37.967115798905297],[23.733490461280255,37.967167642910873],[23.733490451195259,37.967167913274487],[23.733487855341512,37.967237245294434],[23.733487831345617,37.967237899575267],[23.733485492681087,37.967300330112373],[23.733346668370274,37.967615466380487],[23.733289598245015,37.967655894977156],[23.731903917092065,37.968324204966855],[23.731698728470956,37.968395840230272],[23.731618466714611,37.968410680727217],[23.731602912351352,37.968385434416206],[23.731602888571231,37.968385399211726],[23.731470350476972,37.968252151383687],[23.730290944283691,37.967335056199289],[23.728659862636601,37.966066684744561],[23.727502079973998,37.96516632202048],[23.726316257883607,37.964244120071093],[23.724647093180252,37.962945843370633],[23.72457608196946,37.96289060931754],[23.724576906317317,37.962889961418234],[23.724592506059537,37.962877718779765],[23.724633425245596,37.962845605206816],[23.72463347676187,37.962845223181013],[23.724644401702875,37.962764514916614],[23.724917969002075,37.962543849735511],[23.72502720249371,37.962455739133063],[23.725055821524496,37.962432000278085],[23.725220324778356,37.962297191284392],[23.725233694245361,37.962286762151152],[23.725260640965192,37.962265740330672],[23.725793544972124,37.961841772622236],[23.72588754531677,37.961766987310362],[23.725893808540938,37.961762135844076],[23.72642698215228,37.961349143546208],[23.726435858515178,37.96134228194348],[23.72676069679942,37.961091193236719],[23.726826898537151,37.961040021262754],[23.727043115274924,37.960872891445646],[23.727043823575702,37.960873443776514]]]},"properties":{"FID":25,"geitonia":"ΚΑΛΛΙΡΡΟΗΣ","name_place":" ","name_pl_en":" ","geiton_en":"KALLIRROIS","dk":"2η ΔΚ","dk_en":"2nd","shapeaream":289785.79754900001,"shapelengm":2483.7652133199999}},{"type":"Feature","id":26,"geometry":{"type":"Polygon","coordinates":[[[23.71247195941767,37.967345484940232],[23.711916219637555,37.967533395818826],[23.711541064033312,37.96766766971853],[23.711253550414128,37.967770612487257],[23.711192287120973,37.967788487861654],[23.710884510210249,37.967897436631745],[23.71023142596507,37.968128614419705],[23.709685974899351,37.968321046498154],[23.709275180487165,37.968468744502218],[23.708992215361071,37.967958817438301],[23.7087112985955,37.967471426918621],[23.708364765304275,37.966844173456764],[23.708321683760634,37.966762950756916],[23.708087504880648,37.966334258236635],[23.707964305699594,37.966180733554623],[23.707657287370075,37.965819455902519],[23.707058645687159,37.965164533074635],[23.706580520918092,37.964712697588389],[23.706529845583901,37.964663000350079],[23.706445835748919,37.964586181277824],[23.706445897367061,37.964586145380039],[23.707204282729968,37.964146440116579],[23.707328334318657,37.964083658609901],[23.707562636829888,37.963940035134733],[23.708218044026601,37.963554108496787],[23.708418492775174,37.96351404748377],[23.708635909368752,37.963501066798969],[23.710402178462541,37.963604569465289],[23.711415466538853,37.963670149507195],[23.711970212437684,37.96374237543403],[23.712085724713777,37.963757414065292],[23.712335937706403,37.963798513795311],[23.713004765743634,37.963908372129893],[23.713791187400609,37.964040360022068],[23.713852733670446,37.964050689781828],[23.713852535004694,37.964052306209815],[23.713835057912387,37.964194300422193],[23.713829536932462,37.964286608652046],[23.713866291398656,37.964692263321034],[23.7130339406066,37.965082465800194],[23.713205233166562,37.965298254388657],[23.713239574496782,37.965341517007197],[23.713245976469565,37.965349582015122],[23.71327579420543,37.96538714556803],[23.713622810217988,37.965807089714261],[23.713717344352798,37.965924487229287],[23.713985468590597,37.966231577282144],[23.714019272293687,37.966267802005639],[23.714107699932303,37.966362561127504],[23.714411871178953,37.96673282793391],[23.715320240361287,37.966717080344679],[23.715324125057776,37.966717013135245],[23.715291385467896,37.966811569137242],[23.714827917380049,37.967470985140359],[23.714801283041929,37.967508880113058],[23.714745299821416,37.967654204116059],[23.714721499992393,37.967715982856639],[23.714705158220777,37.96780779436147],[23.714522952104069,37.967814642881478],[23.714289168618681,37.967732959461266],[23.714053304856726,37.967685827693778],[23.713356220310203,37.96757747112661],[23.713277914598851,37.967586293186606],[23.713233069975441,37.967590690323298],[23.713232901608659,37.967590657466538],[23.713232512547741,37.967590580810025],[23.712998116729207,37.967544503209837],[23.712995707280545,37.967544029563562],[23.712838462951883,37.967513118335965],[23.712829284269702,37.967495070176952],[23.712771217705086,37.967422825405578],[23.712494762665752,37.96733652779178],[23.71247195941767,37.967345484940232]]]},"properties":{"FID":26,"geitonia":"ΚΟΙΛΗΣ","name_place":" ","name_pl_en":" ","geiton_en":"KOILIS","dk":"3η ΔΚ","dk_en":"3rd","shapeaream":254494.177581,"shapelengm":2301.2676004}},{"type":"Feature","id":27,"geometry":{"type":"Polygon","coordinates":[[[23.755126779524758,37.966536415700233],[23.754109683091365,37.967631776224401],[23.753459714448578,37.968353919782317],[23.752761272490396,37.969156607754442],[23.752436518605631,37.968973066957297],[23.752303359635363,37.968896177173619],[23.752044141781628,37.968746918558182],[23.75198625561908,37.968715251451258],[23.751540621442309,37.968457443990651],[23.751311878872745,37.968324562331929],[23.751011193826379,37.968149886664868],[23.750466844560219,37.967837788856031],[23.750130634648279,37.967733427097109],[23.750136320905,37.967660658335518],[23.749843561751945,37.967517853444654],[23.749710860824905,37.967485016665691],[23.749628086685917,37.967351608480087],[23.749499261348994,37.967276933789805],[23.750194587742516,37.966498797718579],[23.750205600666376,37.966503327545006],[23.750860884150917,37.96577917970631],[23.751477643643742,37.965118532662871],[23.751480969649332,37.965114969683825],[23.751524291089648,37.965068564599463],[23.751570520544227,37.965018294603937],[23.751574540297405,37.965013922828447],[23.75223161687709,37.964299412007797],[23.752905736093034,37.964258041968876],[23.75400008534578,37.964867005477387],[23.7545963263663,37.96519878214805],[23.755010083683224,37.965429012566844],[23.755379182747141,37.96563439117628],[23.755771266679357,37.965852556958104],[23.755126779524758,37.966536415700233]]]},"properties":{"FID":27,"geitonia":"ΠΑΓΚΡΑΤΙ ΙΙ","name_place":" ","name_pl_en":" ","geiton_en":"PAGKRATI II","dk":"2η ΔΚ","dk_en":"2nd","shapeaream":157887.400929,"shapelengm":1590.79783776}},{"type":"Feature","id":28,"geometry":{"type":"Polygon","coordinates":[[[23.761404852602549,37.986413544808983],[23.761478805037552,37.986530792528107],[23.761994678873755,37.987122179551072],[23.762458560659269,37.987506163611926],[23.763216683201478,37.988134085577997],[23.763780688316338,37.988594875140983],[23.76381718494596,37.988644519124641],[23.764259642724383,37.989168152209537],[23.764195119440771,37.989204605144472],[23.764124519788922,37.989244490571089],[23.762724481042696,37.99002128640111],[23.762382212082294,37.990214371764019],[23.761933697994252,37.990465824662024],[23.761386743034659,37.990892826750418],[23.761345953224527,37.990960340369092],[23.761294799434403,37.991041352214779],[23.761170212722149,37.991334637899214],[23.760947313947931,37.991851802909949],[23.760821446415449,37.992144464592371],[23.76026250547261,37.991764787065037],[23.759878476810311,37.991444047588374],[23.759583646981689,37.991164047018863],[23.75931420439769,37.990848046253191],[23.758996392051181,37.990414778708136],[23.758719982447296,37.989945543810109],[23.758621000493182,37.989742551580903],[23.758517718194113,37.989440409066859],[23.758250445749493,37.988574626240812],[23.758151124980607,37.988258972210595],[23.758013044155817,37.987826071246616],[23.757858031399493,37.987348070962966],[23.757818751745294,37.987280393685886],[23.757781554773953,37.987214515143144],[23.757729593029129,37.987122485122114],[23.758542051051418,37.986966713736514],[23.760241100778394,37.986640936938194],[23.760412018043144,37.986609740197167],[23.760434807977731,37.986605280186332],[23.760628011817246,37.98656746982055],[23.761141294592477,37.986467017653951],[23.76130889740514,37.98643296301195],[23.761328317087944,37.986429016931801],[23.761404808415588,37.986413475320354],[23.761404852602549,37.986413544808983]]]},"properties":{"FID":28,"geitonia":"ΑΜΠΕΛΟΚΗΠΟΙ Ι","name_place":" ","name_pl_en":" ","geiton_en":"AMPELOKIPOI I","dk":"7η ΔΚ","dk_en":"7th","shapeaream":195465.01324900001,"shapelengm":1829.9792020100001}},{"type":"Feature","id":29,"geometry":{"type":"Polygon","coordinates":[[[23.727797376598932,37.96952250075698],[23.726887212721174,37.96963755871721],[23.725735791558893,37.969761060308286],[23.725019217453934,37.969863035646554],[23.7244820724828,37.969933881904311],[23.722407475434306,37.970221880154519],[23.722445155489471,37.969987592847509],[23.722473692008098,37.969976491414698],[23.72248577909394,37.969971789069767],[23.723601728225251,37.969537645057116],[23.723701877369244,37.968593639950988],[23.723759899067673,37.9680434489687],[23.72378120486686,37.967836744459184],[23.723809511436684,37.967593463183107],[23.723824421325112,37.967404608062495],[23.723824451211325,37.967404227789132],[23.723882610112966,37.967399377476845],[23.723891183224772,37.967398662146756],[23.724139763506152,37.967377928925131],[23.724658753382482,37.967339338435984],[23.724659213452878,37.967339304362497],[23.724727308500675,37.967334240749167],[23.724765467308089,37.966928750424401],[23.725014454343654,37.966942851985905],[23.725312164327956,37.9669615732317],[23.726114592756637,37.967013014888494],[23.726150683430806,37.966590894105096],[23.726189759532691,37.966220056314853],[23.72661150948537,37.965887560492476],[23.726984043789429,37.965586494023611],[23.727426188059908,37.965227022835826],[23.727458969598299,37.965200803693314],[23.727502079973998,37.96516632202048],[23.728659862636601,37.966066684744561],[23.730290944283691,37.967335056199289],[23.731470350476972,37.968252151383687],[23.731602888571231,37.968385399211726],[23.731602912351352,37.968385434416206],[23.731618466714611,37.968410680727217],[23.731664137274755,37.968484808584591],[23.731699563844042,37.969692081518396],[23.731575083513029,37.969676823566886],[23.731563143601861,37.969675359670717],[23.731535560230871,37.969672426127133],[23.731499931855776,37.96966863691987],[23.731482699223111,37.969666804025856],[23.731216744110792,37.969638517247368],[23.730748005727605,37.969587874555195],[23.730630166198317,37.969577424752202],[23.730591511580265,37.96957399696737],[23.730002909610679,37.969514063877945],[23.729921113131073,37.96950486324684],[23.729679653352793,37.969472763603278],[23.729395839991451,37.969445072489371],[23.729183877839436,37.969422052552268],[23.729181046741282,37.969421953202442],[23.728773002318025,37.969407584885225],[23.727797376598932,37.96952250075698]]]},"properties":{"FID":29,"geitonia":"ΜΑΚΡΥΓΙΑΝΝΗ","name_place":" ","name_pl_en":" ","geiton_en":"MAKRYGIANNI","dk":"1η ΔΚ","dk_en":"1st","shapeaream":232727.02653100001,"shapelengm":2353.1665636299999}},{"type":"Feature","id":30,"geometry":{"type":"Polygon","coordinates":[[[23.706529845583901,37.964663000350079],[23.706580520918092,37.964712697588389],[23.707058645687159,37.965164533074635],[23.707657287370075,37.965819455902519],[23.707964305699594,37.966180733554623],[23.708087504880648,37.966334258236635],[23.708321683760634,37.966762950756916],[23.708364765304275,37.966844173456764],[23.7087112985955,37.967471426918621],[23.70866750433586,37.967487412770645],[23.708560320503835,37.967526538074132],[23.70850039574038,37.967548412573265],[23.708499825681276,37.967548620259514],[23.708417004947989,37.967578852404124],[23.708371705843927,37.967595325617559],[23.708356752075606,37.967600762969312],[23.707900032837475,37.967766840362167],[23.707551213810564,37.967896660469258],[23.707489923178152,37.967918879854288],[23.707487200570235,37.967919866303731],[23.706762971162469,37.968182411892002],[23.706761883480606,37.968182805747404],[23.706699325689772,37.968205483920691],[23.706022387147865,37.968447141920286],[23.705543542289234,37.968617188995353],[23.705041159921851,37.968800694412622],[23.704579350569912,37.968979793128959],[23.704074027830249,37.969185819195545],[23.703957808959963,37.969244110471756],[23.703711753534904,37.96947331928795],[23.70340501561336,37.96975194540137],[23.702884325936569,37.970237326583486],[23.702817619258145,37.970300827717438],[23.702808701178235,37.970309316944181],[23.702767616845836,37.970282145695421],[23.702469371959356,37.970084904886697],[23.702312162732781,37.969986977103353],[23.702110743371307,37.969887604167774],[23.701818651335255,37.969769925787595],[23.700768406328347,37.969440634472278],[23.699926076794682,37.969095946654555],[23.699800809541994,37.969008248175278],[23.699548860263651,37.968831860291424],[23.700819353484519,37.968041965261456],[23.701289822838142,37.967745735901879],[23.702058740749056,37.967283522651215],[23.702138112574112,37.967236778270141],[23.702166016850388,37.967220344538262],[23.702622555610574,37.966951472764421],[23.70357042639651,37.966381583274178],[23.703570485740649,37.96638154737218],[23.704247353528505,37.965977671400225],[23.704815471830997,37.965632102397706],[23.705343965794548,37.965310780582627],[23.705524097037795,37.965201260044296],[23.705897492650553,37.964972365636299],[23.706183849033824,37.964801836412185],[23.706239067674989,37.964756384450475],[23.706322622502501,37.964687608465674],[23.706340057818707,37.964673256614269],[23.706388168512973,37.964633656026848],[23.706445835748919,37.964586181277824],[23.706529845583901,37.964663000350079]]]},"properties":{"FID":30,"geitonia":"ΧΑΜΟΣΤΕΡΝΑ","name_place":" ","name_pl_en":" ","geiton_en":"CHAMOSTERNA","dk":"3η ΔΚ","dk_en":"3rd","shapeaream":219139.54683000001,"shapelengm":2098.0234515500001}},{"type":"Feature","id":31,"geometry":{"type":"Polygon","coordinates":[[[23.752257835059734,37.969733571789398],[23.751664717406758,37.970387669431126],[23.75129689114684,37.970151350703979],[23.750955327097174,37.969943331884636],[23.750696138795746,37.96978505750635],[23.750378725497406,37.969590607501949],[23.74962594130502,37.969679136620073],[23.748869304834894,37.969749626933492],[23.748139348917761,37.969820169500203],[23.747635020722189,37.969873165998344],[23.74732467014497,37.969904044917733],[23.747165909201563,37.968889754758976],[23.74699843002734,37.967825874611606],[23.746993628379617,37.967826402354518],[23.746556389884478,37.967874494016151],[23.745755605476351,37.967958388554941],[23.745459137940397,37.967989292574977],[23.745267669522899,37.968006903919559],[23.744803197273519,37.968059974599882],[23.744414536054009,37.968104195286763],[23.744391989350454,37.96793740798072],[23.744388864936205,37.967914868986369],[23.744840926783564,37.967438167528655],[23.745357919407795,37.966907527540307],[23.745793186221263,37.966448811740506],[23.746300468514939,37.96591363106333],[23.7463580884497,37.965853878195276],[23.746271691745452,37.965800848446243],[23.746191177722938,37.96566739221749],[23.746191475467565,37.965576259962027],[23.746192009435038,37.965413190959836],[23.746278240703607,37.965458236798554],[23.746658779585363,37.965657022202393],[23.746996994787342,37.96583369597991],[23.747609731805504,37.96618818741922],[23.748157299085026,37.966504969559288],[23.74835257964876,37.966617943039211],[23.748648495147883,37.966788423447078],[23.748975172506068,37.966973885072584],[23.749499261348994,37.967276933789805],[23.749628086685917,37.967351608480087],[23.749710860824905,37.967485016665691],[23.749843561751945,37.967517853444654],[23.750136320905,37.967660658335518],[23.750130634648279,37.967733427097109],[23.750466844560219,37.967837788856031],[23.751011193826379,37.968149886664868],[23.751311878872745,37.968324562331929],[23.751540621442309,37.968457443990651],[23.75198625561908,37.968715251451258],[23.752044141781628,37.968746918558182],[23.752303359635363,37.968896177173619],[23.752436518605631,37.968973066957297],[23.752761272490396,37.969156607754442],[23.752617866373498,37.969320959020607],[23.752257835059734,37.969733571789398]]]},"properties":{"FID":31,"geitonia":"ΠΑΓΚΡΑΤΙ Ι","name_place":" ","name_pl_en":" ","geiton_en":"PAGKRATI I","dk":"2η ΔΚ","dk_en":"2nd","shapeaream":162290.776808,"shapelengm":2123.89223012}},{"type":"Feature","id":32,"geometry":{"type":"Polygon","coordinates":[[[23.745125153807717,37.970124622226386],[23.744668788144619,37.970195735658443],[23.744495855742642,37.970407162853014],[23.74407854552609,37.970910976951352],[23.743878428912989,37.971162902015713],[23.743739446932576,37.971329337581267],[23.743662283003133,37.971419298239255],[23.7435343614878,37.971576744777039],[23.743318336587421,37.971809790952555],[23.743177402407778,37.971950883674545],[23.743055027686204,37.971980755513258],[23.742976204010994,37.971999996159163],[23.741964025602016,37.971334469663837],[23.741369872557055,37.970923079054344],[23.741009135941525,37.970686004754654],[23.74093545679267,37.970637583074435],[23.74067461780816,37.970465600577398],[23.740352854762641,37.970253446945478],[23.740163224311921,37.970128413508718],[23.740080515484191,37.970073879541587],[23.740135352597576,37.970017211439348],[23.740198831672569,37.969951614410043],[23.740426727420584,37.97007045475889],[23.740476547363379,37.97009643343624],[23.740526383403353,37.970036328323914],[23.740602535075599,37.969944484682649],[23.740692500668416,37.969835978686653],[23.74074881120686,37.969768063667452],[23.740841040750951,37.969656026790531],[23.740911743438041,37.969570139266949],[23.740969260335373,37.969606258855599],[23.740972226438412,37.969608121138201],[23.741016808863602,37.969636117756984],[23.741264615977634,37.969791731408037],[23.741287696078231,37.969767017478397],[23.741348856675813,37.969701525583751],[23.741351649686191,37.969698534942111],[23.741369611119044,37.969679301289368],[23.741432701559283,37.96964393824009],[23.741664765392073,37.969513864054584],[23.741713974945338,37.969486280932585],[23.741721033075144,37.96948223071842],[23.742128582619866,37.969248349151478],[23.7426797501283,37.968925092302634],[23.742703070436786,37.96890147368098],[23.74272218802529,37.968861688472657],[23.742806755860645,37.968489222301599],[23.742816576370732,37.968253931857426],[23.74281904970923,37.968236477510075],[23.742819475741619,37.968233471744092],[23.742908318034207,37.967606459458054],[23.74290984591028,37.96759567347511],[23.742921261137809,37.967515104321727],[23.743212418526923,37.967656965755822],[23.743212446941584,37.967656979337193],[23.743827654755098,37.967958712710001],[23.743881637236573,37.967985868890302],[23.744021062096866,37.968022462709428],[23.744190032335148,37.968066810401709],[23.744297163021816,37.968094927353313],[23.744414536054009,37.968104195286763],[23.744803197273519,37.968059974599882],[23.745267669522899,37.968006903919559],[23.745459137940397,37.967989292574977],[23.745755605476351,37.967958388554941],[23.746556389884478,37.967874494016151],[23.746993628379617,37.967826402354518],[23.74699843002734,37.967825874611606],[23.747165909201563,37.968889754758976],[23.74732467014497,37.969904044917733],[23.747351122808137,37.970075346443991],[23.747212906571107,37.970206622251176],[23.747169541428239,37.970262435051247],[23.747108549170459,37.970372159235858],[23.747015052339403,37.970354023485967],[23.747011280656114,37.970353291640954],[23.746540064219946,37.970261886295837],[23.746453695849826,37.970217621799094],[23.746101967766691,37.969969009045585],[23.746060946874636,37.969975353900935],[23.746053901409478,37.96997644367184],[23.745584734494408,37.970049007535017],[23.745125153807717,37.970124622226386]]]},"properties":{"FID":32,"geitonia":"ΠΛΑΣΤΗΡΑ","name_place":" ","name_pl_en":" ","geiton_en":"PLASTIRA","dk":"2η ΔΚ","dk_en":"2nd","shapeaream":153871.74416900001,"shapelengm":1956.753952}},{"type":"Feature","id":33,"geometry":{"type":"Polygon","coordinates":[[[23.750696138795746,37.96978505750635],[23.750955327097174,37.969943331884636],[23.75129689114684,37.970151350703979],[23.751664717406758,37.970387669431126],[23.751638954882296,37.970416080424101],[23.7512233325909,37.970874424682194],[23.750958314829877,37.971164007450867],[23.750464920314521,37.971702843240465],[23.750025604128606,37.972182611472327],[23.750110392851585,37.972733829855649],[23.750173531799387,37.973144297651942],[23.750237261872787,37.9735586043236],[23.750237550405529,37.97356048051541],[23.749443498527448,37.973635401415407],[23.748681452947672,37.973714891770001],[23.747914083569281,37.973789859339782],[23.747913837805534,37.973788145465804],[23.747857784730591,37.973397678656667],[23.747841107140772,37.973280472835953],[23.747837769393247,37.973257019589205],[23.74783693995532,37.97325119279035],[23.747829121517793,37.973196248868348],[23.747828596723146,37.973192563280186],[23.747822345987014,37.973148635549521],[23.747816085264038,37.973104633891246],[23.747812757544775,37.973081249162469],[23.747811916996532,37.973075343026146],[23.747799412222751,37.972987467725325],[23.747776441339472,37.972835513675292],[23.747716954814216,37.972442011951067],[23.747644646328126,37.97194614866315],[23.747622714246745,37.971801896486078],[23.747589871280645,37.971585915341933],[23.747572614783952,37.971472428721761],[23.747553525595769,37.971346885242916],[23.747553481042289,37.971346596735231],[23.747543085657384,37.971280263982464],[23.74750744841905,37.971052873706952],[23.747431965280896,37.970571228387435],[23.747399510799919,37.970386394687978],[23.747378063920042,37.970248669695842],[23.747371042357354,37.970203575800603],[23.747351122808137,37.970075346443991],[23.74732467014497,37.969904044917733],[23.747635020722189,37.969873165998344],[23.748139348917761,37.969820169500203],[23.748869304834894,37.969749626933492],[23.74962594130502,37.969679136620073],[23.750378725497406,37.969590607501949],[23.750696138795746,37.96978505750635]]]},"properties":{"FID":33,"geitonia":"ΠΙΝΑΚΟΘΗΚΗ","name_place":" ","name_pl_en":" ","geiton_en":"PINAKOTHIKI","dk":"2η ΔΚ","dk_en":"2nd","shapeaream":115873.410284,"shapelengm":1454.2002281499999}},{"type":"Feature","id":34,"geometry":{"type":"Polygon","coordinates":[[[23.713832662477035,37.973153092979572],[23.713577578801917,37.973238094449144],[23.713130864620894,37.973376705433139],[23.713130466717928,37.973376845063591],[23.712644887891525,37.973546763854017],[23.712164192575433,37.973730352482512],[23.71192324505769,37.973292638607326],[23.71174271916113,37.972963226702682],[23.711574184970537,37.972660882513495],[23.711330772083301,37.972218654876656],[23.710922408851019,37.971469583897765],[23.710525368240898,37.970738565023574],[23.710377278977383,37.970471101373441],[23.710317991119293,37.970364020373623],[23.710114418593349,37.969991247630425],[23.710110990165305,37.969984969828005],[23.709956274510994,37.969700682985049],[23.709847456659396,37.969506637872463],[23.709689202975845,37.969217835495222],[23.709545431433018,37.968956107271985],[23.709275180487165,37.968468744502218],[23.709685974899351,37.968321046498154],[23.71023142596507,37.968128614419705],[23.710884510210249,37.967897436631745],[23.711192287120973,37.967788487861654],[23.711253550414128,37.967770612487257],[23.711541064033312,37.96766766971853],[23.711916219637555,37.967533395818826],[23.71247195941767,37.967345484940232],[23.712494762665752,37.96733652779178],[23.712771217705086,37.967422825405578],[23.712829284269702,37.967495070176952],[23.712838462951883,37.967513118335965],[23.712995707280545,37.967544029563562],[23.712998116729207,37.967544503209837],[23.713232512547741,37.967590580810025],[23.713232901608659,37.967590657466538],[23.713233069975441,37.967590690323298],[23.713277914598851,37.967586293186606],[23.713356220310203,37.96757747112661],[23.714053304856726,37.967685827693778],[23.714289168618681,37.967732959461266],[23.714522952104069,37.967814642881478],[23.714705158220777,37.96780779436147],[23.7146862223331,37.967914180603692],[23.714749614449829,37.968275466774962],[23.714860159279056,37.968737654570717],[23.714874568479079,37.968797899108658],[23.714974885242107,37.969077541333583],[23.715236797431565,37.969424108663496],[23.71531370008384,37.969785872382083],[23.715186223731976,37.969997366372816],[23.715243138599028,37.970092139324031],[23.71564465649357,37.970764883222202],[23.716156244447699,37.971622027883114],[23.716340759252578,37.971925391931798],[23.716552572323494,37.972276416621156],[23.71663475270951,37.972514884250231],[23.716697058423865,37.973300395945742],[23.716726513574365,37.973398937877811],[23.716836231669951,37.973642549480111],[23.715774611574499,37.97361745716119],[23.7153765058464,37.973607481771978],[23.714291619291725,37.973343478765656],[23.714130154752738,37.973050168278505],[23.713832662477035,37.973153092979572]]]},"properties":{"FID":34,"geitonia":"ΤΡΙΩΝ ΙΕΡΑΡΧΩΝ","name_place":" ","name_pl_en":" ","geiton_en":"TRION IERARCHON","dk":"3η ΔΚ","dk_en":"3rd","shapeaream":288628.50879599998,"shapelengm":2295.2506908300002}},{"type":"Feature","id":35,"geometry":{"type":"Polygon","coordinates":[[[23.746274215333731,38.024896835596877],[23.746266134575652,38.024900252936547],[23.745978215206211,38.025021996219898],[23.745970827028032,38.025025120316919],[23.745921289138519,38.025046066275458],[23.745869309365649,38.025068387695811],[23.74557396976892,38.02519521428755],[23.745514073088131,38.025220935170189],[23.745391813351169,38.02505393381378],[23.745093812785338,38.024638699628966],[23.745035717726395,38.024552952123209],[23.744917391737669,38.024381452389107],[23.744756558589224,38.024146770701257],[23.744471010542018,38.023736068311159],[23.744169832350185,38.023316318402166],[23.743879986946773,38.022914617975744],[23.743591940016511,38.022508414334268],[23.743304268581763,38.022097704383725],[23.742965613527801,38.021604213274117],[23.743308281930126,38.021448851985646],[23.743782982070659,38.021233626017896],[23.744160742803906,38.02106234907734],[23.744606745098608,38.020860129489563],[23.745191470621464,38.020595007509343],[23.745807479542275,38.020318240798709],[23.747002069484171,38.019781913589284],[23.747085448368658,38.019900161564749],[23.74736819957938,38.020301156795149],[23.747673265789977,38.020730756269252],[23.747959947806997,38.021130226287056],[23.748235500173244,38.021529853813391],[23.748268102449515,38.021578890155105],[23.748501020178349,38.021929215868902],[23.749101734107754,38.022747706753982],[23.749157735283482,38.022824008711325],[23.749749528455457,38.023641665098722],[23.749185937318632,38.023894930745996],[23.748524831190768,38.024186434662354],[23.747891908704744,38.024459969676833],[23.747288937107324,38.024720046443896],[23.746887421726054,38.02489493236272],[23.746468799684717,38.025074286417663],[23.746445642293995,38.025042478101184],[23.746440341985775,38.025035197853107],[23.746324216281479,38.024875693107603],[23.746274215333731,38.024896835596877]]]},"properties":{"FID":35,"geitonia":"ΛΑΜΠΡΙΝΗ","name_place":" ","name_pl_en":" ","geiton_en":"LAMPRINI","dk":"5η ΔΚ","dk_en":"5th","shapeaream":197960.047234,"shapelengm":1794.70371069}},{"type":"Feature","id":36,"geometry":{"type":"Polygon","coordinates":[[[23.710419918418868,37.979053622887513],[23.710411989119994,37.979054709245538],[23.710362091499682,37.979061544326065],[23.710194352528021,37.979045731831221],[23.710081921426958,37.979035133264901],[23.709896320322795,37.97901763598113],[23.709871230302031,37.979015270416092],[23.709865439617225,37.979016877547373],[23.709830648769071,37.979026532831796],[23.708891553923209,37.978043967707762],[23.707426303030367,37.97679908317339],[23.706368355680365,37.975866646969521],[23.70559199383904,37.975293617282396],[23.705500739214873,37.975226261959342],[23.70548517384908,37.975214773049196],[23.705487174884393,37.975212076903581],[23.705487773593386,37.975211269948566],[23.705498759808187,37.97519647129127],[23.705500282012608,37.975195925317308],[23.705544787329643,37.975179975801339],[23.705690977902577,37.975127584833544],[23.70573577845461,37.975111529631796],[23.705773483376134,37.975098017220908],[23.705770046019687,37.975095436352213],[23.705737997355783,37.975071368451708],[23.705346014803318,37.974776990615311],[23.705321837146514,37.97475727570037],[23.705263439257802,37.974709657743375],[23.705212006236927,37.974667718190716],[23.70477502764966,37.974311396519568],[23.704100787067759,37.973687814805963],[23.705520356601465,37.972172210301324],[23.705520389763027,37.972172174332869],[23.705560646266651,37.97212919358369],[23.705561206092288,37.972129563611169],[23.705993271119127,37.972415276909246],[23.707080781354918,37.973134401015116],[23.707524657603695,37.973443522852477],[23.70756969159244,37.973473023062326],[23.707646822723131,37.973523547125701],[23.707682625928143,37.97354829349797],[23.708199727822688,37.973905708091827],[23.708965870623629,37.974451137694238],[23.709603099985934,37.974902880746633],[23.710613718477141,37.975574408746851],[23.711132297189799,37.975911165533233],[23.71148339626253,37.976155539417462],[23.712033377890886,37.976473390839324],[23.712566211840741,37.976732038251633],[23.713455696735917,37.977154393328242],[23.713463176218241,37.977157944588974],[23.714348415083808,37.97757827088747],[23.714511845730151,37.977653064296504],[23.71525271231291,37.977992114035985],[23.715848330251564,37.97843392808619],[23.715777410218742,37.978463343273788],[23.715752751203752,37.97846672660453],[23.715538268362316,37.978496157880727],[23.714817859081631,37.978491101375894],[23.714545654839711,37.978490441157639],[23.714175744181659,37.978543620110884],[23.713270767489831,37.978663091371942],[23.712671617511994,37.978738238757678],[23.711875526805205,37.978850598971839],[23.711830361363489,37.978857226352574],[23.711821532894433,37.978858521503945],[23.711503160900687,37.978905236199125],[23.711476993179087,37.978908821327153],[23.711134807490943,37.978955695626397],[23.710419918418868,37.979053622887513]]]},"properties":{"FID":36,"geitonia":"ΓΚΑΖΟΧΩΡΙ","name_place":" ","name_pl_en":" ","geiton_en":"GKAZOCHORI","dk":"3η ΔΚ","dk_en":"3rd","shapeaream":278272.81645500002,"shapelengm":2712.60360554}},{"type":"Feature","id":37,"geometry":{"type":"Polygon","coordinates":[[[23.726889102423705,37.976618031880832],[23.726732557880553,37.976639721016745],[23.726307673669623,37.976696200188698],[23.726210162857576,37.976708657086988],[23.726156824034316,37.976715471037359],[23.725660204515929,37.976784574618904],[23.725315597015193,37.976830677014647],[23.724933604516906,37.976883861625133],[23.724460845250995,37.976945845291851],[23.72436274285549,37.976958606610289],[23.72406973868847,37.976996720083577],[23.723684628320903,37.977048611691373],[23.723664485010755,37.97705132591696],[23.723142731532455,37.977121627925591],[23.722844983229258,37.977158358125784],[23.722415646050713,37.977215929428461],[23.722402035107081,37.977148159326994],[23.722400567604758,37.977140854542668],[23.722391197103672,37.977094198067455],[23.722358528686396,37.977062502038621],[23.722357730018981,37.977061725948552],[23.722041992715909,37.976755391048215],[23.721873040548417,37.976564824776403],[23.721865715133681,37.976556561586662],[23.721841808048641,37.976529596249826],[23.721839662549812,37.976530895338264],[23.721537956483719,37.976713641116774],[23.721537367974044,37.976712997106439],[23.721523682561028,37.976698024985815],[23.721463745315916,37.976632448784336],[23.721463174950312,37.976631824644898],[23.721430758215813,37.976596358871362],[23.721302666614484,37.976456217270446],[23.721070046044336,37.976433811537873],[23.720966897939306,37.976423876285367],[23.721000809809386,37.976356651345853],[23.721002124817961,37.976354869917351],[23.721011399213396,37.976343032784868],[23.721025626583209,37.976324874057177],[23.721033282204147,37.976306930472909],[23.721063504873769,37.976236091619015],[23.721064040216014,37.976234836494953],[23.72106609405002,37.976221956572523],[23.721089187531874,37.976077170974065],[23.721085308275203,37.976068148910912],[23.721075734893052,37.976059113346736],[23.721060113283706,37.976050063440468],[23.721030598537705,37.976045487019185],[23.721012485686124,37.976036431198757],[23.720991544542695,37.9760228622347],[23.720969924763562,37.97600027879151],[23.720958607036152,37.97598222621447],[23.720953321615212,37.97596869437848],[23.720948391438139,37.975955163384917],[23.720943444202202,37.975946138783556],[23.720939563831607,37.975937116712799],[23.720935701661684,37.975923588252144],[23.720453115629699,37.974822497796225],[23.720435485709398,37.97478227293238],[23.720443256588432,37.974776564623333],[23.720443418721068,37.974776445137479],[23.720529545711937,37.97471317305277],[23.720624389932681,37.974643496333165],[23.721597222448615,37.973928805525958],[23.72215955247276,37.973729323741409],[23.723400448605261,37.973289112148251],[23.723401774520156,37.973288642090083],[23.724718482036213,37.973335213180874],[23.725033806430051,37.973345357358419],[23.725053673159493,37.973345996839043],[23.725094461988689,37.973346687012111],[23.72522162229691,37.973351385080058],[23.725224667541539,37.973351497643549],[23.725224064843761,37.973052563645446],[23.725224039508934,37.973040116811347],[23.72522398869172,37.973014957263011],[23.725220506503749,37.972829062265134],[23.725220465749981,37.972826861226764],[23.72521909351541,37.972753625737127],[23.725219079359942,37.972752841584239],[23.725539300193351,37.972807728524892],[23.725844928240569,37.972796890273393],[23.725873618890432,37.972799302280876],[23.725876719352559,37.972799562767229],[23.726083035549397,37.972816904618071],[23.726342589046709,37.97287060891432],[23.726572574541894,37.972987852258306],[23.72665892335408,37.972984677603165],[23.726839703647894,37.972996442914102],[23.726893036980567,37.972963322764926],[23.726934020295769,37.972958176917103],[23.726998759317073,37.97295004884802],[23.727060520914822,37.972939788600222],[23.727092000959928,37.972934558459514],[23.727265869773056,37.972901493281505],[23.727267925179973,37.972901102381613],[23.727383712450806,37.972936411001889],[23.727416836791019,37.97294651187412],[23.727464769981637,37.972973661544216],[23.727481452613592,37.973012962963608],[23.727504708992328,37.973067752905294],[23.727504979892728,37.973068389841515],[23.727693262428957,37.973019457812185],[23.727702036061757,37.973017023915538],[23.727707088479303,37.973015622391785],[23.727931413143367,37.972953388382763],[23.728096931489464,37.972903021383225],[23.728304687130386,37.972825973562109],[23.728288294097425,37.972805606266746],[23.728279700909756,37.972794928697866],[23.728251587750908,37.972759999267481],[23.728436914204529,37.972640356837459],[23.728491442138463,37.97259082717845],[23.728587180872729,37.972490639291692],[23.728679626700252,37.972357029406041],[23.728738762984431,37.972240699633574],[23.728766513235254,37.972138472916441],[23.728764329102834,37.972122489859224],[23.728764450969287,37.972120621771609],[23.7287649723634,37.97211259250377],[23.728768327629869,37.972060922227335],[23.728772363533562,37.971998786869811],[23.728839411118905,37.971859241893078],[23.728921492712157,37.971598057720421],[23.728957882452949,37.971377326149721],[23.728951438680657,37.971097912192967],[23.728951538089785,37.971070873797707],[23.729027049715572,37.97097647926114],[23.728987851264147,37.970824415670101],[23.728985658979578,37.970815912379734],[23.728991550508074,37.970798972733661],[23.729112967031487,37.970449904304935],[23.729157163493358,37.970223924379631],[23.729158543108102,37.970216869572518],[23.729162365168435,37.970197329443302],[23.72930697531643,37.969684699810578],[23.729307482864691,37.969682901106893],[23.729308524504038,37.969679206421517],[23.729358230402934,37.969545921186963],[23.729359344584772,37.969542933277481],[23.729395839991451,37.969445072489371],[23.729679653352793,37.969472763603278],[23.729921113131073,37.96950486324684],[23.730002909610679,37.969514063877945],[23.730591511580265,37.96957399696737],[23.730630166198317,37.969577424752202],[23.730748005727605,37.969587874555195],[23.731216744110792,37.969638517247368],[23.731482699223111,37.969666804025856],[23.731499931855776,37.96966863691987],[23.731535560230871,37.969672426127133],[23.731563143601861,37.969675359670717],[23.731575083513029,37.969676823566886],[23.731699563844042,37.969692081518396],[23.731692482209279,37.969936440520698],[23.73170187081848,37.970053642852271],[23.731732356141208,37.970157088267172],[23.731806705791836,37.970265705224264],[23.732044628458684,37.970428701772967],[23.732354004893761,37.970516400115145],[23.73261474909086,37.970634491199171],[23.732855338379199,37.970826848001252],[23.732898271872489,37.970875658278473],[23.733876643718467,37.971987912064179],[23.733931586516857,37.972076234524593],[23.734124157217661,37.972318900803643],[23.73481604734377,37.973086134907341],[23.735082196143537,37.973409709039892],[23.735158950777098,37.973583897890329],[23.735310480958933,37.973993525152508],[23.735450725685595,37.974788714540701],[23.735366398303388,37.974800477741603],[23.735361886092726,37.974801107504888],[23.735373807130149,37.974858826604766],[23.735378933363716,37.974863499592438],[23.735411677934575,37.974893352668708],[23.735385526342,37.97489665114086],[23.734124224761825,37.975055715326043],[23.733975009276975,37.975085235823023],[23.733974958994178,37.975085917983542],[23.733974465525197,37.975092670210742],[23.733931263354183,37.975683312896045],[23.733725427447531,37.975712140790428],[23.733719204111196,37.975713012668685],[23.73340982339332,37.975756342526005],[23.73338749431656,37.975759469859327],[23.733382734822108,37.975760135938806],[23.73332963419405,37.975767572868534],[23.733277017437242,37.975774072631765],[23.733276429655149,37.975774145204582],[23.732593788182974,37.975858467357362],[23.732591042915374,37.975858806309802],[23.732541509614929,37.975864925199573],[23.732487611252033,37.975872200407373],[23.732485027631338,37.975872548737804],[23.732114678585933,37.975922537634624],[23.731741251451112,37.975971257444925],[23.731021423272125,37.976073261737866],[23.730494557744134,37.976144158818137],[23.729672946040697,37.976250428056588],[23.728886325406595,37.976355647392943],[23.728863519161948,37.976358697960166],[23.728799584203539,37.976367249801129],[23.728799992001946,37.976369677906249],[23.728819766570652,37.976487514447719],[23.728775740758735,37.976496216717997],[23.728486360844851,37.976533576253566],[23.728460840356941,37.976411992364149],[23.728459091398818,37.976403660438422],[23.728339423203675,37.976423107004415],[23.72831081064805,37.976426904741608],[23.728309884501257,37.976427027881471],[23.727629317870555,37.976517360104232],[23.727626026797985,37.97651779681852],[23.727571905787524,37.976524980028884],[23.726889102423705,37.976618031880832]]]},"properties":{"FID":37,"geitonia":"ΜΟΝΑΣΤΗΡΑΚΙ-ΠΛΑΚΑ","name_place":" ","name_pl_en":" ","geiton_en":"MONASTIRAKI-PLAKA","dk":"1η ΔΚ","dk_en":"1st","shapeaream":589952.79059300001,"shapelengm":3778.01572803}},{"type":"Feature","id":38,"geometry":{"type":"Polygon","coordinates":[[[23.720333380313505,37.974582766550562],[23.720434919476066,37.974781165707903],[23.720435485709398,37.97478227293238],[23.720453115629699,37.974822497796225],[23.720935701661684,37.975923588252144],[23.720939563831607,37.975937116712799],[23.720943444202202,37.975946138783556],[23.720948391438139,37.975955163384917],[23.720953321615212,37.97596869437848],[23.720958607036152,37.97598222621447],[23.720969924763562,37.97600027879151],[23.720991544542695,37.9760228622347],[23.721012485686124,37.976036431198757],[23.721030598537705,37.976045487019185],[23.721060113283706,37.976050063440468],[23.721075734893052,37.976059113346736],[23.721085308275203,37.976068148910912],[23.721089187531874,37.976077170974065],[23.72106609405002,37.976221956572523],[23.721064040216014,37.976234836494953],[23.721063504873769,37.976236091619015],[23.721033282204147,37.976306930472909],[23.721025626583209,37.976324874057177],[23.721011399213396,37.976343032784868],[23.721002124817961,37.976354869917351],[23.721000809809386,37.976356651345853],[23.720966897939306,37.976423876285367],[23.720964773848713,37.976424630130296],[23.720820039094061,37.976467894576778],[23.720786322988705,37.976477972956019],[23.72078591604275,37.97647809456511],[23.720651074325179,37.976518401729493],[23.720648025077097,37.976519312899441],[23.720397904312005,37.976594077939787],[23.719386946815568,37.976921186456707],[23.719339389819329,37.976950845197209],[23.719262879447914,37.97699856059581],[23.719197984194356,37.977023529064802],[23.719148812855604,37.977041437408687],[23.718890858032136,37.977130949908819],[23.718742717853225,37.97716214083588],[23.718594950002867,37.97718882603499],[23.718538002055706,37.977193196224384],[23.718333373331561,37.977201719306301],[23.718128405409363,37.977205734787745],[23.717987839810917,37.977209904322628],[23.717847630584149,37.977214074544271],[23.717759370658708,37.977218369250267],[23.717528463115958,37.977213308584219],[23.717366008937915,37.977212918382932],[23.717332050883357,37.977212836790194],[23.717297871337831,37.977211723583828],[23.71729663722089,37.977211683665267],[23.716883773158436,37.977198239477062],[23.716787416553359,37.977179981809435],[23.716529483311277,37.977170347683028],[23.716225771777005,37.977129057548488],[23.7160771271686,37.977106166721811],[23.715326467438526,37.976847411157415],[23.715319991622504,37.976845178321781],[23.715023880567308,37.976743105405227],[23.714466281230678,37.976475873820931],[23.714069834502187,37.976218044260676],[23.714064736551496,37.976214917023626],[23.713937075510962,37.976136605724001],[23.713709198053184,37.975901716894207],[23.71361456483401,37.975806851472875],[23.713167496273929,37.975301041813978],[23.712923519992241,37.97499851568999],[23.712580053280117,37.974479437219763],[23.712164192575433,37.973730352482512],[23.712644887891525,37.973546763854017],[23.713130466717928,37.973376845063591],[23.713130864620894,37.973376705433139],[23.713577578801917,37.973238094449144],[23.713832662477035,37.973153092979572],[23.714130154752738,37.973050168278505],[23.714291619291725,37.973343478765656],[23.7153765058464,37.973607481771978],[23.715774611574499,37.97361745716119],[23.716836231669951,37.973642549480111],[23.716968297316814,37.973904240475981],[23.717178039288669,37.974044444366982],[23.717526356251369,37.974234551480151],[23.717667342361928,37.974261211108022],[23.717695756124073,37.974203106643088],[23.717695909900328,37.97420279156173],[23.717745501901295,37.9741013797004],[23.717778310695053,37.974034288212472],[23.71777936759571,37.974032127659662],[23.717781942719949,37.974026862210849],[23.717785853603214,37.974018865462213],[23.717834222950941,37.973990217821388],[23.717967726311844,37.973911147209634],[23.718023603781173,37.973906774724107],[23.718047956284742,37.973914040684122],[23.718312898825353,37.973993090043088],[23.718402067898918,37.974029354996972],[23.71847736996709,37.97395361893463],[23.71847758040958,37.973953371584358],[23.71847851369149,37.973952270642677],[23.718844136456465,37.973521185276688],[23.718858523112978,37.973480661748169],[23.718849833808573,37.973426563766331],[23.718805398504507,37.97332280956384],[23.718728298689975,37.973200951509234],[23.718732791787865,37.973142378599178],[23.718744253928666,37.973125905241631],[23.718748117761557,37.973120352637359],[23.718770357405518,37.973088391190487],[23.718901381234382,37.97297153703218],[23.719320104066547,37.972612021997527],[23.719540482595626,37.972481860966198],[23.719786357597258,37.97238330530034],[23.720257568359404,37.972253740115491],[23.720719133390464,37.972171813809382],[23.720721147697326,37.972171456273891],[23.720747023791031,37.972166863453516],[23.720793360811168,37.972158639235069],[23.720567209845235,37.972749800871362],[23.720490821848049,37.972949478002306],[23.720207970922669,37.973688836129213],[23.720164040456424,37.973803665546427],[23.720070640750219,37.974069388756085],[23.720134327116373,37.974193828640793],[23.720144372286093,37.9742134573291],[23.720333380313505,37.974582766550562]]]},"properties":{"FID":38,"geitonia":"ΘΗΣΕΙΟ","name_place":" ","name_pl_en":" ","geiton_en":"THISEIO","dk":"3η ΔΚ","dk_en":"3rd","shapeaream":257605.947785,"shapelengm":2460.2101390799999}},{"type":"Feature","id":39,"geometry":{"type":"Polygon","coordinates":[[[23.721466215063433,37.978247420088771],[23.721131771286519,37.978740573117186],[23.721811726474627,37.979314499757997],[23.721722801577023,37.979399911606315],[23.721566861597044,37.979611344829252],[23.721542799149631,37.979669871463756],[23.72152590547384,37.97971489577337],[23.721232608330986,37.98011527334539],[23.720741455857805,37.980799085658596],[23.720709080090483,37.980844063171631],[23.71935088432457,37.980240698625153],[23.719347197852521,37.98023905940375],[23.718238578735342,37.979746085339123],[23.718226622586595,37.979740768856026],[23.717819043792037,37.979559523853567],[23.716861992791632,37.979133927111214],[23.716726608083956,37.979073721531499],[23.716003610844517,37.978549109793143],[23.715848330251564,37.97843392808619],[23.71525271231291,37.977992114035985],[23.714511845730151,37.977653064296504],[23.714348415083808,37.97757827088747],[23.713463176218241,37.977157944588974],[23.713455696735917,37.977154393328242],[23.712566211840741,37.976732038251633],[23.712033377890886,37.976473390839324],[23.71148339626253,37.976155539417462],[23.711132297189799,37.975911165533233],[23.710613718477141,37.975574408746851],[23.709603099985934,37.974902880746633],[23.708965870623629,37.974451137694238],[23.708199727822688,37.973905708091827],[23.707682625928143,37.97354829349797],[23.707646822723131,37.973523547125701],[23.70756969159244,37.973473023062326],[23.707524657603695,37.973443522852477],[23.707080781354918,37.973134401015116],[23.705993271119127,37.972415276909246],[23.706033792276067,37.972373845973195],[23.706604432143671,37.971846447650435],[23.70666276619102,37.971760970860124],[23.707678145216409,37.971416502808978],[23.708346870827647,37.971188334384784],[23.709251495234657,37.970866110244557],[23.709666216155501,37.970718422095551],[23.710020555608263,37.970596920171978],[23.710083763980425,37.970575245880696],[23.710125478448656,37.970560444988074],[23.710136210332404,37.970556637355358],[23.710205859815265,37.970531924406096],[23.710319888085554,37.970491464354488],[23.710377278977383,37.970471101373441],[23.710525368240898,37.970738565023574],[23.710922408851019,37.971469583897765],[23.711330772083301,37.972218654876656],[23.711574184970537,37.972660882513495],[23.71174271916113,37.972963226702682],[23.71192324505769,37.973292638607326],[23.712164192575433,37.973730352482512],[23.712580053280117,37.974479437219763],[23.712923519992241,37.97499851568999],[23.713167496273929,37.975301041813978],[23.71361456483401,37.975806851472875],[23.713709198053184,37.975901716894207],[23.713937075510962,37.976136605724001],[23.714064736551496,37.976214917023626],[23.714069834502187,37.976218044260676],[23.714466281230678,37.976475873820931],[23.715023880567308,37.976743105405227],[23.715319991622504,37.976845178321781],[23.715326467438526,37.976847411157415],[23.7160771271686,37.977106166721811],[23.716225771777005,37.977129057548488],[23.716529483311277,37.977170347683028],[23.716787416553359,37.977179981809435],[23.716883773158436,37.977198239477062],[23.71729663722089,37.977211683665267],[23.717297871337831,37.977211723583828],[23.717332050883357,37.977212836790194],[23.717366008937915,37.977212918382932],[23.717528463115958,37.977213308584219],[23.717759370658708,37.977218369250267],[23.717847630584149,37.977214074544271],[23.717987839810917,37.977209904322628],[23.718128405409363,37.977205734787745],[23.718333373331561,37.977201719306301],[23.718538002055706,37.977193196224384],[23.718594950002867,37.97718882603499],[23.718742717853225,37.97716214083588],[23.718890858032136,37.977130949908819],[23.719148812855604,37.977041437408687],[23.719197984194356,37.977023529064802],[23.719262879447914,37.97699856059581],[23.719339389819329,37.976950845197209],[23.719386946815568,37.976921186456707],[23.720397904312005,37.976594077939787],[23.720648025077097,37.976519312899441],[23.720651074325179,37.976518401729493],[23.72078591604275,37.97647809456511],[23.720786322988705,37.976477972956019],[23.720820039094061,37.976467894576778],[23.720964773848713,37.976424630130296],[23.720966897939306,37.976423876285367],[23.721070046044336,37.976433811537873],[23.721302666614484,37.976456217270446],[23.721430758215813,37.976596358871362],[23.721463174950312,37.976631824644898],[23.721463745315916,37.976632448784336],[23.721523682561028,37.976698024985815],[23.721537367974044,37.976712997106439],[23.721537956483719,37.976713641116774],[23.721839662549812,37.976530895338264],[23.721841808048641,37.976529596249826],[23.721865715133681,37.976556561586662],[23.721873040548417,37.976564824776403],[23.722041992715909,37.976755391048215],[23.722357730018981,37.977061725948552],[23.722358528686396,37.977062502038621],[23.722391197103672,37.977094198067455],[23.722400567604758,37.977140854542668],[23.722402035107081,37.977148159326994],[23.722415646050713,37.977215929428461],[23.722412957560245,37.97721628359902],[23.722179620809339,37.977246917271799],[23.722179675606146,37.977247181478148],[23.72218052555159,37.977251269917986],[23.722180707840558,37.97725214730017],[23.722197331908816,37.977332170319585],[23.722623901302001,37.977637841443006],[23.72205075496565,37.978111847740607],[23.722447392656974,37.97832909294933],[23.721985493753721,37.978636506183292],[23.721975093425097,37.978643427815683],[23.721974422465607,37.978642902582628],[23.721467408176107,37.978245660899191],[23.721466215063433,37.978247420088771]]]},"properties":{"FID":39,"geitonia":"ΚΑΜΠΑ","name_place":" ","name_pl_en":" ","geiton_en":"KAMPA","dk":"3η ΔΚ","dk_en":"3rd","shapeaream":407253.08637799998,"shapelengm":4275.06517317}},{"type":"Feature","id":40,"geometry":{"type":"Polygon","coordinates":[[[23.757996479791547,37.97514817707691],[23.757996623522121,37.975148442351077],[23.758288801495695,37.975681833638511],[23.757640942262338,37.975913487057078],[23.757558569784969,37.975946027740818],[23.757558181015753,37.975946181059719],[23.757558898366327,37.975946864812549],[23.757893694798046,37.976265987201678],[23.758219668974125,37.976576696805232],[23.758947044200681,37.977270001283749],[23.758949141849865,37.977271999229011],[23.758948032077569,37.977272576482527],[23.758183978650511,37.977670050475922],[23.757691583158259,37.977846424956041],[23.757656220175768,37.977917871029717],[23.757676549955459,37.977968613903911],[23.757199814223959,37.978614769271644],[23.75681227006293,37.979137455916799],[23.756701950385263,37.979287106371231],[23.756357536197275,37.979751637701433],[23.756097417770629,37.980075561830908],[23.756095269165328,37.980077950291786],[23.756048844463137,37.980129538302144],[23.755976876795252,37.980156427628643],[23.755976584933176,37.980156536980139],[23.755881394266918,37.980192280979587],[23.754938462605086,37.980717375598431],[23.754938108960232,37.980717572243428],[23.754302289367175,37.980058306804992],[23.753909261413579,37.979687957755331],[23.753400833859754,37.979245262585664],[23.752095191343109,37.978111403478124],[23.751811724315317,37.977862951886188],[23.751705794161531,37.977782667938719],[23.751337164245246,37.977503284402211],[23.751245278356052,37.977433644178504],[23.750928603326908,37.97722117168756],[23.750607415756058,37.977004579805147],[23.750568879328391,37.976978592410106],[23.749515322616606,37.976268115261853],[23.749484976926549,37.976249516576438],[23.749388443943971,37.976190351470493],[23.747722230750082,37.975052346246862],[23.747074726389677,37.974619719692441],[23.746455570305503,37.974184688337075],[23.746453604175986,37.974183306932524],[23.746453576918491,37.974183287045456],[23.746501941992427,37.974053024571418],[23.746550152910132,37.973923173630574],[23.746550542500628,37.973922122667602],[23.746901412928494,37.973890225337676],[23.747914083569281,37.973789859339782],[23.748681452947672,37.973714891770001],[23.749443498527448,37.973635401415407],[23.750237550405529,37.97356048051541],[23.750920936041243,37.973500479647313],[23.751398527238951,37.973458544429754],[23.751487145333563,37.973450465959196],[23.752419242478613,37.972350956901245],[23.75348400569149,37.972976645134054],[23.753485880482469,37.972974727517439],[23.753486287199724,37.972974311974831],[23.754159404056782,37.972286123715911],[23.756064594844943,37.972069702250259],[23.756573104070416,37.972014533233121],[23.757306157903667,37.971912229353805],[23.757845530965415,37.971830048319035],[23.758356021070473,37.972103313972816],[23.758781029483604,37.972480842485403],[23.758966137215737,37.972679496190771],[23.759144058648221,37.972900668882133],[23.759363210808118,37.973135441353172],[23.759424566823849,37.973107191601926],[23.764313247844282,37.970855861377807],[23.765346422789175,37.970380021359908],[23.765351109716448,37.97037834710207],[23.767189846756565,37.969721631709547],[23.767237761507047,37.969704518221597],[23.769213062523413,37.968998981366511],[23.773868204741262,37.96733607498259],[23.773981309397154,37.967276064605812],[23.774135749539415,37.96719412130745],[23.774514115319878,37.966993365783097],[23.774547026062969,37.966975904195337],[23.776272029712473,37.966060613453948],[23.776271925733589,37.966060738535397],[23.775373092218192,37.967144402123822],[23.775318600715352,37.967216788731399],[23.77475603261944,37.96788832769451],[23.77440474674437,37.968311829003603],[23.77439407731211,37.968324691563801],[23.774386939977465,37.968333295998704],[23.774222970504347,37.968530971116444],[23.77134273350114,37.969132949791742],[23.770472508080857,37.969307063216014],[23.770107608801503,37.969378453798903],[23.769953936609646,37.9694259243945],[23.769368289978637,37.96960683529813],[23.7690751256679,37.969606260209758],[23.767311695835865,37.970155247344614],[23.767305851776545,37.970157066301937],[23.767406570089932,37.971692416969852],[23.767406671099724,37.971693961977245],[23.767349105639006,37.971721998078287],[23.7667674859754,37.972005264073566],[23.765659896857276,37.972544679352808],[23.763757288139715,37.973471240021048],[23.763543142747562,37.973201818661664],[23.763249254151955,37.972832066421262],[23.761741754924071,37.973564636854427],[23.761734921717981,37.973607460315783],[23.761590945853893,37.974509799120959],[23.761420701863198,37.974579614705426],[23.761324303025177,37.97454459521731],[23.761190479777131,37.974495980371479],[23.761189622294495,37.974495668587878],[23.760964649115369,37.97441393987436],[23.760793650220226,37.974738026044832],[23.760743370562569,37.974833317862569],[23.760512683738668,37.974906739610375],[23.760480047758005,37.974919523722285],[23.760479817485923,37.97491960887573],[23.76042203182044,37.97493954395037],[23.759514167561637,37.975252738342327],[23.759456006356629,37.975272801958248],[23.75942144519799,37.975284724714399],[23.759421277634203,37.975284782955391],[23.759420104221125,37.97528219386097],[23.759204655246997,37.97480617254049],[23.757996479791547,37.97514817707691]]]},"properties":{"FID":40,"geitonia":"ΙΛΙΣΙΑ-ΠΑΡΚΟ","name_place":" ","name_pl_en":" ","geiton_en":"ILISIA-PARKO","dk":"1η ΔΚ","dk_en":"1st","shapeaream":819604.62875999999,"shapelengm":7210.9038547399996}},{"type":"Feature","id":41,"geometry":{"type":"Polygon","coordinates":[[[23.706368355680365,37.975866646969521],[23.707426303030367,37.97679908317339],[23.708891553923209,37.978043967707762],[23.709830648769071,37.979026532831796],[23.709694189125312,37.979064404359896],[23.709055498959568,37.979238577168282],[23.708459524064313,37.979408345941643],[23.70785004168928,37.979573571711605],[23.707729016279469,37.979609293665938],[23.707810952333755,37.979740212489482],[23.707860605641624,37.979871022243621],[23.707935753901108,37.980033440276188],[23.707236361357893,37.98034715170423],[23.706565784823415,37.980660930832343],[23.705961532882476,37.980938820496931],[23.705756348775111,37.980370497528789],[23.705508580172967,37.97969342206752],[23.704476824770193,37.97986291255215],[23.704008924664404,37.979998855941581],[23.703409942274632,37.980268976701083],[23.703385260535928,37.98021377652033],[23.702970806673438,37.979286850808101],[23.70295574365144,37.979253163270343],[23.702746776137069,37.978673020339158],[23.702619958164913,37.978420435318256],[23.70259499024872,37.97837070593917],[23.7024846760049,37.97812422813854],[23.702469800636198,37.978090990748868],[23.702447003803343,37.978034336839862],[23.702362704743706,37.977824840483919],[23.702194490597719,37.977450381083372],[23.70201028903195,37.977036634423172],[23.701989619463607,37.976990206388891],[23.702424562161184,37.976869633812491],[23.702830034820092,37.97682108806849],[23.702828986840057,37.976786745519561],[23.702827835385385,37.976748979624425],[23.70271445867002,37.975658136874166],[23.702703331806205,37.975539965445378],[23.702697057044325,37.975473329208619],[23.70292541335219,37.975491931830618],[23.70365600334037,37.9753766073188],[23.704241114283498,37.975337521939366],[23.704409448053557,37.97532893216998],[23.70476675004571,37.975311803695789],[23.705080644496224,37.975294565321235],[23.705296728352611,37.975268068254039],[23.70546870881773,37.975236953944098],[23.70548517384908,37.975214773049196],[23.705500739214873,37.975226261959342],[23.70559199383904,37.975293617282396],[23.706368355680365,37.975866646969521]]]},"properties":{"FID":41,"geitonia":"ΦΛΕΜΙΝΚ","name_place":" ","name_pl_en":" ","geiton_en":"FLEMINK","dk":"3η ΔΚ","dk_en":"3rd","shapeaream":249319.17897000001,"shapelengm":2218.4690824300001}},{"type":"Feature","id":42,"geometry":{"type":"Polygon","coordinates":[[[23.726725246801841,37.978970008863932],[23.726760666742027,37.979109790504708],[23.726965886522816,37.979903398812461],[23.726984524657325,37.979974902340288],[23.727059915096159,37.980264131442631],[23.727168926757436,37.980710520895578],[23.727254286652332,37.981070834849277],[23.727256517786877,37.981080251249864],[23.727247177619514,37.981081662637912],[23.726580756229886,37.9811823303613],[23.726029229666128,37.981271175712465],[23.725353109431865,37.981373246927397],[23.724565505357411,37.981500172101057],[23.724553765203222,37.981502064349741],[23.723058347675106,37.981737393911359],[23.723000109314317,37.981800346786407],[23.722962567925478,37.981845097341989],[23.722516723414138,37.981647052458705],[23.721807206339278,37.981331877003889],[23.720709208545177,37.980844120257615],[23.720709080090483,37.980844063171631],[23.720741455857805,37.980799085658596],[23.721232608330986,37.98011527334539],[23.72152590547384,37.97971489577337],[23.721542799149631,37.979669871463756],[23.721566861597044,37.979611344829252],[23.721722801577023,37.979399911606315],[23.721811726474627,37.979314499757997],[23.721131771286519,37.978740573117186],[23.721466215063433,37.978247420088771],[23.721467408176107,37.978245660899191],[23.721974422465607,37.978642902582628],[23.721975093425097,37.978643427815683],[23.721985493753721,37.978636506183292],[23.722447392656974,37.97832909294933],[23.72205075496565,37.978111847740607],[23.722623901302001,37.977637841443006],[23.722197331908816,37.977332170319585],[23.722180707840558,37.97725214730017],[23.72218052555159,37.977251269917986],[23.722179675606146,37.977247181478148],[23.722179620809339,37.977246917271799],[23.722412957560245,37.97721628359902],[23.722415646050713,37.977215929428461],[23.722844983229258,37.977158358125784],[23.723142731532455,37.977121627925591],[23.723664485010755,37.97705132591696],[23.723684628320903,37.977048611691373],[23.72406973868847,37.976996720083577],[23.72436274285549,37.976958606610289],[23.724460845250995,37.976945845291851],[23.724933604516906,37.976883861625133],[23.725315597015193,37.976830677014647],[23.725660204515929,37.976784574618904],[23.726156824034316,37.976715471037359],[23.726157994384849,37.97672010817724],[23.72630585279191,37.97730616052965],[23.72635599917642,37.97750456021037],[23.726518708052119,37.978149358360987],[23.72654780714311,37.978266593231133],[23.7265776168332,37.978383829743542],[23.726725246801841,37.978970008863932]]]},"properties":{"FID":42,"geitonia":"ΨΥΡΡΗ-ΚΟΥΜΟΥΝΔΟΥΡΟΥ","name_place":" ","name_pl_en":" ","geiton_en":"PSYRRI-KOUMOUNDOUROU","dk":"1η ΔΚ","dk_en":"1st","shapeaream":224187.69314300001,"shapelengm":2103.9743109599999}},{"type":"Feature","id":43,"geometry":{"type":"Polygon","coordinates":[[[23.727393235081106,37.996352837961489],[23.727469578086808,37.996785630972468],[23.727565881582976,37.997403233238913],[23.727559771708631,37.997804290184845],[23.727553817065505,37.998259424458645],[23.727549057616741,37.998583875400442],[23.72754278581035,37.998836220166851],[23.727536924577311,37.999169681354971],[23.727536079358003,37.999205730721854],[23.727533632300986,37.999385981674237],[23.727528917437823,37.999602278689729],[23.727520989334373,37.999927903796909],[23.7275192633651,37.999998820856497],[23.727356861438924,38.000025482989678],[23.726125594350062,38.000148801921412],[23.725539856715201,38.000210526318547],[23.724996507868976,38.000263334088615],[23.724275821257411,38.000338255813944],[23.72348891340939,38.000417523865025],[23.72336816165787,37.999114886039905],[23.72325173673357,37.997893373480828],[23.723188535543333,37.997284858532062],[23.72315402739391,37.996901731881579],[23.72313790677179,37.996706054148738],[23.723137688921536,37.99670341107295],[23.723896545299585,37.99663119955413],[23.724674749181787,37.996549294565924],[23.725504306907421,37.996474624425922],[23.726309321362518,37.996395384905007],[23.726368858229797,37.996368484924112],[23.726410273392283,37.996285243183372],[23.727275135846579,37.996234080539388],[23.727393235081106,37.996352837961489]]]},"properties":{"FID":43,"geitonia":"ΑΓΙΟΣ ΠΑΝΤΕΛΕΗΜΩΝ","name_place":" ","name_pl_en":" ","geiton_en":"AGIOS PANTELEIMON","dk":"6η ΔΚ","dk_en":"6th","shapeaream":154268.388595,"shapelengm":1565.7870008299999}},{"type":"Feature","id":44,"geometry":{"type":"Polygon","coordinates":[[[23.741737275749522,37.979693409228851],[23.741657113815059,37.979734977187661],[23.741584496645576,37.979772632057269],[23.741486313111775,37.979823544501585],[23.741195479083903,37.980160887373067],[23.740899208236883,37.980532022971332],[23.740538288947327,37.981021247740216],[23.740529131187291,37.981033667092134],[23.740420433141477,37.981182139491573],[23.740371483647241,37.981339756534489],[23.740380591412467,37.981380334510476],[23.740414133935133,37.981556159321485],[23.740003312365992,37.982010401463249],[23.739536146835,37.982261733455772],[23.739253689160783,37.982418744399823],[23.739102469891002,37.982332921233002],[23.738502224946377,37.981992252443604],[23.737987391807366,37.98170005454994],[23.737306185924606,37.981313422957868],[23.736965295890602,37.981119941000749],[23.73678970430495,37.981020278783163],[23.736641677191137,37.98093626035287],[23.736448991988237,37.980826894863171],[23.736349853556639,37.980770624426746],[23.735417966970221,37.980241686189039],[23.735240856864504,37.980141156605463],[23.73485567604023,37.979922522975031],[23.733800381652806,37.97932350976135],[23.734347325401163,37.978679554044902],[23.734854150801539,37.978082819218926],[23.734861687586609,37.977965668959371],[23.735512744317941,37.977201040964331],[23.735787546776383,37.976872688854066],[23.735615767332991,37.976056638386609],[23.735636972124695,37.976067929594493],[23.73571927982405,37.976111757544963],[23.73586223266204,37.976187878635294],[23.736119113372709,37.976192961576558],[23.736165910752529,37.976189322596198],[23.736264713813615,37.976181638960576],[23.73634440680442,37.976175440995455],[23.736793651701021,37.976117863364614],[23.737212241066434,37.976066377638233],[23.737621285285154,37.976016064238337],[23.737721531363373,37.976002080798999],[23.737885413840591,37.975979219904929],[23.737921568879106,37.975974176642275],[23.738051265845581,37.975956083769006],[23.738416212800107,37.975905173693235],[23.739086169108123,37.975816532832042],[23.739103861040849,37.975814197179282],[23.740563483167652,37.975621517014687],[23.741176117930763,37.975541750679781],[23.742030811082888,37.975430967164037],[23.742584702196687,37.975360077523369],[23.742752522137028,37.975346111457405],[23.74300681736295,37.975324948951418],[23.74312213083487,37.97531618793807],[23.743433909072461,37.975393477731828],[23.744368920333685,37.975616328581147],[23.745783355495313,37.975949586504591],[23.745797417245349,37.97595290027995],[23.74554097060744,37.976646336812095],[23.745331093745314,37.977204275823581],[23.745325860370787,37.977218188473984],[23.74513480435499,37.977727001727771],[23.744944070886046,37.978244828189233],[23.74493027339604,37.97828315703287],[23.74480127215261,37.978630380923256],[23.744764420170135,37.978729574082905],[23.744716568653292,37.978858372253676],[23.744702163624694,37.978897145884616],[23.744681494522034,37.978952778002068],[23.74468112672135,37.978953768618965],[23.744651552254894,37.979033369142776],[23.744630022184523,37.979091321094927],[23.744628347549519,37.979095827497275],[23.74461891118241,37.979121225995279],[23.744557038214854,37.979295876343578],[23.744554529118581,37.979302957710708],[23.744541753631854,37.979339018379939],[23.744531985975982,37.979365367007645],[23.744529383714845,37.979372387785624],[23.744473947687435,37.979521931405344],[23.744471722424535,37.9795279345471],[23.744456624886539,37.979568661529164],[23.744443641084416,37.979603692464323],[23.744441414662266,37.9796097001093],[23.744338521958916,37.979887303476566],[23.744336107012941,37.979893819936329],[23.74431977251351,37.979937891587319],[23.744306247063253,37.979973109696481],[23.744303460615289,37.979980366205368],[23.744207659454627,37.980229815149123],[23.744204872990238,37.980237070754001],[23.744188349536003,37.980280094678335],[23.743763743477686,37.98018195779872],[23.742772098578886,37.979952757729166],[23.742764186662065,37.979950928842456],[23.742712111827924,37.979938892740321],[23.742476755207459,37.979879794121146],[23.74232030033242,37.979617870259709],[23.742319443378157,37.979616436238437],[23.742296910190955,37.979578713105106],[23.742119370567675,37.979574295281992],[23.741737275749522,37.979693409228851]]]},"properties":{"FID":44,"geitonia":"ΚΟΛΩΝΑΚΙ","name_place":" ","name_pl_en":" ","geiton_en":"KOLONAKI","dk":"1η ΔΚ","dk_en":"1st","shapeaream":497191.70938399999,"shapelengm":3057.9768088800001}},{"type":"Feature","id":45,"geometry":{"type":"Polygon","coordinates":[[[23.730691634067774,38.016066969640207],[23.729690720857452,38.016308018944699],[23.729627343895615,38.016213238793085],[23.72933956066025,38.015473526701719],[23.729205077311384,38.014869359037888],[23.729190878672171,38.014761172652207],[23.729203504993855,38.014716137689859],[23.72921431758148,38.014680111357151],[23.729086568033555,38.013891196405915],[23.729060406877437,38.013841565686697],[23.729039908488684,38.013800960817953],[23.728930582296403,38.013133760967428],[23.728803398038476,38.012402578373361],[23.728811723432912,38.012259624643875],[23.728813037991465,38.012237062299498],[23.730260590491486,38.012352704583989],[23.731046264878469,38.01244913856894],[23.731409465979496,38.012522071142293],[23.731693822841777,38.012584208349345],[23.731763751101596,38.01259948866354],[23.731881517308192,38.012623357264779],[23.73207857083203,38.012663295995949],[23.732126248134499,38.012674402939801],[23.73233253390865,38.012722457581631],[23.732706417342147,38.012795410463077],[23.733591567193798,38.012851495851969],[23.734610555632315,38.01291238309588],[23.735265107619441,38.012945403245013],[23.735275822779627,38.013441131973529],[23.735286105093611,38.013843750147622],[23.735301021529338,38.014127637662519],[23.735315145932347,38.014396428726421],[23.735330595677276,38.014690468537914],[23.735358439085555,38.01519931234315],[23.735365810768947,38.015334024444421],[23.735369813467315,38.015436829029845],[23.735381780008996,38.015744143118532],[23.734503759571435,38.015872849817704],[23.733540212164918,38.016023888208274],[23.73256865817358,38.01602618918588],[23.731735928628659,38.016033305309243],[23.731702464138856,38.016033228964965],[23.731398047368849,38.016041546851611],[23.731065181904899,38.016040786087935],[23.730826301830618,38.016040239547038],[23.730691634067774,38.016066969640207]]]},"properties":{"FID":45,"geitonia":"ΑΓΙΑ ΠΑΡΑΣΚΕΥΗ","name_place":" ","name_pl_en":" ","geiton_en":"AGIA PARASKEVI","dk":"5η ΔΚ","dk_en":"5th","shapeaream":204051.422032,"shapelengm":1852.92073321}},{"type":"Feature","id":46,"geometry":{"type":"Polygon","coordinates":[[[23.751854188605041,37.98321668280979],[23.75165448901857,37.983291399778118],[23.751483054252986,37.983351632072342],[23.751290561056027,37.982467425039935],[23.750847853275989,37.982255563797544],[23.749966437985936,37.981833749222304],[23.749029996200559,37.981385586814717],[23.748839280222782,37.981277025415658],[23.748552500233277,37.981060104048943],[23.748642956084449,37.980830469361749],[23.748726232081584,37.980618844985813],[23.747905937834908,37.980436832640819],[23.747744915433426,37.980386916701214],[23.747372372770538,37.980277962859063],[23.747264679082839,37.980552623869322],[23.747162907292591,37.980631007250771],[23.746987747261336,37.980579067144554],[23.74697768214309,37.980590111489064],[23.746722551050208,37.980870069776543],[23.746409820958895,37.981213229510914],[23.746259391306506,37.981600458184033],[23.74614938800487,37.98187840191369],[23.74614936273327,37.981878465850471],[23.74610970165719,37.981978675373142],[23.74594089523298,37.981915220881682],[23.745751327218048,37.981828333802142],[23.745670880233554,37.981791462230198],[23.745355996329607,37.981647137627959],[23.745180239514806,37.981566580414444],[23.74513022468091,37.981417759843133],[23.745140978890699,37.981395250989053],[23.744524216742981,37.981034417088537],[23.744499275469874,37.981019825171465],[23.74461398639081,37.980776726984431],[23.744051185027061,37.98063580440251],[23.744188349536003,37.980280094678335],[23.744204872990238,37.980237070754001],[23.744207659454627,37.980229815149123],[23.744303460615289,37.979980366205368],[23.744306247063253,37.979973109696481],[23.74431977251351,37.979937891587319],[23.744336107012941,37.979893819936329],[23.744338521958916,37.979887303476566],[23.744441414662266,37.9796097001093],[23.744443641084416,37.979603692464323],[23.744456624886539,37.979568661529164],[23.744471722424535,37.9795279345471],[23.744473947687435,37.979521931405344],[23.744529383714845,37.979372387785624],[23.744531985975982,37.979365367007645],[23.744541753631854,37.979339018379939],[23.744554529118581,37.979302957710708],[23.744557038214854,37.979295876343578],[23.74461891118241,37.979121225995279],[23.744628347549519,37.979095827497275],[23.744630022184523,37.979091321094927],[23.744651552254894,37.979033369142776],[23.74468112672135,37.978953768618965],[23.744681494522034,37.978952778002068],[23.744702163624694,37.978897145884616],[23.744716568653292,37.978858372253676],[23.744764420170135,37.978729574082905],[23.74480127215261,37.978630380923256],[23.74493027339604,37.97828315703287],[23.744944070886046,37.978244828189233],[23.74513480435499,37.977727001727771],[23.745325860370787,37.977218188473984],[23.745331093745314,37.977204275823581],[23.74554097060744,37.976646336812095],[23.745797417245349,37.97595290027995],[23.745808376928967,37.9759233428206],[23.745817985029106,37.97589743175088],[23.746393354289953,37.974345708002282],[23.746418356102467,37.97427827801269],[23.746453576918491,37.974183287045456],[23.746453604175986,37.974183306932524],[23.746455570305503,37.974184688337075],[23.747074726389677,37.974619719692441],[23.747722230750082,37.975052346246862],[23.749388443943971,37.976190351470493],[23.749484976926549,37.976249516576438],[23.749515322616606,37.976268115261853],[23.750568879328391,37.976978592410106],[23.750607415756058,37.977004579805147],[23.750928603326908,37.97722117168756],[23.751245278356052,37.977433644178504],[23.751337164245246,37.977503284402211],[23.751705794161531,37.977782667938719],[23.751811724315317,37.977862951886188],[23.752095191343109,37.978111403478124],[23.753400833859754,37.979245262585664],[23.753909261413579,37.979687957755331],[23.754302289367175,37.980058306804992],[23.754938108960232,37.980717572243428],[23.754941417884275,37.980721021149698],[23.755317796297966,37.981113348693036],[23.755319314604538,37.981114931806218],[23.755227244023285,37.981196121913584],[23.755212113231167,37.981209463715338],[23.755184595934029,37.981233728563929],[23.755058804619086,37.981339711238689],[23.754113863748778,37.981928082352276],[23.753293126907458,37.982507693491414],[23.753059651168556,37.982732525123545],[23.752895509200407,37.98286737334282],[23.752616049546862,37.983114639621917],[23.752430971913746,37.98301961521323],[23.751854188605041,37.98321668280979]]]},"properties":{"FID":46,"geitonia":"ΚΟΛΩΝΑΚΙ-ΛΥΚΑΒΗΤΤΟΣ","name_place":" ","name_pl_en":" ","geiton_en":"KOLONAKI-LYKAVITTOS","dk":"1η ΔΚ","dk_en":"1st","shapeaream":475374.154247,"shapelengm":3345.6667297099998}},{"type":"Feature","id":47,"geometry":{"type":"Polygon","coordinates":[[[23.720709080090483,37.980844063171631],[23.720709208545177,37.980844120257615],[23.721807206339278,37.981331877003889],[23.721780840822923,37.981369358607928],[23.721417028657974,37.98187772399956],[23.720884028145935,37.982615514704854],[23.720505156668334,37.983150879978922],[23.720355947483792,37.983366833863158],[23.719842209975759,37.984086639714],[23.719307719876728,37.984833432253403],[23.719288313617504,37.98492813534984],[23.719287414366931,37.98493252516645],[23.719270207915987,37.985058664024834],[23.71924981644236,37.985180288850422],[23.718785547247791,37.985892875031382],[23.718428783511978,37.986368330844144],[23.71816652100032,37.986741346633913],[23.717995224734391,37.986942126294757],[23.717995463064483,37.986942338668079],[23.718042336618648,37.986984193141588],[23.718014759715413,37.987005692978158],[23.717973002230497,37.987049044708087],[23.717951195659612,37.987071684970559],[23.717848091823225,37.987038088358766],[23.717635367263046,37.986913532269426],[23.717585339259639,37.986884239378327],[23.717077559057298,37.986409844580585],[23.715720163077723,37.985243914275308],[23.715751311178241,37.985205864289803],[23.715783295613008,37.985166792456724],[23.715818714714533,37.98512352531899],[23.715856386581368,37.985077505679691],[23.716108314905227,37.984713093499245],[23.716391611657205,37.984321783625077],[23.716391659736864,37.984321717947161],[23.716422419045536,37.984281234270647],[23.716453195660662,37.984236244201362],[23.716466432078093,37.984218250402776],[23.716742263156075,37.983845840529057],[23.716908227356694,37.983615453341237],[23.716951865847328,37.983556974808579],[23.717013400478933,37.983471500753424],[23.717366184543593,37.982972135536563],[23.717654193149848,37.982567248729183],[23.717797290823739,37.982369309301333],[23.718029082365351,37.982054415205788],[23.718422200753309,37.981519091929663],[23.718699775961881,37.981141216041124],[23.718958047333864,37.98078582549563],[23.719321142149454,37.980281972350035],[23.71935088432457,37.980240698625153],[23.720709080090483,37.980844063171631]]]},"properties":{"FID":47,"geitonia":"ΜΕΤΑΞΟΥΡΓΕΙΟ","name_place":" ","name_pl_en":" ","geiton_en":"METAXOURGEIO","dk":"3η ΔΚ","dk_en":"3rd","shapeaream":174538.57754500001,"shapelengm":1900.19060238}},{"type":"Feature","id":48,"geometry":{"type":"Polygon","coordinates":[[[23.736975832194023,38.008213007402901],[23.736469565708621,38.008234406094687],[23.736053359345597,38.008256004767148],[23.735098183918119,38.008285402008831],[23.73509614837138,38.00786179493533],[23.735093902052967,38.007496770685336],[23.735090880278701,38.007050629282084],[23.735086950900509,38.006658562727132],[23.735085802697171,38.006581951161074],[23.734952809115661,38.005950753995947],[23.734897734617316,38.005725309306072],[23.734801033970392,38.005296982208129],[23.734772639448305,38.005175245063384],[23.734701906011988,38.00485062387795],[23.734666555193549,38.00468380688671],[23.734558322043924,38.004194835041702],[23.734428099753931,38.003786492615475],[23.734292168038699,38.003380608436778],[23.735418780893156,38.003171346896202],[23.73592491489309,38.003077849748422],[23.736640434987883,38.00294025374798],[23.736641098355282,38.002940126350012],[23.73664299500026,38.002939760169859],[23.737472206476564,38.002779384051088],[23.73782162612347,38.002712567291489],[23.738242264173245,38.002636895191372],[23.738400026484772,38.002614714135831],[23.738413747516354,38.002659808793837],[23.739092163983518,38.002864104375149],[23.739784402874161,38.003086452279398],[23.739910334244264,38.003510333712029],[23.739914396162625,38.003525131842189],[23.740052661911466,38.004028885896211],[23.74018039818608,38.004547405630881],[23.740361478280114,38.005282350743322],[23.740544777087557,38.005994768326886],[23.740652239596205,38.006409595199287],[23.740673652096245,38.006495264228931],[23.74076041522466,38.006824423517713],[23.740878978992917,38.007221248955112],[23.741146726441304,38.007203812934037],[23.741192643272839,38.007609490933874],[23.741210971427158,38.007762749215786],[23.741240017279583,38.008006159274437],[23.741093327320421,38.008014849250088],[23.740469775371917,38.00804537663339],[23.740212505589376,38.008057970933983],[23.740176320917225,38.008059564677957],[23.739627913497731,38.008083716589816],[23.738842861874129,38.008122533593856],[23.738085931441564,38.008161407986861],[23.737680202534477,38.008182301207114],[23.737666521655658,38.008183005235722],[23.737636264994588,38.008182937740472],[23.736975832194023,38.008213007402901]]]},"properties":{"FID":48,"geitonia":"ΑΓΙΑΣ ΖΩΝΗΣ","name_place":" ","name_pl_en":" ","geiton_en":"AGIAS ZONIS","dk":"6η ΔΚ","dk_en":"6th","shapeaream":287246.167877,"shapelengm":2178.9413802700001}},{"type":"Feature","id":49,"geometry":{"type":"Polygon","coordinates":[[[23.728811723432912,38.012259624643875],[23.728803398038476,38.012402578373361],[23.728930582296403,38.013133760967428],[23.729039908488684,38.013800960817953],[23.729060406877437,38.013841565686697],[23.729086568033555,38.013891196405915],[23.72921431758148,38.014680111357151],[23.729203504993855,38.014716137689859],[23.729190878672171,38.014761172652207],[23.729205077311384,38.014869359037888],[23.72933956066025,38.015473526701719],[23.729627343895615,38.016213238793085],[23.729690720857452,38.016308018944699],[23.729754115667237,38.016398292699314],[23.73015390872002,38.017079677524713],[23.730655498917685,38.017964082194105],[23.730687226917301,38.018049776487487],[23.731201612714077,38.018943220805042],[23.731453197291703,38.019367397266166],[23.731682254404202,38.01960467379299],[23.731904437370936,38.020008335719552],[23.731910457523853,38.02001736224441],[23.731977739972596,38.02011665641453],[23.73191040257441,38.020130022117236],[23.731890878614024,38.020138140497501],[23.73179459145436,38.020178179299663],[23.731744115020383,38.020199168534198],[23.731673283884184,38.020228622089483],[23.729883025992361,38.020850912920849],[23.729685894531894,38.020918055918962],[23.729685576301918,38.020918155229502],[23.729571476245116,38.020953844037869],[23.729569670641741,38.020954412198172],[23.729540392985534,38.020886176565291],[23.729234892004136,38.020119385633549],[23.729054282948166,38.019663823251349],[23.728715690557518,38.01879781376315],[23.728539360109469,38.018342260367163],[23.728539205478004,38.01834186795331],[23.728400386835062,38.01799044018982],[23.728197898392025,38.017485255389964],[23.728239389229717,38.016854455025438],[23.728254790839365,38.016732817759696],[23.728268345239229,38.016629201829986],[23.728275831405696,38.016530078277789],[23.72825724641887,38.016453426493044],[23.728345890827963,38.015489261108165],[23.728406340084682,38.014736831359542],[23.728468993332115,38.013772605564085],[23.728557551521071,38.012889141876514],[23.728626346125562,38.012374726836427],[23.728516519284021,38.012257835857412],[23.728692312187007,38.012241771534747],[23.728776482552874,38.012238488544497],[23.728813037991465,38.012237062299498],[23.728811723432912,38.012259624643875]]]},"properties":{"FID":49,"geitonia":"ΑΓΙΟΣ ΕΛΕΥΘΕΡΙΟΣ Ι","name_place":" ","name_pl_en":" ","geiton_en":"AGIOS ELEFTHERIOS I","dk":"5η ΔΚ","dk_en":"5th","shapeaream":122480.098535,"shapelengm":2176.0908650000001}},{"type":"Feature","id":50,"geometry":{"type":"Polygon","coordinates":[[[23.735787546776383,37.976872688854066],[23.735512744317941,37.977201040964331],[23.734861687586609,37.977965668959371],[23.734854150801539,37.978082819218926],[23.734347325401163,37.978679554044902],[23.733800381652806,37.97932350976135],[23.733215415845837,37.980012216513636],[23.732944884483924,37.980330719241628],[23.732715616199489,37.980600641136888],[23.732294312891955,37.981096641405955],[23.731957532385536,37.98149312618655],[23.731515953038247,37.982012981276334],[23.731320164969013,37.982243472512053],[23.731043240357589,37.982569477347603],[23.730473516855177,37.983240167427184],[23.729979317309152,37.983821935070047],[23.729490456036569,37.983897846542853],[23.72935016659082,37.983919630570703],[23.72878154310192,37.984008449420458],[23.728502344595437,37.984050465886774],[23.728475929599099,37.984054440872377],[23.728295976217552,37.984081521765638],[23.728226729073988,37.984091942887552],[23.728181394897195,37.984098765417968],[23.728152388951983,37.984103130007981],[23.728073714662013,37.984114969506869],[23.727617822295667,37.983903250067165],[23.727361805596779,37.983784352423754],[23.726592306922718,37.983440077898535],[23.725801837891584,37.983091243021839],[23.725715874159093,37.983050484757193],[23.724951677513815,37.982719731126252],[23.722962567925478,37.981845097341989],[23.723000109314317,37.981800346786407],[23.723058347675106,37.981737393911359],[23.724553765203222,37.981502064349741],[23.724565505357411,37.981500172101057],[23.725353109431865,37.981373246927397],[23.726029229666128,37.981271175712465],[23.726580756229886,37.9811823303613],[23.727247177619514,37.981081662637912],[23.727256517786877,37.981080251249864],[23.727254286652332,37.981070834849277],[23.727168926757436,37.980710520895578],[23.727059915096159,37.980264131442631],[23.726984524657325,37.979974902340288],[23.726965886522816,37.979903398812461],[23.726760666742027,37.979109790504708],[23.726725246801841,37.978970008863932],[23.7265776168332,37.978383829743542],[23.72654780714311,37.978266593231133],[23.726518708052119,37.978149358360987],[23.72635599917642,37.97750456021037],[23.72630585279191,37.97730616052965],[23.726157994384849,37.97672010817724],[23.726156824034316,37.976715471037359],[23.726210162857576,37.976708657086988],[23.726307673669623,37.976696200188698],[23.726732557880553,37.976639721016745],[23.726889102423705,37.976618031880832],[23.727571905787524,37.976524980028884],[23.727626026797985,37.97651779681852],[23.727629317870555,37.976517360104232],[23.728309884501257,37.976427027881471],[23.72831081064805,37.976426904741608],[23.728339423203675,37.976423107004415],[23.728459091398818,37.976403660438422],[23.728460840356941,37.976411992364149],[23.728486360844851,37.976533576253566],[23.728775740758735,37.976496216717997],[23.728819766570652,37.976487514447719],[23.728799992001946,37.976369677906249],[23.728799584203539,37.976367249801129],[23.728863519161948,37.976358697960166],[23.728886325406595,37.976355647392943],[23.729672946040697,37.976250428056588],[23.730494557744134,37.976144158818137],[23.731021423272125,37.976073261737866],[23.731741251451112,37.975971257444925],[23.732114678585933,37.975922537634624],[23.732485027631338,37.975872548737804],[23.732487611252033,37.975872200407373],[23.732541509614929,37.975864925199573],[23.732591042915374,37.975858806309802],[23.732593788182974,37.975858467357362],[23.733276429655149,37.975774145204582],[23.733277017437242,37.975774072631765],[23.73332963419405,37.975767572868534],[23.733382734822108,37.975760135938806],[23.73338749431656,37.975759469859327],[23.73340982339332,37.975756342526005],[23.733719204111196,37.975713012668685],[23.733725427447531,37.975712140790428],[23.733931263354183,37.975683312896045],[23.73423053345693,37.97614439554475],[23.734268126484551,37.976202314240432],[23.734354287032556,37.976191043568022],[23.734370657715946,37.976188902124512],[23.734395860205378,37.976185605341698],[23.734646734436243,37.976152788740734],[23.735521185977639,37.976038400045596],[23.735596364070833,37.976052896797363],[23.735608420423691,37.976055221274862],[23.735615767332991,37.976056638386609],[23.735787546776383,37.976872688854066]]]},"properties":{"FID":50,"geitonia":"ΕΜΠΟΡΙΚΟ ΚΕΝΤΡΟ","name_place":" ","name_pl_en":" ","geiton_en":"EMPORIKO KENTRO","dk":"1η ΔΚ","dk_en":"1st","shapeaream":530464.67643899994,"shapelengm":3493.7968265700001}},{"type":"Feature","id":51,"geometry":{"type":"Polygon","coordinates":[[[23.761503212595855,37.980304553703377],[23.761816095188326,37.980444088527278],[23.762297102160328,37.980658597909816],[23.76347683494069,37.981184697286885],[23.763998281176121,37.981417228320474],[23.764514257964663,37.981647318022773],[23.766055796772555,37.982334711843102],[23.766701401529044,37.98262258688279],[23.768254424886223,37.983320611585242],[23.768254768295993,37.983320765480464],[23.768663222149584,37.983504566630863],[23.767954004179455,37.984200401091734],[23.767965136032107,37.984281538800815],[23.767231239431666,37.984996611235012],[23.766990195184711,37.985262013357698],[23.766848108819033,37.985293276821423],[23.76667479101744,37.985410100329531],[23.765967598725197,37.985552901174337],[23.765172449538714,37.985713547916824],[23.765025955560798,37.985739491802171],[23.765021477711088,37.985740285001526],[23.765021204252744,37.985740334025969],[23.765008791575902,37.985742542615526],[23.764796089623221,37.985780392403584],[23.764796101243771,37.985780319422666],[23.764815723179996,37.985649745214381],[23.764805562055585,37.985600154176261],[23.764603837228115,37.985473570639734],[23.764384349024052,37.985337938316995],[23.76422566936424,37.985215946771255],[23.764074368213247,37.985012854075549],[23.763825659562773,37.984557205572052],[23.763571631227723,37.984097039388772],[23.76346244838992,37.983966133406959],[23.76334325870846,37.983848726480787],[23.76316676364857,37.983735710499431],[23.763059099923908,37.983685922946577],[23.762340603673806,37.983364516917284],[23.762145163548986,37.983278499704412],[23.762081256449068,37.983233306155235],[23.762001677591702,37.98319258729483],[23.761734831348612,37.982849558334479],[23.761533334760074,37.982580035865936],[23.761233442056064,37.982190602709643],[23.761174265206805,37.982113873241019],[23.760118939779719,37.981643056995054],[23.759920171572297,37.981597587170363],[23.758685095066134,37.981473386313468],[23.758438186398198,37.98135120587439],[23.757603700053714,37.980930391084883],[23.757408015439573,37.980863827857455],[23.757337119604756,37.980839712816916],[23.757072623565222,37.980793606864864],[23.756316808307034,37.980661852750792],[23.756245969222771,37.980562564469551],[23.756094313372859,37.980368473519732],[23.755982451887999,37.98019249065549],[23.755977628166935,37.980161288023091],[23.755976876795252,37.980156427628643],[23.756048844463137,37.980129538302144],[23.756095269165328,37.980077950291786],[23.756097417770629,37.980075561830908],[23.756357536197275,37.979751637701433],[23.756701950385263,37.979287106371231],[23.757487604975324,37.979635343709006],[23.758281763930281,37.97998734261634],[23.758765421422936,37.980201712358102],[23.759273235655641,37.980206120758737],[23.760258595458616,37.980206038492668],[23.7609844068458,37.980205761578183],[23.761158928016826,37.980205694249861],[23.76128143341311,37.980205647296621],[23.761503212595855,37.980304553703377]]]},"properties":{"FID":51,"geitonia":"ΑΓΙΟΣ ΘΩΜΑΣ","name_place":" ","name_pl_en":" ","geiton_en":"AGIOS THOMAS","dk":"7η ΔΚ","dk_en":"7th","shapeaream":259832.80063400001,"shapelengm":2804.67145747}},{"type":"Feature","id":52,"geometry":{"type":"Polygon","coordinates":[[[23.755977628166935,37.980161288023091],[23.755982451887999,37.98019249065549],[23.756094313372859,37.980368473519732],[23.756245969222771,37.980562564469551],[23.756316808307034,37.980661852750792],[23.757072623565222,37.980793606864864],[23.757337119604756,37.980839712816916],[23.757408015439573,37.980863827857455],[23.757603700053714,37.980930391084883],[23.758438186398198,37.98135120587439],[23.758685095066134,37.981473386313468],[23.759920171572297,37.981597587170363],[23.760118939779719,37.981643056995054],[23.761174265206805,37.982113873241019],[23.761233442056064,37.982190602709643],[23.761533334760074,37.982580035865936],[23.761734831348612,37.982849558334479],[23.762001677591702,37.98319258729483],[23.762081256449068,37.983233306155235],[23.762145163548986,37.983278499704412],[23.762340603673806,37.983364516917284],[23.763059099923908,37.983685922946577],[23.76316676364857,37.983735710499431],[23.76334325870846,37.983848726480787],[23.76346244838992,37.983966133406959],[23.763571631227723,37.984097039388772],[23.763825659562773,37.984557205572052],[23.764074368213247,37.985012854075549],[23.76422566936424,37.985215946771255],[23.764384349024052,37.985337938316995],[23.764603837228115,37.985473570639734],[23.764805562055585,37.985600154176261],[23.764815723179996,37.985649745214381],[23.764796101243771,37.985780319422666],[23.764796089623221,37.985780392403584],[23.764422874711741,37.985865267699239],[23.764267380867047,37.985897161829612],[23.763987724750329,37.98595452398515],[23.763910844396257,37.985958876133736],[23.763844588612155,37.985963249562943],[23.763588963314088,37.985980122783204],[23.763447057162722,37.98598948936074],[23.762953086137831,37.986110168510137],[23.761407679935321,37.986412912433636],[23.761404808415588,37.986413475320354],[23.761156015219747,37.986097520412983],[23.760660092849161,37.985393509497641],[23.760592372324108,37.985316762391484],[23.760436737472865,37.985136188359085],[23.760405539308827,37.985100073382334],[23.760009531149525,37.984740785047151],[23.759677310687994,37.984454546043011],[23.759511943535102,37.984306821682345],[23.759340734766504,37.984142536623111],[23.758984461786753,37.983835369940032],[23.758514600726961,37.983442346856094],[23.75739526696141,37.982869254631183],[23.757374596572781,37.982858671456704],[23.756934061513476,37.982641453305369],[23.756577597430866,37.98239736891697],[23.756206904545916,37.98204509960248],[23.755681043415745,37.981485211070876],[23.755319314604538,37.981114931806218],[23.755317796297966,37.981113348693036],[23.754941417884275,37.980721021149698],[23.754938108960232,37.980717572243428],[23.754938462605086,37.980717375598431],[23.755881394266918,37.980192280979587],[23.755976584933176,37.980156536980139],[23.755976876795252,37.980156427628643],[23.755977628166935,37.980161288023091]]]},"properties":{"FID":52,"geitonia":"ΙΠΠΟΚΡΑΤΕΙΟ","name_place":" ","name_pl_en":" ","geiton_en":"IPPOKRATEIO","dk":"7η ΔΚ","dk_en":"7th","shapeaream":211258.651729,"shapelengm":2342.0707186200002}},{"type":"Feature","id":53,"geometry":{"type":"Polygon","coordinates":[[[23.750847853275989,37.982255563797544],[23.751290561056027,37.982467425039935],[23.751483054252986,37.983351632072342],[23.751645221280306,37.984085982730448],[23.751751824601577,37.984497758305203],[23.751855547956104,37.984820974552626],[23.751992147295255,37.985258386215875],[23.751946264985015,37.985357430894346],[23.751402329277909,37.98614941392669],[23.750514557258381,37.986327791436452],[23.749257891075462,37.986568466434839],[23.748302880798303,37.986737671021963],[23.747937653759799,37.986561138289687],[23.747761454142061,37.986470632037687],[23.74738990146356,37.986271551898902],[23.746851359404186,37.985995502053363],[23.745984227084897,37.985552002783827],[23.745983008473818,37.985551383672949],[23.745192050049656,37.985149217347477],[23.744484077969826,37.984787167356295],[23.744112156085698,37.984597088885508],[23.743100119612354,37.984081150127672],[23.742551336717877,37.983791538883992],[23.742116937416146,37.983560759469505],[23.741980188747885,37.983488356729566],[23.741931888080913,37.983461212198982],[23.741325815404807,37.982869538756042],[23.741066637529229,37.982606998066558],[23.741022645237184,37.982562434477614],[23.740616313353581,37.982023350703528],[23.740414133935133,37.981556159321485],[23.740380591412467,37.981380334510476],[23.740371483647241,37.981339756534489],[23.740420433141477,37.981182139491573],[23.740529131187291,37.981033667092134],[23.740538288947327,37.981021247740216],[23.740899208236883,37.980532022971332],[23.741195479083903,37.980160887373067],[23.741486313111775,37.979823544501585],[23.741584496645576,37.979772632057269],[23.741657113815059,37.979734977187661],[23.741737275749522,37.979693409228851],[23.742119370567675,37.979574295281992],[23.742296910190955,37.979578713105106],[23.742319443378157,37.979616436238437],[23.74232030033242,37.979617870259709],[23.742476755207459,37.979879794121146],[23.742712111827924,37.979938892740321],[23.742764186662065,37.979950928842456],[23.742772098578886,37.979952757729166],[23.743763743477686,37.98018195779872],[23.744188349536003,37.980280094678335],[23.744051185027061,37.98063580440251],[23.74461398639081,37.980776726984431],[23.744499275469874,37.981019825171465],[23.744524216742981,37.981034417088537],[23.745140978890699,37.981395250989053],[23.74513022468091,37.981417759843133],[23.745180239514806,37.981566580414444],[23.745355996329607,37.981647137627959],[23.745670880233554,37.981791462230198],[23.745751327218048,37.981828333802142],[23.74594089523298,37.981915220881682],[23.74610970165719,37.981978675373142],[23.74614936273327,37.981878465850471],[23.74614938800487,37.98187840191369],[23.746259391306506,37.981600458184033],[23.746409820958895,37.981213229510914],[23.746722551050208,37.980870069776543],[23.74697768214309,37.980590111489064],[23.746987747261336,37.980579067144554],[23.747162907292591,37.980631007250771],[23.747264679082839,37.980552623869322],[23.747372372770538,37.980277962859063],[23.747744915433426,37.980386916701214],[23.747905937834908,37.980436832640819],[23.748726232081584,37.980618844985813],[23.748642956084449,37.980830469361749],[23.748552500233277,37.981060104048943],[23.748839280222782,37.981277025415658],[23.749029996200559,37.981385586814717],[23.749966437985936,37.981833749222304],[23.750847853275989,37.982255563797544]]]},"properties":{"FID":53,"geitonia":"--","name_place":"ΛΥΚΑΒΗΤΤΟΣ","name_pl_en":"LYKAVITTOS","geiton_en":"--","dk":"1η ΔΚ","dk_en":"1st","shapeaream":463086.14126200002,"shapelengm":3125.1832681599999}},{"type":"Feature","id":54,"geometry":{"type":"Polygon","coordinates":[[[23.768733219580405,37.983536835124156],[23.76939646549874,37.983842707977566],[23.770149204873544,37.984232004691528],[23.770823668374092,37.984694872000361],[23.770795761620043,37.984720735009041],[23.77075845588887,37.984755309551083],[23.768995847006163,37.986671572311863],[23.768922174531788,37.986751318475534],[23.76897749680013,37.986793612723055],[23.769260186660098,37.986978931166846],[23.769492087123126,37.987132604409275],[23.769447406960378,37.987195606840864],[23.769390154417799,37.987244467769493],[23.769405145114966,37.987256183228162],[23.769598529153257,37.98740418916487],[23.769742242756919,37.987514177769278],[23.769812988565214,37.987580193004774],[23.769831595622705,37.987597556632252],[23.770239809817291,37.987918185819339],[23.770622584346029,37.988218398522399],[23.770648776498852,37.988238940322546],[23.770670385929577,37.988270527449252],[23.770263047468291,37.988454496102996],[23.770222721960355,37.98849046875511],[23.769540512590773,37.989047624637081],[23.769237286891663,37.989290683630337],[23.768302534126505,37.988793139105617],[23.767338726338558,37.988259478240231],[23.767107366522794,37.988159878983502],[23.766737873709779,37.98796537044349],[23.766589107168716,37.987856921069707],[23.766402048902151,37.98770333119009],[23.76604940238251,37.987360141809766],[23.765779076503303,37.987093724583303],[23.765382093346339,37.98681804130775],[23.765259564584849,37.986741187566388],[23.765193858321876,37.98670049856662],[23.763969921665833,37.986179809704794],[23.763910844396257,37.985958876133736],[23.763987724750329,37.98595452398515],[23.764267380867047,37.985897161829612],[23.764422874711741,37.985865267699239],[23.764796089623221,37.985780392403584],[23.765008791575902,37.985742542615526],[23.765021204252744,37.985740334025969],[23.765021477711088,37.985740285001526],[23.765025955560798,37.985739491802171],[23.765172449538714,37.985713547916824],[23.765967598725197,37.985552901174337],[23.76667479101744,37.985410100329531],[23.766848108819033,37.985293276821423],[23.766990195184711,37.985262013357698],[23.767231239431666,37.984996611235012],[23.767965136032107,37.984281538800815],[23.767954004179455,37.984200401091734],[23.768663222149584,37.983504566630863],[23.768733219580405,37.983536835124156]]]},"properties":{"FID":54,"geitonia":"ΝΟΣΟΚ.ΠΑΙΔΩΝ","name_place":" ","name_pl_en":" ","geiton_en":"NOSOK.PAIDON","dk":"7η ΔΚ","dk_en":"7th","shapeaream":173896.82058100001,"shapelengm":2064.4137759499999}},{"type":"Feature","id":55,"geometry":{"type":"Polygon","coordinates":[[[23.758514600726961,37.983442346856094],[23.758984461786753,37.983835369940032],[23.759340734766504,37.984142536623111],[23.759511943535102,37.984306821682345],[23.759677310687994,37.984454546043011],[23.760009531149525,37.984740785047151],[23.760405539308827,37.985100073382334],[23.760436737472865,37.985136188359085],[23.760592372324108,37.985316762391484],[23.760660092849161,37.985393509497641],[23.761156015219747,37.986097520412983],[23.761404808415588,37.986413475320354],[23.761328317087944,37.986429016931801],[23.76130889740514,37.98643296301195],[23.761141294592477,37.986467017653951],[23.760628011817246,37.98656746982055],[23.760434807977731,37.986605280186332],[23.760412018043144,37.986609740197167],[23.760241100778394,37.986640936938194],[23.758542051051418,37.986966713736514],[23.757729593029129,37.987122485122114],[23.757571839944447,37.987153705091679],[23.757472369699059,37.987173105704976],[23.756591212767226,37.987344956095193],[23.75620728854603,37.987419830221178],[23.755811286899071,37.987497058315064],[23.755610832904338,37.98753152716052],[23.755345186978836,37.987577205467524],[23.755341360706538,37.987577876176957],[23.754393808241222,37.987743929914878],[23.753413809982074,37.987915660899553],[23.753401815769131,37.987917839397312],[23.752828303291949,37.988022014828886],[23.75282715240823,37.98802222421255],[23.752825194768622,37.98802257971164],[23.75281276497601,37.988024914958871],[23.752308194290435,37.988119705223099],[23.751797388017994,37.988215664450742],[23.751710250239174,37.988232033552876],[23.751651600906335,37.988105729804374],[23.751535872514079,37.987704413454686],[23.751376443651115,37.987176824651712],[23.751540977933107,37.986929318819278],[23.75180096642033,37.986551327801507],[23.75221863026086,37.98595285346228],[23.751992147295255,37.985258386215875],[23.751855547956104,37.984820974552626],[23.751751824601577,37.984497758305203],[23.751645221280306,37.984085982730448],[23.751483054252986,37.983351632072342],[23.75165448901857,37.983291399778118],[23.751854188605041,37.98321668280979],[23.752430971913746,37.98301961521323],[23.752616049546862,37.983114639621917],[23.752895509200407,37.98286737334282],[23.753059651168556,37.982732525123545],[23.753293126907458,37.982507693491414],[23.754113863748778,37.981928082352276],[23.755058804619086,37.981339711238689],[23.755184595934029,37.981233728563929],[23.755212113231167,37.981209463715338],[23.755227244023285,37.981196121913584],[23.755319314604538,37.981114931806218],[23.755681043415745,37.981485211070876],[23.756206904545916,37.98204509960248],[23.756577597430866,37.98239736891697],[23.756934061513476,37.982641453305369],[23.757374596572781,37.982858671456704],[23.75739526696141,37.982869254631183],[23.758514600726961,37.983442346856094]]]},"properties":{"FID":55,"geitonia":"ΚΟΥΝΤΟΥΡΙΩΤΙΚΑ","name_place":" ","name_pl_en":" ","geiton_en":"KOUNTOURIOTIKA","dk":"7η ΔΚ","dk_en":"7th","shapeaream":397774.02493499999,"shapelengm":2688.1682613900002}},{"type":"Feature","id":56,"geometry":{"type":"Polygon","coordinates":[[[23.741022645237184,37.982562434477614],[23.741066637529229,37.982606998066558],[23.741325815404807,37.982869538756042],[23.741931888080913,37.983461212198982],[23.741980188747885,37.983488356729566],[23.742116937416146,37.983560759469505],[23.742551336717877,37.983791538883992],[23.743100119612354,37.984081150127672],[23.744112156085698,37.984597088885508],[23.744484077969826,37.984787167356295],[23.745192050049656,37.985149217347477],[23.745983008473818,37.985551383672949],[23.745984227084897,37.985552002783827],[23.745828477636053,37.985744362992051],[23.745819251970616,37.985755756936562],[23.74556516590393,37.986069566975686],[23.745565043534356,37.986069718126956],[23.74545243706314,37.986208791598827],[23.745341660958971,37.986346646778678],[23.745331358629812,37.986359467791267],[23.745107422783995,37.986638141475147],[23.745102970375346,37.986643682843493],[23.744978876863396,37.986798107782199],[23.744896684826276,37.986897070943364],[23.744810547404278,37.987005038338786],[23.744607880873968,37.987261464787416],[23.744279416845153,37.987670835940662],[23.744146470416428,37.987832778170329],[23.743909897041412,37.988116168169803],[23.743747302522586,37.988309590359243],[23.743746418008676,37.988309167532144],[23.743378164701163,37.988133035001489],[23.743279405371869,37.988083248817262],[23.742812980632355,37.987843389351625],[23.742381387878968,37.987617123600856],[23.742023768385739,37.987433847594282],[23.741878022006926,37.98735915380071],[23.741283896360361,37.987050040708958],[23.740807033785114,37.986802508309189],[23.740269579712407,37.986526430780927],[23.739826599026816,37.986304636907803],[23.739304066523889,37.986037600811613],[23.738883215277795,37.98581490336489],[23.738859359742904,37.985802280179342],[23.738419589828741,37.985580488120306],[23.737993329115284,37.985363230931014],[23.737498874980623,37.985109768612418],[23.737015099895231,37.984856328085108],[23.736961432760225,37.984828369181649],[23.736502551789116,37.984589301828869],[23.735897648517376,37.984277001733766],[23.735179842653007,37.983910295155454],[23.734325286091082,37.983475514945461],[23.734325139469998,37.983475438906318],[23.733221433249771,37.982900887703217],[23.732307185498396,37.982424908339588],[23.731515953038247,37.982012981276334],[23.731957532385536,37.98149312618655],[23.732294312891955,37.981096641405955],[23.732715616199489,37.980600641136888],[23.732944884483924,37.980330719241628],[23.733215415845837,37.980012216513636],[23.733800381652806,37.97932350976135],[23.73485567604023,37.979922522975031],[23.735240856864504,37.980141156605463],[23.735417966970221,37.980241686189039],[23.736349853556639,37.980770624426746],[23.736448991988237,37.980826894863171],[23.736641677191137,37.98093626035287],[23.73678970430495,37.981020278783163],[23.736965295890602,37.981119941000749],[23.737306185924606,37.981313422957868],[23.737987391807366,37.98170005454994],[23.738502224946377,37.981992252443604],[23.739102469891002,37.982332921233002],[23.739253689160783,37.982418744399823],[23.739536146835,37.982261733455772],[23.740003312365992,37.982010401463249],[23.740414133935133,37.981556159321485],[23.740616313353581,37.982023350703528],[23.741022645237184,37.982562434477614]]]},"properties":{"FID":56,"geitonia":"ΝΕΑΠΟΛΗ I","name_place":" ","name_pl_en":" ","geiton_en":"NEAPOLI I","dk":"1η ΔΚ","dk_en":"1st","shapeaream":465883.19050099998,"shapelengm":3414.1228645400001}},{"type":"Feature","id":57,"geometry":{"type":"Polygon","coordinates":[[[23.735725305837061,37.989633358815865],[23.735712911062034,37.98964824632808],[23.735652864883647,37.989720214174731],[23.73536764393101,37.99006206100961],[23.735178368375628,37.989254985188367],[23.73471084316483,37.989326034446272],[23.734263801121806,37.989397339922895],[23.734237251475435,37.989401574560858],[23.734084366400694,37.988770329671461],[23.733925822535763,37.988130058869331],[23.733652622701278,37.987016353558786],[23.733518945591847,37.986488798980844],[23.732631256660007,37.986630990221649],[23.732490212075803,37.986076379148109],[23.732489123548508,37.986075716030477],[23.732282137450579,37.985949725825179],[23.732803591490281,37.985329024626459],[23.732313085779438,37.985071043075671],[23.732160346343299,37.984994086129937],[23.731719940203231,37.984758748298589],[23.731241881078937,37.984505297080766],[23.731144419456623,37.984451415430001],[23.730898105613001,37.984315241176176],[23.73070881590192,37.984211160153542],[23.730674705597135,37.984192960813203],[23.730672168889587,37.98419160758332],[23.730119600922503,37.983896784309728],[23.730112808012962,37.983893159977171],[23.729987600165796,37.983826354159127],[23.729979317309152,37.983821935070047],[23.730473516855177,37.983240167427184],[23.731043240357589,37.982569477347603],[23.731320164969013,37.982243472512053],[23.731515953038247,37.982012981276334],[23.732307185498396,37.982424908339588],[23.733221433249771,37.982900887703217],[23.734325139469998,37.983475438906318],[23.734325286091082,37.983475514945461],[23.735179842653007,37.983910295155454],[23.735897648517376,37.984277001733766],[23.736502551789116,37.984589301828869],[23.736961432760225,37.984828369181649],[23.737015099895231,37.984856328085108],[23.737498874980623,37.985109768612418],[23.737993329115284,37.985363230931014],[23.738419589828741,37.985580488120306],[23.738859359742904,37.985802280179342],[23.738540898499082,37.986193631873881],[23.737748568972307,37.98716428450301],[23.737747777484792,37.987165254323749],[23.73746147703492,37.987516116857797],[23.737316755656348,37.987682531494741],[23.737264773858634,37.987744359818301],[23.73715414484569,37.987875944524866],[23.736864278947472,37.988226797587231],[23.736856257433473,37.988236954248421],[23.73651608129267,37.988667647750795],[23.736166828542785,37.989103988053614],[23.736064967665307,37.989225432985037],[23.735725305837061,37.989633358815865]]]},"properties":{"FID":57,"geitonia":"ΕΞΑΡΧΕΙΑ","name_place":" ","name_pl_en":" ","geiton_en":"EXARCHEIA","dk":"1η ΔΚ","dk_en":"1st","shapeaream":280418.890847,"shapelengm":2627.9132411700002}},{"type":"Feature","id":58,"geometry":{"type":"Polygon","coordinates":[[[23.733033883136535,37.991404207668097],[23.732299943771839,37.991528719377193],[23.73189825749515,37.991595400807626],[23.731363419314796,37.991675296099409],[23.731343805249786,37.991677077303294],[23.731338724298254,37.991677538872246],[23.731169750761048,37.991692879307188],[23.731137579696799,37.991560490922325],[23.73113122919051,37.991534359888995],[23.731082094882147,37.991332165185121],[23.730769857661222,37.991381497426786],[23.729845020601534,37.991527612934092],[23.729757338345131,37.991175910607836],[23.729508300099692,37.990183925251493],[23.729343843062125,37.989516596344572],[23.72918113349974,37.988858284006881],[23.729114072749695,37.988804052502431],[23.729058400897721,37.988556070967334],[23.729058460844051,37.988555872822779],[23.729084338543476,37.98847050865465],[23.729020869890778,37.98821349628188],[23.72891502184255,37.987771622799656],[23.728914523556391,37.987769628910371],[23.728784206550653,37.987248575977304],[23.728642834503727,37.98669395963497],[23.728504989958203,37.986148364066686],[23.728365416270243,37.985589245017557],[23.728224504565091,37.985027294427788],[23.728224093980401,37.98502561438459],[23.728125231743068,37.984611033507136],[23.728079935538492,37.984421091964812],[23.728066037130162,37.984362805252871],[23.728099165133155,37.984360058105963],[23.728098239202865,37.984351145858028],[23.728073714662013,37.984114969506869],[23.728152388951983,37.984103130007981],[23.728181394897195,37.984098765417968],[23.728226729073988,37.984091942887552],[23.728295976217552,37.984081521765638],[23.728475929599099,37.984054440872377],[23.728502344595437,37.984050465886774],[23.72878154310192,37.984008449420458],[23.72935016659082,37.983919630570703],[23.729490456036569,37.983897846542853],[23.729979317309152,37.983821935070047],[23.729987600165796,37.983826354159127],[23.730112808012962,37.983893159977171],[23.730119600922503,37.983896784309728],[23.730672168889587,37.98419160758332],[23.730674705597135,37.984192960813203],[23.73070881590192,37.984211160153542],[23.730898105613001,37.984315241176176],[23.731144419456623,37.984451415430001],[23.731241881078937,37.984505297080766],[23.731719940203231,37.984758748298589],[23.732160346343299,37.984994086129937],[23.732313085779438,37.985071043075671],[23.732803591490281,37.985329024626459],[23.732282137450579,37.985949725825179],[23.732489123548508,37.986075716030477],[23.732490212075803,37.986076379148109],[23.732631256660007,37.986630990221649],[23.733518945591847,37.986488798980844],[23.733652622701278,37.987016353558786],[23.733925822535763,37.988130058869331],[23.734084366400694,37.988770329671461],[23.734237251475435,37.989401574560858],[23.734263801121806,37.989397339922895],[23.73471084316483,37.989326034446272],[23.735178368375628,37.989254985188367],[23.73536764393101,37.99006206100961],[23.735389740073963,37.990152239186308],[23.735592394661552,37.990984713082042],[23.735592802062683,37.990986384078091],[23.73559276103893,37.990986391196138],[23.735301911165376,37.991033811543019],[23.735156585226303,37.991057505446193],[23.734694078195581,37.991134732486408],[23.734677272453176,37.991137540835076],[23.734080850124535,37.99123404371521],[23.734072978402043,37.991235317459292],[23.733033883136535,37.991404207668097]]]},"properties":{"FID":58,"geitonia":"ΜΟΥΣΕΙΟ","name_place":" ","name_pl_en":" ","geiton_en":"MOUSEIO","dk":"1η ΔΚ","dk_en":"1st","shapeaream":343875.92794600001,"shapelengm":2718.2268595800001}},{"type":"Feature","id":59,"geometry":{"type":"Polygon","coordinates":[[[23.717077559057298,37.986409844580585],[23.717585339259639,37.986884239378327],[23.717635367263046,37.986913532269426],[23.717848091823225,37.987038088358766],[23.717951195659612,37.987071684970559],[23.717912466305943,37.987105467788311],[23.71790688930475,37.987110332166964],[23.717878317582642,37.987135254467375],[23.717778145010975,37.987222632566066],[23.717514266309685,37.987600590111306],[23.716687957095896,37.987224569612458],[23.716637694712329,37.987201780327737],[23.71662994061608,37.987198264662936],[23.715708438481151,37.98678044966433],[23.715695673526589,37.986774662305983],[23.715668752205907,37.986762455124932],[23.715076201595238,37.986495142276269],[23.714253008766782,37.986127689716568],[23.71389500741881,37.985965023535051],[23.713332664462445,37.985711294630725],[23.713013536521871,37.986147639632414],[23.712585089828636,37.985961830133242],[23.711993622790796,37.985694504394466],[23.711697037621693,37.985824464154298],[23.711340561136403,37.985981314748543],[23.711135162153923,37.986088964697949],[23.711041020753484,37.986138304136759],[23.710198438218615,37.986474213053519],[23.709618848099549,37.986716130544956],[23.70904211942203,37.987043674284095],[23.70897712070882,37.987102096988245],[23.708580333450882,37.986740600754558],[23.708507864228512,37.986674399383062],[23.708412002813173,37.986586828203251],[23.708966504648583,37.986215367907008],[23.709115533727754,37.986115532600145],[23.709060164675151,37.986060767890748],[23.709057744011407,37.98605837349875],[23.708558296501881,37.985564369530728],[23.708350228219309,37.98535655830382],[23.708197553181105,37.985035173518597],[23.708195309195769,37.985030450626525],[23.708174475292015,37.984986595592019],[23.708139084097137,37.984919353042983],[23.70783010865161,37.984332309130764],[23.707905962791784,37.984048592720782],[23.707966512382498,37.983854966764262],[23.707938083157714,37.983689413021779],[23.707846514333873,37.983156172787531],[23.707738331199192,37.98252951078954],[23.707722070731901,37.982412303296556],[23.708959440091313,37.982027818565427],[23.708935144310246,37.981979217922266],[23.708878238866024,37.981865386255187],[23.708478690902318,37.981039720525985],[23.708280281159595,37.980642662995628],[23.708042643453762,37.980177911327068],[23.707935753901108,37.980033440276188],[23.707860605641624,37.979871022243621],[23.707810952333755,37.979740212489482],[23.707729016279469,37.979609293665938],[23.70785004168928,37.979573571711605],[23.708459524064313,37.979408345941643],[23.709055498959568,37.979238577168282],[23.709694189125312,37.979064404359896],[23.709830648769071,37.979026532831796],[23.70992820511767,37.979137352199132],[23.711425600302956,37.980838272439151],[23.711432084722023,37.980845637429582],[23.711469551523827,37.980888196111266],[23.711515219140004,37.98094006895036],[23.711603036540613,37.981097805575885],[23.711710429232696,37.981255901051888],[23.713526884997609,37.983260272263834],[23.713712365469757,37.983468019450022],[23.713897846985844,37.983675766340532],[23.71440486127198,37.984131401197359],[23.714430835259577,37.984154742651342],[23.714435027126981,37.984158806808665],[23.714463451283077,37.984186366810505],[23.71450262284441,37.98422127042523],[23.714514163924612,37.984231554160047],[23.714542449030411,37.984257985396027],[23.714567349561761,37.984281253914219],[23.714594782910268,37.984304162650716],[23.714892384020136,37.98455267918267],[23.715720163077723,37.985243914275308],[23.717077559057298,37.986409844580585]]]},"properties":{"FID":59,"geitonia":"ΠΡΟΦΗΤΗΣ ΔΑΝΙΗΛ","name_place":" ","name_pl_en":" ","geiton_en":"PROFITIS DANIIL","dk":"3η ΔΚ","dk_en":"3rd","shapeaream":358345.26914599998,"shapelengm":3314.2105157999999}},{"type":"Feature","id":60,"geometry":{"type":"Polygon","coordinates":[[[23.727516434428946,38.000177289964114],[23.727511835610255,38.000467470787896],[23.727507102781331,38.000688274135179],[23.727537774478243,38.00086409535465],[23.727664533273831,38.001333056008889],[23.727819790821272,38.001892210719276],[23.727969438905824,38.002428820134661],[23.728111713630312,38.002938373791785],[23.728256103194237,38.003357803873151],[23.728414325846732,38.003790784930473],[23.728565498970696,38.004205723828647],[23.727099754022998,38.004477222956474],[23.726139462532718,38.004650740813283],[23.726078643765948,38.00466062954677],[23.726032164045154,38.004668187588919],[23.725980118966305,38.004676650151218],[23.72594819940765,38.004681840166207],[23.72555158818108,38.004225767764652],[23.725211679786558,38.003837422671836],[23.724432989141615,38.002947837543147],[23.724255048876991,38.002749138336007],[23.723986054744291,38.002437564882044],[23.723525313239648,38.001909232378608],[23.723181595390741,38.001403705591976],[23.723217968176364,38.001398561051964],[23.723269887449085,38.001391217900043],[23.723314393584168,38.001384922601957],[23.723369630229616,38.001377109530289],[23.723583293319884,38.001350573403016],[23.72348891340939,38.000417523865025],[23.724275821257411,38.000338255813944],[23.724996507868976,38.000263334088615],[23.725539856715201,38.000210526318547],[23.726125594350062,38.000148801921412],[23.727356861438924,38.000025482989678],[23.7275192633651,37.999998820856497],[23.727516434428946,38.000177289964114]]]},"properties":{"FID":60,"geitonia":"ΑΓΙΟΥ ΜΕΛΕΤΙΟΥ","name_place":" ","name_pl_en":" ","geiton_en":"AGIOU MELETIOU","dk":"6η ΔΚ","dk_en":"6th","shapeaream":157221.84026200001,"shapelengm":1648.6416578999999}},{"type":"Feature","id":61,"geometry":{"type":"Polygon","coordinates":[[[23.729343843062125,37.989516596344572],[23.729508300099692,37.990183925251493],[23.729757338345131,37.991175910607836],[23.729845020601534,37.991527612934092],[23.729059470511725,37.991651985859086],[23.728644985342079,37.991714120268142],[23.727911068922847,37.991829591779052],[23.727111259044126,37.991958425110035],[23.726950647874567,37.991962360511813],[23.726946355144349,37.991962465910881],[23.72694395080438,37.991962525221744],[23.726943306155263,37.991962540849599],[23.726943262875857,37.991962541650409],[23.726044476901905,37.992005515907628],[23.725073427051726,37.992052820829464],[23.724330195745488,37.992087132629869],[23.723333943922395,37.99211633843538],[23.723105258563663,37.992169877352552],[23.722298625898762,37.992217546301568],[23.721874320189791,37.992239075861285],[23.721556237075212,37.992253871347479],[23.721443733414496,37.992259104600052],[23.721345508979336,37.992263673079393],[23.72132116501923,37.992264805098962],[23.721218338770559,37.992269587889972],[23.721034675771357,37.992278130125477],[23.72103406068069,37.992278158409007],[23.721023524578928,37.992201009640397],[23.721037797337548,37.992097395822007],[23.720991567839338,37.991993638498911],[23.720823664485629,37.991742964311285],[23.720674129247136,37.991519710904782],[23.720452681969139,37.991073049126094],[23.720407148595026,37.990973799633068],[23.720325911209084,37.990811375332882],[23.720302027015119,37.99070322931852],[23.720274130286992,37.990576918283807],[23.72030855753831,37.990503331875729],[23.720322568377004,37.990473385770144],[23.720295592675264,37.990360661083322],[23.720180322775338,37.989882706195544],[23.720354927934711,37.989853323175815],[23.720404148461693,37.98984504021432],[23.721245032294007,37.989703529905292],[23.721963479587007,37.989582619607489],[23.722040702816031,37.989569623538522],[23.7220413990756,37.989569506214316],[23.722864126163341,37.989431038219863],[23.722866404094464,37.989430655133276],[23.722945377336881,37.989417363366272],[23.723587375885405,37.989309309135336],[23.724159611744,37.989212992884092],[23.724906911478595,37.989087205819096],[23.725037302468341,37.988925280362821],[23.725073522659457,37.988880299892259],[23.725074955840736,37.988880759292094],[23.725454475621767,37.989002348480419],[23.725796158132027,37.989111814291526],[23.726463075498891,37.989203295485829],[23.726564819742737,37.98921725140422],[23.726587110665232,37.989216683136824],[23.726724604383264,37.989213175800387],[23.726726759219428,37.989213120420622],[23.726726870831992,37.989213117976071],[23.726741095955315,37.989212748149782],[23.726885852808135,37.989208984408712],[23.727288937312789,37.989146829721435],[23.727985800337557,37.989035782742],[23.72918113349974,37.988858284006881],[23.729343843062125,37.989516596344572]]]},"properties":{"FID":61,"geitonia":"ΙΟΥΛΙΑΝΟΥ-ΦΙΛΑΔΕΛΦΕΙΑΣ","name_place":" ","name_pl_en":" ","geiton_en":"IOULIANOU-FILADELFEIAS","dk":"1η ΔΚ","dk_en":"1st","shapeaream":243596.723627,"shapelengm":2186.4431533400002}},{"type":"Feature","id":62,"geometry":{"type":"Polygon","coordinates":[[[23.763969921665833,37.986179809704794],[23.765193858321876,37.98670049856662],[23.765259564584849,37.986741187566388],[23.765382093346339,37.98681804130775],[23.765779076503303,37.987093724583303],[23.76604940238251,37.987360141809766],[23.766402048902151,37.98770333119009],[23.766589107168716,37.987856921069707],[23.766737873709779,37.98796537044349],[23.767107366522794,37.988159878983502],[23.767338726338558,37.988259478240231],[23.768302534126505,37.988793139105617],[23.769237286891663,37.989290683630337],[23.769638227137882,37.989561855136714],[23.77012430022442,37.989923320203388],[23.770067755679491,37.9899699305087],[23.770009766733558,37.990017731263819],[23.768815085946855,37.990466031832369],[23.769033410817819,37.990980193263802],[23.76847478276089,37.991184208557165],[23.768336326006985,37.991627747608263],[23.768006688894136,37.991766797075975],[23.768383513922721,37.992353374901441],[23.768365590668758,37.992393897425025],[23.768126077818156,37.992506086109124],[23.768047767285534,37.992510438128932],[23.767382319354184,37.992824573646537],[23.767349534410524,37.992838028075205],[23.767151586096329,37.992860168492342],[23.766867226019919,37.992972265809207],[23.766500462399623,37.992246004022732],[23.7663367145101,37.991921216284403],[23.76610156514456,37.991443067894416],[23.765999712598965,37.991240076189044],[23.765392078198754,37.990499812040589],[23.76479927229186,37.989800132161427],[23.764259642724383,37.989168152209537],[23.76381718494596,37.988644519124641],[23.763780688316338,37.988594875140983],[23.763216683201478,37.988134085577997],[23.762458560659269,37.987506163611926],[23.761994678873755,37.987122179551072],[23.761478805037552,37.986530792528107],[23.761404852602549,37.986413544808983],[23.761404808415588,37.986413475320354],[23.761407679935321,37.986412912433636],[23.762953086137831,37.986110168510137],[23.763447057162722,37.98598948936074],[23.763588963314088,37.985980122783204],[23.763844588612155,37.985963249562943],[23.763910844396257,37.985958876133736],[23.763969921665833,37.986179809704794]]]},"properties":{"FID":62,"geitonia":"ΚΑΤΩ ΕΡΥΘΡΟΣ","name_place":" ","name_pl_en":" ","geiton_en":"KATO ERYTHROS","dk":"7η ΔΚ","dk_en":"7th","shapeaream":223036.904129,"shapelengm":2373.35477502}},{"type":"Feature","id":63,"geometry":{"type":"Polygon","coordinates":[[[23.76479927229186,37.989800132161427],[23.765392078198754,37.990499812040589],[23.765999712598965,37.991240076189044],[23.76610156514456,37.991443067894416],[23.7663367145101,37.991921216284403],[23.766500462399623,37.992246004022732],[23.766867226019919,37.992972265809207],[23.766794916014273,37.993023621873597],[23.766793170756866,37.993024861284951],[23.766721692761191,37.993075625006725],[23.766307928121648,37.993142400008992],[23.766017374260038,37.993186886604356],[23.765662805546782,37.9932101017232],[23.765276141000228,37.993235417513702],[23.765138445146611,37.993244432187964],[23.764375702546381,37.993281381630986],[23.763627578821396,37.993168589034589],[23.762950744072359,37.993032034207523],[23.762138296079165,37.99279155357678],[23.76180241311593,37.992655681143894],[23.761293904701883,37.99241580979772],[23.760821446415449,37.992144464592371],[23.760947313947931,37.991851802909949],[23.761170212722149,37.991334637899214],[23.761294799434403,37.991041352214779],[23.761345953224527,37.990960340369092],[23.761386743034659,37.990892826750418],[23.761933697994252,37.990465824662024],[23.762382212082294,37.990214371764019],[23.762724481042696,37.99002128640111],[23.764124519788922,37.989244490571089],[23.764195119440771,37.989204605144472],[23.764259642724383,37.989168152209537],[23.76479927229186,37.989800132161427]]]},"properties":{"FID":63,"geitonia":"ΑΜΠΕΛΟΚΗΠΟΙ ΙΙ","name_place":" ","name_pl_en":" ","geiton_en":"AMPELOKIPOI II","dk":"7η ΔΚ","dk_en":"7th","shapeaream":147844.355832,"shapelengm":1513.84518697}},{"type":"Feature","id":64,"geometry":{"type":"Polygon","coordinates":[[[23.747152317860042,37.99254253560197],[23.747146987289778,37.992545059456127],[23.74711137637053,37.992561922539025],[23.746652924120916,37.992786257076126],[23.746620940185966,37.992876316624525],[23.74602698325695,37.992969670483994],[23.745408808434203,37.993067475344951],[23.744784581202623,37.993165263820508],[23.74429280802774,37.993245311322845],[23.744024662763753,37.9932897922845],[23.743425082053843,37.99336882998589],[23.742946318749627,37.993431938961571],[23.742819352724201,37.99340895806327],[23.742190680002118,37.99315330603546],[23.74108095903825,37.992702020722966],[23.741079892439021,37.992672387750233],[23.74107868896856,37.992638925820046],[23.740866412008501,37.992584381276586],[23.740531463215113,37.992498020850078],[23.740259335010595,37.992389307561105],[23.740259231521257,37.992389265873477],[23.740259194434895,37.992389125191231],[23.740169670798483,37.992051086405816],[23.740035114963991,37.991555082623897],[23.73991182081814,37.99109515493484],[23.739875982001426,37.990964389415176],[23.739868604474569,37.990937334561082],[23.739856307089958,37.990892243132947],[23.739757964942267,37.990522498884964],[23.739752891670118,37.990346737145721],[23.739970818261384,37.990311167728514],[23.740128449097664,37.990283109404835],[23.740195878155255,37.990271107239529],[23.740199433523866,37.990270476081633],[23.740467238184475,37.990222902634372],[23.740471504621915,37.990222145054766],[23.740472719262542,37.990221960267554],[23.740631292483556,37.990197835653611],[23.740763485370366,37.990177724692096],[23.740924438437624,37.990151040772425],[23.741786515046392,37.990013237268741],[23.741926331565566,37.98998829192081],[23.741945346995262,37.989984899745252],[23.742320052163311,37.989918048244753],[23.742506355557286,37.989884808568583],[23.742510118293595,37.989884137236871],[23.744787996839431,37.989494875161547],[23.745662005968754,37.989345504719338],[23.74568681485572,37.989341264639208],[23.746095253230386,37.989270044208737],[23.746097565233516,37.989269651732762],[23.746469902273009,37.989206438394987],[23.746829148387665,37.989145446209946],[23.747425290652995,37.989044468916831],[23.747774909621096,37.988985246723864],[23.747799526507375,37.989068962193414],[23.747826622254355,37.989161108183502],[23.747989613391706,37.989706783590506],[23.748117389763902,37.990134559249412],[23.748269592908553,37.990644101105701],[23.748435254589406,37.99119869608846],[23.74859708476961,37.991740451911319],[23.748752004764938,37.992259070248743],[23.748867831637206,37.992646812274536],[23.748883941542974,37.992700739877698],[23.748900157308231,37.992755024612862],[23.748804955166744,37.99289421939946],[23.748634776719069,37.992949503843555],[23.748487310014248,37.992872175647996],[23.748363146376455,37.9928070662666],[23.748085316839088,37.992661375566897],[23.74806700938948,37.992651775529637],[23.748036038845033,37.992635534738078],[23.747964030691747,37.992607913817487],[23.747963637162606,37.992607762459727],[23.747871886588538,37.992572568044011],[23.747579862262867,37.992427092670837],[23.747573751314327,37.992424048536478],[23.747505548619742,37.992390072432805],[23.747496247482523,37.992385438790471],[23.747490307078355,37.992382479738644],[23.747152317860042,37.99254253560197]]]},"properties":{"FID":64,"geitonia":"ΠΕΔΙΟ ΑΡΕΩΣ Ι","name_place":" ","name_pl_en":" ","geiton_en":"PEDIO AREOS I","dk":"7η ΔΚ","dk_en":"7th","shapeaream":272208.47327399999,"shapelengm":2227.1340423000001}},{"type":"Feature","id":65,"geometry":{"type":"Polygon","coordinates":[[[23.718355157815825,37.987701747877935],[23.718322795073316,37.987821967557885],[23.718209675411547,37.98824217024864],[23.718434499449707,37.988265240752135],[23.718690631245021,37.98931585010066],[23.718860988062705,37.989936103153291],[23.718922685007531,37.990150092937625],[23.719035697152105,37.990564953730932],[23.719051148584573,37.990619067695889],[23.719146947747216,37.990975303760926],[23.719258607542692,37.991372135372949],[23.719616722709947,37.992657319394596],[23.719746551119954,37.993144322137674],[23.719832849933081,37.993473496347981],[23.719908254338382,37.993766593182364],[23.719147758246784,37.993875040083665],[23.718602812210939,37.993952746836776],[23.718035333948411,37.994032967509902],[23.717568357605177,37.994098979235773],[23.716834078650223,37.994205367810963],[23.716749911810066,37.994065466177403],[23.716640024197197,37.99385790623888],[23.715816766205997,37.993504419364569],[23.715368036506412,37.993305051893032],[23.714965843586977,37.993128327585787],[23.714430063896142,37.992892694192591],[23.714043208698822,37.992721956040938],[23.713947562174887,37.992679742567098],[23.713118709349441,37.99231268138017],[23.712596785469323,37.992086086254929],[23.712563863510805,37.992072058437863],[23.712075560111934,37.991863996939692],[23.712078845628792,37.991859061439719],[23.712104000204828,37.991821275394429],[23.712288207046129,37.991544561467734],[23.712530531807509,37.991189146764775],[23.712856247454848,37.990712261783933],[23.713063969935952,37.99040926485609],[23.713268218737134,37.990109406359842],[23.713437192911474,37.989852952130306],[23.713509873695841,37.989740468639688],[23.713776421162983,37.989376097393325],[23.713928254753782,37.989163423862195],[23.714011135190177,37.989052205920906],[23.714145287988391,37.988872275130788],[23.714300201921322,37.988660849652547],[23.714446521652675,37.988462922365727],[23.71481000694526,37.987968097707132],[23.71487257992878,37.987891640209774],[23.71510838740047,37.987558736254428],[23.715364953655278,37.987194337072644],[23.715668752205907,37.986762455124932],[23.715695673526589,37.986774662305983],[23.715708438481151,37.98678044966433],[23.71662994061608,37.987198264662936],[23.716637694712329,37.987201780327737],[23.716687957095896,37.987224569612458],[23.717514266309685,37.987600590111306],[23.717778145010975,37.987222632566066],[23.717847159951535,37.987281433017991],[23.717876277192858,37.987306778488829],[23.717904265130997,37.987331140646212],[23.717952151225841,37.987371813293322],[23.718355157815825,37.987701747877935]]]},"properties":{"FID":65,"geitonia":"ΚΟΛΩΝΟΣ","name_place":" ","name_pl_en":" ","geiton_en":"KOLONOS","dk":"4η ΔΚ","dk_en":"4th","shapeaream":337249.737494,"shapelengm":2436.7596655299999}},{"type":"Feature","id":66,"geometry":{"type":"Polygon","coordinates":[[[23.751710339583852,37.988232217603645],[23.751750877609719,37.988315952349602],[23.751786621725135,37.988389782655446],[23.751947499034188,37.988956250789244],[23.752077496723796,37.98941398112423],[23.752216370539792,37.989902955900163],[23.752365891235854,37.990429415697804],[23.752521620207396,37.990977724652026],[23.752775497164869,37.991484348871737],[23.752989452069201,37.991912043387821],[23.753061490862702,37.992055911702401],[23.753176764232578,37.992296362236843],[23.75343365578518,37.992832211806594],[23.753676930148629,37.993299588711174],[23.753744975027406,37.993353942552858],[23.753630951729217,37.993431979428358],[23.753928634937274,37.993599340207709],[23.753668267020711,37.99442950631196],[23.753261517987749,37.994370817432433],[23.753049647714047,37.994340246456517],[23.752966376994063,37.994328230520708],[23.75268479054251,37.99428759921728],[23.752302780293981,37.994232476750589],[23.752075143734839,37.994199628420603],[23.751883189628998,37.994171929157964],[23.751468323745609,37.994112061509284],[23.751217205283076,37.994075823542111],[23.750918695773411,37.993989388602273],[23.750386276692119,37.993835222722467],[23.750257563688464,37.99379889812225],[23.750112959444976,37.993711704479097],[23.749935065897336,37.993604436782228],[23.749784236873012,37.993546876347338],[23.749551651470977,37.993426003987942],[23.749098134649614,37.993190312338115],[23.748634776719069,37.992949503843555],[23.748804955166744,37.99289421939946],[23.748900157308231,37.992755024612862],[23.748883941542974,37.992700739877698],[23.748867831637206,37.992646812274536],[23.748752004764938,37.992259070248743],[23.74859708476961,37.991740451911319],[23.748435254589406,37.99119869608846],[23.748269592908553,37.990644101105701],[23.748117389763902,37.990134559249412],[23.747989613391706,37.989706783590506],[23.747826622254355,37.989161108183502],[23.747799526507375,37.989068962193414],[23.747774909621096,37.988985246723864],[23.748077819879153,37.988932344216281],[23.748200708744797,37.988907970721336],[23.748472754645825,37.988854012410044],[23.74851460791437,37.988845710936886],[23.748642389837606,37.988820365941685],[23.748892524604877,37.988770717546416],[23.749084936174821,37.988732526111036],[23.749185111592698,37.988712642003676],[23.749524387529956,37.988645298106199],[23.749540873716779,37.988642025494968],[23.749545840957879,37.988641084314509],[23.750505559685166,37.988459312187324],[23.751649478430455,37.988243499390194],[23.751710250239174,37.988232033552876],[23.751710339583852,37.988232217603645]]]},"properties":{"FID":66,"geitonia":"ΓΚΥΖΗ","name_place":" ","name_pl_en":" ","geiton_en":"GKYZI","dk":"7η ΔΚ","dk_en":"7th","shapeaream":228255.74880599999,"shapelengm":2037.97223719}},{"type":"Feature","id":67,"geometry":{"type":"Polygon","coordinates":[[[23.734646734436243,37.976152788740734],[23.734395860205378,37.976185605341698],[23.734370657715946,37.976188902124512],[23.734354287032556,37.976191043568022],[23.734268126484551,37.976202314240432],[23.73423053345693,37.97614439554475],[23.733931263354183,37.975683312896045],[23.733974465525197,37.975092670210742],[23.733974958994178,37.975085917983542],[23.733975009276975,37.975085235823023],[23.734124224761825,37.975055715326043],[23.735385526342,37.97489665114086],[23.735411677934575,37.974893352668708],[23.735449525200984,37.974992503648927],[23.735628000353266,37.975918914099353],[23.735615767332991,37.976056638386609],[23.735608420423691,37.976055221274862],[23.735596364070833,37.976052896797363],[23.735521185977639,37.976038400045596],[23.734646734436243,37.976152788740734]]]},"properties":{"FID":67,"geitonia":"--","name_place":"ΣΥΝΤΑΓΜΑ","name_pl_en":"SYNTAGMA","geiton_en":"--","dk":"1η ΔΚ","dk_en":"1st","shapeaream":17153.650818599999,"shapelengm":510.30141681700002}},{"type":"Feature","id":68,"geometry":{"type":"Polygon","coordinates":[[[23.755611170669336,37.987532694125591],[23.755632364632852,37.987605822489648],[23.755656909323918,37.987690514090708],[23.755828927446959,37.988294732472809],[23.755935222555319,37.988650960756161],[23.75599368565106,37.988835845520192],[23.75604541668066,37.989011703435708],[23.756098141560205,37.989210095513258],[23.75625852770581,37.989782744022051],[23.756410761410255,37.990346362526751],[23.756534630746454,37.990770222914492],[23.75652878881435,37.990815275068172],[23.756521121064953,37.990873842715395],[23.756605550657,37.991171441465951],[23.756692783372173,37.991482565212316],[23.756725762403207,37.991518684818928],[23.756025980454723,37.991656934542412],[23.756059239942957,37.991715587035479],[23.756341722194694,37.991959519430885],[23.756720043813317,37.992280258605966],[23.757009885807733,37.992560255987399],[23.757123755273838,37.992673151752875],[23.757264331467933,37.992889750255209],[23.757359903343247,37.993047672253844],[23.757033764114983,37.993223984257888],[23.756887139111804,37.993303562135225],[23.756522759140481,37.993501091017158],[23.756098139235441,37.993725532394116],[23.755448926281328,37.994062166024612],[23.754929451512986,37.99434048295516],[23.75480752337112,37.994403318747295],[23.754601452117004,37.994511043103344],[23.75449923569067,37.994565249342855],[23.754127352310782,37.994497395357286],[23.753668267020711,37.99442950631196],[23.753928634937274,37.993599340207709],[23.753630951729217,37.993431979428358],[23.753744975027406,37.993353942552858],[23.753676930148629,37.993299588711174],[23.75343365578518,37.992832211806594],[23.753176764232578,37.992296362236843],[23.753061490862702,37.992055911702401],[23.752989452069201,37.991912043387821],[23.752775497164869,37.991484348871737],[23.752521620207396,37.990977724652026],[23.752365891235854,37.990429415697804],[23.752216370539792,37.989902955900163],[23.752077496723796,37.98941398112423],[23.751947499034188,37.988956250789244],[23.751786621725135,37.988389782655446],[23.751750877609719,37.988315952349602],[23.751710339583852,37.988232217603645],[23.751710250239174,37.988232033552876],[23.751797388017994,37.988215664450742],[23.752308194290435,37.988119705223099],[23.75281276497601,37.988024914958871],[23.752825194768622,37.98802257971164],[23.75282715240823,37.98802222421255],[23.752828303291949,37.988022014828886],[23.753401815769131,37.987917839397312],[23.753413809982074,37.987915660899553],[23.754393808241222,37.987743929914878],[23.755341360706538,37.987577876176957],[23.755345186978836,37.987577205467524],[23.755610832904338,37.98753152716052],[23.755611170669336,37.987532694125591]]]},"properties":{"FID":68,"geitonia":"ΑΒΕΡΩΦ Ι","name_place":" ","name_pl_en":" ","geiton_en":"AVEROF I","dk":"7η ΔΚ","dk_en":"7th","shapeaream":229029.891156,"shapelengm":2180.2465837599998}},{"type":"Feature","id":69,"geometry":{"type":"Polygon","coordinates":[[[23.773823588916997,37.99459464135208],[23.77338302371912,37.994927268631869],[23.772942111958947,37.995255387146045],[23.772112535454333,37.994561830569403],[23.772104690537763,37.994555272043513],[23.771720343361711,37.994775341434199],[23.771455721464299,37.994261095336228],[23.771243810826718,37.993850598870189],[23.771211961866072,37.993791953419056],[23.771032613196457,37.993440103384479],[23.770940626460835,37.993264173754277],[23.770710752708876,37.992795057767623],[23.770679817424313,37.992785984610244],[23.77015802075735,37.992802991826466],[23.770078656974821,37.992802836715676],[23.76949422271559,37.992819718528224],[23.769454006121919,37.992819639707527],[23.769169261169253,37.993283242898663],[23.76887218322404,37.99313845394768],[23.768383513922721,37.992353374901441],[23.768006688894136,37.991766797075975],[23.768336326006985,37.991627747608263],[23.76847478276089,37.991184208557165],[23.769033410817819,37.990980193263802],[23.768815085946855,37.990466031832369],[23.770009766733558,37.990017731263819],[23.770067755679491,37.9899699305087],[23.77012430022442,37.989923320203388],[23.771280281159289,37.990930506697751],[23.771323245889295,37.990962135215113],[23.773485582815681,37.991899149318812],[23.773563466678404,37.991917324980882],[23.773896713521687,37.991990068850988],[23.774559047870127,37.992216661435521],[23.775306072886806,37.992565085571336],[23.775685439273218,37.992804650175906],[23.775734252211553,37.992786717558523],[23.775911458921566,37.992913235188588],[23.775758655896485,37.993070668826931],[23.775733556828737,37.993095184591212],[23.775712608753896,37.993115645273342],[23.775578721736771,37.993255089043593],[23.775507679214375,37.993327056258785],[23.775075669617948,37.993659706298772],[23.774247381921327,37.994275499477666],[23.773823588916997,37.99459464135208]]]},"properties":{"FID":69,"geitonia":"ΕΡΥΘΡΟΣ ΙΙ","name_place":" ","name_pl_en":" ","geiton_en":"ERYTHROS II","dk":"7η ΔΚ","dk_en":"7th","shapeaream":182518.19076100001,"shapelengm":2069.8063246299998}},{"type":"Feature","id":70,"geometry":{"type":"Polygon","coordinates":[[[23.736615556695686,37.994886733087704],[23.736428087841805,37.994917390309318],[23.736108438824083,37.994969778122943],[23.735769225464441,37.99502624989853],[23.735768448271259,37.995026378838737],[23.735699268806304,37.995037895933685],[23.733910059354404,37.99532696650855],[23.733581098037813,37.995380111395107],[23.73349048609662,37.995438489561302],[23.73323052805074,37.99547845800884],[23.73233459284998,37.995607108672381],[23.732239572784398,37.995615785361736],[23.732223251336872,37.995617275880342],[23.73214198246442,37.995624695862425],[23.732005923802419,37.995065589976015],[23.73191617370075,37.994691352641389],[23.731470410334438,37.992883261313693],[23.73136971450786,37.992486466335187],[23.731271511549352,37.992089676940637],[23.731169750761048,37.991692879307188],[23.731338724298254,37.991677538872246],[23.731343805249786,37.991677077303294],[23.731363419314796,37.991675296099409],[23.73189825749515,37.991595400807626],[23.732299943771839,37.991528719377193],[23.733033883136535,37.991404207668097],[23.734072978402043,37.991235317459292],[23.734080850124535,37.99123404371521],[23.734677272453176,37.991137540835076],[23.734694078195581,37.991134732486408],[23.735156585226303,37.991057505446193],[23.735301911165376,37.991033811543019],[23.73559276103893,37.990986391196138],[23.735592802062683,37.990986384078091],[23.73583173310897,37.990946893987797],[23.736586500032633,37.990822143680674],[23.736588095347749,37.990821879571826],[23.737690116961019,37.990666617540946],[23.737963303208218,37.990628377481592],[23.738260528220621,37.990586772610193],[23.73861446833434,37.990533482600554],[23.739752425622072,37.990346812723757],[23.739752891670118,37.990346737145721],[23.739757964942267,37.990522498884964],[23.739856307089958,37.990892243132947],[23.739868604474569,37.990937334561082],[23.739875982001426,37.990964389415176],[23.73991182081814,37.99109515493484],[23.740035114963991,37.991555082623897],[23.740169670798483,37.992051086405816],[23.740259194434895,37.992389125191231],[23.740259231521257,37.992389265873477],[23.740334556536254,37.992486942146535],[23.740339174016523,37.992492929658226],[23.740339297586054,37.992493090359645],[23.740352057195988,37.992531597962433],[23.740394585551783,37.99265995000917],[23.740099248043517,37.99274491980109],[23.739803701843222,37.992892971980744],[23.739876210511117,37.993010273181802],[23.739876230896041,37.993010305673117],[23.739972869220679,37.993235648450217],[23.739972951680166,37.993235840606076],[23.74000903688102,37.993398151540276],[23.740021244774166,37.993569422526996],[23.740003328093731,37.993704575554005],[23.739972987294866,37.993830688267494],[23.739906913313916,37.993997279745273],[23.73978022464296,37.994195282037097],[23.739617733240365,37.994352647147458],[23.739412499953488,37.994518930180845],[23.739159379086484,37.994640042459238],[23.738942379801166,37.994711663746742],[23.738725458878623,37.994760752706377],[23.7385132769564,37.994778306860944],[23.738284416110236,37.994782304261264],[23.737847915434198,37.994727255146415],[23.737713335054409,37.994740474372776],[23.737641863434249,37.994722289291524],[23.736615556695686,37.994886733087704]]]},"properties":{"FID":70,"geitonia":"ΠΕΔΙΟ ΑΡΕΩΣ-ΣΧΟΛΗ ΕΥΕΛΠΙΔΩΝ","name_place":" ","name_pl_en":" ","geiton_en":"PEDIO AREOS-SCHOLI EVELPIDON","dk":"1η ΔΚ","dk_en":"1st","shapeaream":332188.48695200001,"shapelengm":2393.0097258599999}},{"type":"Feature","id":71,"geometry":{"type":"Polygon","coordinates":[[[23.749777146794674,37.995460746448373],[23.749298613096862,37.995621958566147],[23.749202284637875,37.995650879099053],[23.749119763581696,37.99567565425729],[23.748615462123645,37.995877366400258],[23.748307993688961,37.99599774317376],[23.748284832476578,37.995955144892825],[23.748257520979145,37.995904912861526],[23.748116310113069,37.995645193959852],[23.748060835375167,37.995543162452741],[23.748041948083259,37.99550842345986],[23.747785575477877,37.995135790572753],[23.747385193371919,37.995324947254893],[23.747333153872361,37.995347367577104],[23.746724555311779,37.995449706279729],[23.746613741102088,37.995467797918145],[23.746576599799589,37.995473861951531],[23.746269013811812,37.995133275028891],[23.745969347361104,37.994821685181705],[23.745874291824936,37.994726845010923],[23.745551803184622,37.994428724034151],[23.745115448147683,37.994022201358575],[23.744998375820003,37.993913793493306],[23.744942256023972,37.993859232440016],[23.744751282259553,37.993673561882986],[23.744710354407882,37.993633770583948],[23.74429280802774,37.993245311322845],[23.744784581202623,37.993165263820508],[23.745408808434203,37.993067475344951],[23.74602698325695,37.992969670483994],[23.746620940185966,37.992876316624525],[23.746652924120916,37.992786257076126],[23.74711137637053,37.992561922539025],[23.747146987289778,37.992545059456127],[23.747152317860042,37.99254253560197],[23.747490307078355,37.992382479738644],[23.747496247482523,37.992385438790471],[23.747505548619742,37.992390072432805],[23.747573751314327,37.992424048536478],[23.747579862262867,37.992427092670837],[23.747871886588538,37.992572568044011],[23.747963637162606,37.992607762459727],[23.747964030691747,37.992607913817487],[23.748036038845033,37.992635534738078],[23.74806700938948,37.992651775529637],[23.748085316839088,37.992661375566897],[23.748363146376455,37.9928070662666],[23.748487310014248,37.992872175647996],[23.748634776719069,37.992949503843555],[23.749098134649614,37.993190312338115],[23.749551651470977,37.993426003987942],[23.749784236873012,37.993546876347338],[23.749935065897336,37.993604436782228],[23.750112959444976,37.993711704479097],[23.750257563688464,37.99379889812225],[23.750386276692119,37.993835222722467],[23.750918695773411,37.993989388602273],[23.751217205283076,37.994075823542111],[23.751468323745609,37.994112061509284],[23.751883189628998,37.994171929157964],[23.751767014936579,37.99419865856985],[23.75151160755372,37.994249690749413],[23.75149919554903,37.994252168294381],[23.751028376408811,37.994345809279757],[23.750593488460517,37.994438680971328],[23.750325679307821,37.994493031642911],[23.750147249752583,37.994528704118366],[23.750316621330079,37.99506532788277],[23.750346893087961,37.995164533396995],[23.75040462014007,37.995353925579472],[23.750348497067442,37.995418788151333],[23.750295641699761,37.995479874042381],[23.749978000301063,37.995425122212332],[23.749777146794674,37.995460746448373]]]},"properties":{"FID":71,"geitonia":"ΠΕΔΙΟ ΑΡΕΩΣ ΙΙ","name_place":" ","name_pl_en":" ","geiton_en":"PEDIO AREOS II","dk":"7η ΔΚ","dk_en":"7th","shapeaream":126067.510574,"shapelengm":1740.7967408500001}},{"type":"Feature","id":72,"geometry":{"type":"Polygon","coordinates":[[[23.73113122919051,37.991534359888995],[23.731137579696799,37.991560490922325],[23.731169750761048,37.991692879307188],[23.731271511549352,37.992089676940637],[23.73136971450786,37.992486466335187],[23.731470410334438,37.992883261313693],[23.73191617370075,37.994691352641389],[23.732005923802419,37.995065589976015],[23.73214198246442,37.995624695862425],[23.732141857116488,37.995624714503933],[23.730915548920013,37.995811166020502],[23.730262791638676,37.995913318461696],[23.72969266832305,37.995997631540249],[23.729168418507523,37.99608278023517],[23.728926645822806,37.996122048288434],[23.727393235081106,37.996352837961489],[23.727293384289855,37.995762633455577],[23.727228493820551,37.99537906969833],[23.727197226137882,37.995004558853914],[23.727184281646164,37.994849510724883],[23.727168573810431,37.994661371854384],[23.727136328534947,37.994275143793359],[23.727104686650836,37.993896132777614],[23.727075714548906,37.993549106381366],[23.727045246594383,37.993184155354683],[23.727028299578837,37.99298116578354],[23.727008734493779,37.992746804538626],[23.72699970441484,37.992638635795338],[23.726971969881756,37.99230640855513],[23.726943317376001,37.991963200615707],[23.726943262875857,37.991962541650409],[23.726943306155263,37.991962540849599],[23.72694395080438,37.991962525221744],[23.726946355144349,37.991962465910881],[23.726950647874567,37.991962360511813],[23.727111259044126,37.991958425110035],[23.727911068922847,37.991829591779052],[23.728644985342079,37.991714120268142],[23.729059470511725,37.991651985859086],[23.729845020601534,37.991527612934092],[23.730769857661222,37.991381497426786],[23.731082094882147,37.991332165185121],[23.73113122919051,37.991534359888995]]]},"properties":{"FID":72,"geitonia":"ΠΛΑΤΕΙΑ ΒΙΚΤΩΡΙΑΣ","name_place":" ","name_pl_en":" ","geiton_en":"PLATEIA VIKTORIAS","dk":"6η ΔΚ","dk_en":"6th","shapeaream":194231.54286399999,"shapelengm":1769.8905382299999}},{"type":"Feature","id":73,"geometry":{"type":"Polygon","coordinates":[[[23.735097548399256,38.008956855522861],[23.735097059319035,38.009290328660789],[23.735096751237698,38.009375949727996],[23.735106020959744,38.009872492077307],[23.735134316471349,38.010313367220718],[23.735142745177704,38.010444072026282],[23.735183178059867,38.011079566521374],[23.735201971913707,38.011241668251408],[23.735238478438919,38.011858635174285],[23.735247537314851,38.012485710289738],[23.735250773051604,38.01257584569489],[23.735265107619441,38.012945403245013],[23.734610555632315,38.01291238309588],[23.733591567193798,38.012851495851969],[23.732706417342147,38.012795410463077],[23.73233253390865,38.012722457581631],[23.732126248134499,38.012674402939801],[23.73207857083203,38.012663295995949],[23.731881517308192,38.012623357264779],[23.731763751101596,38.01259948866354],[23.731693822841777,38.012584208349345],[23.731409465979496,38.012522071142293],[23.731046264878469,38.01244913856894],[23.731083792333663,38.012408666736775],[23.731165026857695,38.011804994063333],[23.731240804559398,38.011232853645865],[23.731298804373061,38.010849941599844],[23.731332628801145,38.010457961457803],[23.73138004222292,38.009561294647632],[23.731841093525713,38.009544321203627],[23.732341335647224,38.009518422337848],[23.732344463981086,38.009461942533257],[23.732344807745164,38.009455745201869],[23.732374955502284,38.008911518995035],[23.732375380957379,38.008903842845584],[23.73237752786261,38.008865075492956],[23.733152186319234,38.00884881013085],[23.733807560067532,38.008841282548012],[23.734411690211843,38.008829129190744],[23.735096642242301,38.008812648399271],[23.735097548399256,38.008956855522861]]]},"properties":{"FID":73,"geitonia":"ΚΟΛΙΑΤΣΟΥ II","name_place":" ","name_pl_en":" ","geiton_en":"KOLIATSOU II","dk":"5η ΔΚ","dk_en":"5th","shapeaream":143208.28921799999,"shapelengm":1554.05307638}},{"type":"Feature","id":74,"geometry":{"type":"Polygon","coordinates":[[[23.726410273392283,37.996285243183372],[23.726368858229797,37.996368484924112],[23.726309321362518,37.996395384905007],[23.725504306907421,37.996474624425922],[23.724674749181787,37.996549294565924],[23.723896545299585,37.99663119955413],[23.723137688921536,37.99670341107295],[23.722220508213056,37.996796283438172],[23.722220419343447,37.996796292241115],[23.722128289406793,37.996804678269541],[23.721792612795532,37.996817403998179],[23.721719294920284,37.996817230551009],[23.721298370949466,37.996784688974067],[23.720786440060898,37.996738665694927],[23.720783536789099,37.996738403739535],[23.720872024115611,37.996116728208186],[23.720967747526267,37.995463524783759],[23.721061381516314,37.994786284422744],[23.721302343987148,37.994802461357736],[23.721446981052601,37.994757153066629],[23.721406038741556,37.994572292937249],[23.721326715925073,37.994184553013298],[23.721226499413394,37.993675090173433],[23.721192337888812,37.993485739588941],[23.721139611156378,37.992935831398931],[23.721110907768281,37.992872185871413],[23.721105023658737,37.992859140254481],[23.721120602385447,37.992692439654398],[23.721034719978807,37.992282696135391],[23.721034221622499,37.992279265567554],[23.72103406068069,37.992278158409007],[23.721034675771357,37.992278130125477],[23.721218338770559,37.992269587889972],[23.72132116501923,37.992264805098962],[23.721345508979336,37.992263673079393],[23.721443733414496,37.992259104600052],[23.721556237075212,37.992253871347479],[23.721874320189791,37.992239075861285],[23.722298625898762,37.992217546301568],[23.723105258563663,37.992169877352552],[23.723333943922395,37.99211633843538],[23.724330195745488,37.992087132629869],[23.725073427051726,37.992052820829464],[23.726044476901905,37.992005515907628],[23.726943262875857,37.991962541650409],[23.726943317376001,37.991963200615707],[23.726971969881756,37.99230640855513],[23.72699970441484,37.992638635795338],[23.727008734493779,37.992746804538626],[23.727028299578837,37.99298116578354],[23.727045246594383,37.993184155354683],[23.727075714548906,37.993549106381366],[23.727104686650836,37.993896132777614],[23.727136328534947,37.994275143793359],[23.727168573810431,37.994661371854384],[23.727184281646164,37.994849510724883],[23.727197226137882,37.995004558853914],[23.727228493820551,37.99537906969833],[23.727293384289855,37.995762633455577],[23.727393235081106,37.996352837961489],[23.727275135846579,37.996234080539388],[23.726410273392283,37.996285243183372]]]},"properties":{"FID":74,"geitonia":"ΠΛΑΤΕΙΑ ΑΤΤΙΚΗΣ","name_place":" ","name_pl_en":" ","geiton_en":"PLATEIA ATTIKIS","dk":"6η ΔΚ","dk_en":"6th","shapeaream":263845.81963599997,"shapelengm":2138.75806182}},{"type":"Feature","id":75,"geometry":{"type":"Polygon","coordinates":[[[23.747240512512874,37.996415190044928],[23.746655072048178,37.996632371943214],[23.746508074124147,37.996701239570911],[23.746327637574467,37.996775888737432],[23.745942502786257,37.996901148867323],[23.745840552286392,37.996906510255826],[23.745693089738875,37.996814337170811],[23.745351415318058,37.996686919773914],[23.745198996191938,37.996610516815934],[23.745052206093597,37.996563356299013],[23.744295498250271,37.996371832940511],[23.744146870569601,37.996357908449433],[23.743820137635208,37.996321595638854],[23.743473610651055,37.996307172394964],[23.742807755167032,37.99637403557594],[23.742513369369473,37.9963869107345],[23.742151083997843,37.996377104225878],[23.742090919916539,37.996381478733483],[23.741555994214259,37.996276656901792],[23.740810205462441,37.996117291124314],[23.740186417636096,37.995980722273764],[23.739508210685727,37.995835016765206],[23.738280269368254,37.995548386379049],[23.737996140055177,37.995480157509768],[23.737835675123407,37.9954662806933],[23.737335640961934,37.995361517434908],[23.736508385278263,37.995197436002385],[23.735995526161435,37.995097144735226],[23.735798085315874,37.995057658679379],[23.73577773407423,37.995053588730748],[23.735699473661391,37.995037936951775],[23.735699268806304,37.995037895933685],[23.735768448271259,37.995026378838737],[23.735769225464441,37.99502624989853],[23.736108438824083,37.994969778122943],[23.736428087841805,37.994917390309318],[23.736615556695686,37.994886733087704],[23.737641863434249,37.994722289291524],[23.737713335054409,37.994740474372776],[23.737847915434198,37.994727255146415],[23.738284416110236,37.994782304261264],[23.7385132769564,37.994778306860944],[23.738725458878623,37.994760752706377],[23.738942379801166,37.994711663746742],[23.739159379086484,37.994640042459238],[23.739412499953488,37.994518930180845],[23.739617733240365,37.994352647147458],[23.73978022464296,37.994195282037097],[23.739906913313916,37.993997279745273],[23.739972987294866,37.993830688267494],[23.740003328093731,37.993704575554005],[23.740021244774166,37.993569422526996],[23.74000903688102,37.993398151540276],[23.739972951680166,37.993235840606076],[23.739972869220679,37.993235648450217],[23.739876230896041,37.993010305673117],[23.739876210511117,37.993010273181802],[23.739803701843222,37.992892971980744],[23.740099248043517,37.99274491980109],[23.740394585551783,37.99265995000917],[23.740352057195988,37.992531597962433],[23.740339297586054,37.992493090359645],[23.740339174016523,37.992492929658226],[23.740334556536254,37.992486942146535],[23.740259231521257,37.992389265873477],[23.740259335010595,37.992389307561105],[23.740531463215113,37.992498020850078],[23.740866412008501,37.992584381276586],[23.74107868896856,37.992638925820046],[23.741079892439021,37.992672387750233],[23.74108095903825,37.992702020722966],[23.742190680002118,37.99315330603546],[23.742819352724201,37.99340895806327],[23.742946318749627,37.993431938961571],[23.743425082053843,37.99336882998589],[23.744024662763753,37.9932897922845],[23.74429280802774,37.993245311322845],[23.744710354407882,37.993633770583948],[23.744751282259553,37.993673561882986],[23.744942256023972,37.993859232440016],[23.744998375820003,37.993913793493306],[23.745115448147683,37.994022201358575],[23.745551803184622,37.994428724034151],[23.745874291824936,37.994726845010923],[23.745969347361104,37.994821685181705],[23.746269013811812,37.995133275028891],[23.746576599799589,37.995473861951531],[23.746613741102088,37.995467797918145],[23.746724555311779,37.995449706279729],[23.747333153872361,37.995347367577104],[23.747385193371919,37.995324947254893],[23.747785575477877,37.995135790572753],[23.748041948083259,37.99550842345986],[23.748060835375167,37.995543162452741],[23.748116310113069,37.995645193959852],[23.748257520979145,37.995904912861526],[23.748284832476578,37.995955144892825],[23.748307993688961,37.99599774317376],[23.748196873491963,37.996041247348302],[23.747676733981017,37.996244882732299],[23.747240512512874,37.996415190044928]]]},"properties":{"FID":75,"geitonia":"ΣΧΟΛΗ ΕΥΕΛΠΙΔΩΝ","name_place":" ","name_pl_en":" ","geiton_en":"SCHOLI EVELPIDON","dk":"6η ΔΚ","dk_en":"6th","shapeaream":234280.13546799999,"shapelengm":2719.0943105299998}},{"type":"Feature","id":76,"geometry":{"type":"Polygon","coordinates":[[[23.76714698719142,37.99352711007981],[23.767406564152317,37.994050368764491],[23.767603194517953,37.994447322645335],[23.767718834905992,37.99468188504958],[23.767863599338767,37.994987845085511],[23.767797884655042,37.995029416900536],[23.767706166986802,37.99508743804158],[23.767270724874731,37.995365975414565],[23.767163739322339,37.995433360003972],[23.766661609284832,37.995752320860426],[23.766268967394215,37.995999394435849],[23.765893079880342,37.996237487193667],[23.765455488654791,37.996516013496333],[23.765005763182788,37.996803526751506],[23.764660163970646,37.997028156775599],[23.764211836571754,37.997099361586315],[23.76380302988921,37.997166137637798],[23.763299577997159,37.997223708992976],[23.763189896304166,37.997020699298481],[23.762986732672928,37.996668789276818],[23.762695072407102,37.996167988478511],[23.762666759329317,37.996118360720033],[23.762584311118019,37.995969482429743],[23.762266152988058,37.995410043546222],[23.762056251118722,37.995053611790482],[23.76176395002339,37.994534781576597],[23.76174414955014,37.994494183669993],[23.761712664361749,37.994435536399273],[23.761437916703006,37.994322318905567],[23.760994274141876,37.994051032908132],[23.760625550425427,37.993828146188406],[23.760600304218862,37.993780666510482],[23.76039237977589,37.993654558996326],[23.759875252967074,37.993365584546254],[23.759887348606231,37.993351720443805],[23.759895753019819,37.993342087546473],[23.760124418080821,37.993079993681157],[23.760132199424163,37.993071074214406],[23.760147628353412,37.993053390027484],[23.760171922910533,37.993024657943103],[23.760176229619105,37.99301956455205],[23.760382350699935,37.992775795986745],[23.760386757985948,37.992770583823074],[23.760406292947831,37.992747480429429],[23.760606012978389,37.992509046643264],[23.760761797827328,37.992320093813589],[23.760779411541655,37.992266052552644],[23.760794791653392,37.992221565772319],[23.760821446415449,37.992144464592371],[23.761293904701883,37.99241580979772],[23.76180241311593,37.992655681143894],[23.762138296079165,37.99279155357678],[23.762950744072359,37.993032034207523],[23.763627578821396,37.993168589034589],[23.764375702546381,37.993281381630986],[23.765138445146611,37.993244432187964],[23.765276141000228,37.993235417513702],[23.765662805546782,37.9932101017232],[23.766017374260038,37.993186886604356],[23.766307928121648,37.993142400008992],[23.766721692761191,37.993075625006725],[23.766793170756866,37.993024861284951],[23.766794916014273,37.993023621873597],[23.766867226019919,37.992972265809207],[23.766920994067878,37.99307602011428],[23.76714698719142,37.99352711007981]]]},"properties":{"FID":76,"geitonia":"ΑΝΩ ΑΜΠΕΛΟΚΗΠΟΙ","name_place":" ","name_pl_en":" ","geiton_en":"ANO AMPELOKIPOI","dk":"7η ΔΚ","dk_en":"7th","shapeaream":201455.30742200001,"shapelengm":1989.61737049}},{"type":"Feature","id":77,"geometry":{"type":"Polygon","coordinates":[[[23.735820123933433,38.019584583276803],[23.73554020927849,38.019606486105069],[23.735558773433585,38.019032723328948],[23.735536665762687,38.018612034406324],[23.735514345068189,38.018187285603894],[23.735493544148781,38.017791447852801],[23.735486167313297,38.017651069453848],[23.735445854272971,38.016883927793046],[23.735381780008996,38.015744143118532],[23.735386021755318,38.015745292783329],[23.735499147945358,38.01577595198642],[23.736315190043349,38.015755252581968],[23.73732414637448,38.016145061308208],[23.737835563493274,38.016092125702407],[23.739308545740055,38.015942182532314],[23.739423474764017,38.016663461811333],[23.73946567501973,38.016911407485019],[23.739573772659266,38.01755155612156],[23.739601016648596,38.017700327734794],[23.739647372742517,38.018484544346173],[23.739640587052307,38.018993752707466],[23.739618343540187,38.019444343583622],[23.739227707074484,38.019466009975126],[23.738633054276328,38.019491728194723],[23.737717576291271,38.01953024747484],[23.737122534844712,38.019564969988771],[23.736809218978042,38.01956877556335],[23.736638328199028,38.019568392962327],[23.735820123933433,38.019584583276803]]]},"properties":{"FID":77,"geitonia":"ΚΥΠΡΙΑΔΟΥ","name_place":" ","name_pl_en":" ","geiton_en":"KYPRIADOU","dk":"5η ΔΚ","dk_en":"5th","shapeaream":141475.422861,"shapelengm":1535.1760414099999}},{"type":"Feature","id":78,"geometry":{"type":"Polygon","coordinates":[[[23.772942111958947,37.995255387146045],[23.772499045769422,37.995588006239103],[23.772064916850034,37.995907121693669],[23.771293302559005,37.996365278836379],[23.770692512507047,37.996711103506435],[23.770270693990028,37.99695813352438],[23.770232142810769,37.996994109587156],[23.769841477137831,37.997407936466779],[23.769398645482969,37.997884749629726],[23.7693163915126,37.998123428594113],[23.769297370610676,37.99806030140639],[23.769196622693343,37.997726628656842],[23.76919259175315,37.997650011601756],[23.76884176942519,37.99696000522141],[23.76884168566238,37.996959840121775],[23.768470284955065,37.996224562966496],[23.768011222831511,37.995299841963231],[23.767863599338767,37.994987845085511],[23.767718834905992,37.99468188504958],[23.767603194517953,37.994447322645335],[23.767406564152317,37.994050368764491],[23.76714698719142,37.99352711007981],[23.766920994067878,37.99307602011428],[23.766867226019919,37.992972265809207],[23.767151586096329,37.992860168492342],[23.767349534410524,37.992838028075205],[23.767382319354184,37.992824573646537],[23.768047767285534,37.992510438128932],[23.768126077818156,37.992506086109124],[23.768365590668758,37.992393897425025],[23.768383513922721,37.992353374901441],[23.76887218322404,37.99313845394768],[23.769169261169253,37.993283242898663],[23.769454006121919,37.992819639707527],[23.76949422271559,37.992819718528224],[23.770078656974821,37.992802836715676],[23.77015802075735,37.992802991826466],[23.770679817424313,37.992785984610244],[23.770710752708876,37.992795057767623],[23.770940626460835,37.993264173754277],[23.771032613196457,37.993440103384479],[23.771211961866072,37.993791953419056],[23.771243810826718,37.993850598870189],[23.771455721464299,37.994261095336228],[23.771720343361711,37.994775341434199],[23.772104690537763,37.994555272043513],[23.772112535454333,37.994561830569403],[23.772942111958947,37.995255387146045]]]},"properties":{"FID":78,"geitonia":"ΕΡΥΘΡΟΣ Ι","name_place":" ","name_pl_en":" ","geiton_en":"ERYTHROS I","dk":"7η ΔΚ","dk_en":"7th","shapeaream":160050.57864399999,"shapelengm":1903.4815474100001}},{"type":"Feature","id":79,"geometry":{"type":"Polygon","coordinates":[[[23.719955518356034,37.994627431706206],[23.71999225211702,37.995262924125228],[23.720018639091606,37.995718135134545],[23.720040673042813,37.996101233065531],[23.720056390798661,37.99636714909122],[23.720093855155184,37.9969981366146],[23.720126709767797,37.997624606673824],[23.720146390918629,37.99797164753646],[23.720158094083853,37.998169957677099],[23.719194549134603,37.998280321556905],[23.718768697937858,37.998324368223109],[23.718341779052523,37.998368410789453],[23.717608629442839,37.998447768271383],[23.716842360953635,37.998531547865731],[23.716341356258145,37.998588924025711],[23.715677285799181,37.998659423210995],[23.715395630037378,37.998690286900882],[23.715033502161738,37.998729967798312],[23.714972266300919,37.998734325829794],[23.714347344621949,37.998804912366886],[23.71363312422622,37.998879210488113],[23.71362773020677,37.998879771471891],[23.713343323104926,37.998428437173168],[23.712939036874019,37.997778527361284],[23.712879281303419,37.997676212954602],[23.712662590248843,37.997295665863803],[23.712540948407607,37.997092579920142],[23.712380400991755,37.99682630888757],[23.712252033033131,37.996614193350752],[23.712012455954959,37.996219684012161],[23.712010852450582,37.996217038424625],[23.711951894949852,37.996185349135459],[23.711952608621129,37.996184876808265],[23.712012914475441,37.996144940810055],[23.712063326012281,37.996086480817681],[23.712343695565327,37.995744679181598],[23.712412487084219,37.9956276805652],[23.712834537761477,37.994912191423055],[23.712972099892422,37.994682699901652],[23.712985293350091,37.994493462550139],[23.713164735177376,37.994110854756741],[23.713201691582171,37.994034335766131],[23.713392484773756,37.993660768106899],[23.713580428862361,37.993287193173394],[23.713718626634982,37.993041330434188],[23.713947562174887,37.992679742567098],[23.714043208698822,37.992721956040938],[23.714430063896142,37.992892694192591],[23.714965843586977,37.993128327585787],[23.715368036506412,37.993305051893032],[23.715816766205997,37.993504419364569],[23.716640024197197,37.99385790623888],[23.716749911810066,37.994065466177403],[23.716834078650223,37.994205367810963],[23.717568357605177,37.994098979235773],[23.718035333948411,37.994032967509902],[23.718602812210939,37.993952746836776],[23.719147758246784,37.993875040083665],[23.719908254338382,37.993766593182364],[23.719955518356034,37.994627431706206]]]},"properties":{"FID":79,"geitonia":"ΑΓΙΟΣ ΚΩΝΣΤΑΝΤΙΝΟΣ","name_place":" ","name_pl_en":" ","geiton_en":"AGIOS KONSTANTINOS","dk":"4η ΔΚ","dk_en":"4th","shapeaream":349600.90449099999,"shapelengm":2419.0453485500002}},{"type":"Feature","id":80,"geometry":{"type":"Polygon","coordinates":[[[23.704759937650003,37.992999504778055],[23.704638224430916,37.993265077868877],[23.704554033627762,37.993447560210164],[23.704546909525561,37.993463001130856],[23.704543715682401,37.993469923978694],[23.704539696957767,37.993478633802248],[23.704532313199309,37.993494639174507],[23.704517620338713,37.993525638864902],[23.70448154943513,37.993602382665202],[23.703858340412374,37.993987061152922],[23.703141965304219,37.994458367792433],[23.703650157414273,37.995008008137127],[23.704150280868369,37.995548912345235],[23.704458973813402,37.995775203894262],[23.703750401762754,37.996669770811266],[23.703625776082497,37.996827106567153],[23.703476024873346,37.996849261198903],[23.7033948510512,37.996860598353081],[23.703058763227705,37.996907536351543],[23.702700011158338,37.996957639090091],[23.702626962257355,37.996967840806086],[23.702461806170696,37.996990904246289],[23.702450648615553,37.996992459574258],[23.701635970504011,37.997105979885809],[23.701225721351403,37.997163521857132],[23.70088824200543,37.997208317676062],[23.700769877633309,37.99722305270447],[23.70076562043608,37.997223579038149],[23.700590184143127,37.996277000845708],[23.701378336328276,37.995971276761978],[23.701106148385048,37.995751461822692],[23.700373330325419,37.995162427510515],[23.699927251326599,37.994803865700973],[23.699719447299707,37.994708537484172],[23.699062188433619,37.994261120798221],[23.698639275018554,37.993686471157766],[23.698546776174158,37.993516476489937],[23.700893404419233,37.99207353231256],[23.701724794197268,37.991511370532059],[23.703374593995751,37.990395815448785],[23.70424214600682,37.989798646158718],[23.70485413750988,37.989385592667809],[23.706240074862407,37.988422978202699],[23.706297509758208,37.988383085674812],[23.706366784120696,37.988450768433367],[23.707276100723764,37.989339185750204],[23.707322473122499,37.989384492438951],[23.707620779864929,37.989694911977843],[23.707757398056376,37.989834471060242],[23.708074753721032,37.989981181536443],[23.707299391715406,37.990231789045609],[23.707125328484587,37.990288047439073],[23.707166458534441,37.990306343164264],[23.707177315140395,37.990311173135268],[23.707502255768627,37.9904557229207],[23.707529592224304,37.990468349388671],[23.707806335703836,37.990596177728435],[23.70741468725863,37.991075788630894],[23.707256184571296,37.99117326557743],[23.707249434022511,37.991160816465033],[23.707191680825211,37.991054304074488],[23.707041819419924,37.991279218559541],[23.707014818010919,37.991319742429901],[23.707003392706593,37.991328726809449],[23.706988192244768,37.991351713143651],[23.706878436317407,37.991517685101016],[23.706647756354517,37.991891142814204],[23.706416718723169,37.992264599154623],[23.706268819386008,37.992494057264075],[23.706068955772071,37.992813513701357],[23.705968392338725,37.992974250545075],[23.705934040114858,37.993029157389216],[23.705904545370206,37.993076300093001],[23.705869090417785,37.993132969774443],[23.705799427870197,37.993105611933849],[23.705740869023185,37.993082615203186],[23.705669486157259,37.993054582426673],[23.705384053040063,37.992942486283255],[23.704899017041893,37.992752000793175],[23.704881669178359,37.992729425175369],[23.704759937650003,37.992999504778055]]]},"properties":{"FID":80,"geitonia":"--","name_place":"ΑΚΑΔΗΜΙΑ ΠΛΑΤΩΝΟΣ ΙΙ","name_pl_en":"AKADIMIA PLATONOS II","geiton_en":"--","dk":"4η ΔΚ","dk_en":"4th","shapeaream":340237.18321300001,"shapelengm":3127.94782713}},{"type":"Feature","id":81,"geometry":{"type":"Polygon","coordinates":[[[23.749472655997526,37.996248721794167],[23.750022681421015,37.997151175973968],[23.750571342384958,37.998040105311652],[23.75084703190365,37.998485785884874],[23.750777202596371,37.998656087797272],[23.750618865821572,37.999042239702661],[23.750526668167875,37.999267090168672],[23.750518007256098,37.999287996896861],[23.750354348101045,37.999683073336151],[23.750096717338248,37.999261672793118],[23.749747463907564,37.999259829724359],[23.749458053026355,37.99925830237985],[23.749071847658854,37.999256262318482],[23.748673990557808,37.998959881962143],[23.74850571386127,37.998833342562769],[23.748079299655661,37.998525993581552],[23.748000840985121,37.998467242070717],[23.747851739974408,37.998354262066051],[23.747303234253661,37.99794750724412],[23.746965994425711,37.997689916354126],[23.746732730909663,37.997522676803655],[23.746387519305184,37.997264018882547],[23.74608733766761,37.997039098478766],[23.746058674883923,37.997011797999043],[23.745942502786257,37.996901148867323],[23.746327637574467,37.996775888737432],[23.746508074124147,37.996701239570911],[23.746655072048178,37.996632371943214],[23.747240512512874,37.996415190044928],[23.747676733981017,37.996244882732299],[23.748196873491963,37.996041247348302],[23.748307993688961,37.99599774317376],[23.748615462123645,37.995877366400258],[23.749119763581696,37.99567565425729],[23.749472655997526,37.996248721794167]]]},"properties":{"FID":81,"geitonia":"ΠΟΛΥΓΩΝΟ ΙΙ","name_place":" ","name_pl_en":" ","geiton_en":"POLYGONO II","dk":"7η ΔΚ","dk_en":"7th","shapeaream":92536.563955299993,"shapelengm":1318.6980586100001}},{"type":"Feature","id":82,"geometry":{"type":"Polygon","coordinates":[[[23.742038071086832,37.997007308015583],[23.741972795147802,37.997386151016435],[23.741920161613134,37.997678952717834],[23.741652560149671,37.997867634780434],[23.741453807224591,37.998011403413962],[23.74100280243551,37.998330366785574],[23.740485756025041,37.998703259710112],[23.740430461676524,37.99873918902847],[23.740054348689757,37.999013249801095],[23.739638987904179,37.999314260977968],[23.739082044820911,37.999707241759168],[23.739072358692216,37.999714076332438],[23.738790387497964,37.999434052625638],[23.738781446625019,37.999423766250544],[23.738672666951967,37.999298618454596],[23.738570609702212,37.999181204990144],[23.738446028652049,37.998982645675675],[23.738423870393639,37.998946656822554],[23.738240423190692,37.998648713417886],[23.738048151063932,37.998368887487494],[23.737969872076761,37.998273776427318],[23.737802913257724,37.998070917498794],[23.737539835458858,37.997885567616684],[23.737210008564531,37.997655003846575],[23.736965378121614,37.997487719557306],[23.736799940101601,37.997370182595091],[23.736214222279767,37.996956089749446],[23.735709576778401,37.996599308540176],[23.735321698910184,37.996325064362651],[23.734910657991868,37.9960344651751],[23.734798443781642,37.995955111042257],[23.733999696902931,37.99539036728531],[23.733960522881127,37.99536266875571],[23.733910314954958,37.995327147343566],[23.733910059354404,37.99532696650855],[23.735699268806304,37.995037895933685],[23.735699473661391,37.995037936951775],[23.73577773407423,37.995053588730748],[23.735798085315874,37.995057658679379],[23.735995526161435,37.995097144735226],[23.736508385278263,37.995197436002385],[23.737335640961934,37.995361517434908],[23.737835675123407,37.9954662806933],[23.737996140055177,37.995480157509768],[23.738280269368254,37.995548386379049],[23.739508210685727,37.995835016765206],[23.740186417636096,37.995980722273764],[23.740810205462441,37.996117291124314],[23.741555994214259,37.996276656901792],[23.742090919916539,37.996381478733483],[23.742151083997843,37.996377104225878],[23.742038071086832,37.997007308015583]]]},"properties":{"FID":82,"geitonia":"ΠΟΛΥΓΩΝΟ","name_place":" ","name_pl_en":" ","geiton_en":"POLYGONO","dk":"6η ΔΚ","dk_en":"6th","shapeaream":172808.449616,"shapelengm":1902.2103474}},{"type":"Feature","id":83,"geometry":{"type":"Polygon","coordinates":[[[23.732142071120034,37.995625058380398],[23.732143314527395,37.995630147156291],[23.732226850401855,37.99597188334252],[23.732322281788655,37.996350639710876],[23.732426480407113,37.996765467267643],[23.732746801236569,37.998041511690261],[23.732882564570879,37.998587096531189],[23.733022873512144,37.999155223566561],[23.731791077822944,37.999332677654976],[23.731152527484113,37.999434867325341],[23.730570243442887,37.999528169601376],[23.729862250583828,37.99963920598951],[23.729201966323629,37.999745841550798],[23.728572339710642,37.99983902491023],[23.727519695280808,37.999998755162181],[23.7275192633651,37.999998820856497],[23.727520989334373,37.999927903796909],[23.727528917437823,37.999602278689729],[23.727533632300986,37.999385981674237],[23.727536079358003,37.999205730721854],[23.727536924577311,37.999169681354971],[23.72754278581035,37.998836220166851],[23.727549057616741,37.998583875400442],[23.727553817065505,37.998259424458645],[23.727559771708631,37.997804290184845],[23.727565881582976,37.997403233238913],[23.727469578086808,37.996785630972468],[23.727393235081106,37.996352837961489],[23.728926645822806,37.996122048288434],[23.729168418507523,37.99608278023517],[23.72969266832305,37.995997631540249],[23.730262791638676,37.995913318461696],[23.730915548920013,37.995811166020502],[23.732141857116488,37.995624714503933],[23.73214198246442,37.995624695862425],[23.732142071120034,37.995625058380398]]]},"properties":{"FID":83,"geitonia":"ΑΡΙΣΤΟΤΕΛΟΥΣ","name_place":" ","name_pl_en":" ","geiton_en":"ARISTOTELOUS","dk":"6η ΔΚ","dk_en":"6th","shapeaream":180551.39777700001,"shapelengm":1722.4391404999999}},{"type":"Feature","id":84,"geometry":{"type":"Polygon","coordinates":[[[23.729134770654547,38.006982985362207],[23.72787588044611,38.007133297135958],[23.72782629980912,38.007138718977671],[23.727744705811496,38.007147640275441],[23.727675830304737,38.007155171448687],[23.727633726226724,38.007159775033031],[23.727476607977785,38.00681241751564],[23.727307643853059,38.006492070763677],[23.727209678238093,38.006320599991248],[23.726790592365248,38.005701262058125],[23.726652037902554,38.005496499579507],[23.726644664198155,38.005485602163141],[23.726600676487951,38.005444942218247],[23.726259738787245,38.005043078592955],[23.72594819940765,38.004681840166207],[23.725980118966305,38.004676650151218],[23.726032164045154,38.004668187588919],[23.726078643765948,38.00466062954677],[23.726139462532718,38.004650740813283],[23.727099754022998,38.004477222956474],[23.728565498970696,38.004205723828647],[23.728579341912685,38.00420321055504],[23.730011622532519,38.003943174186873],[23.730106508812906,38.004301858124329],[23.730150306369591,38.00446623626322],[23.730218046387431,38.004727763549042],[23.73025735156018,38.004881071696644],[23.730287534196226,38.004998307615878],[23.730354564412956,38.005259833172936],[23.730816498585245,38.005188788782888],[23.730905486772208,38.005188992426802],[23.731091087287272,38.005928468354263],[23.731289565401411,38.006749088707544],[23.730752869004629,38.00681996378696],[23.730199797384909,38.006890798849597],[23.729721155418101,38.006952789564274],[23.729557040165147,38.006956918695749],[23.729392942596771,38.006956541229059],[23.729134770654547,38.006982985362207]]]},"properties":{"FID":84,"geitonia":"ΑΓΙΑ ΤΡΙΑΔΑ","name_place":" ","name_pl_en":" ","geiton_en":"AGIA TRIADA","dk":"6η ΔΚ","dk_en":"6th","shapeaream":106256.401165,"shapelengm":1379.2409918200001}},{"type":"Feature","id":85,"geometry":{"type":"Polygon","coordinates":[[[23.733910314954958,37.995327147343566],[23.733960522881127,37.99536266875571],[23.733999696902931,37.99539036728531],[23.734798443781642,37.995955111042257],[23.734910657991868,37.9960344651751],[23.735321698910184,37.996325064362651],[23.735709576778401,37.996599308540176],[23.736214222279767,37.996956089749446],[23.736799940101601,37.997370182595091],[23.736965378121614,37.997487719557306],[23.737210008564531,37.997655003846575],[23.737539835458858,37.997885567616684],[23.737802913257724,37.998070917498794],[23.737969872076761,37.998273776427318],[23.738048151063932,37.998368887487494],[23.738240423190692,37.998648713417886],[23.738423870393639,37.998946656822554],[23.738446028652049,37.998982645675675],[23.738570609702212,37.999181204990144],[23.738672666951967,37.999298618454596],[23.738781446625019,37.999423766250544],[23.738790387497964,37.999434052625638],[23.738650205639306,37.999519363122893],[23.737550657898069,37.999643094333919],[23.736804670011786,37.999731555655039],[23.735871381994777,37.999842119336911],[23.735871123339468,37.99984214939969],[23.735868827355361,37.999842413727144],[23.734626186123435,37.99998352617844],[23.733703230508922,38.000089594044837],[23.733358918006051,38.000124865281883],[23.733222423721308,37.999975844046233],[23.733022873512144,37.999155223566561],[23.732882564570879,37.998587096531189],[23.732746801236569,37.998041511690261],[23.732426480407113,37.996765467267643],[23.732322281788655,37.996350639710876],[23.732226850401855,37.99597188334252],[23.732143314527395,37.995630147156291],[23.732142071120034,37.995625058380398],[23.73214198246442,37.995624695862425],[23.732223251336872,37.995617275880342],[23.732239572784398,37.995615785361736],[23.73233459284998,37.995607108672381],[23.73323052805074,37.99547845800884],[23.73349048609662,37.995438489561302],[23.733581098037813,37.995380111395107],[23.733910059354404,37.99532696650855],[23.733910314954958,37.995327147343566]]]},"properties":{"FID":85,"geitonia":"ΑΓΙΟΣ ΓΕΩΡΓΙΟΣ ΚΥΨΕΛΗΣ","name_place":" ","name_pl_en":" ","geiton_en":"AGIOS GEORGIOS KYPSELIS","dk":"6η ΔΚ","dk_en":"6th","shapeaream":181835.20535800001,"shapelengm":1790.4228995399999}},{"type":"Feature","id":86,"geometry":{"type":"Polygon","coordinates":[[[23.753704092024485,37.999231895266149],[23.753125041427896,37.999325316025669],[23.752711108532861,37.999428094049151],[23.752404247047114,37.999549121733097],[23.752043473303875,37.999719605556749],[23.751742032057745,37.99992175844023],[23.751538030824918,38.000043000920819],[23.751514507998216,38.000051964059899],[23.751291764107464,38.000137115174361],[23.751011176326703,38.000276220425256],[23.750569608852995,38.000338374627134],[23.75040069547266,38.000292952112183],[23.750340309649438,38.000256772611444],[23.750269350256545,38.000215018723466],[23.750228516132498,38.000155720399157],[23.750214834641412,38.000018052753049],[23.750256743183861,37.999918688731924],[23.750354348101045,37.999683073336151],[23.750518007256098,37.999287996896861],[23.750526668167875,37.999267090168672],[23.750618865821572,37.999042239702661],[23.750777202596371,37.998656087797272],[23.75084703190365,37.998485785884874],[23.750571342384958,37.998040105311652],[23.750022681421015,37.997151175973968],[23.749472655997526,37.996248721794167],[23.749119763581696,37.99567565425729],[23.749202284637875,37.995650879099053],[23.749298613096862,37.995621958566147],[23.749777146794674,37.995460746448373],[23.749978000301063,37.995425122212332],[23.750295641699761,37.995479874042381],[23.750348497067442,37.995418788151333],[23.75040462014007,37.995353925579472],[23.750346893087961,37.995164533396995],[23.750316621330079,37.99506532788277],[23.750147249752583,37.994528704118366],[23.750325679307821,37.994493031642911],[23.750593488460517,37.994438680971328],[23.751028376408811,37.994345809279757],[23.75149919554903,37.994252168294381],[23.75151160755372,37.994249690749413],[23.751767014936579,37.99419865856985],[23.751883189628998,37.994171929157964],[23.752075143734839,37.994199628420603],[23.752302780293981,37.994232476750589],[23.75268479054251,37.99428759921728],[23.752966376994063,37.994328230520708],[23.753049647714047,37.994340246456517],[23.753261517987749,37.994370817432433],[23.753668267020711,37.99442950631196],[23.753510462787016,37.994945598982284],[23.753497981649897,37.994986416322575],[23.753483073438016,37.995081019919972],[23.753470715143653,37.995157603174682],[23.753679868530973,37.995725850393832],[23.753918339281839,37.996361754834012],[23.754215369379608,37.9965155941943],[23.754615100206966,37.996785618925912],[23.754814456405306,37.996917915951599],[23.755027277852516,37.997053959381134],[23.75517424833701,37.997143986412759],[23.755400547440139,37.997270636997854],[23.756110028955284,37.997551508329352],[23.756328618881032,37.997642089783405],[23.756887445935345,37.997777532996558],[23.757097502086808,37.997828443398021],[23.757289489852411,37.99789192960727],[23.757609742647592,37.998023276197038],[23.757846310487519,37.998167968904653],[23.757928972572724,37.998249254607103],[23.758218456466501,37.998538260862425],[23.75854724379273,37.998890436946603],[23.75873607924381,37.999156703145147],[23.758785406833226,37.999310022542375],[23.758795627059982,37.999449742465544],[23.758785351186187,37.999544356170716],[23.758692428591498,37.999769486456074],[23.758084862203514,37.999574462377851],[23.757717498843093,37.999456539323369],[23.757347988338466,37.999365649199198],[23.757217082092446,37.999342846961085],[23.756727877106353,37.999391406709989],[23.756013587351411,37.999696363521821],[23.755753547017008,37.9998107446484],[23.755744732151442,37.999814622591032],[23.755728071966271,37.999821950575729],[23.755665383874263,37.999835339614854],[23.75556894189215,37.999830632806088],[23.755089084122744,37.99963585860543],[23.75464043670782,37.999425004667451],[23.754418116582286,37.99932802311119],[23.754285165987525,37.999278174835091],[23.753908778214985,37.999223310885093],[23.753704092024485,37.999231895266149]]]},"properties":{"FID":86,"geitonia":"ΠΟΛΥΓΩΝΟ Ι","name_place":" ","name_pl_en":" ","geiton_en":"POLYGONO I","dk":"7η ΔΚ","dk_en":"7th","shapeaream":284506.10715499998,"shapelengm":2728.4703453400002}},{"type":"Feature","id":87,"geometry":{"type":"Polygon","coordinates":[[[23.763711812975846,37.997530974450797],[23.763637510749415,37.997837261706074],[23.76342278597242,37.998756139546984],[23.763407206819714,37.998841730169779],[23.763058019728753,37.999291669104636],[23.762908008913296,37.999453597868033],[23.762204769856176,37.999871275038878],[23.761296513152359,38.000396686070253],[23.761286626967728,38.000811256407779],[23.761279665090768,38.000982486130717],[23.761188502337784,38.000995820312156],[23.760602738659294,38.000963084545347],[23.760521599418013,38.000958412943618],[23.76041484994321,38.000949182701774],[23.760073017921513,38.000880889613242],[23.759921892849796,38.000835517053694],[23.759795001896705,38.00078118096225],[23.759667116297546,38.000704310615163],[23.759492775239032,38.000542282909116],[23.759492172268782,38.000541721979062],[23.759561557891988,38.000330062227505],[23.759700516615364,37.999740005498005],[23.759761256826124,37.999433493968837],[23.759794245616241,37.99926702305499],[23.759685443842915,37.999079819583763],[23.759378200046491,37.998551026527068],[23.759118093693456,37.998103385235666],[23.758892116832925,37.997714476975396],[23.758670308112883,37.997393146067793],[23.758684852230882,37.997216244856816],[23.758740717325857,37.996536736335386],[23.758748612224171,37.996308671775658],[23.758690784758056,37.996090312606199],[23.758557588914144,37.995587357926503],[23.758477558871089,37.99528515794735],[23.758528034843472,37.994950005462869],[23.758796930315405,37.994704484945643],[23.759359406457904,37.994115295792724],[23.759612992547329,37.993840922571273],[23.759622313200087,37.993831141052446],[23.759694416770561,37.993755466926693],[23.759594570559663,37.993705692243289],[23.759612065761516,37.993684493737391],[23.759816747809033,37.993436476401989],[23.75981706567546,37.993436090399982],[23.759875252967074,37.993365584546254],[23.76039237977589,37.993654558996326],[23.760600304218862,37.993780666510482],[23.760625550425427,37.993828146188406],[23.760994274141876,37.994051032908132],[23.761437916703006,37.994322318905567],[23.761712664361749,37.994435536399273],[23.76174414955014,37.994494183669993],[23.76176395002339,37.994534781576597],[23.762056251118722,37.995053611790482],[23.762266152988058,37.995410043546222],[23.762584311118019,37.995969482429743],[23.762666759329317,37.996118360720033],[23.762695072407102,37.996167988478511],[23.762986732672928,37.996668789276818],[23.763189896304166,37.997020699298481],[23.763299577997159,37.997223708992976],[23.76380302988921,37.997166137637798],[23.763711812975846,37.997530974450797]]]},"properties":{"FID":87,"geitonia":"ΝΕΑ ΦΙΛΟΘΕΗ","name_place":" ","name_pl_en":" ","geiton_en":"NEA FILOTHEI","dk":"7η ΔΚ","dk_en":"7th","shapeaream":240671.947052,"shapelengm":2140.3784668799999}},{"type":"Feature","id":88,"geometry":{"type":"Polygon","coordinates":[[[23.746058674883923,37.997011797999043],[23.74608733766761,37.997039098478766],[23.746387519305184,37.997264018882547],[23.746732730909663,37.997522676803655],[23.746965994425711,37.997689916354126],[23.747303234253661,37.99794750724412],[23.747851739974408,37.998354262066051],[23.748000840985121,37.998467242070717],[23.747443270218344,37.998939219974815],[23.746881746718536,37.999420199515278],[23.746279174959309,37.999932632698261],[23.745906822271433,38.000256290845371],[23.745546615809307,38.000566454821538],[23.745042899149691,38.000997979891345],[23.745087250943364,38.001038633769369],[23.745353359316102,38.001282556676649],[23.745053181347732,38.001317957691313],[23.744601103359784,38.001636932348099],[23.743656582267683,38.000778658546821],[23.743431690401923,38.000572507063531],[23.743124382190505,38.000290804459418],[23.742728083608426,37.999924918530716],[23.742644708889006,37.999848127045354],[23.742329898835155,37.999553986239398],[23.742320803130319,37.99954548793977],[23.74210295902942,37.999346728130341],[23.741654153197675,37.9989356592218],[23.741376367050009,37.998678182946591],[23.74100280243551,37.998330366785574],[23.741453807224591,37.998011403413962],[23.741652560149671,37.997867634780434],[23.741920161613134,37.997678952717834],[23.741972795147802,37.997386151016435],[23.742038071086832,37.997007308015583],[23.742151083997843,37.996377104225878],[23.742513369369473,37.9963869107345],[23.742807755167032,37.99637403557594],[23.743473610651055,37.996307172394964],[23.743820137635208,37.996321595638854],[23.744146870569601,37.996357908449433],[23.744295498250271,37.996371832940511],[23.745052206093597,37.996563356299013],[23.745198996191938,37.996610516815934],[23.745351415318058,37.996686919773914],[23.745693089738875,37.996814337170811],[23.745840552286392,37.996906510255826],[23.745942502786257,37.996901148867323],[23.746058674883923,37.997011797999043]]]},"properties":{"FID":88,"geitonia":"ΝΕΑ ΚΥΨΕΛΗ Ι","name_place":" ","name_pl_en":" ","geiton_en":"NEA KYPSELI I","dk":"6η ΔΚ","dk_en":"6th","shapeaream":200086.527745,"shapelengm":1841.2077913400001}},{"type":"Feature","id":89,"geometry":{"type":"Polygon","coordinates":[[[23.713580428862361,37.993287193173394],[23.713392484773756,37.993660768106899],[23.713201691582171,37.994034335766131],[23.713164735177376,37.994110854756741],[23.712985293350091,37.994493462550139],[23.712972099892422,37.994682699901652],[23.712834537761477,37.994912191423055],[23.712412487084219,37.9956276805652],[23.712343695565327,37.995744679181598],[23.712063326012281,37.996086480817681],[23.712012914475441,37.996144940810055],[23.711952608621129,37.996184876808265],[23.711951894949852,37.996185349135459],[23.711232104035556,37.996764911827967],[23.710455837045526,37.997402914422331],[23.709621666990124,37.998099352252808],[23.708710762616874,37.998845164595622],[23.70831580954528,37.999173153990881],[23.707437001561075,37.999896503818889],[23.706524200774979,38.000660319859207],[23.705764109082732,38.001276848325432],[23.705743243368168,38.001293772677762],[23.705551820624247,38.001443180458892],[23.705419810707699,38.001546216159817],[23.705403686776254,38.001558800936337],[23.705341982714913,38.001522027261075],[23.705304971440984,38.001499970278545],[23.704842930083444,38.001241946181466],[23.704402919429736,38.001083116699029],[23.704325096383801,38.001051376195321],[23.70239661441035,38.000352524760935],[23.701252646682025,37.999851240568212],[23.701212598744235,37.999635178923711],[23.701044022375108,37.998725668233497],[23.70076562043608,37.997223579038149],[23.700769877633309,37.99722305270447],[23.70088824200543,37.997208317676062],[23.701225721351403,37.997163521857132],[23.701635970504011,37.997105979885809],[23.702450648615553,37.996992459574258],[23.702461806170696,37.996990904246289],[23.702626962257355,37.996967840806086],[23.702700011158338,37.996957639090091],[23.703058763227705,37.996907536351543],[23.7033948510512,37.996860598353081],[23.703476024873346,37.996849261198903],[23.703625776082497,37.996827106567153],[23.703750401762754,37.996669770811266],[23.704458973813402,37.995775203894262],[23.704150280868369,37.995548912345235],[23.703650157414273,37.995008008137127],[23.703141965304219,37.994458367792433],[23.703858340412374,37.993987061152922],[23.70448154943513,37.993602382665202],[23.704517620338713,37.993525638864902],[23.704532313199309,37.993494639174507],[23.704539696957767,37.993478633802248],[23.704543715682401,37.993469923978694],[23.704546909525561,37.993463001130856],[23.704554033627762,37.993447560210164],[23.704638224430916,37.993265077868877],[23.704759937650003,37.992999504778055],[23.704881669178359,37.992729425175369],[23.704899017041893,37.992752000793175],[23.705384053040063,37.992942486283255],[23.705669486157259,37.993054582426673],[23.705740869023185,37.993082615203186],[23.705799427870197,37.993105611933849],[23.705869090417785,37.993132969774443],[23.705904545370206,37.993076300093001],[23.705934040114858,37.993029157389216],[23.705968392338725,37.992974250545075],[23.706068955772071,37.992813513701357],[23.706268819386008,37.992494057264075],[23.706416718723169,37.992264599154623],[23.706647756354517,37.991891142814204],[23.706878436317407,37.991517685101016],[23.706988192244768,37.991351713143651],[23.707003392706593,37.991328726809449],[23.707014818010919,37.991319742429901],[23.707041819419924,37.991279218559541],[23.707191680825211,37.991054304074488],[23.707249434022511,37.991160816465033],[23.707256184571296,37.99117326557743],[23.70741468725863,37.991075788630894],[23.707806335703836,37.990596177728435],[23.707529592224304,37.990468349388671],[23.707502255768627,37.9904557229207],[23.707177315140395,37.990311173135268],[23.707166458534441,37.990306343164264],[23.707125328484587,37.990288047439073],[23.707299391715406,37.990231789045609],[23.708074753721032,37.989981181536443],[23.708523296800646,37.990188536561774],[23.709088452978236,37.990450643845776],[23.709790039011779,37.990776839233405],[23.71018967939057,37.99096258782167],[23.710384011566425,37.991048688462477],[23.710608551592806,37.991159230222635],[23.710660002878786,37.991184560306216],[23.711051383656326,37.991389903891665],[23.711065592249913,37.991397359066738],[23.711388473693294,37.991555876471793],[23.712075560111934,37.991863996939692],[23.712563863510805,37.992072058437863],[23.712596785469323,37.992086086254929],[23.713118709349441,37.99231268138017],[23.713947562174887,37.992679742567098],[23.713718626634982,37.993041330434188],[23.713580428862361,37.993287193173394]]]},"properties":{"FID":89,"geitonia":"ΑΚΑΔΗΜΙΑ ΠΛΑΤΩΝΟΣ","name_place":" ","name_pl_en":" ","geiton_en":"AKADIMIA PLATONOS","dk":"4η ΔΚ","dk_en":"4th","shapeaream":746010.14062399999,"shapelengm":4006.7185606799999}},{"type":"Feature","id":90,"geometry":{"type":"Polygon","coordinates":[[[23.718271396418938,38.001973373415701],[23.717632822137318,38.002070983103614],[23.716735322878776,38.002208523698783],[23.715859549379697,38.002341603514431],[23.71555455805489,38.00186769299367],[23.715125031485361,38.001199704319681],[23.714893986069004,38.000843137836029],[23.714609172256996,38.000400818566739],[23.71445806357989,38.000175131123413],[23.714328225179326,37.999972027213005],[23.713946473436671,37.999380759125067],[23.71362773020677,37.998879771471891],[23.71363312422622,37.998879210488113],[23.714347344621949,37.998804912366886],[23.714972266300919,37.998734325829794],[23.715033502161738,37.998729967798312],[23.715395630037378,37.998690286900882],[23.715677285799181,37.998659423210995],[23.716341356258145,37.998588924025711],[23.716842360953635,37.998531547865731],[23.717608629442839,37.998447768271383],[23.718341779052523,37.998368410789453],[23.718768697937858,37.998324368223109],[23.719194549134603,37.998280321556905],[23.720158094083853,37.998169957677099],[23.720189139469653,37.998710801400279],[23.720262894085089,37.999233694857899],[23.720262915146705,37.999233847224822],[23.720302869733771,37.99925043121938],[23.720433205847435,37.999304530567734],[23.720455384181665,37.999313735811761],[23.72050319388741,37.999333433413668],[23.720557027772692,37.999648463284267],[23.72056482517009,37.999694093034826],[23.720610839012135,38.000007710899141],[23.720659627849109,38.00034023341825],[23.720730516344084,38.000823381179984],[23.720788472913448,38.001218379753311],[23.720856606145404,38.001682736295848],[23.720747924042609,38.00169702049088],[23.720669976163038,38.001707265932581],[23.720625503211146,38.001713110567763],[23.719315737645495,38.00187672933469],[23.719313503165651,38.001809127809921],[23.719168770477498,38.001786822558493],[23.71902497143618,38.001867022225007],[23.718271396418938,38.001973373415701]]]},"properties":{"FID":90,"geitonia":"ΛΟΦΟΣ ΣΚΟΥΖΕ","name_place":" ","name_pl_en":" ","geiton_en":"LOFOS SKOUZE","dk":"4η ΔΚ","dk_en":"4th","shapeaream":205039.89637,"shapelengm":1871.22855175}},{"type":"Feature","id":91,"geometry":{"type":"Polygon","coordinates":[[[23.72315402739391,37.996901731881579],[23.723188535543333,37.997284858532062],[23.72325173673357,37.997893373480828],[23.72336816165787,37.999114886039905],[23.72348891340939,38.000417523865025],[23.723583293319884,38.001350573403016],[23.723369630229616,38.001377109530289],[23.723314393584168,38.001384922601957],[23.723269887449085,38.001391217900043],[23.723217968176364,38.001398561051964],[23.723181595390741,38.001403705591976],[23.723525313239648,38.001909232378608],[23.723986054744291,38.002437564882044],[23.724255048876991,38.002749138336007],[23.724432989141615,38.002947837543147],[23.724364562852433,38.002970209259153],[23.724168016583572,38.002987774112377],[23.723398164383664,38.003067081476786],[23.722899659825885,38.003115478545944],[23.72196247894712,38.003203394969844],[23.721092330963845,38.003289243948686],[23.720939697563914,38.002249024555937],[23.720856606145404,38.001682736295848],[23.720788472913448,38.001218379753311],[23.720730516344084,38.000823381179984],[23.720659627849109,38.00034023341825],[23.720610839012135,38.000007710899141],[23.72056482517009,37.999694093034826],[23.720557027772692,37.999648463284267],[23.72050319388741,37.999333433413668],[23.720550630286191,37.999218889417222],[23.72053962709748,37.999050105241579],[23.72056324765018,37.998538693144297],[23.720616540344956,37.997977271684249],[23.72065221007999,37.997675426535046],[23.720725758982045,37.997148419883068],[23.720783536789099,37.996738403739535],[23.720786440060898,37.996738665694927],[23.721298370949466,37.996784688974067],[23.721719294920284,37.996817230551009],[23.721792612795532,37.996817403998179],[23.722128289406793,37.996804678269541],[23.722220419343447,37.996796292241115],[23.722220508213056,37.996796283438172],[23.723137688921536,37.99670341107295],[23.72313790677179,37.996706054148738],[23.72315402739391,37.996901731881579]]]},"properties":{"FID":91,"geitonia":"ΠΛΑΤΕΙΑ ΑΤΤΙΚΗΣ","name_place":" ","name_pl_en":" ","geiton_en":"PLATEIA ATTIKIS","dk":"4η ΔΚ","dk_en":"4th","shapeaream":171469.853099,"shapelengm":1992.88897593}},{"type":"Feature","id":92,"geometry":{"type":"Polygon","coordinates":[[[23.738242264173245,38.002636895191372],[23.73782162612347,38.002712567291489],[23.737472206476564,38.002779384051088],[23.73664299500026,38.002939760169859],[23.736641098355282,38.002940126350012],[23.736640434987883,38.00294025374798],[23.73592491489309,38.003077849748422],[23.735418780893156,38.003171346896202],[23.734292168038699,38.003380608436778],[23.734138280567077,38.002920606527141],[23.734117507220716,38.002857469779585],[23.733984371562581,38.002762534042581],[23.733968871814778,38.002717434849117],[23.73372620367682,38.002004872322949],[23.733831416396452,38.001946527096401],[23.73370953630398,38.001495609782175],[23.733554365242448,38.000900411621487],[23.733358918006051,38.000124865281883],[23.733703230508922,38.000089594044837],[23.734626186123435,37.99998352617844],[23.735868827355361,37.999842413727144],[23.735871123339468,37.99984214939969],[23.735871381994777,37.999842119336911],[23.736804670011786,37.999731555655039],[23.737550657898069,37.999643094333919],[23.738650205639306,37.999519363122893],[23.738790387497964,37.999434052625638],[23.739072358692216,37.999714076332438],[23.739440970027019,38.000052874734443],[23.739685897007487,38.00027688574739],[23.740198784437787,38.000748539178474],[23.740383913484838,38.000938217424881],[23.74010307953775,38.001140385870144],[23.739769080719384,38.001378487334293],[23.739613372577647,38.001324065727879],[23.739470015959359,38.001400357312221],[23.739413540227787,38.001467828419869],[23.739377643709553,38.001553370763247],[23.739389622451228,38.00168858975097],[23.739481342619751,38.002022267636072],[23.73958890501579,38.002405551066801],[23.739730936664493,38.002906077421194],[23.739784402874161,38.003086452279398],[23.739092163983518,38.002864104375149],[23.738413747516354,38.002659808793837],[23.738400026484772,38.002614714135831],[23.738242264173245,38.002636895191372]]]},"properties":{"FID":92,"geitonia":"ΦΩΚΙΩΝΟΣ ΝΕΓΡΗ","name_place":" ","name_pl_en":" ","geiton_en":"FOKIONOS NEGRI","dk":"6η ΔΚ","dk_en":"6th","shapeaream":186113.71104900001,"shapelengm":1884.8320976099999}},{"type":"Feature","id":93,"geometry":{"type":"Polygon","coordinates":[[[23.765617802209377,38.001164772374949],[23.765433217533992,38.001326757979108],[23.765354119210059,38.001393051825715],[23.764995961687177,38.001693225683354],[23.764543420097663,38.002068729845213],[23.764096290643355,38.002439738477797],[23.76375939767442,38.002719273012936],[23.763174688350336,38.003204425858662],[23.762962245733863,38.003380693533032],[23.762476896176878,38.003783394501802],[23.762297194400194,38.003656851818576],[23.762016653260005,38.003510640745461],[23.761934492546839,38.00347505133734],[23.761852937031964,38.003439723567986],[23.761594484501241,38.003361068620258],[23.761137144733382,38.003221885646106],[23.760604897695103,38.003036040433024],[23.75999176182399,38.002683271460832],[23.759854637548152,38.002535851669556],[23.759832669331118,38.002507905788548],[23.759547234849119,38.002144812051853],[23.759421533203859,38.001988359904431],[23.759227750327845,38.00172144308064],[23.759009292563352,38.001374420681728],[23.758898601046962,38.001090561752434],[23.758945255051195,38.001078850570032],[23.759118863176813,38.001035269599939],[23.759203565000362,38.000960228243699],[23.759315398600105,38.000829771061085],[23.759428575282296,38.000801286822053],[23.759442390240871,38.000744408944719],[23.759428680848472,38.000473995867679],[23.759492172268782,38.000541721979062],[23.759492775239032,38.000542282909116],[23.759667116297546,38.000704310615163],[23.759795001896705,38.00078118096225],[23.759921892849796,38.000835517053694],[23.760073017921513,38.000880889613242],[23.76041484994321,38.000949182701774],[23.760521599418013,38.000958412943618],[23.760602738659294,38.000963084545347],[23.761188502337784,38.000995820312156],[23.761279665090768,38.000982486130717],[23.761286626967728,38.000811256407779],[23.761296513152359,38.000396686070253],[23.762204769856176,37.999871275038878],[23.762908008913296,37.999453597868033],[23.763058019728753,37.999291669104636],[23.763407206819714,37.998841730169779],[23.76342278597242,37.998756139546984],[23.763637510749415,37.997837261706074],[23.763711812975846,37.997530974450797],[23.76380302988921,37.997166137637798],[23.764211836571754,37.997099361586315],[23.764660163970646,37.997028156775599],[23.765005763182788,37.996803526751506],[23.765455488654791,37.996516013496333],[23.765893079880342,37.996237487193667],[23.766268967394215,37.995999394435849],[23.766661609284832,37.995752320860426],[23.767163739322339,37.995433360003972],[23.767270724874731,37.995365975414565],[23.767706166986802,37.99508743804158],[23.767797884655042,37.995029416900536],[23.767863599338767,37.994987845085511],[23.768011222831511,37.995299841963231],[23.768470284955065,37.996224562966496],[23.76884168566238,37.996959840121775],[23.76884176942519,37.99696000522141],[23.76919259175315,37.997650011601756],[23.769196622693343,37.997726628656842],[23.769297370610676,37.99806030140639],[23.7693163915126,37.998123428594113],[23.769291688933123,37.998141575262672],[23.769194029204296,37.998213316935285],[23.768958499362,37.998394260429897],[23.767209376364306,37.999845151867319],[23.766706373162368,38.000262376059389],[23.765953214941234,38.000887082517139],[23.765617802209377,38.001164772374949]]]},"properties":{"FID":93,"geitonia":"ΓΗΡΟΚΟΜΕΙΟ","name_place":" ","name_pl_en":" ","geiton_en":"GIROKOMEIO","dk":"7η ΔΚ","dk_en":"7th","shapeaream":353371.89041599998,"shapelengm":2921.4413264999998}},{"type":"Feature","id":94,"geometry":{"type":"Polygon","coordinates":[[[23.741895864324572,37.962956711868785],[23.74242501613697,37.963256495604028],[23.742455068771793,37.963273521849921],[23.743420071690238,37.963829923014892],[23.743442629027651,37.963842811968348],[23.743505780294491,37.96387889666854],[23.743843823495649,37.96407205202329],[23.743865968550782,37.964084705662522],[23.744243437771257,37.964300385980714],[23.744473263500105,37.964431428939442],[23.744473294174991,37.964431447031849],[23.744473514594386,37.964431572789728],[23.745066620562739,37.964767630570947],[23.745207145819315,37.964847252003871],[23.74534521594714,37.964925174432608],[23.745493373768035,37.965008789430058],[23.745504624663685,37.96501513901238],[23.746192009435038,37.965413190959836],[23.746191475467565,37.965576259962027],[23.746191177722938,37.96566739221749],[23.746271691745452,37.965800848446243],[23.7463580884497,37.965853878195276],[23.746300468514939,37.96591363106333],[23.745793186221263,37.966448811740506],[23.745357919407795,37.966907527540307],[23.744840926783564,37.967438167528655],[23.744388864936205,37.967914868986369],[23.744391989350454,37.96793740798072],[23.744414536054009,37.968104195286763],[23.744297163021816,37.968094927353313],[23.744190032335148,37.968066810401709],[23.744021062096866,37.968022462709428],[23.743881637236573,37.967985868890302],[23.743827654755098,37.967958712710001],[23.743212446941584,37.967656979337193],[23.743212418526923,37.967656965755822],[23.742921261137809,37.967515104321727],[23.742892382569956,37.967500732360612],[23.742031247243659,37.967072174678449],[23.741176750651782,37.966646042536581],[23.739949009591239,37.96603496543532],[23.739531347570466,37.965831251583076],[23.739079970778779,37.96560492926411],[23.738601944953007,37.965369533116011],[23.738458984201472,37.965299133898668],[23.738702373489531,37.96513992763068],[23.738962695747144,37.964563680803323],[23.739575728548861,37.964245081899861],[23.740206233918514,37.963912999029375],[23.740977881681427,37.96350461402772],[23.741602039485219,37.962801412028199],[23.741608634104598,37.962793982766129],[23.741895864324572,37.962956711868785]]]},"properties":{"FID":94,"geitonia":"ΒΑΡΝΑΒΑ","name_place":" ","name_pl_en":" ","geiton_en":"VARNAVA","dk":"2η ΔΚ","dk_en":"2nd","shapeaream":207312.74865200001,"shapelengm":1874.5451577599999}},{"type":"Feature","id":95,"geometry":{"type":"Polygon","coordinates":[[[23.730011622532519,38.003943174186873],[23.728579341912685,38.00420321055504],[23.728565498970696,38.004205723828647],[23.728414325846732,38.003790784930473],[23.728256103194237,38.003357803873151],[23.728111713630312,38.002938373791785],[23.727969438905824,38.002428820134661],[23.727819790821272,38.001892210719276],[23.727664533273831,38.001333056008889],[23.727537774478243,38.00086409535465],[23.727507102781331,38.000688274135179],[23.727511835610255,38.000467470787896],[23.727516434428946,38.000177289964114],[23.7275192633651,37.999998820856497],[23.727519695280808,37.999998755162181],[23.728572339710642,37.99983902491023],[23.729201966323629,37.999745841550798],[23.729862250583828,37.99963920598951],[23.730570243442887,37.999528169601376],[23.731152527484113,37.999434867325341],[23.731791077822944,37.999332677654976],[23.733022873512144,37.999155223566561],[23.733222423721308,37.999975844046233],[23.733358918006051,38.000124865281883],[23.733554365242448,38.000900411621487],[23.73370953630398,38.001495609782175],[23.733831416396452,38.001946527096401],[23.73372620367682,38.002004872322949],[23.733968871814778,38.002717434849117],[23.733984371562581,38.002762534042581],[23.734117507220716,38.002857469779585],[23.734138280567077,38.002920606527141],[23.734292168038699,38.003380608436778],[23.732657124965105,38.003723896916334],[23.732336205501586,38.003781750347635],[23.731806974345393,38.003861660121224],[23.731763159542474,38.003870573023974],[23.731546985646801,38.003901624675208],[23.731255443729822,38.003711689525687],[23.730011622532519,38.003943174186873]]]},"properties":{"FID":95,"geitonia":"ΑΜΕΡΙΚΗΣ","name_place":" ","name_pl_en":" ","geiton_en":"AMERIKIS","dk":"6η ΔΚ","dk_en":"6th","shapeaream":245124.51906399999,"shapelengm":1988.1058659400001}},{"type":"Feature","id":96,"geometry":{"type":"Polygon","coordinates":[[[23.743206100311291,38.003905127550333],[23.742851804976908,38.004246840836664],[23.742546429656642,38.004543596002314],[23.741841140374202,38.004077889430306],[23.741457942486075,38.003829194941119],[23.74135111105641,38.003842479284138],[23.741220533256271,38.003325417278184],[23.741220163658944,38.003323953683093],[23.740659266721561,38.003403833637599],[23.739910334244264,38.003510333712029],[23.739784402874161,38.003086452279398],[23.739730936664493,38.002906077421194],[23.73958890501579,38.002405551066801],[23.739481342619751,38.002022267636072],[23.739389622451228,38.00168858975097],[23.739377643709553,38.001553370763247],[23.739413540227787,38.001467828419869],[23.739470015959359,38.001400357312221],[23.739613372577647,38.001324065727879],[23.739769080719384,38.001378487334293],[23.74010307953775,38.001140385870144],[23.740383913484838,38.000938217424881],[23.740198784437787,38.000748539178474],[23.739685897007487,38.00027688574739],[23.739440970027019,38.000052874734443],[23.739072358692216,37.999714076332438],[23.739082044820911,37.999707241759168],[23.739638987904179,37.999314260977968],[23.740054348689757,37.999013249801095],[23.740430461676524,37.99873918902847],[23.740485756025041,37.998703259710112],[23.74100280243551,37.998330366785574],[23.741376367050009,37.998678182946591],[23.741654153197675,37.9989356592218],[23.74210295902942,37.999346728130341],[23.742320803130319,37.99954548793977],[23.742329898835155,37.999553986239398],[23.742644708889006,37.999848127045354],[23.742728083608426,37.999924918530716],[23.743124382190505,38.000290804459418],[23.743431690401923,38.000572507063531],[23.743656582267683,38.000778658546821],[23.744601103359784,38.001636932348099],[23.745253921067523,38.002246714189347],[23.745349001036274,38.002337048390189],[23.745716587166626,38.002675824810922],[23.746132784895469,38.003059769151058],[23.746384000921132,38.003290138267957],[23.746703806850768,38.003552199480879],[23.746674459682975,38.003584970004191],[23.746499822013252,38.003514785757346],[23.746151894426216,38.003374956558041],[23.745994850038379,38.003312704769407],[23.745356511099047,38.003071752613934],[23.744803653888518,38.002863116841695],[23.744715489654002,38.002831380606068],[23.743862019757447,38.002806992904887],[23.743860666720504,38.002809250375577],[23.74346819196991,38.003464070991392],[23.743206100311291,38.003905127550333]]]},"properties":{"FID":96,"geitonia":"ΠΛΑΤΕΙΑ ΚΑΝΑΡΗ","name_place":" ","name_pl_en":" ","geiton_en":"PLATEIA KANARI","dk":"6η ΔΚ","dk_en":"6th","shapeaream":201326.145876,"shapelengm":2323.7207432199998}},{"type":"Feature","id":97,"geometry":{"type":"Polygon","coordinates":[[[23.712422509914099,38.004645741409988],[23.710208399467714,38.004659322756154],[23.709966621238312,38.004660803311353],[23.709880909100622,38.004661328253597],[23.709769099008927,38.004604357244183],[23.709374339999094,38.004403212190653],[23.708960657113455,38.004149830246035],[23.707704823798583,38.003173331191597],[23.70705270051581,38.002644458603605],[23.70641962641086,38.002160694032305],[23.706399034805166,38.002147123395837],[23.706360113143894,38.002124118335139],[23.705403686776254,38.001558800936337],[23.705419810707699,38.001546216159817],[23.705551820624247,38.001443180458892],[23.705743243368168,38.001293772677762],[23.705764109082732,38.001276848325432],[23.706524200774979,38.000660319859207],[23.707437001561075,37.999896503818889],[23.70831580954528,37.999173153990881],[23.708710762616874,37.998845164595622],[23.709621666990124,37.998099352252808],[23.710455837045526,37.997402914422331],[23.711232104035556,37.996764911827967],[23.711951894949852,37.996185349135459],[23.712010852450582,37.996217038424625],[23.712012455954959,37.996219684012161],[23.712252033033131,37.996614193350752],[23.712380400991755,37.99682630888757],[23.712540948407607,37.997092579920142],[23.712662590248843,37.997295665863803],[23.712879281303419,37.997676212954602],[23.712939036874019,37.997778527361284],[23.713343323104926,37.998428437173168],[23.71362773020677,37.998879771471891],[23.713946473436671,37.999380759125067],[23.714328225179326,37.999972027213005],[23.71445806357989,38.000175131123413],[23.714609172256996,38.000400818566739],[23.714893986069004,38.000843137836029],[23.715125031485361,38.001199704319681],[23.71555455805489,38.00186769299367],[23.715859549379697,38.002341603514431],[23.715005503053135,38.002470223040007],[23.714474839258095,38.002550051351555],[23.71508336847943,38.003412251713414],[23.715280871054727,38.003701140319436],[23.7154925770723,38.003999075763794],[23.715760566842885,38.004378262245432],[23.715893317791767,38.004567852244691],[23.715921446023938,38.004658048397559],[23.715200257037583,38.004665317005959],[23.714205411970617,38.004653890871879],[23.713503122753171,38.004652182178496],[23.713080663993381,38.004646645891903],[23.712504346887901,38.004645238489964],[23.712422509914099,38.004645741409988]]]},"properties":{"FID":97,"geitonia":"ΚΟΛΟΚΥΝΘΟΥ","name_place":" ","name_pl_en":" ","geiton_en":"KOLOKYNTHOU","dk":"4η ΔΚ","dk_en":"4th","shapeaream":491971.717672,"shapelengm":3039.41610485}},{"type":"Feature","id":98,"geometry":{"type":"Polygon","coordinates":[[[23.74516060042512,38.006996271309575],[23.745438906325585,38.007424983083183],[23.745553489975418,38.007641538763821],[23.745681940673183,38.007838275377694],[23.745761142427803,38.00801141257098],[23.745666067600503,38.008017247392765],[23.744903346264138,38.008059003903696],[23.744622778614961,38.008074363006784],[23.743778227425583,38.007042838266258],[23.743715054407545,38.00698862368592],[23.743332819612331,38.00676956084245],[23.74194322693166,38.006795949525845],[23.741114287939954,38.006811683792129],[23.740876639282238,38.006820239936289],[23.740797032297866,38.006823105436872],[23.74076041522466,38.006824423517713],[23.740673652096245,38.006495264228931],[23.740652239596205,38.006409595199287],[23.740544777087557,38.005994768326886],[23.740361478280114,38.005282350743322],[23.74018039818608,38.004547405630881],[23.740052661911466,38.004028885896211],[23.739914396162625,38.003525131842189],[23.739910334244264,38.003510333712029],[23.740659266721561,38.003403833637599],[23.741220163658944,38.003323953683093],[23.741220533256271,38.003325417278184],[23.74135111105641,38.003842479284138],[23.741457942486075,38.003829194941119],[23.741841140374202,38.004077889430306],[23.742546429656642,38.004543596002314],[23.742862888091199,38.004742570486712],[23.743294552110161,38.004977846932732],[23.743371667496103,38.005014066528496],[23.743603357002137,38.005274823488051],[23.743804947788625,38.005501703709854],[23.744221969369526,38.00595775902022],[23.744480167640418,38.006228704985666],[23.744602875860043,38.006359657462085],[23.744812466018899,38.006585433000701],[23.74516060042512,38.006996271309575]]]},"properties":{"FID":98,"geitonia":"ΑΛΕΠΟΤΡΥΠΑ","name_place":" ","name_pl_en":" ","geiton_en":"ALEPOTRYPA","dk":"6η ΔΚ","dk_en":"6th","shapeaream":111054.77647,"shapelengm":1681.3207678000001}},{"type":"Feature","id":99,"geometry":{"type":"Polygon","coordinates":[[[23.743740228049436,38.016950521580938],[23.743731928028566,38.016959543338807],[23.743431831371058,38.017285738404979],[23.743431709007698,38.017285871527534],[23.74342314588738,38.017295179296241],[23.743466103698477,38.017343804272969],[23.74262657035565,38.018274795187729],[23.742130168332757,38.018814475934285],[23.741980252183865,38.01882315989522],[23.74140975256601,38.018866970767888],[23.740607434306348,38.018923786953671],[23.739640587052307,38.018993752707466],[23.739647372742517,38.018484544346173],[23.739601016648596,38.017700327734794],[23.739573772659266,38.01755155612156],[23.73946567501973,38.016911407485019],[23.739423474764017,38.016663461811333],[23.739308545740055,38.015942182532314],[23.740120507637815,38.015867370831323],[23.740941724029106,38.015792573907945],[23.742383769745544,38.015629004825243],[23.74362421624706,38.015492017137767],[23.744513500302176,38.015394811607301],[23.744718064541939,38.015332166188216],[23.744808598464548,38.01530081785144],[23.745060743980037,38.015170679005266],[23.745082687686704,38.015310425123481],[23.745299306837527,38.016586560200864],[23.745298902412966,38.01658688829238],[23.744631013147657,38.0171300323805],[23.744570381822474,38.017161445522447],[23.744294472706063,38.017160845899141],[23.744226689668519,38.017201256118753],[23.743960182914144,38.017056471256794],[23.743770849368843,38.016917237315099],[23.743740228049436,38.016950521580938]]]},"properties":{"FID":99,"geitonia":"ΠΛΑΤΕΙΑ ΧΑΛΕΠΑ","name_place":" ","name_pl_en":" ","geiton_en":"PLATEIA CHALEPA","dk":"5η ΔΚ","dk_en":"5th","shapeaream":139198.89062399999,"shapelengm":1666.8529180099999}},{"type":"Feature","id":100,"geometry":{"type":"Polygon","coordinates":[[[23.716861992791632,37.979133927111214],[23.717819043792037,37.979559523853567],[23.718226622586595,37.979740768856026],[23.718238578735342,37.979746085339123],[23.719347197852521,37.98023905940375],[23.71935088432457,37.980240698625153],[23.719321142149454,37.980281972350035],[23.718958047333864,37.98078582549563],[23.718699775961881,37.981141216041124],[23.718422200753309,37.981519091929663],[23.718029082365351,37.982054415205788],[23.717797290823739,37.982369309301333],[23.717654193149848,37.982567248729183],[23.717366184543593,37.982972135536563],[23.717013400478933,37.983471500753424],[23.716951865847328,37.983556974808579],[23.716908227356694,37.983615453341237],[23.716742263156075,37.983845840529057],[23.716466432078093,37.984218250402776],[23.716453195660662,37.984236244201362],[23.716422419045536,37.984281234270647],[23.716391659736864,37.984321717947161],[23.716391611657205,37.984321783625077],[23.716108314905227,37.984713093499245],[23.715856386581368,37.985077505679691],[23.715818714714533,37.98512352531899],[23.715783295613008,37.985166792456724],[23.715751311178241,37.985205864289803],[23.715720163077723,37.985243914275308],[23.714892384020136,37.98455267918267],[23.714594782910268,37.984304162650716],[23.714567349561761,37.984281253914219],[23.714542449030411,37.984257985396027],[23.714514163924612,37.984231554160047],[23.71450262284441,37.98422127042523],[23.714463451283077,37.984186366810505],[23.714435027126981,37.984158806808665],[23.714430835259577,37.984154742651342],[23.71440486127198,37.984131401197359],[23.713897846985844,37.983675766340532],[23.713712365469757,37.983468019450022],[23.713526884997609,37.983260272263834],[23.711710429232696,37.981255901051888],[23.711603036540613,37.981097805575885],[23.711515219140004,37.98094006895036],[23.711469551523827,37.980888196111266],[23.711432084722023,37.980845637429582],[23.711425600302956,37.980838272439151],[23.70992820511767,37.979137352199132],[23.709830648769071,37.979026532831796],[23.709865439617225,37.979016877547373],[23.709871230302031,37.979015270416092],[23.709896320322795,37.97901763598113],[23.710081921426958,37.979035133264901],[23.710194352528021,37.979045731831221],[23.710362091499682,37.979061544326065],[23.710411989119994,37.979054709245538],[23.710419918418868,37.979053622887513],[23.711134807490943,37.978955695626397],[23.711476993179087,37.978908821327153],[23.711503160900687,37.978905236199125],[23.711821532894433,37.978858521503945],[23.711830361363489,37.978857226352574],[23.711875526805205,37.978850598971839],[23.712671617511994,37.978738238757678],[23.713270767489831,37.978663091371942],[23.714175744181659,37.978543620110884],[23.714545654839711,37.978490441157639],[23.714817859081631,37.978491101375894],[23.715538268362316,37.978496157880727],[23.715752751203752,37.97846672660453],[23.715777410218742,37.978463343273788],[23.715848330251564,37.97843392808619],[23.716003610844517,37.978549109793143],[23.716726608083956,37.979073721531499],[23.716861992791632,37.979133927111214]]]},"properties":{"FID":100,"geitonia":"ΚΕΡΑΜΕΙΚΟΣ","name_place":" ","name_pl_en":" ","geiton_en":"KERAMEIKOS","dk":"3η ΔΚ","dk_en":"3rd","shapeaream":324671.87629300001,"shapelengm":2410.3176888600001}},{"type":"Feature","id":101,"geometry":{"type":"Polygon","coordinates":[[[23.735381780008996,38.015744143118532],[23.735445854272971,38.016883927793046],[23.735486167313297,38.017651069453848],[23.735493544148781,38.017791447852801],[23.735514345068189,38.018187285603894],[23.735536665762687,38.018612034406324],[23.735558773433585,38.019032723328948],[23.73554020927849,38.019606486105069],[23.734902151860908,38.019623075030623],[23.734669296792365,38.019627056262614],[23.73415048979906,38.019648416517974],[23.731977739972596,38.02011665641453],[23.731910457523853,38.02001736224441],[23.731904437370936,38.020008335719552],[23.731682254404202,38.01960467379299],[23.731453197291703,38.019367397266166],[23.731201612714077,38.018943220805042],[23.730687226917301,38.018049776487487],[23.730655498917685,38.017964082194105],[23.73015390872002,38.017079677524713],[23.729754115667237,38.016398292699314],[23.729690720857452,38.016308018944699],[23.730691634067774,38.016066969640207],[23.730826301830618,38.016040239547038],[23.731065181904899,38.016040786087935],[23.731398047368849,38.016041546851611],[23.731702464138856,38.016033228964965],[23.731735928628659,38.016033305309243],[23.73256865817358,38.01602618918588],[23.733540212164918,38.016023888208274],[23.734503759571435,38.015872849817704],[23.735381780008996,38.015744143118532]]]},"properties":{"FID":101,"geitonia":"ΚΛΩΝΑΡΙΔΟΥ","name_place":" ","name_pl_en":" ","geiton_en":"KLONARIDOU","dk":"5η ΔΚ","dk_en":"5th","shapeaream":179312.357369,"shapelengm":1724.98638413}},{"type":"Feature","id":102,"geometry":{"type":"Polygon","coordinates":[[[23.720967747526267,37.995463524783759],[23.720872024115611,37.996116728208186],[23.720783536789099,37.996738403739535],[23.720725758982045,37.997148419883068],[23.72065221007999,37.997675426535046],[23.720616540344956,37.997977271684249],[23.72056324765018,37.998538693144297],[23.72053962709748,37.999050105241579],[23.720550630286191,37.999218889417222],[23.72050319388741,37.999333433413668],[23.720455384181665,37.999313735811761],[23.720433205847435,37.999304530567734],[23.720302869733771,37.99925043121938],[23.720262915146705,37.999233847224822],[23.720262894085089,37.999233694857899],[23.720189139469653,37.998710801400279],[23.720158094083853,37.998169957677099],[23.720146390918629,37.99797164753646],[23.720126709767797,37.997624606673824],[23.720093855155184,37.9969981366146],[23.720056390798661,37.99636714909122],[23.720040673042813,37.996101233065531],[23.720018639091606,37.995718135134545],[23.71999225211702,37.995262924125228],[23.719955518356034,37.994627431706206],[23.719908254338382,37.993766593182364],[23.719832849933081,37.993473496347981],[23.719746551119954,37.993144322137674],[23.719616722709947,37.992657319394596],[23.719258607542692,37.991372135372949],[23.719146947747216,37.990975303760926],[23.719051148584573,37.990619067695889],[23.719035697152105,37.990564953730932],[23.718922685007531,37.990150092937625],[23.718860988062705,37.989936103153291],[23.718690631245021,37.98931585010066],[23.718434499449707,37.988265240752135],[23.718209675411547,37.98824217024864],[23.718322795073316,37.987821967557885],[23.718355157815825,37.987701747877935],[23.717952151225841,37.987371813293322],[23.717904265130997,37.987331140646212],[23.717876277192858,37.987306778488829],[23.717847159951535,37.987281433017991],[23.717778145010975,37.987222632566066],[23.717878317582642,37.987135254467375],[23.71790688930475,37.987110332166964],[23.717912466305943,37.987105467788311],[23.717951195659612,37.987071684970559],[23.717973002230497,37.987049044708087],[23.718014759715413,37.987005692978158],[23.718042336618648,37.986984193141588],[23.718214799794897,37.987053862947917],[23.718253208494829,37.987106571960773],[23.718309152416296,37.987183343997756],[23.718423910404386,37.98725462738755],[23.718867950638863,37.987622315022335],[23.719290228231916,37.987649906022476],[23.720005763216577,37.987719153723646],[23.720006002274246,37.987719176824811],[23.720006333538663,37.987719209158321],[23.720033799196315,37.987803924999362],[23.719998236268392,37.987860475279028],[23.719884657955824,37.988041078277867],[23.719839962001789,37.988295200803584],[23.71986670273748,37.988419926579098],[23.720077570273258,37.989403458763384],[23.720180322775338,37.989882706195544],[23.720295592675264,37.990360661083322],[23.720322568377004,37.990473385770144],[23.72030855753831,37.990503331875729],[23.720274130286992,37.990576918283807],[23.720302027015119,37.99070322931852],[23.720325911209084,37.990811375332882],[23.720407148595026,37.990973799633068],[23.720452681969139,37.991073049126094],[23.720674129247136,37.991519710904782],[23.720823664485629,37.991742964311285],[23.720991567839338,37.991993638498911],[23.721037797337548,37.992097395822007],[23.721023524578928,37.992201009640397],[23.72103406068069,37.992278158409007],[23.721034221622499,37.992279265567554],[23.721034719978807,37.992282696135391],[23.721120602385447,37.992692439654398],[23.721105023658737,37.992859140254481],[23.721110907768281,37.992872185871413],[23.721139611156378,37.992935831398931],[23.721192337888812,37.993485739588941],[23.721226499413394,37.993675090173433],[23.721326715925073,37.994184553013298],[23.721406038741556,37.994572292937249],[23.721446981052601,37.994757153066629],[23.721302343987148,37.994802461357736],[23.721061381516314,37.994786284422744],[23.720967747526267,37.995463524783759]]]},"properties":{"FID":102,"geitonia":"ΟΣΕ","name_place":" ","name_pl_en":" ","geiton_en":"OSE","dk":"4η ΔΚ","dk_en":"4th","shapeaream":130177.916724,"shapelengm":2998.2735643400001}},{"type":"Feature","id":103,"geometry":{"type":"Polygon","coordinates":[[[23.748663761627327,38.029498702054788],[23.748522605756477,38.029558813868732],[23.74848362130729,38.029575415860485],[23.748397228040144,38.029612086122931],[23.748371918871225,38.029336918406216],[23.748271772093272,38.029467389481489],[23.748129838829847,38.029530175056394],[23.747906902059004,38.028916827683304],[23.747646273596995,38.028289879757864],[23.747220745424958,38.027365154712072],[23.747108242856996,38.02709077253121],[23.746992430737922,38.027031225537471],[23.746821322512719,38.027022749336041],[23.746694398308009,38.026872824883633],[23.746258189470385,38.026263520906618],[23.745977999403401,38.025874909799633],[23.7456657159637,38.025437570319959],[23.745514073088131,38.025220935170189],[23.74557396976892,38.02519521428755],[23.745869309365649,38.025068387695811],[23.745921289138519,38.025046066275458],[23.745970827028032,38.025025120316919],[23.745978215206211,38.025021996219898],[23.746266134575652,38.024900252936547],[23.746274215333731,38.024896835596877],[23.746324216281479,38.024875693107603],[23.746440341985775,38.025035197853107],[23.746445642293995,38.025042478101184],[23.746468799684717,38.025074286417663],[23.746887421726054,38.02489493236272],[23.747288937107324,38.024720046443896],[23.747891908704744,38.024459969676833],[23.748524831190768,38.024186434662354],[23.749185937318632,38.023894930745996],[23.749749528455457,38.023641665098722],[23.750329199015567,38.024454075164897],[23.750752553299261,38.025047393377982],[23.751086937651898,38.025504497914078],[23.75149044627538,38.026089565219841],[23.752066172698942,38.02690680608108],[23.752812743768516,38.027923979849795],[23.75219341868959,38.028187023241941],[23.751528583897212,38.028469390659801],[23.751250745368043,38.028627190392925],[23.751104350350907,38.028710336335465],[23.750492261409015,38.028945209348159],[23.750361314367389,38.028759060654416],[23.750197316526716,38.028834071000816],[23.749615267367481,38.029090255408839],[23.749461867455921,38.029157772426665],[23.749456093542499,38.029160238640912],[23.749402141657406,38.029183285635973],[23.74939241500142,38.02918744053099],[23.749340228345353,38.029209733284183],[23.748663761627327,38.029498702054788]]]},"properties":{"FID":103,"geitonia":"ΠΡΟΦΗΤΗΣ ΗΛΙΑΣ ΡΙΖΟΥΠΟΛΗΣ","name_place":" ","name_pl_en":" ","geiton_en":"PROFITIS ILIAS RIZOUPOLIS","dk":"5η ΔΚ","dk_en":"5th","shapeaream":223510.462653,"shapelengm":2040.39720571}},{"type":"Feature","id":104,"geometry":{"type":"Polygon","coordinates":[[[23.732036172900628,38.020202411179845],[23.732314868660872,38.020712269086431],[23.732476442470624,38.021023578334599],[23.732881262565542,38.021511189709578],[23.733162259285596,38.021782211609064],[23.733446559752949,38.022026201925179],[23.733588226439529,38.022134676531714],[23.734777809056862,38.022907959714146],[23.734927700200821,38.023007438449838],[23.735311258343895,38.023259205156407],[23.735692880711625,38.023489190439207],[23.735695745649476,38.02349091742132],[23.735673657633104,38.023502541144843],[23.735658998491466,38.023510255590878],[23.735570965953606,38.02355658351258],[23.735496560568752,38.023595738995418],[23.735456011268752,38.023616991878995],[23.73506554552182,38.023782849495632],[23.734818433769814,38.023885939619511],[23.734522462606751,38.024011450908731],[23.73402288011178,38.024222122614674],[23.733552165410298,38.024423844808794],[23.733492641034864,38.024441735502599],[23.733244195916562,38.024616921623299],[23.733027520176638,38.024769647363492],[23.732343173370065,38.025263795210385],[23.732237694510609,38.025335039126631],[23.732163147951262,38.025385390555343],[23.73210498358765,38.025424676402139],[23.732057733847917,38.02545659029299],[23.732003461930162,38.025493246914358],[23.731988878540982,38.025503097103325],[23.731984101934479,38.025506322709596],[23.731973702278751,38.025513994126747],[23.731832578378299,38.025618102680347],[23.73166742950654,38.025739933069161],[23.731481210862878,38.025859222172386],[23.73137083751498,38.025929925073491],[23.731292395243916,38.025964396420363],[23.73124623569068,38.025734464762394],[23.731225060308891,38.025585705309332],[23.731178248221966,38.025436887242591],[23.731003010807488,38.024868680608087],[23.730775589418389,38.023966880840177],[23.730039950322244,38.02213559689968],[23.729831809035293,38.021612376665971],[23.729596521913297,38.021016991219234],[23.729569670641741,38.020954412198172],[23.729571476245116,38.020953844037869],[23.729685576301918,38.020918155229502],[23.729685894531894,38.020918055918962],[23.729883025992361,38.020850912920849],[23.731673283884184,38.020228622089483],[23.731744115020383,38.020199168534198],[23.73179459145436,38.020178179299663],[23.731890878614024,38.020138140497501],[23.73191040257441,38.020130022117236],[23.731977739972596,38.02011665641453],[23.732036172900628,38.020202411179845]]]},"properties":{"FID":104,"geitonia":"ΚΟΥΚΛΑΚΙ","name_place":" ","name_pl_en":" ","geiton_en":"KOUKLAKI","dk":"5η ΔΚ","dk_en":"5th","shapeaream":160322.87857900001,"shapelengm":1792.0032660300001}},{"type":"Feature","id":105,"geometry":{"type":"Polygon","coordinates":[[[23.780532923641026,37.998239527972892],[23.780028394976885,37.998540515633287],[23.7790673952811,37.999117066543874],[23.778464635153792,37.998303823551872],[23.778280070347208,37.998054805170973],[23.77825685719165,37.998023485046772],[23.778217260653452,37.998136527855884],[23.778022354788188,37.998609139636798],[23.777952069170642,37.99865200992987],[23.777897096478274,37.99860282400639],[23.777068776189196,37.99810683318605],[23.776455539248115,37.997749662012652],[23.776083892925353,37.997537153283389],[23.775405985133137,37.997148308529489],[23.775076287692208,37.996953902382792],[23.774765058138009,37.996773049939065],[23.774164729301781,37.996276192412687],[23.77364076211909,37.995833555839987],[23.773028374341138,37.995327656399461],[23.772942111958947,37.995255387146045],[23.77338302371912,37.994927268631869],[23.773823588916997,37.99459464135208],[23.774247381921327,37.994275499477666],[23.775075669617948,37.993659706298772],[23.775507679214375,37.993327056258785],[23.775578721736771,37.993255089043593],[23.775712608753896,37.993115645273342],[23.775733556828737,37.993095184591212],[23.775758655896485,37.993070668826931],[23.775911458921566,37.992913235188588],[23.776054938960048,37.993012649793918],[23.776227165363458,37.99313915746238],[23.776223879595666,37.993166189757098],[23.777475005967421,37.994060835365339],[23.777593590910531,37.994155694554109],[23.77786991289722,37.994462653527094],[23.777967460559264,37.994570991872003],[23.778212462400845,37.994760723891311],[23.779360362833192,37.995438846278937],[23.781118928483146,37.996510154151316],[23.781900030833082,37.99703435010467],[23.782196224037971,37.997251207212031],[23.782094587378648,37.997310571317165],[23.782034714722204,37.997345542868828],[23.781553030496958,37.997628553778071],[23.781044579963613,37.997934044975942],[23.780532923641026,37.998239527972892]]]},"properties":{"FID":105,"geitonia":"ΕΛΛΗΝΟΡΩΣΣΩΝ ΙΙ","name_place":" ","name_pl_en":" ","geiton_en":"ELLINOROSSON II","dk":"7η ΔΚ","dk_en":"7th","shapeaream":251839.06674000001,"shapelengm":2247.5702251600001}},{"type":"Feature","id":106,"geometry":{"type":"Polygon","coordinates":[[[23.773028374341138,37.995327656399461],[23.77364076211909,37.995833555839987],[23.774164729301781,37.996276192412687],[23.774765058138009,37.996773049939065],[23.775076287692208,37.996953902382792],[23.775405985133137,37.997148308529489],[23.776083892925353,37.997537153283389],[23.776455539248115,37.997749662012652],[23.777068776189196,37.99810683318605],[23.777897096478274,37.99860282400639],[23.777952069170642,37.99865200992987],[23.777514982468976,37.998918605715538],[23.777161434678622,37.999161476846801],[23.776680522516951,37.999493044735566],[23.775981553009437,37.999974946037895],[23.775519213074755,38.000293697593442],[23.77496060519487,38.000678813037112],[23.774315251534695,38.000550940688768],[23.77385081469011,38.000448534289646],[23.77360740343169,38.000423990010013],[23.773498305396707,38.000403351461259],[23.773258281060428,38.000357943757521],[23.772554853175237,38.000224867437765],[23.771908843238492,38.000102649690803],[23.771761647796644,38.000052440230306],[23.771545746198118,37.999889789984771],[23.770364725136702,37.998990712640435],[23.769973496356005,37.99866999235789],[23.769874532539884,37.998561644695926],[23.769557138185654,37.998191496832085],[23.769508021228834,37.998191400587487],[23.769407450505646,37.99814163283596],[23.7693163915126,37.998123428594113],[23.769398645482969,37.997884749629726],[23.769841477137831,37.997407936466779],[23.770232142810769,37.996994109587156],[23.770270693990028,37.99695813352438],[23.770692512507047,37.996711103506435],[23.771293302559005,37.996365278836379],[23.772064916850034,37.995907121693669],[23.772499045769422,37.995588006239103],[23.772942111958947,37.995255387146045],[23.773028374341138,37.995327656399461]]]},"properties":{"FID":106,"geitonia":"ΕΛΛΗΝΟΡΩΣΩΝ Ι","name_place":" ","name_pl_en":" ","geiton_en":"ELLINOROSON I","dk":"7η ΔΚ","dk_en":"7th","shapeaream":245832.56422100001,"shapelengm":1982.0139503600001}},{"type":"Feature","id":107,"geometry":{"type":"Polygon","coordinates":[[[23.735098183918119,38.008285402008831],[23.735096970656336,38.008325956959446],[23.735095756254001,38.008366511907205],[23.735096642242301,38.008812648399271],[23.734411690211843,38.008829129190744],[23.733807560067532,38.008841282548012],[23.733808945624048,38.008836133056384],[23.733824519343678,38.008778231210542],[23.733702366300975,38.008399416326831],[23.733592576065366,38.008047667755385],[23.73353672643459,38.008054119684161],[23.733535623322481,38.00805424696938],[23.732980408489876,38.008118381987373],[23.732710601889114,38.008113262679935],[23.732434113274145,38.008085595505392],[23.73167292958588,38.007839831989159],[23.731666641184169,38.007837801473912],[23.731618834774661,38.007822366089101],[23.731640066126694,38.007759324807047],[23.731769494162517,38.007408120129476],[23.731825083995531,38.00719644564478],[23.731848905766149,38.007106371765211],[23.731981348859563,38.00661096855881],[23.731833477317604,38.006651189168039],[23.731289565401411,38.006749088707544],[23.731091087287272,38.005928468354263],[23.730905486772208,38.005188992426802],[23.730816498585245,38.005188788782888],[23.730354564412956,38.005259833172936],[23.730287534196226,38.004998307615878],[23.73025735156018,38.004881071696644],[23.730218046387431,38.004727763549042],[23.730150306369591,38.00446623626322],[23.730106508812906,38.004301858124329],[23.730011622532519,38.003943174186873],[23.731255443729822,38.003711689525687],[23.731546985646801,38.003901624675208],[23.731763159542474,38.003870573023974],[23.731806974345393,38.003861660121224],[23.732336205501586,38.003781750347635],[23.732657124965105,38.003723896916334],[23.734292168038699,38.003380608436778],[23.734428099753931,38.003786492615475],[23.734558322043924,38.004194835041702],[23.734666555193549,38.00468380688671],[23.734701906011988,38.00485062387795],[23.734772639448305,38.005175245063384],[23.734801033970392,38.005296982208129],[23.734897734617316,38.005725309306072],[23.734952809115661,38.005950753995947],[23.735085802697171,38.006581951161074],[23.735086950900509,38.006658562727132],[23.735090880278701,38.007050629282084],[23.735093902052967,38.007496770685336],[23.73509614837138,38.00786179493533],[23.735098183918119,38.008285402008831]]]},"properties":{"FID":107,"geitonia":"ΚΟΛΙΑΤΣΟΥ I","name_place":" ","name_pl_en":" ","geiton_en":"KOLIATSOU I","dk":"6η ΔΚ","dk_en":"6th","shapeaream":174877.26044400001,"shapelengm":1963.0473566999999}},{"type":"Feature","id":108,"geometry":{"type":"Polygon","coordinates":[[[23.750230897993244,38.008164556461047],[23.750051374001686,38.008436989543256],[23.749757543761248,38.008821533888671],[23.749757016280341,38.008822224950883],[23.749680274407243,38.008919629917017],[23.749519878791777,38.009123209767715],[23.748994501366798,38.008915250808847],[23.748601528261815,38.008759680229112],[23.748309411663481,38.008642373648094],[23.748178502453214,38.008589802830372],[23.747860621815747,38.008462147322],[23.747812360350107,38.008442766320037],[23.747393033620099,38.008280806379162],[23.747281979615071,38.008233750693854],[23.746737034116375,38.007997190573242],[23.746658953964264,38.007965526197509],[23.746636790981992,38.007966699690073],[23.745847926235324,38.008006087005214],[23.745761142427803,38.00801141257098],[23.745681940673183,38.007838275377694],[23.745553489975418,38.007641538763821],[23.745438906325585,38.007424983083183],[23.74516060042512,38.006996271309575],[23.744812466018899,38.006585433000701],[23.744602875860043,38.006359657462085],[23.744480167640418,38.006228704985666],[23.744221969369526,38.00595775902022],[23.743804947788625,38.005501703709854],[23.743603357002137,38.005274823488051],[23.743371667496103,38.005014066528496],[23.743294552110161,38.004977846932732],[23.742862888091199,38.004742570486712],[23.742546429656642,38.004543596002314],[23.742851804976908,38.004246840836664],[23.743206100311291,38.003905127550333],[23.74346819196991,38.003464070991392],[23.743860666720504,38.002809250375577],[23.743862019757447,38.002806992904887],[23.744715489654002,38.002831380606068],[23.744803653888518,38.002863116841695],[23.745356511099047,38.003071752613934],[23.745994850038379,38.003312704769407],[23.746151894426216,38.003374956558041],[23.746499822013252,38.003514785757346],[23.746674459682975,38.003584970004191],[23.746889320671759,38.003671320349682],[23.747775426414854,38.004027427242931],[23.748328461581991,38.00424967500043],[23.748392490010772,38.004280536724657],[23.748425008460643,38.004309581626217],[23.748504552485883,38.004380631325169],[23.749348050040265,38.005598727341464],[23.74950717960111,38.006037708848581],[23.749681271432177,38.006600403135501],[23.749694763906756,38.006647293127926],[23.749762575519693,38.006882958733257],[23.74982269838409,38.007091902940637],[23.74985412538728,38.007161099042307],[23.750056246185437,38.007606130409883],[23.750168034156626,38.007918849684401],[23.750230897993244,38.008164556461047]]]},"properties":{"FID":108,"geitonia":"ΑΓΙΟΣ ΑΘΑΝΑΣΙΟΣ","name_place":" ","name_pl_en":" ","geiton_en":"AGIOS ATHANASIOS","dk":"6η ΔΚ","dk_en":"6th","shapeaream":251316.85441599999,"shapelengm":2095.7914801500001}},{"type":"Feature","id":109,"geometry":{"type":"Polygon","coordinates":[[[23.72144143422387,38.009432201148478],[23.72106177810555,38.009467636435922],[23.721353608359614,38.008524024080458],[23.721422414885911,38.007885265841871],[23.721449847202848,38.007748137721407],[23.721461848598565,38.00738866559773],[23.721424181757502,38.006712615032392],[23.721368653132938,38.005898878280107],[23.721324440044103,38.005509167338907],[23.721286786180826,38.005112514002576],[23.721211352317177,38.004301990623077],[23.721164805011412,38.003801829952472],[23.721092330963845,38.003289243948686],[23.72196247894712,38.003203394969844],[23.722899659825885,38.003115478545944],[23.723398164383664,38.003067081476786],[23.724168016583572,38.002987774112377],[23.724364562852433,38.002970209259153],[23.724432989141615,38.002947837543147],[23.725211679786558,38.003837422671836],[23.72555158818108,38.004225767764652],[23.72594819940765,38.004681840166207],[23.726259738787245,38.005043078592955],[23.726600676487951,38.005444942218247],[23.726644664198155,38.005485602163141],[23.726652037902554,38.005496499579507],[23.726790592365248,38.005701262058125],[23.727209678238093,38.006320599991248],[23.727307643853059,38.006492070763677],[23.727476607977785,38.00681241751564],[23.727633726226724,38.007159775033031],[23.727834839014196,38.007836202007951],[23.727870607888036,38.008007855483797],[23.727885563292475,38.00807962941311],[23.727916916988107,38.008234086110733],[23.727919578987883,38.008247672782517],[23.727866547615772,38.00825145533576],[23.727829309548618,38.008254110861493],[23.727713996565551,38.008252002620246],[23.727246777044389,38.008317025367546],[23.726770296472942,38.00839014258522],[23.726767606646479,38.00839055543193],[23.726726051109619,38.008396931883404],[23.726258736089449,38.008472454015752],[23.725342970142187,38.008623536759501],[23.725286429332517,38.008632968198384],[23.725281522403002,38.008633786816539],[23.724497875863413,38.00876450873794],[23.72448996091676,38.008765829500426],[23.724437166496209,38.008774635706025],[23.723926741157811,38.008859060354311],[23.723449436293023,38.008939054265035],[23.723029130556299,38.009004247155254],[23.721728413050108,38.009228336518227],[23.721580777571674,38.009190017007398],[23.72144143422387,38.009432201148478]]]},"properties":{"FID":109,"geitonia":"ΘΥΜΑΡΑΚΙΑ","name_place":" ","name_pl_en":" ","geiton_en":"THYMARAKIA","dk":"4η ΔΚ","dk_en":"4th","shapeaream":296563.62664799998,"shapelengm":2289.36999526}},{"type":"Feature","id":110,"geometry":{"type":"Polygon","coordinates":[[[23.738878329753437,38.008861663501285],[23.73889295362066,38.009154612559634],[23.738920161720053,38.009713467648311],[23.738944601147363,38.010249784491499],[23.738969759027608,38.010885243844257],[23.738998209445704,38.011696460306489],[23.738496903319056,38.011717878688316],[23.737820064965394,38.011747916547542],[23.737089439621318,38.011786843089745],[23.73617227739506,38.01182534676169],[23.735238478438919,38.011858635174285],[23.735201971913707,38.011241668251408],[23.735183178059867,38.011079566521374],[23.735142745177704,38.010444072026282],[23.735134316471349,38.010313367220718],[23.735106020959744,38.009872492077307],[23.735096751237698,38.009375949727996],[23.735097059319035,38.009290328660789],[23.735097548399256,38.008956855522861],[23.735096642242301,38.008812648399271],[23.735095756254001,38.008366511907205],[23.735096970656336,38.008325956959446],[23.735098183918119,38.008285402008831],[23.736053359345597,38.008256004767148],[23.736469565708621,38.008234406094687],[23.736975832194023,38.008213007402901],[23.737636264994588,38.008182937740472],[23.737666521655658,38.008183005235722],[23.737680202534477,38.008182301207114],[23.738085931441564,38.008161407986861],[23.738842861874129,38.008122533593856],[23.738878329753437,38.008861663501285]]]},"properties":{"FID":110,"geitonia":"ΚΑΤΩ ΠΑΤΗΣΙΑ I","name_place":" ","name_pl_en":" ","geiton_en":"KATO PATISIA I","dk":"5η ΔΚ","dk_en":"5th","shapeaream":132014.09987400001,"shapelengm":1453.94687075}},{"type":"Feature","id":111,"geometry":{"type":"Polygon","coordinates":[[[23.742832953745655,38.011522172784609],[23.742833050174262,38.011526852449002],[23.742837592432256,38.011748470372531],[23.742840321606362,38.011881590202854],[23.742803192288918,38.01188241569529],[23.742783876295217,38.011882844819446],[23.742324222770218,38.011893064034602],[23.742246978265428,38.011895069551464],[23.741843950376438,38.011905529953893],[23.741376834035623,38.011922529251414],[23.740910445321568,38.011935021889201],[23.740853301970787,38.011937150987961],[23.74083696537118,38.011937759403672],[23.740453651615869,38.011952040260574],[23.739994722933634,38.011969052137069],[23.739531877635606,38.011986053547645],[23.739108357651769,38.012000036370665],[23.739103385759947,38.012000200189298],[23.73902026263157,38.012002944917079],[23.738998209445704,38.011696460306489],[23.738969759027608,38.010885243844257],[23.738944601147363,38.010249784491499],[23.738920161720053,38.009713467648311],[23.73889295362066,38.009154612559634],[23.738878329753437,38.008861663501285],[23.738842861874129,38.008122533593856],[23.739627913497731,38.008083716589816],[23.740176320917225,38.008059564677957],[23.740212505589376,38.008057970933983],[23.740215524228791,38.008095091492713],[23.740216252400568,38.008104050041474],[23.740296434399223,38.009090124081759],[23.740865275310348,38.009078079552786],[23.741375421094947,38.009136283407571],[23.741946783084831,38.009263328610153],[23.742371682641849,38.009419149967137],[23.742517799205551,38.009473546874069],[23.742901951907825,38.009560009082456],[23.743309253244885,38.009573426610416],[23.743369914942328,38.010118886739768],[23.743416116929325,38.010676852969958],[23.742815569185424,38.010674033326325],[23.742832953745655,38.011522172784609]]]},"properties":{"FID":111,"geitonia":"ΑΛΕΠΟΤΡΥΠΑ (ΠΑΤΗΣΙΑ)","name_place":" ","name_pl_en":" ","geiton_en":"ALEPOTRYPA (PATISIA)","dk":"5η ΔΚ","dk_en":"5th","shapeaream":123497.45484599999,"shapelengm":1585.2502237399999}},{"type":"Feature","id":112,"geometry":{"type":"Polygon","coordinates":[[[23.737901370024208,38.027403334296181],[23.737056658379416,38.027800512173641],[23.737030419280881,38.027812849684885],[23.737004720021385,38.027824933335751],[23.736680527618809,38.027972918802377],[23.736560920035227,38.027666216076099],[23.736439290766739,38.027526245284108],[23.736058466423469,38.02728204576357],[23.735931110249702,38.027250215058956],[23.735620222213065,38.027263035654897],[23.734674586870444,38.027269491273202],[23.734627495442862,38.027269812211102],[23.734206099894621,38.027219290093704],[23.734193149173375,38.027215275363517],[23.733620322134115,38.027037708744444],[23.733217901180737,38.026861047016581],[23.732884021727724,38.026734109975415],[23.732872707529246,38.026729412943972],[23.732556584067723,38.026598173846871],[23.732105152777127,38.026290711365725],[23.732042753452326,38.026321307307839],[23.731980980719516,38.0263515955061],[23.73194963376816,38.02636696566536],[23.731850847502173,38.026312663690092],[23.731766580930497,38.026268885641962],[23.731720219462666,38.02624479954423],[23.73170906437533,38.026239004104532],[23.731563341041635,38.026163296659369],[23.731402041168582,38.026075825109174],[23.731354688796841,38.02605014674721],[23.731304643739179,38.026023007548702],[23.731295259719769,38.025978103309228],[23.731292395243916,38.025964396420363],[23.73137083751498,38.025929925073491],[23.731481210862878,38.025859222172386],[23.73166742950654,38.025739933069161],[23.731832578378299,38.025618102680347],[23.731973702278751,38.025513994126747],[23.731984101934479,38.025506322709596],[23.731988878540982,38.025503097103325],[23.732003461930162,38.025493246914358],[23.732057733847917,38.02545659029299],[23.73210498358765,38.025424676402139],[23.732163147951262,38.025385390555343],[23.732237694510609,38.025335039126631],[23.732343173370065,38.025263795210385],[23.733027520176638,38.024769647363492],[23.733244195916562,38.024616921623299],[23.733492641034864,38.024441735502599],[23.733552165410298,38.024423844808794],[23.73402288011178,38.024222122614674],[23.734522462606751,38.024011450908731],[23.734818433769814,38.023885939619511],[23.73506554552182,38.023782849495632],[23.735456011268752,38.023616991878995],[23.735496560568752,38.023595738995418],[23.735570965953606,38.02355658351258],[23.735658998491466,38.023510255590878],[23.735673657633104,38.023502541144843],[23.735695745649476,38.02349091742132],[23.735815288774379,38.023562960351384],[23.735924335274785,38.023628676939531],[23.736084391838357,38.023725134301749],[23.736194243613117,38.023797726504476],[23.736380965414938,38.023921115829133],[23.736582399651272,38.024054226568744],[23.736770521992369,38.024178539516235],[23.73728293535704,38.024517143406932],[23.737291376311493,38.024522721356753],[23.737299330295016,38.024527791699015],[23.738092467373836,38.025033395938003],[23.738911176373048,38.025546615116667],[23.739287306004062,38.025786278752015],[23.739349765827995,38.025826076210237],[23.739412995342718,38.025866363834183],[23.739261869466727,38.025927086886902],[23.739219750429381,38.02594401053738],[23.739208716913637,38.025948443794178],[23.73914358377019,38.025974614870719],[23.7393014950182,38.026077198978072],[23.739304419915321,38.026079099050307],[23.739343043801288,38.026104190665784],[23.739464131645306,38.026182380914754],[23.739642363761622,38.026297470670606],[23.739903266226573,38.026465942850997],[23.739120058368197,38.026833732252712],[23.738588635818665,38.02708491015747],[23.737901370024208,38.027403334296181]]]},"properties":{"FID":112,"geitonia":"ΑΛΥΣΙΔΑ","name_place":" ","name_pl_en":" ","geiton_en":"ALYSIDA","dk":"5η ΔΚ","dk_en":"5th","shapeaream":194912.13521000001,"shapelengm":1903.53495651}},{"type":"Feature","id":113,"geometry":{"type":"Polygon","coordinates":[[[23.743257676608021,38.009142373324856],[23.743257934318752,38.009153401972405],[23.743271019815857,38.009258465025191],[23.743309253244885,38.009573426610416],[23.742901951907825,38.009560009082456],[23.742517799205551,38.009473546874069],[23.742371682641849,38.009419149967137],[23.741946783084831,38.009263328610153],[23.741375421094947,38.009136283407571],[23.740865275310348,38.009078079552786],[23.740296434399223,38.009090124081759],[23.740216252400568,38.008104050041474],[23.740215524228791,38.008095091492713],[23.740212505589376,38.008057970933983],[23.740469775371917,38.00804537663339],[23.741093327320421,38.008014849250088],[23.741240017279583,38.008006159274437],[23.741210971427158,38.007762749215786],[23.741192643272839,38.007609490933874],[23.741146726441304,38.007203812934037],[23.740878978992917,38.007221248955112],[23.74076041522466,38.006824423517713],[23.740797032297866,38.006823105436872],[23.740876639282238,38.006820239936289],[23.741114287939954,38.006811683792129],[23.74194322693166,38.006795949525845],[23.743332819612331,38.00676956084245],[23.743715054407545,38.00698862368592],[23.743778227425583,38.007042838266258],[23.744622778614961,38.008074363006784],[23.74457027648506,38.008077237639256],[23.743661979083011,38.008124123484542],[23.743657467766319,38.0081272014436],[23.743240575332145,38.008411614459234],[23.743257676608021,38.009142373324856]]]},"properties":{"FID":113,"geitonia":"--","name_place":"ΛΟΦΟΣ ΕΛΙΚΩΝΟΣ","name_pl_en":"LOFOS ELIKONOS","geiton_en":"--","dk":"6η ΔΚ","dk_en":"6th","shapeaream":74184.160246400003,"shapelengm":1311.7481988}},{"type":"Feature","id":114,"geometry":{"type":"Polygon","coordinates":[[[23.731083792333663,38.012408666736775],[23.731046264878469,38.01244913856894],[23.730260590491486,38.012352704583989],[23.728813037991465,38.012237062299498],[23.728776482552874,38.012238488544497],[23.728692312187007,38.012241771534747],[23.728516519284021,38.012257835857412],[23.728523819274834,38.012223184029352],[23.728537241229784,38.012159470101437],[23.728509851292259,38.011958959239756],[23.728499602148545,38.01188392915622],[23.728484900652969,38.011776304772319],[23.728483490576934,38.011766674932247],[23.72839811722384,38.011183777836415],[23.728398050564561,38.011183319831574],[23.728391145809017,38.011136178589808],[23.728321174013406,38.010707908333572],[23.728192149878481,38.009882937695721],[23.728039256598318,38.008967783447304],[23.727919578987883,38.008247672782517],[23.727916916988107,38.008234086110733],[23.727885563292475,38.00807962941311],[23.727870607888036,38.008007855483797],[23.727834839014196,38.007836202007951],[23.727633726226724,38.007159775033031],[23.727675830304737,38.007155171448687],[23.727744705811496,38.007147640275441],[23.72782629980912,38.007138718977671],[23.72787588044611,38.007133297135958],[23.729134770654547,38.006982985362207],[23.729392942596771,38.006956541229059],[23.729557040165147,38.006956918695749],[23.729721155418101,38.006952789564274],[23.730199797384909,38.006890798849597],[23.730752869004629,38.00681996378696],[23.731289565401411,38.006749088707544],[23.731833477317604,38.006651189168039],[23.731981348859563,38.00661096855881],[23.731848905766149,38.007106371765211],[23.731825083995531,38.00719644564478],[23.731769494162517,38.007408120129476],[23.731640066126694,38.007759324807047],[23.731618834774661,38.007822366089101],[23.731666641184169,38.007837801473912],[23.73167292958588,38.007839831989159],[23.732434113274145,38.008085595505392],[23.732710601889114,38.008113262679935],[23.732980408489876,38.008118381987373],[23.733535623322481,38.00805424696938],[23.73353672643459,38.008054119684161],[23.733592576065366,38.008047667755385],[23.733702366300975,38.008399416326831],[23.733824519343678,38.008778231210542],[23.733808945624048,38.008836133056384],[23.733807560067532,38.008841282548012],[23.733152186319234,38.00884881013085],[23.73237752786261,38.008865075492956],[23.732375380957379,38.008903842845584],[23.732374955502284,38.008911518995035],[23.732344807745164,38.009455745201869],[23.732344463981086,38.009461942533257],[23.732341335647224,38.009518422337848],[23.731841093525713,38.009544321203627],[23.73138004222292,38.009561294647632],[23.731332628801145,38.010457961457803],[23.731298804373061,38.010849941599844],[23.731240804559398,38.011232853645865],[23.731165026857695,38.011804994063333],[23.731083792333663,38.012408666736775]]]},"properties":{"FID":114,"geitonia":"ΑΓΙΟΣ ΝΙΚΟΛΑΟΣ","name_place":" ","name_pl_en":" ","geiton_en":"AGIOS NIKOLAOS","dk":"6η ΔΚ","dk_en":"6th","shapeaream":197214.38843699999,"shapelengm":2197.57724009}},{"type":"Feature","id":115,"geometry":{"type":"Polygon","coordinates":[[[23.72144143422387,38.009432201148478],[23.721213185030937,38.009979260836303],[23.720917336146744,38.010550872755559],[23.720754812455812,38.010883961010713],[23.720548602074615,38.01128454130297],[23.720420879881125,38.011545609255322],[23.720290174941624,38.011748086693409],[23.7200444339556,38.012268181906101],[23.719797738857785,38.012811464237522],[23.719725208153513,38.013033300308635],[23.719753218512235,38.013184351429899],[23.719852693935252,38.013485828932659],[23.719810953517005,38.013547645677335],[23.719796931622316,38.01367114721679],[23.719665424499674,38.013896153984987],[23.719300911657246,38.014385980440494],[23.719274366676803,38.014421650149707],[23.719052814341339,38.014719363825037],[23.719032781562554,38.014665007500561],[23.719006035527915,38.014592436473833],[23.71900586752562,38.014591980925722],[23.71897115673783,38.014497796175426],[23.718950603161545,38.014442027185069],[23.718831653728468,38.014119269142206],[23.718770230515535,38.013952599849333],[23.718528867771628,38.013113831307081],[23.718387253090714,38.012536672527247],[23.718354562161515,38.01214904344112],[23.718322174109971,38.011774934261425],[23.718296952176146,38.011481957511037],[23.718270358247956,38.01117545823756],[23.718226667058353,38.010778789863096],[23.718199961265508,38.010688836595897],[23.718114203084149,38.010399982247272],[23.718021568745851,38.01022589220765],[23.71790532206769,38.01000742404613],[23.717868313567475,38.009965606846123],[23.717848708574206,38.009943454085807],[23.717789418422495,38.009876460184806],[23.717637155089779,38.009758928133628],[23.717524617499752,38.009686099326565],[23.717188409406699,38.009468517816437],[23.717064032493873,38.009388025340421],[23.715338924862618,38.008387946407886],[23.715167375422979,38.008288390086442],[23.715092796684658,38.008243145362663],[23.714826216570916,38.008048723725935],[23.714512998803933,38.007764060121943],[23.713945037552961,38.007223204411666],[23.712839087816707,38.006170004996456],[23.712752869342999,38.006087896773003],[23.71259100286996,38.005960618863966],[23.71236657333143,38.005784145387047],[23.712091748145529,38.005568043132534],[23.711955574525401,38.005492258884964],[23.711946057875878,38.005486962176306],[23.711611896201234,38.005300989308026],[23.711543227162416,38.005275614753266],[23.709880909100622,38.004661328253597],[23.709966621238312,38.004660803311353],[23.710208399467714,38.004659322756154],[23.712422509914099,38.004645741409988],[23.712504346887901,38.004645238489964],[23.713080663993381,38.004646645891903],[23.713503122753171,38.004652182178496],[23.714205411970617,38.004653890871879],[23.715200257037583,38.004665317005959],[23.715921446023938,38.004658048397559],[23.716510204251723,38.004654962633573],[23.717490488742087,38.004657321475435],[23.717970275674109,38.004667485821358],[23.718230779228957,38.004681629461324],[23.718813518428956,38.004595132025372],[23.719605178869543,38.004477619352961],[23.720404270626034,38.004389393559144],[23.720714065533524,38.00435858476024],[23.720969400667791,38.004327645950021],[23.721001013858899,38.004324301484232],[23.721092029249178,38.004314672655461],[23.721211352317177,38.004301990623077],[23.721286786180826,38.005112514002576],[23.721324440044103,38.005509167338907],[23.721368653132938,38.005898878280107],[23.721424181757502,38.006712615032392],[23.721461848598565,38.00738866559773],[23.721449847202848,38.007748137721407],[23.721422414885911,38.007885265841871],[23.721353608359614,38.008524024080458],[23.72106177810555,38.009467636435922],[23.72144143422387,38.009432201148478]]]},"properties":{"FID":115,"geitonia":"ΣΕΠΟΛΙΑ","name_place":" ","name_pl_en":" ","geiton_en":"SEPOLIA","dk":"4η ΔΚ","dk_en":"4th","shapeaream":457202.29956499999,"shapelengm":3712.6356083599999}},{"type":"Feature","id":116,"geometry":{"type":"Polygon","coordinates":[[[23.747002069484171,38.019781913589284],[23.745807479542275,38.020318240798709],[23.745191470621464,38.020595007509343],[23.744606745098608,38.020860129489563],[23.744160742803906,38.02106234907734],[23.743782982070659,38.021233626017896],[23.743308281930126,38.021448851985646],[23.742965613527801,38.021604213274117],[23.742279967709294,38.021915071857912],[23.7414705674882,38.022282029457095],[23.7411685617583,38.022418948160286],[23.74066159855629,38.022648783218834],[23.740482270881611,38.022730081384353],[23.739960833248194,38.022968148896418],[23.739855260977574,38.022923808561458],[23.73933188484531,38.022620720833949],[23.739219340994115,38.022530343326586],[23.738834596381071,38.022135704100286],[23.738744427356991,38.022043214555318],[23.738523682153218,38.021816787483267],[23.738122839814721,38.021401306752409],[23.737826337479735,38.021080691699765],[23.73742771963758,38.020642681518112],[23.737346915251322,38.020538853862277],[23.737010396480116,38.020060423316814],[23.736851119890122,38.019798695769701],[23.736760462262055,38.019762441657882],[23.736638328199028,38.019568392962327],[23.736809218978042,38.01956877556335],[23.737122534844712,38.019564969988771],[23.737717576291271,38.01953024747484],[23.738633054276328,38.019491728194723],[23.739227707074484,38.019466009975126],[23.739618343540187,38.019444343583622],[23.739640587052307,38.018993752707466],[23.740607434306348,38.018923786953671],[23.74140975256601,38.018866970767888],[23.741980252183865,38.01882315989522],[23.742130168332757,38.018814475934285],[23.74262657035565,38.018274795187729],[23.743466103698477,38.017343804272969],[23.74342314588738,38.017295179296241],[23.743431709007698,38.017285871527534],[23.743431831371058,38.017285738404979],[23.743731928028566,38.016959543338807],[23.743740228049436,38.016950521580938],[23.743770849368843,38.016917237315099],[23.743960182914144,38.017056471256794],[23.744226689668519,38.017201256118753],[23.744294472706063,38.017160845899141],[23.744570381822474,38.017161445522447],[23.744631013147657,38.0171300323805],[23.745298902412966,38.01658688829238],[23.745299306837527,38.016586560200864],[23.745440549689011,38.017633871177225],[23.745516358346848,38.017825125666491],[23.745686835327923,38.018013349273026],[23.745790653497242,38.018133094360067],[23.745753323503358,38.018172308586216],[23.745722741876509,38.018204433499484],[23.745721904902101,38.018205312240745],[23.745464191930889,38.0184760320167],[23.745456284048089,38.018484339126104],[23.74541832024541,38.018524217917381],[23.746011905356642,38.018842249277128],[23.746302191467031,38.018758597163931],[23.74632681387472,38.018751501325127],[23.746459610812394,38.018988502712027],[23.746526812405964,38.019108437662418],[23.747002069484171,38.019781913589284]]]},"properties":{"FID":116,"geitonia":"ΠΛΑΤΕΙΑ ΠΑΠΑΔΙΑΜΑΝΤΗ","name_place":" ","name_pl_en":" ","geiton_en":"PLATEIA PAPADIAMANTI","dk":"5η ΔΚ","dk_en":"5th","shapeaream":282987.25346699997,"shapelengm":2616.48357364}},{"type":"Feature","id":117,"geometry":{"type":"Polygon","coordinates":[[[23.735580520385923,38.019925817375785],[23.735641292340276,38.020407223130682],[23.735691700214513,38.020770801924641],[23.73576629844079,38.021308857024856],[23.735766555059101,38.021310684495766],[23.735864860483513,38.022008611288037],[23.735884597559362,38.022148734320858],[23.735955098390793,38.022649238072731],[23.735956878876635,38.022748382832489],[23.735965820651032,38.022820057345605],[23.735970375722296,38.022856566694571],[23.735968220750674,38.022858292312797],[23.73591956473155,38.022897260734808],[23.73596785987807,38.023065556071074],[23.735963621625313,38.023290341003296],[23.735997533965747,38.023325293058953],[23.735695745649476,38.02349091742132],[23.735692880711625,38.023489190439207],[23.735311258343895,38.023259205156407],[23.734927700200821,38.023007438449838],[23.734777809056862,38.022907959714146],[23.733588226439529,38.022134676531714],[23.733446559752949,38.022026201925179],[23.733162259285596,38.021782211609064],[23.732881262565542,38.021511189709578],[23.732476442470624,38.021023578334599],[23.732314868660872,38.020712269086431],[23.732036172900628,38.020202411179845],[23.731977739972596,38.02011665641453],[23.73415048979906,38.019648416517974],[23.734669296792365,38.019627056262614],[23.734902151860908,38.019623075030623],[23.73554020927849,38.019606486105069],[23.735580520385923,38.019925817375785]]]},"properties":{"FID":117,"geitonia":"ΑΝΩ ΠΑΤΗΣΙΑ","name_place":" ","name_pl_en":" ","geiton_en":"ANO PATISIA","dk":"5η ΔΚ","dk_en":"5th","shapeaream":89813.781914699997,"shapelengm":1276.4459949699999}},{"type":"Feature","id":118,"geometry":{"type":"Polygon","coordinates":[[[23.736760462262055,38.019762441657882],[23.736851119890122,38.019798695769701],[23.737010396480116,38.020060423316814],[23.737346915251322,38.020538853862277],[23.73742771963758,38.020642681518112],[23.737826337479735,38.021080691699765],[23.738122839814721,38.021401306752409],[23.738523682153218,38.021816787483267],[23.738744427356991,38.022043214555318],[23.738834596381071,38.022135704100286],[23.739219340994115,38.022530343326586],[23.73933188484531,38.022620720833949],[23.739855260977574,38.022923808561458],[23.739960833248194,38.022968148896418],[23.740183752987381,38.023163373937749],[23.740226286876084,38.02321754468808],[23.740363469653499,38.023389090795867],[23.740468429802757,38.023510995247399],[23.740702416856656,38.023795414516137],[23.741016554533392,38.024170137814558],[23.741346590206351,38.024580946403645],[23.741633820492151,38.02501081308661],[23.741221839739168,38.025169529141735],[23.740756018392851,38.025348985167653],[23.740326011828831,38.025514640537658],[23.739412995342718,38.025866363834183],[23.739349765827995,38.025826076210237],[23.739287306004062,38.025786278752015],[23.738911176373048,38.025546615116667],[23.738092467373836,38.025033395938003],[23.737299330295016,38.024527791699015],[23.737291376311493,38.024522721356753],[23.73728293535704,38.024517143406932],[23.736770521992369,38.024178539516235],[23.736582399651272,38.024054226568744],[23.736380965414938,38.023921115829133],[23.736194243613117,38.023797726504476],[23.736084391838357,38.023725134301749],[23.735924335274785,38.023628676939531],[23.735815288774379,38.023562960351384],[23.735695745649476,38.02349091742132],[23.735997533965747,38.023325293058953],[23.735963621625313,38.023290341003296],[23.73596785987807,38.023065556071074],[23.73591956473155,38.022897260734808],[23.735968220750674,38.022858292312797],[23.735970375722296,38.022856566694571],[23.735965820651032,38.022820057345605],[23.735956878876635,38.022748382832489],[23.735955098390793,38.022649238072731],[23.735884597559362,38.022148734320858],[23.735864860483513,38.022008611288037],[23.735766555059101,38.021310684495766],[23.73576629844079,38.021308857024856],[23.735691700214513,38.020770801924641],[23.735641292340276,38.020407223130682],[23.735580520385923,38.019925817375785],[23.73554020927849,38.019606486105069],[23.735820123933433,38.019584583276803],[23.736638328199028,38.019568392962327],[23.736760462262055,38.019762441657882]]]},"properties":{"FID":118,"geitonia":"ΑΓΙΑ ΒΑΡΒΑΡΑ","name_place":" ","name_pl_en":" ","geiton_en":"AGIA VARVARA","dk":"5η ΔΚ","dk_en":"5th","shapeaream":175171.09889299999,"shapelengm":1937.30140145}},{"type":"Feature","id":119,"geometry":{"type":"Polygon","coordinates":[[[23.728197898392025,38.017485255389964],[23.728400386835062,38.01799044018982],[23.728539205478004,38.01834186795331],[23.728539360109469,38.018342260367163],[23.728715690557518,38.01879781376315],[23.729054282948166,38.019663823251349],[23.729234892004136,38.020119385633549],[23.729540392985534,38.020886176565291],[23.729569670641741,38.020954412198172],[23.729596521913297,38.021016991219234],[23.729831809035293,38.021612376665971],[23.730039950322244,38.02213559689968],[23.730775589418389,38.023966880840177],[23.731003010807488,38.024868680608087],[23.731178248221966,38.025436887242591],[23.731225060308891,38.025585705309332],[23.73124623569068,38.025734464762394],[23.731292395243916,38.025964396420363],[23.731295259719769,38.025978103309228],[23.731304643739179,38.026023007548702],[23.731244229862924,38.02599132471601],[23.731017776368137,38.025977753694292],[23.730905737909868,38.025959005809149],[23.730301319445005,38.025565249218182],[23.728907988528604,38.0245484441445],[23.72870610602553,38.024101822774291],[23.728418750756223,38.023240437659865],[23.728290613070701,38.023037353772587],[23.728101599956336,38.022928763341945],[23.727044819964391,38.022462156112503],[23.726708991756183,38.022098790433901],[23.726616079327854,38.022001507551444],[23.726466144559037,38.021795967253624],[23.726466106016968,38.021795914889744],[23.725717796308881,38.020760156183975],[23.725573326743419,38.020548018374292],[23.725459563843998,38.020408054460319],[23.725444406514359,38.020395273172802],[23.725298788049049,38.020272487018381],[23.725110585151452,38.020185227833778],[23.724956880970659,38.020113963842462],[23.724159975993537,38.019859738869819],[23.724121743925327,38.019801065989974],[23.723703344461846,38.01922013887696],[23.723650331258064,38.019146531147555],[23.723508888178795,38.018983968269247],[23.723481032902452,38.018959430315917],[23.722635628116542,38.01821775339571],[23.722644734332061,38.018157262026044],[23.722653753015607,38.018125738492863],[23.7226584157441,38.01811673668859],[23.722664145946752,38.018107737401628],[23.722670231593312,38.018098738952638],[23.722677385852666,38.018089743023424],[23.722702391789028,38.018067269988748],[23.722763520978337,38.018038221656383],[23.722841847553887,38.018000002742525],[23.723230802192791,38.017856713994718],[23.724056105575151,38.017556724640819],[23.724190101319973,38.017520987782547],[23.724652639254806,38.017400553898781],[23.724961981548461,38.017320007563185],[23.725353608426051,38.017221782030944],[23.725886007679122,38.017083325797827],[23.72594588449752,38.01706543974732],[23.726534977403965,38.016999215107212],[23.726982326229599,38.016946177724435],[23.727426097639338,38.016897636748389],[23.727803260881696,38.016857952743479],[23.727890622531508,38.016916738150513],[23.728036503117433,38.01693960762708],[23.728126996111339,38.016921791266242],[23.728239389229717,38.016854455025438],[23.728197898392025,38.017485255389964]]]},"properties":{"FID":119,"geitonia":"ΑΓΙΟΣ ΕΛΕΥΘΕΡΙΟΣ ΙΙ","name_place":" ","name_pl_en":" ","geiton_en":"AGIOS ELEFTHERIOS II","dk":"5η ΔΚ","dk_en":"5th","shapeaream":292657.05742999999,"shapelengm":2791.2383118100001}},{"type":"Feature","id":120,"geometry":{"type":"Polygon","coordinates":[[[23.743673523564627,38.026888810466197],[23.743286974856044,38.027054703831226],[23.743149829836646,38.027072429919798],[23.743049682275505,38.027099249492217],[23.742712330360387,38.027247222872397],[23.742480252102119,38.027327829952881],[23.742412228264335,38.027332187352485],[23.742409392873672,38.027334625409921],[23.742354728417126,38.02738163172485],[23.742432596147989,38.028125357480889],[23.742441978693638,38.028189951062572],[23.742399802676019,38.028214850235862],[23.742293392568218,38.028277670541534],[23.742178303618577,38.028345613516777],[23.742152408526692,38.028280467274705],[23.742031771696585,38.027976965577118],[23.742000194450501,38.027935912438544],[23.741891609364966,38.027794743849341],[23.74152073952645,38.027482853637451],[23.741306936068344,38.027248583565246],[23.739996379404996,38.026434310189231],[23.739903266226573,38.026465942850997],[23.739642363761622,38.026297470670606],[23.739464131645306,38.026182380914754],[23.739343043801288,38.026104190665784],[23.739304419915321,38.026079099050307],[23.7393014950182,38.026077198978072],[23.73914358377019,38.025974614870719],[23.739208716913637,38.025948443794178],[23.739219750429381,38.02594401053738],[23.739261869466727,38.025927086886902],[23.739412995342718,38.025866363834183],[23.740326011828831,38.025514640537658],[23.740756018392851,38.025348985167653],[23.741221839739168,38.025169529141735],[23.741633820492151,38.02501081308661],[23.741346590206351,38.024580946403645],[23.741016554533392,38.024170137814558],[23.740702416856656,38.023795414516137],[23.740468429802757,38.023510995247399],[23.740363469653499,38.023389090795867],[23.740226286876084,38.02321754468808],[23.740183752987381,38.023163373937749],[23.739960833248194,38.022968148896418],[23.740482270881611,38.022730081384353],[23.74066159855629,38.022648783218834],[23.7411685617583,38.022418948160286],[23.7414705674882,38.022282029457095],[23.742279967709294,38.021915071857912],[23.742965613527801,38.021604213274117],[23.743304268581763,38.022097704383725],[23.743591940016511,38.022508414334268],[23.743879986946773,38.022914617975744],[23.744169832350185,38.023316318402166],[23.744471010542018,38.023736068311159],[23.744756558589224,38.024146770701257],[23.744917391737669,38.024381452389107],[23.745035717726395,38.024552952123209],[23.745093812785338,38.024638699628966],[23.745391813351169,38.02505393381378],[23.745514073088131,38.025220935170189],[23.7456657159637,38.025437570319959],[23.745977999403401,38.025874909799633],[23.746258189470385,38.026263520906618],[23.746694398308009,38.026872824883633],[23.746821322512719,38.027022749336041],[23.746560864037612,38.027031129836999],[23.7459620939754,38.026943347401875],[23.745869565487869,38.026929628275951],[23.745432181861016,38.026867560129233],[23.745289115753366,38.026847257236469],[23.745040712259417,38.026810667725819],[23.744621138616683,38.02674666768597],[23.744489034008257,38.026543592883684],[23.743673523564627,38.026888810466197]]]},"properties":{"FID":120,"geitonia":"ΑΓΙΟΣ ΑΝΤΩΝΗΣ","name_place":" ","name_pl_en":" ","geiton_en":"AGIOS ANTONIS","dk":"5η ΔΚ","dk_en":"5th","shapeaream":221638.011891,"shapelengm":2447.4400838199999}},{"type":"Feature","id":121,"geometry":{"type":"Polygon","coordinates":[[[23.748371918871225,38.029336918406216],[23.748397228040144,38.029612086122931],[23.748367593559948,38.02962441439027],[23.748250326885564,38.029677135137597],[23.748177263024431,38.029708668546583],[23.747880973071684,38.029836541556243],[23.747845972387186,38.02985164674169],[23.74780901693347,38.029867595827419],[23.747045543459489,38.030197091070896],[23.747002925324072,38.030215483704119],[23.746969613165238,38.030229860422011],[23.745426123822437,38.030895963410181],[23.745359840775922,38.030923862264984],[23.745498178013381,38.03112599679018],[23.744699108885275,38.031452986019829],[23.744022983473133,38.031451295217437],[23.743831233182636,38.031445065273765],[23.743831033802877,38.031445057629149],[23.743776704773211,38.031441922674027],[23.743751083353946,38.031440444622056],[23.743582344382695,38.031064559090673],[23.743350617078434,38.030551804658735],[23.743012821822955,38.02980300560602],[23.742522300032284,38.028742929975877],[23.742506211649051,38.028632165429443],[23.742459616764961,38.02831137934696],[23.742441978693638,38.028189951062572],[23.742432596147989,38.028125357480889],[23.742354728417126,38.02738163172485],[23.742409392873672,38.027334625409921],[23.742412228264335,38.027332187352485],[23.742480252102119,38.027327829952881],[23.742712330360387,38.027247222872397],[23.743049682275505,38.027099249492217],[23.743149829836646,38.027072429919798],[23.743286974856044,38.027054703831226],[23.743673523564627,38.026888810466197],[23.744489034008257,38.026543592883684],[23.744621138616683,38.02674666768597],[23.745040712259417,38.026810667725819],[23.745289115753366,38.026847257236469],[23.745432181861016,38.026867560129233],[23.745869565487869,38.026929628275951],[23.7459620939754,38.026943347401875],[23.746560864037612,38.027031129836999],[23.746821322512719,38.027022749336041],[23.746992430737922,38.027031225537471],[23.747108242856996,38.02709077253121],[23.747220745424958,38.027365154712072],[23.747646273596995,38.028289879757864],[23.747906902059004,38.028916827683304],[23.748129838829847,38.029530175056394],[23.748271772093272,38.029467389481489],[23.748371918871225,38.029336918406216]]]},"properties":{"FID":121,"geitonia":"ΡΙΖΟΥΠΟΛΗ","name_place":" ","name_pl_en":" ","geiton_en":"RIZOUPOLI","dk":"5η ΔΚ","dk_en":"5th","shapeaream":188521.40242900001,"shapelengm":1768.3962049199999}},{"type":"Feature","id":122,"geometry":{"type":"Polygon","coordinates":[[[23.741360118338672,38.032459217719158],[23.741255836679002,38.03246693665961],[23.741230611396336,38.032473260394426],[23.741059815436799,38.032516075441507],[23.740790053053608,38.032574064136647],[23.740687405112698,38.03260087614786],[23.740583688270412,38.032627685710928],[23.740545804716856,38.032633906563966],[23.740524800988261,38.032637355371982],[23.740475374603975,38.032645472254266],[23.74037741975717,38.032654268788868],[23.740348742442247,38.0326510203476],[23.740296263995628,38.032645076783787],[23.740226518914135,38.032631403542119],[23.740152223768309,38.032595188248784],[23.740095037857355,38.03255450433749],[23.740065797630479,38.032519671090682],[23.740034401499077,38.032482268032005],[23.738844984809596,38.031402604727255],[23.738435754174585,38.031027664564469],[23.738355220319804,38.030964650058905],[23.738343932364771,38.030955817647609],[23.738165257144487,38.030816011059265],[23.738152746588462,38.030806221453076],[23.738058372831826,38.030698568045509],[23.738030041466367,38.03066624997409],[23.737786885959117,38.030318672502816],[23.737777443610828,38.030305175529428],[23.73777465363278,38.030301511017946],[23.737560895490855,38.030020789667297],[23.737431804605382,38.029847114404049],[23.737311237393921,38.029684906078273],[23.737165499657436,38.029488833501752],[23.737144862293707,38.029461067643773],[23.737133259302286,38.029422519253671],[23.736992844264208,38.028956011659659],[23.736822699785137,38.028342761414507],[23.736691808742798,38.02800448882445],[23.736680527618809,38.027972918802377],[23.737004720021385,38.027824933335751],[23.737030419280881,38.027812849684885],[23.737056658379416,38.027800512173641],[23.737901370024208,38.027403334296181],[23.738588635818665,38.02708491015747],[23.739120058368197,38.026833732252712],[23.739903266226573,38.026465942850997],[23.739996379404996,38.026434310189231],[23.741306936068344,38.027248583565246],[23.74152073952645,38.027482853637451],[23.741891609364966,38.027794743849341],[23.742000194450501,38.027935912438544],[23.742031771696585,38.027976965577118],[23.742152408526692,38.028280467274705],[23.742178303618577,38.028345613516777],[23.741102559612546,38.02899218504686],[23.740905491594713,38.029117915582589],[23.740877807331223,38.02912070171714],[23.740632887360857,38.029244403001364],[23.740549001529089,38.029285375729955],[23.740966277963075,38.029753450993503],[23.741313599648805,38.030275735988525],[23.741710393086738,38.030787402485835],[23.741729182496403,38.031016919175862],[23.741716569541797,38.031161096024327],[23.741733012656425,38.031345894221715],[23.741769475453051,38.031508204419701],[23.741638098135297,38.031706197061659],[23.74162121928947,38.03174671749877],[23.741631229671608,38.031836867330632],[23.741749899565043,38.032012877306073],[23.741827487025251,38.032096445676224],[23.741842133172092,38.032112220461975],[23.741989215495273,38.032214234530365],[23.742327764088099,38.03237695736518],[23.741667201912403,38.032544449826531],[23.741471268677696,38.03246741053443],[23.741374088588021,38.032458184038774],[23.741360118338672,38.032459217719158]]]},"properties":{"FID":122,"geitonia":"ΠΡΟΜΠΟΝΑ","name_place":" ","name_pl_en":" ","geiton_en":"PROMPONA","dk":"5η ΔΚ","dk_en":"5th","shapeaream":200113.952991,"shapelengm":2020.5211124800001}},{"type":"Feature","id":123,"geometry":{"type":"Polygon","coordinates":[[[23.752643621303516,38.000446402428409],[23.751880412873273,38.001634488728172],[23.751880408163274,38.001681186001711],[23.751880408421652,38.001681447374388],[23.751879676633013,38.001681271882909],[23.75180379955798,38.001663025734821],[23.751789695309714,38.001659634183596],[23.75177167264679,38.001655300631278],[23.751626676562118,38.001620433912969],[23.751500906914028,38.001589639080088],[23.751482301865231,38.001585083438542],[23.751441030030243,38.001574977558896],[23.751155813117578,38.001502271786975],[23.750936725772338,38.001364637242162],[23.750683781203396,38.001203848657816],[23.75044134729211,38.000973470316644],[23.750440099554332,38.000972285185497],[23.750431877433165,38.000964474342581],[23.750405470970804,38.00090970770902],[23.750403601355476,38.000905830927209],[23.750376364011984,38.000540753390148],[23.750352564645564,38.000374841507487],[23.750340309649438,38.000256772611444],[23.75040069547266,38.000292952112183],[23.750569608852995,38.000338374627134],[23.751011176326703,38.000276220425256],[23.751291764107464,38.000137115174361],[23.751514507998216,38.000051964059899],[23.751538030824918,38.000043000920819],[23.751742032057745,37.99992175844023],[23.752043473303875,37.999719605556749],[23.752404247047114,37.999549121733097],[23.752711108532861,37.999428094049151],[23.753125041427896,37.999325316025669],[23.753704092024485,37.999231895266149],[23.753908778214985,37.999223310885093],[23.754285165987525,37.999278174835091],[23.754418116582286,37.99932802311119],[23.75464043670782,37.999425004667451],[23.755089084122744,37.99963585860543],[23.75556894189215,37.999830632806088],[23.755665383874263,37.999835339614854],[23.755728071966271,37.999821950575729],[23.755744732151442,37.999814622591032],[23.755731260936589,37.999826463616429],[23.755596436190213,37.999911805458375],[23.75559253920169,37.999911970406721],[23.755372709612619,37.999921273382661],[23.755152513165104,37.999930592308317],[23.755138354822915,37.999931191027308],[23.754883730150773,37.999941965443433],[23.754226701399908,37.999881324103654],[23.753909272795617,37.999883131674984],[23.753278093489122,38.000027783896108],[23.752957583841173,38.000163208517989],[23.752643621303516,38.000446402428409]]]},"properties":{"FID":123,"geitonia":"ΤΟΥΡΚΟΒΟΥΝΙΑ ΙΙ","name_place":" ","name_pl_en":" ","geiton_en":"TOURKOVOUNIA II","dk":"7η ΔΚ","dk_en":"7th","shapeaream":45121.921773000002,"shapelengm":1208.63011095}},{"type":"Feature","id":124,"geometry":{"type":"Polygon","coordinates":[[[23.749775243767409,38.004401473713571],[23.749730718880851,38.004410391801208],[23.749232141617881,38.004377784889627],[23.748930068791406,38.0043530815773],[23.748640693409662,38.004335964586737],[23.748548670958204,38.004366681872952],[23.748504552485883,38.004380631325169],[23.748425008460643,38.004309581626217],[23.748392490010772,38.004280536724657],[23.748328461581991,38.00424967500043],[23.747775426414854,38.004027427242931],[23.746889320671759,38.003671320349682],[23.746674459682975,38.003584970004191],[23.746703806850768,38.003552199480879],[23.746384000921132,38.003290138267957],[23.746132784895469,38.003059769151058],[23.745716587166626,38.002675824810922],[23.745349001036274,38.002337048390189],[23.745253921067523,38.002246714189347],[23.744601103359784,38.001636932348099],[23.745053181347732,38.001317957691313],[23.745353359316102,38.001282556676649],[23.745087250943364,38.001038633769369],[23.745042899149691,38.000997979891345],[23.745546615809307,38.000566454821538],[23.745906822271433,38.000256290845371],[23.746279174959309,37.999932632698261],[23.746881746718536,37.999420199515278],[23.747443270218344,37.998939219974815],[23.748000840985121,37.998467242070717],[23.748079299655661,37.998525993581552],[23.74850571386127,37.998833342562769],[23.748673990557808,37.998959881962143],[23.749071847658854,37.999256262318482],[23.749458053026355,37.99925830237985],[23.749747463907564,37.999259829724359],[23.750096717338248,37.999261672793118],[23.750354348101045,37.999683073336151],[23.750256743183861,37.999918688731924],[23.750214834641412,38.000018052753049],[23.750228516132498,38.000155720399157],[23.750269350256545,38.000215018723466],[23.750340309649438,38.000256772611444],[23.750352564645564,38.000374841507487],[23.750376364011984,38.000540753390148],[23.750403601355476,38.000905830927209],[23.750405470970804,38.00090970770902],[23.750431877433165,38.000964474342581],[23.750440099554332,38.000972285185497],[23.75044134729211,38.000973470316644],[23.750683781203396,38.001203848657816],[23.750936725772338,38.001364637242162],[23.751155813117578,38.001502271786975],[23.751441030030243,38.001574977558896],[23.751482301865231,38.001585083438542],[23.751500906914028,38.001589639080088],[23.751626676562118,38.001620433912969],[23.75177167264679,38.001655300631278],[23.751789695309714,38.001659634183596],[23.75180379955798,38.001663025734821],[23.751879676633013,38.001681271882909],[23.751880408421652,38.001681447374388],[23.7518803567764,38.002194727103593],[23.751880346896421,38.0022879188517],[23.751867969848536,38.002580809730262],[23.751797498750285,38.002896110081316],[23.751794560076835,38.002923142368779],[23.751750052474307,38.003356360933083],[23.751749661475383,38.0033601698306],[23.751734937514492,38.003504344013209],[23.751174915831193,38.003854660829674],[23.750863873416495,38.004047778151836],[23.750689078699153,38.004160068094741],[23.750533950531334,38.004245361009843],[23.750237943708015,38.004307822556193],[23.749775243767409,38.004401473713571]]]},"properties":{"FID":124,"geitonia":"ΝΕΑ ΚΥΨΕΛΗ ΙΙ","name_place":" ","name_pl_en":" ","geiton_en":"NEA KYPSELI II","dk":"6η ΔΚ","dk_en":"6th","shapeaream":259174.375057,"shapelengm":2067.3602120999999}},{"type":"Feature","id":125,"geometry":{"type":"Polygon","coordinates":[[[23.757781554773953,37.987214515143144],[23.757818751745294,37.987280393685886],[23.757858031399493,37.987348070962966],[23.758013044155817,37.987826071246616],[23.758151124980607,37.988258972210595],[23.758250445749493,37.988574626240812],[23.758517718194113,37.989440409066859],[23.758621000493182,37.989742551580903],[23.758719982447296,37.989945543810109],[23.758996392051181,37.990414778708136],[23.75931420439769,37.990848046253191],[23.759583646981689,37.991164047018863],[23.759878476810311,37.991444047588374],[23.76026250547261,37.991764787065037],[23.760821446415449,37.992144464592371],[23.760794791653392,37.992221565772319],[23.760779411541655,37.992266052552644],[23.760761797827328,37.992320093813589],[23.760606012978389,37.992509046643264],[23.760406292947831,37.992747480429429],[23.760386757985948,37.992770583823074],[23.760382350699935,37.992775795986745],[23.760176229619105,37.99301956455205],[23.760171922910533,37.993024657943103],[23.760147628353412,37.993053390027484],[23.760132199424163,37.993071074214406],[23.760124418080821,37.993079993681157],[23.759895753019819,37.993342087546473],[23.759887348606231,37.993351720443805],[23.759875252967074,37.993365584546254],[23.75981706567546,37.993436090399982],[23.759816747809033,37.993436476401989],[23.759612065761516,37.993684493737391],[23.759594570559663,37.993705692243289],[23.759694416770561,37.993755466926693],[23.759622313200087,37.993831141052446],[23.759612992547329,37.993840922571273],[23.759359406457904,37.994115295792724],[23.758796930315405,37.994704484945643],[23.758563396148897,37.994505723241417],[23.758188702857854,37.99415795901831],[23.758171265231169,37.994140646446183],[23.758170153880101,37.994139543692931],[23.758076407912871,37.994046468141832],[23.757933995815211,37.993905075452147],[23.75759647015531,37.993512321575295],[23.757464595752293,37.993354324929022],[23.757423593421045,37.993160464195277],[23.757359903343247,37.993047672253844],[23.757264331467933,37.992889750255209],[23.757123755273838,37.992673151752875],[23.757009885807733,37.992560255987399],[23.756720043813317,37.992280258605966],[23.756341722194694,37.991959519430885],[23.756059239942957,37.991715587035479],[23.756025980454723,37.991656934542412],[23.756725762403207,37.991518684818928],[23.756692783372173,37.991482565212316],[23.756605550657,37.991171441465951],[23.756521121064953,37.990873842715395],[23.75652878881435,37.990815275068172],[23.756534630746454,37.990770222914492],[23.756410761410255,37.990346362526751],[23.75625852770581,37.989782744022051],[23.756098141560205,37.989210095513258],[23.75604541668066,37.989011703435708],[23.75599368565106,37.988835845520192],[23.755935222555319,37.988650960756161],[23.755828927446959,37.988294732472809],[23.755656909323918,37.987690514090708],[23.755632364632852,37.987605822489648],[23.755611170669336,37.987532694125591],[23.755610832904338,37.98753152716052],[23.755811286899071,37.987497058315064],[23.75620728854603,37.987419830221178],[23.756591212767226,37.987344956095193],[23.757472369699059,37.987173105704976],[23.757571839944447,37.987153705091679],[23.757729593029129,37.987122485122114],[23.757781554773953,37.987214515143144]]]},"properties":{"FID":125,"geitonia":"ΑΒΕΡΩΦ ΙΙ","name_place":" ","name_pl_en":" ","geiton_en":"AVEROF II","dk":"7η ΔΚ","dk_en":"7th","shapeaream":182788.11337199999,"shapelengm":2112.7812001000002}},{"type":"Feature","id":126,"geometry":{"type":"Polygon","coordinates":[[[23.717319988483496,37.964955301074617],[23.716942183811248,37.965044521519175],[23.716222616194734,37.965655663992727],[23.715829602461252,37.965997204808851],[23.715477100059832,37.96625772635101],[23.715358404980073,37.966316022952192],[23.71533563250766,37.966685495903398],[23.715333254159113,37.966692009163992],[23.715324125057776,37.966717013135245],[23.715320240361287,37.966717080344679],[23.714411871178953,37.96673282793391],[23.714107699932303,37.966362561127504],[23.714019272293687,37.966267802005639],[23.713985468590597,37.966231577282144],[23.713717344352798,37.965924487229287],[23.713622810217988,37.965807089714261],[23.71327579420543,37.96538714556803],[23.713245976469565,37.965349582015122],[23.713239574496782,37.965341517007197],[23.713205233166562,37.965298254388657],[23.7130339406066,37.965082465800194],[23.713866291398656,37.964692263321034],[23.713829536932462,37.964286608652046],[23.713835057912387,37.964194300422193],[23.713852535004694,37.964052306209815],[23.713852733670446,37.964050689781828],[23.714203595990984,37.96410957387301],[23.714556806684786,37.964123950691743],[23.714761750443241,37.96409269175907],[23.714815607985098,37.964084476393218],[23.714983798668687,37.964058822316986],[23.715049628030886,37.964048781895954],[23.715134546303311,37.964035828730083],[23.7151384568125,37.964035231631506],[23.715713015664189,37.963855213679615],[23.715737920201384,37.963847411016303],[23.716072535786253,37.963609377610375],[23.717139533235869,37.962751217285437],[23.717151807275954,37.962735541841624],[23.717305056772474,37.962539812314702],[23.717710880412501,37.961924698275176],[23.717726575370211,37.961900909464426],[23.717674308200348,37.961848655317233],[23.717671834842076,37.961846182554858],[23.71762418023792,37.961792509108498],[23.717650373184217,37.961733988205516],[23.717866780664021,37.961518198061718],[23.717921319187596,37.961474221565084],[23.717954100301753,37.961497373147196],[23.718001372628002,37.96153075843813],[23.718133062800696,37.961623763445239],[23.71822349568199,37.961687629977561],[23.718254148257625,37.961709277534503],[23.718358434585902,37.961782927278321],[23.718455824008423,37.961851706083884],[23.718470590077896,37.961862134178553],[23.71909023785809,37.962201300232564],[23.719090785422537,37.962201599866496],[23.71916373083906,37.962197267567575],[23.719159176614149,37.962832665169202],[23.719160361994213,37.96317515764342],[23.719161685809077,37.963481598889572],[23.719164564714955,37.963846627578626],[23.719166175078634,37.964171095240815],[23.719167360473659,37.96451358763678],[23.719167904142381,37.964838052715805],[23.719159501771063,37.965176015745058],[23.718221334002695,37.965033945740451],[23.717587232381149,37.964937917125425],[23.717319988483496,37.964955301074617]]]},"properties":{"FID":126,"geitonia":"ΦΙΛΟΠΑΠΠΟΥ","name_place":" ","name_pl_en":" ","geiton_en":"FILOPAPPOU","dk":"1η ΔΚ","dk_en":"1st","shapeaream":141233.62723300001,"shapelengm":1877.9411416099999}},{"type":"Feature","id":127,"geometry":{"type":"Polygon","coordinates":[[[23.759442390240871,38.000744408944719],[23.759428575282296,38.000801286822053],[23.759315398600105,38.000829771061085],[23.759203565000362,38.000960228243699],[23.759118863176813,38.001035269599939],[23.758945255051195,38.001078850570032],[23.758898601046962,38.001090561752434],[23.758531796543078,38.000149902206999],[23.758458190077526,38.000013368842971],[23.758312462747568,37.999846984548419],[23.758295581452114,37.999827711058664],[23.758283319628934,37.99981371055631],[23.758152683505219,37.999665312444662],[23.758084862203514,37.999574462377851],[23.758692428591498,37.999769486456074],[23.758785351186187,37.999544356170716],[23.758795627059982,37.999449742465544],[23.758785406833226,37.999310022542375],[23.75873607924381,37.999156703145147],[23.75854724379273,37.998890436946603],[23.758218456466501,37.998538260862425],[23.757928972572724,37.998249254607103],[23.757846310487519,37.998167968904653],[23.757609742647592,37.998023276197038],[23.757289489852411,37.99789192960727],[23.757097502086808,37.997828443398021],[23.756887445935345,37.997777532996558],[23.756328618881032,37.997642089783405],[23.756110028955284,37.997551508329352],[23.755400547440139,37.997270636997854],[23.75517424833701,37.997143986412759],[23.755027277852516,37.997053959381134],[23.754814456405306,37.996917915951599],[23.754615100206966,37.996785618925912],[23.754215369379608,37.9965155941943],[23.753918339281839,37.996361754834012],[23.753679868530973,37.995725850393832],[23.753470715143653,37.995157603174682],[23.753483073438016,37.995081019919972],[23.753497981649897,37.994986416322575],[23.753510462787016,37.994945598982284],[23.753668267020711,37.99442950631196],[23.754127352310782,37.994497395357286],[23.75449923569067,37.994565249342855],[23.754601452117004,37.994511043103344],[23.75480752337112,37.994403318747295],[23.754929451512986,37.99434048295516],[23.755448926281328,37.994062166024612],[23.756098139235441,37.993725532394116],[23.756522759140481,37.993501091017158],[23.756887139111804,37.993303562135225],[23.757033764114983,37.993223984257888],[23.757359903343247,37.993047672253844],[23.757423593421045,37.993160464195277],[23.757464595752293,37.993354324929022],[23.75759647015531,37.993512321575295],[23.757933995815211,37.993905075452147],[23.758076407912871,37.994046468141832],[23.758170153880101,37.994139543692931],[23.758171265231169,37.994140646446183],[23.758188702857854,37.99415795901831],[23.758563396148897,37.994505723241417],[23.758796930315405,37.994704484945643],[23.758528034843472,37.994950005462869],[23.758477558871089,37.99528515794735],[23.758557588914144,37.995587357926503],[23.758690784758056,37.996090312606199],[23.758748612224171,37.996308671775658],[23.758740717325857,37.996536736335386],[23.758684852230882,37.997216244856816],[23.758670308112883,37.997393146067793],[23.758892116832925,37.997714476975396],[23.759118093693456,37.998103385235666],[23.759378200046491,37.998551026527068],[23.759685443842915,37.999079819583763],[23.759794245616241,37.99926702305499],[23.759761256826124,37.999433493968837],[23.759700516615364,37.999740005498005],[23.759561557891988,38.000330062227505],[23.759492172268782,38.000541721979062],[23.759428680848472,38.000473995867679],[23.759442390240871,38.000744408944719]]]},"properties":{"FID":127,"geitonia":"ΤΟΥΡΚΟΒΟΥΝΙΑ","name_place":" ","name_pl_en":" ","geiton_en":"TOURKOVOUNIA","dk":"7η ΔΚ","dk_en":"7th","shapeaream":200011.171352,"shapelengm":2465.0381965000001}},{"type":"Feature","id":128,"geometry":{"type":"Polygon","coordinates":[[[23.740309822946607,37.989243894187169],[23.740266927187715,37.989297876567115],[23.740175782006567,37.989410335876769],[23.739817293332532,37.989846666587582],[23.739970818261384,37.990311167728514],[23.739752891670118,37.990346737145721],[23.739752425622072,37.990346812723757],[23.73861446833434,37.990533482600554],[23.738260528220621,37.990586772610193],[23.737963303208218,37.990628377481592],[23.737690116961019,37.990666617540946],[23.736588095347749,37.990821879571826],[23.736586500032633,37.990822143680674],[23.73583173310897,37.990946893987797],[23.735592802062683,37.990986384078091],[23.735592394661552,37.990984713082042],[23.735389740073963,37.990152239186308],[23.73536764393101,37.99006206100961],[23.735652864883647,37.989720214174731],[23.735712911062034,37.98964824632808],[23.735725305837061,37.989633358815865],[23.736064967665307,37.989225432985037],[23.736166828542785,37.989103988053614],[23.73651608129267,37.988667647750795],[23.736856257433473,37.988236954248421],[23.736864278947472,37.988226797587231],[23.73715414484569,37.987875944524866],[23.737264773858634,37.987744359818301],[23.737316755656348,37.987682531494741],[23.73746147703492,37.987516116857797],[23.737747777484792,37.987165254323749],[23.737748568972307,37.98716428450301],[23.738540898499082,37.986193631873881],[23.738859359742904,37.985802280179342],[23.738883215277795,37.98581490336489],[23.739304066523889,37.986037600811613],[23.739826599026816,37.986304636907803],[23.740269579712407,37.986526430780927],[23.740807033785114,37.986802508309189],[23.741283896360361,37.987050040708958],[23.741878022006926,37.98735915380071],[23.742023768385739,37.987433847594282],[23.742381387878968,37.987617123600856],[23.742812980632355,37.987843389351625],[23.743279405371869,37.988083248817262],[23.743378164701163,37.988133035001489],[23.743746418008676,37.988309167532144],[23.743747302522586,37.988309590359243],[23.74355679224238,37.988548015710919],[23.743341274227056,37.988813424728228],[23.743015674657425,37.989213785625147],[23.742850112035814,37.989449984942048],[23.742842209161896,37.989461259862964],[23.742461936658074,37.989788786675824],[23.741908892894081,37.989315010099737],[23.741708360480448,37.989161351486473],[23.741295623086152,37.988935123199447],[23.740930771728692,37.988742836780922],[23.740797606586785,37.988672654166805],[23.740309822946607,37.989243894187169]]]},"properties":{"FID":128,"geitonia":"ΛΟΦΟΣ ΣΤΡΕΦΗ","name_place":" ","name_pl_en":" ","geiton_en":"LOFOS STREFI","dk":"1η ΔΚ","dk_en":"1st","shapeaream":207076.11094899999,"shapelengm":2173.9394355700001}},{"type":"Feature","id":129,"geometry":{"type":"Polygon","coordinates":[[[23.742510118293595,37.989884137236871],[23.742506355557286,37.989884808568583],[23.742320052163311,37.989918048244753],[23.741945346995262,37.989984899745252],[23.741926331565566,37.98998829192081],[23.741786515046392,37.990013237268741],[23.740924438437624,37.990151040772425],[23.740763485370366,37.990177724692096],[23.740631292483556,37.990197835653611],[23.740472719262542,37.990221960267554],[23.740471504621915,37.990222145054766],[23.740467238184475,37.990222902634372],[23.740199433523866,37.990270476081633],[23.740195878155255,37.990271107239529],[23.740128449097664,37.990283109404835],[23.739970818261384,37.990311167728514],[23.739817293332532,37.989846666587582],[23.740175782006567,37.989410335876769],[23.740266927187715,37.989297876567115],[23.740309822946607,37.989243894187169],[23.740797606586785,37.988672654166805],[23.740930771728692,37.988742836780922],[23.741295623086152,37.988935123199447],[23.741708360480448,37.989161351486473],[23.741908892894081,37.989315010099737],[23.742461936658074,37.989788786675824],[23.742842209161896,37.989461259862964],[23.742850112035814,37.989449984942048],[23.743015674657425,37.989213785625147],[23.743341274227056,37.988813424728228],[23.74355679224238,37.988548015710919],[23.743747302522586,37.988309590359243],[23.743909897041412,37.988116168169803],[23.744146470416428,37.987832778170329],[23.744279416845153,37.987670835940662],[23.744607880873968,37.987261464787416],[23.744810547404278,37.987005038338786],[23.744896684826276,37.986897070943364],[23.744978876863396,37.986798107782199],[23.745102970375346,37.986643682843493],[23.745107422783995,37.986638141475147],[23.745331358629812,37.986359467791267],[23.745341660958971,37.986346646778678],[23.74545243706314,37.986208791598827],[23.745565043534356,37.986069718126956],[23.74556516590393,37.986069566975686],[23.745819251970616,37.985755756936562],[23.745828477636053,37.985744362992051],[23.745984227084897,37.985552002783827],[23.746851359404186,37.985995502053363],[23.74738990146356,37.986271551898902],[23.747761454142061,37.986470632037687],[23.747937653759799,37.986561138289687],[23.748302880798303,37.986737671021963],[23.749257891075462,37.986568466434839],[23.750514557258381,37.986327791436452],[23.751402329277909,37.98614941392669],[23.751946264985015,37.985357430894346],[23.751992147295255,37.985258386215875],[23.75221863026086,37.98595285346228],[23.75180096642033,37.986551327801507],[23.751540977933107,37.986929318819278],[23.751376443651115,37.987176824651712],[23.751535872514079,37.987704413454686],[23.751651600906335,37.988105729804374],[23.751710250239174,37.988232033552876],[23.751649478430455,37.988243499390194],[23.750505559685166,37.988459312187324],[23.749545840957879,37.988641084314509],[23.749540873716779,37.988642025494968],[23.749524387529956,37.988645298106199],[23.749185111592698,37.988712642003676],[23.749084936174821,37.988732526111036],[23.748892524604877,37.988770717546416],[23.748642389837606,37.988820365941685],[23.74851460791437,37.988845710936886],[23.748472754645825,37.988854012410044],[23.748200708744797,37.988907970721336],[23.748077819879153,37.988932344216281],[23.747774909621096,37.988985246723864],[23.747425290652995,37.989044468916831],[23.746829148387665,37.989145446209946],[23.746469902273009,37.989206438394987],[23.746097565233516,37.989269651732762],[23.746095253230386,37.989270044208737],[23.74568681485572,37.989341264639208],[23.745662005968754,37.989345504719338],[23.744787996839431,37.989494875161547],[23.742510118293595,37.989884137236871]]]},"properties":{"FID":129,"geitonia":"ΝΕΑΠΟΛΗ II","name_place":" ","name_pl_en":" ","geiton_en":"NEAPOLI II","dk":"7η ΔΚ","dk_en":"7th","shapeaream":226702.774316,"shapelengm":3012.3230739300002}},{"type":"Feature","id":130,"geometry":{"type":"Polygon","coordinates":[[[23.739136404218701,37.961418567814036],[23.739305856568549,37.961522050885833],[23.739362620230356,37.961556715851117],[23.73944416775138,37.961606516048064],[23.739462274544856,37.961617573504647],[23.739794841650628,37.961802660071356],[23.739995600904251,37.961914390579707],[23.740015086059916,37.961925234687584],[23.740111247807505,37.961977659722201],[23.740660358841257,37.962277020532369],[23.741608634104598,37.962793982766129],[23.741602039485219,37.962801412028199],[23.740977881681427,37.96350461402772],[23.740206233918514,37.963912999029375],[23.739575728548861,37.964245081899861],[23.738962695747144,37.964563680803323],[23.738702373489531,37.96513992763068],[23.738458984201472,37.965299133898668],[23.738429578319415,37.965318368716403],[23.738419467120497,37.965324982423027],[23.737947113118228,37.96563395645925],[23.737876242920898,37.965774110266835],[23.737875736164316,37.965775112271785],[23.737869723864787,37.965787003093936],[23.737867104795587,37.965823048796381],[23.737400613534149,37.965646257229551],[23.736974974454494,37.965487580920296],[23.736483972786107,37.965301718029735],[23.7359528902123,37.965098073548397],[23.735951911360459,37.965097698218052],[23.735904305750065,37.965079443919109],[23.735955514568047,37.964992768379751],[23.735956923694069,37.964962001551434],[23.735930922198452,37.964934868484669],[23.735401379645936,37.964723897487531],[23.735108237142821,37.964607107699223],[23.734877778782362,37.96451529075793],[23.73431709978346,37.964291907865636],[23.734342132535392,37.964255912848387],[23.734505105605038,37.96385070083857],[23.734678846691779,37.963418474193674],[23.734848995831737,37.962995252050469],[23.735037464778852,37.962522499997569],[23.735233077404072,37.962040750787757],[23.735251754074671,37.961991221922432],[23.735632658235527,37.96172169173601],[23.736354759145495,37.961145480335929],[23.736372336357356,37.961110265798084],[23.736430924477705,37.961062694532409],[23.736577675864659,37.960943540193533],[23.736780885232434,37.960759080198869],[23.73681634312241,37.960726894269065],[23.73697957724043,37.960771047536312],[23.737164068453591,37.960445292269895],[23.737190262632527,37.960382260535532],[23.737478703669936,37.960500072094391],[23.739136404218701,37.961418567814036]]]},"properties":{"FID":130,"geitonia":"--","name_place":"Α ΝΕΚΡΟΤΑΦΕΙΟ","name_pl_en":"A NEKROTAFEIO","geiton_en":"--","dk":"2η ΔΚ","dk_en":"2nd","shapeaream":210708.275112,"shapelengm":1852.4162282299999}},{"type":"Feature","id":131,"geometry":{"type":"Polygon","coordinates":[[[23.714300201921322,37.988660849652547],[23.714145287988391,37.988872275130788],[23.714011135190177,37.989052205920906],[23.713928254753782,37.989163423862195],[23.713776421162983,37.989376097393325],[23.713509873695841,37.989740468639688],[23.713437192911474,37.989852952130306],[23.713268218737134,37.990109406359842],[23.713063969935952,37.99040926485609],[23.712856247454848,37.990712261783933],[23.712530531807509,37.991189146764775],[23.712288207046129,37.991544561467734],[23.712104000204828,37.991821275394429],[23.712078845628792,37.991859061439719],[23.712075560111934,37.991863996939692],[23.711388473693294,37.991555876471793],[23.711065592249913,37.991397359066738],[23.711051383656326,37.991389903891665],[23.710660002878786,37.991184560306216],[23.710608551592806,37.991159230222635],[23.710384011566425,37.991048688462477],[23.71018967939057,37.99096258782167],[23.709790039011779,37.990776839233405],[23.709088452978236,37.990450643845776],[23.708523296800646,37.990188536561774],[23.708074753721032,37.989981181536443],[23.707757398056376,37.989834471060242],[23.707620779864929,37.989694911977843],[23.707322473122499,37.989384492438951],[23.707276100723764,37.989339185750204],[23.706366784120696,37.988450768433367],[23.706297509758208,37.988383085674812],[23.706754804427284,37.98806545854805],[23.70749920113872,37.988535979904391],[23.707812142025364,37.988234827408327],[23.708208319566833,37.987852764968771],[23.708693850442842,37.987371781181388],[23.70897712070882,37.987102096988245],[23.70904211942203,37.987043674284095],[23.709618848099549,37.986716130544956],[23.710198438218615,37.986474213053519],[23.711041020753484,37.986138304136759],[23.711135162153923,37.986088964697949],[23.711340561136403,37.985981314748543],[23.711697037621693,37.985824464154298],[23.711993622790796,37.985694504394466],[23.712585089828636,37.985961830133242],[23.713013536521871,37.986147639632414],[23.713332664462445,37.985711294630725],[23.71389500741881,37.985965023535051],[23.714253008766782,37.986127689716568],[23.715076201595238,37.986495142276269],[23.715668752205907,37.986762455124932],[23.715364953655278,37.987194337072644],[23.71510838740047,37.987558736254428],[23.71487257992878,37.987891640209774],[23.71481000694526,37.987968097707132],[23.714446521652675,37.988462922365727],[23.714300201921322,37.988660849652547]]]},"properties":{"FID":131,"geitonia":"ΑΓΙΟΣ ΓΕΩΡΓΙΟΣ","name_place":" ","name_pl_en":" ","geiton_en":"AGIOS GEORGIOS","dk":"4η ΔΚ","dk_en":"4th","shapeaream":295041.890801,"shapelengm":2341.5316192400001}},{"type":"Feature","id":132,"geometry":{"type":"Polygon","coordinates":[[[23.708992215361071,37.967958817438301],[23.709275180487165,37.968468744502218],[23.709545431433018,37.968956107271985],[23.709689202975845,37.969217835495222],[23.709847456659396,37.969506637872463],[23.709956274510994,37.969700682985049],[23.710110990165305,37.969984969828005],[23.710114418593349,37.969991247630425],[23.710317991119293,37.970364020373623],[23.710377278977383,37.970471101373441],[23.710319888085554,37.970491464354488],[23.710205859815265,37.970531924406096],[23.710136210332404,37.970556637355358],[23.710125478448656,37.970560444988074],[23.710083763980425,37.970575245880696],[23.710020555608263,37.970596920171978],[23.709666216155501,37.970718422095551],[23.709251495234657,37.970866110244557],[23.708346870827647,37.971188334384784],[23.707678145216409,37.971416502808978],[23.70666276619102,37.971760970860124],[23.706604432143671,37.971846447650435],[23.706033792276067,37.972373845973195],[23.705993271119127,37.972415276909246],[23.705561206092288,37.972129563611169],[23.705560646266651,37.97212919358369],[23.705102389997037,37.97182615609595],[23.704225785818718,37.971247172329051],[23.703660040111224,37.970872328254302],[23.702808701178235,37.970309316944181],[23.702817619258145,37.970300827717438],[23.702884325936569,37.970237326583486],[23.70340501561336,37.96975194540137],[23.703711753534904,37.96947331928795],[23.703957808959963,37.969244110471756],[23.704074027830249,37.969185819195545],[23.704579350569912,37.968979793128959],[23.705041159921851,37.968800694412622],[23.705543542289234,37.968617188995353],[23.706022387147865,37.968447141920286],[23.706699325689772,37.968205483920691],[23.706761883480606,37.968182805747404],[23.706762971162469,37.968182411892002],[23.707487200570235,37.967919866303731],[23.707489923178152,37.967918879854288],[23.707551213810564,37.967896660469258],[23.707900032837475,37.967766840362167],[23.708356752075606,37.967600762969312],[23.708371705843927,37.967595325617559],[23.708417004947989,37.967578852404124],[23.708499825681276,37.967548620259514],[23.70850039574038,37.967548412573265],[23.708560320503835,37.967526538074132],[23.70866750433586,37.967487412770645],[23.7087112985955,37.967471426918621],[23.708992215361071,37.967958817438301]]]},"properties":{"FID":132,"geitonia":"ΑΓΙΑΣ ΑΙΚΑΤΕΡΙΝΗΣ","name_place":" ","name_pl_en":" ","geiton_en":"AGIAS AIKATERINIS","dk":"3η ΔΚ","dk_en":"3rd","shapeaream":193143.961824,"shapelengm":1795.78185697}},{"type":"Feature","id":133,"geometry":{"type":"Polygon","coordinates":[[[23.751775641880283,38.008806019486073],[23.751573170726143,38.00927569616038],[23.750556618445923,38.008796885190748],[23.750287379696559,38.009147813803814],[23.749757491434398,38.008822517977315],[23.749757460742845,38.008822498985069],[23.749757016280341,38.008822224950883],[23.749757543761248,38.008821533888671],[23.750051374001686,38.008436989543256],[23.750230897993244,38.008164556461047],[23.750168034156626,38.007918849684401],[23.750056246185437,38.007606130409883],[23.74985412538728,38.007161099042307],[23.74982269838409,38.007091902940637],[23.749762575519693,38.006882958733257],[23.749694763906756,38.006647293127926],[23.749681271432177,38.006600403135501],[23.74950717960111,38.006037708848581],[23.749348050040265,38.005598727341464],[23.748504552485883,38.004380631325169],[23.748548670958204,38.004366681872952],[23.748640693409662,38.004335964586737],[23.748930068791406,38.0043530815773],[23.749232141617881,38.004377784889627],[23.749730718880851,38.004410391801208],[23.749775243767409,38.004401473713571],[23.750237943708015,38.004307822556193],[23.750533950531334,38.004245361009843],[23.750689078699153,38.004160068094741],[23.750863873416495,38.004047778151836],[23.751174915831193,38.003854660829674],[23.751734937514492,38.003504344013209],[23.751749661475383,38.0033601698306],[23.75195906155195,38.003540868222281],[23.752005477352981,38.003604055905853],[23.752178305047927,38.004393042667139],[23.752291147096997,38.004920530776474],[23.752366721430857,38.005204593963022],[23.75244097166944,38.005353461911263],[23.752879403458358,38.00580953167276],[23.752846844468863,38.005859033794124],[23.752793346209309,38.005890466243713],[23.75325754618127,38.006094229625518],[23.753362017196341,38.006141212705217],[23.753527352001353,38.006215567228722],[23.753660242680883,38.006275330300426],[23.753723266323334,38.006298228688237],[23.754074814184246,38.00642595682951],[23.754075722474827,38.006462655345707],[23.754079496546975,38.006472113184131],[23.75420281798344,38.006781183700554],[23.753810921932018,38.006893968831982],[23.753790459216837,38.006933539158631],[23.753764610330013,38.006971911215501],[23.753301506687485,38.007688912101514],[23.752867408841468,38.007528491769527],[23.752742218234264,38.007710150654546],[23.752895163756111,38.007874418956632],[23.751832089954842,38.008671407760701],[23.751775641880283,38.008806019486073]]]},"properties":{"FID":133,"geitonia":"ΚΥΠΡΙΩΝ","name_place":" ","name_pl_en":" ","geiton_en":"KYPRION","dk":"6η ΔΚ","dk_en":"6th","shapeaream":156820.74544599999,"shapelengm":1974.36737262}},{"type":"Feature","id":134,"geometry":{"type":"Polygon","coordinates":[[[23.743619413006915,37.960418978274582],[23.74386151754485,37.960553336255209],[23.744035182737012,37.960649712338423],[23.744550121137863,37.960932033776793],[23.745051753176472,37.961211829351015],[23.745525578232087,37.961480761586756],[23.745986287295871,37.961737990091798],[23.746520984855277,37.962022016521686],[23.746603391747549,37.962065789394579],[23.746512573598235,37.962166654410289],[23.746291260266563,37.962416619484401],[23.745853234340014,37.962898926366414],[23.745496741352312,37.963294843672635],[23.745179910186046,37.963648983611257],[23.744955280120958,37.963902752265696],[23.74481205036194,37.964062779165751],[23.744617108309502,37.964271735473339],[23.744610655663855,37.964278651475986],[23.744555411881851,37.964340251798816],[23.744473514594386,37.964431572789728],[23.744473294174991,37.964431447031849],[23.744473263500105,37.964431428939442],[23.744243437771257,37.964300385980714],[23.743865968550782,37.964084705662522],[23.743843823495649,37.96407205202329],[23.743505780294491,37.96387889666854],[23.743442629027651,37.963842811968348],[23.743420071690238,37.963829923014892],[23.742455068771793,37.963273521849921],[23.74242501613697,37.963256495604028],[23.741895864324572,37.962956711868785],[23.741608634104598,37.962793982766129],[23.740660358841257,37.962277020532369],[23.740111247807505,37.961977659722201],[23.740015086059916,37.961925234687584],[23.739995600904251,37.961914390579707],[23.739794841650628,37.961802660071356],[23.739462274544856,37.961617573504647],[23.73944416775138,37.961606516048064],[23.739362620230356,37.961556715851117],[23.739305856568549,37.961522050885833],[23.739136404218701,37.961418567814036],[23.737478703669936,37.960500072094391],[23.737190262632527,37.960382260535532],[23.737214768309752,37.960326330787943],[23.737214794707103,37.96032627046052],[23.737221072040295,37.960311784539101],[23.737262715415905,37.96021568383707],[23.737311495614158,37.960103131596235],[23.737399049145932,37.959891524052409],[23.737419875397379,37.959837493172792],[23.737610808114116,37.95936474220531],[23.737897116199097,37.958680400354773],[23.738557325890994,37.958889165857784],[23.738657497872865,37.958929946436939],[23.739340078296419,37.959251418420848],[23.739924792215753,37.959586189484057],[23.740094855310502,37.959681200676805],[23.740567739798458,37.959952631180919],[23.740856382565003,37.960115499386802],[23.741244893043593,37.959697254896263],[23.741618395242959,37.959297001918259],[23.74162329194963,37.959299736368735],[23.741934381297366,37.959473446885276],[23.742128573543006,37.959586533856033],[23.742517685885542,37.959808201977587],[23.742973212518361,37.960061559044377],[23.743619413006915,37.960418978274582]]]},"properties":{"FID":134,"geitonia":"ΑΓΙΟΣ ΑΡΤΕΜΗΣ","name_place":" ","name_pl_en":" ","geiton_en":"AGIOS ARTEMIS","dk":"2η ΔΚ","dk_en":"2nd","shapeaream":227706.41505700001,"shapelengm":2258.1309661400001}},{"type":"Feature","id":135,"geometry":{"type":"Polygon","coordinates":[[[23.728504989958203,37.986148364066686],[23.728642834503727,37.98669395963497],[23.728784206550653,37.987248575977304],[23.728914523556391,37.987769628910371],[23.72891502184255,37.987771622799656],[23.729020869890778,37.98821349628188],[23.729084338543476,37.98847050865465],[23.729058460844051,37.988555872822779],[23.729058400897721,37.988556070967334],[23.729114072749695,37.988804052502431],[23.72918113349974,37.988858284006881],[23.727985800337557,37.989035782742],[23.727288937312789,37.989146829721435],[23.726885852808135,37.989208984408712],[23.726741095955315,37.989212748149782],[23.726726870831992,37.989213117976071],[23.726716229117567,37.989077904158982],[23.726679887449546,37.989026023790061],[23.726634534347355,37.988961280061403],[23.725901282156649,37.987914504252338],[23.725709845235585,37.987633506050841],[23.725438745090635,37.987231801785782],[23.725059342093729,37.986672118901872],[23.724771512802352,37.986195049941792],[23.724754663199498,37.98616712295253],[23.724744575852501,37.986150403943171],[23.72474350860676,37.986148634926977],[23.724620648382654,37.985932337263982],[23.724620478685019,37.985932038541321],[23.724276392776019,37.985729149048439],[23.724242301872067,37.985709047083951],[23.724137142065317,37.98564703904281],[23.724129404218534,37.985642476615922],[23.724128246587917,37.985642651454121],[23.723597266696437,37.985722698167855],[23.723158064637204,37.985788906584624],[23.722187059542488,37.985939835737831],[23.722089147764901,37.985953123724904],[23.721835266235111,37.985993081449294],[23.721658889975327,37.986019703676405],[23.721571967685311,37.986032823460022],[23.721570709774603,37.986033013357499],[23.721422586864481,37.986055194776853],[23.721381645815494,37.986119110676654],[23.721197776770609,37.986406163294077],[23.721180505066965,37.986396537189357],[23.721128883165864,37.986367766570901],[23.721112180799963,37.98635845815695],[23.720165954051311,37.987663133431091],[23.720147232933556,37.98768307848637],[23.720033799196315,37.987803924999362],[23.720006333538663,37.987719209158321],[23.720006002274246,37.987719176824811],[23.720005763216577,37.987719153723646],[23.719290228231916,37.987649906022476],[23.718867950638863,37.987622315022335],[23.718423910404386,37.98725462738755],[23.718309152416296,37.987183343997756],[23.718253208494829,37.987106571960773],[23.718214799794897,37.987053862947917],[23.718042336618648,37.986984193141588],[23.717995463064483,37.986942338668079],[23.717995224734391,37.986942126294757],[23.71816652100032,37.986741346633913],[23.718428783511978,37.986368330844144],[23.718785547247791,37.985892875031382],[23.71924981644236,37.985180288850422],[23.719270207915987,37.985058664024834],[23.719287414366931,37.98493252516645],[23.719288313617504,37.98492813534984],[23.719307719876728,37.984833432253403],[23.719842209975759,37.984086639714],[23.720355947483792,37.983366833863158],[23.720505156668334,37.983150879978922],[23.720884028145935,37.982615514704854],[23.721417028657974,37.98187772399956],[23.721780840822923,37.981369358607928],[23.721807206339278,37.981331877003889],[23.722516723414138,37.981647052458705],[23.722962567925478,37.981845097341989],[23.724951677513815,37.982719731126252],[23.725715874159093,37.983050484757193],[23.725801837891584,37.983091243021839],[23.726592306922718,37.983440077898535],[23.727361805596779,37.983784352423754],[23.727617822295667,37.983903250067165],[23.728073714662013,37.984114969506869],[23.728098239202865,37.984351145858028],[23.728099165133155,37.984360058105963],[23.728066037130162,37.984362805252871],[23.728079935538492,37.984421091964812],[23.728125231743068,37.984611033507136],[23.728224093980401,37.98502561438459],[23.728224504565091,37.985027294427788],[23.728365416270243,37.985589245017557],[23.728504989958203,37.986148364066686]]]},"properties":{"FID":135,"geitonia":"ΑΓ.ΚΩΝ/ΝΟΣ-ΠΛ.ΒΑΘΗΣ","name_place":" ","name_pl_en":" ","geiton_en":"AG.KON/NOS-PL.VATHIS","dk":"1η ΔΚ","dk_en":"1st","shapeaream":406313.89285800001,"shapelengm":3266.1605787600001}},{"type":"Feature","id":136,"geometry":{"type":"Polygon","coordinates":[[[23.718230779228957,38.004681629461324],[23.717970275674109,38.004667485821358],[23.717490488742087,38.004657321475435],[23.716510204251723,38.004654962633573],[23.715921446023938,38.004658048397559],[23.715893317791767,38.004567852244691],[23.715760566842885,38.004378262245432],[23.7154925770723,38.003999075763794],[23.715280871054727,38.003701140319436],[23.71508336847943,38.003412251713414],[23.714474839258095,38.002550051351555],[23.715005503053135,38.002470223040007],[23.715859549379697,38.002341603514431],[23.716735322878776,38.002208523698783],[23.717632822137318,38.002070983103614],[23.718271396418938,38.001973373415701],[23.71902497143618,38.001867022225007],[23.719168770477498,38.001786822558493],[23.719313503165651,38.001809127809921],[23.719315737645495,38.00187672933469],[23.720625503211146,38.001713110567763],[23.720669976163038,38.001707265932581],[23.720747924042609,38.00169702049088],[23.720856606145404,38.001682736295848],[23.720939697563914,38.002249024555937],[23.721092330963845,38.003289243948686],[23.721164805011412,38.003801829952472],[23.721211352317177,38.004301990623077],[23.721092029249178,38.004314672655461],[23.721001013858899,38.004324301484232],[23.720969400667791,38.004327645950021],[23.720714065533524,38.00435858476024],[23.720404270626034,38.004389393559144],[23.719605178869543,38.004477619352961],[23.718813518428956,38.004595132025372],[23.718230779228957,38.004681629461324]]]},"properties":{"FID":136,"geitonia":"ΑΓΙΟΥ ΜΕΛΕΤΙΟΥ ΣΕΠΟΛΙΩΝ","name_place":" ","name_pl_en":" ","geiton_en":"AGIOU MELETIOU SEPOLION","dk":"4η ΔΚ","dk_en":"4th","shapeaream":145679.513538,"shapelengm":1606.87565432}},{"type":"Feature","id":137,"geometry":{"type":"Polygon","coordinates":[[[23.706297509758208,37.988383085674812],[23.706240074862407,37.988422978202699],[23.70485413750988,37.989385592667809],[23.70424214600682,37.989798646158718],[23.703374593995751,37.990395815448785],[23.701724794197268,37.991511370532059],[23.700893404419233,37.99207353231256],[23.698546776174158,37.993516476489937],[23.698475102696882,37.993472923914958],[23.69840015879339,37.993404810146437],[23.698082242734973,37.993115865911442],[23.697978639216281,37.99307486281473],[23.697905718667474,37.99306843416089],[23.697601817527755,37.99304164399345],[23.697503620614743,37.992971514981718],[23.697120313075786,37.992580329580981],[23.696457547622277,37.991649143492133],[23.696067818676998,37.99110156078568],[23.695839792541769,37.990699043848167],[23.695119997918621,37.989341699807007],[23.694989748211135,37.988980600661961],[23.694989720062164,37.988980523078531],[23.694850424865177,37.988596631162373],[23.6945649328073,37.987870140109692],[23.694516526826082,37.987746960266165],[23.694406733670967,37.987546890095679],[23.694386383674715,37.987509806157398],[23.694354867612862,37.987459072092079],[23.694305254214626,37.987379207443801],[23.6942898736595,37.987322434327936],[23.694146414918716,37.986792889414268],[23.693620508323377,37.98586439199709],[23.693525981781381,37.985661356730866],[23.693349979829126,37.985391396825321],[23.693152223433707,37.985088066616868],[23.692783901307191,37.984692087487616],[23.69258433956217,37.984462748857766],[23.692326412077218,37.984166334137988],[23.691915036736152,37.983804984151575],[23.691270715131722,37.983240016154625],[23.69089723197694,37.982807193681708],[23.690787986436867,37.982620994010738],[23.690692843628824,37.982458831634631],[23.690414832203327,37.981984980631758],[23.690072132181953,37.981607174310433],[23.68991494062028,37.98143387824296],[23.689778390089472,37.981190415469797],[23.689491570955372,37.980826111820726],[23.688167541991962,37.979541541436269],[23.687882555166457,37.979282744015222],[23.6872133802135,37.978675057630483],[23.686937710149266,37.978424714192158],[23.685462225061787,37.976623755284535],[23.685289377800398,37.976339415014273],[23.691937408063556,37.975959377668701],[23.693682601751416,37.97589183205676],[23.696059784962749,37.975807869393051],[23.696273311284845,37.975800255234546],[23.696784816126247,37.975782014154994],[23.697602123331549,37.97574875418811],[23.700576173626811,37.975621168710234],[23.702697057044325,37.975473329208619],[23.702703331806205,37.975539965445378],[23.70271445867002,37.975658136874166],[23.702827835385385,37.976748979624425],[23.702828986840057,37.976786745519561],[23.702830034820092,37.97682108806849],[23.702424562161184,37.976869633812491],[23.701989619463607,37.976990206388891],[23.70201028903195,37.977036634423172],[23.702194490597719,37.977450381083372],[23.702362704743706,37.977824840483919],[23.702447003803343,37.978034336839862],[23.702469800636198,37.978090990748868],[23.7024846760049,37.97812422813854],[23.70259499024872,37.97837070593917],[23.702619958164913,37.978420435318256],[23.702746776137069,37.978673020339158],[23.70295574365144,37.979253163270343],[23.702970806673438,37.979286850808101],[23.703385260535928,37.98021377652033],[23.703409942274632,37.980268976701083],[23.704008924664404,37.979998855941581],[23.704476824770193,37.97986291255215],[23.705508580172967,37.97969342206752],[23.705756348775111,37.980370497528789],[23.705961532882476,37.980938820496931],[23.706565784823415,37.980660930832343],[23.707236361357893,37.98034715170423],[23.707935753901108,37.980033440276188],[23.708042643453762,37.980177911327068],[23.708280281159595,37.980642662995628],[23.708478690902318,37.981039720525985],[23.708878238866024,37.981865386255187],[23.708935144310246,37.981979217922266],[23.708959440091313,37.982027818565427],[23.707722070731901,37.982412303296556],[23.707738331199192,37.98252951078954],[23.707846514333873,37.983156172787531],[23.707938083157714,37.983689413021779],[23.707966512382498,37.983854966764262],[23.707905962791784,37.984048592720782],[23.70783010865161,37.984332309130764],[23.708139084097137,37.984919353042983],[23.708174475292015,37.984986595592019],[23.708195309195769,37.985030450626525],[23.708197553181105,37.985035173518597],[23.708350228219309,37.98535655830382],[23.708558296501881,37.985564369530728],[23.709057744011407,37.98605837349875],[23.709060164675151,37.986060767890748],[23.709115533727754,37.986115532600145],[23.708966504648583,37.986215367907008],[23.708412002813173,37.986586828203251],[23.708507864228512,37.986674399383062],[23.708580333450882,37.986740600754558],[23.70897712070882,37.987102096988245],[23.708693850442842,37.987371781181388],[23.708208319566833,37.987852764968771],[23.707812142025364,37.988234827408327],[23.70749920113872,37.988535979904391],[23.706754804427284,37.98806545854805],[23.706297509758208,37.988383085674812]]]},"properties":{"FID":137,"geitonia":"--","name_place":"ΕΛΑΙΩΝΑΣ","name_pl_en":"ELAIONAS","geiton_en":"--","dk":"3η ΔΚ","dk_en":"3rd","shapeaream":2272085.6380699999,"shapelengm":7147.8431538200002}},{"type":"Feature","id":138,"geometry":{"type":"Polygon","coordinates":[[[23.758458190077526,38.000013368842971],[23.758531796543078,38.000149902206999],[23.758898601046962,38.001090561752434],[23.759009292563352,38.001374420681728],[23.759227750327845,38.00172144308064],[23.759421533203859,38.001988359904431],[23.759547234849119,38.002144812051853],[23.759832669331118,38.002507905788548],[23.759854637548152,38.002535851669556],[23.75999176182399,38.002683271460832],[23.760604897695103,38.003036040433024],[23.761137144733382,38.003221885646106],[23.761594484501241,38.003361068620258],[23.761852937031964,38.003439723567986],[23.761934492546839,38.00347505133734],[23.762016653260005,38.003510640745461],[23.762297194400194,38.003656851818576],[23.762476896176878,38.003783394501802],[23.762449201645701,38.003808809726216],[23.761716645295408,38.004426273962885],[23.761705999927134,38.004429742161619],[23.76062656166005,38.004781421691412],[23.760487799873811,38.004826629630635],[23.759668453873235,38.00509356206571],[23.758040030648427,38.005612967093789],[23.755522511135855,38.006418915046133],[23.75420281798344,38.006781183700554],[23.754079496546975,38.006472113184131],[23.754075722474827,38.006462655345707],[23.754074814184246,38.00642595682951],[23.753723266323334,38.006298228688237],[23.753660242680883,38.006275330300426],[23.753527352001353,38.006215567228722],[23.753362017196341,38.006141212705217],[23.75325754618127,38.006094229625518],[23.752793346209309,38.005890466243713],[23.752846844468863,38.005859033794124],[23.752879403458358,38.00580953167276],[23.75244097166944,38.005353461911263],[23.752366721430857,38.005204593963022],[23.752291147096997,38.004920530776474],[23.752178305047927,38.004393042667139],[23.752005477352981,38.003604055905853],[23.75195906155195,38.003540868222281],[23.751749661475383,38.0033601698306],[23.751750052474307,38.003356360933083],[23.751794560076835,38.002923142368779],[23.751797498750285,38.002896110081316],[23.751867969848536,38.002580809730262],[23.751880346896421,38.0022879188517],[23.7518803567764,38.002194727103593],[23.751880408421652,38.001681447374388],[23.751880408163274,38.001681186001711],[23.751880412873273,38.001634488728172],[23.752643621303516,38.000446402428409],[23.752957583841173,38.000163208517989],[23.753278093489122,38.000027783896108],[23.753909272795617,37.999883131674984],[23.754226701399908,37.999881324103654],[23.754883730150773,37.999941965443433],[23.755138354822915,37.999931191027308],[23.755152513165104,37.999930592308317],[23.755372709612619,37.999921273382661],[23.75559253920169,37.999911970406721],[23.755596436190213,37.999911805458375],[23.755731260936589,37.999826463616429],[23.755744732151442,37.999814622591032],[23.755753547017008,37.9998107446484],[23.756013587351411,37.999696363521821],[23.756727877106353,37.999391406709989],[23.757217082092446,37.999342846961085],[23.757347988338466,37.999365649199198],[23.757717498843093,37.999456539323369],[23.758084862203514,37.999574462377851],[23.758152683505219,37.999665312444662],[23.758283319628934,37.99981371055631],[23.758295581452114,37.999827711058664],[23.758312462747568,37.999846984548419],[23.758458190077526,38.000013368842971]]]},"properties":{"FID":138,"geitonia":"--","name_place":"ΑΤΤΙΚΟ ΑΛΣΟΣ","name_pl_en":"ATTIKO ALSOS","geiton_en":"--","dk":"7η ΔΚ","dk_en":"7th","shapeaream":475025.06072100002,"shapelengm":2783.5946681}},{"type":"Feature","id":139,"geometry":{"type":"Polygon","coordinates":[[[23.784787613720273,37.990453554118034],[23.784629387958752,37.990518583366971],[23.784456113130631,37.990634296548684],[23.784236628120837,37.990680093125519],[23.781573073567756,37.991107768751149],[23.781440198305091,37.991134181041581],[23.781419887735971,37.991161588337043],[23.781105565437347,37.991066368855506],[23.781188053765501,37.990956776434331],[23.781274924295587,37.99084136258864],[23.781436439307075,37.990620847919764],[23.781444390894556,37.990610015725878],[23.781598309801559,37.990400333679673],[23.781798048449584,37.990130318764614],[23.781959560329515,37.989909803341014],[23.778935952774908,37.98899602164456],[23.77888458783659,37.988980497793428],[23.778703703103538,37.988925828127911],[23.778379059539411,37.989308263249825],[23.778264060173026,37.989443239340382],[23.778260599124955,37.989441409515329],[23.77818407860978,37.989400958850496],[23.774195530290257,37.98729183214062],[23.774106445005483,37.987364089314845],[23.772822960020811,37.98790466010572],[23.77258535378008,37.988020373975623],[23.772469115980748,37.988059826482839],[23.77231375543073,37.988088742831479],[23.772121196948628,37.988063232185297],[23.771726893501295,37.987995747262886],[23.770703897714053,37.987943271102417],[23.770642519140267,37.987936665785902],[23.770539419191596,37.987910504978551],[23.770418182660052,37.987858114620174],[23.7699386255691,37.987517718334132],[23.769895314783753,37.987520059876957],[23.769812988565214,37.987580193004774],[23.769742242756919,37.987514177769278],[23.769598529153257,37.98740418916487],[23.769405145114966,37.987256183228162],[23.769390154417799,37.987244467769493],[23.769447406960378,37.987195606840864],[23.769492087123126,37.987132604409275],[23.769260186660098,37.986978931166846],[23.76897749680013,37.986793612723055],[23.768922174531788,37.986751318475534],[23.768995847006163,37.986671572311863],[23.77075845588887,37.984755309551083],[23.770795761620043,37.984720735009041],[23.770823668374092,37.984694872000361],[23.770866905762233,37.984654800331178],[23.771308779444681,37.984196225125459],[23.771357993471828,37.9841451493714],[23.771644827251421,37.983819083135089],[23.771847481108832,37.983893746864162],[23.771883320124207,37.983907799827037],[23.77191375560292,37.983919734193101],[23.772113235337642,37.983969691560297],[23.772355088956868,37.984010717739302],[23.772603786899889,37.984024718065967],[23.772852827469979,37.984043224959628],[23.772861588284854,37.984043416726259],[23.773027589428224,37.984047058390274],[23.773078068298208,37.984048166122683],[23.773279151694929,37.984039541002375],[23.773491294721577,37.984021923972946],[23.773772159071214,37.983990919453269],[23.774035351180004,37.98394730196496],[23.774040964558889,37.98394637180516],[23.774082329245729,37.983941076886701],[23.774283751755444,37.983915292913174],[23.774496278194757,37.98388866194319],[23.774701658769978,37.98387102976529],[23.77479320748122,37.983863027703762],[23.776215147578561,37.983738725888117],[23.776296714993002,37.983632829379381],[23.776299736554744,37.983628906418467],[23.776634103533905,37.983194802730338],[23.776674622585464,37.9831421967694],[23.776706626911587,37.983100646033563],[23.776842490852047,37.982924253520679],[23.776886383324729,37.982883778890375],[23.777007507402381,37.982838944243895],[23.777069122721748,37.982821035302166],[23.777152062644497,37.982812179593431],[23.777232839088533,37.982812332593795],[23.777298985565636,37.982825977139022],[23.777417044750738,37.982853239185395],[23.777477484153071,37.982871379263436],[23.777493388439463,37.982876326767439],[23.777550365170292,37.982894049271465],[23.77762148003022,37.982912209463137],[23.777678361067132,37.982930342710816],[23.777749489585119,37.982943996418584],[23.777827748647859,37.982953157118864],[23.77784515750778,37.982951965149766],[23.777871785031042,37.98295014256157],[23.777891814613056,37.982948771671921],[23.777958411662286,37.982930871670852],[23.778013095658665,37.982914790479178],[23.778080219721435,37.982895050075264],[23.779935961503586,37.982439315621875],[23.780104619519673,37.982397895147493],[23.780150614847123,37.982386599673262],[23.780225961327986,37.982368094652266],[23.780320145514839,37.982344963310069],[23.781006166449004,37.982230198214154],[23.781252568937347,37.982188975779934],[23.781438425886552,37.98215326978638],[23.781578706949134,37.982126491747742],[23.781740909560103,37.982027651285328],[23.781825670516753,37.981883602656033],[23.78212948024629,37.98106850123493],[23.782567369485186,37.981118882219263],[23.78302140529259,37.981124227017155],[23.783409346945838,37.981052942653257],[23.783507032911483,37.981034993091427],[23.783869236211551,37.980927504714359],[23.784267036432205,37.980815574072601],[23.784649968213603,37.98067657625618],[23.784874552516431,37.98053728771238],[23.785035876313472,37.98037084454112],[23.785557079612474,37.980639460034041],[23.785702781955774,37.980714550396499],[23.785481930543654,37.980983966113762],[23.784817507319133,37.981794478515397],[23.783042185955232,37.983976837433033],[23.783018964793971,37.984005892632076],[23.783049171451058,37.984021914635747],[23.784479544736627,37.984780579979613],[23.787457150302714,37.986359786874651],[23.78639542572639,37.987403355375861],[23.7862601480902,37.987493744751589],[23.786099478295167,37.987601100469725],[23.785947524526737,37.987722497637655],[23.785821812966805,37.987875487395705],[23.785517844070846,37.988360288533215],[23.785502893963507,37.988384132725827],[23.785143203617597,37.98896029909843],[23.785129854831055,37.989266711824591],[23.78512905356191,37.989663276008997],[23.785162693959588,37.989965268103091],[23.785249200432357,37.990078086758309],[23.785324476531056,37.990136807724419],[23.785495392519348,37.990227248085539],[23.786071083698605,37.990516707877198],[23.786378507371605,37.990682709259183],[23.786142983994221,37.991003532729387],[23.785948616266829,37.990899531362558],[23.785882196151682,37.990854346203996],[23.785816475924751,37.990813668708952],[23.785746788048108,37.990791009657293],[23.784793632838543,37.990451080287038],[23.784787613720273,37.990453554118034]]]},"properties":{"FID":139,"geitonia":"--","name_place":"ΑΛΣΟΣ ΓΟΥΔΗ-ΦΥΤΩΡΙΟ ΔΗΜΟΥ ΑΘΗΝΑΙΩΝ","name_pl_en":"ALSOS GOUDI-FYTORIO DIMOU ATHINAION","geiton_en":"--","dk":"7η ΔΚ","dk_en":"7th","shapeaream":924420.139555,"shapelengm":5369.7461573500004}},{"type":"Feature","id":140,"geometry":{"type":"Polygon","coordinates":[[[23.738020934563323,37.975807421955231],[23.738020960360217,37.975807531969686],[23.738051265845581,37.975956083769006],[23.737921568879106,37.975974176642275],[23.737885413840591,37.975979219904929],[23.737721531363373,37.976002080798999],[23.737621285285154,37.976016064238337],[23.737212241066434,37.976066377638233],[23.736793651701021,37.976117863364614],[23.73634440680442,37.976175440995455],[23.736264713813615,37.976181638960576],[23.736165910752529,37.976189322596198],[23.736119113372709,37.976192961576558],[23.73586223266204,37.976187878635294],[23.73571927982405,37.976111757544963],[23.735636972124695,37.976067929594493],[23.735615767332991,37.976056638386609],[23.735628000353266,37.975918914099353],[23.735449525200984,37.974992503648927],[23.735411677934575,37.974893352668708],[23.735378933363716,37.974863499592438],[23.735373807130149,37.974858826604766],[23.735361886092726,37.974801107504888],[23.735366398303388,37.974800477741603],[23.735450725685595,37.974788714540701],[23.735612540867191,37.974766141469559],[23.735728101600277,37.974750020237614],[23.736308386270473,37.974673334026782],[23.73630836948843,37.974673251070769],[23.736305663385934,37.974659476042532],[23.736434843805707,37.97464233374329],[23.736437192686097,37.974642021752778],[23.736447378469986,37.97468692596469],[23.736447583604086,37.974687828612595],[23.737364503924596,37.974561837008324],[23.737366424520609,37.974561572712574],[23.737565503309753,37.974534216793721],[23.737566337160981,37.974534102387885],[23.737567816905436,37.97453389929418],[23.737803563545508,37.975608025448935],[23.737803770831647,37.975608968657056],[23.737967117621107,37.975587929755875],[23.737969277397347,37.975587651562535],[23.738020934563323,37.975807421955231]]]},"properties":{"FID":140,"geitonia":"--","name_place":"ΒΟΥΛΗ","name_pl_en":"VOULI","geiton_en":"--","dk":"1η ΔΚ","dk_en":"1st","shapeaream":32056.2401078,"shapelengm":742.98670065199997}},{"type":"Feature","id":141,"geometry":{"type":"Polygon","coordinates":[[[23.787268902084545,37.995434499821656],[23.787091768275033,37.995598187886344],[23.785601761678681,37.996975052270543],[23.783860857097462,37.998583672278521],[23.783851391512577,37.998655757614159],[23.783755843714669,37.998723452280764],[23.782933190560641,37.998023167679989],[23.782034714722204,37.997345542868828],[23.782094587378648,37.997310571317165],[23.782196224037971,37.997251207212031],[23.781900030833082,37.99703435010467],[23.781118928483146,37.996510154151316],[23.779360362833192,37.995438846278937],[23.778212462400845,37.994760723891311],[23.777967460559264,37.994570991872003],[23.77786991289722,37.994462653527094],[23.777593590910531,37.994155694554109],[23.777475005967421,37.994060835365339],[23.776223879595666,37.993166189757098],[23.776227165363458,37.99313915746238],[23.776054938960048,37.993012649793918],[23.775911458921566,37.992913235188588],[23.775734252211553,37.992786717558523],[23.775685439273218,37.992804650175906],[23.775306072886806,37.992565085571336],[23.774559047870127,37.992216661435521],[23.773896713521687,37.991990068850988],[23.773563466678404,37.991917324980882],[23.773485582815681,37.991899149318812],[23.771323245889295,37.990962135215113],[23.771280281159289,37.990930506697751],[23.77012430022442,37.989923320203388],[23.769638227137882,37.989561855136714],[23.769237286891663,37.989290683630337],[23.769540512590773,37.989047624637081],[23.770222721960355,37.98849046875511],[23.770263047468291,37.988454496102996],[23.770670385929577,37.988270527449252],[23.770648776498852,37.988238940322546],[23.770622584346029,37.988218398522399],[23.770239809817291,37.987918185819339],[23.769831595622705,37.987597556632252],[23.769812988565214,37.987580193004774],[23.769895314783753,37.987520059876957],[23.7699386255691,37.987517718334132],[23.770418182660052,37.987858114620174],[23.770539419191596,37.987910504978551],[23.770642519140267,37.987936665785902],[23.770703897714053,37.987943271102417],[23.771726893501295,37.987995747262886],[23.772121196948628,37.988063232185297],[23.77231375543073,37.988088742831479],[23.772469115980748,37.988059826482839],[23.77258535378008,37.988020373975623],[23.772822960020811,37.98790466010572],[23.774106445005483,37.987364089314845],[23.774195530290257,37.98729183214062],[23.77818407860978,37.989400958850496],[23.778260599124955,37.989441409515329],[23.778264060173026,37.989443239340382],[23.778379059539411,37.989308263249825],[23.778703703103538,37.988925828127911],[23.77888458783659,37.988980497793428],[23.778935952774908,37.98899602164456],[23.781959560329515,37.989909803341014],[23.781798048449584,37.990130318764614],[23.781598309801559,37.990400333679673],[23.781444390894556,37.990610015725878],[23.781436439307075,37.990620847919764],[23.781274924295587,37.99084136258864],[23.781188053765501,37.990956776434331],[23.781105565437347,37.991066368855506],[23.781419887735971,37.991161588337043],[23.781440198305091,37.991134181041581],[23.781573073567756,37.991107768751149],[23.784236628120837,37.990680093125519],[23.784456113130631,37.990634296548684],[23.784629387958752,37.990518583366971],[23.784787613720273,37.990453554118034],[23.784793632838543,37.990451080287038],[23.785746788048108,37.990791009657293],[23.785816475924751,37.990813668708952],[23.785882196151682,37.990854346203996],[23.785948616266829,37.990899531362558],[23.786142983994221,37.991003532729387],[23.786378507371605,37.990682709259183],[23.786703797918438,37.990858357147879],[23.78676610884612,37.990892003348762],[23.787002867760986,37.990982560857432],[23.787225607847194,37.990999084384832],[23.787324221131712,37.990987648767259],[23.787421759793194,37.990978812234367],[23.787527127913073,37.99096998976389],[23.787649617479559,37.990947678829819],[23.787763248217836,37.990911832502981],[23.787866928178914,37.990871461693295],[23.788834873504431,37.990273848578127],[23.788870383097318,37.990300950886486],[23.788905894993974,37.990328053188172],[23.787922251655374,37.990939157859813],[23.787900490181361,37.990957144328704],[23.787883712233278,37.990975139780666],[23.787869411930998,37.990997646125457],[23.787858301045713,37.991024664647618],[23.787853597237632,37.991051694724661],[23.787852820580316,37.99107422545778],[23.788936810746808,37.991089694852896],[23.789843007785521,37.990554209920688],[23.790751281752975,37.990953624171446],[23.790585777087728,37.99175307616882],[23.790484933538874,37.992462416259166],[23.787268902084545,37.995434499821656]]]},"properties":{"FID":141,"geitonia":"--","name_place":"ΠΑΡΚΟ ΧΩΡΟΦΥΛΑΚΗΣ-ΣΤΡΑΤΙΩΤΙΚΑ ΝΟΣΟΚΟΜΕΙΑ","name_pl_en":"PARKO CHOROFYLAKIS-STRATIOTIKA NOSOKOMEIA","geiton_en":"--","dk":"7η ΔΚ","dk_en":"7th","shapeaream":1000465.21507,"shapelengm":5622.4411357400004}},{"type":"Feature","id":142,"geometry":{"type":"Polygon","coordinates":[[[23.723400448605261,37.973289112148251],[23.72215955247276,37.973729323741409],[23.721597222448615,37.973928805525958],[23.720624389932681,37.974643496333165],[23.720529545711937,37.97471317305277],[23.720443418721068,37.974776445137479],[23.720443256588432,37.974776564623333],[23.720435485709398,37.97478227293238],[23.720434919476066,37.974781165707903],[23.720333380313505,37.974582766550562],[23.720144372286093,37.9742134573291],[23.720134327116373,37.974193828640793],[23.720070640750219,37.974069388756085],[23.720164040456424,37.973803665546427],[23.720207970922669,37.973688836129213],[23.720490821848049,37.972949478002306],[23.720567209845235,37.972749800871362],[23.720793360811168,37.972158639235069],[23.720747023791031,37.972166863453516],[23.720721147697326,37.972171456273891],[23.720719133390464,37.972171813809382],[23.720257568359404,37.972253740115491],[23.719786357597258,37.97238330530034],[23.719540482595626,37.972481860966198],[23.719320104066547,37.972612021997527],[23.718901381234382,37.97297153703218],[23.718770357405518,37.973088391190487],[23.718748117761557,37.973120352637359],[23.718744253928666,37.973125905241631],[23.718732791787865,37.973142378599178],[23.718728298689975,37.973200951509234],[23.718805398504507,37.97332280956384],[23.718849833808573,37.973426563766331],[23.718858523112978,37.973480661748169],[23.718844136456465,37.973521185276688],[23.71847851369149,37.973952270642677],[23.71847758040958,37.973953371584358],[23.71847736996709,37.97395361893463],[23.718402067898918,37.974029354996972],[23.718312898825353,37.973993090043088],[23.718047956284742,37.973914040684122],[23.718023603781173,37.973906774724107],[23.717967726311844,37.973911147209634],[23.717834222950941,37.973990217821388],[23.717785853603214,37.974018865462213],[23.717781942719949,37.974026862210849],[23.71777936759571,37.974032127659662],[23.717778310695053,37.974034288212472],[23.717745501901295,37.9741013797004],[23.717695909900328,37.97420279156173],[23.717695756124073,37.974203106643088],[23.717667342361928,37.974261211108022],[23.717526356251369,37.974234551480151],[23.717178039288669,37.974044444366982],[23.716968297316814,37.973904240475981],[23.716836231669951,37.973642549480111],[23.716726513574365,37.973398937877811],[23.716697058423865,37.973300395945742],[23.71663475270951,37.972514884250231],[23.716552572323494,37.972276416621156],[23.716340759252578,37.971925391931798],[23.716156244447699,37.971622027883114],[23.71564465649357,37.970764883222202],[23.715243138599028,37.970092139324031],[23.715186223731976,37.969997366372816],[23.71531370008384,37.969785872382083],[23.715236797431565,37.969424108663496],[23.714974885242107,37.969077541333583],[23.714874568479079,37.968797899108658],[23.714860159279056,37.968737654570717],[23.714749614449829,37.968275466774962],[23.7146862223331,37.967914180603692],[23.714705158220777,37.96780779436147],[23.714721499992393,37.967715982856639],[23.714745299821416,37.967654204116059],[23.714801283041929,37.967508880113058],[23.714827917380049,37.967470985140359],[23.715291385467896,37.966811569137242],[23.715324125057776,37.966717013135245],[23.715333254159113,37.966692009163992],[23.71533563250766,37.966685495903398],[23.715358404980073,37.966316022952192],[23.715477100059832,37.96625772635101],[23.715829602461252,37.965997204808851],[23.716222616194734,37.965655663992727],[23.716942183811248,37.965044521519175],[23.717319988483496,37.964955301074617],[23.717587232381149,37.964937917125425],[23.718221334002695,37.965033945740451],[23.719159501771063,37.965176015745058],[23.720297653891496,37.965345465455734],[23.720744249551093,37.965409616537258],[23.721090347580201,37.965459310796525],[23.721370402394754,37.965501229956779],[23.721399845978333,37.965523831889975],[23.721951067139294,37.965957754253857],[23.721975910635461,37.965976722892712],[23.722294461369692,37.966219938886084],[23.722531416655361,37.966405262036112],[23.72307710007269,37.966826403779777],[23.723081968812323,37.966830168203266],[23.72360377709748,37.967233612176152],[23.72369336797707,37.96730287930886],[23.723824451211325,37.967404227789132],[23.723824421325112,37.967404608062495],[23.723809511436684,37.967593463183107],[23.72378120486686,37.967836744459184],[23.723759899067673,37.9680434489687],[23.723701877369244,37.968593639950988],[23.723601728225251,37.969537645057116],[23.72248577909394,37.969971789069767],[23.722473692008098,37.969976491414698],[23.722445155489471,37.969987592847509],[23.722407475434306,37.970221880154519],[23.7244820724828,37.969933881904311],[23.725019217453934,37.969863035646554],[23.725735791558893,37.969761060308286],[23.726887212721174,37.96963755871721],[23.727797376598932,37.96952250075698],[23.728773002318025,37.969407584885225],[23.729181046741282,37.969421953202442],[23.729183877839436,37.969422052552268],[23.729395839991451,37.969445072489371],[23.729359344584772,37.969542933277481],[23.729358230402934,37.969545921186963],[23.729308524504038,37.969679206421517],[23.729307482864691,37.969682901106893],[23.72930697531643,37.969684699810578],[23.729162365168435,37.970197329443302],[23.729158543108102,37.970216869572518],[23.729157163493358,37.970223924379631],[23.729112967031487,37.970449904304935],[23.728991550508074,37.970798972733661],[23.728985658979578,37.970815912379734],[23.728987851264147,37.970824415670101],[23.729027049715572,37.97097647926114],[23.728951538089785,37.971070873797707],[23.728951438680657,37.971097912192967],[23.728957882452949,37.971377326149721],[23.728921492712157,37.971598057720421],[23.728839411118905,37.971859241893078],[23.728772363533562,37.971998786869811],[23.728768327629869,37.972060922227335],[23.7287649723634,37.97211259250377],[23.728764450969287,37.972120621771609],[23.728764329102834,37.972122489859224],[23.728766513235254,37.972138472916441],[23.728738762984431,37.972240699633574],[23.728679626700252,37.972357029406041],[23.728587180872729,37.972490639291692],[23.728491442138463,37.97259082717845],[23.728436914204529,37.972640356837459],[23.728251587750908,37.972759999267481],[23.728279700909756,37.972794928697866],[23.728288294097425,37.972805606266746],[23.728304687130386,37.972825973562109],[23.728096931489464,37.972903021383225],[23.727931413143367,37.972953388382763],[23.727707088479303,37.973015622391785],[23.727702036061757,37.973017023915538],[23.727693262428957,37.973019457812185],[23.727504979892728,37.973068389841515],[23.727504708992328,37.973067752905294],[23.727481452613592,37.973012962963608],[23.727464769981637,37.972973661544216],[23.727416836791019,37.97294651187412],[23.727383712450806,37.972936411001889],[23.727267925179973,37.972901102381613],[23.727265869773056,37.972901493281505],[23.727092000959928,37.972934558459514],[23.727060520914822,37.972939788600222],[23.726998759317073,37.97295004884802],[23.726934020295769,37.972958176917103],[23.726893036980567,37.972963322764926],[23.726839703647894,37.972996442914102],[23.72665892335408,37.972984677603165],[23.726572574541894,37.972987852258306],[23.726342589046709,37.97287060891432],[23.726083035549397,37.972816904618071],[23.725876719352559,37.972799562767229],[23.725873618890432,37.972799302280876],[23.725844928240569,37.972796890273393],[23.725539300193351,37.972807728524892],[23.725219079359942,37.972752841584239],[23.72521909351541,37.972753625737127],[23.725220465749981,37.972826861226764],[23.725220506503749,37.972829062265134],[23.72522398869172,37.973014957263011],[23.725224039508934,37.973040116811347],[23.725224064843761,37.973052563645446],[23.725224667541539,37.973351497643549],[23.72522162229691,37.973351385080058],[23.725094461988689,37.973346687012111],[23.725053673159493,37.973345996839043],[23.725033806430051,37.973345357358419],[23.724718482036213,37.973335213180874],[23.723401774520156,37.973288642090083],[23.723400448605261,37.973289112148251]]]},"properties":{"FID":142,"geitonia":"--","name_place":"ΑΡΧΑΙΟΛΟΓΙΚΟΣ ΧΩΡΟΣ ΑΚΡΟΠΟΛΗΣ-ΦΙΛΟΠΑΠΠΟΥ","name_pl_en":"ARCHAIOLOGIKOS CHOROS AKROPOLIS-FILOPAPPOU","geiton_en":"--","dk":"3η ΔΚ","dk_en":"3rd","shapeaream":797297.206871,"shapelengm":4831.9695062199999}},{"type":"Feature","id":143,"geometry":{"type":"Polygon","coordinates":[[[23.742459616764961,38.02831137934696],[23.742506211649051,38.028632165429443],[23.742522300032284,38.028742929975877],[23.743012821822955,38.02980300560602],[23.743350617078434,38.030551804658735],[23.743582344382695,38.031064559090673],[23.743751083353946,38.031440444622056],[23.743800525200975,38.031550569617288],[23.743982402024894,38.031954669993759],[23.742327764088099,38.03237695736518],[23.741989215495273,38.032214234530365],[23.741842133172092,38.032112220461975],[23.741827487025251,38.032096445676224],[23.741749899565043,38.032012877306073],[23.741631229671608,38.031836867330632],[23.74162121928947,38.03174671749877],[23.741638098135297,38.031706197061659],[23.741769475453051,38.031508204419701],[23.741733012656425,38.031345894221715],[23.741716569541797,38.031161096024327],[23.741729182496403,38.031016919175862],[23.741710393086738,38.030787402485835],[23.741313599648805,38.030275735988525],[23.740966277963075,38.029753450993503],[23.740549001529089,38.029285375729955],[23.740632887360857,38.029244403001364],[23.740877807331223,38.02912070171714],[23.740905491594713,38.029117915582589],[23.741102559612546,38.02899218504686],[23.742178303618577,38.028345613516777],[23.742293392568218,38.028277670541534],[23.742399802676019,38.028214850235862],[23.742441978693638,38.028189951062572],[23.742459616764961,38.02831137934696]]]},"properties":{"FID":143,"geitonia":"--","name_place":"ΠΡΟΜΠΟΝΑ","name_pl_en":"PROMPONA","geiton_en":"--","dk":"5η ΔΚ","dk_en":"5th","shapeaream":67790.552431300006,"shapelengm":1203.14247905}},{"type":"Feature","id":144,"geometry":{"type":"Polygon","coordinates":[[[23.697600213288435,37.993044913819318],[23.698067806714423,37.993100662577],[23.698464257452805,37.993475126880277],[23.69855843587516,37.993518922820776],[23.698640655992378,37.993699153169224],[23.699068538580082,37.994271953459574],[23.699715247929724,37.994710331194952],[23.699915294294723,37.994796979240533],[23.701377129324701,37.995965659133311],[23.700593979342639,37.996279920168291],[23.701258774612043,37.999857393440386],[23.700465070675477,37.99980246499365],[23.696627327650706,37.998043589852188],[23.696532187088678,37.997979502256449],[23.695656717911266,37.997341474628492],[23.694733281207654,37.996653491187715],[23.694342457602531,37.99631724046786],[23.694537771569426,37.996190889918054],[23.692908290878336,37.994749560722944],[23.694094343869168,37.994149524251078],[23.69501450012611,37.993547537207526],[23.695359476135319,37.993384276344734],[23.696105294074069,37.993216749031262],[23.697600213288435,37.993044913819318]]]},"properties":{"FID":144,"geitonia":" ","name_place":" ","name_pl_en":" ","geiton_en":" ","dk":" ","dk_en":" ","shapeaream":308916.33384400001,"shapelengm":2394.9185772000001}}]}