{"type":"FeatureCollection","features":[{"type":"Feature","id":2,"geometry":{"type":"Polygon","coordinates":[[[23.538102700000024,38.040774300000066],[23.538646700000072,38.040553700000032],[23.538781500000027,38.040503600000079],[23.538979600000062,38.040791700000057],[23.539059500000064,38.040942800000039],[23.538934100000063,38.040981800000054],[23.538793300000066,38.041040200000054],[23.538770900000031,38.041048800000056],[23.538748800000064,38.04105880000003],[23.538366100000076,38.041215600000044],[23.538102700000024,38.040774300000066]],[[23.538739100000043,38.040991600000041],[23.538831300000027,38.040953800000068],[23.538765400000045,38.040854100000047],[23.53867310000004,38.040891900000076],[23.538739100000043,38.040991600000041]]]},"properties":{"fid":2,"historic":"ruins","name_en":null,"name":"Τελεστήριον"}},{"type":"Feature","id":4,"geometry":{"type":"Polygon","coordinates":[[[23.634363700000051,37.946747300000027],[23.634347900000023,37.946712500000046],[23.634318800000074,37.946662100000026],[23.634270600000036,37.946614900000043],[23.634211200000038,37.946559600000057],[23.634150200000079,37.94651900000008],[23.634029800000064,37.946462000000054],[23.633957500000065,37.946426600000052],[23.633898100000067,37.946393700000044],[23.633856300000048,37.94636330000003],[23.633817800000031,37.946324000000061],[23.633780800000068,37.946274600000038],[23.63375190000005,37.94622140000007],[23.633731100000034,37.946177100000057],[23.633708600000034,37.946107400000074],[23.633628000000044,37.945816200000024],[23.633605700000032,37.945749700000079],[23.633577200000047,37.945687700000065],[23.633433600000046,37.945415900000057],[23.633372300000076,37.945306200000061],[23.633353400000033,37.945276500000034],[23.633339800000044,37.945249900000078],[23.633336000000043,37.945223400000032],[23.633332800000062,37.945182300000056],[23.633335100000068,37.94515940000008],[23.633350700000051,37.94513580000006],[23.633375500000056,37.945114200000035],[23.633418600000027,37.945091000000048],[23.633463100000029,37.945079300000032],[23.633478900000057,37.945076400000062],[23.633505300000024,37.945074500000032],[23.633528100000035,37.945074100000056],[23.633544500000028,37.945075200000076],[23.633562200000028,37.94507660000005],[23.633581000000049,37.945079500000077],[23.633618200000058,37.945088300000066],[23.633663700000056,37.945102500000075],[23.63380490000003,37.945157100000074],[23.633948300000043,37.945215300000029],[23.634063400000059,37.945267600000079],[23.634242100000051,37.945355900000038],[23.634402200000068,37.945441100000039],[23.634514800000034,37.945506400000056],[23.634656200000052,37.945597500000076],[23.634816800000067,37.945711500000073],[23.634922700000061,37.94580140000005],[23.635049600000059,37.945928000000038],[23.635165200000074,37.946049600000038],[23.635372400000051,37.946286400000076],[23.63539970000005,37.946322200000054],[23.635432500000036,37.946384800000033],[23.635477700000024,37.946478800000079],[23.635508100000038,37.946558000000039],[23.635535400000037,37.946656100000041],[23.63554750000003,37.94673430000006],[23.634440300000051,37.946746500000074],[23.634363700000051,37.946747300000027]]]},"properties":{"fid":4,"historic":"archaeological_site","name_en":null,"name":"Ηετιώνεια Πύλη"}},{"type":"Feature","id":5,"geometry":{"type":"Polygon","coordinates":[[[23.718837500000063,37.977765600000055],[23.718921500000079,37.977804200000037],[23.719653200000039,37.978128100000049],[23.719813300000055,37.978198600000042],[23.71964760000003,37.978437300000053],[23.719655700000033,37.97844020000008],[23.719882400000074,37.978537800000026],[23.720036700000037,37.978604300000029],[23.720172700000035,37.978662800000052],[23.720160100000044,37.978681000000051],[23.720082200000036,37.97879110000008],[23.71995830000003,37.978737000000081],[23.719782900000041,37.978982200000075],[23.719779300000027,37.978987200000063],[23.719711800000027,37.979080800000077],[23.719506800000033,37.978988800000025],[23.719513000000063,37.978980300000046],[23.719299700000079,37.978883100000076],[23.719276900000068,37.978912900000068],[23.719176800000071,37.978864300000055],[23.719036600000038,37.979044900000076],[23.719020100000023,37.979037500000061],[23.718806800000038,37.978941900000052],[23.718757400000072,37.978919700000063],[23.71841930000005,37.97937120000006],[23.718392200000039,37.979407900000069],[23.718340100000034,37.979386000000034],[23.718282800000054,37.979362000000037],[23.718187100000023,37.979321700000071],[23.718129800000042,37.979297600000052],[23.718096100000025,37.979283200000054],[23.717996800000037,37.979397600000027],[23.717956100000038,37.979453600000056],[23.71794170000004,37.979447100000073],[23.717912500000068,37.979487400000039],[23.717697300000054,37.979386900000065],[23.717909800000029,37.979085100000077],[23.717903100000058,37.97905680000008],[23.717879900000071,37.979025100000058],[23.717850600000077,37.978999600000066],[23.717812000000038,37.978971600000079],[23.717771800000037,37.978949700000044],[23.717722400000071,37.978930200000036],[23.717673000000048,37.978914400000065],[23.717606600000067,37.978899700000056],[23.717532400000039,37.978893700000071],[23.71750000000003,37.978896100000043],[23.717281100000037,37.979207000000031],[23.716912500000035,37.979034800000079],[23.716813400000035,37.978984300000036],[23.716744900000037,37.978938700000072],[23.716195000000027,37.97852720000003],[23.716341700000044,37.978531600000053],[23.716430500000058,37.97818790000008],[23.71647820000004,37.978003200000046],[23.716338700000051,37.978004800000065],[23.716318100000024,37.978005000000053],[23.716322200000036,37.97797810000003],[23.716342700000041,37.977847300000064],[23.716347100000064,37.977819000000068],[23.716441400000065,37.977828200000033],[23.716556100000048,37.977842100000032],[23.716652400000044,37.977850700000033],[23.716744800000072,37.977857400000062],[23.717126700000051,37.977882700000066],[23.717159400000071,37.977884700000061],[23.717187200000069,37.977885900000047],[23.717215100000033,37.977887100000032],[23.717290800000058,37.977890700000046],[23.71750430000003,37.977899600000057],[23.717675600000064,37.977896100000066],[23.717757300000073,37.977891300000067],[23.717824300000075,37.977884900000049],[23.71790290000007,37.977875800000049],[23.718056700000034,37.977855500000032],[23.718763500000023,37.977757200000042],[23.718790200000058,37.977754700000048],[23.718817900000033,37.977759200000037],[23.718837500000063,37.977765600000055]],[[23.71677040000003,37.97791170000005],[23.716695900000047,37.977934900000037],[23.716528400000072,37.97798750000004],[23.716589000000056,37.978107400000056],[23.716756500000031,37.978054800000052],[23.716986400000053,37.978068700000051],[23.716988900000047,37.978042600000038],[23.71699140000004,37.978017200000068],[23.717004300000042,37.977884600000039],[23.716774400000077,37.97787070000004],[23.71677040000003,37.97791170000005]]]},"properties":{"fid":5,"historic":"archaeological_site","name_en":"Archaeological site of Kerameikos","name":"Αρχαιολογικός Χώρος Κεραμεικού"}},{"type":"Feature","id":6,"geometry":{"type":"Polygon","coordinates":[[[23.730247700000064,37.982121500000062],[23.730049200000053,37.982019100000059],[23.730299900000034,37.981717200000048],[23.730499500000064,37.981820200000072],[23.73044340000007,37.981887700000073],[23.730324200000041,37.981826200000057],[23.730296500000065,37.981859600000064],[23.73034210000003,37.981883100000061],[23.730259900000078,37.981982000000073],[23.730214700000033,37.981958700000064],[23.730185400000039,37.981994100000065],[23.730303100000071,37.982054800000071],[23.730247700000064,37.982121500000062]]]},"properties":{"fid":6,"historic":"building","name_en":"Old National Printing Office","name":"Παλαιό Εθνικό Τυπογραφείο"}},{"type":"Feature","id":7,"geometry":{"type":"Polygon","coordinates":[[[23.475463500000046,37.490378000000078],[23.475483900000029,37.490675900000042],[23.475362200000063,37.490822900000069],[23.474826000000064,37.49074980000006],[23.474826000000064,37.490767700000049],[23.474817900000062,37.490792000000056],[23.474794300000042,37.490801800000042],[23.474769800000047,37.49079770000003],[23.474744200000032,37.490786300000025],[23.474737000000061,37.490762800000027],[23.474754400000052,37.490740900000048],[23.474517000000048,37.490546800000061],[23.474562100000071,37.490514400000052],[23.474553900000046,37.49040640000004],[23.474398400000041,37.490399900000057],[23.474376900000038,37.49037880000003],[23.474372800000026,37.49035850000007],[23.474388100000056,37.490339800000072],[23.474408600000061,37.490328500000032],[23.474432100000058,37.490338200000053],[23.474559000000056,37.490117400000031],[23.474544700000024,37.490111700000057],[23.474534400000039,37.490098700000033],[23.474536500000056,37.490079200000025],[23.474550800000031,37.490061400000059],[23.474579500000061,37.490058100000056],[23.474655200000029,37.490089000000069],[23.474671500000056,37.490063000000077],[23.474857800000052,37.490129600000046],[23.474878200000035,37.490105200000073],[23.475027600000033,37.490162000000055],[23.475027600000033,37.490197800000033],[23.475350900000024,37.490265900000054],[23.475463500000046,37.490378000000078]]]},"properties":{"fid":7,"historic":"castle","name_en":null,"name":"Μπούρτζι Πόρου"}},{"type":"Feature","id":8,"geometry":{"type":"Polygon","coordinates":[[[23.728151400000058,37.971257200000025],[23.728163300000062,37.971215900000061],[23.728207700000041,37.971223800000075],[23.728195700000072,37.971265300000027],[23.728336200000058,37.971290800000077],[23.728336700000057,37.971307800000034],[23.728024900000037,37.971831400000042],[23.728072000000054,37.971848900000055],[23.728047900000035,37.971889300000043],[23.728000800000075,37.971871900000053],[23.727988800000048,37.971892000000025],[23.727949000000024,37.971877300000074],[23.727906200000064,37.971904000000052],[23.727821600000027,37.971910200000025],[23.727710700000046,37.971930800000052],[23.727667000000054,37.971934200000078],[23.727539400000069,37.972004300000037],[23.727483100000029,37.972065100000066],[23.727329500000053,37.972060700000043],[23.727203700000075,37.972085700000036],[23.727098800000078,37.972153300000059],[23.727079200000048,37.972163900000055],[23.727058400000033,37.97217420000004],[23.727046400000063,37.972177700000032],[23.72703400000006,37.972180000000037],[23.727013300000067,37.972183900000061],[23.726917400000048,37.972289500000045],[23.726683900000069,37.972284200000047],[23.726473400000032,37.972241600000075],[23.726358900000037,37.972327900000039],[23.726159200000041,37.972301500000071],[23.72615060000004,37.972300400000051],[23.726140100000066,37.972299000000078],[23.725924500000076,37.972270600000058],[23.725591300000076,37.972258900000043],[23.725574800000061,37.972183700000073],[23.725473700000066,37.972140900000056],[23.725286900000071,37.972095000000024],[23.725280600000076,37.972095200000069],[23.72522280000004,37.972077500000069],[23.725198800000044,37.972107700000038],[23.725153700000078,37.972088700000029],[23.725172500000042,37.972060900000031],[23.725133600000049,37.972038400000031],[23.724916700000051,37.971981300000039],[23.724929800000041,37.971933800000045],[23.724884800000041,37.971926100000076],[23.724888000000078,37.971914500000025],[23.724716700000045,37.971892500000024],[23.724743500000045,37.971785400000044],[23.724725100000057,37.971782400000052],[23.724728500000026,37.971769700000038],[23.724712200000056,37.971766100000025],[23.724708600000042,37.971779600000048],[23.724694700000043,37.971777300000042],[23.724698500000045,37.971763000000067],[23.724675600000069,37.971757900000057],[23.724671500000056,37.97177350000004],[23.724657300000047,37.971771100000069],[23.72466170000007,37.971754800000042],[23.724636600000053,37.971749200000033],[23.724631900000077,37.971766900000034],[23.724570200000073,37.971756600000049],[23.724575900000048,37.971735700000067],[23.724521100000061,37.971723500000053],[23.724541200000033,37.971645600000045],[23.724600400000043,37.971655200000043],[23.724608600000067,37.971623400000055],[23.72461670000007,37.971592100000066],[23.72455750000006,37.971582600000033],[23.724574100000041,37.971518400000036],[23.724641600000041,37.971529300000043],[23.724836800000048,37.971559600000035],[23.724825900000042,37.971468500000071],[23.724901200000033,37.971464100000048],[23.725045600000044,37.971454100000074],[23.725048400000048,37.97144140000006],[23.725086000000033,37.971443300000033],[23.725641100000075,37.971291400000041],[23.725642600000072,37.971294700000044],[23.725838500000066,37.971241000000077],[23.72583700000007,37.971237600000052],[23.726003300000059,37.97119310000005],[23.726186900000073,37.971145700000079],[23.72625510000006,37.971132300000079],[23.726297000000045,37.971124400000065],[23.726298900000074,37.971118500000046],[23.726416500000028,37.971097800000052],[23.726518600000077,37.971091400000034],[23.72652370000003,37.971098600000062],[23.726652900000033,37.971109100000035],[23.726656400000024,37.97108170000007],[23.726800800000035,37.971097300000054],[23.726797800000043,37.971120800000051],[23.726946800000064,37.971132900000043],[23.726948500000049,37.971109700000056],[23.727059600000075,37.97111620000004],[23.727056800000071,37.971149900000057],[23.727190700000051,37.971160600000076],[23.727195100000074,37.971119100000067],[23.727226600000051,37.971121200000027],[23.727222200000028,37.971163100000069],[23.727270200000078,37.971167000000037],[23.727351300000066,37.97117540000005],[23.727355500000044,37.971149300000036],[23.727391000000068,37.971152800000027],[23.727386700000068,37.971179100000029],[23.727490700000033,37.97118990000007],[23.727495100000056,37.971164700000031],[23.727521900000056,37.971167600000058],[23.727517500000033,37.971192600000052],[23.727588300000036,37.971200000000067],[23.72760640000007,37.971201800000074],[23.727606600000058,37.971175200000062],[23.727629200000024,37.971175300000027],[23.727629100000058,37.97120410000008],[23.727713700000038,37.971212700000081],[23.727716900000075,37.971190500000034],[23.72773920000003,37.971192500000029],[23.72773600000005,37.971215100000052],[23.72781370000007,37.971223500000065],[23.727818200000058,37.971194400000059],[23.727851400000077,37.971197700000062],[23.727846800000066,37.971227000000056],[23.727882700000066,37.97123090000008],[23.727918300000056,37.971234500000037],[23.727923800000042,37.971200000000067],[23.727965300000051,37.97120410000008],[23.72795990000003,37.971238600000049],[23.728059100000053,37.971247000000062],[23.728130500000077,37.97125340000008],[23.728151400000058,37.971257200000025]]]},"properties":{"fid":8,"historic":"castle","name_en":"Acropolis","name":"Ακρόπολη"}},{"type":"Feature","id":9,"geometry":{"type":"Polygon","coordinates":[[[23.228563800000074,38.146367500000053],[23.228560000000073,38.146267700000067],[23.228701100000023,38.146264400000064],[23.228705700000035,38.146385400000042],[23.228669100000047,38.146386200000052],[23.228564600000027,38.146388700000045],[23.228563800000074,38.146367500000053]]]},"properties":{"fid":9,"historic":"archaeological_site","name_en":null,"name":null}},{"type":"Feature","id":10,"geometry":{"type":"Polygon","coordinates":[[[23.228669100000047,38.146386200000052],[23.228871000000026,38.146857900000043],[23.228912200000025,38.146850200000074],[23.228933700000027,38.146905700000048],[23.228894500000024,38.14691490000007],[23.229174800000067,38.147449800000061],[23.229460900000049,38.147793500000034],[23.229480500000022,38.147785800000065],[23.229513800000063,38.147824300000025],[23.22947460000006,38.147872100000029],[23.229451100000063,38.147853600000076],[23.229025800000045,38.147929100000056],[23.228626000000077,38.148078600000076],[23.228253600000073,38.14776420000004],[23.228108600000041,38.147553000000073],[23.228071400000033,38.147563800000057],[23.228047900000035,38.147525300000041],[23.228092900000036,38.147502200000076],[23.228010600000061,38.14736350000004],[23.227987100000064,38.147240200000056],[23.228239100000053,38.146686600000066],[23.228563800000074,38.146367500000053],[23.228560000000073,38.146267700000067],[23.228701100000023,38.146264400000064],[23.228705700000035,38.146385400000042],[23.228669100000047,38.146386200000052]]]},"properties":{"fid":10,"historic":"archaeological_site","name_en":null,"name":"Ακρόπολη Αιγοσθένων"}},{"type":"Feature","id":11,"geometry":{"type":"Polygon","coordinates":[[[23.731142500000033,37.981243400000039],[23.731182400000023,37.981195900000046],[23.731709300000034,37.981466600000033],[23.731650300000069,37.98153730000007],[23.731622900000048,37.981523100000061],[23.73153620000005,37.98162700000006],[23.731461600000046,37.981716400000039],[23.731489000000067,37.981730600000049],[23.731433200000026,37.981797500000027],[23.731228400000077,37.981691000000069],[23.73117730000007,37.981664400000057],[23.731266800000071,37.981557100000032],[23.731334200000049,37.981592900000066],[23.731429700000035,37.981478500000037],[23.731092300000057,37.981303600000047],[23.731142500000033,37.981243400000039]]]},"properties":{"fid":11,"historic":"building","name_en":null,"name":"Αρσάκειο"}},{"type":"Feature","id":13,"geometry":{"type":"MultiPolygon","coordinates":[[[[23.389589500000056,37.977177600000061],[23.389607700000056,37.977160900000058],[23.389874700000064,37.977340900000058],[23.389885500000048,37.977349600000025],[23.389866200000029,37.977377900000079],[23.389873900000055,37.977396800000065],[23.38989040000007,37.977407600000049],[23.389921600000037,37.977409100000045],[23.389947000000063,37.977390700000058],[23.389959600000054,37.977401200000031],[23.390162500000031,37.977531400000032],[23.390145400000051,37.977548100000035],[23.389942400000052,37.977417800000069],[23.389914700000077,37.977430100000049],[23.389893500000028,37.977430600000048],[23.389863800000057,37.977419400000031],[23.389848900000061,37.977402600000062],[23.389844900000071,37.977383000000032],[23.389856500000064,37.977357700000027],[23.389589500000056,37.977177600000061]]],[[[23.389161100000024,37.976848800000027],[23.389146100000062,37.976856300000065],[23.389126000000033,37.976856200000043],[23.389108700000065,37.976848100000041],[23.389098800000056,37.97683440000003],[23.389099000000044,37.976818500000036],[23.389108800000031,37.976803000000075],[23.388791300000037,37.976506400000062],[23.388768500000026,37.976514300000076],[23.388744000000031,37.976511600000038],[23.388726500000075,37.976501000000042],[23.388716500000044,37.976478100000065],[23.388727900000049,37.976454200000035],[23.38836740000005,37.97613350000006],[23.388327900000036,37.976098400000069],[23.388316600000053,37.976103600000044],[23.38830310000003,37.976104300000031],[23.388289800000052,37.976101000000028],[23.388279500000067,37.976094500000045],[23.38827260000005,37.976085300000079],[23.388270800000043,37.976070900000025],[23.388280300000076,37.976053400000069],[23.387946000000056,37.975705700000049],[23.387890300000038,37.975647800000047],[23.387871700000062,37.975649600000054],[23.38785850000005,37.975646100000063],[23.387845500000026,37.975636700000052],[23.387839100000065,37.97562320000003],[23.387842300000045,37.975607100000047],[23.387852800000076,37.975596400000029],[23.387878100000023,37.975589100000036],[23.387794000000042,37.975107800000046],[23.387820900000065,37.975104900000076],[23.387905000000046,37.975586200000066],[23.387905000000046,37.975600800000052],[23.387866700000075,37.975609100000042],[23.387864700000023,37.975619400000028],[23.387868100000048,37.97562750000003],[23.387873800000023,37.975632800000028],[23.387907100000064,37.975628500000028],[23.387910500000032,37.975635700000055],[23.388300500000071,37.976041300000077],[23.388306200000045,37.976050900000075],[23.388292000000035,37.976060400000051],[23.388289600000064,37.976073300000053],[23.38829590000006,37.976083100000039],[23.388302600000031,37.976087100000029],[23.388315900000066,37.976089300000069],[23.388336000000038,37.976079300000038],[23.388342700000067,37.976088000000061],[23.388742700000023,37.976443900000049],[23.38875470000005,37.976457500000038],[23.388738100000069,37.976475500000049],[23.388740400000074,37.976486600000044],[23.388747100000046,37.976493800000071],[23.388758700000039,37.976498800000059],[23.388770900000054,37.976499100000069],[23.388791100000049,37.976486600000044],[23.38880290000003,37.976498700000036],[23.389120300000059,37.976795300000049],[23.389129600000047,37.976805100000036],[23.38911070000006,37.976821000000029],[23.389116300000069,37.97683690000008],[23.389129000000025,37.976843200000076],[23.389145000000042,37.976842300000044],[23.389159600000028,37.976828500000067],[23.389173000000028,37.976840300000049],[23.389306400000066,37.97695600000003],[23.389318500000059,37.976966700000048],[23.389304400000071,37.97698900000006],[23.389310400000056,37.977004200000067],[23.389330900000061,37.97701550000005],[23.389352100000053,37.97701440000003],[23.389368700000034,37.977003700000068],[23.389383100000032,37.977012700000046],[23.389485700000023,37.977076100000033],[23.389504600000066,37.977087900000072],[23.389473700000053,37.97708810000006],[23.389371100000062,37.977024800000038],[23.389354800000035,37.977027500000077],[23.389335300000027,37.977031500000066],[23.389313400000049,37.977029100000038],[23.389290500000072,37.977016400000025],[23.389278000000047,37.97698900000006],[23.389294500000062,37.976964500000065],[23.389161100000024,37.976848800000027]]]]},"properties":{"fid":13,"historic":"castle","name_en":"Wall of Agia Triada","name":"Οθωμανικά τείχη Αγίας Τριάδας"}},{"type":"Feature","id":15,"geometry":{"type":"Polygon","coordinates":[[[23.726930400000072,37.974901100000068],[23.726950400000078,37.975007300000073],[23.726793000000043,37.975023400000055],[23.726711900000055,37.975031700000045],[23.726635600000066,37.975039600000059],[23.72663330000006,37.975019900000063],[23.726589300000057,37.975023200000066],[23.726443000000074,37.974740000000054],[23.726635500000043,37.97467910000006],[23.726652200000046,37.974673800000062],[23.72686120000003,37.97460760000007],[23.726888400000064,37.974728900000059],[23.726922700000046,37.974859700000025],[23.726930400000072,37.974901100000068]]]},"properties":{"fid":15,"historic":"archaeological_site","name_en":null,"name":"Plot \"Kalamia\""}},{"type":"Feature","id":16,"geometry":{"type":"Polygon","coordinates":[[[23.727246300000047,37.97418840000006],[23.727286900000024,37.974277100000052],[23.727102900000034,37.974329800000078],[23.727095200000065,37.974332000000061],[23.727077100000031,37.974337200000036],[23.727098800000078,37.97438180000006],[23.726999800000044,37.974451600000066],[23.726832900000034,37.974499600000058],[23.726844800000038,37.974562000000049],[23.726730300000042,37.974597500000073],[23.726726300000053,37.97458940000007],[23.726415800000041,37.974685800000032],[23.726273700000036,37.974379500000055],[23.725860000000068,37.974482900000055],[23.725713700000028,37.974582400000031],[23.725513900000067,37.974631900000077],[23.725479700000051,37.974614600000052],[23.725462600000071,37.974561100000074],[23.725459100000023,37.974550100000044],[23.725455000000068,37.974537400000031],[23.725440200000037,37.97449110000008],[23.725422900000069,37.974433100000056],[23.725509600000066,37.974399800000072],[23.725499700000057,37.974377300000072],[23.725430700000061,37.974220100000025],[23.72592480000003,37.974086100000079],[23.725932000000057,37.974084100000027],[23.726102100000048,37.974038000000064],[23.726074600000061,37.973975800000062],[23.726539100000025,37.973920900000053],[23.726545300000055,37.973934000000042],[23.726606500000059,37.973913300000049],[23.726901600000076,37.973972300000071],[23.726915200000064,37.973975000000053],[23.727136800000039,37.97391870000007],[23.727198100000066,37.974069800000052],[23.727201400000069,37.974077400000056],[23.727243500000043,37.974181500000043],[23.727246300000047,37.97418840000006]]]},"properties":{"fid":16,"historic":"archaeological_site","name_en":"Roman Agora of Athens","name":"Ρωμαϊκή Αγορά Αθηνών"}},{"type":"Feature","id":17,"geometry":{"type":"Polygon","coordinates":[[[23.727006000000074,37.974156500000049],[23.72700610000004,37.974154700000042],[23.727006700000061,37.974152200000049],[23.727007300000025,37.97415060000003],[23.727008200000057,37.97414880000008],[23.727009300000077,37.974147300000027],[23.727010800000073,37.974145500000077],[23.727012800000068,37.974143900000058],[23.727014500000053,37.97414260000005],[23.727017100000069,37.974141200000076],[23.727019100000064,37.974140400000067],[23.727021200000024,37.974139800000046],[23.727023000000031,37.974139300000047],[23.727024800000038,37.974138900000071],[23.727027100000043,37.97413860000006],[23.727029000000073,37.97413860000006],[23.727031000000068,37.974138700000026],[23.727033300000073,37.974138800000048],[23.727035500000056,37.974139200000025],[23.727037300000063,37.97413970000008],[23.727039400000024,37.974140300000045],[23.727040900000077,37.974140900000066],[23.727042700000027,37.974141700000075],[23.727044000000035,37.974142500000028],[23.727045200000077,37.974143200000071],[23.727046200000075,37.974144100000046],[23.727047600000049,37.974145200000066],[23.727048800000034,37.974146400000052],[23.727050000000077,37.974147900000048],[23.727050800000029,37.974149100000034],[23.727051500000073,37.974150500000064],[23.727052300000025,37.974152700000047],[23.727052900000047,37.974155500000052],[23.727052900000047,37.974157800000057],[23.727083400000026,37.974182400000075],[23.727082500000051,37.974215900000047],[23.727098300000023,37.974228500000038],[23.727063700000031,37.97425400000003],[23.727047800000037,37.974240800000075],[23.727005500000075,37.974240000000066],[23.726990000000058,37.974251800000047],[23.726956800000039,37.97422460000007],[23.726973000000044,37.974212300000033],[23.726974100000064,37.974179700000036],[23.727006000000074,37.974156500000049]]]},"properties":{"fid":17,"historic":"monument","name_en":"Tower of the Winds","name":"Αέρηδες"}},{"type":"Feature","id":18,"geometry":{"type":"Polygon","coordinates":[[[23.727246300000047,37.97418840000006],[23.727132200000028,37.974229600000058],[23.727074600000037,37.974121000000025],[23.726993300000061,37.974148500000069],[23.726901600000076,37.973972300000071],[23.726915200000064,37.973975000000053],[23.727136800000039,37.97391870000007],[23.727198100000066,37.974069800000052],[23.727201400000069,37.974077400000056],[23.727243500000043,37.974181500000043],[23.727246300000047,37.97418840000006]]]},"properties":{"fid":18,"historic":"archaeological_site","name_en":"Agoranomion","name":"Αγορανομείον"}},{"type":"Feature","id":19,"geometry":{"type":"Polygon","coordinates":[[[23.726135900000031,37.971953300000052],[23.726159400000029,37.971833000000061],[23.726545600000065,37.971879800000067],[23.726522200000034,37.972000000000037],[23.726135900000031,37.971953300000052]],[[23.726511200000061,37.971888400000068],[23.726492700000051,37.971983700000067],[23.726508700000068,37.971985600000039],[23.726527300000043,37.971890400000063],[23.726511200000061,37.971888400000068]],[[23.726495400000033,37.971886500000039],[23.726376900000048,37.971872100000041],[23.726373600000045,37.971889000000033],[23.72649210000003,37.971903400000031],[23.726495400000033,37.971886500000039]],[[23.726361600000075,37.971950500000048],[23.726358300000072,37.97196740000004],[23.726476800000057,37.971981800000037],[23.72648010000006,37.971964900000046],[23.726361600000075,37.971950500000048]],[[23.726363500000048,37.97194090000005],[23.726482000000033,37.971955200000025],[23.726490200000057,37.971913000000029],[23.726371700000072,37.971898700000054],[23.726363500000048,37.97194090000005]],[[23.726349400000061,37.971929700000032],[23.726278200000024,37.971921100000031],[23.726271200000042,37.971956900000066],[23.726342400000078,37.971965500000067],[23.726349400000061,37.971929700000032]],[[23.726289800000075,37.971861600000068],[23.726280900000063,37.971907100000067],[23.726352100000042,37.971915700000068],[23.726361000000054,37.971870200000069],[23.726289800000075,37.971861600000068]],[[23.726171900000054,37.971944800000074],[23.726188800000045,37.971858500000053],[23.726204600000074,37.971860400000025],[23.726187800000048,37.971946800000069],[23.72625540000007,37.971954900000071],[23.726273900000024,37.971859700000039],[23.726172800000029,37.971847400000058],[23.726154200000053,37.971942700000056],[23.726171900000054,37.971944800000074]]]},"properties":{"fid":19,"historic":"archaeological_site","name_en":"Old Parthenon","name":"Αρχαϊκός Παρθενών"}},{"type":"Feature","id":21,"geometry":{"type":"Polygon","coordinates":[[[23.724939000000063,37.971551400000067],[23.724858500000039,37.97155680000003],[23.724842700000067,37.971557800000028],[23.724837300000047,37.971507200000076],[23.724933600000043,37.971500800000058],[23.724939000000063,37.971551400000067]],[[23.724910900000054,37.971546200000034],[23.72490700000003,37.97150970000007],[23.724864800000034,37.971512500000074],[23.724868700000059,37.971549000000039],[23.724910900000054,37.971546200000034]]]},"properties":{"fid":21,"historic":"ruins","name_en":"Athena Nike Temple","name":"Ναός Αθηνάς Νίκης"}},{"type":"Feature","id":22,"geometry":{"type":"MultiPolygon","coordinates":[[[[23.725023200000066,37.971747700000037],[23.725025800000026,37.971747200000038],[23.725028300000076,37.971747400000027],[23.725030700000048,37.971748200000036],[23.725032600000077,37.971749600000066],[23.725033900000028,37.971751400000073],[23.725034500000049,37.971753300000046],[23.725034200000039,37.971755400000063],[23.725033200000041,37.97175720000007],[23.725031500000057,37.971758700000066],[23.725029200000051,37.971759800000029],[23.725026700000058,37.971760200000062],[23.725024100000041,37.971760000000074],[23.725021800000036,37.971759200000065],[23.725019900000063,37.971757800000034],[23.725018600000055,37.97175610000005],[23.725018000000034,37.971754100000055],[23.725018300000045,37.97175210000006],[23.725019300000042,37.971750200000031],[23.725021000000027,37.971748700000035],[23.725023200000066,37.971747700000037]]],[[[23.725106200000027,37.971613000000048],[23.725110000000029,37.971599100000049],[23.725047300000028,37.971588200000042],[23.725008700000046,37.971581400000048],[23.725025900000048,37.971520400000031],[23.725136100000043,37.971539600000028],[23.725113900000053,37.97162000000003],[23.725221100000056,37.971638700000028],[23.725222600000052,37.971633300000065],[23.725322400000039,37.971650800000077],[23.725320900000042,37.971656100000075],[23.725298800000076,37.971734900000058],[23.725298100000032,37.971737500000074],[23.725305100000071,37.97173870000006],[23.725303600000075,37.971744000000058],[23.725301400000035,37.97175180000005],[23.725275600000032,37.971843400000068],[23.725224000000026,37.971834400000034],[23.725224500000024,37.971832500000062],[23.725199200000077,37.971828000000073],[23.725201300000037,37.97182070000008],[23.725143500000058,37.971810600000026],[23.725144600000078,37.971807000000069],[23.725066100000049,37.971793300000058],[23.725022800000033,37.971949700000039],[23.724936200000059,37.971934900000065],[23.724929800000041,37.971933800000045],[23.724884800000041,37.971926100000076],[23.724888000000078,37.971914500000025],[23.724890500000072,37.971905500000048],[23.724922800000058,37.971788600000025],[23.724987500000054,37.971799700000076],[23.725051500000063,37.971810900000037],[23.725055300000065,37.97179710000006],[23.725006900000039,37.971788600000025],[23.725008400000036,37.971783200000061],[23.725010500000053,37.97177570000008],[23.725139300000023,37.971798000000035],[23.72515930000003,37.971726900000078],[23.72516150000007,37.97171910000003],[23.72516360000003,37.971711300000038],[23.725166600000023,37.97170090000003],[23.725161900000046,37.971700100000078],[23.72516360000003,37.97169400000007],[23.725168300000064,37.971694900000045],[23.725169300000061,37.971691300000032],[23.725181400000054,37.971693500000072],[23.725180400000056,37.971697000000063],[23.725208800000075,37.971701900000028],[23.725224200000071,37.971647200000064],[23.725055000000054,37.971617600000059],[23.725057100000072,37.971610000000055],[23.725058600000068,37.971604700000057],[23.725106200000027,37.971613000000048]],[[23.725226900000052,37.971700100000078],[23.725286500000038,37.971710500000029],[23.725296100000037,37.97167630000007],[23.725305700000035,37.971678000000054],[23.725310200000024,37.971662200000026],[23.72524100000004,37.971650100000033],[23.725226900000052,37.971700100000078]],[[23.725222400000064,37.97171620000006],[23.725281900000027,37.971726600000068],[23.725283700000034,37.971720300000072],[23.725224200000071,37.971709900000064],[23.725222400000064,37.97171620000006]],[[23.725217800000053,37.971732300000042],[23.725277300000073,37.97174270000005],[23.725278200000048,37.971739500000069],[23.725279100000023,37.971736300000032],[23.725219600000059,37.971725900000024],[23.725218700000028,37.971729100000061],[23.725217800000053,37.971732300000042]],[[23.725213300000064,37.971748400000024],[23.72527290000005,37.971758800000032],[23.725274600000034,37.971752400000071],[23.725215100000071,37.971742000000063],[23.725213300000064,37.971748400000024]],[[23.725246100000049,37.971771000000047],[23.725268400000061,37.971774900000071],[23.725270200000068,37.971768500000053],[23.725246000000027,37.971764300000075],[23.725246100000049,37.971771000000047]],[[23.725031100000024,37.971529400000065],[23.725018700000078,37.971573700000079],[23.725112500000023,37.971590100000071],[23.72512480000006,37.971545700000036],[23.725031100000024,37.971529400000065]],[[23.725015600000063,37.97194090000005],[23.725037200000031,37.971862700000031],[23.724917700000049,37.971842200000026],[23.724896100000024,37.971920400000045],[23.725015600000063,37.97194090000005]],[[23.724929400000065,37.971799900000065],[23.724919800000066,37.971834600000079],[23.725039300000049,37.971855100000028],[23.725048900000047,37.97182040000007],[23.724929400000065,37.971799900000065]]],[[[23.725089700000069,37.971678500000053],[23.725091400000053,37.971678200000042],[23.725093100000038,37.971678300000065],[23.725094700000056,37.971678900000029],[23.725095900000042,37.971679800000061],[23.725096800000074,37.971680900000024],[23.72509720000005,37.971682200000032],[23.725097000000062,37.971683600000063],[23.725096300000075,37.971684800000048],[23.725095200000055,37.971685800000046],[23.725093700000059,37.971686500000033],[23.725092000000075,37.971686800000043],[23.725090300000033,37.971686600000055],[23.725088800000037,37.971686100000056],[23.725087500000029,37.971685200000024],[23.725086600000054,37.971684000000039],[23.725086300000044,37.971682700000031],[23.725086500000032,37.97168140000008],[23.725087100000053,37.971680100000071],[23.725088300000039,37.971679100000074],[23.725089700000069,37.971678500000053]]],[[[23.725130700000022,37.97168570000008],[23.725132400000064,37.971685400000069],[23.725134100000048,37.971685500000035],[23.725135600000044,37.971686100000056],[23.725136900000052,37.971686900000066],[23.725137800000027,37.971688100000051],[23.725138100000038,37.971689400000059],[23.725138000000072,37.971690800000033],[23.725137300000029,37.971692000000075],[23.725136100000043,37.971693000000073],[23.725134700000069,37.97169370000006],[23.725133000000028,37.971693900000048],[23.725131300000044,37.971693800000025],[23.725129800000047,37.971693300000027],[23.725128500000039,37.971692400000052],[23.725127600000064,37.971691200000066],[23.725127300000054,37.971689900000058],[23.725127400000076,37.97168860000005],[23.725128100000063,37.971687300000042],[23.725129200000026,37.971686300000044],[23.725130700000022,37.97168570000008]]],[[[23.725117300000022,37.971732300000042],[23.725119000000063,37.971732000000031],[23.725120700000048,37.971732100000054],[23.725122200000044,37.971732700000075],[23.725123500000052,37.971733500000028],[23.725124300000061,37.97173470000007],[23.725124700000038,37.971736000000078],[23.725124500000049,37.971737400000052],[23.725123800000063,37.971738600000037],[23.725122700000043,37.971739600000035],[23.725121200000046,37.971740300000079],[23.725119600000028,37.971740500000067],[23.725117900000043,37.971740400000044],[23.725116300000025,37.971739900000046],[23.725115000000073,37.971739000000071],[23.725114200000064,37.971737800000028],[23.725113800000031,37.971736500000077],[23.725114000000076,37.971735200000069],[23.725114700000063,37.971733900000061],[23.725115800000026,37.971732900000063],[23.725117300000022,37.971732300000042]]],[[[23.725076300000069,37.971725100000072],[23.725078000000053,37.971724800000061],[23.725079700000038,37.971724900000027],[23.725081200000034,37.971725500000048],[23.725082500000042,37.97172640000008],[23.725083400000074,37.971727500000043],[23.725083700000027,37.971728800000051],[23.725083600000062,37.971730200000025],[23.725082900000075,37.971731400000067],[23.725081700000032,37.971732400000064],[23.725080300000059,37.971733100000051],[23.725078600000074,37.971733400000062],[23.725076900000033,37.971733200000074],[23.725075300000071,37.971732700000075],[23.725074100000029,37.971731800000043],[23.725073200000054,37.971730600000058],[23.725072800000078,37.97172930000005],[23.725073000000066,37.971728000000041],[23.725073700000053,37.971726700000033],[23.725074800000073,37.971725700000036],[23.725076300000069,37.971725100000072]]],[[[23.725031500000057,37.971717600000034],[23.725034000000051,37.971717200000057],[23.725036600000067,37.971717400000045],[23.725038900000072,37.971718200000055],[23.725040800000045,37.971719600000029],[23.725042100000053,37.97172130000007],[23.725042700000074,37.971723300000065],[23.725042400000063,37.97172530000006],[23.725041400000066,37.971727200000032],[23.725039700000025,37.971728700000028],[23.725037400000076,37.971729700000026],[23.725034900000026,37.971730200000025],[23.725032400000032,37.971730000000036],[23.725030000000061,37.971729100000061],[23.725028100000031,37.971727800000053],[23.725026800000023,37.971726000000046],[23.725026200000059,37.971724000000052],[23.72502650000007,37.971722000000057],[23.725027500000067,37.97172020000005],[23.725029200000051,37.971718600000031],[23.725031500000057,37.971717600000034]]],[[[23.725045800000032,37.971666500000026],[23.725048300000026,37.97166610000005],[23.725050900000042,37.971666300000038],[23.725053200000048,37.971667100000047],[23.725055200000043,37.971668400000055],[23.725056500000051,37.971670200000062],[23.725057000000049,37.971672200000057],[23.725056800000061,37.971674200000052],[23.725055700000041,37.971676100000025],[23.725054000000057,37.971677600000078],[23.725051800000074,37.971678600000075],[23.725049300000023,37.971679000000051],[23.725046700000064,37.971678800000063],[23.725044300000036,37.971678000000054],[23.725042400000063,37.971676700000046],[23.725041100000055,37.971674900000039],[23.725040600000057,37.971672900000044],[23.725040800000045,37.971670900000049],[23.725041800000042,37.971669000000077],[23.725043600000049,37.971667500000081],[23.725045800000032,37.971666500000026]]],[[[23.725054300000068,37.971636700000033],[23.725056800000061,37.971636200000034],[23.725059400000077,37.971636400000079],[23.725061700000026,37.971637200000032],[23.725063700000078,37.971638600000063],[23.725065000000029,37.971640400000069],[23.725065500000028,37.971642300000042],[23.72506530000004,37.971644400000059],[23.725064200000077,37.971646200000066],[23.725062500000035,37.971647700000062],[23.725060300000052,37.971648800000025],[23.725057800000059,37.971649200000058],[23.725055200000043,37.97164900000007],[23.725052800000071,37.971648200000061],[23.725050900000042,37.97164680000003],[23.725049600000034,37.971645100000046],[23.725049100000035,37.971643100000051],[23.725049300000023,37.971641100000056],[23.725050400000043,37.971639200000027],[23.725052100000028,37.971637700000031],[23.725054300000068,37.971636700000033]]]]},"properties":{"fid":22,"historic":"ruins","name_en":"Propylaea","name":"Προπύλαια"}},{"type":"Feature","id":23,"geometry":{"type":"Polygon","coordinates":[[[23.721389500000043,37.976423600000032],[23.721557200000063,37.976350800000034],[23.721857200000045,37.976218000000074],[23.721922200000051,37.976191500000027],[23.721914900000058,37.976163400000075],[23.721906300000057,37.976130000000069],[23.721896900000047,37.976093300000059],[23.721423700000059,37.976281100000051],[23.721323100000063,37.976322500000038],[23.721286900000052,37.976231400000074],[23.721044000000063,37.976177200000052],[23.720461000000057,37.974761700000045],[23.720606300000043,37.974657300000047],[23.720445400000074,37.973997700000041],[23.72037830000005,37.973823400000072],[23.72034130000003,37.973654000000067],[23.720550800000069,37.973184200000048],[23.720525500000065,37.97317860000004],[23.720660700000053,37.972829600000068],[23.720803900000078,37.972986700000035],[23.720974100000035,37.973199800000032],[23.72113980000006,37.973407300000076],[23.721242200000063,37.973533000000032],[23.721331600000042,37.973585400000047],[23.721394900000064,37.973614300000065],[23.721564600000079,37.973643300000049],[23.721773600000063,37.973693800000035],[23.721956100000057,37.973732900000073],[23.722062900000026,37.973741700000062],[23.72222030000006,37.97375500000004],[23.722293400000069,37.973765300000025],[23.722428900000068,37.973821500000042],[23.722569900000053,37.97388060000003],[23.722795700000063,37.973951200000045],[23.722842800000024,37.973961400000064],[23.723133100000041,37.973960600000055],[23.723415400000079,37.973962700000072],[23.723509400000069,37.973960000000034],[23.723853100000042,37.973887700000034],[23.724103800000023,37.973835000000065],[23.724149400000044,37.973843000000045],[23.724334600000077,37.973866000000044],[23.724405500000046,37.973921800000028],[23.724473300000056,37.973983600000054],[23.724494500000048,37.974008900000058],[23.724498700000026,37.974041400000033],[23.724428900000078,37.974158000000045],[23.724472200000037,37.974173500000063],[23.724603500000057,37.974197200000049],[23.724621600000035,37.974200800000062],[23.724776800000029,37.97423150000003],[23.724940300000071,37.97423370000007],[23.725011000000052,37.974233800000036],[23.725016100000062,37.974371700000063],[23.725137700000062,37.974357300000065],[23.725163500000065,37.974417000000074],[23.725176800000042,37.974413000000027],[23.725184800000022,37.974429000000043],[23.725223700000072,37.974437700000067],[23.725266500000032,37.974554300000079],[23.724865100000045,37.974593600000048],[23.724446700000044,37.974628800000062],[23.724448500000051,37.974651000000051],[23.724448900000027,37.974655900000073],[23.724465800000075,37.974866700000064],[23.72448090000006,37.974995400000068],[23.724497600000063,37.975135300000034],[23.724541800000054,37.975372200000038],[23.724551400000053,37.975417400000026],[23.724572000000023,37.975514500000031],[23.724579000000062,37.975536500000032],[23.724581900000032,37.975545700000055],[23.72460970000003,37.975630400000057],[23.724514200000044,37.975650500000029],[23.724498600000061,37.975709000000052],[23.724486900000045,37.975707900000032],[23.72444420000005,37.975703900000042],[23.724269900000024,37.975693100000058],[23.724053500000025,37.975688200000036],[23.723965300000032,37.975690900000075],[23.723869900000068,37.975695300000041],[23.723782800000038,37.975701500000071],[23.723690800000043,37.975710400000025],[23.723527600000068,37.975731900000028],[23.723311000000024,37.975766900000053],[23.723316300000079,37.975788500000078],[23.723320800000067,37.975807700000075],[23.723328000000038,37.975833400000056],[23.723626000000024,37.975787700000069],[23.723814000000061,37.975762900000063],[23.723929000000055,37.975755500000048],[23.724027100000058,37.975753900000029],[23.724194900000043,37.975757900000076],[23.724355100000025,37.975770800000078],[23.724477700000023,37.975782700000025],[23.72446640000004,37.975821000000053],[23.724233200000072,37.975861300000076],[23.724061900000038,37.975890900000024],[23.72384100000005,37.975925400000051],[23.723537300000032,37.975941500000033],[23.723429900000042,37.975947100000042],[23.723286500000029,37.97595460000008],[23.723284800000044,37.975905100000034],[23.723244100000045,37.975912700000038],[23.723229900000035,37.975867300000061],[23.723149100000057,37.975878700000067],[23.723181600000032,37.975983000000042],[23.722591700000066,37.976158000000055],[23.722262600000079,37.976253500000041],[23.722216900000035,37.976266600000031],[23.722092200000077,37.976302700000076],[23.721943200000055,37.976345900000069],[23.721799400000066,37.976428200000043],[23.721664700000076,37.97650550000003],[23.72150490000007,37.976599000000078],[23.721389500000043,37.976423600000032]],[[23.722041300000058,37.976143000000036],[23.722230500000023,37.97606600000006],[23.722473000000036,37.975992900000051],[23.722987700000033,37.975889800000061],[23.723109200000067,37.975872500000037],[23.723101500000041,37.975842700000044],[23.723097400000029,37.975820200000044],[23.723091000000068,37.975795600000026],[23.723056100000065,37.975800200000037],[23.722864700000059,37.975825000000043],[23.722695400000077,37.975855800000033],[23.722511500000053,37.975898400000062],[23.722348100000033,37.97594550000008],[23.722116400000061,37.976015200000063],[23.722016200000041,37.976050400000076],[23.722025100000053,37.97608340000005],[23.722033500000066,37.976114400000029],[23.722041300000058,37.976143000000036]]]},"properties":{"fid":23,"historic":"archaeological_site","name_en":"Ancient Agora of Athens","name":"Αρχαία Αγορά"}},{"type":"Feature","id":24,"geometry":{"type":"Polygon","coordinates":[[[23.724087700000041,37.970761200000027],[23.724081000000069,37.97071770000008],[23.724099600000045,37.970715900000073],[23.72409220000003,37.970668400000079],[23.724086400000033,37.970630700000072],[23.724278200000072,37.970612300000028],[23.724773700000071,37.970564800000034],[23.724964700000044,37.970546500000069],[23.724971000000039,37.970587100000046],[23.724977900000056,37.970631700000069],[23.724996500000032,37.970629900000063],[23.72500320000006,37.970673500000032],[23.72500720000005,37.970704600000033],[23.725007700000049,37.970735900000079],[23.725004800000079,37.970767100000046],[23.724998500000027,37.970798000000059],[23.724988900000028,37.970828300000051],[23.724976000000026,37.970857900000055],[23.724960000000067,37.970886500000063],[23.72494080000007,37.970913900000028],[23.724918800000069,37.970940000000041],[23.724894000000063,37.970964400000071],[23.724866600000041,37.970987000000036],[23.724836900000071,37.97100770000003],[23.72480500000006,37.971026400000028],[23.724771200000077,37.971042700000055],[23.724735700000053,37.971056800000042],[23.724698800000056,37.971068400000036],[23.724660800000038,37.97107740000007],[23.724622000000068,37.971083800000031],[23.724582600000076,37.971087600000033],[23.724542900000074,37.971088700000053],[23.724503300000038,37.971087100000034],[23.724464000000069,37.971082800000033],[23.724425300000064,37.971075900000073],[23.724387500000034,37.971066400000041],[23.724350800000025,37.971054300000048],[23.724315700000034,37.971039800000028],[23.724282200000061,37.971023000000059],[23.724250700000027,37.97100400000005],[23.724221400000033,37.970982900000024],[23.724194500000067,37.970959900000025],[23.72417020000006,37.970935200000042],[23.724148700000057,37.97090890000004],[23.724130100000025,37.970881200000065],[23.724114600000064,37.970852400000069],[23.724102300000027,37.970822700000042],[23.72409330000005,37.970792200000062],[23.724087700000041,37.970761200000027]],[[23.724660500000027,37.970715600000062],[23.724757600000032,37.970706300000074],[23.724755400000049,37.970691900000077],[23.724742000000049,37.970605300000045],[23.724320500000033,37.970645700000034],[23.724334600000077,37.970732200000043],[23.724336900000026,37.970746600000041],[23.724433300000044,37.970737400000075],[23.724434100000053,37.970741800000042],[23.724436300000036,37.97074930000008],[23.724439300000029,37.970756700000038],[23.724443200000053,37.970763900000065],[23.724447800000064,37.970770800000025],[23.724453100000062,37.970777300000066],[23.724459200000069,37.970783400000073],[23.724465900000041,37.970789100000047],[23.724473100000068,37.970794400000045],[23.724481000000026,37.970799100000079],[23.724489300000073,37.970803300000057],[23.72449800000004,37.970806900000071],[23.724507100000039,37.970809900000063],[23.72451650000005,37.970812200000069],[23.724526100000048,37.970814000000075],[23.724535900000035,37.970815000000073],[23.724545700000078,37.970815400000049],[23.724555600000031,37.970815200000061],[23.724565400000074,37.970814200000063],[23.724575000000073,37.970812600000045],[23.724584500000049,37.970810400000062],[23.724593600000048,37.970807500000035],[23.724602400000038,37.970804000000044],[23.72461080000005,37.970799900000031],[23.724618700000065,37.970795300000077],[23.724626100000023,37.970790200000067],[23.724632900000074,37.970784500000036],[23.724639100000047,37.970778500000051],[23.724644600000033,37.970772000000068],[23.724649300000067,37.970765200000073],[23.724653300000057,37.970758100000069],[23.724656500000037,37.970750800000076],[23.724658900000065,37.970743200000072],[23.724660500000027,37.970735500000046],[23.724661200000071,37.970727800000077],[23.724661100000048,37.970720000000028],[23.724660500000027,37.970715600000062]]]},"properties":{"fid":24,"historic":"odeon","name_en":"Odeon of Herodes Atticus","name":"Ωδείο Ηρώδου Αττικού"}},{"type":"Feature","id":26,"geometry":{"type":"MultiPolygon","coordinates":[[[[23.644556000000023,37.937082200000077],[23.644574600000055,37.937058800000045],[23.644552900000065,37.937048100000027],[23.644610300000068,37.936976000000072],[23.644962600000042,37.93715050000003],[23.644905200000039,37.937222500000075],[23.644879300000071,37.937209700000039],[23.644860700000038,37.937233100000071],[23.644803100000047,37.93720460000003],[23.644821700000023,37.937181200000055],[23.644635000000051,37.937088700000061],[23.644616400000075,37.937112100000036],[23.644556000000023,37.937082200000077]]],[[[23.644290300000023,37.937169700000027],[23.644295500000055,37.937153100000046],[23.644302100000061,37.937139100000024],[23.644328100000052,37.937125200000025],[23.64431570000005,37.937110700000062],[23.644366600000069,37.937037300000043],[23.644446100000039,37.937075500000049],[23.644605100000035,37.937152000000026],[23.644579500000077,37.937170200000025],[23.644563000000062,37.937194000000034],[23.644557400000053,37.937220800000034],[23.644563300000073,37.937247500000069],[23.644580200000064,37.937271200000055],[23.644606000000067,37.937289200000066],[23.644637900000077,37.937299400000029],[23.644672300000025,37.937300600000071],[23.644705300000055,37.937292900000045],[23.644733200000076,37.937276900000029],[23.644752800000049,37.937254600000074],[23.644761900000049,37.937228400000038],[23.644924500000059,37.937308700000074],[23.644979000000035,37.937336400000049],[23.644653300000073,37.93751130000004],[23.644612300000063,37.937512200000072],[23.644579700000065,37.937508500000035],[23.644519000000059,37.937493700000061],[23.644499000000053,37.937485700000025],[23.644456000000048,37.937435600000072],[23.644443200000069,37.937442400000066],[23.644412000000045,37.937406100000032],[23.644427700000051,37.937398200000075],[23.644423800000027,37.93739370000003],[23.644447300000024,37.937381200000061],[23.644400800000028,37.937327000000039],[23.644376900000054,37.937339700000052],[23.644374700000071,37.937337200000059],[23.644352500000025,37.93734870000003],[23.644289400000048,37.937275200000045],[23.644286100000045,37.937259900000072],[23.644285900000057,37.937221900000054],[23.644290300000023,37.937169700000027]]]]},"properties":{"fid":26,"historic":"archaeological_site","name_en":"Hellenistic Theater of Zeas","name":"Ελληνιστικό Θέατρο Ζέας"}},{"type":"Feature","id":27,"geometry":{"type":"MultiPolygon","coordinates":[[[[23.649910000000034,37.946812000000079],[23.650063600000067,37.947091700000044],[23.649995200000035,37.947115000000053],[23.649896000000069,37.947148800000036],[23.649772200000029,37.947208600000067],[23.649606500000061,37.947288700000058],[23.64942990000003,37.947081600000047],[23.649910000000034,37.946812000000079]]],[[[23.649389800000051,37.947924600000078],[23.649082800000031,37.947844000000032],[23.649694900000043,37.947522900000024],[23.649836200000038,37.947690400000056],[23.649389800000051,37.947924600000078]]],[[[23.649899900000037,37.947613700000034],[23.650342800000033,37.947605400000043],[23.650380700000028,37.947658700000034],[23.649939300000028,37.947666900000058],[23.649899900000037,37.947613700000034]]],[[[23.650591100000042,37.947672200000056],[23.650305500000059,37.947189500000036],[23.650963800000056,37.946843100000081],[23.651717500000075,37.947758500000077],[23.651646700000072,37.947792800000059],[23.651317300000073,37.947952100000066],[23.651048100000025,37.947620900000061],[23.650591100000042,37.947672200000056]]]]},"properties":{"fid":27,"historic":"archaeological_site","name_en":null,"name":"Αρχαιολογικός Χώρος Αστικών Πυλών Πειραιά"}},{"type":"Feature","id":28,"geometry":{"type":"Polygon","coordinates":[[[23.739710200000047,37.968943700000068],[23.739749300000028,37.968889800000056],[23.740323400000023,37.968125500000042],[23.740909300000055,37.967400000000055],[23.740935500000035,37.967371000000071],[23.740964700000063,37.967342500000029],[23.740996600000074,37.967315500000041],[23.741030500000022,37.967290100000071],[23.741066300000057,37.967266700000039],[23.741104000000064,37.967245200000036],[23.741143000000022,37.967225800000051],[23.741185200000075,37.96720780000004],[23.741226700000027,37.967192700000055],[23.74127100000004,37.967179400000077],[23.741315100000065,37.967168700000059],[23.741360500000042,37.967160100000058],[23.74140600000004,37.967153900000028],[23.741453300000046,37.967150000000061],[23.741499700000077,37.967148700000052],[23.741547300000036,37.967149800000072],[23.741592900000057,37.967153100000075],[23.741639400000054,37.967159000000038],[23.74168480000003,37.967167200000063],[23.741729500000076,37.967177700000036],[23.741772900000058,37.96719040000005],[23.74181580000004,37.967205500000034],[23.741856900000073,37.967222600000071],[23.741897200000039,37.967242200000044],[23.74193420000006,37.967262800000071],[23.741971100000058,37.967286400000035],[23.74200570000005,37.967311700000039],[23.74203730000005,37.967338100000063],[23.742066900000054,37.967366200000072],[23.742094800000075,37.967396600000029],[23.742119800000069,37.967428100000063],[23.742141600000025,37.967459900000051],[23.742161300000078,37.967493800000057],[23.742178000000024,37.967528400000049],[23.742191600000069,37.967563200000029],[23.742202400000053,37.96759940000004],[23.742210200000045,37.967635400000063],[23.742214900000079,37.967673200000036],[23.742216600000063,37.967710300000078],[23.742215300000055,37.96774570000008],[23.742210700000044,37.967783200000042],[23.742202900000052,37.967820500000073],[23.742192800000055,37.967855200000031],[23.742179600000043,37.967889700000057],[23.742162800000074,37.967925200000025],[23.742144000000053,37.967958100000033],[23.742118800000071,37.96799500000003],[23.741575100000034,37.968745800000079],[23.740966300000025,37.969470300000069],[23.740920500000072,37.969527600000049],[23.74035310000005,37.96925200000004],[23.740089000000069,37.969124500000078],[23.740056400000071,37.96910900000006],[23.739710200000047,37.968943700000068]]]},"properties":{"fid":28,"historic":"archaeological_site","name_en":"Panathenaic Stadium","name":"Παναθηναϊκό Στάδιο"}},{"type":"Feature","id":29,"geometry":{"type":"Polygon","coordinates":[[[23.731035900000052,37.981077800000037],[23.73113230000007,37.981127800000024],[23.73120670000003,37.981166400000063],[23.73177830000003,37.981468200000052],[23.731612200000029,37.981662200000073],[23.731479200000024,37.981821400000058],[23.731384400000024,37.981938500000069],[23.731220800000074,37.982134600000052],[23.73105460000005,37.982047800000032],[23.730784200000073,37.981906500000036],[23.730388300000072,37.981703000000039],[23.730371700000035,37.981685200000072],[23.730374600000061,37.981660400000067],[23.73051780000003,37.981488700000057],[23.730891800000052,37.981040600000028],[23.73091960000005,37.981026200000031],[23.730949400000043,37.981033000000025],[23.731035900000052,37.981077800000037]]]},"properties":{"fid":29,"historic":"school","name_en":null,"name":"Αρσάκειο Μέγαρο"}},{"type":"Feature","id":30,"geometry":{"type":"Polygon","coordinates":[[[23.440536800000075,37.87828490000004],[23.440496200000041,37.878320400000064],[23.440425100000027,37.878319000000033],[23.440343200000029,37.878267900000026],[23.440302400000064,37.87816980000008],[23.440313900000035,37.878088600000069],[23.440344000000039,37.87801120000006],[23.440384300000062,37.877988600000037],[23.440579600000035,37.877996400000029],[23.440673400000037,37.878105000000062],[23.440660900000069,37.878178300000059],[23.440614500000038,37.878252800000041],[23.440536800000075,37.87828490000004]],[[23.440530200000069,37.878110800000059],[23.440518800000063,37.878099500000076],[23.440503600000056,37.878091600000062],[23.440485900000056,37.87808780000006],[23.440467600000034,37.878088700000035],[23.440450700000042,37.878094000000033],[23.440435800000046,37.878104000000064],[23.440426100000025,37.878117400000065],[23.440422600000034,37.878132500000049],[23.440425700000048,37.878147700000056],[23.440435000000036,37.878161200000079],[23.440449600000022,37.878171500000064],[23.440467700000056,37.878177300000061],[23.440487100000041,37.878178000000048],[23.440505800000039,37.878173600000025],[23.440521500000045,37.87816440000006],[23.440531900000053,37.878152600000078],[23.440537100000029,37.878138700000079],[23.440536500000064,37.878124300000025],[23.440530200000069,37.878110800000059]]]},"properties":{"fid":30,"historic":"archaeological_site","name_en":null,"name":"Κυκλικό ταφικό μνημείο"}},{"type":"Feature","id":32,"geometry":{"type":"Polygon","coordinates":[[[24.112431400000048,37.68425760000008],[24.11256080000004,37.684245900000064],[24.112569500000063,37.684294200000068],[24.112650000000031,37.684287300000051],[24.11267950000007,37.684296900000049],[24.112698300000034,37.684334000000035],[24.11270630000007,37.684341400000051],[24.112715700000024,37.684355800000048],[24.112714400000073,37.684370100000081],[24.112709000000052,37.684385000000077],[24.112709000000052,37.68440940000005],[24.11269690000006,37.684444400000075],[24.112666100000069,37.684456100000034],[24.112584300000037,37.684467700000027],[24.112599000000046,37.684516600000052],[24.112509900000077,37.684538500000031],[24.112499800000023,37.684504900000036],[24.11256220000007,37.684495900000059],[24.112548100000026,37.684442300000057],[24.112643300000059,37.684428500000024],[24.112621200000035,37.684321300000079],[24.112505800000065,37.684332400000073],[24.112498500000072,37.684294700000066],[24.11243950000005,37.684303200000045],[24.112431400000048,37.68425760000008]]]},"properties":{"fid":32,"historic":"church","name_en":null,"name":"Αγ. Αντώνιος"}},{"type":"Feature","id":33,"geometry":{"type":"Polygon","coordinates":[[[23.728362300000072,37.970362300000033],[23.728310300000032,37.970438200000046],[23.728215400000067,37.970544300000029],[23.728148100000055,37.970638400000041],[23.728294000000062,37.970714300000054],[23.728164600000071,37.970898000000034],[23.728082800000038,37.971000500000059],[23.727967400000068,37.971059600000046],[23.727856200000076,37.971080000000029],[23.727724100000046,37.971081200000071],[23.727522600000043,37.971053300000051],[23.727449300000046,37.971032500000035],[23.727338900000063,37.971001200000046],[23.72720350000003,37.970936400000028],[23.727129300000058,37.970860200000061],[23.727092300000038,37.970782600000064],[23.727068100000054,37.970627600000057],[23.727079400000036,37.970519600000046],[23.727180900000064,37.970382400000062],[23.727329200000042,37.97025160000004],[23.727392100000031,37.970144800000071],[23.72758390000007,37.970208400000047],[23.727599600000076,37.970170500000052],[23.727631100000053,37.970093900000052],[23.728134000000068,37.970229400000051],[23.72810510000005,37.970305800000062],[23.728102600000057,37.970315700000072],[23.728097700000035,37.970327500000053],[23.728089600000033,37.970346800000073],[23.728193800000042,37.970352700000035],[23.728362300000072,37.970362300000033]]]},"properties":{"fid":33,"historic":"ruins","name_en":"Theatre of Dionysus","name":"Θέατρο του Διονύσου"}},{"type":"Feature","id":34,"geometry":{"type":"Polygon","coordinates":[[[23.721245000000067,37.975697800000034],[23.721213100000057,37.975564400000053],[23.721578400000055,37.975510200000031],[23.721610300000066,37.975643600000069],[23.721245000000067,37.975697800000034]]]},"properties":{"fid":34,"historic":"ruins","name_en":"Temple of Hephaestus","name":"Ναός Ηφαίστου"}},{"type":"Feature","id":36,"geometry":{"type":"Polygon","coordinates":[[[23.993283800000029,37.925910700000031],[23.993855900000028,37.925825700000075],[23.99394060000003,37.925823200000025],[23.994005400000049,37.925821400000075],[23.994145700000047,37.926394000000073],[23.993425500000058,37.926499500000034],[23.993283800000029,37.925910700000031]]]},"properties":{"fid":36,"historic":"monument","name_en":"Brauron, temple of Artemis","name":"Ναός Αρτέμιδος"}},{"type":"Feature","id":37,"geometry":{"type":"Polygon","coordinates":[[[23.992488700000024,37.926177500000051],[23.992801300000053,37.926136100000065],[23.99294290000006,37.926064800000063],[23.993300100000056,37.925589800000068],[23.993320500000038,37.925243700000067],[23.993534800000077,37.92457550000006],[23.993871600000034,37.923887100000059],[23.994004300000029,37.92360130000003],[23.994075700000053,37.92320280000007],[23.994218600000067,37.922872700000028],[23.994231300000024,37.922845300000063],[23.994473700000071,37.922409800000025],[23.994611500000076,37.922168300000067],[23.994713600000068,37.922144100000025],[23.994851400000073,37.922156200000074],[23.995234100000062,37.922305100000074],[23.995601500000078,37.922381600000051],[23.996780300000069,37.922417800000062],[23.996902800000043,37.922462100000075],[23.997050800000068,37.922780100000068],[23.997418200000027,37.923444300000028],[23.997605600000043,37.923792100000071],[23.99761970000003,37.923839500000042],[23.997617800000057,37.923897700000055],[23.997603200000071,37.923980200000074],[23.997452800000076,37.924212000000068],[23.997410500000058,37.924277200000063],[23.997127800000044,37.924728100000038],[23.996979900000042,37.924801900000034],[23.996806800000059,37.924852800000053],[23.996741000000043,37.924809100000061],[23.996638000000075,37.924849700000038],[23.996466300000066,37.924917400000027],[23.996097200000065,37.924917400000027],[23.995616600000062,37.924815900000056],[23.995093000000054,37.924754900000039],[23.994835500000079,37.924856500000033],[23.994466500000044,37.92505280000006],[23.994286200000033,37.925228900000036],[23.99424410000006,37.925388600000076],[23.99431560000005,37.925557600000047],[23.994443100000069,37.925815300000068],[23.994953400000043,37.926543800000047],[23.994989100000055,37.926652500000046],[23.994754400000033,37.926656500000036],[23.994126700000038,37.926648500000056],[23.993458300000043,37.926519700000028],[23.993080600000042,37.926398900000038],[23.992488700000024,37.926177500000051]]]},"properties":{"fid":37,"historic":"archaeological_site","name_en":"Ancient Brauron","name":"Αρχαία Βραυρώνα"}},{"type":"Feature","id":38,"geometry":{"type":"Polygon","coordinates":[[[23.728381600000034,37.981802500000072],[23.728387100000077,37.98177910000004],[23.728485300000045,37.981692300000077],[23.72855450000003,37.981648000000064],[23.728729700000031,37.981590700000027],[23.728821400000072,37.981994500000042],[23.728647800000033,37.982022700000073],[23.72845970000003,37.982050100000038],[23.728401800000029,37.981894300000079],[23.728381600000034,37.981802500000072]]]},"properties":{"fid":38,"historic":"archaeological_site","name_en":"Acharnian road and tombs","name":"Αχαρνική οδός και τάφοι"}},{"type":"Feature","id":39,"geometry":{"type":"Polygon","coordinates":[[[24.024431700000036,37.650315900000066],[24.024387300000058,37.650182700000073],[24.024748100000068,37.650107500000047],[24.024792400000024,37.650240600000075],[24.024431700000036,37.650315900000066]]]},"properties":{"fid":39,"historic":"ruins","name_en":"Temple of Poseidon","name":"Temple of Poseidon"}},{"type":"Feature","id":40,"geometry":{"type":"Polygon","coordinates":[[[23.538676000000066,38.039369000000079],[23.539727200000073,38.040836200000058],[23.54000510000003,38.041442600000039],[23.540059300000053,38.041572500000029],[23.540306200000032,38.042300800000078],[23.540310900000065,38.042317800000035],[23.540032200000041,38.042381300000045],[23.539603400000033,38.042327300000068],[23.539389800000038,38.042230500000073],[23.539150200000051,38.042392200000052],[23.538655500000061,38.042413200000055],[23.538127600000053,38.042435200000057],[23.537765900000068,38.042463000000055],[23.537009600000033,38.042717500000037],[23.536862000000042,38.042494600000055],[23.536686100000054,38.042215100000078],[23.536420400000054,38.042174100000068],[23.536121300000048,38.042240700000036],[23.535790700000064,38.04227190000006],[23.535526800000071,38.042357800000048],[23.53535990000006,38.04234660000003],[23.535235200000045,38.042430000000024],[23.534703400000069,38.042502200000058],[23.534866900000054,38.04213720000007],[23.534990300000061,38.041864600000054],[23.535111000000029,38.041699700000038],[23.535451100000046,38.041247400000032],[23.535290400000065,38.04110970000005],[23.536009000000035,38.040715700000078],[23.535987500000033,38.040679800000078],[23.536314800000071,38.040529400000025],[23.53645030000007,38.040467100000058],[23.537154400000077,38.040140300000076],[23.537104100000079,38.040026600000033],[23.537119800000028,38.04002040000006],[23.537885800000026,38.039718300000061],[23.538289700000064,38.039539800000057],[23.538676000000066,38.039369000000079]]]},"properties":{"fid":40,"historic":"archaeological_site","name_en":null,"name":"Αρχαιολογικός χώρος Ελευσίνος"}},{"type":"Feature","id":41,"geometry":{"type":"Polygon","coordinates":[[[23.732467700000029,37.969564300000059],[23.732461700000044,37.969179300000064],[23.733218700000066,37.96917540000004],[23.733722000000057,37.969172800000024],[23.733723300000065,37.969283300000029],[23.733723700000041,37.969311800000071],[23.733726700000034,37.969562300000064],[23.732467700000029,37.969564300000059]]]},"properties":{"fid":41,"historic":"ruins","name_en":"Temple of Olympian Zeus","name":"Ναός του Ολυμπίου Διός"}},{"type":"Feature","id":42,"geometry":{"type":"Polygon","coordinates":[[[23.731903200000033,37.969993500000044],[23.731878900000027,37.968798900000024],[23.734329400000036,37.968767200000059],[23.73435470000004,37.97000920000005],[23.734353500000054,37.970036800000059],[23.734136300000046,37.970117000000073],[23.733441900000059,37.970378400000072],[23.732959100000073,37.970409400000051],[23.732502600000032,37.970342600000038],[23.732284100000072,37.97008610000006],[23.732222200000024,37.970002900000054],[23.731903200000033,37.969993500000044]]]},"properties":{"fid":42,"historic":"archaeological_site","name_en":"Olympieio","name":"Ολυμπιείο"}},{"type":"Feature","id":43,"geometry":{"type":"Polygon","coordinates":[[[23.735259400000075,37.977895600000068],[23.735418400000071,37.977708700000051],[23.735522100000026,37.977763500000037],[23.735596000000044,37.977802600000075],[23.735652100000038,37.97783220000008],[23.735493000000076,37.97801910000004],[23.735259400000075,37.977895600000068]]]},"properties":{"fid":43,"historic":"archaeological_site","name_en":null,"name":"Ιλίου Μέλαθρον"}},{"type":"Feature","id":44,"geometry":{"type":"Polygon","coordinates":[[[23.742994700000054,37.974500100000057],[23.742833900000051,37.973483500000043],[23.743781200000058,37.97370010000003],[23.743874800000071,37.974043000000052],[23.743966100000023,37.974075600000049],[23.743890500000077,37.974531900000045],[23.743765600000074,37.974571100000048],[23.743402300000071,37.97447690000007],[23.742994700000054,37.974500100000057]]]},"properties":{"fid":44,"historic":"archaeological_site","name_en":"Aristotle's Lyceum","name":"Λύκειο Αριστοτέλη"}},{"type":"Feature","id":45,"geometry":{"type":"Polygon","coordinates":[[[23.727297400000054,37.97470700000008],[23.727209800000026,37.974745600000062],[23.727153100000066,37.97452190000007],[23.727153000000044,37.974509900000044],[23.727154400000074,37.974497000000042],[23.727418500000056,37.974410300000045],[23.727518400000065,37.97458510000007],[23.727569800000026,37.97467510000007],[23.727323100000035,37.974745100000064],[23.727297400000054,37.97470700000008]]]},"properties":{"fid":45,"historic":"ruins","name_en":null,"name":"Μεντρεσές Αθηνών"}},{"type":"Feature","id":46,"geometry":{"type":"Polygon","coordinates":[[[23.722614600000043,37.976807300000075],[23.722362700000076,37.976498700000036],[23.722410800000034,37.976477400000078],[23.722331500000053,37.976325800000041],[23.722876100000065,37.976158200000043],[23.722932400000047,37.97627250000005],[23.723002800000074,37.976228400000025],[23.723071700000048,37.976316200000042],[23.72312960000005,37.976396000000079],[23.723198000000025,37.976491500000066],[23.722943800000053,37.97663620000003],[23.722614600000043,37.976807300000075]]]},"properties":{"fid":46,"historic":"archaeological_site","name_en":null,"name":null}},{"type":"Feature","id":48,"geometry":{"type":"Polygon","coordinates":[[[24.02438920000003,37.65069040000003],[24.024307700000065,37.65043460000004],[24.024169400000062,37.650464500000055],[24.024127900000053,37.65036740000005],[24.024082100000044,37.650264100000072],[24.024259700000073,37.650190200000054],[24.024306200000069,37.650043900000071],[24.024486700000068,37.649915900000053],[24.024667200000067,37.649861800000053],[24.024884100000065,37.649937800000032],[24.025168000000065,37.65053370000004],[24.024908500000038,37.650585900000067],[24.02438920000003,37.65069040000003]]]},"properties":{"fid":48,"historic":"archaeological_site","name_en":"Temple of Poseidon","name":"Ναός Ποσειδώνα"}},{"type":"Feature","id":51,"geometry":{"type":"Polygon","coordinates":[[[23.862801000000047,37.986842400000057],[23.863369200000022,37.986638000000028],[23.863533400000051,37.986921600000073],[23.862965200000076,37.987126100000069],[23.862801000000047,37.986842400000057]]]},"properties":{"fid":51,"historic":"building","name_en":null,"name":"Βίλα Μάτσα"}},{"type":"Feature","id":52,"geometry":{"type":"Polygon","coordinates":[[[23.855053500000054,37.991080300000078],[23.854989100000068,37.990919700000063],[23.855461200000036,37.990750600000069],[23.855557800000042,37.990936600000055],[23.855053500000054,37.991080300000078]]]},"properties":{"fid":52,"historic":"archaeological_site","name_en":null,"name":"CHURCH - AG. NIKOLAOS"}},{"type":"Feature","id":54,"geometry":{"type":"Polygon","coordinates":[[[23.862638100000026,37.986650800000064],[23.862496900000053,37.986719300000061],[23.862581200000022,37.98682720000005],[23.862502900000038,37.986865200000068],[23.862353000000041,37.986673400000029],[23.862572500000056,37.986566800000048],[23.862638100000026,37.986650800000064]]]},"properties":{"fid":54,"historic":"building","name_en":null,"name":"Βίλα Καμπά"}},{"type":"Feature","id":61,"geometry":{"type":"Polygon","coordinates":[[[23.855154500000026,37.991005500000028],[23.855148300000053,37.990961500000026],[23.855227600000035,37.990954600000066],[23.855233700000042,37.990998600000069],[23.855154500000026,37.991005500000028]]]},"properties":{"fid":61,"historic":"archaeological_site","name_en":null,"name":"στέγαστρο λιονταριού Κάντζας"}},{"type":"Feature","id":62,"geometry":{"type":"Polygon","coordinates":[[[24.026463500000034,38.22212230000008],[24.026475400000038,38.221422100000041],[24.026276400000029,38.220390100000031],[24.026335200000062,38.218915800000048],[24.026396700000078,38.218227100000036],[24.026304000000039,38.217864100000043],[24.026309800000035,38.217278800000031],[24.025685900000042,38.216235900000072],[24.026006000000052,38.215538600000059],[24.026643500000034,38.215377700000033],[24.027747500000032,38.215581400000076],[24.027557000000058,38.215906600000039],[24.027130600000078,38.216693100000043],[24.027339700000027,38.217001500000038],[24.027466200000049,38.217637100000047],[24.027598700000055,38.21830360000007],[24.027391000000023,38.219398700000056],[24.027477900000065,38.220100500000058],[24.027268800000058,38.220952200000056],[24.027302200000065,38.221583900000041],[24.027131700000041,38.221961100000044],[24.028028900000038,38.222740900000076],[24.027847500000064,38.223078400000077],[24.027542100000062,38.223157100000037],[24.027461000000073,38.223254600000075],[24.027317800000048,38.223318300000074],[24.027117400000066,38.223299600000075],[24.027055300000029,38.223243300000036],[24.026845300000048,38.223254600000075],[24.026726000000053,38.223209600000075],[24.026749900000027,38.223074600000075],[24.026874000000078,38.222969600000056],[24.026835800000072,38.222763400000076],[24.026802400000065,38.222369800000024],[24.026635300000066,38.222174800000062],[24.026463500000034,38.22212230000008]]]},"properties":{"fid":62,"historic":"archaeological_site","name_en":"Rhamnous","name":"Αρχαίος Ραμνούς"}},{"type":"Feature","id":63,"geometry":{"type":"Polygon","coordinates":[[[23.978106400000058,38.119166600000028],[23.977056400000038,38.118405700000039],[23.976456800000051,38.117720100000042],[23.976654300000064,38.11755450000004],[23.976466200000061,38.117520700000057],[23.976354100000037,38.117620500000044],[23.976090400000032,38.117450600000041],[23.975950300000022,38.117382900000052],[23.975913000000048,38.117355000000032],[23.975894200000027,38.117309600000056],[23.975908300000071,38.117257900000027],[23.975949300000025,38.117232700000045],[23.976105500000074,38.117171400000075],[23.976324500000032,38.117042900000058],[23.976489000000072,38.116910200000063],[23.97661910000005,38.116921400000024],[23.976831000000061,38.116766300000052],[23.976720600000078,38.116732100000036],[23.976861300000053,38.116603800000064],[23.97697050000005,38.116622800000073],[23.97699730000005,38.116653400000075],[23.977612900000054,38.116740500000049],[23.977710800000068,38.116701900000066],[23.977768400000059,38.116699800000049],[23.978039300000034,38.116738800000064],[23.978351800000041,38.116583100000071],[23.97862630000003,38.116618300000027],[23.978728400000023,38.116718700000035],[23.978875800000026,38.116660800000034],[23.979009700000063,38.116653100000065],[23.979258100000038,38.116725000000031],[23.979454100000055,38.116861300000039],[23.979614200000071,38.117013000000043],[23.979891900000041,38.117154300000038],[23.980118000000061,38.117237600000067],[23.980410800000072,38.117287000000033],[23.980672200000072,38.117319900000041],[23.980782000000033,38.117344600000024],[23.980938800000047,38.117449500000077],[23.981025100000068,38.117583100000047],[23.981028600000059,38.117666300000053],[23.981017200000053,38.117747700000052],[23.980936100000065,38.117863600000078],[23.980259200000035,38.118527100000051],[23.979898500000047,38.118829400000038],[23.979669800000067,38.118984900000044],[23.979530600000032,38.119035800000063],[23.979389800000035,38.119056900000032],[23.979251700000077,38.119034700000043],[23.979156500000045,38.119033700000045],[23.979000900000074,38.119044200000076],[23.978697800000077,38.119101200000046],[23.978465800000038,38.119167700000048],[23.978335700000059,38.119185600000037],[23.978232400000024,38.119191900000033],[23.978106400000058,38.119166600000028]]]},"properties":{"fid":63,"historic":"archaeological_site","name_en":"Marathon Archaeological Area","name":"Αρχαιολογικός Χώρος Μαραθώνα"}},{"type":"Feature","id":64,"geometry":{"type":"Polygon","coordinates":[[[23.343673700000068,37.998571300000037],[23.343707600000073,37.998497500000042],[23.344018300000073,37.998537200000044],[23.344043900000031,37.998428000000047],[23.344220600000028,37.998449200000039],[23.344170900000051,37.998553300000026],[23.344148800000028,37.99855000000008],[23.344075800000041,37.998677100000066],[23.344078800000034,37.998719300000062],[23.343894000000034,37.99872350000004],[23.343898900000056,37.998596000000077],[23.343827800000042,37.998588200000029],[23.343806500000028,37.99858590000008],[23.343673700000068,37.998571300000037]]]},"properties":{"fid":64,"historic":"archaeological_site","name_en":null,"name":null}},{"type":"Feature","id":65,"geometry":{"type":"Polygon","coordinates":[[[23.343918700000074,37.998549300000036],[23.344065400000034,37.998545500000034],[23.344073600000058,37.99871470000005],[23.34392310000004,37.998719600000072],[23.343918700000074,37.998549300000036]]]},"properties":{"fid":65,"historic":"ruins","name_en":"Theagenes Fountain","name":"Κρήνη Θεαγένους"}},{"type":"Feature","id":67,"geometry":{"type":"Polygon","coordinates":[[[23.726196600000037,37.970935900000029],[23.726189000000034,37.97078950000008],[23.726487200000065,37.970779800000059],[23.726494800000069,37.970926200000065],[23.726196600000037,37.970935900000029]]]},"properties":{"fid":67,"historic":"ruins","name_en":"Asclepius Temple","name":"Ιερό Ασκληπιού"}},{"type":"Feature","id":68,"geometry":{"type":"Polygon","coordinates":[[[23.725177500000029,37.971194900000057],[23.725112600000045,37.970975100000032],[23.725342400000045,37.970932900000037],[23.725351400000022,37.970962500000041],[23.725383000000022,37.971071000000052],[23.725407300000029,37.971152800000027],[23.725177500000029,37.971194900000057]]]},"properties":{"fid":68,"historic":"archaeological_site","name_en":"Aphrodite Temple","name":"Ιερό Αφροδίτης"}},{"type":"Feature","id":69,"geometry":{"type":"Polygon","coordinates":[[[23.728588700000046,37.969684900000061],[23.728542600000026,37.969783600000028],[23.728309600000046,37.970283100000074],[23.728268600000035,37.97030570000004],[23.72810510000005,37.970305800000062],[23.728134000000068,37.970229400000051],[23.727631100000053,37.970093900000052],[23.727599600000076,37.970170500000052],[23.727544500000079,37.970132500000034],[23.72752440000005,37.970076500000062],[23.727464400000031,37.970060300000057],[23.727562300000045,37.969894600000032],[23.727597200000048,37.969860700000027],[23.727781900000025,37.969738500000062],[23.727944100000059,37.969681200000025],[23.728089400000044,37.969658700000025],[23.728588700000046,37.969684900000061]]]},"properties":{"fid":69,"historic":"archaeological_site","name_en":"Dionysus Temple","name":"Ιερό Διονυσίου Ελευθερέως"}},{"type":"Feature","id":70,"geometry":{"type":"Polygon","coordinates":[[[23.725543500000072,37.970927700000061],[23.725575100000071,37.971036200000071],[23.725383000000022,37.971071000000052],[23.725351400000022,37.970962500000041],[23.725543500000072,37.970927700000061]]]},"properties":{"fid":70,"historic":"archaeological_site","name_en":"Nemesis Temple","name":"Ιερό Νεμέσεως"}},{"type":"Feature","id":71,"geometry":{"type":"Polygon","coordinates":[[[23.727247300000045,37.971957200000077],[23.727160600000047,37.971940300000028],[23.727054700000053,37.971842400000071],[23.727111000000036,37.971785600000032],[23.727282200000047,37.97176630000007],[23.727365700000064,37.971782500000074],[23.72738030000005,37.971943700000054],[23.727247300000045,37.971957200000077]]]},"properties":{"fid":71,"historic":"ruins","name_en":"Temple of Zeus Polieus","name":"Ναός Διός Πολιέως"}},{"type":"Feature","id":72,"geometry":{"type":"Polygon","coordinates":[[[23.727268000000038,37.971645900000055],[23.727262200000041,37.971632200000045],[23.727263600000072,37.971617700000024],[23.727271900000062,37.971604700000057],[23.727285800000061,37.971595300000047],[23.727303300000074,37.971590700000036],[23.727321600000039,37.971591800000056],[23.727338100000054,37.971598300000039],[23.727350100000024,37.971609300000068],[23.727355800000055,37.971623100000045],[23.727354500000047,37.971637600000065],[23.727346200000056,37.971650500000067],[23.727332300000057,37.971660000000043],[23.727314800000045,37.971664500000031],[23.727296400000057,37.971663400000068],[23.727280000000064,37.971656900000028],[23.727268000000038,37.971645900000055]]]},"properties":{"fid":72,"historic":"ruins","name_en":"Temple of Rome and Augustus","name":"Ναός της Ρώμης και του Αυγούστου"}},{"type":"Feature","id":73,"geometry":{"type":"Polygon","coordinates":[[[23.727760700000033,37.971701900000028],[23.727638300000024,37.971578300000033],[23.728029000000049,37.971337700000049],[23.728151400000058,37.971461300000044],[23.727760700000033,37.971701900000028]]]},"properties":{"fid":73,"historic":"ruins","name_en":"Pandion","name":"Πάνδιον"}},{"type":"Feature","id":74,"geometry":{"type":"Polygon","coordinates":[[[23.727069200000074,37.970683600000029],[23.727044200000023,37.970826300000056],[23.72712400000006,37.970835000000079],[23.727104500000053,37.970946400000059],[23.726661400000069,37.970898100000056],[23.726652300000069,37.970950100000039],[23.726541400000031,37.970938100000069],[23.726563300000066,37.970813100000044],[23.726530900000057,37.970809600000052],[23.726553100000046,37.970683100000031],[23.726504800000043,37.970677800000033],[23.726514300000076,37.970623300000057],[23.727069200000074,37.970683600000029]]]},"properties":{"fid":74,"historic":"ruins","name_en":"Stoa","name":"Στοά"}},{"type":"Feature","id":75,"geometry":{"type":"Polygon","coordinates":[[[23.725828500000034,37.972231400000055],[23.725849400000072,37.972141700000066],[23.725967400000059,37.972158900000068],[23.725963200000024,37.972177100000067],[23.725946500000077,37.972248500000035],[23.725828500000034,37.972231400000055]]]},"properties":{"fid":75,"historic":"ruins","name_en":"Arriforion","name":"Αρρηφόριον"}},{"type":"Feature","id":76,"geometry":{"type":"Polygon","coordinates":[[[23.72512370000004,37.970683600000029],[23.725103800000056,37.970543600000042],[23.726863200000025,37.970371600000078],[23.726884100000063,37.97052270000006],[23.72512370000004,37.970683600000029]]]},"properties":{"fid":76,"historic":"archaeological_site","name_en":"Stoa of Eumenes","name":"Στοά Ευμένους"}},{"type":"Feature","id":77,"geometry":{"type":"Polygon","coordinates":[[[23.728213200000027,37.97064000000006],[23.728434700000037,37.970374700000036],[23.728455300000064,37.970350000000053],[23.72836280000007,37.970309400000076],[23.728595400000074,37.969810600000073],[23.728750900000023,37.969782200000054],[23.728831400000047,37.969800600000042],[23.728896400000053,37.969858500000043],[23.728856400000041,37.969999500000029],[23.729132800000059,37.970071000000075],[23.729043800000056,37.970471800000041],[23.728990400000043,37.970664500000055],[23.728964700000063,37.970720800000038],[23.728974100000073,37.970725500000071],[23.728942200000063,37.970755100000076],[23.728936700000077,37.970835000000079],[23.728767100000027,37.971038000000078],[23.728279200000031,37.970831200000077],[23.728375400000061,37.970728400000041],[23.728213200000027,37.97064000000006]]]},"properties":{"fid":77,"historic":"ruins","name_en":"Odeon of Pericles","name":"Ωδείο Περικλέους"}},{"type":"Feature","id":78,"geometry":{"type":"Polygon","coordinates":[[[23.722378800000058,37.975177900000062],[23.722353800000064,37.974975200000074],[23.722404200000028,37.97497130000005],[23.722429200000079,37.975174000000038],[23.722378800000058,37.975177900000062]]]},"properties":{"fid":78,"historic":"ruins","name_en":"Monument of the Eponymous Heroes","name":"Μνημείο επωνύμων ηρώων"}},{"type":"Feature","id":79,"geometry":{"type":"Polygon","coordinates":[[[23.723687200000029,37.974514600000077],[23.72370010000003,37.974230200000079],[23.723703900000032,37.974145600000043],[23.723846900000069,37.974149600000032],[23.723830200000066,37.974518700000033],[23.723687200000029,37.974514600000077]]]},"properties":{"fid":79,"historic":"ruins","name_en":"East Building","name":"Ανατολικό κτήριο"}},{"type":"Feature","id":80,"geometry":{"type":"Polygon","coordinates":[[[23.722436600000037,37.976173900000049],[23.722329700000046,37.976207900000077],[23.72226500000005,37.976081500000078],[23.722254400000054,37.976060700000062],[23.722352100000023,37.976029700000026],[23.722355500000049,37.976036200000067],[23.722364700000071,37.97603330000004],[23.722436600000037,37.976173900000049]]]},"properties":{"fid":80,"historic":"ruins","name_en":"Royal Stoa","name":"Βασίλειος Στοά"}},{"type":"Feature","id":81,"geometry":{"type":"Polygon","coordinates":[[[23.724127700000054,37.974519300000054],[23.724331200000051,37.974222500000053],[23.724591300000043,37.974338200000034],[23.724572100000046,37.974361600000066],[23.724678100000062,37.974407400000075],[23.724618500000076,37.974485800000025],[23.724694100000079,37.974481600000047],[23.724694100000079,37.974445200000048],[23.725214200000039,37.974452600000063],[23.725220400000069,37.974496500000043],[23.724378600000023,37.974568900000065],[23.724127700000054,37.974519300000054]]]},"properties":{"fid":81,"historic":"ruins","name_en":"Library of Pantainos","name":"Βιβλιοθήκη τού Πανταίνου"}},{"type":"Feature","id":82,"geometry":{"type":"Polygon","coordinates":[[[23.722663600000033,37.975746300000026],[23.722696900000074,37.975662300000067],[23.722801600000025,37.975688000000048],[23.722768400000064,37.975772000000063],[23.722663600000033,37.975746300000026]]]},"properties":{"fid":82,"historic":"ruins","name_en":"Altar of the 12 Gods","name":"Βωμός 12 θεών"}},{"type":"Feature","id":83,"geometry":{"type":"Polygon","coordinates":[[[23.723696400000051,37.974025700000027],[23.723679900000036,37.973972400000036],[23.723880300000076,37.973934000000042],[23.723896800000034,37.973987300000033],[23.723696400000051,37.974025700000027]]]},"properties":{"fid":83,"historic":"ruins","name_en":null,"name":"Εννεάκρουνος"}},{"type":"Feature","id":84,"geometry":{"type":"Polygon","coordinates":[[[23.722257400000046,37.974388600000054],[23.722261800000069,37.974327200000062],[23.722277000000076,37.974138700000026],[23.722280700000056,37.974098900000058],[23.722652000000039,37.974117400000068],[23.722628800000052,37.974407100000064],[23.722257400000046,37.974388600000054]]]},"properties":{"fid":84,"historic":"ruins","name_en":null,"name":"Ηλιαία"}},{"type":"Feature","id":85,"geometry":{"type":"Polygon","coordinates":[[[23.721916700000065,37.97495390000006],[23.721874000000071,37.974938100000031],[23.721844200000078,37.974909300000036],[23.721833200000049,37.974873100000025],[23.721843200000023,37.974836700000026],[23.721872200000064,37.974807400000032],[23.721914500000025,37.974790900000073],[23.721961700000065,37.97479050000004],[23.72200440000006,37.974806300000068],[23.722034200000053,37.974835100000064],[23.722045200000025,37.974871300000075],[23.72203520000005,37.974907600000051],[23.722006200000067,37.974937000000068],[23.721963900000048,37.974953500000026],[23.721916700000065,37.97495390000006]]]},"properties":{"fid":85,"historic":"ruins","name_en":null,"name":"Θόλος"}},{"type":"Feature","id":86,"geometry":{"type":"Polygon","coordinates":[[[23.722160000000031,37.974640700000066],[23.722167700000057,37.974471900000026],[23.723151800000039,37.974499600000058],[23.723687200000029,37.974514600000077],[23.723830200000066,37.974518700000033],[23.723822600000062,37.97468740000005],[23.723148700000024,37.974669900000038],[23.722160000000031,37.974640700000066]]]},"properties":{"fid":86,"historic":"ruins","name_en":"Middle Stoa","name":"Μέση Στοά"}},{"type":"Feature","id":87,"geometry":{"type":"Polygon","coordinates":[[[23.72194410000003,37.975248100000044],[23.721753500000034,37.975273800000025],[23.721701000000053,37.975031700000045],[23.721891600000049,37.975006000000064],[23.72194410000003,37.975248100000044]]]},"properties":{"fid":87,"historic":"ruins","name_en":"New Bouleuterion","name":"Νέον Βουλευτήριον"}},{"type":"Feature","id":88,"geometry":{"type":"Polygon","coordinates":[[[23.722042200000033,37.975639000000058],[23.722011000000066,37.97550270000005],[23.722206300000039,37.975474900000052],[23.722237500000062,37.97561120000006],[23.722042200000033,37.975639000000058]]]},"properties":{"fid":88,"historic":"ruins","name_en":"Temple of Apollo Patroos","name":"Ναός του Απόλλωνος Πατρώου"}},{"type":"Feature","id":89,"geometry":{"type":"Polygon","coordinates":[[[23.722543300000041,37.975606300000038],[23.722542100000055,37.975457300000073],[23.722954000000072,37.975455000000068],[23.722955300000024,37.975604100000055],[23.722543300000041,37.975606300000038]]]},"properties":{"fid":89,"historic":"ruins","name_en":"Temple of Mars","name":"Ναός τού Άρη"}},{"type":"Feature","id":90,"geometry":{"type":"Polygon","coordinates":[[[23.723914200000024,37.974004300000047],[23.723904700000048,37.973889300000053],[23.724077800000032,37.973880400000041],[23.724087300000065,37.973995400000035],[23.723914200000024,37.974004300000047]]]},"properties":{"fid":90,"historic":"ruins","name_en":"Mint","name":"Νομισματοκοπείον"}},{"type":"Feature","id":91,"geometry":{"type":"Polygon","coordinates":[[[23.724133400000028,37.974104200000056],[23.724184600000058,37.973924000000068],[23.724328700000058,37.97394950000006],[23.72427760000005,37.974129600000026],[23.724133400000028,37.974104200000056]]]},"properties":{"fid":91,"historic":"ruins","name_en":"South-east Temple","name":"Νοτιοανατολικός Ναός"}},{"type":"Feature","id":92,"geometry":{"type":"Polygon","coordinates":[[[23.722527300000024,37.974891500000069],[23.722532600000022,37.974792400000069],[23.722776000000067,37.974800500000072],[23.722770700000069,37.974899500000049],[23.722527300000024,37.974891500000069]]]},"properties":{"fid":92,"historic":"ruins","name_en":"South-west Temple","name":"Νοτιοδυτικός Ναός"}},{"type":"Feature","id":93,"geometry":{"type":"Polygon","coordinates":[[[23.72391650000003,37.97416000000004],[23.723903500000063,37.974012400000049],[23.724121500000024,37.974000500000045],[23.724134500000048,37.974148100000036],[23.72391650000003,37.97416000000004]]]},"properties":{"fid":93,"historic":"ruins","name_en":"Nymphaeum Temple","name":"Νυμφαίον"}},{"type":"Feature","id":94,"geometry":{"type":"Polygon","coordinates":[[[23.722654200000022,37.974200800000062],[23.722658100000046,37.974116200000026],[23.722687200000053,37.974117000000035],[23.723516600000039,37.974140300000045],[23.723703900000032,37.974145600000043],[23.72370010000003,37.974230200000079],[23.722654200000022,37.974200800000062]]]},"properties":{"fid":94,"historic":"ruins","name_en":"South Stoa II","name":"Νότια Στοά 2"}},{"type":"Feature","id":95,"geometry":{"type":"Polygon","coordinates":[[[23.721549500000037,37.975949200000059],[23.721453000000054,37.975824200000034],[23.721865800000046,37.975626200000079],[23.721962400000052,37.97575130000007],[23.721549500000037,37.975949200000059]]]},"properties":{"fid":95,"historic":"ruins","name_en":"Arsenal","name":"Οπλοστάσιο"}},{"type":"Feature","id":96,"geometry":{"type":"Polygon","coordinates":[[[23.721926900000028,37.975416100000075],[23.721898700000054,37.975286100000062],[23.721936400000061,37.975281000000052],[23.721932300000049,37.975262300000054],[23.721962800000028,37.975258200000042],[23.72194520000005,37.975177300000041],[23.721963800000026,37.975174800000048],[23.721935900000062,37.975046400000053],[23.722190900000044,37.975012000000049],[23.722268700000029,37.975369900000032],[23.721926900000028,37.975416100000075]]]},"properties":{"fid":96,"historic":"ruins","name_en":"Metroon","name":"Παλαιό Βουλευτήριον και Μητρώον"}},{"type":"Feature","id":97,"geometry":{"type":"Polygon","coordinates":[[[23.722045900000069,37.975652300000036],[23.722238600000026,37.975621600000068],[23.722264200000041,37.975721500000077],[23.72220180000005,37.975731400000029],[23.722252000000026,37.975927400000046],[23.722301600000037,37.975919600000054],[23.722327800000073,37.976021800000069],[23.722147800000073,37.976050500000042],[23.722117800000035,37.975933500000053],[23.721933800000045,37.975962700000025],[23.721895800000027,37.975814100000036],[23.722079800000074,37.975784900000065],[23.722045900000069,37.975652300000036]]]},"properties":{"fid":97,"historic":"ruins","name_en":"Stoa of Zeus Eleftherios","name":"Στοά του Ελευθερίου Διός"}},{"type":"Feature","id":98,"geometry":{"type":"Polygon","coordinates":[[[23.721336400000041,37.974645500000065],[23.721485100000052,37.974539900000025],[23.721615600000064,37.974654000000044],[23.721466900000053,37.974759600000027],[23.721336400000041,37.974645500000065]]]},"properties":{"fid":98,"historic":"ruins","name_en":null,"name":"Στρατηγείον"}},{"type":"Feature","id":99,"geometry":{"type":"Polygon","coordinates":[[[23.721333100000038,37.974198400000034],[23.721160300000065,37.974034700000061],[23.721862600000065,37.973895200000072],[23.72193210000006,37.974074900000062],[23.721625200000062,37.974131200000045],[23.721354800000029,37.974193400000047],[23.721333100000038,37.974198400000034]]]},"properties":{"fid":99,"historic":"ruins","name_en":null,"name":null}},{"type":"Feature","id":100,"geometry":{"type":"Polygon","coordinates":[[[23.719944300000066,37.97139640000006],[23.71883280000003,37.971724700000038],[23.71920190000003,37.971471600000029],[23.719298400000071,37.971428200000048],[23.719896700000049,37.971268500000065],[23.719944300000066,37.97139640000006]]]},"properties":{"fid":100,"historic":"ruins","name_en":null,"name":null}},{"type":"Feature","id":101,"geometry":{"type":"Polygon","coordinates":[[[23.723701500000061,37.973352100000056],[23.723720700000058,37.973140200000046],[23.724257900000055,37.973008800000059],[23.724684900000057,37.97313280000003],[23.724546800000041,37.973441900000068],[23.724551800000029,37.97346310000006],[23.723701500000061,37.973352100000056]]]},"properties":{"fid":101,"historic":"ruins","name_en":null,"name":null}},{"type":"Feature","id":102,"geometry":{"type":"Polygon","coordinates":[[[23.720816800000023,37.974424900000031],[23.720440500000052,37.973822700000028],[23.720771300000024,37.973684500000047],[23.720990500000028,37.973937100000057],[23.721217800000034,37.974242500000059],[23.720816800000023,37.974424900000031]]]},"properties":{"fid":102,"historic":"ruins","name_en":null,"name":null}},{"type":"Feature","id":103,"geometry":{"type":"Polygon","coordinates":[[[23.72110680000003,37.973957700000028],[23.72084140000004,37.973662700000034],[23.721188000000041,37.973515900000052],[23.721458000000041,37.973656600000027],[23.721761300000026,37.973841400000026],[23.72110680000003,37.973957700000028]]]},"properties":{"fid":103,"historic":"ruins","name_en":"State prison","name":null}},{"type":"Feature","id":104,"geometry":{"type":"Polygon","coordinates":[[[23.719580900000039,37.97188280000006],[23.719660700000077,37.971758900000054],[23.71978370000005,37.971808300000077],[23.719787100000076,37.971864000000039],[23.719742300000064,37.97191040000007],[23.719714200000055,37.971939500000076],[23.719649200000049,37.971944800000074],[23.719580900000039,37.97188280000006]]]},"properties":{"fid":104,"historic":"ruins","name_en":null,"name":null}},{"type":"Feature","id":105,"geometry":{"type":"Polygon","coordinates":[[[23.72465580000005,37.973792200000048],[23.724864700000069,37.973095200000046],[23.724840200000074,37.973102700000027],[23.724780500000065,37.972836100000052],[23.725140100000033,37.972898100000066],[23.725161900000046,37.973272300000076],[23.725077600000077,37.97334950000004],[23.725079300000061,37.973671300000035],[23.72465580000005,37.973792200000048]]]},"properties":{"fid":105,"historic":"ruins","name_en":"Eleusinion","name":"Ἐλευσίνιον"}},{"type":"Feature","id":106,"geometry":{"type":"Polygon","coordinates":[[[23.71920190000003,37.971471600000029],[23.719298400000071,37.971428200000048],[23.719330100000036,37.971477200000038],[23.71923570000007,37.971519000000058],[23.71920190000003,37.971471600000029]]]},"properties":{"fid":106,"historic":"ruins","name_en":"Speaker's platform","name":"Βήμα"}},{"type":"Feature","id":107,"geometry":{"type":"Polygon","coordinates":[[[23.719569600000057,37.971281000000033],[23.719422300000076,37.971066900000039],[23.719608600000072,37.970987200000025],[23.719685300000037,37.970990100000051],[23.719768200000033,37.971007400000076],[23.719815600000061,37.971046700000045],[23.719825400000047,37.971116800000061],[23.719807100000025,37.971187900000075],[23.719749900000068,37.971228200000041],[23.719648800000073,37.971262800000034],[23.719569600000057,37.971281000000033]]]},"properties":{"fid":107,"historic":"ruins","name_en":null,"name":null}},{"type":"Feature","id":108,"geometry":{"type":"Polygon","coordinates":[[[23.72084110000003,37.975775900000031],[23.720819200000051,37.975780500000042],[23.720792500000073,37.975784500000032],[23.72075110000003,37.975782500000037],[23.720713200000034,37.975769600000035],[23.720679700000062,37.975745800000027],[23.720661600000028,37.975717300000042],[23.720660700000053,37.975679300000024],[23.720675300000039,37.975642700000037],[23.720704600000033,37.97561550000006],[23.720735600000069,37.975604000000033],[23.720769700000062,37.975597100000073],[23.72084110000003,37.975775900000031]]]},"properties":{"fid":108,"historic":"ruins","name_en":null,"name":null}},{"type":"Feature","id":109,"geometry":{"type":"Polygon","coordinates":[[[23.732818200000054,37.96867270000007],[23.732782300000054,37.968525100000079],[23.733153700000059,37.968468900000062],[23.73318960000006,37.968616600000075],[23.732818200000054,37.96867270000007]]]},"properties":{"fid":109,"historic":"ruins","name_en":"Temple of Apollo Delphinios","name":"Δελφίνιον"}},{"type":"Feature","id":110,"geometry":{"type":"Polygon","coordinates":[[[23.733529200000078,37.968733200000031],[23.733472100000029,37.96858990000004],[23.733651300000076,37.968521600000031],[23.733627500000068,37.968720700000063],[23.733529200000078,37.968733200000031]]]},"properties":{"fid":110,"historic":"ruins","name_en":null,"name":null}},{"type":"Feature","id":111,"geometry":{"type":"Polygon","coordinates":[[[23.733426500000064,37.968279500000051],[23.733442400000058,37.968192400000078],[23.733619800000042,37.96821250000005],[23.733603900000048,37.96829960000008],[23.733426500000064,37.968279500000051]]]},"properties":{"fid":111,"historic":"ruins","name_en":null,"name":"Ναός Κρόνου και Ρέας"}},{"type":"Feature","id":112,"geometry":{"type":"Polygon","coordinates":[[[23.732744000000025,37.970347500000059],[23.732632500000022,37.970107200000029],[23.733672700000056,37.970112300000039],[23.733614300000056,37.970270700000071],[23.733486300000038,37.970352400000024],[23.732744000000025,37.970347500000059]]]},"properties":{"fid":112,"historic":"ruins","name_en":null,"name":null}},{"type":"Feature","id":113,"geometry":{"type":"Polygon","coordinates":[[[23.732502600000032,37.970342600000038],[23.732451900000058,37.970311400000071],[23.731936800000028,37.969994100000065],[23.731935700000065,37.969814700000029],[23.731934500000023,37.96960340000004],[23.731933400000059,37.969418800000028],[23.731932800000038,37.969319200000029],[23.731931700000075,37.96913950000004],[23.731931300000042,37.969066600000076],[23.731929900000068,37.968829000000028],[23.734303700000055,37.96880550000003],[23.734328900000037,37.969990500000051],[23.732585200000074,37.969997700000079],[23.732502600000032,37.970342600000038]]]},"properties":{"fid":113,"historic":"ruins","name_en":null,"name":null}},{"type":"Feature","id":114,"geometry":{"type":"Polygon","coordinates":[[[23.844322600000055,38.290814500000067],[23.843940000000032,38.290272800000025],[23.843768800000078,38.290030500000057],[23.84407120000003,38.289770500000031],[23.844434900000067,38.289899800000057],[23.845298700000058,38.290118200000052],[23.846191400000066,38.290436000000057],[23.846981300000039,38.290800600000068],[23.847559700000033,38.291064600000027],[23.847404100000062,38.291529300000036],[23.847104500000057,38.291830900000036],[23.846806100000038,38.292071300000032],[23.846660800000052,38.292261800000063],[23.846159500000056,38.292310000000043],[23.845497700000067,38.292010300000072],[23.845103900000026,38.29185300000006],[23.844705500000032,38.291464500000075],[23.84452310000006,38.291130000000067],[23.844322600000055,38.290814500000067]]]},"properties":{"fid":114,"historic":"archaeological_site","name_en":null,"name":"Αμφιάρειο"}},{"type":"Feature","id":115,"geometry":{"type":"Polygon","coordinates":[[[23.844538100000022,38.290903800000081],[23.844626800000071,38.290819600000077],[23.845266500000037,38.291235100000051],[23.845177700000079,38.291319300000055],[23.844538100000022,38.290903800000081]]]},"properties":{"fid":115,"historic":"ruins","name_en":"Anathematic pedestals","name":"Αναθεματικά βάθρα"}},{"type":"Feature","id":116,"geometry":{"type":"Polygon","coordinates":[[[23.845160200000066,38.291745400000025],[23.845160200000066,38.291637800000046],[23.84516270000006,38.291560900000036],[23.845179800000039,38.291480100000058],[23.845209200000056,38.291401300000075],[23.845255200000054,38.291377400000044],[23.845640600000024,38.291652100000078],[23.845615300000077,38.291680600000063],[23.845515300000045,38.291743000000054],[23.845451600000047,38.291785800000071],[23.845290000000034,38.291812700000037],[23.845221400000071,38.291803100000038],[23.845160200000066,38.291745400000025]]]},"properties":{"fid":116,"historic":"ruins","name_en":"Theatre of the Amphiareion","name":"Θέατρο"}},{"type":"Feature","id":117,"geometry":{"type":"Polygon","coordinates":[[[23.845033300000068,38.290768200000059],[23.845061200000032,38.290742200000068],[23.845109900000068,38.290774300000066],[23.84508210000007,38.290800300000058],[23.845033300000068,38.290768200000059]]]},"properties":{"fid":117,"historic":"ruins","name_en":"sacred spring","name":"Ιερή πηγή"}},{"type":"Feature","id":118,"geometry":{"type":"Polygon","coordinates":[[[23.845323800000074,38.290621800000054],[23.845380100000057,38.290570600000081],[23.845476700000063,38.290636100000029],[23.845420400000023,38.290687300000059],[23.845323800000074,38.290621800000054]]]},"properties":{"fid":118,"historic":"ruins","name_en":"klepsydra","name":"Κλεψύδρα"}},{"type":"Feature","id":119,"geometry":{"type":"Polygon","coordinates":[[[23.845169100000078,38.290860800000075],[23.845257200000049,38.290782200000081],[23.845401600000059,38.290881900000045],[23.845313500000032,38.29096050000004],[23.845169100000078,38.290860800000075]]]},"properties":{"fid":119,"historic":"ruins","name_en":"men's baths","name":"Λουτρά ανδρών"}},{"type":"Feature","id":120,"geometry":{"type":"Polygon","coordinates":[[[23.846142400000076,38.292012200000045],[23.846271300000069,38.291911000000027],[23.846422400000051,38.292030600000032],[23.846293800000069,38.292129800000055],[23.846142400000076,38.292012200000045]]]},"properties":{"fid":120,"historic":"ruins","name_en":"Women's baths","name":"Λουτρά γυναικών"}},{"type":"Feature","id":121,"geometry":{"type":"Polygon","coordinates":[[[23.844488900000044,38.290570000000059],[23.84464040000006,38.290469300000041],[23.844896400000039,38.290704800000071],[23.844751900000063,38.290813600000035],[23.844551200000069,38.290627700000073],[23.844488900000044,38.290570000000059]]]},"properties":{"fid":121,"historic":"ruins","name_en":"Temple of Amphiaraus","name":"Ναός Αμφιάρειου"}},{"type":"Feature","id":122,"geometry":{"type":"Polygon","coordinates":[[[23.844946200000038,38.29080010000007],[23.844980400000054,38.290770400000042],[23.845054700000048,38.290823000000046],[23.845020500000032,38.290852700000073],[23.844946200000038,38.29080010000007]]]},"properties":{"fid":122,"historic":"ruins","name_en":null,"name":"altar"}},{"type":"Feature","id":123,"geometry":{"type":"Polygon","coordinates":[[[23.844417300000032,38.290811400000052],[23.844511000000068,38.290727600000025],[23.844601600000033,38.290790100000038],[23.844507900000053,38.290873900000065],[23.844417300000032,38.290811400000052]]]},"properties":{"fid":123,"historic":"ruins","name_en":null,"name":"small temple"}},{"type":"Feature","id":124,"geometry":{"type":"Polygon","coordinates":[[[23.845276700000056,38.291333000000066],[23.845405700000072,38.291231700000026],[23.846271300000069,38.291911000000027],[23.846142400000076,38.292012200000045],[23.845984900000076,38.29188860000005],[23.845276700000056,38.291333000000066]]]},"properties":{"fid":124,"historic":"ruins","name_en":null,"name":"stoa of the Amphiareion"}},{"type":"Feature","id":190,"geometry":{"type":"Polygon","coordinates":[[[23.538739100000043,38.040991600000041],[23.53867310000004,38.040891900000076],[23.538765400000045,38.040854100000047],[23.538831300000027,38.040953800000068],[23.538739100000043,38.040991600000041]]]},"properties":{"fid":190,"historic":"ruins","name_en":null,"name":"Ανάκτορον"}},{"type":"Feature","id":191,"geometry":{"type":"Polygon","coordinates":[[[23.538579800000036,38.04127230000006],[23.538532100000054,38.041187100000059],[23.538689500000032,38.041132400000038],[23.538737300000037,38.041217500000073],[23.538579800000036,38.04127230000006]]]},"properties":{"fid":191,"historic":"ruins","name_en":null,"name":"Θησαυρός"}},{"type":"Feature","id":192,"geometry":{"type":"Polygon","coordinates":[[[23.538748800000064,38.04105880000003],[23.538770900000031,38.041048800000056],[23.538793300000066,38.041040200000054],[23.538837800000067,38.041126600000041],[23.538901200000055,38.041248800000062],[23.538931500000047,38.04143920000007],[23.538933900000075,38.041500800000051],[23.538914500000033,38.041500700000029],[23.538895000000025,38.041500600000063],[23.53888580000006,38.041439100000048],[23.538857200000052,38.041259000000025],[23.538795100000073,38.041137000000049],[23.538748800000064,38.04105880000003]]]},"properties":{"fid":192,"historic":"ruins","name_en":null,"name":"Ιερά Οδός"}},{"type":"Feature","id":193,"geometry":{"type":"Polygon","coordinates":[[[23.538900100000035,38.041777800000034],[23.538918500000023,38.041724900000077],[23.538888500000041,38.041628500000058],[23.538907700000038,38.041628400000036],[23.538924100000031,38.041628800000069],[23.538949600000024,38.041721400000029],[23.538935800000047,38.041761800000074],[23.538900100000035,38.041777800000034]]]},"properties":{"fid":193,"historic":"ruins","name_en":null,"name":"Ιερά Οδός"}},{"type":"Feature","id":194,"geometry":{"type":"Polygon","coordinates":[[[23.538176000000078,38.040116500000067],[23.538127100000054,38.040010700000039],[23.538135100000034,38.039975100000049],[23.538261500000033,38.039890400000047],[23.538265800000033,38.039900100000068],[23.538293600000031,38.03996230000007],[23.538336800000025,38.040058800000054],[23.538176000000078,38.040116500000067]]]},"properties":{"fid":194,"historic":"ruins","name_en":null,"name":"Ιερά Οικία"}},{"type":"Feature","id":195,"geometry":{"type":"Polygon","coordinates":[[[23.539156000000048,38.041928200000029],[23.539117000000033,38.041882100000066],[23.539229500000033,38.041824700000063],[23.539268600000071,38.041865800000039],[23.539156000000048,38.041928200000029]]]},"properties":{"fid":195,"historic":"ruins","name_en":null,"name":"Ιερόν Φρέαρ-Καλλίχωρον Φρέαρ"}},{"type":"Feature","id":196,"geometry":{"type":"Polygon","coordinates":[[[23.538202100000035,38.041219800000079],[23.538328100000058,38.041172700000061],[23.53839540000007,38.041273800000056],[23.538270700000055,38.041321400000072],[23.538202100000035,38.041219800000079]]]},"properties":{"fid":196,"historic":"ruins","name_en":null,"name":"Μέγαρον"}},{"type":"Feature","id":197,"geometry":{"type":"Polygon","coordinates":[[[23.53889010000006,38.042050900000049],[23.53874570000005,38.041836300000057],[23.538900100000035,38.041777800000034],[23.538935800000047,38.041761800000074],[23.538957200000027,38.041751100000056],[23.539107800000068,38.041954200000077],[23.539015500000062,38.041993500000046],[23.53889010000006,38.042050900000049]]]},"properties":{"fid":197,"historic":"ruins","name_en":null,"name":"Μεγάλα Προπύλαια"}},{"type":"Feature","id":198,"geometry":{"type":"Polygon","coordinates":[[[23.538824900000066,38.041628100000025],[23.538826300000039,38.041500100000064],[23.538895000000025,38.041500600000063],[23.538914500000033,38.041500700000029],[23.538933900000075,38.041500800000051],[23.538966000000073,38.041501100000062],[23.538980000000038,38.041501400000072],[23.53897580000006,38.04162830000007],[23.538924100000031,38.041628800000069],[23.538907700000038,38.041628400000036],[23.538888500000041,38.041628500000058],[23.538824900000066,38.041628100000025]]]},"properties":{"fid":198,"historic":"ruins","name_en":null,"name":"Μικρά Προπύλαια"}},{"type":"Feature","id":199,"geometry":{"type":"Polygon","coordinates":[[[23.539043200000037,38.042185300000028],[23.539159200000029,38.042103200000042],[23.539225500000043,38.042161300000032],[23.539109400000029,38.042243400000075],[23.539043200000037,38.042185300000028]]]},"properties":{"fid":199,"historic":"ruins","name_en":null,"name":"Ναός Αρτέμιδος"}},{"type":"Feature","id":200,"geometry":{"type":"Polygon","coordinates":[[[23.538665600000058,38.041508900000053],[23.538656500000059,38.041468900000041],[23.538730100000066,38.041458500000033],[23.538739200000066,38.041498500000046],[23.538665600000058,38.041508900000053]]]},"properties":{"fid":200,"historic":"ruins","name_en":null,"name":"Πλουτώνιο"}},{"type":"Feature","id":201,"geometry":{"type":"Polygon","coordinates":[[[23.53830540000007,38.041915600000038],[23.538651000000073,38.041743600000075],[23.538811500000065,38.041980900000055],[23.53848940000006,38.042136800000037],[23.53830540000007,38.041915600000038]]]},"properties":{"fid":201,"historic":"ruins","name_en":null,"name":"Πρυτανείον"}},{"type":"Feature","id":202,"geometry":{"type":"Polygon","coordinates":[[[23.537942600000065,38.042366600000037],[23.537783600000068,38.042121200000054],[23.538061800000037,38.042039300000056],[23.538282000000038,38.042253900000048],[23.537942600000065,38.042366600000037]]]},"properties":{"fid":202,"historic":"ruins","name_en":null,"name":null}},{"type":"Feature","id":203,"geometry":{"type":"Polygon","coordinates":[[[23.644811000000061,37.939598200000034],[23.64438210000003,37.93909270000006],[23.644703900000025,37.93892290000008],[23.645132800000056,37.939428400000054],[23.644811000000061,37.939598200000034]]]},"properties":{"fid":203,"historic":"archaeological_site","name_en":"Archaeological site of Therpsithea Square","name":"Αρχαιολογικος χώρος πλατείας Τερψιθέας"}},{"type":"Feature","id":204,"geometry":{"type":"Polygon","coordinates":[[[23.729932200000064,37.971091300000069],[23.729927700000076,37.971089200000051],[23.729924400000073,37.971085900000048],[23.729922700000031,37.971082000000024],[23.729922800000054,37.971077800000046],[23.729924700000026,37.971074000000044],[23.729928100000052,37.971070800000064],[23.729932800000029,37.971068800000069],[23.729938000000061,37.971068200000047],[23.729943100000071,37.971069000000057],[23.72994760000006,37.971071100000074],[23.729950900000063,37.971074400000077],[23.729952600000047,37.971078300000045],[23.729952500000024,37.97108250000008],[23.729950600000052,37.971086300000024],[23.729947200000026,37.971089500000062],[23.729942600000072,37.971091500000057],[23.729937300000074,37.971092100000078],[23.729932200000064,37.971091300000069]]]},"properties":{"fid":204,"historic":"monument","name_en":"Choragic Monument of Lysicrates","name":"Μνημείο Λυσικράτους"}},{"type":"Feature","id":205,"geometry":{"type":"Polygon","coordinates":[[[23.34391590000007,37.994181300000037],[23.343998900000031,37.994252300000028],[23.343974900000035,37.994273100000044],[23.344050300000049,37.994335300000046],[23.344001100000071,37.994377900000075],[23.343835100000035,37.994246900000064],[23.34391590000007,37.994181300000037]]]},"properties":{"fid":205,"historic":"archaeological_site","name_en":"Megara Old Railway Station","name":"Παλαιός Σ.Σ. Μεγάρων"}},{"type":"Feature","id":206,"geometry":{"type":"Polygon","coordinates":[[[23.792197100000067,38.036102400000061],[23.792009800000073,38.035994900000048],[23.791996400000073,38.035967200000073],[23.792327500000056,38.035839400000043],[23.792430200000069,38.035973400000046],[23.792197100000067,38.036102400000061]]]},"properties":{"fid":206,"historic":"archaeological_site","name_en":null,"name":null}},{"type":"Feature","id":207,"geometry":{"type":"Polygon","coordinates":[[[23.683159300000057,37.934084800000051],[23.683272600000066,37.933978700000068],[23.68363080000006,37.933787900000027],[23.683974700000078,37.933627500000057],[23.684302500000058,37.933510900000044],[23.68450740000003,37.933492700000045],[23.684365500000069,37.933622600000035],[23.684082000000046,37.933789300000058],[23.683736900000042,37.933946800000058],[23.683329300000025,37.934067300000038],[23.683159300000057,37.934084800000051]]]},"properties":{"fid":207,"historic":"ship","name_en":"Georgios Averof","name":"Θωρηκτό Γεώργιος Αβέρωφ"}},{"type":"Feature","id":208,"geometry":{"type":"Polygon","coordinates":[[[23.411967700000048,37.617396100000065],[23.411930600000062,37.617388500000061],[23.411896900000045,37.617373600000064],[23.411820200000022,37.617342600000029],[23.411750100000063,37.617322400000035],[23.411689500000023,37.617314900000054],[23.411572300000046,37.61727970000004],[23.411482000000035,37.617223100000047],[23.411445700000058,37.61718680000007],[23.411420100000043,37.617095100000029],[23.411426800000072,37.617036400000075],[23.411440300000038,37.616969200000028],[23.411480700000027,37.616956400000049],[23.411488800000029,37.616935000000069],[23.411546700000031,37.61693820000005],[23.411694900000043,37.616964900000028],[23.411882100000071,37.617032100000074],[23.411945400000036,37.617072700000051],[23.412037000000055,37.617084400000067],[23.412180400000068,37.617157000000077],[23.412191500000063,37.617238600000064],[23.412185800000032,37.617324500000052],[23.412104300000067,37.617397000000039],[23.412042100000065,37.617423400000064],[23.411967700000048,37.617396100000065]]]},"properties":{"fid":208,"historic":"archaeological_site","name_en":"Acropolis Oga","name":"Αρχαία Ακροπόλη Όγας"}},{"type":"Feature","id":209,"geometry":{"type":"Polygon","coordinates":[[[23.348627100000044,37.587191100000041],[23.348524000000054,37.587050200000078],[23.348460000000046,37.586920600000042],[23.348470600000041,37.586746000000062],[23.348492000000078,37.58659670000003],[23.348563100000035,37.586500900000033],[23.348577300000045,37.586391000000049],[23.348659100000077,37.58627830000006],[23.348783500000025,37.586222000000078],[23.349007500000027,37.586236100000065],[23.34923850000007,37.586284000000035],[23.349376200000052,37.58633750000007],[23.349439000000075,37.586506800000052],[23.349496800000054,37.586594500000047],[23.349604900000031,37.586638300000061],[23.349675300000058,37.586640300000056],[23.34975570000006,37.586749800000064],[23.349780900000042,37.586883300000068],[23.349750700000072,37.586963000000026],[23.349615000000028,37.586994900000036],[23.349363600000061,37.587054600000045],[23.349255500000027,37.58704860000006],[23.349001600000065,37.58701080000003],[23.34891360000006,37.587020700000039],[23.348765300000025,37.587126300000079],[23.34867980000007,37.587186100000054],[23.348627100000044,37.587191100000041]]]},"properties":{"fid":209,"historic":"archaeological_site","name_en":"Acropolis Paliocastro","name":"Ακρόπολις Παλιόκαστρο"}},{"type":"Feature","id":210,"geometry":{"type":"Polygon","coordinates":[[[23.73195480000004,37.970136900000057],[23.731981900000051,37.970123600000079],[23.732071200000064,37.970236900000032],[23.732044200000075,37.970250100000044],[23.73195480000004,37.970136900000057]]]},"properties":{"fid":210,"historic":"archaeological_site","name_en":"Arch of Hadrian","name":"Πύλη του Αδριανού"}},{"type":"Feature","id":213,"geometry":{"type":"Polygon","coordinates":[[[23.738461600000051,38.058822600000042],[23.739178800000047,38.05860830000006],[23.739233200000058,38.058774100000051],[23.73897050000005,38.05899590000007],[23.738904200000036,38.059010800000067],[23.738681700000029,38.059161800000027],[23.738461600000051,38.058822600000042]]]},"properties":{"fid":213,"historic":"archaeological_site","name_en":"Tomb of Menidi","name":"Μυκηναϊκός Θολωτός Τάφος Αχαρνών"}},{"type":"Feature","id":214,"geometry":{"type":"Polygon","coordinates":[[[23.698573600000032,37.92243250000007],[23.698478400000056,37.922298900000044],[23.698618500000066,37.922236800000064],[23.698713700000042,37.922370400000034],[23.698573600000032,37.92243250000007]]]},"properties":{"fid":214,"historic":"building","name_en":null,"name":null}},{"type":"Feature","id":215,"geometry":{"type":"Polygon","coordinates":[[[23.696168400000033,37.922775300000069],[23.696264700000029,37.922924700000067],[23.696091300000035,37.922994300000028],[23.695995000000039,37.92284490000003],[23.696168400000033,37.922775300000069]]]},"properties":{"fid":215,"historic":"monument","name_en":null,"name":null}},{"type":"Feature","id":217,"geometry":{"type":"Polygon","coordinates":[[[23.645145300000024,37.937247600000035],[23.645200500000044,37.937218200000075],[23.645203400000071,37.937221700000066],[23.645207600000049,37.937226700000053],[23.644569500000046,37.937567700000045],[23.644499000000053,37.937485700000025],[23.644456000000048,37.937435600000072],[23.644443200000069,37.937442400000066],[23.644412000000045,37.937406100000032],[23.644408400000032,37.937401900000054],[23.644423800000027,37.93739370000003],[23.644447300000024,37.937381200000061],[23.644400800000028,37.937327000000039],[23.644354900000053,37.937351500000034],[23.644352500000025,37.93734870000003],[23.644344700000033,37.93733960000003],[23.644289400000048,37.937275200000045],[23.644220800000028,37.937195200000076],[23.644213300000047,37.937186500000053],[23.644302100000061,37.937139100000024],[23.644328100000052,37.937125200000025],[23.64431570000005,37.937110700000062],[23.644276600000069,37.937065200000063],[23.644420500000024,37.936988300000053],[23.644353800000033,37.936910600000033],[23.644342000000051,37.936895400000026],[23.644473800000071,37.93682890000008],[23.644749800000056,37.936689500000057],[23.644773800000053,37.936718700000029],[23.644717100000037,37.936748900000055],[23.645145300000024,37.937247600000035]]]},"properties":{"fid":217,"historic":"archaeological_site","name_en":null,"name":null}},{"type":"Feature","id":218,"geometry":{"type":"Polygon","coordinates":[[[23.732441100000074,38.005873400000041],[23.732597100000078,38.005850300000077],[23.732620600000075,38.005948900000078],[23.732464600000071,38.005972000000042],[23.732441100000074,38.005873400000041]]]},"properties":{"fid":218,"historic":"church","name_en":null,"name":"Άγιος Ανδρέας (Τόπος Μαρτυρίου Αγίας Φιλοθέης)"}},{"type":"Feature","id":219,"geometry":{"type":"Polygon","coordinates":[[[23.726433900000075,37.974493500000051],[23.726599900000053,37.974392200000068],[23.726710400000059,37.974504800000034],[23.726544400000023,37.974606000000051],[23.726433900000075,37.974493500000051]]]},"properties":{"fid":219,"historic":"monument","name_en":"Fethiye Mosque","name":"Φετιχιέ Τζαμί"}},{"type":"Feature","id":220,"geometry":{"type":"Polygon","coordinates":[[[23.718080200000031,37.972342000000026],[23.718072500000062,37.972326800000076],[23.718072800000073,37.972310300000061],[23.718081000000041,37.972295300000042],[23.71809600000006,37.972283800000071],[23.718115300000022,37.972277800000029],[23.718136100000038,37.972278000000074],[23.718155300000035,37.972284500000058],[23.718169800000055,37.972296300000039],[23.718177500000024,37.972311500000046],[23.718177200000071,37.972328000000061],[23.718168900000023,37.97234300000008],[23.718154000000027,37.972354500000051],[23.718134600000042,37.972360500000036],[23.718113800000026,37.972360300000048],[23.718094700000051,37.972353800000064],[23.718080200000031,37.972342000000026]]]},"properties":{"fid":220,"historic":"archaeological_site","name_en":null,"name":"Εθνικό Αστεροσκοπείο Αθηνών"}},{"type":"Feature","id":221,"geometry":{"type":"Polygon","coordinates":[[[23.721747600000072,37.970470900000066],[23.722015500000055,37.971053600000062],[23.72190020000005,37.971252900000025],[23.721745300000066,37.971449800000073],[23.721660500000041,37.972041700000034],[23.721277200000031,37.972046700000078],[23.721088700000053,37.972237300000074],[23.720881400000053,37.972197700000038],[23.721747600000072,37.970470900000066]]]},"properties":{"fid":221,"historic":"archaeological_site","name_en":"Area of Stenopos Kolytos","name":"Περιοχή Στενωπού Κολλυτού"}},{"type":"Feature","id":223,"geometry":{"type":"Polygon","coordinates":[[[23.779505500000027,37.98645520000008],[23.779236500000025,37.98629070000004],[23.779731100000049,37.985788200000059],[23.780000100000052,37.985952700000041],[23.779505500000027,37.98645520000008]]]},"properties":{"fid":223,"historic":"ruins","name_en":null,"name":null}},{"type":"Feature","id":225,"geometry":{"type":"Polygon","coordinates":[[[23.720534600000065,37.977486900000031],[23.720565600000043,37.977627100000063],[23.720595900000035,37.97776390000007],[23.720616700000051,37.97785790000006],[23.720624800000053,37.977895200000034],[23.72067160000006,37.977889000000062],[23.720686500000056,37.97796100000005],[23.720696200000077,37.977999200000056],[23.720662700000048,37.97804780000007],[23.720579500000042,37.978063200000065],[23.72040190000007,37.978115100000025],[23.720300800000075,37.978010100000063],[23.720211800000072,37.977914100000078],[23.720239800000058,37.97787500000004],[23.720156100000054,37.977547500000071],[23.720534600000065,37.977486900000031]]]},"properties":{"fid":225,"historic":"archaeological_site","name_en":null,"name":null}},{"type":"Feature","id":227,"geometry":{"type":"Polygon","coordinates":[[[23.858646600000043,38.052418800000055],[23.858644300000037,38.052341900000044],[23.858707800000047,38.052340800000025],[23.85870570000003,38.05227160000004],[23.858874700000058,38.052268500000025],[23.858877200000052,38.052355400000067],[23.858932100000061,38.05235440000007],[23.858933800000045,38.052413500000057],[23.858646600000043,38.052418800000055]]]},"properties":{"fid":227,"historic":"ruins","name_en":null,"name":"Πυργίσκος Δούκισσας Πλακεντίας"}},{"type":"Feature","id":228,"geometry":{"type":"Polygon","coordinates":[[[23.807697800000028,38.054071700000065],[23.807684900000027,38.054044600000054],[23.807648300000039,38.053974900000071],[23.807745300000079,38.053944200000046],[23.807794800000067,38.054041000000041],[23.807697800000028,38.054071700000065]]]},"properties":{"fid":228,"historic":"archaeological_site","name_en":null,"name":"Αρχαία κατάλοιπα Υδραγωγείου"}},{"type":"Feature","id":229,"geometry":{"type":"Polygon","coordinates":[[[23.732811200000071,37.980087400000059],[23.732930100000033,37.979947800000048],[23.733032500000036,37.98000200000007],[23.732913500000052,37.980141600000024],[23.732811200000071,37.980087400000059]]]},"properties":{"fid":229,"historic":"archaeological_site","name_en":null,"name":null}},{"type":"Feature","id":230,"geometry":{"type":"Polygon","coordinates":[[[23.733314600000028,37.979448400000024],[23.733300700000029,37.979441100000031],[23.733329900000058,37.979406800000049],[23.733448200000055,37.979267900000025],[23.733393900000067,37.979239100000029],[23.733436400000073,37.97918930000003],[23.733631400000036,37.979292500000042],[23.733441400000061,37.979515500000048],[23.733314600000028,37.979448400000024]]]},"properties":{"fid":230,"historic":"archaeological_site","name_en":null,"name":"Αρχοντικό Σερπιέρη"}},{"type":"Feature","id":237,"geometry":{"type":"Polygon","coordinates":[[[23.731914000000074,37.981791500000043],[23.732060300000057,37.981617200000073],[23.732161500000075,37.981670000000065],[23.732220900000073,37.981701000000044],[23.732313000000033,37.981749000000036],[23.732326200000045,37.981755900000053],[23.73227920000005,37.981811900000025],[23.732293600000048,37.981819400000063],[23.732237300000065,37.98188650000003],[23.732222500000034,37.981878800000061],[23.732179500000029,37.981930000000034],[23.731914000000074,37.981791500000043]]]},"properties":{"fid":237,"historic":"archaeological_site","name_en":null,"name":null}},{"type":"Feature","id":238,"geometry":{"type":"Polygon","coordinates":[[[23.731026800000052,37.982830300000046],[23.731194300000027,37.982634200000064],[23.731306400000051,37.98269380000005],[23.731324500000028,37.982703400000048],[23.731403700000044,37.982745400000056],[23.731485200000066,37.982788700000071],[23.731317700000034,37.982984700000031],[23.731228100000067,37.982937100000072],[23.731179700000041,37.982911400000035],[23.731026800000052,37.982830300000046]]]},"properties":{"fid":238,"historic":"archaeological_site","name_en":null,"name":"Σικιαρίδειο Μέγαρο"}},{"type":"Feature","id":239,"geometry":{"type":"Polygon","coordinates":[[[23.735732600000063,37.991777700000057],[23.735717200000067,37.991706900000054],[23.735788800000023,37.991697200000033],[23.735804300000041,37.991768000000036],[23.735732600000063,37.991777700000057]]]},"properties":{"fid":239,"historic":"memorial","name_en":"Memorial of the fallen British, Australians and New Zealanders in Greece during the Second World War.","name":"Ηρώο των πεσόντων στην Ελλάδα Βρετανών, Αυστραλών και Νεοζηλανδών κατά τον Β' Παγκόσμιο Πόλεμο"}},{"type":"Feature","id":240,"geometry":{"type":"Polygon","coordinates":[[[23.732615400000043,37.991326500000071],[23.732643900000028,37.991433400000062],[23.732524600000033,37.991453100000058],[23.732509500000049,37.991396300000076],[23.732506400000034,37.991385000000037],[23.732544800000028,37.991378600000075],[23.732536700000026,37.991348300000027],[23.732505200000048,37.991353600000025],[23.732491000000039,37.991300300000034],[23.732587600000045,37.991284300000075],[23.732599600000071,37.99132910000003],[23.732615400000043,37.991326500000071]]]},"properties":{"fid":240,"historic":"archaeological_site","name_en":null,"name":null}},{"type":"Feature","id":241,"geometry":{"type":"Polygon","coordinates":[[[23.725581800000043,37.984849900000029],[23.725419500000044,37.984875700000032],[23.725426800000037,37.984904400000062],[23.725156200000072,37.984947500000033],[23.725102400000026,37.984737400000029],[23.725317500000074,37.98470320000007],[23.725513200000023,37.984672100000068],[23.72552150000007,37.984704700000066],[23.72554370000006,37.984701200000075],[23.725581800000043,37.984849900000029]]]},"properties":{"fid":241,"historic":"archaeological_site","name_en":null,"name":"Κτήριο Τσίλλερ"}},{"type":"Feature","id":242,"geometry":{"type":"Polygon","coordinates":[[[23.229863000000023,38.147820000000024],[23.229784700000039,38.148134000000027],[23.229558100000077,38.148197200000027],[23.229380000000049,38.148082500000044],[23.229342300000042,38.147990400000026],[23.229157300000054,38.147983900000042],[23.228887600000064,38.148113300000034],[23.228666200000077,38.14825200000007],[23.227624800000058,38.148544100000038],[23.226844600000049,38.148762900000065],[23.225096200000053,38.148597800000061],[23.224493400000028,38.148028600000032],[23.225477500000068,38.147742200000039],[23.225631000000078,38.146866000000045],[23.228116700000044,38.146379600000046],[23.228391400000078,38.146054900000024],[23.22889280000004,38.145914100000027],[23.229863000000023,38.147820000000024]]]},"properties":{"fid":242,"historic":"archaeological_site","name_en":"Aigosthena","name":"Αιγόσθενα"}},{"type":"Feature","id":243,"geometry":{"type":"Polygon","coordinates":[[[23.733563500000059,37.969308100000035],[23.733562000000063,37.969283500000074],[23.733723300000065,37.969283300000029],[23.733723700000041,37.969311800000071],[23.733563500000059,37.969308100000035]]]},"properties":{"fid":243,"historic":"ruins","name_en":null,"name":null}},{"type":"Feature","id":244,"geometry":{"type":"Polygon","coordinates":[[[23.733432600000071,37.969304600000044],[23.73342880000007,37.969283700000062],[23.733517200000051,37.969283700000062],[23.733511800000031,37.969307400000048],[23.733432600000071,37.969304600000044]]]},"properties":{"fid":244,"historic":"ruins","name_en":null,"name":null}},{"type":"Feature","id":245,"geometry":{"type":"Polygon","coordinates":[[[23.732594000000063,37.969509800000026],[23.732591900000045,37.969479500000034],[23.732619600000078,37.969483400000058],[23.73262260000007,37.969508800000028],[23.732594000000063,37.969509800000026]]]},"properties":{"fid":245,"historic":"ruins","name_en":null,"name":null}},{"type":"Feature","id":246,"geometry":{"type":"Polygon","coordinates":[[[23.732596900000033,37.969407900000078],[23.732598400000029,37.969384800000057],[23.732625800000051,37.969381100000078],[23.732628700000078,37.969409800000051],[23.732596900000033,37.969407900000078]]]},"properties":{"fid":246,"historic":"ruins","name_en":null,"name":null}},{"type":"Feature","id":247,"geometry":{"type":"Polygon","coordinates":[[[23.732727900000043,37.969271000000049],[23.732727400000044,37.96924800000005],[23.732751500000063,37.969247700000039],[23.732752000000062,37.969270700000038],[23.732727900000043,37.969271000000049]]]},"properties":{"fid":247,"historic":"ruins","name_en":null,"name":null}},{"type":"Feature","id":248,"geometry":{"type":"Polygon","coordinates":[[[23.732916400000079,37.969305700000064],[23.732919600000059,37.969280600000047],[23.732949500000075,37.969284100000039],[23.732946300000037,37.969305400000053],[23.732916400000079,37.969305700000064]]]},"properties":{"fid":248,"historic":"ruins","name_en":null,"name":null}},{"type":"Feature","id":249,"geometry":{"type":"Polygon","coordinates":[[[23.732662000000062,37.96930350000008],[23.732661700000051,37.969285100000036],[23.732690400000024,37.969282900000053],[23.73269300000004,37.969303300000036],[23.732662000000062,37.96930350000008]]]},"properties":{"fid":249,"historic":"ruins","name_en":null,"name":null}},{"type":"Feature","id":250,"geometry":{"type":"Polygon","coordinates":[[[23.733568400000024,37.969256800000039],[23.733563500000059,37.969234700000072],[23.733782700000063,37.969240900000045],[23.733772700000031,37.969354700000054],[23.733756000000028,37.969352900000047],[23.733754600000054,37.96926220000006],[23.733568400000024,37.969256800000039]]]},"properties":{"fid":250,"historic":"ruins","name_en":null,"name":null}},{"type":"Feature","id":252,"geometry":{"type":"Polygon","coordinates":[[[23.746106800000064,37.975776000000053],[23.746127900000033,37.975722800000028],[23.746275300000036,37.975759100000062],[23.746254200000067,37.97581230000003],[23.746106800000064,37.975776000000053]]]},"properties":{"fid":252,"historic":"archaeological_site","name_en":null,"name":null}},{"type":"Feature","id":253,"geometry":{"type":"Polygon","coordinates":[[[23.478891600000054,37.52168370000004],[23.479054700000063,37.521664000000044],[23.479352300000073,37.521676400000047],[23.479608100000064,37.52169200000003],[23.479630300000053,37.52172610000008],[23.47968510000004,37.521734400000071],[23.47972690000006,37.52170540000003],[23.47978820000003,37.521724100000029],[23.479866500000071,37.521762400000057],[23.479987900000026,37.521837900000037],[23.480155000000025,37.521971500000063],[23.480225400000052,37.522052200000076],[23.480357300000037,37.522275800000045],[23.48041470000004,37.522334800000067],[23.480519100000038,37.522409300000049],[23.48064050000005,37.522485900000049],[23.480754000000047,37.522533500000065],[23.480892400000073,37.52257080000004],[23.480986300000041,37.522580100000027],[23.481344000000036,37.522600800000077],[23.481294400000024,37.522665000000075],[23.481136400000025,37.522691900000041],[23.481088100000022,37.522739500000057],[23.481153400000039,37.522903100000065],[23.481158600000072,37.522940300000073],[23.481208200000026,37.523036600000069],[23.481285200000059,37.523098700000048],[23.481260400000053,37.523114200000066],[23.48124480000007,37.523099800000068],[23.481214700000066,37.523111100000051],[23.481157300000064,37.523230200000057],[23.481076400000063,37.523289200000079],[23.480960200000027,37.523312000000033],[23.480845400000078,37.523363700000061],[23.480716200000074,37.523331600000063],[23.480559600000049,37.523340900000051],[23.480461700000035,37.52331300000003],[23.480359900000053,37.523240500000043],[23.480258100000071,37.523231200000055],[23.480166700000041,37.523268500000029],[23.480166700000041,37.523285000000044],[23.480149700000027,37.523331600000063],[23.479759500000057,37.523191900000029],[23.479643400000043,37.523176400000068],[23.479515400000025,37.523129800000049],[23.479574200000059,37.523043900000062],[23.479610700000023,37.522959000000071],[23.479630300000053,37.522940300000073],[23.479301400000054,37.52268360000005],[23.479443700000047,37.52267020000005],[23.479116100000056,37.522115300000053],[23.479033800000025,37.521991100000037],[23.478891600000054,37.52168370000004]]]},"properties":{"fid":253,"historic":"archaeological_site","name_en":"Poseidon Temple","name":"Ιερό του Ποσειδώνα"}},{"type":"Feature","id":254,"geometry":{"type":"Polygon","coordinates":[[[23.704972200000043,37.917490200000032],[23.704802100000052,37.917263800000057],[23.704847600000051,37.917242500000043],[23.704816600000072,37.917201200000079],[23.704885300000058,37.917169100000081],[23.70492100000007,37.91721670000004],[23.704958400000066,37.917199200000027],[23.705123800000024,37.917419400000028],[23.704972200000043,37.917490200000032]]]},"properties":{"fid":254,"historic":"memorial","name_en":null,"name":"Athens Memorial"}},{"type":"Feature","id":255,"geometry":{"type":"Polygon","coordinates":[[[23.727243500000043,37.968008600000076],[23.727243900000076,37.967937100000029],[23.727270200000078,37.967934500000069],[23.727410300000031,37.967920800000059],[23.727429700000073,37.968011500000046],[23.727243500000043,37.968008600000076]]]},"properties":{"fid":255,"historic":"archaeological_site","name_en":"Swedish Institute at Athens","name":"Σουηδικό Αρχαιολογικό Ινστιτούτο"}},{"type":"Feature","id":256,"geometry":{"type":"Polygon","coordinates":[[[23.64282860000003,37.938810900000078],[23.643147200000044,37.93864700000006],[23.643646100000069,37.93925020000006],[23.643327600000077,37.939414000000056],[23.64282860000003,37.938810900000078]]]},"properties":{"fid":256,"historic":"archaeological_site","name_en":"Residential block of the Roman period","name":"Οικιστικό οικοδομικό τετράγωνο ρωμαϊκής περιόδου"}},{"type":"Feature","id":257,"geometry":{"type":"Polygon","coordinates":[[[23.763699700000075,38.028884400000038],[23.763651400000072,38.028794600000026],[23.763769400000058,38.028751300000067],[23.763816400000053,38.028842700000041],[23.763699700000075,38.028884400000038]]]},"properties":{"fid":257,"historic":"church","name_en":null,"name":"Ι. Ν. Αγίου Γεωργίου Ομορφοκκλησιά"}},{"type":"Feature","id":258,"geometry":{"type":"Polygon","coordinates":[[[23.652013300000078,37.947655000000054],[23.651986700000066,37.947623800000031],[23.652147400000047,37.947539000000063],[23.652173900000037,37.94757020000003],[23.652013300000078,37.947655000000054]]]},"properties":{"fid":258,"historic":"archaeological_site","name_en":null,"name":null}},{"type":"Feature","id":259,"geometry":{"type":"Polygon","coordinates":[[[23.533024400000045,37.754082500000038],[23.533903700000053,37.753991900000074],[23.534063200000048,37.754176600000051],[23.533574900000076,37.754635400000041],[23.532848100000024,37.754402500000026],[23.533024400000045,37.754082500000038]]]},"properties":{"fid":259,"historic":"archaeological_site","name_en":"Temple of Aphaea","name":"Ναός Αφαίας"}},{"type":"Feature","id":260,"geometry":{"type":"Polygon","coordinates":[[[23.764092800000071,38.02833540000006],[23.764210300000059,38.02827110000004],[23.76425050000006,38.028316600000039],[23.764290600000038,38.028362200000061],[23.764173000000028,38.02842650000008],[23.764092800000071,38.02833540000006]]]},"properties":{"fid":260,"historic":"tomb","name_en":null,"name":"Τάφοι Βεϊκου"}},{"type":"Feature","id":262,"geometry":{"type":"Polygon","coordinates":[[[23.723493900000051,37.967601900000034],[23.723488400000065,37.967597500000068],[23.723449300000027,37.967566300000044],[23.723510500000032,37.967511400000035],[23.723558800000035,37.967553600000031],[23.723493900000051,37.967601900000034]]]},"properties":{"fid":262,"historic":"ruins","name_en":null,"name":null}},{"type":"Feature","id":264,"geometry":{"type":"Polygon","coordinates":[[[24.022009800000035,37.911262000000079],[24.021991100000037,37.911163600000066],[24.022074600000053,37.911152300000026],[24.022094700000025,37.911252800000057],[24.022009800000035,37.911262000000079]]]},"properties":{"fid":264,"historic":"memorial","name_en":null,"name":"Πυροφυλάκιο Αετός"}},{"type":"Feature","id":265,"geometry":{"type":"Polygon","coordinates":[[[23.753138000000035,37.980116700000053],[23.753175900000031,37.98009090000005],[23.753192600000034,37.98010620000008],[23.753154700000039,37.980132000000026],[23.753138000000035,37.980116700000053]]]},"properties":{"fid":265,"historic":"memorial","name_en":"Statue of Eleftherios Venizelos","name":"Άγαλμα Ελευθερίου Βενιζέλου"}},{"type":"Feature","id":268,"geometry":{"type":"Polygon","coordinates":[[[23.720779800000059,38.010115100000064],[23.720810400000062,38.010044900000025],[23.720922600000051,38.010075200000074],[23.720892000000049,38.010145400000056],[23.720779800000059,38.010115100000064]]]},"properties":{"fid":268,"historic":"archaeological_site","name_en":null,"name":"ΣΦΣ"}},{"type":"Feature","id":271,"geometry":{"type":"Polygon","coordinates":[[[22.991669100000024,36.14655700000003],[22.991444300000069,36.146680900000035],[22.991381500000045,36.146739100000048],[22.991198100000076,36.146666700000026],[22.991162000000031,36.146642500000041],[22.991139300000043,36.146636900000033],[22.991122800000028,36.146634000000063],[22.991107000000056,36.146643100000063],[22.991063200000042,36.146680600000025],[22.991039600000079,36.146696400000053],[22.990907700000037,36.146738000000028],[22.990875100000039,36.146756500000038],[22.990829500000075,36.146760900000061],[22.99072220000005,36.146841000000052],[22.990661900000077,36.14687020000008],[22.990621600000054,36.146926500000063],[22.990588800000069,36.146966600000042],[22.990538500000071,36.146949300000074],[22.99054650000005,36.146933000000047],[22.99057270000003,36.146902700000055],[22.990555200000074,36.146894400000065],[22.990526700000032,36.146880800000076],[22.990466600000047,36.146851800000036],[22.990388200000041,36.146827600000051],[22.99033490000005,36.146807200000069],[22.990323200000034,36.146810400000049],[22.990291300000024,36.146797900000024],[22.990255400000024,36.146783800000037],[22.990232200000037,36.146777500000042],[22.990223400000048,36.146787700000061],[22.990191500000037,36.146778300000051],[22.990289100000041,36.146571400000028],[22.990489000000025,36.146310400000061],[22.990427300000079,36.14627790000003],[22.990648500000077,36.146085200000073],[22.990683400000023,36.146114400000044],[22.990826500000026,36.146077300000059],[22.990896300000031,36.146017100000051],[22.991048400000068,36.145931800000028],[22.991148100000032,36.145891600000027],[22.991256800000031,36.145896500000049],[22.991318500000034,36.145895400000029],[22.991410200000075,36.145861900000057],[22.991446600000074,36.14582850000005],[22.991526500000077,36.145795300000032],[22.991624700000045,36.145838200000071],[22.991656600000056,36.145841000000075],[22.99172260000006,36.145832700000028],[22.991777500000069,36.145850300000063],[22.99186480000003,36.145844800000077],[22.991961700000047,36.145761100000072],[22.991993100000059,36.145758900000033],[22.992123500000048,36.145683700000063],[22.992206500000066,36.145693100000074],[22.992196400000068,36.145841500000074],[22.992278200000044,36.14605970000008],[22.992317100000037,36.146284300000048],[22.992192800000055,36.14634790000008],[22.992209700000046,36.146395700000028],[22.992192900000077,36.146456500000056],[22.992187300000069,36.146497800000077],[22.992232100000024,36.146589900000038],[22.992199700000072,36.146649800000034],[22.992109600000049,36.14662590000006],[22.992019500000026,36.146517800000026],[22.991990800000053,36.146488800000043],[22.991968500000041,36.146479500000055],[22.99193310000004,36.146479200000044],[22.991872300000068,36.146486800000048],[22.991790800000047,36.146505300000058],[22.991669100000024,36.14655700000003]]]},"properties":{"fid":271,"historic":"castle","name_en":"Castle of Chora of Kythira","name":"Κάστρο Χώρας Κυθήρων"}},{"type":"Feature","id":272,"geometry":{"type":"Polygon","coordinates":[[[23.760536200000047,37.965758100000073],[23.760304200000064,37.96550760000008],[23.761009600000023,37.965150200000039],[23.761050300000022,37.965190200000052],[23.761253200000056,37.965420600000073],[23.760536200000047,37.965758100000073]]]},"properties":{"fid":272,"historic":"memorial","name_en":null,"name":"Θυσιαστήριο της λευτεριάς Σκοπευτήριο Καισαριανής"}},{"type":"Feature","id":273,"geometry":{"type":"Polygon","coordinates":[[[23.761300500000061,37.988919100000032],[23.761234200000047,37.988859800000057],[23.761339100000043,37.98878250000007],[23.761387900000045,37.988822300000038],[23.761410800000078,37.988840200000027],[23.761300500000061,37.988919100000032]]]},"properties":{"fid":273,"historic":"building","name_en":null,"name":"Σπίτι Ίδρυσης ΕΠΟΝ"}},{"type":"Feature","id":274,"geometry":{"type":"Polygon","coordinates":[[[23.798256400000071,38.015687000000071],[23.798239000000024,38.015659500000027],[23.798289900000043,38.015632000000039],[23.798309300000028,38.015632500000038],[23.798326100000054,38.015639000000078],[23.798328100000049,38.015655800000047],[23.798306000000025,38.015673700000036],[23.798256400000071,38.015687000000071]]]},"properties":{"fid":274,"historic":"building","name_en":null,"name":"Βυζαντινός ναϊσκος"}},{"type":"Feature","id":275,"geometry":{"type":"Polygon","coordinates":[[[23.727189400000043,37.97452080000005],[23.727177100000063,37.974496800000054],[23.727381200000025,37.974431300000049],[23.727393600000028,37.974455300000045],[23.727189400000043,37.97452080000005]]]},"properties":{"fid":275,"historic":"ruins","name_en":"Madrasah Gate","name":"Πύλη Μεντρεσέ"}},{"type":"Feature","id":276,"geometry":{"type":"Polygon","coordinates":[[[24.008885700000064,37.980095700000049],[24.008735600000023,37.980156400000055],[24.008498400000065,37.979563800000051],[24.009151900000063,37.979401800000062],[24.009339100000034,37.979837900000064],[24.008885700000064,37.980095700000049]]]},"properties":{"fid":276,"historic":"archaeological_site","name_en":null,"name":"Ιερό Ταυροπόλου Αρτέμιδος"}},{"type":"Feature","id":277,"geometry":{"type":"Polygon","coordinates":[[[23.497510500000033,37.707886300000041],[23.497539700000061,37.707733300000029],[23.49792560000003,37.707779300000027],[23.497896400000059,37.707932400000061],[23.497510500000033,37.707886300000041]]]},"properties":{"fid":277,"historic":"archaeological_site","name_en":null,"name":"Sanctuary of Zeus (Pan)Hellenios"}},{"type":"Feature","id":291,"geometry":{"type":"Polygon","coordinates":[[[23.84925480000004,38.012499800000057],[23.849235600000043,38.012454000000048],[23.849224000000049,38.012404200000049],[23.849417200000062,38.012375200000065],[23.849435200000073,38.01243020000004],[23.84925480000004,38.012499800000057]]]},"properties":{"fid":291,"historic":"ruins","name_en":null,"name":"Ερείπεια Βυζαντινού Ναού"}},{"type":"Feature","id":293,"geometry":{"type":"Polygon","coordinates":[[[23.730995000000064,37.99173710000008],[23.731002300000057,37.991766200000029],[23.731008800000041,37.991792500000031],[23.731127500000071,37.991775100000041],[23.731155400000034,37.99188920000006],[23.730986200000075,37.99191200000007],[23.730804500000033,37.991942600000073],[23.730736700000023,37.991953400000057],[23.730727500000057,37.991923500000041],[23.730752900000027,37.991917000000058],[23.730745100000036,37.991886700000066],[23.730720000000076,37.991890700000056],[23.730692900000065,37.991772800000035],[23.730995000000064,37.99173710000008]]]},"properties":{"fid":293,"historic":"archaeological_site","name_en":null,"name":"ΓΣΕΕ"}},{"type":"Feature","id":294,"geometry":{"type":"Polygon","coordinates":[[[23.72325010000003,37.972487800000067],[23.723292900000047,37.972518800000046],[23.723224200000061,37.972541700000079],[23.723183300000073,37.972570400000052],[23.723120700000038,37.972572900000046],[23.723015200000077,37.972553700000049],[23.722983600000077,37.972487000000058],[23.723074100000076,37.972492100000068],[23.72325010000003,37.972487800000067]]]},"properties":{"fid":294,"historic":"ruins","name_en":"Areopagus","name":"Άρειος Πάγος"}},{"type":"Feature","id":295,"geometry":{"type":"Polygon","coordinates":[[[23.719168700000068,37.970879700000069],[23.719383300000061,37.970879700000069],[23.719640800000036,37.97087300000004],[23.71991550000007,37.970845900000029],[23.720087100000057,37.97085270000008],[23.720181500000024,37.97090680000008],[23.720181500000024,37.971069200000045],[23.720009900000036,37.971353400000055],[23.719889700000067,37.971664600000054],[23.719841900000063,37.971844700000077],[23.719812500000046,37.971955600000058],[23.71974380000006,37.972023200000081],[23.719605500000057,37.972047000000032],[23.719495100000074,37.972060000000056],[23.719327100000044,37.972079800000074],[23.719184100000064,37.972084400000028],[23.719157000000052,37.972073400000056],[23.71912640000005,37.972061000000053],[23.719005700000025,37.971996200000035],[23.718974600000024,37.971976900000072],[23.718842600000073,37.971894700000064],[23.718739600000049,37.971793200000036],[23.718722400000047,37.971624000000077],[23.718928400000038,37.971461600000055],[23.718979900000022,37.971326300000044],[23.719040000000064,37.971069200000045],[23.719168700000068,37.970879700000069]]]},"properties":{"fid":295,"historic":"archaeological_site","name_en":"Pnyx","name":"Πνύκα"}},{"type":"Feature","id":296,"geometry":{"type":"Polygon","coordinates":[[[23.73481090000007,37.990876400000047],[23.734934800000076,37.990858100000025],[23.73493730000007,37.990868700000078],[23.735006700000042,37.990858500000058],[23.73503960000005,37.99099700000005],[23.734970300000043,37.99100720000007],[23.734972600000049,37.991016800000068],[23.734848700000043,37.991035100000033],[23.734846400000038,37.991025500000035],[23.734788800000047,37.991034100000036],[23.734755900000039,37.990895500000079],[23.73481350000003,37.990887000000043],[23.73481090000007,37.990876400000047]]]},"properties":{"fid":296,"historic":"archaeological_site","name_en":null,"name":null}},{"type":"Feature","id":297,"geometry":{"type":"Polygon","coordinates":[[[23.374059300000056,38.180022400000041],[23.374385700000062,38.179145000000062],[23.376194200000043,38.178595500000029],[23.377054600000065,38.178959200000065],[23.377192100000059,38.179074200000059],[23.377463700000078,38.179364900000053],[23.377304200000026,38.179668500000048],[23.376916900000026,38.179693400000076],[23.37687580000005,38.179801100000077],[23.376766000000032,38.179836500000079],[23.376652200000024,38.179782400000079],[23.375700700000039,38.179816600000038],[23.374343000000067,38.180141100000071],[23.374059300000056,38.180022400000041]]]},"properties":{"fid":297,"historic":"archaeological_site","name_en":"Fort of Eleutherai","name":"Φρούριο Ελευθερών"}},{"type":"Feature","id":298,"geometry":{"type":"Polygon","coordinates":[[[23.373392700000068,38.180156800000077],[23.373857500000042,38.17897140000008],[23.374265700000024,38.178409900000077],[23.375580900000045,38.178008800000043],[23.375989100000027,38.177598800000055],[23.376351900000031,38.177491900000064],[23.377621800000043,38.177696900000058],[23.378959700000053,38.177839500000061],[23.379481300000066,38.178748600000063],[23.378687600000035,38.179818100000034],[23.377791900000034,38.180370700000026],[23.37579640000007,38.180486600000052],[23.374345100000028,38.180771800000059],[23.373426700000039,38.18069150000008],[23.373392700000068,38.180156800000077]]]},"properties":{"fid":298,"historic":"archaeological_site","name_en":null,"name":"Ελευθερές"}},{"type":"Feature","id":299,"geometry":{"type":"Polygon","coordinates":[[[23.745697700000051,37.975690000000043],[23.74568940000006,37.975688600000069],[23.74569450000007,37.975670600000058],[23.745705900000075,37.975629300000037],[23.745714200000066,37.975630700000067],[23.74570570000003,37.97566130000007],[23.745701600000075,37.975676000000078],[23.745697700000051,37.975690000000043]]]},"properties":{"fid":299,"historic":"memorial","name_en":null,"name":"Στον Αστράτευτο Μαχητή της Μάχης της Κρήτης"}},{"type":"Feature","id":300,"geometry":{"type":"Polygon","coordinates":[[[23.716183300000068,37.981518400000027],[23.716327000000035,37.981321200000025],[23.716552300000046,37.98142370000005],[23.716427400000043,37.981592400000068],[23.716183300000068,37.981518400000027]]]},"properties":{"fid":300,"historic":"archaeological_site","name_en":null,"name":"Δημόσιο Σήμα"}},{"type":"Feature","id":303,"geometry":{"type":"Polygon","coordinates":[[[23.665549600000077,38.011567200000059],[23.665542300000027,38.011593300000072],[23.66559060000003,38.011601700000028],[23.665578200000027,38.011645800000053],[23.665529100000072,38.011637400000041],[23.665512900000067,38.011695900000063],[23.665440900000078,38.011683600000026],[23.665453600000035,38.011637800000074],[23.665405200000066,38.011629500000026],[23.665415300000063,38.011593000000062],[23.66546470000003,38.011601400000075],[23.665477600000031,38.011554800000056],[23.665549600000077,38.011567200000059]]]},"properties":{"fid":303,"historic":"archaeological_site","name_en":null,"name":"Παλατάκι"}},{"type":"Feature","id":304,"geometry":{"type":"Polygon","coordinates":[[[23.363622400000054,37.97649720000004],[23.363603900000044,37.97647980000005],[23.363594600000056,37.97646160000005],[23.363592200000028,37.976442100000043],[23.363597000000027,37.976422900000046],[23.363608500000055,37.976405500000055],[23.363625800000023,37.976391500000034],[23.363647400000048,37.976381900000035],[23.363671700000054,37.976377500000069],[23.36369650000006,37.976378800000077],[23.363719800000069,37.976385600000071],[23.363742400000035,37.976399600000036],[23.363757900000053,37.976418700000067],[23.363764600000025,37.976440800000034],[23.363761700000055,37.976463400000057],[23.363749600000062,37.976483900000062],[23.363729600000056,37.976500200000032],[23.363703900000075,37.976510400000052],[23.363675300000068,37.976513400000044],[23.363647100000037,37.976508800000033],[23.363622400000054,37.97649720000004]]]},"properties":{"fid":304,"historic":"ruins","name_en":null,"name":null}},{"type":"Feature","id":305,"geometry":{"type":"Polygon","coordinates":[[[23.69254920000003,38.20188150000007],[23.692563600000028,38.20180090000008],[23.692651200000057,38.201810600000044],[23.692636900000025,38.201891100000068],[23.69254920000003,38.20188150000007]]]},"properties":{"fid":305,"historic":"ruins","name_en":"Limiko Tower","name":"Πύργος Λοιμικού"}},{"type":"Feature","id":307,"geometry":{"type":"Polygon","coordinates":[[[23.347748600000045,37.504441900000074],[23.347603700000036,37.504110700000069],[23.347806600000069,37.503963500000054],[23.347626900000023,37.503590900000063],[23.34736010000006,37.502822800000047],[23.348751700000037,37.501994800000034],[23.350033100000076,37.502638800000057],[23.349662000000023,37.502910200000031],[23.349146000000076,37.50302060000007],[23.348827100000051,37.503324200000066],[23.348247300000025,37.503945100000067],[23.348345800000061,37.504170500000043],[23.347887800000024,37.504446500000029],[23.347748600000045,37.504441900000074]]]},"properties":{"fid":307,"historic":"archaeological_site","name_en":"Ancient Troezen","name":"Αρχαία Τροιζήνα"}},{"type":"Feature","id":308,"geometry":{"type":"Polygon","coordinates":[[[23.356433200000026,37.499268200000074],[23.356412600000056,37.499215700000036],[23.356454800000051,37.499205300000028],[23.356475400000022,37.499257800000066],[23.356433200000026,37.499268200000074]]]},"properties":{"fid":308,"historic":"ruins","name_en":null,"name":"Ιερό των Μουσών"}},{"type":"Feature","id":309,"geometry":{"type":"Polygon","coordinates":[[[23.355226600000037,37.499126600000068],[23.355212300000062,37.499042000000031],[23.35536170000006,37.499026100000037],[23.355376000000035,37.499110600000051],[23.355226600000037,37.499126600000068]]]},"properties":{"fid":309,"historic":"archaeological_site","name_en":null,"name":"Πύργος Διατειχίσματος"}},{"type":"Feature","id":311,"geometry":{"type":"Polygon","coordinates":[[[23.725776000000053,37.971031500000038],[23.725621500000045,37.970742400000063],[23.726513800000077,37.970616300000074],[23.727072000000078,37.970635900000048],[23.727097800000024,37.970787100000052],[23.727128900000025,37.970827100000065],[23.727135300000043,37.970850100000064],[23.72715560000006,37.970948700000065],[23.725776000000053,37.971031500000038]]]},"properties":{"fid":311,"historic":"archaeological_site","name_en":null,"name":"Ασκληπιείο Αθηνών"}},{"type":"Feature","id":312,"geometry":{"type":"Polygon","coordinates":[[[23.979937200000052,38.102283600000078],[23.980130400000064,38.102709600000026],[23.980189300000063,38.102895700000033],[23.980369200000041,38.10285900000008],[23.980300200000045,38.103428800000074],[23.979599300000075,38.103537300000028],[23.979416900000047,38.103630200000055],[23.978901900000039,38.103642900000068],[23.978714100000047,38.103588000000059],[23.978617600000064,38.103507800000045],[23.97854250000006,38.103233400000079],[23.978722800000071,38.102002800000037],[23.97989670000004,38.102273300000036],[23.979937200000052,38.102283600000078]]]},"properties":{"fid":312,"historic":"archaeological_site","name_en":null,"name":"Μπρεξίζα"}},{"type":"Feature","id":313,"geometry":{"type":"Polygon","coordinates":[[[23.615811600000029,38.013092900000061],[23.615785200000062,38.013345400000048],[23.615466100000049,38.013419900000031],[23.615457200000037,38.013369600000033],[23.615381300000024,38.012939600000038],[23.615320500000053,38.012595700000077],[23.61553310000005,38.01257430000004],[23.615847400000064,38.01251220000006],[23.615873300000032,38.012507000000028],[23.616166700000065,38.012413600000059],[23.616411800000037,38.012467700000059],[23.616636700000072,38.012552000000028],[23.615984800000035,38.012979400000063],[23.615811600000029,38.013092900000061]]]},"properties":{"fid":313,"historic":"archaeological_site","name_en":"Sanctuary of Aphrodite","name":"Ιερό Αφροδίτης"}},{"type":"Feature","id":314,"geometry":{"type":"Polygon","coordinates":[[[23.906112600000029,38.166880300000059],[23.905991500000027,38.16691620000006],[23.905949600000042,38.166828700000053],[23.906070700000043,38.166792800000053],[23.906112600000029,38.166880300000059]]]},"properties":{"fid":314,"historic":"archaeological_site","name_en":null,"name":null}},{"type":"Feature","id":317,"geometry":{"type":"Polygon","coordinates":[[[23.79348200000004,37.960648500000048],[23.793634900000029,37.960595800000078],[23.793672800000024,37.960666400000036],[23.793520700000045,37.960719100000063],[23.79348200000004,37.960648500000048]]]},"properties":{"fid":317,"historic":"church","name_en":"St. Mark","name":"Ερείπια παλαιοχριστιανικής Αγ. Μάρκου (Φραγκομονάστηρο)"}},{"type":"Feature","id":321,"geometry":{"type":"Polygon","coordinates":[[[23.425280200000032,37.749224200000072],[23.42520600000006,37.749328300000059],[23.42515910000003,37.749487200000033],[23.425024700000051,37.749803800000052],[23.424917900000025,37.749953500000061],[23.424718700000028,37.750163800000053],[23.42443860000003,37.750419400000055],[23.424110000000042,37.750727300000051],[23.423880200000042,37.75075140000007],[23.423488700000064,37.750800300000037],[23.423284500000022,37.750764100000026],[23.422987100000057,37.750638900000069],[23.422776500000055,37.750560700000051],[23.422496400000057,37.750532700000065],[23.422244800000044,37.750514000000067],[23.42204890000005,37.750431300000059],[23.422032400000035,37.750271400000031],[23.422104600000068,37.750142100000062],[23.422227700000064,37.749911700000041],[23.422485800000061,37.749630000000025],[23.422663800000066,37.749604700000077],[23.422989400000063,37.749534800000049],[23.42327350000005,37.749477100000036],[23.423585400000036,37.749268800000038],[23.423750400000074,37.749195500000042],[23.423938000000078,37.749189000000058],[23.42417770000003,37.74916230000008],[23.424437100000034,37.749162500000068],[23.424611200000072,37.749186400000042],[23.424780100000078,37.749202400000058],[23.424840500000073,37.749213000000054],[23.42486660000003,37.749217500000043],[23.425280200000032,37.749224200000072]]]},"properties":{"fid":321,"historic":"archaeological_site","name_en":null,"name":"Αρχαιολογικός χώρος Κολώνας"}},{"type":"Feature","id":322,"geometry":{"type":"Polygon","coordinates":[[[23.811866300000077,38.072151800000029],[23.811930800000027,38.072096800000054],[23.811982300000068,38.07213420000005],[23.811917900000026,38.072189200000025],[23.811866300000077,38.072151800000029]]]},"properties":{"fid":322,"historic":"monument","name_en":null,"name":"Ρωμαϊκό Ταφικό Μνημείο"}},{"type":"Feature","id":323,"geometry":{"type":"Polygon","coordinates":[[[23.715066700000023,37.969114600000069],[23.714959100000044,37.968959200000029],[23.714774000000034,37.968210400000032],[23.714740100000029,37.968024900000046],[23.714734700000065,37.96792060000007],[23.714754900000059,37.967783300000065],[23.714774100000056,37.967653700000028],[23.714812600000073,37.967570900000055],[23.715370700000051,37.966753100000062],[23.715605100000062,37.96670000000006],[23.716189400000076,37.966978600000061],[23.716216200000076,37.966955200000029],[23.716104600000051,37.966819900000075],[23.71609600000005,37.96667780000007],[23.716130300000032,37.966616900000076],[23.716121700000031,37.966556000000026],[23.716010200000028,37.966407100000026],[23.715778400000033,37.966217700000072],[23.716211600000065,37.965721100000053],[23.716880800000069,37.965183800000034],[23.717152300000066,37.965055900000038],[23.717487500000061,37.96500350000008],[23.717746400000067,37.965013600000077],[23.718042700000069,37.965049700000066],[23.718610800000079,37.965175600000066],[23.720893900000078,37.96548690000003],[23.721280200000024,37.965588400000058],[23.721966800000075,37.966095900000028],[23.723554700000022,37.967327400000045],[23.723219900000061,37.967638600000043],[23.723671400000057,37.968045000000075],[23.723598300000049,37.968947400000047],[23.723392500000045,37.968947100000037],[23.723396900000068,37.969135200000039],[23.723176600000045,37.969224800000063],[23.722788900000069,37.969382500000052],[23.722617600000035,37.969452100000069],[23.722576400000037,37.969393400000058],[23.722619100000031,37.969370900000058],[23.722553300000072,37.96929700000004],[23.722470200000032,37.969324100000051],[23.722401000000048,37.969262100000037],[23.722126600000024,37.969372000000078],[23.72214740000004,37.969432700000027],[23.722353100000078,37.969702400000074],[23.722344500000077,37.969858000000045],[23.722286100000076,37.969956400000058],[23.721821700000078,37.970245900000066],[23.721359800000073,37.970570000000066],[23.721268900000041,37.970720300000039],[23.720677500000079,37.972135300000048],[23.720299700000055,37.972146300000077],[23.719932300000039,37.972264900000027],[23.719723700000031,37.972332400000028],[23.719677900000079,37.972356200000036],[23.719609500000047,37.972386500000027],[23.719490000000064,37.972440500000062],[23.719398700000056,37.972497200000078],[23.719311000000062,37.972553800000071],[23.719216000000074,37.972639900000047],[23.71914570000007,37.972684400000048],[23.718959500000039,37.972853100000066],[23.718848800000046,37.972948700000074],[23.718778500000042,37.972994400000061],[23.71873880000004,37.973010300000055],[23.718690700000025,37.973012400000073],[23.718634500000064,37.973044300000026],[23.718643300000053,37.973077500000045],[23.718661600000075,37.973118900000031],[23.718697200000065,37.973149000000035],[23.718755600000065,37.973126800000045],[23.718813100000034,37.97312450000004],[23.718936100000064,37.97319740000006],[23.719190300000037,37.973317400000042],[23.719613300000049,37.973483300000055],[23.719676500000048,37.973512500000027],[23.720133500000031,37.973673000000076],[23.720016700000031,37.974009600000045],[23.719144200000073,37.973805700000071],[23.719181700000036,37.973721400000045],[23.719168600000046,37.973652800000025],[23.718976400000031,37.973537200000067],[23.718449200000066,37.97400470000008],[23.718372200000033,37.973984300000041],[23.718292900000051,37.973958400000072],[23.718240900000069,37.973928900000033],[23.718140400000038,37.973884700000042],[23.718074900000033,37.973866800000053],[23.718022500000075,37.973865800000056],[23.717967100000067,37.973874500000079],[23.717905100000053,37.973895800000037],[23.717867500000068,37.97391250000004],[23.717800900000043,37.973958700000026],[23.717668600000025,37.974196400000039],[23.717624100000023,37.974179800000059],[23.717532700000049,37.974146500000074],[23.717439600000034,37.974100800000031],[23.717300800000032,37.974027400000068],[23.71720380000005,37.973964100000046],[23.717043100000069,37.973829300000034],[23.716902800000071,37.973674100000039],[23.716796800000054,37.973345300000062],[23.716761600000041,37.973234700000035],[23.716741300000024,37.973176100000046],[23.716717300000028,37.972931900000049],[23.716712800000039,37.972707100000036],[23.716711500000031,37.972619000000066],[23.716699100000028,37.972547500000076],[23.716687800000045,37.972481200000061],[23.716669300000035,37.972410400000058],[23.716622100000052,37.972299700000065],[23.716555000000028,37.972165600000039],[23.716453200000046,37.972000900000069],[23.716205800000068,37.971538900000041],[23.716118800000061,37.971405700000048],[23.716034400000069,37.971286200000065],[23.715989600000057,37.971207900000024],[23.715947400000061,37.971143300000051],[23.715895200000034,37.971045300000071],[23.715867900000035,37.970984600000065],[23.715833700000076,37.970923000000028],[23.715773500000068,37.970818200000053],[23.715703900000051,37.970702600000038],[23.715646800000059,37.970600800000057],[23.715569800000026,37.970473500000026],[23.715527200000054,37.970409400000051],[23.715475400000059,37.970336400000065],[23.715438100000028,37.970275600000036],[23.715415700000051,37.970226700000069],[23.715388400000052,37.970185600000036],[23.715358800000047,37.970147100000077],[23.715313900000069,37.97007590000004],[23.715302200000053,37.970032600000025],[23.715284100000076,37.969985800000075],[23.715279400000043,37.969949500000041],[23.715281200000049,37.969917600000031],[23.715294400000062,37.969887400000061],[23.715319800000032,37.969852500000059],[23.715353200000038,37.969829000000061],[23.715369800000076,37.969811200000038],[23.715380700000026,37.969790300000057],[23.715383200000076,37.969765500000051],[23.715376900000024,37.96973470000006],[23.715350300000068,37.969639500000028],[23.715253100000041,37.96925600000003],[23.71513740000006,37.96917650000006],[23.715066700000023,37.969114600000069]]]},"properties":{"fid":323,"historic":"archaeological_site","name_en":"Western hills of Athens","name":"Δυτικοί λόφοι Αθηνών"}},{"type":"Feature","id":324,"geometry":{"type":"Polygon","coordinates":[[[23.722261800000069,37.974327200000062],[23.72219350000006,37.974323800000036],[23.722195600000077,37.974296500000037],[23.722075200000063,37.974290500000052],[23.72208820000003,37.97412920000005],[23.722277000000076,37.974138700000026],[23.722261800000069,37.974327200000062]]]},"properties":{"fid":324,"historic":"ruins","name_en":null,"name":"South west Fountain House"}},{"type":"Feature","id":325,"geometry":{"type":"Polygon","coordinates":[[[23.722910600000034,37.974819400000058],[23.722915500000056,37.974727100000052],[23.723423900000057,37.974738100000025],[23.72337170000003,37.975334800000041],[23.723269300000027,37.975335100000052],[23.723263800000041,37.975427600000046],[23.722988600000065,37.975424400000065],[23.722992800000043,37.97532190000004],[23.72288240000006,37.975317400000051],[23.722910600000034,37.974819400000058]]]},"properties":{"fid":325,"historic":"archaeological_site","name_en":"Odeon of Agrippa","name":"Ωδείο τού Αγρίππα"}},{"type":"Feature","id":326,"geometry":{"type":"Polygon","coordinates":[[[23.722915500000056,37.974727100000052],[23.722910600000034,37.974819400000058],[23.722844400000042,37.974817200000075],[23.722846000000061,37.97478650000005],[23.722473000000036,37.974774100000047],[23.722471400000074,37.974803000000065],[23.722391500000072,37.974800300000027],[23.722393600000032,37.974761200000046],[23.722289900000078,37.974757800000077],[23.72229070000003,37.974742800000058],[23.72225700000007,37.974741600000073],[23.722257500000069,37.974731100000042],[23.722221400000024,37.974729900000057],[23.722222800000054,37.974704200000076],[23.722915500000056,37.974727100000052]]]},"properties":{"fid":326,"historic":"ruins","name_en":"Offices","name":"Γραφεία"}},{"type":"Feature","id":327,"geometry":{"type":"Polygon","coordinates":[[[23.723516600000039,37.974140300000045],[23.722687200000053,37.974117000000035],[23.723181800000077,37.974044700000036],[23.723285600000054,37.974029500000029],[23.723645900000065,37.973976900000025],[23.723681400000032,37.974119700000074],[23.723516600000039,37.974140300000045]]]},"properties":{"fid":327,"historic":"ruins","name_en":"South Stoa I","name":"Νότια Στοά 1"}},{"type":"Feature","id":328,"geometry":{"type":"Polygon","coordinates":[[[23.720361500000024,37.980148400000076],[23.720191000000057,37.980085200000076],[23.720227400000056,37.980031200000042],[23.720332300000052,37.980068000000074],[23.720358600000054,37.980038100000058],[23.720422700000029,37.980062200000077],[23.720361500000024,37.980148400000076]]]},"properties":{"fid":328,"historic":"ruins","name_en":null,"name":null}},{"type":"Feature","id":329,"geometry":{"type":"Polygon","coordinates":[[[23.720061300000054,37.979808600000069],[23.720150400000023,37.97968080000004],[23.720247200000074,37.979725300000041],[23.720159500000022,37.979848000000061],[23.720061300000054,37.979808600000069]]]},"properties":{"fid":329,"historic":"ruins","name_en":null,"name":null}},{"type":"Feature","id":330,"geometry":{"type":"Polygon","coordinates":[[[23.731652300000064,38.004051700000048],[23.731605900000034,38.003957000000071],[23.731669900000043,38.003945800000054],[23.731674600000076,38.003961200000049],[23.731697300000064,38.003955700000063],[23.731696700000043,38.003944900000079],[23.731747700000028,38.00393530000008],[23.731761400000039,38.003986600000076],[23.73174460000007,38.003990900000076],[23.73175290000006,38.004024800000025],[23.731652300000064,38.004051700000048]]]},"properties":{"fid":330,"historic":"building","name_en":null,"name":"Οικία Λέλας Καραγιάννη"}},{"type":"Feature","id":331,"geometry":{"type":"Polygon","coordinates":[[[23.642467900000042,37.945626900000036],[23.642487100000039,37.945613800000046],[23.642506700000069,37.945600500000069],[23.642843500000026,37.945768800000053],[23.642772800000046,37.945856800000058],[23.642740600000025,37.945896800000071],[23.64271750000006,37.945925900000077],[23.64262320000006,37.945925300000056],[23.642517600000076,37.94592490000008],[23.642487600000038,37.945924700000035],[23.642465800000025,37.945924600000069],[23.642467800000077,37.945642900000053],[23.642467900000042,37.945626900000036]]]},"properties":{"fid":331,"historic":"archaeological_site","name_en":null,"name":"Μακρά Στοά"}},{"type":"Feature","id":332,"geometry":{"type":"Polygon","coordinates":[[[23.690104900000051,37.932988700000067],[23.690051900000071,37.933039600000029],[23.689986800000042,37.932997300000068],[23.689965200000074,37.933018000000061],[23.689926600000035,37.932992900000045],[23.69000120000004,37.932921400000055],[23.690104900000051,37.932988700000067]]]},"properties":{"fid":332,"historic":"church","name_en":null,"name":"Άγιος Γεώργιος"}},{"type":"Feature","id":333,"geometry":{"type":"Polygon","coordinates":[[[23.692656700000043,37.933126200000061],[23.692656500000055,37.933132900000032],[23.692643200000077,37.933132600000079],[23.692642800000044,37.933141500000033],[23.692550500000038,37.933139100000062],[23.692550200000028,37.933147800000029],[23.692516200000057,37.933146900000054],[23.692516900000044,37.933129300000076],[23.692505600000061,37.933129100000031],[23.692506800000046,37.933100400000058],[23.692518100000029,37.933100700000068],[23.692518800000073,37.933083100000033],[23.692552800000044,37.933084000000065],[23.692552400000068,37.933092400000078],[23.692644700000073,37.933094700000026],[23.69264430000004,37.933103900000049],[23.692657600000075,37.933104300000025],[23.69265740000003,37.933110200000044],[23.692660000000046,37.933111200000042],[23.692662200000029,37.933112700000038],[23.692663700000026,37.933114600000067],[23.692664600000057,37.933116700000028],[23.692664700000023,37.933119000000033],[23.692664100000059,37.933121200000073],[23.692662600000062,37.933123200000068],[23.692660600000067,37.93312480000003],[23.692656700000043,37.933126200000061]]]},"properties":{"fid":333,"historic":"church","name_en":null,"name":"Αγία Σκέπη"}},{"type":"Feature","id":336,"geometry":{"type":"Polygon","coordinates":[[[23.739338700000076,37.902612300000044],[23.739400600000067,37.902519100000063],[23.739437200000054,37.90243780000003],[23.739480100000037,37.902357800000061],[23.739509200000043,37.902317100000062],[23.739568200000065,37.902276000000029],[23.739639500000067,37.90225120000008],[23.73970950000006,37.902244200000041],[23.739779700000042,37.902247300000056],[23.739841300000023,37.902269500000045],[23.739912100000026,37.902299800000037],[23.739988600000061,37.902336600000069],[23.740028700000039,37.902365800000041],[23.740065000000072,37.902410400000065],[23.740091500000062,37.902462200000059],[23.74009060000003,37.902526600000044],[23.740064800000027,37.902598500000067],[23.740021600000034,37.902636700000073],[23.739972300000034,37.902674200000035],[23.739925000000028,37.90270060000006],[23.73984020000006,37.902712300000076],[23.739744900000062,37.902707900000053],[23.739651400000071,37.902709900000048],[23.739595300000076,37.902665400000046],[23.739525900000046,37.902631500000041],[23.739459500000066,37.902627800000062],[23.739338700000076,37.902612300000044]]]},"properties":{"fid":336,"historic":"archaeological_site","name_en":null,"name":"Τάφοι του αρχαίου Αττικού Δήμου Ευώνυμου"}},{"type":"Feature","id":337,"geometry":{"type":"Polygon","coordinates":[[[23.551028300000041,38.047054900000035],[23.551544900000067,38.047206100000039],[23.551411800000039,38.047422300000051],[23.550620200000026,38.047045900000057],[23.550813600000026,38.047047600000042],[23.551028300000041,38.047054900000035]]]},"properties":{"fid":337,"historic":"ruins","name_en":null,"name":"Eleusina Roman Bridge (Attica)"}},{"type":"Feature","id":338,"geometry":{"type":"Polygon","coordinates":[[[23.810606000000064,38.011609800000031],[23.810550600000056,38.011462400000028],[23.810651200000052,38.011439000000053],[23.81070660000006,38.011586300000033],[23.810606000000064,38.011609800000031]]]},"properties":{"fid":338,"historic":"archaeological_site","name_en":null,"name":null}},{"type":"Feature","id":339,"geometry":{"type":"Polygon","coordinates":[[[23.810454800000059,38.01162910000005],[23.810386600000072,38.011454900000047],[23.810400900000047,38.011451400000055],[23.810380300000077,38.011398800000052],[23.810455000000047,38.011380600000052],[23.810543800000062,38.011607500000025],[23.810454800000059,38.01162910000005]]]},"properties":{"fid":339,"historic":"archaeological_site","name_en":null,"name":null}},{"type":"Feature","id":340,"geometry":{"type":"Polygon","coordinates":[[[23.811043400000074,38.011629200000073],[23.811014800000066,38.011519000000078],[23.811156500000038,38.011496100000045],[23.811176100000068,38.011569800000075],[23.811209600000041,38.011591000000067],[23.811183800000038,38.011625400000071],[23.811147900000037,38.011612100000036],[23.811043400000074,38.011629200000073]]]},"properties":{"fid":340,"historic":"archaeological_site","name_en":null,"name":"Οικία Στρατηγού \"Γεώργιου Τόμπρα\""}},{"type":"Feature","id":341,"geometry":{"type":"Polygon","coordinates":[[[24.008843200000058,37.977424000000042],[24.008858600000053,37.977294400000062],[24.009029600000076,37.977342500000077],[24.00900450000006,37.977453900000057],[24.008843200000058,37.977424000000042]]]},"properties":{"fid":341,"historic":"archaeological_site","name_en":null,"name":"Μικρός ναός Αρτέμιδος"}},{"type":"Feature","id":342,"geometry":{"type":"Polygon","coordinates":[[[23.978992300000073,38.103490700000066],[23.978994100000023,38.103440600000056],[23.978958700000078,38.103439200000025],[23.978967500000067,38.103302700000029],[23.979013500000065,38.103304100000059],[23.979011800000023,38.103247000000067],[23.979061300000069,38.103247000000067],[23.979063100000076,38.103213600000061],[23.979252400000064,38.103215000000034],[23.979250700000023,38.103244200000063],[23.979314400000078,38.103245600000037],[23.979310800000064,38.10329020000006],[23.979353300000071,38.103291600000034],[23.979344400000059,38.103461500000037],[23.979310800000064,38.103462900000068],[23.979309000000057,38.103492100000039],[23.979241800000068,38.103490700000066],[23.979241800000068,38.103525500000046],[23.979171000000065,38.103525500000046],[23.979172800000072,38.10357010000007],[23.97912320000006,38.10357010000007],[23.979125000000067,38.103525500000046],[23.979061300000069,38.103524100000072],[23.979059500000062,38.103492100000039],[23.978992300000073,38.103490700000066]]]},"properties":{"fid":342,"historic":"archaeological_site","name_en":null,"name":"Ιερό των Αιγυπτίων Θεών"}},{"type":"Feature","id":343,"geometry":{"type":"Polygon","coordinates":[[[23.979514300000062,38.102793100000042],[23.979542600000059,38.102503400000046],[23.979694800000061,38.102433800000028],[23.979951400000061,38.102804200000037],[23.979854100000068,38.102800000000059],[23.979514300000062,38.102793100000042]]]},"properties":{"fid":343,"historic":"archaeological_site","name_en":null,"name":"Βαλάνειο"}},{"type":"Feature","id":344,"geometry":{"type":"Polygon","coordinates":[[[23.80875240000006,38.019165500000042],[23.808721600000069,38.019158100000027],[23.808673300000066,38.01907250000005],[23.808814100000063,38.019021800000075],[23.808873100000028,38.019122200000027],[23.80875240000006,38.019165500000042]]]},"properties":{"fid":344,"historic":"archaeological_site","name_en":null,"name":"Βίλα Κεφαλληνού"}},{"type":"Feature","id":346,"geometry":{"type":"Polygon","coordinates":[[[23.724804800000072,37.971797700000025],[23.72481270000003,37.971752200000026],[23.724877800000058,37.971759000000077],[23.724869900000044,37.971804600000041],[23.724846200000059,37.971802100000048],[23.724804800000072,37.971797700000025]]]},"properties":{"fid":346,"historic":"ruins","name_en":"Monument of Agrippa","name":"Μνημείο του Αγρίππα"}},{"type":"Feature","id":347,"geometry":{"type":"Polygon","coordinates":[[[23.681562700000029,37.99182200000007],[23.681511000000057,37.991689400000041],[23.681783900000028,37.991623300000072],[23.681835600000056,37.991756000000066],[23.681562700000029,37.99182200000007]]]},"properties":{"fid":347,"historic":"ruins","name_en":"The Sacred Way to Eleusis","name":"Ιερά Οδός"}},{"type":"Feature","id":348,"geometry":{"type":"Polygon","coordinates":[[[23.720654000000025,37.97191330000004],[23.720686600000079,37.971874200000059],[23.72076560000005,37.971903100000077],[23.720740300000045,37.971947300000068],[23.720654000000025,37.97191330000004]]]},"properties":{"fid":348,"historic":"ruins","name_en":"East road","name":"Ανατολική οδός"}},{"type":"Feature","id":349,"geometry":{"type":"Polygon","coordinates":[[[23.73828670000006,38.020840700000065],[23.738238000000024,38.020827700000041],[23.738204800000062,38.020819600000038],[23.738077900000064,38.020784500000048],[23.738071300000058,38.020782700000041],[23.738029900000072,38.020772000000079],[23.738034000000027,38.020715500000051],[23.73806680000007,38.020726600000046],[23.738119200000028,38.020611400000064],[23.738206700000035,38.02063000000004],[23.738270700000044,38.02064740000003],[23.738359800000069,38.020666400000039],[23.73828670000006,38.020840700000065]]]},"properties":{"fid":349,"historic":"archaeological_site","name_en":null,"name":"Ίδρυμα Γληνού"}},{"type":"Feature","id":350,"geometry":{"type":"Polygon","coordinates":[[[23.721358700000053,37.967459900000051],[23.721247000000062,37.967348600000037],[23.721377800000027,37.967267000000049],[23.721489400000053,37.96737840000003],[23.721358700000053,37.967459900000051]]]},"properties":{"fid":350,"historic":"archaeological_site","name_en":"Philopappos Monument","name":"Μνημείο Φιλοπάππου"}},{"type":"Feature","id":352,"geometry":{"type":"Polygon","coordinates":[[[23.424724800000035,38.163603600000044],[23.424676700000077,38.163527900000076],[23.424732100000028,38.163586400000042],[23.424765600000057,38.163577200000077],[23.424771500000077,38.163586400000042],[23.424724800000035,38.163603600000044]]]},"properties":{"fid":352,"historic":"ruins","name_en":"Mazi Tower","name":"Tour de Mazi"}},{"type":"Feature","id":353,"geometry":{"type":"Polygon","coordinates":[[[23.693825700000048,37.98789140000008],[23.693774400000052,37.987757100000067],[23.694039500000031,37.987694200000078],[23.694090800000026,37.987828500000035],[23.693825700000048,37.98789140000008]]]},"properties":{"fid":353,"historic":"archaeological_site","name_en":null,"name":null}},{"type":"Feature","id":354,"geometry":{"type":"Polygon","coordinates":[[[23.720248600000048,37.970133200000078],[23.72027120000007,37.970020500000032],[23.720361500000024,37.97003170000005],[23.720357500000034,37.970051700000056],[23.720444600000064,37.97006250000004],[23.720433000000071,37.970120400000042],[23.720355200000029,37.970110700000077],[23.720348200000046,37.970145500000058],[23.720248600000048,37.970133200000078]]]},"properties":{"fid":354,"historic":"church","name_en":"Church of Agios Dimitrios Loumbardiaris","name":"Άγιος Δημήτριος Λουμπαρδιάρης"}},{"type":"Feature","id":355,"geometry":{"type":"Polygon","coordinates":[[[23.726979800000038,37.987150200000031],[23.72697050000005,37.987101600000074],[23.727014700000041,37.987000200000068],[23.727034800000069,37.986983200000054],[23.727064300000052,37.986969500000043],[23.727146000000062,37.986955100000046],[23.727176000000043,37.987090400000056],[23.727183700000069,37.987123800000063],[23.727065300000049,37.987139200000058],[23.726979800000038,37.987150200000031]]]},"properties":{"fid":355,"historic":"archaeological_site","name_en":null,"name":null}},{"type":"Feature","id":356,"geometry":{"type":"Polygon","coordinates":[[[23.725980700000036,37.989085100000068],[23.726013200000068,37.988990000000058],[23.726357500000063,37.98902170000008],[23.726349500000026,37.989120000000071],[23.725980700000036,37.989085100000068]]]},"properties":{"fid":356,"historic":"archaeological_site","name_en":null,"name":null}},{"type":"Feature","id":358,"geometry":{"type":"Polygon","coordinates":[[[23.727136700000074,37.993158300000061],[23.727303900000038,37.993161200000031],[23.727310500000044,37.993248300000062],[23.727358700000025,37.993246200000044],[23.727362800000037,37.99331490000003],[23.727500900000052,37.993294800000058],[23.727529100000027,37.993423800000073],[23.727162900000053,37.993478700000026],[23.727136700000074,37.993158300000061]]]},"properties":{"fid":358,"historic":"building","name_en":null,"name":"2ο Γενικό Λύκειο Αθηνών «Θεόδωρος Αγγελόπουλος»"}},{"type":"Feature","id":359,"geometry":{"type":"Polygon","coordinates":[[[23.709111600000028,37.973960000000034],[23.709173200000066,37.973852600000043],[23.709277900000075,37.973906000000056],[23.709267800000077,37.973920200000066],[23.709198800000024,37.974001200000032],[23.709111600000028,37.973960000000034]]]},"properties":{"fid":359,"historic":"memorial","name_en":null,"name":null}},{"type":"Feature","id":360,"geometry":{"type":"Polygon","coordinates":[[[23.997619100000065,38.019464700000071],[23.997616200000039,38.019354800000031],[23.997836900000038,38.019350800000041],[23.997834600000033,38.019268200000056],[23.99798880000003,38.01926670000006],[23.997989000000075,38.019347700000026],[23.998110700000041,38.019345000000044],[23.998112200000037,38.019451700000047],[23.99804720000003,38.019453800000065],[23.998048900000072,38.019526300000052],[23.997939300000041,38.019529900000066],[23.997937000000036,38.019460600000059],[23.997732100000064,38.019462800000042],[23.997619100000065,38.019464700000071]]]},"properties":{"fid":360,"historic":"archaeological_site","name_en":null,"name":"Ρωμαϊκό Βαλανείο Ραφήνας"}},{"type":"Feature","id":361,"geometry":{"type":"Polygon","coordinates":[[[23.699937300000045,37.959546600000067],[23.700020400000028,37.959467200000063],[23.700060200000053,37.959493500000065],[23.700149300000078,37.959550800000045],[23.700066100000072,37.959630400000037],[23.699937300000045,37.959546600000067]]]},"properties":{"fid":361,"historic":"archaeological_site","name_en":null,"name":null}},{"type":"Feature","id":362,"geometry":{"type":"Polygon","coordinates":[[[23.727720300000044,37.970235100000025],[23.727836700000069,37.970266700000025],[23.727831700000024,37.970276100000035],[23.727742200000023,37.970250600000043],[23.72771460000007,37.970242100000064],[23.727720300000044,37.970235100000025]]]},"properties":{"fid":362,"historic":"ruins","name_en":"Bema of Phaedrus","name":"Βήμα του Φαίδρου"}},{"type":"Feature","id":363,"geometry":{"type":"Polygon","coordinates":[[[23.708822600000076,37.993496900000025],[23.708622100000071,37.993144100000052],[23.709047800000064,37.992993900000045],[23.70924830000007,37.993346700000075],[23.708822600000076,37.993496900000025]]]},"properties":{"fid":363,"historic":"archaeological_site","name_en":"The square peristyle","name":"Το τετράγωνο περιστύλιο"}},{"type":"Feature","id":364,"geometry":{"type":"Polygon","coordinates":[[[23.707911000000024,37.991166300000032],[23.708226000000025,37.990954200000033],[23.708641600000078,37.991337500000043],[23.708326600000078,37.991549600000042],[23.707911000000024,37.991166300000032]]]},"properties":{"fid":364,"historic":"ruins","name_en":null,"name":"Part of Gymnasium with Palaestra"}},{"type":"Feature","id":365,"geometry":{"type":"Polygon","coordinates":[[[23.708284200000037,37.990985900000055],[23.708611900000051,37.99075810000005],[23.70888350000007,37.991000800000052],[23.708555800000056,37.991228600000056],[23.708284200000037,37.990985900000055]]]},"properties":{"fid":365,"historic":"ruins","name_en":null,"name":"Part of Gymnasium"}},{"type":"Feature","id":366,"geometry":{"type":"Polygon","coordinates":[[[23.806433300000037,37.971063600000036],[23.806433300000037,37.971019200000057],[23.806489600000077,37.971019200000057],[23.806489600000077,37.971063600000036],[23.806433300000037,37.971063600000036]]]},"properties":{"fid":366,"historic":"castle","name_en":"Tower of Anthussa - Ymittos","name":"Πύργος Ανθούσας Υμηττού"}},{"type":"Feature","id":367,"geometry":{"type":"Polygon","coordinates":[[[23.735125100000062,37.967609800000048],[23.735275300000069,37.967347600000039],[23.735532800000044,37.967409900000064],[23.735823800000048,37.967467000000056],[23.735759400000063,37.967712300000073],[23.73546170000003,37.96769960000006],[23.735300700000039,37.967676400000073],[23.735216300000047,37.967649900000026],[23.735125100000062,37.967609800000048]]]},"properties":{"fid":367,"historic":"archaeological_site","name_en":"Temple of Artemis Agrotera","name":"Ναός Αγροτέρας Αρτέμιδος"}},{"type":"Feature","id":368,"geometry":{"type":"Polygon","coordinates":[[[23.724862700000074,37.970119700000055],[23.724840100000051,37.970016800000053],[23.724953700000071,37.970001300000035],[23.724976300000037,37.970104200000037],[23.724862700000074,37.970119700000055]]]},"properties":{"fid":368,"historic":"archaeological_site","name_en":"Roman cistern","name":"Ρωμαϊκή δεξαμενή"}},{"type":"Feature","id":369,"geometry":{"type":"Polygon","coordinates":[[[23.72584820000003,37.976166500000033],[23.725873600000057,37.976149000000078],[23.725988700000073,37.976252100000067],[23.725963400000069,37.976269700000046],[23.72584820000003,37.976166500000033]]]},"properties":{"fid":369,"historic":"archaeological_site","name_en":"Vaulted bed of Eridanos river","name":"Εγκιβωτισμένη κοίτη Ηριδανού ποταμού"}},{"type":"Feature","id":370,"geometry":{"type":"Polygon","coordinates":[[[23.725931800000069,37.976133800000071],[23.725950600000033,37.976116600000069],[23.725991200000067,37.976126000000079],[23.726018800000077,37.976161800000057],[23.725981300000058,37.976178200000049],[23.725931800000069,37.976133800000071]]]},"properties":{"fid":370,"historic":"archaeological_site","name_en":"Vaulted bed of Eridanos river","name":"Εγκιβωτισμένη κοίτη Ηριδανού ποταμού"}},{"type":"Feature","id":374,"geometry":{"type":"Polygon","coordinates":[[[23.788828000000024,38.038177900000051],[23.788689100000056,38.037991200000079],[23.78876230000003,38.037947300000042],[23.788907000000052,38.037860600000045],[23.789071100000058,38.038053400000024],[23.789000800000053,38.03809190000004],[23.788908900000024,38.038142300000061],[23.788828000000024,38.038177900000051]]]},"properties":{"fid":374,"historic":"archaeological_site","name_en":null,"name":"Ρωμαϊκή υδατοδεξαμενή"}},{"type":"Feature","id":375,"geometry":{"type":"Polygon","coordinates":[[[23.773603200000025,37.810120300000051],[23.773541600000044,37.809997000000067],[23.773857700000065,37.809898400000066],[23.773919300000045,37.81002170000005],[23.773603200000025,37.810120300000051]]]},"properties":{"fid":375,"historic":"archaeological_site","name_en":"Temple of Apollo Zoster","name":"Ιερό Απόλλωνα Ζωστήρα"}},{"type":"Feature","id":376,"geometry":{"type":"Polygon","coordinates":[[[23.004871700000024,36.142058700000064],[23.005032400000061,36.141919600000051],[23.004878100000042,36.141803300000049],[23.00471390000007,36.141945400000054],[23.004672800000037,36.141914500000041],[23.004893600000059,36.141723400000046],[23.005135100000075,36.141905400000041],[23.004917800000044,36.142093500000044],[23.004871700000024,36.142058700000064]]]},"properties":{"fid":376,"historic":"building","name_en":null,"name":"Παλιό Λοιμοκαθαρτήριο - Λαζαρέτο"}},{"type":"Feature","id":377,"geometry":{"type":"Polygon","coordinates":[[[24.055885200000034,37.742227700000058],[24.055954900000074,37.742206300000078],[24.056001400000071,37.742292100000043],[24.055929700000036,37.742312000000027],[24.055885200000034,37.742227700000058]]]},"properties":{"fid":377,"historic":"tomb","name_en":"Thorikos Mycenaean tholos tombs","name":"Θολωτός Μυκηναϊκός Τάφος Θορικού"}},{"type":"Feature","id":378,"geometry":{"type":"Polygon","coordinates":[[[24.053852500000062,37.737963000000036],[24.053859500000044,37.737948200000062],[24.053860100000065,37.73793210000008],[24.053850100000034,37.737897000000032],[24.053990800000065,37.737909500000058],[24.054004200000065,37.737912600000072],[24.054017700000031,37.73791870000008],[24.054057400000033,37.737957000000051],[24.054065000000037,37.737971300000027],[24.054067300000042,37.737985200000026],[24.054066100000057,37.738004600000068],[24.054022900000064,37.738079800000037],[24.053975100000059,37.738122700000076],[24.053900900000031,37.738158300000066],[24.053765500000054,37.738206300000058],[24.053670100000033,37.738231300000052],[24.053648700000053,37.738235400000065],[24.053623600000037,37.738237300000037],[24.05359720000007,37.738238100000046],[24.053565300000059,37.738236900000061],[24.053541500000051,37.738233500000035],[24.053529900000058,37.738229800000056],[24.053522300000054,37.738224800000069],[24.053515100000027,37.738216500000078],[24.053466300000025,37.73804640000003],[24.053492700000049,37.738040400000045],[24.053500600000064,37.738039400000048],[24.053507900000056,37.738041400000043],[24.053551800000037,37.73805980000003],[24.053565100000071,37.73806060000004],[24.053580900000043,37.738058900000055],[24.053591400000073,37.738056700000072],[24.053615500000035,37.738050300000054],[24.053642300000035,37.738042300000075],[24.053852500000062,37.737963000000036]]]},"properties":{"fid":378,"historic":"ruins","name_en":"Ancient Theatre of Thorikos","name":"Αρχαίο Θέατρο Θορικού"}},{"type":"Feature","id":379,"geometry":{"type":"Polygon","coordinates":[[[23.746398400000032,38.019620100000054],[23.746404700000028,38.019614500000046],[23.746413300000029,38.019611200000043],[23.746422900000027,38.019610700000044],[23.746431900000061,38.019613200000038],[23.746439000000066,38.019618200000025],[23.746443200000044,38.019625000000076],[23.746443800000065,38.019632500000057],[23.746440600000028,38.019639600000062],[23.746434300000033,38.01964520000007],[23.746425700000032,38.019648500000073],[23.746416100000033,38.019649000000072],[23.746407100000056,38.019646500000079],[23.746400000000051,38.019641500000034],[23.746395800000073,38.01963470000004],[23.746395200000052,38.019627200000059],[23.746398400000032,38.019620100000054]]]},"properties":{"fid":379,"historic":"archaeological_site","name_en":null,"name":null}},{"type":"Feature","id":380,"geometry":{"type":"Polygon","coordinates":[[[22.997653100000036,36.299166000000071],[22.997619100000065,36.299065800000051],[22.997666600000059,36.298998400000073],[22.997653100000036,36.298916500000075],[22.997682400000031,36.298809000000062],[22.997664400000076,36.298719700000049],[22.997700500000064,36.298546700000031],[22.99773220000003,36.298475600000074],[22.99773440000007,36.298424600000033],[22.997772800000064,36.298386400000027],[22.99784070000004,36.298331700000062],[22.997885900000028,36.298313500000063],[22.997910600000068,36.298307900000054],[22.997937900000068,36.298302600000056],[22.997962700000073,36.298349900000062],[22.998028300000044,36.298397300000033],[22.998091600000066,36.298424600000033],[22.998117700000023,36.298430400000029],[22.99823850000007,36.298453800000061],[22.998285900000042,36.298468300000025],[22.998335700000041,36.29849020000006],[22.998399300000074,36.298547100000064],[22.99837610000003,36.298583200000053],[22.998304000000076,36.298670500000071],[22.998252000000036,36.298767100000077],[22.998200000000054,36.298869100000047],[22.99812090000006,36.298993000000053],[22.998080200000061,36.299027600000045],[22.998014700000056,36.299053100000037],[22.997933300000057,36.299093200000073],[22.997847400000069,36.29915150000005],[22.997820300000058,36.299206100000049],[22.997790900000041,36.299229800000035],[22.99774350000007,36.299237100000028],[22.99769150000003,36.299211600000035],[22.997653100000036,36.299166000000071]]]},"properties":{"fid":380,"historic":"ruins","name_en":null,"name":"Κάστρο Παλαιοχώρας"}},{"type":"Feature","id":381,"geometry":{"type":"Polygon","coordinates":[[[22.950469500000054,36.383383700000024],[22.950669400000038,36.383354100000076],[22.950680600000055,36.383403200000032],[22.950616400000058,36.383412700000065],[22.95062420000005,36.383446800000058],[22.950611000000038,36.383465300000069],[22.950582000000054,36.383468200000038],[22.950560100000075,36.383455500000025],[22.950551500000074,36.383417700000052],[22.950479700000074,36.383428400000071],[22.950469500000054,36.383383700000024]]]},"properties":{"fid":381,"historic":"ruins","name_en":null,"name":"Σηματόριο"}},{"type":"Feature","id":382,"geometry":{"type":"Polygon","coordinates":[[[24.071965000000034,37.684539700000073],[24.071979300000066,37.684496900000056],[24.072027200000036,37.684506900000031],[24.072012900000061,37.684549700000048],[24.071965000000034,37.684539700000073]]]},"properties":{"fid":382,"historic":"ruins","name_en":null,"name":"Παλιός Φάρος Φονιά"}},{"type":"Feature","id":383,"geometry":{"type":"Polygon","coordinates":[[[23.740759000000025,38.018827600000066],[23.740747700000043,38.018698200000074],[23.740843900000073,38.018693000000042],[23.740847300000041,38.018731800000069],[23.740866900000071,38.018730800000071],[23.740874200000064,38.018795800000078],[23.740854200000058,38.018796900000041],[23.740856400000041,38.018822300000068],[23.740759000000025,38.018827600000066]]]},"properties":{"fid":383,"historic":"archaeological_site","name_en":null,"name":"Οικία Φώτη Κόντογλου"}},{"type":"Feature","id":387,"geometry":{"type":"Polygon","coordinates":[[[23.766222200000072,37.890973100000053],[23.766243200000076,37.890959600000031],[23.766268600000046,37.890952500000026],[23.766295600000035,37.890952500000026],[23.766321000000062,37.890959700000053],[23.766341800000077,37.890973200000076],[23.766355700000076,37.890991500000041],[23.766361000000074,37.89101080000006],[23.766358300000036,37.891030400000034],[23.76634800000005,37.891048400000045],[23.766331100000059,37.891062900000065],[23.766309400000068,37.89107260000003],[23.766284800000051,37.891076400000031],[23.766260000000045,37.89107400000006],[23.766237400000023,37.891065600000047],[23.766219200000023,37.891052100000024],[23.766206700000055,37.891033300000061],[23.766202900000053,37.891012200000034],[23.766208300000073,37.890991300000053],[23.766222200000072,37.890973100000053]]]},"properties":{"fid":387,"historic":"monument","name_en":null,"name":"Η ΤΑΝ Η ΕΠΙ ΤΑΣ"}},{"type":"Feature","id":388,"geometry":{"type":"Polygon","coordinates":[[[23.773335400000065,37.984652400000073],[23.773304900000028,37.984647600000073],[23.773272400000053,37.984631600000057],[23.773273400000051,37.984616300000027],[23.773280500000055,37.98459710000003],[23.77329670000006,37.984571500000072],[23.773316100000045,37.984564300000045],[23.773336400000062,37.984567500000026],[23.773348600000077,37.984576300000072],[23.773373000000049,37.984587500000032],[23.773387200000059,37.984600300000068],[23.773396300000059,37.984621900000036],[23.773385200000064,37.984636400000056],[23.773364800000024,37.984646800000064],[23.773335400000065,37.984652400000073]]]},"properties":{"fid":388,"historic":"memorial","name_en":null,"name":null}},{"type":"Feature","id":390,"geometry":{"type":"Polygon","coordinates":[[[23.872412700000041,37.903487900000073],[23.872413600000073,37.903425800000036],[23.872451600000034,37.90342650000008],[23.872463100000061,37.903434200000049],[23.872468400000059,37.903444600000057],[23.872470200000066,37.903457200000048],[23.872467500000027,37.90347120000007],[23.87245960000007,37.903481600000077],[23.872451600000034,37.90348860000006],[23.872412700000041,37.903487900000073]]]},"properties":{"fid":390,"historic":"memorial","name_en":"Statue of Constantine I","name":"Ανδριάντας Κωνσταντίνου Α\u0384"}},{"type":"Feature","id":391,"geometry":{"type":"Polygon","coordinates":[[[23.880412000000035,37.894166200000029],[23.880442000000073,37.894149700000071],[23.880465900000047,37.89417700000007],[23.88043330000005,37.894193900000062],[23.880412000000035,37.894166200000029]]]},"properties":{"fid":391,"historic":"memorial","name_en":null,"name":"Μνημείο Πεσόντων 9ης Οκτωβρίου 1944"}},{"type":"Feature","id":392,"geometry":{"type":"Polygon","coordinates":[[[23.873327200000062,37.907444000000055],[23.873333200000047,37.907441900000038],[23.873339700000031,37.907441400000039],[23.873346100000049,37.907442600000024],[23.873351700000057,37.907445200000041],[23.873356300000069,37.907449500000041],[23.87335870000004,37.907454800000039],[23.873358800000062,37.907460400000048],[23.873356400000034,37.907465700000046],[23.873352000000068,37.907470100000069],[23.873345900000061,37.907473000000039],[23.873338900000078,37.907474100000059],[23.873331900000039,37.907473300000049],[23.873325600000044,37.907470600000067],[23.873321200000078,37.907466800000066],[23.873318400000073,37.907462100000032],[23.87331770000003,37.907457000000079],[23.873319000000038,37.907451900000069],[23.873322300000041,37.907447500000046],[23.873327200000062,37.907444000000055]]]},"properties":{"fid":392,"historic":"memorial","name_en":null,"name":"Memorial of 1821"}},{"type":"Feature","id":393,"geometry":{"type":"Polygon","coordinates":[[[23.874975300000074,37.914130500000056],[23.874985600000059,37.914130400000033],[23.874995300000023,37.914132900000027],[23.87500360000007,37.914137700000026],[23.875010100000054,37.914145000000076],[23.875013100000047,37.914153600000077],[23.875012100000049,37.914162400000066],[23.875007400000072,37.914170500000068],[23.874999500000058,37.914176900000029],[23.874989300000038,37.914180700000031],[23.874978100000078,37.914181600000063],[23.874967100000049,37.91417940000008],[23.874957800000061,37.914174400000036],[23.874951600000031,37.914167900000052],[23.874948400000051,37.914160200000026],[23.874948200000063,37.914152100000024],[23.874951300000077,37.914144400000055],[23.874957300000062,37.914137800000049],[23.874965600000053,37.914133000000049],[23.874975300000074,37.914130500000056]]]},"properties":{"fid":393,"historic":"memorial","name_en":null,"name":"Χρήστος Λέκκας"}},{"type":"Feature","id":394,"geometry":{"type":"Polygon","coordinates":[[[24.049100500000065,37.737351500000045],[24.049224300000049,37.73724100000004],[24.049521800000036,37.737453000000073],[24.049376500000051,37.737555400000076],[24.049100500000065,37.737351500000045]]]},"properties":{"fid":394,"historic":"archaeological_site","name_en":null,"name":"Ναός Δήμητρας και Κόρης (Περσεφόνης)"}},{"type":"Feature","id":398,"geometry":{"type":"Polygon","coordinates":[[[24.016002100000037,37.692139800000064],[24.015949800000044,37.691971600000045],[24.015980600000034,37.691844800000069],[24.016159300000027,37.691754600000024],[24.016134600000044,37.691630300000043],[24.015989800000057,37.691371900000036],[24.016168500000049,37.691349900000034],[24.016374900000073,37.691430400000058],[24.016590600000029,37.691408400000057],[24.016877200000067,37.691398700000036],[24.017271500000049,37.691413300000079],[24.017662800000039,37.691388900000049],[24.017955500000028,37.691427900000065],[24.018254400000046,37.69152790000004],[24.018645700000036,37.691608400000064],[24.018898300000046,37.691727800000024],[24.018923000000029,37.691857000000027],[24.018895200000031,37.692042300000026],[24.018907600000034,37.692214900000067],[24.018771800000025,37.692319400000031],[24.018608100000051,37.692481300000054],[24.018337600000052,37.69238850000005],[24.01812190000004,37.692295900000033],[24.017795300000046,37.692222700000059],[24.017564200000038,37.692242200000067],[24.017216100000041,37.692330000000027],[24.017022000000054,37.692393400000071],[24.016704600000025,37.692425100000037],[24.016415000000052,37.692395800000043],[24.016193200000032,37.692315400000041],[24.016002100000037,37.692139800000064]]]},"properties":{"fid":398,"historic":"archaeological_site","name_en":null,"name":"Τα αρχαία πλυντήρια εμπλουτισμού των μεταλλευμάτων του Λαυρίου"}},{"type":"Feature","id":399,"geometry":{"type":"Polygon","coordinates":[[[24.023489200000029,38.009514800000034],[24.023292100000049,38.009542000000067],[24.023178200000075,38.009542000000067],[24.023086800000044,38.009516400000052],[24.023011600000075,38.009468300000037],[24.023009500000057,38.009397900000067],[24.023001400000055,38.009308200000078],[24.02299940000006,38.009232900000029],[24.022995300000048,38.009154400000057],[24.023031900000035,38.009106400000064],[24.02316600000006,38.009077500000046],[24.023330700000031,38.009074300000066],[24.023468900000069,38.009134000000074],[24.023582800000042,38.009191700000031],[24.023798200000044,38.009153200000071],[24.023891700000036,38.009113200000058],[24.023918200000026,38.009007500000052],[24.024048300000061,38.008941800000059],[24.024225100000024,38.008916200000044],[24.024385700000039,38.008986600000071],[24.024438500000031,38.009092300000077],[24.024389700000029,38.009206100000029],[24.024095000000045,38.009175600000049],[24.024003500000049,38.009246100000041],[24.023956800000065,38.009359800000027],[24.023869400000024,38.009483100000068],[24.023664100000076,38.009529600000064],[24.023489200000029,38.009514800000034]]]},"properties":{"fid":399,"historic":"archaeological_site","name_en":null,"name":"Ασκηταριό"}},{"type":"Feature","id":400,"geometry":{"type":"Polygon","coordinates":[[[24.051704700000073,37.681692400000031],[24.051452700000027,37.681258000000071],[24.052263700000026,37.680929800000058],[24.052180400000054,37.681510600000024],[24.051704700000073,37.681692400000031]]]},"properties":{"fid":400,"historic":"archaeological_site","name_en":null,"name":"Αρχαία Αγορά"}},{"type":"Feature","id":401,"geometry":{"type":"Polygon","coordinates":[[[24.053381900000034,37.737976300000071],[24.053355000000067,37.737927600000035],[24.053411500000038,37.737908100000027],[24.053438400000061,37.737956800000063],[24.053381900000034,37.737976300000071]]]},"properties":{"fid":401,"historic":"ruins","name_en":null,"name":"Ναός του Διονύσου"}},{"type":"Feature","id":402,"geometry":{"type":"Polygon","coordinates":[[[24.053196600000035,37.737992100000042],[24.053173600000036,37.737926200000061],[24.053231100000062,37.73791360000007],[24.053254100000061,37.737979500000051],[24.053196600000035,37.737992100000042]]]},"properties":{"fid":402,"historic":"ruins","name_en":null,"name":"Μεταλλευτικό Πλυντήριο"}},{"type":"Feature","id":403,"geometry":{"type":"Polygon","coordinates":[[[24.053802400000052,37.73786860000007],[24.053803000000073,37.737877600000047],[24.053790800000058,37.737878100000046],[24.053790200000037,37.737869200000034],[24.053802400000052,37.73786860000007]]]},"properties":{"fid":403,"historic":"ruins","name_en":null,"name":"Θύμελη Βωμός Διονύσου"}},{"type":"Feature","id":404,"geometry":{"type":"Polygon","coordinates":[[[23.723888300000056,37.975521400000048],[23.72387290000006,37.975515100000052],[23.723860200000047,37.975502400000039],[23.72385950000006,37.975488700000028],[23.723867600000062,37.975477000000069],[23.723881600000027,37.975469600000054],[23.72389910000004,37.975469100000055],[23.723914500000035,37.975475500000073],[23.72392190000005,37.975486000000046],[23.723920500000077,37.975502400000039],[23.723913800000048,37.975514600000054],[23.723903800000073,37.975519900000052],[23.723888300000056,37.975521400000048]]]},"properties":{"fid":404,"historic":"ruins","name_en":null,"name":null}},{"type":"Feature","id":405,"geometry":{"type":"Polygon","coordinates":[[[23.538427600000034,38.041395900000055],[23.538412900000026,38.041350500000078],[23.538526900000022,38.041329400000052],[23.538540300000022,38.041373800000031],[23.538427600000034,38.041395900000055]]]},"properties":{"fid":405,"historic":"ruins","name_en":null,"name":"Ναός Παναγίτσας Μεσοσπορίτισσας"}},{"type":"Feature","id":406,"geometry":{"type":"Polygon","coordinates":[[[23.538934100000063,38.040981800000054],[23.538646700000072,38.040553700000032],[23.538781500000027,38.040503600000079],[23.538979600000062,38.040791700000057],[23.539059500000064,38.040942800000039],[23.538934100000063,38.040981800000054]]]},"properties":{"fid":406,"historic":"ruins","name_en":null,"name":"Stoa of Philo"}},{"type":"Feature","id":407,"geometry":{"type":"Polygon","coordinates":[[[23.539110500000049,38.041017100000033],[23.539202100000068,38.040824600000064],[23.539297000000033,38.040860900000041],[23.539194500000065,38.041036400000053],[23.539110500000049,38.041017100000033]]]},"properties":{"fid":407,"historic":"ruins","name_en":null,"name":"Silos of Pericles"}},{"type":"Feature","id":408,"geometry":{"type":"Polygon","coordinates":[[[23.76719810000003,37.819052100000079],[23.767188300000043,37.819057100000066],[23.76715420000005,37.819015300000046],[23.767235200000073,37.818974000000026],[23.767276300000049,37.819024400000046],[23.767241400000046,37.819042200000069],[23.767236900000057,37.819036800000049],[23.767264800000078,37.819022600000039],[23.767232600000057,37.818983200000048],[23.767168500000025,37.819015800000045],[23.76719810000003,37.819052100000079]]]},"properties":{"fid":408,"historic":"ruins","name_en":null,"name":null}},{"type":"Feature","id":410,"geometry":{"type":"Polygon","coordinates":[[[23.684796900000038,37.933475900000076],[23.684853600000054,37.933431000000041],[23.684869000000049,37.933418900000049],[23.684917200000029,37.933434600000055],[23.68495820000004,37.933462500000076],[23.68497700000006,37.93348050000003],[23.684987700000079,37.933497400000078],[23.68498500000004,37.933539800000062],[23.684987700000079,37.933576800000026],[23.685003800000061,37.933649800000069],[23.685030600000061,37.933704800000044],[23.685061500000074,37.933755500000075],[23.685089700000049,37.933800000000076],[23.68513930000006,37.933861400000069],[23.685205000000053,37.933925900000077],[23.685289500000067,37.933994600000062],[23.685395400000061,37.934065500000031],[23.685445000000072,37.934098200000051],[23.68549790000003,37.934127300000057],[23.685501200000033,37.934136500000079],[23.685495200000048,37.934144900000035],[23.685044600000026,37.93426050000005],[23.685031700000025,37.934209900000042],[23.685254600000064,37.934119400000043],[23.684796900000038,37.933475900000076]]]},"properties":{"fid":410,"historic":"memorial","name_en":null,"name":null}},{"type":"Feature","id":411,"geometry":{"type":"Polygon","coordinates":[[[23.494945500000028,37.963306900000077],[23.494956700000046,37.96329570000006],[23.49497180000003,37.963288100000057],[23.494989300000043,37.963284600000065],[23.495007200000032,37.963285900000074],[23.495023700000047,37.963291600000048],[23.495037100000047,37.963301300000069],[23.495045700000048,37.963314000000025],[23.495048600000075,37.963328100000069],[23.49504550000006,37.963342200000056],[23.495036700000071,37.963354800000047],[23.495023200000048,37.963364400000046],[23.495006400000022,37.963370000000054],[23.494988300000045,37.963371000000052],[23.494970800000033,37.963367300000073],[23.494955700000048,37.963359300000036],[23.494944800000042,37.963347900000031],[23.494939200000033,37.963334400000065],[23.494939500000044,37.963320200000055],[23.494945500000028,37.963306900000077]]]},"properties":{"fid":411,"historic":"memorial","name_en":null,"name":"Anchor"}},{"type":"Feature","id":412,"geometry":{"type":"Polygon","coordinates":[[[23.493913200000065,37.962985400000036],[23.493744400000026,37.962964900000031],[23.493759800000078,37.962886400000059],[23.493928500000038,37.962906900000064],[23.493913200000065,37.962985400000036]]]},"properties":{"fid":412,"historic":"memorial","name_en":null,"name":null}},{"type":"Feature","id":413,"geometry":{"type":"Polygon","coordinates":[[[24.113085100000035,37.688106600000026],[24.112802400000078,37.68780780000003],[24.112688000000048,37.68779070000005],[24.112772200000052,37.687529400000074],[24.112886500000059,37.687544800000069],[24.113212400000066,37.687382500000069],[24.113272800000061,37.687430400000039],[24.113318100000072,37.687519200000054],[24.113328900000056,37.687686500000041],[24.113281500000028,37.68787100000003],[24.113225400000033,37.687966600000038],[24.113160600000072,37.688043400000026],[24.113085100000035,37.688106600000026]]]},"properties":{"fid":413,"historic":"ruins","name_en":null,"name":null}},{"type":"Feature","id":414,"geometry":{"type":"Polygon","coordinates":[[[24.108061100000043,37.659925800000053],[24.107817400000044,37.659905000000037],[24.107711300000062,37.659922700000038],[24.107687700000042,37.65982310000004],[24.107797800000071,37.659804400000041],[24.107964200000026,37.659699700000033],[24.108011300000044,37.659752600000047],[24.108049300000062,37.659815800000047],[24.108070300000065,37.659874900000034],[24.108061100000043,37.659925800000053]]]},"properties":{"fid":414,"historic":"ruins","name_en":null,"name":null}},{"type":"Feature","id":415,"geometry":{"type":"Polygon","coordinates":[[[23.426252300000044,37.767188000000033],[23.426213800000028,37.767037800000026],[23.426284600000031,37.767026500000043],[23.42630870000005,37.767120800000043],[23.426387300000044,37.767108200000052],[23.426401600000077,37.767164100000059],[23.426252300000044,37.767188000000033]]]},"properties":{"fid":415,"historic":"building","name_en":null,"name":"Οικία Νίκου Καζατζάκη"}},{"type":"Feature","id":416,"geometry":{"type":"Polygon","coordinates":[[[23.429592700000057,37.747217100000057],[23.429591300000027,37.747215900000072],[23.429590400000052,37.747214400000075],[23.429590500000074,37.747211900000025],[23.429591400000049,37.747210500000051],[23.429592900000046,37.747209400000031],[23.429594400000042,37.747208800000067],[23.429596400000037,37.747208700000044],[23.429598400000032,37.747209000000055],[23.429600200000039,37.74720990000003],[23.42960110000007,37.747211400000026],[23.429601600000069,37.747212600000069],[23.429646800000057,37.747209300000065],[23.429684800000075,37.747206500000061],[23.429684700000053,37.747205400000041],[23.429685500000062,37.747204000000067],[23.429687100000024,37.747202800000025],[23.429688600000077,37.747202300000026],[23.42969080000006,37.747202000000073],[23.429692700000032,37.747202400000049],[23.429694500000039,37.747203300000024],[23.429695800000047,37.747204700000054],[23.429696300000046,37.747206300000073],[23.429696300000046,37.747207900000035],[23.429695400000071,37.747209500000054],[23.429693900000075,37.747210600000074],[23.429692000000045,37.747211400000026],[23.429691900000023,37.747211800000059],[23.429695500000037,37.747244100000046],[23.429698100000053,37.747244700000067],[23.42969990000006,37.747245700000065],[23.429701200000068,37.747247100000038],[23.429701700000066,37.747248600000034],[23.429701700000066,37.747250300000076],[23.429700800000035,37.747251800000072],[23.429699300000038,37.747253000000057],[23.429697400000066,37.747253800000067],[23.429696200000024,37.747253900000032],[23.429694100000063,37.747253800000067],[23.429692200000034,37.747253000000057],[23.42969080000006,37.747251900000037],[23.429689900000028,37.747249900000043],[23.429606800000045,37.747255600000074],[23.429606900000067,37.747256800000059],[23.429606100000058,37.747258300000055],[23.429604600000062,37.747259500000041],[23.429602800000055,37.747260200000028],[23.429601600000069,37.747260400000073],[23.429599500000052,37.747260200000028],[23.429597600000022,37.747259500000041],[23.429596200000049,37.747258300000055],[23.429595100000029,37.747255900000027],[23.429595400000039,37.747254300000066],[23.429596300000071,37.747252800000069],[23.429597800000067,37.747251700000049],[23.429600200000039,37.74725090000004],[23.429596900000035,37.747217600000056],[23.42959460000003,37.747217700000078],[23.429592700000057,37.747217100000057]]]},"properties":{"fid":416,"historic":"building","name_en":"Tower of Markellos","name":"Πύργος Μάρκελλου"}},{"type":"Feature","id":417,"geometry":{"type":"Polygon","coordinates":[[[23.423474200000044,37.750473500000055],[23.423442400000056,37.750311200000056],[23.423833900000034,37.750263200000063],[23.423865800000044,37.750425500000063],[23.42363940000007,37.750450800000067],[23.423474200000044,37.750473500000055]]]},"properties":{"fid":417,"historic":"ruins","name_en":"Temple of Apollo","name":"Ναός του Απόλλωνα"}},{"type":"Feature","id":418,"geometry":{"type":"Polygon","coordinates":[[[23.426956000000075,37.747566200000051],[23.426940700000046,37.747506200000032],[23.426983600000028,37.747499800000071],[23.42698020000006,37.747485500000039],[23.427030900000034,37.747478000000058],[23.427034300000059,37.747492200000067],[23.427075600000023,37.747486000000038],[23.427090500000077,37.747544700000049],[23.426956000000075,37.747566200000051]]]},"properties":{"fid":418,"historic":"building","name_en":null,"name":"Οικία Κωνσταντίνου Κανάρη"}},{"type":"Feature","id":419,"geometry":{"type":"Polygon","coordinates":[[[23.704376300000035,37.918220200000064],[23.704210300000057,37.918283600000052],[23.703641400000038,37.917371700000047],[23.703630900000064,37.917344100000037],[23.703630600000054,37.91732520000005],[23.703633300000035,37.917306100000076],[23.703644300000065,37.917291200000079],[23.703666100000078,37.917309300000056],[23.703704000000073,37.917302900000038],[23.703829800000051,37.917292400000065],[23.703934400000037,37.917279700000051],[23.704071200000044,37.917260700000043],[23.704194800000039,37.91723090000005],[23.704320900000027,37.917199200000027],[23.704460300000051,37.917148400000031],[23.704578400000059,37.917097600000034],[23.704642700000022,37.917059600000073],[23.704746900000032,37.917002500000081],[23.704801000000032,37.916972800000053],[23.704868000000033,37.916928400000074],[23.704937400000063,37.916879800000061],[23.705037000000061,37.916801400000054],[23.705093300000044,37.916757000000075],[23.705171800000073,37.916685500000028],[23.705423800000062,37.916968900000029],[23.705603100000076,37.916879600000073],[23.706420000000037,37.918086900000048],[23.705080300000077,37.918665600000054],[23.704926000000057,37.918732300000045],[23.704942500000072,37.918755500000032],[23.704736000000025,37.918848600000047],[23.704376300000035,37.918220200000064]]]},"properties":{"fid":419,"historic":"cemetery","name_en":"Phaleron War Cemetery","name":"Συμμαχικό Νεκροταφείο"}},{"type":"Feature","id":421,"geometry":{"type":"Polygon","coordinates":[[[24.016002900000046,37.726742700000045],[24.015878400000076,37.726548800000046],[24.016300200000046,37.726375200000064],[24.016419300000052,37.726579600000036],[24.016002900000046,37.726742700000045]]]},"properties":{"fid":421,"historic":"building","name_en":"Old Barracks","name":"Παλαιός Στρατώνας"}},{"type":"Feature","id":431,"geometry":{"type":"Polygon","coordinates":[[[23.700804500000061,37.923747700000035],[23.700925100000063,37.92370070000004],[23.70094290000003,37.923729000000037],[23.70102890000004,37.923695500000065],[23.701116500000069,37.923835300000064],[23.701207000000068,37.923979700000075],[23.70116100000007,37.923997500000041],[23.701160000000073,37.92400200000003],[23.701157400000056,37.924006200000065],[23.701152000000036,37.924010200000055],[23.70114650000005,37.924012000000062],[23.701140200000054,37.92401220000005],[23.70113420000007,37.924010700000053],[23.701131900000064,37.924009000000069],[23.701117900000042,37.924014400000033],[23.701118700000052,37.924017100000071],[23.701116500000069,37.924032900000043],[23.701107700000023,37.924047100000053],[23.701091900000051,37.924058900000034],[23.701073300000076,37.924064900000076],[23.701053200000047,37.924065600000063],[23.70103400000005,37.924060800000063],[23.701020100000051,37.924052600000039],[23.701005700000053,37.924058500000058],[23.701005000000066,37.924063200000035],[23.701002500000072,37.924067200000025],[23.700997400000062,37.924071000000026],[23.700992100000065,37.924072700000067],[23.700986100000023,37.924073000000078],[23.700980400000049,37.924071500000025],[23.700976200000071,37.92406950000003],[23.700925100000063,37.924089600000059],[23.700747000000035,37.923805400000049],[23.70082270000006,37.923775900000066],[23.700804500000061,37.923747700000035]]]},"properties":{"fid":431,"historic":"church","name_en":null,"name":"Κοίμηση Θεοτόκου"}},{"type":"Feature","id":432,"geometry":{"type":"Polygon","coordinates":[[[23.719289600000025,37.978020800000024],[23.719387500000039,37.978113200000053],[23.719292300000063,37.978141700000037],[23.719304400000055,37.978166000000044],[23.719238700000062,37.978189900000075],[23.719032200000072,37.978294600000027],[23.718691500000034,37.978460600000062],[23.718474300000025,37.978238600000054],[23.719136800000058,37.977948900000058],[23.719236000000024,37.978048300000069],[23.719289600000025,37.978020800000024]]]},"properties":{"fid":432,"historic":"archaeological_site","name_en":null,"name":"Πομπείον"}},{"type":"Feature","id":433,"geometry":{"type":"Polygon","coordinates":[[[23.771793500000058,37.832009600000049],[23.772225400000025,37.831056300000057],[23.772383600000069,37.831047800000078],[23.772525800000039,37.83184220000004],[23.771793500000058,37.832009600000049]]]},"properties":{"fid":433,"historic":"archaeological_site","name_en":null,"name":"Άγιος Νικόλαος Πάλλων"}},{"type":"Feature","id":437,"geometry":{"type":"Polygon","coordinates":[[[23.693226300000049,37.926883300000043],[23.693225900000073,37.926882600000056],[23.693212000000074,37.92688830000003],[23.693205600000056,37.926878600000066],[23.693162800000039,37.926896400000032],[23.693165800000031,37.926900100000069],[23.693168100000037,37.926904900000068],[23.693169300000022,37.926909900000055],[23.693169000000069,37.926914900000043],[23.69316770000006,37.92691990000003],[23.693165000000079,37.926924400000075],[23.693161300000043,37.926928600000053],[23.693156600000066,37.926932100000045],[23.693151200000045,37.926934800000026],[23.69314520000006,37.926936600000033],[23.693138900000065,37.926937500000065],[23.693132400000025,37.926937400000043],[23.693126200000052,37.926936200000057],[23.693120300000032,37.926934200000062],[23.693115000000034,37.92693120000007],[23.693110600000068,37.926927600000056],[23.693107200000043,37.926923300000055],[23.693105700000046,37.926920000000052],[23.693057400000043,37.926940000000059],[23.693063800000061,37.926949500000035],[23.693053100000043,37.926953900000058],[23.693053700000064,37.926954800000033],[23.693054500000073,37.926957100000038],[23.693054600000039,37.926959400000044],[23.69305380000003,37.926961700000049],[23.693052500000078,37.926963700000044],[23.693050400000061,37.926965500000051],[23.693048000000033,37.926966700000037],[23.693045200000029,37.926967500000046],[23.693042300000059,37.926967600000069],[23.693039400000032,37.926967200000036],[23.69303670000005,37.926966200000038],[23.693034400000045,37.926964800000064],[23.693032600000038,37.926962700000047],[23.693021500000043,37.926967000000047],[23.692997800000057,37.92693150000008],[23.693011800000079,37.926925600000061],[23.692990400000042,37.926893500000062],[23.692973000000052,37.926900800000055],[23.692909300000053,37.926805100000024],[23.692926800000066,37.926797800000031],[23.692896700000063,37.926752700000065],[23.692882600000075,37.926758600000028],[23.692858200000046,37.926722000000041],[23.69283020000006,37.926733600000034],[23.692804500000022,37.926695000000052],[23.693047600000057,37.926594200000068],[23.693028300000037,37.926565400000072],[23.693059500000061,37.926552400000048],[23.693078800000023,37.926581300000066],[23.693100400000048,37.926572300000032],[23.693117700000073,37.926598400000046],[23.693088800000055,37.92661030000005],[23.69312160000004,37.92665960000005],[23.693106700000044,37.92666580000008],[23.693221900000026,37.926838800000041],[23.693236300000024,37.926832800000057],[23.693259900000044,37.926868500000069],[23.693246600000066,37.926874000000055],[23.693247400000075,37.926875300000063],[23.693248200000028,37.926877500000046],[23.693248200000028,37.926879800000052],[23.693247500000041,37.926882100000057],[23.693246200000033,37.926884200000075],[23.693244100000072,37.926885900000059],[23.693241700000044,37.926887100000044],[23.69323890000004,37.926887900000054],[23.69323600000007,37.926888100000042],[23.693233100000043,37.926887700000066],[23.693230400000061,37.926886700000068],[23.693228100000056,37.926885200000072],[23.693226300000049,37.926883300000043]]]},"properties":{"fid":437,"historic":"church","name_en":"Saint Alexander","name":"Άγιος Αλέξανδρος"}},{"type":"Feature","id":441,"geometry":{"type":"Polygon","coordinates":[[[23.692690700000071,37.935297200000036],[23.692671100000041,37.935125800000037],[23.692811800000072,37.935114500000054],[23.692833900000039,37.935287800000026],[23.692757500000027,37.935293800000068],[23.692690700000071,37.935297200000036]]]},"properties":{"fid":441,"historic":"archaeological_site","name_en":null,"name":null}},{"type":"Feature","id":444,"geometry":{"type":"Polygon","coordinates":[[[23.694168600000069,37.94028540000005],[23.693473900000072,37.939755600000069],[23.693720600000063,37.939549300000067],[23.693975100000046,37.939523000000065],[23.694007600000077,37.939519700000062],[23.694560200000069,37.939960700000029],[23.694168600000069,37.94028540000005]]]},"properties":{"fid":444,"historic":"archaeological_site","name_en":"Archeological Excavation Site Faliro Delta","name":"Χώρος Αρχαιολογικών Ανασκαφών Δέλτα Φαλήρου"}},{"type":"Feature","id":445,"geometry":{"type":"Polygon","coordinates":[[[23.426214800000025,37.747225800000024],[23.426625500000057,37.74673480000007],[23.426630600000067,37.746730200000059],[23.426636100000053,37.746728000000076],[23.426641300000028,37.746727100000044],[23.426651000000049,37.746727300000032],[23.426661700000068,37.746728700000062],[23.426685200000065,37.746733900000038],[23.426720200000034,37.746748000000025],[23.426788000000045,37.746777000000066],[23.426998400000059,37.746812900000066],[23.426956300000029,37.746999900000048],[23.426892300000077,37.746998500000075],[23.426874100000077,37.74711700000006],[23.426932800000031,37.747122000000047],[23.426909000000023,37.747240200000078],[23.426864800000033,37.747234800000058],[23.42684550000007,37.747260800000049],[23.426777400000049,37.747253300000068],[23.426719700000035,37.747253900000032],[23.426713900000038,37.747276200000044],[23.426623200000051,37.747270700000058],[23.426608800000054,37.747339300000078],[23.42651630000006,37.747343000000058],[23.426483900000051,37.747348400000078],[23.42644800000005,37.747356100000047],[23.426379600000075,37.747385200000053],[23.426233100000047,37.747483800000055],[23.426090700000032,37.74740520000006],[23.426078600000039,37.747391100000073],[23.426072300000044,37.747382500000072],[23.426069400000074,37.747368900000026],[23.426069400000074,37.747353400000065],[23.426076900000055,37.747338400000046],[23.426099900000054,37.74731120000007],[23.42611480000005,37.747294800000077],[23.426124600000037,37.747286600000052],[23.426157300000057,37.747265300000038],[23.42617800000005,37.747255800000062],[23.426195200000052,37.747244400000056],[23.426214800000025,37.747225800000024]]]},"properties":{"fid":445,"historic":"memorial","name_en":null,"name":null}},{"type":"Feature","id":446,"geometry":{"type":"Polygon","coordinates":[[[23.403622900000073,37.594501000000037],[23.402667200000053,37.595172700000035],[23.40162470000007,37.595613000000071],[23.400565000000029,37.595758900000078],[23.401084500000024,37.595104000000049],[23.400661100000036,37.594386800000052],[23.400330000000054,37.594081300000028],[23.400183900000059,37.593946500000072],[23.399538900000039,37.593143000000055],[23.400330200000042,37.592944900000077],[23.40088170000007,37.59281210000006],[23.401295300000072,37.592486100000031],[23.401568200000042,37.592387600000052],[23.401676900000041,37.592548000000079],[23.401749100000075,37.592865900000049],[23.402090600000065,37.592913000000067],[23.403361800000027,37.592770600000051],[23.403743000000077,37.59316240000004],[23.403622900000073,37.594501000000037]]]},"properties":{"fid":446,"historic":"archaeological_site","name_en":"Mycenaean settlement","name":"Μυκηναϊκός οικισμός"}},{"type":"Feature","id":450,"geometry":{"type":"Polygon","coordinates":[[[23.786739200000056,37.959926900000028],[23.786727100000064,37.959926900000028],[23.786727400000075,37.959909200000027],[23.786712400000056,37.959908900000073],[23.786712400000056,37.95989940000004],[23.786739200000056,37.95989940000004],[23.786739200000056,37.959926900000028]]]},"properties":{"fid":450,"historic":"ruins","name_en":null,"name":null}},{"type":"Feature","id":451,"geometry":{"type":"Polygon","coordinates":[[[23.727168100000029,37.975174000000038],[23.727176400000076,37.975172300000054],[23.727188200000057,37.975170000000048],[23.727188900000044,37.975172400000076],[23.727196700000036,37.97517090000008],[23.727199400000075,37.975170300000059],[23.727203000000031,37.975181300000031],[23.727192500000058,37.975183400000049],[23.727201600000058,37.97521160000008],[23.727212100000031,37.975209500000062],[23.727215700000045,37.975220500000034],[23.727205200000071,37.975222600000052],[23.727215200000046,37.975253700000053],[23.727225700000076,37.975251600000036],[23.727229300000033,37.975262600000065],[23.72721880000006,37.975264700000025],[23.727228500000024,37.975294900000051],[23.727239000000054,37.975292800000034],[23.727242600000068,37.97530370000004],[23.727232100000037,37.97530590000008],[23.727241500000048,37.975335100000052],[23.727252000000078,37.975333000000035],[23.727255600000035,37.975343900000041],[23.727245100000061,37.975346000000059],[23.727253800000028,37.97537310000007],[23.727264300000058,37.975371000000052],[23.727267900000072,37.975381900000059],[23.727257400000042,37.975384000000076],[23.727258500000062,37.975387500000068],[23.727246700000023,37.975389800000073],[23.727238400000033,37.975391500000057],[23.727290200000027,37.975551800000062],[23.727316600000051,37.975633300000027],[23.727238300000067,37.975649100000055],[23.727148500000055,37.975667100000067],[23.727138000000025,37.975669200000027],[23.727130400000078,37.975645800000052],[23.727097800000024,37.975652300000036],[23.727056900000036,37.975660400000038],[23.727058400000033,37.97566530000006],[23.727059300000064,37.97567040000007],[23.727059500000053,37.975675400000057],[23.727059000000054,37.975680500000067],[23.727057800000068,37.975685500000054],[23.727056000000061,37.975690300000053],[23.727053600000033,37.97569500000003],[23.727050500000075,37.975699500000076],[23.727046900000062,37.975703700000054],[23.727042700000027,37.975707500000055],[23.727038100000073,37.975711000000047],[23.727033000000063,37.975714100000062],[23.727027500000077,37.975716800000043],[23.727021700000023,37.975719000000026],[23.727015600000072,37.975720700000068],[23.727009400000043,37.975721900000053],[23.727003000000025,37.975722500000074],[23.727000700000076,37.97572260000004],[23.726996600000064,37.975722700000063],[23.726990200000046,37.975722300000029],[23.726983800000028,37.975721400000054],[23.726977700000077,37.975720000000024],[23.726971700000036,37.975718000000029],[23.726968900000031,37.975716800000043],[23.726966100000027,37.975715600000058],[23.726960800000029,37.975712800000053],[23.726955900000064,37.97570950000005],[23.726951400000075,37.975705800000071],[23.726947500000051,37.975701800000024],[23.726944100000026,37.975697500000024],[23.726941300000078,37.97569290000007],[23.726939200000061,37.97568810000007],[23.726938100000041,37.975684500000057],[23.726919500000065,37.975688200000036],[23.726884200000029,37.975695300000041],[23.726840000000038,37.975704200000052],[23.726808100000028,37.97571060000007],[23.726663600000052,37.975739600000054],[23.726679300000058,37.975788200000068],[23.726670700000057,37.975789900000052],[23.726623000000075,37.975799500000051],[23.726554100000044,37.975813300000027],[23.726538400000038,37.97576470000007],[23.726451200000042,37.975782200000026],[23.726249500000051,37.97582280000006],[23.726250900000025,37.975827400000071],[23.726251800000057,37.975832500000024],[23.726252000000045,37.975837500000068],[23.726251500000046,37.975842600000078],[23.726250300000061,37.975847600000066],[23.726248500000054,37.975852400000065],[23.726246100000026,37.975857100000042],[23.726243000000068,37.97586160000003],[23.726239400000054,37.975865800000065],[23.726235200000076,37.975869600000067],[23.726230600000065,37.975873100000058],[23.726225500000055,37.975876200000073],[23.726220000000069,37.975878900000055],[23.726214200000072,37.975881100000038],[23.726208100000065,37.975882800000079],[23.726201900000035,37.975884000000065],[23.726195500000074,37.975884600000029],[23.726189100000056,37.975884800000074],[23.726182700000038,37.975884400000041],[23.726176400000043,37.975883500000066],[23.72617020000007,37.975882100000035],[23.726164200000028,37.97588010000004],[23.726158600000076,37.975877700000069],[23.726153300000078,37.975874900000065],[23.726148400000056,37.975871600000062],[23.726143900000068,37.975867900000026],[23.726140000000044,37.975863900000036],[23.726136600000075,37.975859600000035],[23.726133900000036,37.975855000000024],[23.726131700000053,37.975850200000025],[23.726130600000033,37.975846700000034],[23.72607400000004,37.975858000000073],[23.726068300000065,37.975859200000059],[23.726069900000027,37.975864300000069],[23.726003500000047,37.975877600000047],[23.726001000000053,37.975869900000077],[23.726063200000056,37.975857500000075],[23.726056500000027,37.975836800000025],[23.726032100000054,37.975841700000046],[23.726026500000046,37.975824400000079],[23.726051000000041,37.975819500000057],[23.726044600000023,37.975799800000061],[23.72602020000005,37.975804700000026],[23.726014600000042,37.975787400000058],[23.726039000000071,37.975782500000037],[23.726033500000028,37.975765600000045],[23.726009100000056,37.975770500000067],[23.726003500000047,37.975753200000042],[23.726027900000076,37.975748300000078],[23.726021500000058,37.975728400000037],[23.725997100000029,37.975733300000059],[23.725991500000077,37.975716000000034],[23.72601590000005,37.975711100000069],[23.726009800000043,37.97569210000006],[23.72598540000007,37.975697000000025],[23.725979800000061,37.97567980000008],[23.726004200000034,37.975674900000058],[23.725998700000048,37.975657700000056],[23.725974200000053,37.975662700000044],[23.725968700000067,37.975645400000076],[23.725993100000039,37.975640500000054],[23.725986700000078,37.97562060000007],[23.725962200000026,37.975625500000035],[23.72595670000004,37.975608300000033],[23.72598110000007,37.975603400000068],[23.725974600000029,37.975583200000074],[23.725889600000073,37.975600300000053],[23.725852800000041,37.975486700000033],[23.725892600000066,37.975478700000053],[23.725937800000054,37.975469600000054],[23.725931800000069,37.975451000000078],[23.72590740000004,37.975455900000043],[23.725901800000031,37.975438600000075],[23.72592620000006,37.975433700000053],[23.725922300000036,37.975421600000061],[23.725919900000065,37.975414000000058],[23.72589540000007,37.975418900000079],[23.725889900000027,37.975401600000055],[23.725914300000056,37.975396700000033],[23.725909900000033,37.975383100000045],[23.72590880000007,37.975379800000042],[23.725884400000041,37.975384700000063],[23.725878800000032,37.975367400000039],[23.725903200000062,37.975362500000074],[23.725896800000044,37.975342600000033],[23.725872300000049,37.975347500000055],[23.725866800000063,37.97533020000003],[23.725891200000035,37.975325300000065],[23.725885100000028,37.975306400000079],[23.725860600000033,37.975311300000044],[23.725855100000047,37.975294000000076],[23.725879500000076,37.975289100000055],[23.725873900000067,37.975272000000075],[23.725849500000038,37.97527690000004],[23.725843900000029,37.975259600000072],[23.725868400000024,37.97525470000005],[23.725862000000063,37.975234900000032],[23.725837500000068,37.975239800000054],[23.72583190000006,37.975222500000029],[23.725856400000055,37.975217600000065],[23.725849000000039,37.975194900000076],[23.72578690000006,37.975207400000045],[23.725784400000066,37.975199700000076],[23.725850800000046,37.975186400000041],[23.72585250000003,37.975191500000051],[23.725857800000028,37.975190400000031],[23.725915100000066,37.97517890000006],[23.725913700000035,37.975174400000071],[23.72591280000006,37.975169400000027],[23.725912700000038,37.975164300000074],[23.725913100000071,37.97515930000003],[23.725914300000056,37.975154300000042],[23.725916100000063,37.975149400000078],[23.725918600000057,37.975144700000044],[23.725921600000049,37.975140300000078],[23.725925300000029,37.975136100000043],[23.725929400000041,37.975132200000075],[23.725934100000075,37.975128700000027],[23.725939200000028,37.975125600000069],[23.725944600000048,37.975123000000053],[23.725950400000045,37.97512080000007],[23.725956500000052,37.975119100000029],[23.725962700000025,37.975117900000043],[23.725969100000043,37.975117200000057],[23.725975600000027,37.975117100000034],[23.725982000000045,37.975117500000067],[23.72598830000004,37.975118400000042],[23.72599450000007,37.975119800000073],[23.726000400000032,37.975121700000045],[23.726006100000063,37.975124100000073],[23.726011400000061,37.975127000000043],[23.726016300000026,37.975130300000046],[23.726020700000049,37.97513390000006],[23.726024600000073,37.975138000000072],[23.726028000000042,37.975142300000073],[23.726030800000046,37.975146800000061],[23.726033000000029,37.975151600000061],[23.726034000000027,37.975155000000029],[23.726322500000038,37.975097100000028],[23.726306900000054,37.975048600000036],[23.726432100000068,37.975023500000077],[23.726447800000074,37.975071900000046],[23.726718500000061,37.975017500000035],[23.72671710000003,37.975012900000024],[23.726716200000055,37.975007900000037],[23.726716000000067,37.975002800000027],[23.726716500000066,37.97499780000004],[23.726717700000052,37.974992800000052],[23.726719500000058,37.974987900000031],[23.72672190000003,37.974983200000054],[23.726725000000044,37.974978800000031],[23.726728600000058,37.974974600000053],[23.726732800000036,37.974970700000029],[23.726737400000047,37.974967200000037],[23.726742500000057,37.974964100000079],[23.726748000000043,37.974961500000063],[23.72675380000004,37.97495930000008],[23.726759900000047,37.974957600000039],[23.726766100000077,37.974956400000053],[23.726772500000038,37.974955700000066],[23.726778300000035,37.974955500000078],[23.726778900000056,37.974955500000078],[23.726785300000074,37.974955900000054],[23.726791700000035,37.974956800000029],[23.726797800000043,37.974958300000026],[23.726803800000027,37.974960200000055],[23.726809400000036,37.974962600000026],[23.726814700000034,37.974965500000053],[23.726819600000056,37.974968800000056],[23.726824100000044,37.97497240000007],[23.726828000000069,37.97497640000006],[23.726831400000037,37.974980800000026],[23.726834200000042,37.974985300000071],[23.726836300000059,37.97499010000007],[23.726837400000022,37.974993600000062],[23.726914600000043,37.974978100000044],[23.726905800000054,37.974951100000055],[23.727084500000046,37.974915200000055],[23.727168100000029,37.975174000000038]]]},"properties":{"fid":451,"historic":"archaeological_site","name_en":"Hadrian's Library","name":"Βιβλιοθήκη του Αδριανού"}},{"type":"Feature","id":452,"geometry":{"type":"Polygon","coordinates":[[[23.725939700000026,37.975956500000052],[23.725932800000066,37.975948900000049],[23.72605580000004,37.975879400000053],[23.726115200000038,37.97594440000006],[23.726142200000027,37.975974400000041],[23.726018700000054,37.976043400000037],[23.725978800000064,37.976053400000069],[23.725905500000067,37.975973500000066],[23.725910200000044,37.97597120000006],[23.725939700000026,37.975956500000052]]]},"properties":{"fid":452,"historic":"monument","name_en":"Tzistarakis Mosque","name":"Τζαμί Τζισταράκη"}},{"type":"Feature","id":455,"geometry":{"type":"Polygon","coordinates":[[[23.96770900000007,38.147278500000027],[23.96761250000003,38.147083500000065],[23.967565800000045,38.146755700000028],[23.967584500000044,38.146203900000046],[23.96803280000006,38.146220400000061],[23.968177500000024,38.146337000000074],[23.968345700000043,38.146574800000053],[23.968405300000029,38.14699980000006],[23.968470000000025,38.147113700000034],[23.968460800000059,38.147466300000076],[23.96770900000007,38.147278500000027]]]},"properties":{"fid":455,"historic":"ruins","name_en":null,"name":"Πολεμικά Ορύγματα 2 Π.Π."}},{"type":"Feature","id":456,"geometry":{"type":"Polygon","coordinates":[[[22.981021600000076,36.265925400000071],[22.981016000000068,36.265935600000034],[22.981025600000066,36.265943700000037],[22.981025200000033,36.265954900000054],[22.981015100000036,36.26596260000008],[22.981001300000059,36.265962300000069],[22.980994500000065,36.26597460000005],[22.980827600000055,36.265914600000031],[22.980875600000047,36.26582760000008],[22.981042500000058,36.265887600000042],[22.981035400000053,36.265900400000078],[22.981044300000065,36.265908000000024],[22.981044000000054,36.265918500000055],[22.981034600000044,36.265925700000025],[22.981021600000076,36.265925400000071]]]},"properties":{"fid":456,"historic":"church","name_en":null,"name":"Άγιος Αντώνιος"}},{"type":"Feature","id":457,"geometry":{"type":"Polygon","coordinates":[[[22.935022100000026,36.245290000000068],[22.935052400000075,36.245247400000039],[22.935197500000072,36.245314500000063],[22.935167200000024,36.245357100000035],[22.935022100000026,36.245290000000068]]]},"properties":{"fid":457,"historic":"building","name_en":null,"name":"Αγγλικο Σχολείο"}},{"type":"Feature","id":458,"geometry":{"type":"Polygon","coordinates":[[[23.411642000000029,37.900432600000045],[23.41161900000003,37.900411600000041],[23.411631900000032,37.900361400000065],[23.411503100000061,37.90021530000007],[23.411707400000068,37.900136500000031],[23.411795900000072,37.900142100000039],[23.412132100000065,37.900082100000077],[23.412205800000038,37.900071400000058],[23.412294900000063,37.900058400000034],[23.412502000000075,37.899978800000042],[23.412763900000073,37.899855900000034],[23.412848800000063,37.899855900000034],[23.412963900000022,37.899973200000034],[23.412953200000061,37.900031800000079],[23.413013200000023,37.900085200000035],[23.412908600000037,37.900166700000057],[23.412679000000026,37.899992700000041],[23.412640000000067,37.900016500000049],[23.412620600000025,37.900047200000074],[23.412454000000025,37.900154000000043],[23.412369500000068,37.900125400000036],[23.412192000000061,37.90021020000006],[23.411732200000074,37.900434000000075],[23.411642000000029,37.900432600000045]]]},"properties":{"fid":458,"historic":"archaeological_site","name_en":null,"name":"Μυκηναϊκή Ακρόπολη Κανακίων"}},{"type":"Feature","id":459,"geometry":{"type":"Polygon","coordinates":[[[23.917545200000063,38.091292200000055],[23.917927900000052,38.090915900000027],[23.918179100000032,38.091074100000071],[23.918004100000076,38.091246200000057],[23.918049800000063,38.091275000000053],[23.91808640000005,38.091238900000064],[23.918294800000069,38.091370100000063],[23.91812740000006,38.091534900000056],[23.917921100000058,38.091405000000066],[23.917955100000029,38.091371600000059],[23.917849600000068,38.091305100000056],[23.917738700000029,38.091414100000065],[23.917545200000063,38.091292200000055]]]},"properties":{"fid":459,"historic":"monument","name_en":"German military cemetery of Dionysus - Rapentose 1939-1945","name":"Γερμανικό στρατιωτικό νεκροταφείο Διονύσου - Ραπεντόζης 1939-1945"}},{"type":"Feature","id":463,"geometry":{"type":"Polygon","coordinates":[[[23.43143850000007,37.745772000000045],[23.43144060000003,37.745817600000066],[23.431383900000071,37.745819200000028],[23.431381800000054,37.745773600000064],[23.431388000000027,37.745773400000076],[23.43143850000007,37.745772000000045]]]},"properties":{"fid":463,"historic":"archaeological_site","name_en":null,"name":null}},{"type":"Feature","id":464,"geometry":{"type":"Polygon","coordinates":[[[23.73373040000007,37.972736700000041],[23.733961300000033,37.972709200000054],[23.733983100000046,37.972822700000052],[23.734036400000036,37.972816300000034],[23.73404800000003,37.972874600000068],[23.734047900000064,37.972881500000028],[23.733963000000074,37.972891700000048],[23.733765700000049,37.972915300000068],[23.73373040000007,37.972736700000041]]]},"properties":{"fid":464,"historic":"archaeological_site","name_en":null,"name":null}},{"type":"Feature","id":465,"geometry":{"type":"Polygon","coordinates":[[[24.031177800000023,37.770748800000035],[24.031406700000048,37.770479300000034],[24.031850300000031,37.77065650000003],[24.032125800000074,37.770988800000055],[24.03160280000003,37.771095800000069],[24.031261900000061,37.77086330000003],[24.031177800000023,37.770748800000035]]]},"properties":{"fid":465,"historic":"monument","name_en":null,"name":"Παλιές μεταλλευτικές εγκαταστάσεις"}},{"type":"Feature","id":467,"geometry":{"type":"Polygon","coordinates":[[[23.844812700000034,38.01421270000003],[23.844812700000034,38.014005100000077],[23.844819400000063,38.013991900000065],[23.844994400000076,38.013956500000063],[23.845001800000034,38.01399710000004],[23.844883700000025,38.014046800000074],[23.844944800000064,38.014114900000038],[23.844949500000041,38.014126600000054],[23.844945400000029,38.014135600000031],[23.844937400000049,38.014143500000046],[23.844812700000034,38.01421270000003]]]},"properties":{"fid":467,"historic":"archaeological_site","name_en":null,"name":"Ιερό Παλληνίδος Αθηνάς"}},{"type":"Feature","id":468,"geometry":{"type":"Polygon","coordinates":[[[23.845114000000024,38.014025500000059],[23.845090900000059,38.013942400000076],[23.845225800000037,38.013919100000066],[23.845241800000053,38.01397680000008],[23.845248900000058,38.01400220000005],[23.845114000000024,38.014025500000059]]]},"properties":{"fid":468,"historic":"archaeological_site","name_en":null,"name":"Ιερό Παλληνίδος Αθηνάς"}},{"type":"Feature","id":469,"geometry":{"type":"Polygon","coordinates":[[[23.844524300000046,38.014196800000036],[23.84447810000006,38.014198400000055],[23.84447810000006,38.014300400000025],[23.844203100000072,38.014296700000045],[23.844070400000078,38.014295000000061],[23.843998600000077,38.014294000000064],[23.843976500000053,38.014204800000073],[23.844059700000059,38.014206800000068],[23.844214000000022,38.014211200000034],[23.844266800000071,38.014213700000028],[23.844270200000039,38.014064200000064],[23.844732900000054,38.014004000000057],[23.844730900000059,38.014120200000036],[23.844524300000046,38.014121800000055],[23.844524300000046,38.014196800000036]]]},"properties":{"fid":469,"historic":"archaeological_site","name_en":null,"name":"Ιερό Παλληνίδος Αθηνάς"}},{"type":"Feature","id":471,"geometry":{"type":"Polygon","coordinates":[[[24.041531100000043,37.87183900000008],[24.041085900000041,37.871902500000033],[24.040747900000042,37.872139700000048],[24.040495800000031,37.872385300000076],[24.040436800000066,37.872639400000025],[24.040265100000056,37.87266900000003],[24.040034500000047,37.87255470000008],[24.03978230000007,37.872546200000045],[24.039503400000058,37.87266900000003],[24.039369300000033,37.872626600000046],[24.039460500000075,37.872414900000024],[24.039535600000079,37.87219900000008],[24.039889600000038,37.871911000000068],[24.040447500000028,37.87157220000006],[24.040705000000059,37.871398600000077],[24.040807000000029,37.871186900000055],[24.040978600000074,37.871191100000033],[24.041246800000067,37.871208100000047],[24.041558000000066,37.871042900000077],[24.041906700000027,37.870898900000043],[24.042250000000024,37.870894700000065],[24.042646900000022,37.87092430000007],[24.04278110000007,37.870945500000062],[24.042877600000054,37.871047100000055],[24.042920500000037,37.871254600000043],[24.04294740000006,37.871394400000042],[24.042807900000071,37.871546800000033],[24.042448500000035,37.871411300000034],[24.042056900000034,37.871424000000047],[24.041895900000043,37.871623100000079],[24.041670600000032,37.871669600000075],[24.041531100000043,37.87183900000008]]]},"properties":{"fid":471,"historic":"archaeological_site","name_en":null,"name":"Ακρόπολη-Καστροπολιτεία Αρχαίας Κορώνης Πόρτο Ράφτη"}},{"type":"Feature","id":472,"geometry":{"type":"Polygon","coordinates":[[[23.667630900000063,38.05875350000008],[23.667546400000049,38.059370200000046],[23.667445800000053,38.060030100000063],[23.667347900000038,38.060432400000025],[23.667321100000038,38.060573900000065],[23.66722720000007,38.060815800000057],[23.667191000000059,38.060945600000025],[23.667169000000058,38.060938400000055],[23.667203500000028,38.060807200000056],[23.667301100000032,38.06057190000007],[23.667325500000061,38.060426200000052],[23.667421000000047,38.060029300000053],[23.667524700000058,38.059369900000036],[23.667610100000047,38.058752100000049],[23.667630900000063,38.05875350000008]]]},"properties":{"fid":472,"historic":"archaeological_site","name_en":"The Dema Wall","name":"Το τείχος του Δέματος"}},{"type":"Feature","id":473,"geometry":{"type":"Polygon","coordinates":[[[23.684426700000074,37.934049800000025],[23.684397400000023,37.934034000000054],[23.684414400000037,37.934000000000026],[23.684526800000071,37.933949200000029],[23.684648400000071,37.933883600000058],[23.684822000000054,37.933836900000074],[23.684879700000067,37.933840000000032],[23.684898900000064,37.933881300000053],[23.684816100000035,37.933928700000024],[23.684608400000059,37.934011700000042],[23.684426700000074,37.934049800000025]]]},"properties":{"fid":473,"historic":"ship","name_en":null,"name":"Θαλής Ο Μυλήσιος"}},{"type":"Feature","id":474,"geometry":{"type":"Polygon","coordinates":[[[23.684249800000032,37.933942200000047],[23.684279100000026,37.933896100000027],[23.684383800000035,37.933837700000026],[23.684511200000031,37.933781000000067],[23.684656000000075,37.933728300000041],[23.684787100000051,37.933687200000065],[23.68481440000005,37.933706700000073],[23.684733100000074,37.933773200000076],[23.684607800000038,37.933839200000079],[23.68442390000007,37.933913100000041],[23.684306800000059,37.933953200000076],[23.684249800000032,37.933942200000047]]]},"properties":{"fid":474,"historic":"ship","name_en":null,"name":null}},{"type":"Feature","id":475,"geometry":{"type":"Polygon","coordinates":[[[23.726164400000073,37.974146100000041],[23.726156800000069,37.974129800000071],[23.726474500000052,37.974048000000039],[23.726481100000058,37.974065200000041],[23.726164400000073,37.974146100000041]]]},"properties":{"fid":475,"historic":"ruins","name_en":null,"name":null}},{"type":"Feature","id":476,"geometry":{"type":"Polygon","coordinates":[[[23.725598400000024,37.974479300000041],[23.725606300000038,37.974477100000058],[23.725617000000057,37.97450450000008],[23.725608600000044,37.974506700000063],[23.72560720000007,37.974502700000073],[23.725536900000066,37.97451680000006],[23.725546200000053,37.974543500000038],[23.725563200000067,37.974540000000047],[23.725576200000035,37.974537100000077],[23.725597500000049,37.974532700000054],[23.725617000000057,37.974528300000031],[23.725615600000026,37.974524300000041],[23.725627200000076,37.974521700000025],[23.725630900000056,37.974531600000034],[23.725599800000055,37.974538900000027],[23.725577500000043,37.974544000000037],[23.725586400000054,37.974571800000035],[23.725558100000057,37.974577400000044],[23.725540000000024,37.974580900000035],[23.725508900000023,37.974486600000034],[23.725525100000027,37.974483200000066],[23.72554180000003,37.974479300000041],[23.72554880000007,37.974477800000045],[23.725551600000074,37.974479300000041],[23.725552500000049,37.974481500000024],[23.725554800000054,37.974487700000054],[23.725559000000032,37.974486900000045],[23.725579400000072,37.974482900000055],[23.725598400000024,37.974479300000041]]]},"properties":{"fid":476,"historic":"monument","name_en":"Gate of Athena Archegetis","name":"Πύλη Αρχηγέτιδος Αθηνάς"}},{"type":"Feature","id":477,"geometry":{"type":"Polygon","coordinates":[[[23.73936800000007,37.970783900000072],[23.739368100000036,37.970747800000026],[23.739399100000071,37.970747900000049],[23.739399000000049,37.970784000000037],[23.73936800000007,37.970783900000072]]]},"properties":{"fid":477,"historic":"memorial","name_en":"Georgios Karaiskakis","name":"Γεώργιος Καραϊσκάκης"}},{"type":"Feature","id":478,"geometry":{"type":"Polygon","coordinates":[[[23.545226800000023,38.123771700000077],[23.545248600000036,38.123793900000067],[23.545260100000064,38.123820500000079],[23.545260000000042,38.123848600000031],[23.545248300000026,38.123875100000078],[23.545226300000024,38.123897200000044],[23.545196300000043,38.123912400000052],[23.545161800000074,38.123919200000046],[23.545126200000027,38.123916800000075],[23.54509360000003,38.123905400000069],[23.545067500000073,38.123886300000038],[23.545050600000025,38.123861600000055],[23.54504490000005,38.123834000000045],[23.545050900000035,38.123806300000069],[23.545067900000049,38.123781700000052],[23.545094300000073,38.123762800000065],[23.545126900000071,38.123751600000048],[23.54516250000006,38.123749300000043],[23.54519700000003,38.123756300000025],[23.545226800000023,38.123771700000077]]]},"properties":{"fid":478,"historic":"archaeological_site","name_en":null,"name":"Kororemi tower (Attica) Mandra"}},{"type":"Feature","id":480,"geometry":{"type":"Polygon","coordinates":[[[23.738068800000065,37.972566200000074],[23.73811870000003,37.972541600000056],[23.738135000000057,37.972578600000077],[23.738122800000042,37.972591400000056],[23.738068800000065,37.972566200000074]]]},"properties":{"fid":480,"historic":"archaeological_site","name_en":null,"name":null}},{"type":"Feature","id":481,"geometry":{"type":"Polygon","coordinates":[[[23.737261800000056,37.97290380000004],[23.737309900000071,37.972834900000066],[23.737372200000038,37.972855800000048],[23.737430300000028,37.972901900000068],[23.737349900000027,37.972973800000034],[23.737261800000056,37.97290380000004]]]},"properties":{"fid":481,"historic":"archaeological_site","name_en":null,"name":null}},{"type":"Feature","id":482,"geometry":{"type":"Polygon","coordinates":[[[23.729908200000068,37.965035400000033],[23.729947500000037,37.965045400000065],[23.729949000000033,37.965041900000074],[23.729965800000059,37.965046200000074],[23.729967000000045,37.965043800000046],[23.729968300000053,37.965041600000063],[23.729969800000049,37.96503940000008],[23.729971600000056,37.965037400000028],[23.729973500000028,37.965035500000056],[23.729975600000046,37.965033800000072],[23.729977800000029,37.96503210000003],[23.729980200000057,37.965030700000057],[23.72998270000005,37.965029400000049],[23.729985300000067,37.965028200000063],[23.729988100000071,37.965027200000065],[23.729990900000075,37.965026400000056],[23.729993800000045,37.965025700000069],[23.729996800000038,37.965025200000071],[23.72999980000003,37.96502490000006],[23.730002900000045,37.965024800000037],[23.730005900000037,37.96502490000006],[23.730009100000075,37.965025200000071],[23.730012200000033,37.965025700000069],[23.730015300000048,37.965026300000034],[23.73001830000004,37.965027200000065],[23.730021200000067,37.965028300000029],[23.730023900000049,37.965029500000071],[23.730026400000042,37.965030900000045],[23.730028800000071,37.965032400000041],[23.730031100000076,37.96503400000006],[23.730033100000071,37.965035800000067],[23.730035000000044,37.965037700000039],[23.730036600000062,37.965039600000068],[23.730038100000058,37.965041700000029],[23.730039400000067,37.965043900000069],[23.730040400000064,37.965046100000052],[23.730041300000039,37.965048400000057],[23.73004190000006,37.965050700000063],[23.730042200000071,37.965053100000034],[23.730042400000059,37.965055500000062],[23.730042300000036,37.965058000000056],[23.73004190000006,37.965060400000027],[23.730041300000039,37.965062900000078],[23.73004050000003,37.965065300000049],[23.730057300000055,37.965069600000049],[23.730055900000025,37.965073200000063],[23.730071900000041,37.965077300000075],[23.730095100000028,37.965083200000038],[23.730082400000072,37.965114200000073],[23.730087000000026,37.965115400000059],[23.730081600000062,37.965128600000071],[23.730084600000055,37.965129500000046],[23.730087500000025,37.965130600000066],[23.730090200000063,37.965131800000051],[23.730092700000057,37.965133200000025],[23.730095100000028,37.965134700000078],[23.730097400000034,37.96513630000004],[23.730099400000029,37.965138100000047],[23.730101300000058,37.965140000000076],[23.730102900000077,37.965141900000049],[23.730104400000073,37.965144000000066],[23.730105700000024,37.965146200000049],[23.730106700000078,37.965148400000032],[23.730107600000053,37.965150700000038],[23.730108200000075,37.965153000000043],[23.730108600000051,37.965155400000071],[23.730108700000073,37.965157800000043],[23.730108600000051,37.965160300000036],[23.73010830000004,37.965162700000064],[23.730107600000053,37.965165200000058],[23.730106800000044,37.965167600000029],[23.730105700000024,37.965170000000057],[23.73010430000005,37.965172300000063],[23.730102800000054,37.96517440000008],[23.730101000000047,37.965176400000075],[23.730099100000075,37.965178300000048],[23.730097000000058,37.965180100000055],[23.730094800000074,37.965181700000073],[23.730092400000046,37.965183100000047],[23.730089900000053,37.965184500000078],[23.730087300000037,37.965185600000041],[23.730084500000032,37.965186600000038],[23.730081700000028,37.965187400000048],[23.730078800000058,37.965188100000034],[23.730075800000066,37.965188600000033],[23.730072800000073,37.965188900000044],[23.730069800000024,37.965189000000066],[23.730066700000066,37.965188900000044],[23.730063600000051,37.965188600000033],[23.73006040000007,37.965188200000057],[23.730057300000055,37.96518750000007],[23.730051900000035,37.965200800000048],[23.730047200000058,37.965199600000062],[23.730034400000022,37.965230500000075],[23.729995200000076,37.965220500000044],[23.729993700000023,37.965224000000035],[23.729976900000054,37.965219700000034],[23.729975800000034,37.965222100000062],[23.72997440000006,37.965224400000068],[23.729972900000064,37.965226500000028],[23.729971200000023,37.96522850000008],[23.72996930000005,37.965230400000053],[23.729967200000033,37.965232200000059],[23.729964900000027,37.965233800000078],[23.729962500000056,37.965235200000052],[23.729960000000062,37.965236600000026],[23.729957400000046,37.965237700000046],[23.729954700000064,37.965238700000043],[23.729951800000038,37.965239500000052],[23.729948900000068,37.965240200000039],[23.729946000000041,37.965240700000038],[23.729942900000026,37.965241000000049],[23.729939900000034,37.965241100000071],[23.729936800000075,37.965241000000049],[23.729933700000061,37.965240700000038],[23.729930600000046,37.965240300000062],[23.729927500000031,37.965239600000075],[23.729924500000038,37.965238700000043],[23.729921600000068,37.965237700000046],[23.72991890000003,37.965236400000038],[23.72991630000007,37.965235100000029],[23.729913900000042,37.965233600000033],[23.729911700000059,37.965231900000049],[23.729909600000042,37.965230100000042],[23.729907800000035,37.965228300000035],[23.729906100000051,37.96522630000004],[23.729904600000054,37.96522420000008],[23.729903400000069,37.965222100000062],[23.729902300000049,37.965219800000057],[23.72990150000004,37.965217500000051],[23.729900900000075,37.965215200000046],[23.729900500000042,37.965212800000074],[23.729900300000054,37.965210400000046],[23.729900400000076,37.965208000000075],[23.729900800000053,37.965205500000025],[23.729901400000074,37.965203100000053],[23.729902300000049,37.96520060000006],[23.729885400000057,37.965196300000059],[23.729886900000054,37.965192800000068],[23.729847600000028,37.965182700000071],[23.72985140000003,37.96517330000006],[23.729836500000033,37.965169500000059],[23.729823600000032,37.965166200000056],[23.729827800000066,37.965156100000058],[23.729832500000043,37.965144700000053],[23.729818800000032,37.965141100000039],[23.729836400000067,37.965098400000045],[23.729854000000046,37.96505570000005],[23.729867700000057,37.965059100000076],[23.729872400000033,37.965047800000036],[23.729876500000046,37.965037700000039],[23.729889400000047,37.965040900000076],[23.729904400000066,37.965044800000044],[23.729908200000068,37.965035400000033]]]},"properties":{"fid":482,"historic":"archaeological_site","name_en":"Saint Pantaleon","name":"Άγιος Παντελεήμων"}},{"type":"Feature","id":483,"geometry":{"type":"Polygon","coordinates":[[[23.736359300000061,37.975365400000044],[23.73635390000004,37.975339600000041],[23.736371900000051,37.975337300000035],[23.736377300000072,37.975363000000073],[23.736359300000061,37.975365400000044]]]},"properties":{"fid":483,"historic":"memorial","name_en":"Tomb of Unknown Soldier","name":"Μνημείο Αγνώστου Στρατιώτου"}},{"type":"Feature","id":484,"geometry":{"type":"Polygon","coordinates":[[[23.736359600000071,37.974817200000075],[23.736331600000028,37.974820900000054],[23.736326100000042,37.974795100000051],[23.736354100000028,37.974791400000072],[23.736359600000071,37.974817200000075]]]},"properties":{"fid":484,"historic":"memorial","name_en":null,"name":"Χαρίλαος Τρικούπης"}},{"type":"Feature","id":485,"geometry":{"type":"Polygon","coordinates":[[[23.73659710000004,37.975921600000049],[23.736593800000037,37.975905800000078],[23.736622700000055,37.975902000000076],[23.736626000000058,37.975917800000047],[23.73659710000004,37.975921600000049]]]},"properties":{"fid":485,"historic":"memorial","name_en":null,"name":"Ελευθέριος Βενιζέλος"}},{"type":"Feature","id":486,"geometry":{"type":"Polygon","coordinates":[[[23.733716100000038,37.980949700000053],[23.733717900000045,37.980950700000051],[23.733656000000053,37.981022900000028],[23.733488900000054,37.980933800000059],[23.73364470000007,37.98075220000004],[23.733631500000058,37.980745200000058],[23.733708200000024,37.980655900000045],[23.733721400000036,37.980662900000027],[23.733727700000031,37.980655600000034],[23.733877200000052,37.980481400000031],[23.73404430000005,37.980570500000056],[23.733982400000059,37.980642600000067],[23.73398050000003,37.98064160000007],[23.733907000000045,37.980727200000047],[23.733971200000042,37.980761500000028],[23.73397250000005,37.980760000000032],[23.734202800000048,37.980882800000074],[23.734201600000063,37.980884300000071],[23.73426580000006,37.98091850000003],[23.734339200000022,37.980832900000053],[23.73433730000005,37.980831900000055],[23.734399300000064,37.980759800000044],[23.734542800000042,37.980836300000078],[23.734566400000062,37.980848900000069],[23.734410500000024,37.981030400000066],[23.734418100000028,37.981034500000078],[23.734341500000028,37.981123800000034],[23.734333900000024,37.981119700000079],[23.734178100000065,37.981301300000041],[23.734011000000066,37.981212200000073],[23.734072900000058,37.981140000000039],[23.73407480000003,37.981141000000036],[23.734148300000072,37.981055400000059],[23.734084100000075,37.981021200000043],[23.734082800000067,37.98102270000004],[23.733852400000046,37.980899900000054],[23.733853700000054,37.980898400000058],[23.733789500000057,37.980864100000076],[23.733716100000038,37.980949700000053]]]},"properties":{"fid":486,"historic":"archaeological_site","name_en":null,"name":"Πανεπιστήμιον"}},{"type":"Feature","id":487,"geometry":{"type":"Polygon","coordinates":[[[23.726899100000026,37.973128200000076],[23.726906600000063,37.973058800000047],[23.72698790000004,37.973063600000046],[23.727055700000051,37.973061500000028],[23.727070200000071,37.973236100000065],[23.726976400000069,37.973239000000035],[23.726976200000024,37.973236300000053],[23.726794400000074,37.973242000000027],[23.726790600000072,37.973167000000046],[23.726769800000056,37.973166800000058],[23.726770300000055,37.973127000000034],[23.726899100000026,37.973128200000076]]]},"properties":{"fid":487,"historic":"building","name_en":"Athens University History Museum","name":"Μουσείο Ιστορίας Πανεπιστημίου Αθηνών"}},{"type":"Feature","id":489,"geometry":{"type":"Polygon","coordinates":[[[23.537231700000063,38.113649400000043],[23.53734170000007,38.113471000000061],[23.537562900000069,38.113499500000046],[23.537801700000045,38.113594500000033],[23.537699700000076,38.113833000000056],[23.537265200000036,38.113689500000078],[23.537231700000063,38.113649400000043]]]},"properties":{"fid":489,"historic":"archaeological_site","name_en":null,"name":null}},{"type":"Feature","id":491,"geometry":{"type":"Polygon","coordinates":[[[23.624158100000045,37.933050500000036],[23.624158100000045,37.93299710000008],[23.624223100000052,37.93299710000008],[23.624222400000065,37.933049500000038],[23.624158100000045,37.933050500000036]]]},"properties":{"fid":491,"historic":"tomb","name_en":null,"name":"Τάφος του Θεμιστοκλή"}},{"type":"Feature","id":495,"geometry":{"type":"Polygon","coordinates":[[[23.606243800000072,38.012776200000076],[23.606295300000056,38.01269510000003],[23.609599800000069,38.012054400000068],[23.60960410000007,38.01211690000008],[23.606452000000047,38.012744100000077],[23.606243800000072,38.012776200000076]]]},"properties":{"fid":495,"historic":"archaeological_site","name_en":null,"name":"Αρχαία Ιερά Οδός"}},{"type":"Feature","id":496,"geometry":{"type":"Polygon","coordinates":[[[23.842256000000077,37.988796600000057],[23.842088400000023,37.988695800000073],[23.842269200000032,37.988150200000064],[23.843887400000028,37.988407400000028],[23.844442900000047,37.988539400000036],[23.844504700000073,37.989342100000044],[23.842256000000077,37.988796600000057]]]},"properties":{"fid":496,"historic":"archaeological_site","name_en":null,"name":null}},{"type":"Feature","id":497,"geometry":{"type":"Polygon","coordinates":[[[24.027847000000065,37.67018180000008],[24.027852700000039,37.670190200000036],[24.027854700000034,37.670199700000069],[24.027852700000039,37.670209100000079],[24.027846900000043,37.670217600000058],[24.027837900000065,37.670224200000064],[24.027826700000048,37.670228100000031],[24.027814500000034,37.670228900000041],[24.02780260000003,37.670226400000047],[24.027792300000044,37.670221100000049],[24.027784900000029,37.670213300000057],[24.027781000000061,37.670204100000035],[24.027781200000049,37.670194400000071],[24.027785400000027,37.670185300000071],[24.027793000000031,37.670177800000033],[24.027803200000051,37.67017270000008],[24.027815000000032,37.670170400000075],[24.027827100000025,37.67017130000005],[24.027838100000054,37.670175300000039],[24.027847000000065,37.67018180000008]]]},"properties":{"fid":497,"historic":"archaeological_site","name_en":"Princess tower/farm","name":"Πύργος της Βασιλοπούλας"}},{"type":"Feature","id":498,"geometry":{"type":"Polygon","coordinates":[[[24.026863200000037,37.675828800000033],[24.026788400000044,37.675819700000034],[24.02680730000003,37.675723000000062],[24.026753800000051,37.675716400000056],[24.02677360000007,37.675615100000073],[24.026901900000041,37.675630900000044],[24.026863200000037,37.675828800000033]]]},"properties":{"fid":498,"historic":"archaeological_site","name_en":null,"name":"Cliff tower/farm (Attica)"}},{"type":"Feature","id":499,"geometry":{"type":"Polygon","coordinates":[[[24.003749300000038,37.925263600000051],[24.003694300000063,37.925244500000076],[24.003727900000058,37.925178900000049],[24.003781500000059,37.925195900000062],[24.003749300000038,37.925263600000051]]]},"properties":{"fid":499,"historic":"monument","name_en":null,"name":"Κτίριο Πυροβολείων"}},{"type":"Feature","id":500,"geometry":{"type":"Polygon","coordinates":[[[24.032200700000033,37.895737900000029],[24.031951800000058,37.895925900000066],[24.03176730000007,37.896134200000063],[24.031593500000042,37.896284900000069],[24.031391800000051,37.896352600000057],[24.031286600000044,37.896288200000072],[24.031063500000073,37.896276400000033],[24.030924000000027,37.896198500000025],[24.030966900000067,37.896044400000051],[24.031181500000059,37.895920800000056],[24.031447600000035,37.895773500000075],[24.031632100000024,37.895704100000046],[24.03176940000003,37.895634600000051],[24.03193680000004,37.895695600000067],[24.032039800000064,37.895678700000076],[24.032200700000033,37.895737900000029]]]},"properties":{"fid":500,"historic":"archaeological_site","name_en":null,"name":"Υστερομυκηναϊκό Νεκροταφείο Περατής Πόρτο Ράφτη"}},{"type":"Feature","id":501,"geometry":{"type":"Polygon","coordinates":[[[23.434210200000052,37.735078000000044],[23.434173500000043,37.73507010000003],[23.434188900000038,37.73502540000004],[23.434225600000048,37.735033300000055],[23.434216000000049,37.735061200000075],[23.434210200000052,37.735078000000044]]]},"properties":{"fid":501,"historic":"building","name_en":null,"name":"Αρχοντικό Κοντοσταύλου Αλεξάνδρου"}},{"type":"Feature","id":502,"geometry":{"type":"Polygon","coordinates":[[[24.02716010000006,37.653035400000078],[24.026909100000069,37.653053300000067],[24.026886600000068,37.652885100000049],[24.027142000000026,37.652864700000066],[24.02716010000006,37.653035400000078]]]},"properties":{"fid":502,"historic":"ruins","name_en":null,"name":"Ναός Αθηνάς Σουνιάδος"}},{"type":"Feature","id":504,"geometry":{"type":"Polygon","coordinates":[[[23.727922500000034,37.97469250000006],[23.727835200000072,37.97452480000004],[23.727830700000027,37.974516100000073],[23.727868000000058,37.974503800000036],[23.72785360000006,37.974474600000065],[23.727944300000047,37.974448600000073],[23.727973400000053,37.974503800000036],[23.728009200000031,37.974569000000031],[23.728051400000027,37.974640800000032],[23.727922500000034,37.97469250000006]]]},"properties":{"fid":504,"historic":"archaeological_site","name_en":"Pantheon","name":"Πάνθεον"}},{"type":"Feature","id":505,"geometry":{"type":"Polygon","coordinates":[[[23.725491300000044,37.97141750000003],[23.725493300000039,37.971422300000029],[23.725581300000044,37.971398600000043],[23.725680900000043,37.971628500000065],[23.725589500000069,37.971648400000049],[23.725517700000069,37.971482700000024],[23.725513200000023,37.971472100000028],[23.725487900000076,37.97141380000005],[23.725491300000044,37.97141750000003]]]},"properties":{"fid":505,"historic":"ruins","name_en":null,"name":null}},{"type":"Feature","id":506,"geometry":{"type":"Polygon","coordinates":[[[23.726607900000033,37.972150800000065],[23.726611900000023,37.972151800000063],[23.726611400000024,37.972157300000049],[23.726567100000068,37.972154700000033],[23.726566500000047,37.972161000000028],[23.726481200000023,37.972156100000063],[23.726472700000045,37.972151500000052],[23.726472900000033,37.972149800000068],[23.726438900000062,37.972147900000039],[23.726435200000026,37.972188100000039],[23.726439300000038,37.972191200000054],[23.726437500000031,37.972210400000051],[23.726290500000061,37.972201900000073],[23.726298500000041,37.972116300000039],[23.726340900000025,37.972118700000067],[23.726344300000051,37.972082600000078],[23.726347600000054,37.972082800000067],[23.72635340000005,37.97202070000003],[23.726353600000039,37.972018400000024],[23.726350800000034,37.972018200000036],[23.726353200000062,37.971991900000035],[23.72642490000004,37.971996100000069],[23.726425200000051,37.971992500000056],[23.726427100000024,37.971992600000078],[23.726431600000069,37.971993300000065],[23.726433200000031,37.971996200000035],[23.726431700000035,37.972006500000077],[23.726429800000062,37.972007800000029],[23.726427800000067,37.972028800000032],[23.726618300000041,37.972039900000027],[23.726607900000033,37.972150800000065]]]},"properties":{"fid":506,"historic":"ruins","name_en":"Erechtheum","name":"Ερέχθειο"}},{"type":"Feature","id":507,"geometry":{"type":"Polygon","coordinates":[[[23.725215800000058,37.971881000000053],[23.725360400000056,37.971920800000078],[23.725292800000034,37.972073600000044],[23.725212000000056,37.972051400000055],[23.725234000000057,37.972001600000056],[23.725170200000036,37.971984100000043],[23.725173900000073,37.971975600000064],[23.725086300000044,37.97196050000008],[23.725087100000053,37.971957600000053],[23.725032200000044,37.971948200000043],[23.725056900000027,37.971859100000074],[23.725111800000036,37.97186860000005],[23.725110800000039,37.971872100000041],[23.725212000000056,37.971889500000032],[23.725215800000058,37.971881000000053]]]},"properties":{"fid":507,"historic":"archaeological_site","name_en":null,"name":null}},{"type":"Feature","id":508,"geometry":{"type":"Polygon","coordinates":[[[23.724641600000041,37.971529300000043],[23.724616900000058,37.971624800000029],[23.724589900000069,37.971729200000027],[23.724587500000041,37.971738300000027],[23.724575900000048,37.971735700000067],[23.724521100000061,37.971723500000053],[23.724541200000033,37.971645600000045],[23.724600400000043,37.971655200000043],[23.724608600000067,37.971623400000055],[23.72461670000007,37.971592100000066],[23.72455750000006,37.971582600000033],[23.724574100000041,37.971518400000036],[23.724641600000041,37.971529300000043]]]},"properties":{"fid":508,"historic":"ruins","name_en":"Beulé Gate","name":"Πύλη Μπελέ"}},{"type":"Feature","id":509,"geometry":{"type":"Polygon","coordinates":[[[23.726977400000067,37.971724900000027],[23.726171200000067,37.971578300000033],[23.726257900000064,37.971281800000042],[23.727064100000064,37.971428400000036],[23.726977400000067,37.971724900000027]]]},"properties":{"fid":509,"historic":"temple","name_en":"Parthenon","name":"Παρθενών"}},{"type":"Feature","id":510,"geometry":{"type":"Polygon","coordinates":[[[24.057932300000061,37.740699500000062],[24.057931300000064,37.740712400000064],[24.057925200000057,37.740724300000068],[24.057914500000038,37.740734100000054],[24.057900400000051,37.74074070000006],[24.057883900000036,37.740743300000076],[24.057867200000032,37.740741600000035],[24.05785220000007,37.740735500000028],[24.057840500000054,37.740725900000029],[24.057833500000072,37.740713800000037],[24.057832000000076,37.740700500000059],[24.057836100000031,37.740687600000058],[24.057845300000054,37.740676400000041],[24.057858700000054,37.740668300000038],[24.057874200000072,37.740664200000026],[24.057890500000042,37.740664300000049],[24.05790600000006,37.740668400000061],[24.057918900000061,37.740676300000075],[24.057928000000061,37.740687000000037],[24.057932300000061,37.740699500000062]]]},"properties":{"fid":510,"historic":"tomb","name_en":null,"name":"Θολωτός Μυκηναϊκός Τάφος Θορικού"}},{"type":"Feature","id":511,"geometry":{"type":"Polygon","coordinates":[[[24.057844700000032,37.740861700000039],[24.057856500000071,37.740745400000037],[24.057909000000052,37.740747100000078],[24.057899400000053,37.740865000000042],[24.057844700000032,37.740861700000039]]]},"properties":{"fid":511,"historic":"tomb","name_en":null,"name":"Θολωτός Μυκηναϊκός Τάφος Θορικού"}},{"type":"Feature","id":512,"geometry":{"type":"Polygon","coordinates":[[[24.051705600000048,37.739681300000029],[24.051362300000051,37.739793300000031],[24.051113400000077,37.739813600000048],[24.050894500000027,37.739335100000062],[24.051031900000055,37.738985600000035],[24.051297900000066,37.738625800000079],[24.051568300000042,37.738805700000057],[24.051821500000074,37.739104300000065],[24.052229200000056,37.739046600000052],[24.052546800000073,37.738985600000035],[24.052739900000063,37.739012700000046],[24.05271840000006,37.739206100000047],[24.052615400000036,37.739457300000026],[24.052049000000068,37.739616800000078],[24.051705600000048,37.739681300000029]]]},"properties":{"fid":512,"historic":"archaeological_site","name_en":null,"name":"Αρχαιολογικός Χώρος Θορικού"}},{"type":"Feature","id":513,"geometry":{"type":"Polygon","coordinates":[[[23.934781400000077,38.232488900000078],[23.934759900000074,38.232491000000039],[23.934755300000063,38.232458200000053],[23.934733300000062,38.232460700000047],[23.934693300000049,38.232466000000045],[23.934698500000025,38.232432500000073],[23.934782200000029,38.23242950000008],[23.934781400000077,38.232488900000078]]]},"properties":{"fid":513,"historic":"castle","name_en":null,"name":"Varnava tower (Attica)"}},{"type":"Feature","id":514,"geometry":{"type":"Polygon","coordinates":[[[23.934871700000031,38.232537600000057],[23.934837100000038,38.232507000000055],[23.934735700000033,38.232509700000037],[23.934700000000078,38.232562300000041],[23.934596800000065,38.232598300000063],[23.934593200000052,38.232553800000062],[23.934564900000055,38.232487500000047],[23.934518100000048,38.232483000000059],[23.93449940000005,38.232466000000045],[23.934496400000057,38.23242040000008],[23.934563400000059,38.232428600000048],[23.934599400000025,38.232420000000047],[23.934666400000026,38.232407400000056],[23.934712800000057,38.232398400000079],[23.934776100000079,38.232392600000026],[23.934838900000045,38.232391100000029],[23.934865100000025,38.232416200000046],[23.934890700000039,38.23248760000007],[23.934871700000031,38.232537600000057]]]},"properties":{"fid":514,"historic":"archaeological_site","name_en":null,"name":null}},{"type":"Feature","id":515,"geometry":{"type":"Polygon","coordinates":[[[23.948807300000055,37.855018900000061],[23.948605600000064,37.855149400000073],[23.948481100000038,37.855268000000081],[23.948425300000054,37.855378100000053],[23.948311600000068,37.855379800000037],[23.948103500000059,37.855405200000064],[23.947912500000029,37.855483100000072],[23.947734400000058,37.855483100000072],[23.947526200000027,37.855396700000028],[23.947438300000044,37.855300100000079],[23.947534800000028,37.855137500000069],[23.947717200000056,37.855025700000056],[23.947886700000026,37.854912200000058],[23.947996200000034,37.854771600000049],[23.94815710000006,37.854602100000079],[23.948311600000068,37.854493700000035],[23.948433900000055,37.854415800000027],[23.948582000000044,37.854353100000026],[23.948755800000072,37.854305600000032],[23.94891240000004,37.854302200000063],[23.949054000000046,37.854322600000046],[23.949150600000053,37.854354800000067],[23.949234300000057,37.854414100000042],[23.949279300000057,37.854490300000066],[23.949298700000043,37.854569900000058],[23.949232100000074,37.854671600000074],[23.94908410000005,37.854790200000025],[23.948807300000055,37.855018900000061]]]},"properties":{"fid":515,"historic":"archaeological_site","name_en":null,"name":"Κάστρο Μερέντας"}},{"type":"Feature","id":516,"geometry":{"type":"Polygon","coordinates":[[[23.937152200000071,37.868673200000046],[23.93714360000007,37.868552900000054],[23.937223000000074,37.868549500000029],[23.937227300000075,37.868671500000062],[23.937152200000071,37.868673200000046]]]},"properties":{"fid":516,"historic":"archaeological_site","name_en":null,"name":"Πύργος-Φρυκτωρία Δάγλας"}},{"type":"Feature","id":517,"geometry":{"type":"Polygon","coordinates":[[[23.491569600000048,37.722948400000064],[23.491560800000059,37.722955900000045],[23.491551300000026,37.722962400000029],[23.491540300000054,37.722966900000074],[23.491524800000036,37.722967800000049],[23.491511900000035,37.722963900000025],[23.491503600000044,37.722957500000064],[23.491499500000032,37.722949100000051],[23.491499500000032,37.722938200000044],[23.491503200000068,37.722927200000072],[23.491508600000031,37.722919700000034],[23.491517500000043,37.722913300000073],[23.491569600000048,37.722948400000064]]]},"properties":{"fid":517,"historic":"archaeological_site","name_en":"Bourdechti tower (Aegina)","name":"Ερείπια οχύρωσης μπουρδέχτη Αγίου Λεοντίου"}},{"type":"Feature","id":518,"geometry":{"type":"Polygon","coordinates":[[[23.626959200000044,37.994665700000041],[23.626959400000032,37.99468070000006],[23.626953600000036,37.994695100000058],[23.626942300000053,37.99470720000005],[23.62692670000007,37.994715900000074],[23.626907200000062,37.994720400000062],[23.626886900000045,37.994719500000031],[23.626868200000047,37.99471340000008],[23.626853200000028,37.994702600000039],[23.626843700000052,37.994688500000052],[23.626840600000037,37.994672700000081],[23.626844500000061,37.994657000000075],[23.626854700000024,37.994643300000064],[23.626870300000064,37.994633000000078],[23.626888100000031,37.994627600000058],[23.626907200000062,37.994626900000071],[23.62692560000005,37.994631000000027],[23.626941400000078,37.994639500000062],[23.626953000000071,37.994651400000066],[23.626959200000044,37.994665700000041]]]},"properties":{"fid":518,"historic":"ruins","name_en":null,"name":"Γερμανικά Πολυβολεία"}},{"type":"Feature","id":519,"geometry":{"type":"Polygon","coordinates":[[[23.626580600000068,37.994750000000067],[23.626579000000049,37.994768100000044],[23.626570100000038,37.994784800000048],[23.626554700000042,37.994798400000036],[23.62653460000007,37.994807300000048],[23.626511700000037,37.994810600000051],[23.626488700000039,37.994807900000069],[23.626468100000068,37.994799400000034],[23.626452200000074,37.994786100000056],[23.626442600000075,37.99476930000003],[23.626440500000058,37.99475110000003],[23.626446000000044,37.994733300000064],[23.626458600000035,37.994717900000069],[23.626476900000057,37.994706600000029],[23.62649870000007,37.994700600000044],[23.626521800000035,37.994700500000079],[23.626543600000048,37.994706300000075],[23.62656190000007,37.994717300000048],[23.626574700000049,37.994732400000032],[23.626580600000068,37.994750000000067]]]},"properties":{"fid":519,"historic":"ruins","name_en":null,"name":"Γερμανικά Πολυβολεία"}},{"type":"Feature","id":520,"geometry":{"type":"Polygon","coordinates":[[[23.668842500000039,38.069351500000039],[23.668854600000031,38.069358600000044],[23.668863300000055,38.069368300000065],[23.668867800000044,38.069379600000048],[23.668867500000033,38.069391400000029],[23.668862700000034,38.069402700000069],[23.668852600000037,38.069412900000032],[23.668838700000038,38.069419800000048],[23.668822700000078,38.069422700000075],[23.668806400000051,38.069421100000056],[23.668791700000043,38.06941530000006],[23.66878040000006,38.069405900000049],[23.668773800000054,38.069394100000068],[23.668772600000068,38.069381200000066],[23.668777000000034,38.069368700000041],[23.668786600000033,38.069358200000067],[23.668798800000047,38.069351200000028],[23.668813200000045,38.069347700000037],[23.668828200000064,38.06934780000006],[23.668842500000039,38.069351500000039]]]},"properties":{"fid":520,"historic":"archaeological_site","name_en":null,"name":"Πύργος Δέματος"}},{"type":"Feature","id":523,"geometry":{"type":"Polygon","coordinates":[[[23.728981100000055,37.974011700000062],[23.728953200000035,37.973934000000042],[23.72896570000006,37.973931500000049],[23.728953600000068,37.973894800000039],[23.728922100000034,37.973809600000038],[23.72888800000004,37.973723300000074],[23.728861800000061,37.973631600000033],[23.72904740000007,37.973568800000066],[23.729098700000065,37.973652500000071],[23.729144600000041,37.97365700000006],[23.729149100000029,37.973693200000071],[23.729181900000071,37.973698100000036],[23.729199400000027,37.973665700000026],[23.729242200000044,37.973698500000069],[23.729314200000033,37.973707000000047],[23.729360300000053,37.973745200000053],[23.729361900000072,37.973746400000039],[23.72932650000007,37.97377490000008],[23.729249300000049,37.973840100000075],[23.729325900000049,37.973896100000047],[23.729311200000041,37.973907000000054],[23.729239900000039,37.973960100000056],[23.729188900000054,37.973889700000029],[23.729163700000072,37.973900400000048],[23.729128100000025,37.973916200000076],[23.729150900000036,37.973954700000036],[23.729110700000035,37.973967300000027],[23.728981100000055,37.974011700000062]]]},"properties":{"fid":523,"historic":"archaeological_site","name_en":null,"name":"Διογένειον"}},{"type":"Feature","id":524,"geometry":{"type":"Polygon","coordinates":[[[23.636329400000022,38.139850200000069],[23.636876200000074,38.139758100000051],[23.637217700000065,38.139667000000031],[23.637470500000063,38.139787400000046],[23.637470500000063,38.139936500000033],[23.637270900000033,38.140072600000053],[23.636745200000064,38.140088300000059],[23.636469100000056,38.139973200000043],[23.636222900000064,38.139933900000074],[23.636329400000022,38.139850200000069]]]},"properties":{"fid":524,"historic":"ruins","name_en":null,"name":"Κάστρο Φυλής"}},{"type":"Feature","id":525,"geometry":{"type":"Polygon","coordinates":[[[24.051199200000042,37.738169500000026],[24.051126300000078,37.73811690000008],[24.051197100000024,37.738059200000066],[24.051267900000028,37.738113500000054],[24.051199200000042,37.738169500000026]]]},"properties":{"fid":525,"historic":"archaeological_site","name_en":null,"name":"Πύργος Αρχαίου Θορικού"}},{"type":"Feature","id":526,"geometry":{"type":"Polygon","coordinates":[[[23.724720900000023,37.973861400000033],[23.724847900000043,37.973843000000045],[23.72482610000003,37.973905400000035],[23.724783100000025,37.974028600000054],[23.724596400000053,37.973988100000042],[23.724614000000031,37.973937600000056],[23.724617900000055,37.973938500000031],[23.724633600000061,37.973893600000054],[23.724704300000042,37.973908900000026],[23.724720900000023,37.973861400000033]]]},"properties":{"fid":526,"historic":"archaeological_site","name_en":null,"name":"Έπαυλη Κωλέττη"}},{"type":"Feature","id":536,"geometry":{"type":"Polygon","coordinates":[[[24.015063400000031,37.894435700000031],[24.014851000000078,37.894452600000079],[24.014649300000031,37.894440800000041],[24.01466860000005,37.894090200000051],[24.01469220000007,37.893834500000025],[24.014687900000069,37.893727900000044],[24.014881100000025,37.893699100000049],[24.014945400000045,37.89369570000008],[24.014984100000049,37.894073300000059],[24.015063400000031,37.894435700000031]]]},"properties":{"fid":536,"historic":"archaeological_site","name_en":null,"name":null}},{"type":"Feature","id":537,"geometry":{"type":"Polygon","coordinates":[[[24.014357500000074,37.894580500000075],[24.014325300000053,37.89462960000003],[24.01427590000003,37.89465830000006],[24.014147200000025,37.894682000000046],[24.013936900000033,37.89468880000004],[24.01374590000006,37.894675300000074],[24.013733100000024,37.894583800000078],[24.013776000000064,37.894529700000078],[24.014016300000037,37.894521200000042],[24.014188000000047,37.894534700000065],[24.01430060000007,37.894539000000066],[24.014357500000074,37.894580500000075]]]},"properties":{"fid":537,"historic":"archaeological_site","name_en":null,"name":null}},{"type":"Feature","id":544,"geometry":{"type":"Polygon","coordinates":[[[23.647274100000061,37.939815300000078],[23.647231200000078,37.939766600000041],[23.647417800000028,37.939664300000061],[23.647427900000025,37.939675800000032],[23.647556500000064,37.939605300000039],[23.647563300000058,37.939613000000065],[23.647588800000051,37.939642000000049],[23.647274100000061,37.939815300000078]]]},"properties":{"fid":544,"historic":"archaeological_site","name_en":"The arsenal of Philo","name":"Η Σκευοθήκη του Φίλωνος"}},{"type":"Feature","id":545,"geometry":{"type":"Polygon","coordinates":[[[23.759432600000025,37.966130700000065],[23.759248800000023,37.966186700000037],[23.759181800000079,37.966063000000076],[23.75936820000004,37.966001700000049],[23.759432600000025,37.966130700000065]]]},"properties":{"fid":545,"historic":"monument","name_en":null,"name":"Το Χάραμα Καισαριανής"}},{"type":"Feature","id":546,"geometry":{"type":"Polygon","coordinates":[[[23.724159300000053,37.975687200000039],[23.724095800000043,37.975686000000053],[23.724096400000064,37.975667600000065],[23.724096400000064,37.975665800000058],[23.72409360000006,37.975665700000036],[23.724090700000033,37.975665700000036],[23.724121600000046,37.974653400000079],[23.724124500000073,37.974653500000045],[23.724127400000043,37.974653500000045],[23.724127400000043,37.974651800000061],[23.72434510000005,37.974655900000073],[23.724314100000072,37.975671700000078],[23.724249900000075,37.975670500000035],[23.724249300000054,37.97568890000008],[23.724159300000053,37.975687200000039]]]},"properties":{"fid":546,"historic":"stoa","name_en":"Stoa Of Attalos","name":"Στοά του Αττάλου"}},{"type":"Feature","id":547,"geometry":{"type":"Polygon","coordinates":[[[23.743800400000055,37.975037800000052],[23.743818800000042,37.974972500000035],[23.74391520000006,37.974989300000061],[23.743896800000073,37.975054600000078],[23.743800400000055,37.975037800000052]]]},"properties":{"fid":547,"historic":"archaeological_site","name_en":null,"name":null}},{"type":"Feature","id":548,"geometry":{"type":"Polygon","coordinates":[[[23.728512300000034,37.968801700000029],[23.728794400000027,37.968829300000039],[23.728795000000048,37.968825600000059],[23.728877500000067,37.968833600000039],[23.728901600000029,37.968835900000045],[23.728926200000046,37.968838400000038],[23.72899730000006,37.968845300000055],[23.728995200000043,37.968848300000047],[23.729279400000053,37.968876700000067],[23.729253300000039,37.969039200000054],[23.729156300000056,37.969029500000033],[23.729110300000059,37.969024900000079],[23.729110900000023,37.969021300000065],[23.729077800000027,37.969018000000062],[23.729083100000025,37.968984400000068],[23.728975600000069,37.968973800000072],[23.728966400000047,37.969032500000026],[23.728765600000031,37.969013000000075],[23.728774900000076,37.968953700000043],[23.728667800000039,37.968943100000047],[23.728662500000041,37.968976700000042],[23.728629100000035,37.968973400000039],[23.728628600000036,37.96897690000003],[23.728584200000057,37.968972500000064],[23.728486900000064,37.968963000000031],[23.728512300000034,37.968801700000029]]]},"properties":{"fid":548,"historic":"manor","name_en":"Weiler Building","name":"Μέγαρο Βάιλερ"}},{"type":"Feature","id":549,"geometry":{"type":"Polygon","coordinates":[[[23.725802000000044,37.972564400000067],[23.72579920000004,37.972593300000028],[23.725813200000061,37.972600900000032],[23.725811600000043,37.972617000000071],[23.725796200000048,37.972622800000067],[23.725794000000064,37.972645200000045],[23.725738400000068,37.972641800000076],[23.725670600000058,37.972637600000041],[23.72567870000006,37.972556700000041],[23.725802000000044,37.972564400000067]]]},"properties":{"fid":549,"historic":"church","name_en":null,"name":"Ερείπια ναού"}},{"type":"Feature","id":550,"geometry":{"type":"Polygon","coordinates":[[[23.993547000000035,37.926054100000044],[23.993601900000044,37.926274900000067],[23.99395190000007,37.926222600000074],[23.993855900000028,37.925825700000075],[23.99394060000003,37.925823200000025],[23.994053400000041,37.926287400000035],[23.99351420000005,37.926370200000065],[23.993440400000054,37.926069000000041],[23.993547000000035,37.926054100000044]]]},"properties":{"fid":550,"historic":"archaeological_site","name_en":null,"name":"Stoa of Artemis at Brauron"}},{"type":"Feature","id":551,"geometry":{"type":"Polygon","coordinates":[[[23.735780900000066,37.963939200000027],[23.735813800000074,37.96394870000006],[23.735772900000029,37.964037400000052],[23.735739900000056,37.964028000000042],[23.735780900000066,37.963939200000027]]]},"properties":{"fid":551,"historic":"tomb","name_en":null,"name":"Μαυσωλείο Φονευθέντων Αξιωματικών"}},{"type":"Feature","id":552,"geometry":{"type":"Polygon","coordinates":[[[23.735832500000072,37.964384500000051],[23.735823500000038,37.964395400000058],[23.735795300000063,37.96438100000006],[23.735804300000041,37.964370100000053],[23.735832500000072,37.964384500000051]]]},"properties":{"fid":552,"historic":"archaeological_site","name_en":null,"name":"Αθηνών Χρυσόστομος Β'"}},{"type":"Feature","id":553,"geometry":{"type":"Polygon","coordinates":[[[23.735841500000049,37.964373600000044],[23.735813200000052,37.964359200000047],[23.73582220000003,37.964348200000074],[23.735850400000061,37.964362600000072],[23.735841500000049,37.964373600000044]]]},"properties":{"fid":553,"historic":"archaeological_site","name_en":null,"name":"Αθηνών Δωρόθεος"}},{"type":"Feature","id":554,"geometry":{"type":"Polygon","coordinates":[[[23.735814600000026,37.964406300000064],[23.735805600000049,37.964417300000036],[23.735777400000075,37.964402900000039],[23.735786300000029,37.964391900000066],[23.735814600000026,37.964406300000064]]]},"properties":{"fid":554,"historic":"archaeological_site","name_en":null,"name":"Αθηνών Χριστόδουλος"}},{"type":"Feature","id":555,"geometry":{"type":"Polygon","coordinates":[[[23.735832500000072,37.964384500000051],[23.735804300000041,37.964370100000053],[23.735813200000052,37.964359200000047],[23.735841500000049,37.964373600000044],[23.735832500000072,37.964384500000051]]]},"properties":{"fid":555,"historic":"archaeological_site","name_en":null,"name":"Αθηνών Θεόκλητος Β'"}},{"type":"Feature","id":556,"geometry":{"type":"Polygon","coordinates":[[[23.735814600000026,37.964406300000064],[23.735786300000029,37.964391900000066],[23.735795300000063,37.96438100000006],[23.735823500000038,37.964395400000058],[23.735814600000026,37.964406300000064]]]},"properties":{"fid":556,"historic":"archaeological_site","name_en":null,"name":"Αθηνών Σεραφείμ"}},{"type":"Feature","id":557,"geometry":{"type":"Polygon","coordinates":[[[23.98576520000006,37.92743130000008],[23.984913300000073,37.927441400000077],[23.984664400000042,37.926696700000036],[23.985473400000046,37.926519000000042],[23.985499100000027,37.92657150000008],[23.98576520000006,37.92743130000008]]]},"properties":{"fid":557,"historic":"archaeological_site","name_en":"Early Christian Basilica of Brauron","name":null}},{"type":"Feature","id":558,"geometry":{"type":"Polygon","coordinates":[[[23.901678200000049,38.061000300000046],[23.901520500000061,38.060934400000065],[23.901570900000024,38.060864300000048],[23.901724300000069,38.06093020000003],[23.901678200000049,38.061000300000046]]]},"properties":{"fid":558,"historic":"ruins","name_en":null,"name":"Ασκητήριο Φραγκοκκλησιάς στο Bαγιάτι"}},{"type":"Feature","id":560,"geometry":{"type":"Polygon","coordinates":[[[23.539135900000076,38.042323800000077],[23.539089400000023,38.042278800000076],[23.539158500000042,38.042234600000029],[23.539205000000038,38.042279600000029],[23.539135900000076,38.042323800000077]]]},"properties":{"fid":560,"historic":"ruins","name_en":null,"name":"Εσχάρα"}},{"type":"Feature","id":562,"geometry":{"type":"Polygon","coordinates":[[[23.993322900000067,37.926418000000069],[23.993298300000049,37.926333300000067],[23.993434400000069,37.92630870000005],[23.99345900000003,37.926393400000052],[23.993322900000067,37.926418000000069]]]},"properties":{"fid":562,"historic":"archaeological_site","name_en":null,"name":"Λίθινη Γέφυρα"}},{"type":"Feature","id":563,"geometry":{"type":"Polygon","coordinates":[[[23.993522800000051,37.925818200000037],[23.993483300000037,37.925782200000071],[23.993671000000063,37.925654000000065],[23.993710500000077,37.925689900000066],[23.993522800000051,37.925818200000037]]]},"properties":{"fid":563,"historic":"archaeological_site","name_en":null,"name":"Τάφος και Ηρώο Ιφιγένειας"}},{"type":"Feature","id":565,"geometry":{"type":"Polygon","coordinates":[[[24.06820300000004,37.679531200000042],[24.067291000000068,37.68066900000008],[24.066647300000056,37.681195500000058],[24.065756800000031,37.681339800000046],[24.064823400000023,37.68083880000006],[24.06540270000005,37.679514200000028],[24.066668700000037,37.678605600000026],[24.067924000000062,37.678469800000073],[24.068460500000072,37.678656600000068],[24.06820300000004,37.679531200000042]]]},"properties":{"fid":565,"historic":"archaeological_site","name_en":null,"name":"Πορθμός των Σαλαμινίων Πουνταζέζα Λαυρίου"}},{"type":"Feature","id":569,"geometry":{"type":"Polygon","coordinates":[[[23.480959900000073,37.708454800000027],[23.48094130000004,37.708409700000061],[23.481073200000026,37.708374500000048],[23.481093200000032,37.708420700000033],[23.480959900000073,37.708454800000027]]]},"properties":{"fid":569,"historic":"archaeological_site","name_en":null,"name":"Πετρόκτιστη δεξαμενή"}},{"type":"Feature","id":576,"geometry":{"type":"Polygon","coordinates":[[[23.721527500000036,37.971492700000056],[23.721516000000065,37.971641200000079],[23.721505900000068,37.971643400000062],[23.721388400000023,37.971638100000064],[23.721321300000056,37.97162620000006],[23.721326300000044,37.971595200000024],[23.721325100000058,37.97155470000007],[23.721325200000024,37.971528300000045],[23.721344400000078,37.971496300000069],[23.721361500000057,37.971458000000041],[23.721376900000053,37.971440700000073],[23.721384100000023,37.971423600000037],[23.721456000000046,37.971447000000069],[23.72152200000005,37.971481400000073],[23.721527500000036,37.971492700000056]]]},"properties":{"fid":576,"historic":"ruins","name_en":null,"name":null}},{"type":"Feature","id":577,"geometry":{"type":"Polygon","coordinates":[[[23.767685000000029,38.10886320000003],[23.767713400000048,38.108861300000058],[23.767715700000053,38.108881800000063],[23.767687200000069,38.108883700000035],[23.767685000000029,38.10886320000003]]]},"properties":{"fid":577,"historic":"aqueduct","name_en":null,"name":"Φρεάτιο Αδριάνειου Υδραγωγείου"}},{"type":"Feature","id":578,"geometry":{"type":"Polygon","coordinates":[[[23.768087200000025,38.103075800000056],[23.768106700000033,38.10307970000008],[23.768102300000066,38.103093800000067],[23.768082700000036,38.103089900000043],[23.768087200000025,38.103075800000056]]]},"properties":{"fid":578,"historic":"aqueduct","name_en":null,"name":"Φρεάτιο Αδριάνειου Υδραγωγείου"}},{"type":"Feature","id":579,"geometry":{"type":"Polygon","coordinates":[[[23.76810880000005,38.103668200000072],[23.768135700000073,38.103667100000052],[23.768137100000047,38.103686500000038],[23.768110100000058,38.10368770000008],[23.76810880000005,38.103668200000072]]]},"properties":{"fid":579,"historic":"aqueduct","name_en":null,"name":"Φρεάτιο Αδριάνειου Υδραγωγείου"}},{"type":"Feature","id":580,"geometry":{"type":"Polygon","coordinates":[[[23.768037700000036,38.104276600000048],[23.768064600000059,38.104275500000028],[23.768066000000033,38.10429490000007],[23.768039000000044,38.104296000000033],[23.768037700000036,38.104276600000048]]]},"properties":{"fid":580,"historic":"aqueduct","name_en":null,"name":"Φρεάτιο Αδριάνειου Υδραγωγείου"}},{"type":"Feature","id":581,"geometry":{"type":"Polygon","coordinates":[[[23.767883500000039,38.104863300000034],[23.767910400000062,38.104862200000071],[23.767911800000036,38.104881700000078],[23.767884800000047,38.104882800000041],[23.767883500000039,38.104863300000034]]]},"properties":{"fid":581,"historic":"aqueduct","name_en":null,"name":"Φρεάτιο Αδριάνειου Υδραγωγείου"}},{"type":"Feature","id":582,"geometry":{"type":"Polygon","coordinates":[[[23.767799000000025,38.105479100000025],[23.767825900000048,38.105478000000062],[23.767827300000079,38.105497400000047],[23.767800300000033,38.105498500000067],[23.767799000000025,38.105479100000025]]]},"properties":{"fid":582,"historic":"aqueduct","name_en":null,"name":"Φρεάτιο Αδριάνειου Υδραγωγείου"}},{"type":"Feature","id":583,"geometry":{"type":"Polygon","coordinates":[[[23.767841200000078,38.10608110000004],[23.767868200000066,38.106080000000077],[23.767869500000074,38.106099500000028],[23.767842500000029,38.106100600000048],[23.767841200000078,38.10608110000004]]]},"properties":{"fid":583,"historic":"aqueduct","name_en":null,"name":"Φρεάτιο Αδριάνειου Υδραγωγείου"}},{"type":"Feature","id":584,"geometry":{"type":"Polygon","coordinates":[[[23.767858700000033,38.106354400000043],[23.767885600000056,38.10635330000008],[23.76788700000003,38.106372800000031],[23.767859900000076,38.106373900000051],[23.767858700000033,38.106354400000043]]]},"properties":{"fid":584,"historic":"aqueduct","name_en":null,"name":"Φρεάτιο Αδριάνειου Υδραγωγείου"}},{"type":"Feature","id":585,"geometry":{"type":"Polygon","coordinates":[[[23.767878800000062,38.106651500000055],[23.767905700000028,38.106650400000035],[23.767907100000059,38.106669800000077],[23.76788010000007,38.106671000000063],[23.767878800000062,38.106651500000055]]]},"properties":{"fid":585,"historic":"aqueduct","name_en":null,"name":"Φρεάτιο Αδριάνειου Υδραγωγείου"}},{"type":"Feature","id":586,"geometry":{"type":"Polygon","coordinates":[[[23.767904300000055,38.106961200000057],[23.767931200000078,38.106960100000038],[23.767932600000051,38.106979600000045],[23.76790550000004,38.106980700000065],[23.767904300000055,38.106961200000057]]]},"properties":{"fid":586,"historic":"aqueduct","name_en":null,"name":"Φρεάτιο Αδριάνειου Υδραγωγείου"}},{"type":"Feature","id":587,"geometry":{"type":"Polygon","coordinates":[[[23.767903600000068,38.107268300000044],[23.767930500000034,38.107267200000024],[23.767931900000065,38.107286600000066],[23.767904900000076,38.107287800000051],[23.767903600000068,38.107268300000044]]]},"properties":{"fid":587,"historic":"aqueduct","name_en":null,"name":"Φρεάτιο Αδριάνειου Υδραγωγείου"}},{"type":"Feature","id":588,"geometry":{"type":"Polygon","coordinates":[[[23.767886200000078,38.107572700000048],[23.767913100000044,38.107571600000028],[23.767914500000074,38.107591100000036],[23.767887400000063,38.107592200000056],[23.767886200000078,38.107572700000048]]]},"properties":{"fid":588,"historic":"aqueduct","name_en":null,"name":"Φρεάτιο Αδριάνειου Υδραγωγείου"}},{"type":"Feature","id":589,"geometry":{"type":"Polygon","coordinates":[[[23.767826900000045,38.107886200000053],[23.767854800000066,38.107885400000043],[23.767855700000041,38.107905600000038],[23.767827700000055,38.107906300000025],[23.767826900000045,38.107886200000053]]]},"properties":{"fid":589,"historic":"aqueduct","name_en":null,"name":"Φρεάτιο Αδριάνειου Υδραγωγείου"}},{"type":"Feature","id":590,"geometry":{"type":"Polygon","coordinates":[[[23.767782300000079,38.108214600000053],[23.767802600000039,38.108213600000056],[23.767803800000024,38.108228200000042],[23.767783400000042,38.108229200000039],[23.767782300000079,38.108214600000053]]]},"properties":{"fid":590,"historic":"aqueduct","name_en":null,"name":"Φρεάτιο Αδριάνειου Υδραγωγείου"}},{"type":"Feature","id":591,"geometry":{"type":"Polygon","coordinates":[[[23.767735300000027,38.10853220000007],[23.767768900000078,38.10853000000003],[23.767771700000026,38.108554300000037],[23.767737900000043,38.108556500000077],[23.767735300000027,38.10853220000007]]]},"properties":{"fid":591,"historic":"aqueduct","name_en":null,"name":"Φρεάτιο Αδριάνειου Υδραγωγείου"}},{"type":"Feature","id":592,"geometry":{"type":"Polygon","coordinates":[[[23.767650600000024,38.109186200000067],[23.767661000000032,38.109185500000081],[23.767661900000064,38.109193000000062],[23.767651400000034,38.109193700000048],[23.767650600000024,38.109186200000067]]]},"properties":{"fid":592,"historic":"aqueduct","name_en":null,"name":"Φρεάτιο Αδριάνειου Υδραγωγείου"}},{"type":"Feature","id":593,"geometry":{"type":"Polygon","coordinates":[[[23.767471700000044,38.11012560000006],[23.767503300000044,38.110123500000043],[23.767505800000038,38.110146400000076],[23.767474100000072,38.110148500000037],[23.767471700000044,38.11012560000006]]]},"properties":{"fid":593,"historic":"aqueduct","name_en":null,"name":"Φρεάτιο Αδριάνειου Υδραγωγείου"}},{"type":"Feature","id":594,"geometry":{"type":"Polygon","coordinates":[[[23.767513100000031,38.109779300000071],[23.767554400000051,38.109777500000064],[23.767556600000034,38.109808600000065],[23.767515300000071,38.109810400000072],[23.767513100000031,38.109779300000071]]]},"properties":{"fid":594,"historic":"aqueduct","name_en":null,"name":"Φρεάτιο Αδριάνειου Υδραγωγείου"}},{"type":"Feature","id":595,"geometry":{"type":"Polygon","coordinates":[[[23.769010300000048,38.111562400000025],[23.769045600000027,38.111560900000029],[23.769047400000034,38.111586400000078],[23.769012000000032,38.111587800000052],[23.769010300000048,38.111562400000025]]]},"properties":{"fid":595,"historic":"aqueduct","name_en":null,"name":"Φρεάτιο Αδριάνειου Υδραγωγείου"}},{"type":"Feature","id":596,"geometry":{"type":"Polygon","coordinates":[[[23.769648700000062,38.116131100000075],[23.769663900000069,38.116125600000032],[23.769680600000072,38.116125100000033],[23.769696200000055,38.116129700000045],[23.769708500000036,38.116138600000056],[23.769715400000052,38.116150600000026],[23.769716000000074,38.116163700000072],[23.769710200000077,38.116176000000053],[23.769698800000072,38.116185600000051],[23.76968370000003,38.116191100000037],[23.769667000000027,38.116191600000036],[23.769651300000078,38.116187000000025],[23.769639100000063,38.11617810000007],[23.769632100000024,38.116166100000044],[23.76963150000006,38.116153000000054],[23.769637300000056,38.116140700000074],[23.769648700000062,38.116131100000075]]]},"properties":{"fid":596,"historic":"aqueduct","name_en":null,"name":"Φρεάτιο Αδριάνειου Υδραγωγείου"}},{"type":"Feature","id":597,"geometry":{"type":"Polygon","coordinates":[[[23.354694900000027,37.97868550000004],[23.354527400000052,37.978697300000078],[23.354474500000038,37.978643700000077],[23.354285900000036,37.978637200000037],[23.354243200000042,37.97846190000007],[23.354507000000069,37.978272300000071],[23.354772600000047,37.978282300000046],[23.354778000000067,37.978448600000036],[23.35482890000003,37.978488200000072],[23.354846100000032,37.978555400000062],[23.354819400000054,37.978623500000026],[23.354807300000061,37.978642800000046],[23.354694900000027,37.97868550000004]]]},"properties":{"fid":597,"historic":"archaeological_site","name_en":null,"name":"Λόφος Παλαιόκαστρο"}},{"type":"Feature","id":598,"geometry":{"type":"Polygon","coordinates":[[[23.830074800000034,38.067482900000073],[23.830080400000043,38.067459700000029],[23.830095700000072,38.067439400000069],[23.830118900000059,38.067424500000072],[23.830147200000056,38.067416700000024],[23.830177100000071,38.067417000000034],[23.830205200000023,38.067425300000025],[23.830227900000068,38.067440700000077],[23.830242500000054,38.067461300000048],[23.830247400000076,38.067484600000057],[23.830241800000067,38.067507700000078],[23.830226500000038,38.067528000000038],[23.830203300000051,38.067543000000057],[23.830175000000054,38.067550800000049],[23.830145100000038,38.067550500000038],[23.83011700000003,38.067542100000026],[23.830094300000042,38.06752670000003],[23.830079700000056,38.067506200000025],[23.830074800000034,38.067482900000073]]]},"properties":{"fid":598,"historic":"aqueduct","name_en":null,"name":null}},{"type":"Feature","id":601,"geometry":{"type":"Polygon","coordinates":[[[23.425041100000044,37.74931360000005],[23.425047800000073,37.749292900000057],[23.42511520000005,37.749307200000032],[23.425108100000045,37.749327100000073],[23.425041100000044,37.74931360000005]]]},"properties":{"fid":601,"historic":"archaeological_site","name_en":null,"name":"Μωσαϊκό Ευραϊκής Συναγωγής"}},{"type":"Feature","id":604,"geometry":{"type":"Polygon","coordinates":[[[23.759518300000025,38.038708700000029],[23.759606700000063,38.039426200000037],[23.759580300000039,38.039428200000032],[23.759492100000045,38.038710700000024],[23.759518300000025,38.038708700000029]]]},"properties":{"fid":604,"historic":"archaeological_site","name_en":null,"name":"Αδριάνειο Υδραγωγείο Νέας Ιωνίας"}},{"type":"Feature","id":608,"geometry":{"type":"Polygon","coordinates":[[[23.748197100000027,38.031498400000032],[23.748197300000072,38.031414700000028],[23.748304100000041,38.031414900000073],[23.748303900000053,38.031498600000077],[23.748197100000027,38.031498400000032]]]},"properties":{"fid":608,"historic":"memorial","name_en":null,"name":"Εκκλησάκι παλαιάς Αγίας Αναστασίας"}},{"type":"Feature","id":609,"geometry":{"type":"Polygon","coordinates":[[[23.669192700000053,38.073575600000026],[23.669339000000036,38.073929500000077],[23.668766100000028,38.074593200000038],[23.668788200000051,38.074628100000041],[23.668199400000049,38.075066500000048],[23.668208200000038,38.075107600000024],[23.667873800000052,38.07529640000007],[23.667558800000052,38.075425200000041],[23.66739380000007,38.075557200000048],[23.667320300000029,38.075653300000056],[23.667138100000045,38.075796100000048],[23.667075200000056,38.075888100000043],[23.666987600000027,38.075976500000024],[23.667004500000075,38.076004400000045],[23.666968000000054,38.076091200000064],[23.667033600000025,38.076202700000067],[23.666972000000044,38.076404300000036],[23.667007600000034,38.076427400000057],[23.666949500000044,38.076624700000025],[23.666828400000043,38.076824200000033],[23.666646100000037,38.077002500000049],[23.666670900000042,38.077031700000077],[23.666440000000023,38.077330500000073],[23.666394100000048,38.077383200000043],[23.666417700000068,38.077407200000039],[23.666360200000042,38.077730000000031],[23.666408800000056,38.077746300000058],[23.666414100000054,38.077893800000027],[23.666501000000039,38.07796970000004],[23.666546500000038,38.077955100000054],[23.666715100000033,38.078107600000067],[23.66681740000007,38.078143600000033],[23.66693360000005,38.078269900000066],[23.667000600000051,38.078269700000078],[23.667358400000069,38.078549200000054],[23.667409700000064,38.078540100000055],[23.667763600000058,38.078834700000073],[23.667824300000063,38.078826500000048],[23.668039300000032,38.078909000000067],[23.668282600000055,38.079034400000069],[23.668324100000063,38.079023300000074],[23.668400600000041,38.079102900000066],[23.668510000000026,38.079167400000074],[23.668549900000073,38.079154200000062],[23.668786100000034,38.079278900000077],[23.668841000000043,38.079267000000073],[23.669040900000027,38.079423700000063],[23.669091700000024,38.079414200000031],[23.669259800000077,38.079573000000039],[23.669304500000067,38.079564700000049],[23.669503100000043,38.07972970000003],[23.669557800000064,38.079724300000066],[23.669698600000061,38.079899000000069],[23.66975130000003,38.079881600000078],[23.670111000000077,38.080134400000077],[23.670147200000031,38.080121100000042],[23.670289500000024,38.080209700000069],[23.670468700000072,38.080342200000075],[23.670559600000047,38.08042480000006],[23.670592000000056,38.080414100000041],[23.670731700000033,38.08058230000006],[23.670797600000071,38.080585700000029],[23.670932900000025,38.080721500000038],[23.670944300000031,38.080759200000045],[23.670899200000065,38.080799400000046],[23.670940900000062,38.080876100000069],[23.670922200000064,38.081053600000075],[23.670892300000048,38.081051100000025],[23.670913300000052,38.080885100000046],[23.670869900000071,38.080800800000077],[23.670914500000038,38.080760700000042],[23.670905300000072,38.080730500000072],[23.670772200000044,38.080598300000077],[23.670707600000071,38.080596200000059],[23.670574600000066,38.08043310000005],[23.670534200000077,38.080437400000051],[23.670449800000029,38.08036050000004],[23.670266100000049,38.080224300000054],[23.670125400000074,38.080136500000037],[23.670089100000041,38.08014970000005],[23.669730800000025,38.079898300000025],[23.669673200000034,38.079911500000037],[23.669535300000064,38.079738100000043],[23.669477700000073,38.079742300000078],[23.669281500000068,38.079577500000028],[23.66923440000005,38.07958560000003],[23.669069900000068,38.079429600000026],[23.669020400000022,38.079440800000043],[23.668822100000057,38.07928540000006],[23.66876730000007,38.079297300000064],[23.66853100000003,38.079172600000049],[23.668491200000062,38.079185800000062],[23.668377300000031,38.079117000000053],[23.66830740000006,38.079042000000072],[23.668260200000077,38.079050000000052],[23.668020500000068,38.078927400000055],[23.667802700000038,38.078842300000076],[23.667741800000044,38.078850100000068],[23.667389400000047,38.078556100000071],[23.667332900000076,38.078561800000045],[23.666978100000051,38.078285300000061],[23.66690600000004,38.078278900000043],[23.666795000000036,38.078159200000073],[23.666689700000063,38.078120200000058],[23.666526100000056,38.077971800000057],[23.666475600000069,38.077982300000031],[23.666386300000056,38.077895000000069],[23.666379000000063,38.077747700000032],[23.666330300000027,38.077727500000037],[23.666387800000052,38.077406400000029],[23.666366900000071,38.077373200000068],[23.666415200000074,38.077317300000061],[23.666643200000067,38.077023500000053],[23.66661890000006,38.076992500000074],[23.666801200000066,38.076814200000058],[23.666920600000026,38.076618500000052],[23.66697860000005,38.076428300000032],[23.666942600000027,38.076402800000039],[23.667006000000072,38.076211700000044],[23.666939200000058,38.076084900000069],[23.666976200000079,38.075998100000049],[23.66696150000007,38.075965200000041],[23.667050500000073,38.075874800000065],[23.66711330000004,38.075782900000036],[23.667295600000045,38.075640100000044],[23.667369000000065,38.075544000000036],[23.667537200000027,38.075408800000048],[23.667852100000061,38.075280000000078],[23.66818660000007,38.075091200000031],[23.668177700000058,38.075050100000055],[23.668763500000068,38.074614800000063],[23.668741400000044,38.074580000000026],[23.669312000000048,38.073938500000054],[23.669167200000061,38.073588200000074],[23.669120400000054,38.073582300000055],[23.668936200000076,38.073361700000078],[23.668838300000061,38.073054400000046],[23.668793500000049,38.073043300000052],[23.66864350000003,38.072424100000035],[23.668596400000069,38.07242240000005],[23.668647100000044,38.071790800000031],[23.668633300000067,38.071755600000074],[23.668648800000028,38.071485600000074],[23.668618000000038,38.071163100000035],[23.668574400000068,38.071160600000042],[23.668413000000044,38.070959000000073],[23.668059600000049,38.070651400000031],[23.667535400000077,38.070196900000042],[23.667508600000076,38.070209000000034],[23.667332200000033,38.07003270000007],[23.667299000000071,38.069993000000068],[23.667272500000024,38.069946200000061],[23.667180700000074,38.06970860000007],[23.66710020000005,38.069334800000036],[23.667066700000078,38.069314800000029],[23.666959400000053,38.068739400000027],[23.666933300000039,38.068742000000043],[23.666934600000047,38.068214600000033],[23.666909800000042,38.068208800000036],[23.666919800000073,38.067780700000071],[23.666899700000045,38.067774900000074],[23.66691650000007,38.067584300000078],[23.666990200000043,38.067319300000065],[23.666966800000068,38.067309800000032],[23.667033200000049,38.067112300000076],[23.667056000000059,38.066917000000046],[23.667029800000023,38.066909100000032],[23.667067200000076,38.06653730000005],[23.667068000000029,38.066523200000063],[23.667067400000064,38.066481500000066],[23.667035200000043,38.066478800000027],[23.667037900000025,38.066466200000036],[23.667052900000044,38.066262800000061],[23.66705410000003,38.066247200000078],[23.667050600000039,38.066153100000065],[23.667053800000076,38.066037000000051],[23.667088800000045,38.066036700000041],[23.667083900000023,38.066249700000071],[23.667063300000052,38.066457700000058],[23.667096900000047,38.066463000000056],[23.667064000000039,38.066892200000041],[23.667094900000052,38.066899100000057],[23.667091500000026,38.066917500000045],[23.667068700000073,38.067134500000066],[23.667014400000028,38.067302400000074],[23.667049900000052,38.067309800000032],[23.666967500000055,38.067583200000058],[23.666942000000063,38.067760100000044],[23.66696950000005,38.067772800000057],[23.666946000000053,38.068194600000027],[23.666976200000079,38.068209900000056],[23.666974800000048,38.068718200000035],[23.667003000000022,38.068745700000079],[23.667103600000075,38.069305300000053],[23.667143800000076,38.069336900000053],[23.66722720000007,38.069701900000041],[23.667300100000034,38.069937200000027],[23.667325600000026,38.069982400000072],[23.667354600000067,38.07001710000003],[23.667532700000038,38.070183200000031],[23.667555500000049,38.070179500000052],[23.668080000000032,38.070634700000028],[23.668434800000057,38.070943600000078],[23.668599800000038,38.071148100000073],[23.668645000000026,38.07115420000008],[23.668678000000057,38.071480100000031],[23.66866310000006,38.071754100000078],[23.668675300000075,38.071785700000078],[23.668626400000051,38.072415900000067],[23.668672700000059,38.072418700000071],[23.668821200000025,38.073034300000074],[23.668865400000072,38.073045400000069],[23.668965400000047,38.073356300000057],[23.669145800000024,38.07356980000003],[23.669192700000053,38.073575600000026]]]},"properties":{"fid":609,"historic":"archaeological_site","name_en":"The Dema Wall","name":"Το τείχος του Δέματος"}},{"type":"Feature","id":613,"geometry":{"type":"Polygon","coordinates":[[[23.465610500000025,37.349661800000035],[23.465483500000062,37.349652800000058],[23.465482000000065,37.349624900000038],[23.465463700000043,37.349496100000067],[23.465613000000076,37.349491800000067],[23.465610500000025,37.349661800000035]]]},"properties":{"fid":613,"historic":"archaeological_site","name_en":null,"name":null}},{"type":"Feature","id":614,"geometry":{"type":"Polygon","coordinates":[[[23.464269800000068,37.348480700000039],[23.464196600000037,37.348318500000062],[23.464244200000053,37.348304900000073],[23.464418800000033,37.348255100000074],[23.464492700000051,37.34841890000007],[23.464416400000061,37.34844060000006],[23.46439330000004,37.34838940000003],[23.464315800000065,37.348411500000054],[23.464338200000043,37.348461200000031],[23.464269800000068,37.348480700000039]]]},"properties":{"fid":614,"historic":"archaeological_site","name_en":null,"name":null}},{"type":"Feature","id":618,"geometry":{"type":"Polygon","coordinates":[[[23.008493200000032,36.137791900000025],[23.008511000000055,36.137795100000062],[23.008524300000033,36.137805100000037],[23.008529700000054,36.137819200000024],[23.008525700000064,36.137833600000079],[23.008513300000061,36.137844400000063],[23.008495900000071,36.137848700000063],[23.008478100000048,36.137845500000026],[23.008464700000047,36.137835400000029],[23.008459300000027,36.137821400000064],[23.008463400000039,36.137807000000066],[23.008475800000042,36.137796200000025],[23.008493200000032,36.137791900000025]]]},"properties":{"fid":618,"historic":"ruins","name_en":null,"name":"Μύλος Αποκλείστρα"}},{"type":"Feature","id":619,"geometry":{"type":"Polygon","coordinates":[[[22.949223300000028,36.380255400000067],[22.949225400000046,36.380255700000077],[22.949227200000053,36.380256600000052],[22.949227900000039,36.380258300000037],[22.949227900000039,36.380259900000055],[22.949226400000043,36.380261400000052],[22.949224700000059,36.380262100000039],[22.94922280000003,36.38026190000005],[22.949220800000035,36.380260900000053],[22.94921990000006,36.380259200000069],[22.949220100000048,36.38025760000005],[22.949221300000033,36.380256200000076],[22.949223300000028,36.380255400000067]]]},"properties":{"fid":619,"historic":"archaeological_site","name_en":null,"name":"Ιστορικός Ασβεστοκάμινος"}},{"type":"Feature","id":620,"geometry":{"type":"Polygon","coordinates":[[[22.948323200000061,36.342482800000028],[22.948286000000053,36.342451700000026],[22.948355700000036,36.342397700000049],[22.948392900000044,36.34242880000005],[22.948323200000061,36.342482800000028]]]},"properties":{"fid":620,"historic":"archaeological_site","name_en":null,"name":"Νερόμυλος του Κουρβούλη"}},{"type":"Feature","id":621,"geometry":{"type":"Polygon","coordinates":[[[22.965309600000069,36.30045750000005],[22.965306300000066,36.300379100000043],[22.965542300000038,36.300372700000025],[22.965545700000064,36.300451100000032],[22.965309600000069,36.30045750000005]]]},"properties":{"fid":621,"historic":"building","name_en":null,"name":"Αγγλικό Σχολείο Αστικών"}},{"type":"Feature","id":622,"geometry":{"type":"Polygon","coordinates":[[[23.028883300000075,36.22936720000007],[23.028885900000034,36.229322300000035],[23.028999900000031,36.229326700000058],[23.028997300000071,36.22937150000007],[23.028883300000075,36.22936720000007]]]},"properties":{"fid":622,"historic":"church","name_en":null,"name":"Άγιος Κοσμάς"}},{"type":"Feature","id":623,"geometry":{"type":"Polygon","coordinates":[[[23.422925700000064,37.502122900000074],[23.422945500000026,37.502142100000071],[23.422956200000044,37.502165400000024],[23.422956700000043,37.502190300000052],[23.422947000000079,37.502213900000072],[23.42292800000007,37.502233600000068],[23.422901900000056,37.502247400000044],[23.422871600000065,37.502253600000074],[23.422841000000062,37.502251700000045],[23.422812800000031,37.502242100000046],[23.422790000000077,37.502225900000042],[23.422774900000036,37.50220470000005],[23.422769200000062,37.502180800000076],[23.422773500000062,37.502156700000057],[23.422787300000039,37.502135000000067],[23.422809200000074,37.50211790000003],[23.422837400000049,37.502107200000069],[23.42286850000005,37.502104400000064],[23.422899100000052,37.502109800000028],[23.422925700000064,37.502122900000074]]]},"properties":{"fid":623,"historic":"archaeological_site","name_en":null,"name":null}},{"type":"Feature","id":624,"geometry":{"type":"Polygon","coordinates":[[[23.423584100000028,37.50204750000006],[23.423474700000043,37.50193790000003],[23.423599000000024,37.501859800000034],[23.423708500000032,37.501969400000064],[23.423584100000028,37.50204750000006]]]},"properties":{"fid":624,"historic":"archaeological_site","name_en":null,"name":null}},{"type":"Feature","id":625,"geometry":{"type":"Polygon","coordinates":[[[23.425090400000045,37.500898600000028],[23.424896400000023,37.500958700000069],[23.42486370000006,37.500918700000057],[23.424766500000032,37.500951800000053],[23.424767300000042,37.501000000000033],[23.424589800000035,37.500999100000058],[23.424533100000076,37.500999100000058],[23.424451600000054,37.500939100000039],[23.42443030000004,37.500907900000072],[23.424419200000045,37.500833400000033],[23.424481600000036,37.500768300000061],[23.424735600000076,37.500673800000072],[23.42497110000005,37.500601500000073],[23.425090400000045,37.500898600000028]]]},"properties":{"fid":625,"historic":"archaeological_site","name_en":null,"name":"Megali Magoula"}},{"type":"Feature","id":626,"geometry":{"type":"Polygon","coordinates":[[[22.979262500000061,36.188271400000076],[22.979184600000053,36.188287500000058],[22.979120200000068,36.18808510000008],[22.979198100000076,36.188069000000041],[22.979262500000061,36.188271400000076]]]},"properties":{"fid":626,"historic":"building","name_en":null,"name":"English school of Milapidea"}},{"type":"Feature","id":627,"geometry":{"type":"Polygon","coordinates":[[[23.630868700000065,37.941934200000048],[23.630966700000045,37.942030900000077],[23.630882600000064,37.942079100000058],[23.630869800000028,37.942086200000062],[23.630776400000059,37.941993100000047],[23.630788300000063,37.941985500000044],[23.630868700000065,37.941934200000048]]]},"properties":{"fid":627,"historic":"archaeological_site","name_en":null,"name":null}},{"type":"Feature","id":628,"geometry":{"type":"Polygon","coordinates":[[[23.631405400000062,37.942493500000069],[23.631494500000031,37.942580200000066],[23.631425900000067,37.942624300000034],[23.63140020000003,37.942642000000035],[23.63139220000005,37.942647600000043],[23.631303000000059,37.942560900000046],[23.63131240000007,37.942554700000073],[23.63133890000006,37.942537200000061],[23.631405400000062,37.942493500000069]]]},"properties":{"fid":628,"historic":"archaeological_site","name_en":null,"name":null}},{"type":"Feature","id":629,"geometry":{"type":"Polygon","coordinates":[[[23.63164850000004,37.942741600000033],[23.631744400000059,37.942840300000057],[23.631679700000063,37.942878600000029],[23.631651000000033,37.942895600000043],[23.631641800000068,37.942900900000041],[23.631546300000025,37.942802000000029],[23.63155480000006,37.942796100000066],[23.631582000000037,37.942780700000071],[23.63164850000004,37.942741600000033]]]},"properties":{"fid":629,"historic":"archaeological_site","name_en":null,"name":null}},{"type":"Feature","id":630,"geometry":{"type":"Polygon","coordinates":[[[23.993729900000062,38.123021900000026],[23.994204500000023,38.12258810000003],[23.994723100000044,38.122952300000065],[23.995090600000026,38.122718000000077],[23.99576170000006,38.123091400000078],[23.994997900000044,38.12394020000005],[23.993729900000062,38.123021900000026]]]},"properties":{"fid":630,"historic":"archaeological_site","name_en":"Archaeological Site at Plasi of Marathon","name":"Αρχαιολογικός Χώρος Πλάσι Μαραθώνος"}},{"type":"Feature","id":631,"geometry":{"type":"Polygon","coordinates":[[[23.954771100000073,38.12140080000006],[23.954459700000029,38.121342000000027],[23.954482800000051,38.121266200000036],[23.954794200000038,38.12132500000007],[23.954771100000073,38.12140080000006]]]},"properties":{"fid":631,"historic":"archaeological_site","name_en":null,"name":"Mycenaean Tholos Tomb of Arnos at Marathon"}},{"type":"Feature","id":632,"geometry":{"type":"Polygon","coordinates":[[[23.966247700000054,38.12906890000005],[23.966010400000073,38.128624000000059],[23.966389900000024,38.128461900000048],[23.96667640000004,38.128872200000046],[23.966247700000054,38.12906890000005]]]},"properties":{"fid":632,"historic":"archaeological_site","name_en":null,"name":"Tsepi Early Helladic cemetery"}},{"type":"Feature","id":633,"geometry":{"type":"Polygon","coordinates":[[[23.977711800000066,38.123840900000062],[23.977661700000056,38.12378190000004],[23.977803800000061,38.123767500000042],[23.977821200000051,38.123820300000034],[23.977711800000066,38.123840900000062]]]},"properties":{"fid":633,"historic":"archaeological_site","name_en":null,"name":null}},{"type":"Feature","id":634,"geometry":{"type":"Polygon","coordinates":[[[23.545250000000067,38.045936900000072],[23.544678000000033,38.045862600000078],[23.544675900000072,38.045781200000079],[23.544620800000075,38.045767200000057],[23.54454910000004,38.045443600000056],[23.544672200000036,38.045444600000053],[23.544669300000066,38.045369500000049],[23.545124600000065,38.045525100000077],[23.545392500000048,38.045615000000055],[23.545250000000067,38.045936900000072]]]},"properties":{"fid":634,"historic":"archaeological_site","name_en":null,"name":"Αρχαία Ρωμαϊκή κατοικία"}},{"type":"Feature","id":635,"geometry":{"type":"Polygon","coordinates":[[[23.733116600000074,38.080441700000051],[23.733144700000025,38.080447100000072],[23.733175700000061,38.080448700000034],[23.733206100000075,38.080441000000064],[23.733231100000069,38.080428100000063],[23.733249300000068,38.080408200000079],[23.733258000000035,38.080384800000047],[23.733256400000073,38.080360300000052],[23.733244600000035,38.08033770000003],[23.733224000000064,38.080319400000064],[23.73319680000003,38.08030750000006],[23.733166200000028,38.080303400000048],[23.733136800000068,38.08030720000005],[23.73311590000003,38.080315800000051],[23.733090700000048,38.080220200000042],[23.733133200000054,38.080206500000031],[23.733205100000077,38.080207700000074],[23.733272500000055,38.080227500000035],[23.733327700000075,38.080263800000068],[23.733364600000073,38.080312400000025],[23.73337900000007,38.080367900000056],[23.733369200000027,38.08042400000005],[23.733336500000064,38.080474400000071],[23.733284400000059,38.080513400000029],[23.733218800000031,38.080536700000039],[23.733147200000076,38.08054160000006],[23.733090900000036,38.080532600000026],[23.733116600000074,38.080441700000051]]]},"properties":{"fid":635,"historic":"archaeological_site","name_en":"Ancient Theatre of Acharnes","name":"Αρχαίο Θέατρο Αχαρνών"}},{"type":"Feature","id":636,"geometry":{"type":"Polygon","coordinates":[[[23.733068500000059,38.080528400000048],[23.733033600000056,38.080521500000032],[23.733055800000045,38.080430100000058],[23.732996800000024,38.080419600000027],[23.733001600000023,38.080333100000075],[23.733063400000049,38.080323000000078],[23.733038800000031,38.08023060000005],[23.733071000000052,38.080220100000076],[23.73309560000007,38.080320400000062],[23.733089500000062,38.080434500000024],[23.733068500000059,38.080528400000048]]]},"properties":{"fid":636,"historic":"archaeological_site","name_en":null,"name":null}},{"type":"Feature","id":637,"geometry":{"type":"Polygon","coordinates":[[[24.025669100000073,38.225888700000041],[24.02557470000005,38.225634600000035],[24.02573760000007,38.225260000000048],[24.025931200000059,38.225226600000042],[24.026113000000066,38.225332300000048],[24.02607050000006,38.225616100000025],[24.025669100000073,38.225888700000041]]]},"properties":{"fid":637,"historic":"ruins","name_en":null,"name":null}},{"type":"Feature","id":638,"geometry":{"type":"Polygon","coordinates":[[[23.00006030000003,36.271827600000051],[22.999770600000033,36.271438400000079],[22.99969550000003,36.271213500000044],[22.999924500000077,36.270973400000059],[23.000049600000068,36.270867500000065],[23.000714800000026,36.271066500000074],[23.00088640000007,36.27135190000007],[23.001101000000062,36.271628700000065],[23.001229800000033,36.271992000000068],[23.000779100000045,36.272087100000078],[23.000414400000068,36.272026600000061],[23.00006030000003,36.271827600000051]]]},"properties":{"fid":638,"historic":"archaeological_site","name_en":null,"name":null}},{"type":"Feature","id":639,"geometry":{"type":"Polygon","coordinates":[[[23.29559960000006,35.886302000000057],[23.295570700000042,35.886197000000038],[23.295763000000022,35.886174200000028],[23.295815900000036,35.885991000000047],[23.296053700000073,35.886086700000078],[23.296087900000032,35.88606720000007],[23.296095200000025,35.886019100000055],[23.296143700000073,35.886051800000075],[23.296147800000028,35.886120300000073],[23.296149400000047,35.886191000000053],[23.296102100000041,35.886239800000055],[23.295910000000049,35.886265900000069],[23.29559960000006,35.886302000000057]]]},"properties":{"fid":639,"historic":"archaeological_site","name_en":null,"name":"Αρχαιολογικός Χώρος Ιερό Απόλλωνα"}},{"type":"Feature","id":640,"geometry":{"type":"Polygon","coordinates":[[[23.010956100000044,36.157889800000078],[23.010939500000063,36.157892400000037],[23.010928700000022,36.157888300000025],[23.010918500000059,36.15787540000008],[23.010924900000077,36.157856300000049],[23.010947200000032,36.157848600000079],[23.010967000000051,36.157860400000061],[23.010969500000044,36.157875900000079],[23.010956100000044,36.157889800000078]]]},"properties":{"fid":640,"historic":"ruins","name_en":null,"name":null}},{"type":"Feature","id":641,"geometry":{"type":"Polygon","coordinates":[[[24.026329200000077,38.216681200000039],[24.02602840000003,38.216679000000056],[24.026039400000059,38.216646000000026],[24.026008900000079,38.216625100000044],[24.026008400000023,38.216579700000068],[24.026071000000059,38.216536400000052],[24.026107500000023,38.216538200000059],[24.026211700000033,38.216532800000039],[24.026221200000066,38.216519600000026],[24.026299300000062,38.216524500000048],[24.026284000000032,38.216545500000052],[24.026286700000071,38.216582300000027],[24.026329500000031,38.216581000000076],[24.026329200000077,38.216681200000039]]]},"properties":{"fid":641,"historic":"archaeological_site","name_en":null,"name":null}},{"type":"Feature","id":642,"geometry":{"type":"Polygon","coordinates":[[[23.539379800000063,37.950738000000058],[23.539272500000038,37.950683900000058],[23.539184500000033,37.950519800000052],[23.539184500000033,37.950399600000026],[23.539216700000054,37.950240600000029],[23.539298200000076,37.950106900000037],[23.539431300000047,37.950078100000042],[23.53950210000005,37.950037500000064],[23.539688800000079,37.950090000000046],[23.539787500000045,37.950122100000044],[23.539763900000025,37.950428400000078],[23.539633000000038,37.950702500000034],[23.539379800000063,37.950738000000058]]]},"properties":{"fid":642,"historic":"archaeological_site","name_en":null,"name":null}},{"type":"Feature","id":643,"geometry":{"type":"Polygon","coordinates":[[[23.835041300000057,38.076392000000055],[23.834887300000048,38.076071600000034],[23.835007400000052,38.075954600000046],[23.834970800000065,38.075876500000049],[23.835255200000063,38.075757400000043],[23.835223900000074,38.075671200000045],[23.835317800000041,38.075652700000035],[23.835343900000055,38.075738900000033],[23.835430000000031,38.075792300000046],[23.835534300000063,38.075964900000031],[23.835380400000076,38.076071600000034],[23.835466500000052,38.076246200000071],[23.835184800000036,38.07639000000006],[23.835041300000057,38.076392000000055]]]},"properties":{"fid":643,"historic":"building","name_en":"Old Athens Riding Club","name":null}},{"type":"Feature","id":645,"geometry":{"type":"Polygon","coordinates":[[[23.740387600000076,37.972742500000038],[23.740386500000056,37.972735900000032],[23.740388200000041,37.972729400000048],[23.740392400000076,37.972723700000074],[23.740398700000071,37.972719400000074],[23.740406500000063,37.97271690000008],[23.740414900000076,37.972716600000069],[23.740422900000056,37.972718400000076],[23.740429800000072,37.972722200000078],[23.74043480000006,37.972727500000076],[23.740437200000031,37.972733800000071],[23.740437000000043,37.972740400000077],[23.740434100000073,37.97274660000005],[23.740428700000052,37.97275170000006],[23.740421600000047,37.972755200000051],[23.740413300000057,37.972756600000025],[23.740405000000067,37.972755900000038],[23.740397400000063,37.972753000000068],[23.740391400000078,37.972748400000057],[23.740387600000076,37.972742500000038]]]},"properties":{"fid":645,"historic":"memorial","name_en":null,"name":null}},{"type":"Feature","id":648,"geometry":{"type":"Polygon","coordinates":[[[23.748252200000024,37.984834500000034],[23.748253200000079,37.984795200000065],[23.748320300000046,37.984796200000062],[23.748319400000071,37.984835500000031],[23.748252200000024,37.984834500000034]]]},"properties":{"fid":648,"historic":"ruins","name_en":null,"name":null}},{"type":"Feature","id":649,"geometry":{"type":"Polygon","coordinates":[[[23.638315300000045,37.935472200000049],[23.638364800000033,37.93530910000004],[23.638488100000075,37.935331100000042],[23.638513900000078,37.935241800000028],[23.638692500000047,37.935271900000032],[23.638627800000052,37.935491500000069],[23.638474300000041,37.935470400000042],[23.638463000000058,37.935501200000033],[23.638315300000045,37.935472200000049]]]},"properties":{"fid":649,"historic":"archaeological_site","name_en":null,"name":null}},{"type":"Feature","id":650,"geometry":{"type":"Polygon","coordinates":[[[23.667106900000078,38.066286800000057],[23.666908100000057,38.066313100000059],[23.666821300000038,38.066227500000025],[23.666820600000051,38.066184900000053],[23.666877600000078,38.066014800000062],[23.667004300000031,38.065922400000034],[23.667131900000072,38.065946500000052],[23.667106900000078,38.066286800000057]]]},"properties":{"fid":650,"historic":"archaeological_site","name_en":null,"name":"Κτίσμα Δέμα"}},{"type":"Feature","id":652,"geometry":{"type":"Polygon","coordinates":[[[23.888090900000066,38.133879200000024],[23.887966200000051,38.133830200000034],[23.887898100000029,38.133694200000036],[23.887946300000067,38.133600500000057],[23.888153300000056,38.133515800000055],[23.888292200000024,38.133515800000055],[23.888391500000068,38.133640600000035],[23.888371600000028,38.133807900000079],[23.88824690000007,38.13388150000003],[23.888090900000066,38.133879200000024]]]},"properties":{"fid":652,"historic":"ruins","name_en":null,"name":"Early Christian Basilica of Mygdaleza"}},{"type":"Feature","id":654,"geometry":{"type":"Polygon","coordinates":[[[23.716062900000054,37.97594040000007],[23.716025500000057,37.975945100000047],[23.716020900000046,37.975921800000037],[23.716018800000029,37.975910800000065],[23.716056000000037,37.975906200000054],[23.716062900000054,37.97594040000007]]]},"properties":{"fid":654,"historic":"ruins","name_en":"Part of the Athenian Fortification","name":"Τμήμα της οχύρωσης των Αθηνών"}},{"type":"Feature","id":655,"geometry":{"type":"Polygon","coordinates":[[[23.497101600000065,37.701556100000062],[23.496066300000052,37.701764100000048],[23.495143600000063,37.701458500000058],[23.494644700000038,37.70100860000008],[23.494341600000041,37.700467400000036],[23.494293300000038,37.699966600000039],[23.494446700000026,37.699775700000032],[23.494845500000054,37.699725300000068],[23.495296500000052,37.699745900000039],[23.497128400000065,37.700214900000049],[23.497477700000047,37.700381400000026],[23.497634400000038,37.700767400000075],[23.49747560000003,37.701177400000063],[23.497101600000065,37.701556100000062]]]},"properties":{"fid":655,"historic":"archaeological_site","name_en":null,"name":"Ελλάνιον Όρος"}},{"type":"Feature","id":656,"geometry":{"type":"Polygon","coordinates":[[[23.171615400000064,38.074894500000028],[23.171559100000025,38.074873400000058],[23.171510200000057,38.074845500000038],[23.171457700000076,38.074805900000058],[23.171417000000076,38.074759300000039],[23.171512500000063,38.074719500000072],[23.17180060000004,38.074588600000027],[23.171851500000059,38.074681700000042],[23.171732100000042,38.074717000000078],[23.171756200000061,38.074773500000049],[23.171760300000074,38.074793800000066],[23.171718000000055,38.074838500000055],[23.171688700000061,38.074871100000053],[23.171615400000064,38.074894500000028]]]},"properties":{"fid":656,"historic":"archaeological_site","name_en":null,"name":"Bouri cult site (Megara)"}},{"type":"Feature","id":657,"geometry":{"type":"Polygon","coordinates":[[[23.646591400000034,37.942861600000072],[23.646620200000029,37.942847700000073],[23.646658600000023,37.942829200000062],[23.646694300000036,37.942873000000077],[23.646626300000037,37.942906400000027],[23.646591400000034,37.942861600000072]]]},"properties":{"fid":657,"historic":"archaeological_site","name_en":null,"name":null}},{"type":"Feature","id":658,"geometry":{"type":"Polygon","coordinates":[[[23.646455300000071,37.942675200000053],[23.646387700000048,37.942599900000062],[23.646428000000071,37.942577400000062],[23.646495600000037,37.942652700000053],[23.646455300000071,37.942675200000053]]]},"properties":{"fid":658,"historic":"archaeological_site","name_en":null,"name":null}},{"type":"Feature","id":660,"geometry":{"type":"Polygon","coordinates":[[[23.341236900000069,37.472495300000048],[23.341366900000025,37.472286000000054],[23.341583900000046,37.472370900000044],[23.341453900000033,37.472580200000039],[23.341236900000069,37.472495300000048]]]},"properties":{"fid":660,"historic":"archaeological_site","name_en":null,"name":"Anathema fort"}},{"type":"Feature","id":661,"geometry":{"type":"Polygon","coordinates":[[[23.306187300000033,37.540765100000044],[23.305837100000076,37.54056630000008],[23.306052700000066,37.540327600000069],[23.306402900000023,37.540526400000033],[23.306187300000033,37.540765100000044]]]},"properties":{"fid":661,"historic":"archaeological_site","name_en":null,"name":"Kalloni excavation"}},{"type":"Feature","id":664,"geometry":{"type":"Polygon","coordinates":[[[23.432595800000058,37.308978000000025],[23.432499900000039,37.308940000000064],[23.43252270000005,37.308902600000067],[23.432620000000043,37.308946700000035],[23.432595800000058,37.308978000000025]]]},"properties":{"fid":664,"historic":"ruins","name_en":null,"name":null}},{"type":"Feature","id":665,"geometry":{"type":"Polygon","coordinates":[[[23.733154500000069,37.977579800000058],[23.733115500000054,37.977585100000056],[23.733108800000025,37.977554500000053],[23.73314780000004,37.977549200000055],[23.733154500000069,37.977579800000058]]]},"properties":{"fid":665,"historic":"memorial","name_en":"Charilaos Trikoupis","name":"Χαρίλαος Τρικούπης"}},{"type":"Feature","id":666,"geometry":{"type":"Polygon","coordinates":[[[23.738845400000059,37.97180910000003],[23.738847400000054,37.971811500000058],[23.738848200000064,37.971814300000062],[23.738847900000053,37.971817200000032],[23.738846300000034,37.971819800000048],[23.738843800000041,37.971821800000043],[23.738840500000038,37.971823100000051],[23.738837100000069,37.971823400000062],[23.738833700000043,37.971822900000063],[23.738830600000028,37.971821600000055],[23.738828300000023,37.97181960000006],[23.738826900000049,37.971817100000067],[23.738826600000039,37.971814300000062],[23.738827400000048,37.971811700000046],[23.738829200000055,37.971809300000075],[23.738832000000059,37.971807500000068],[23.738835400000028,37.971806500000071],[23.738839000000041,37.971806500000071],[23.738842500000032,37.971807400000046],[23.738845400000059,37.97180910000003]]]},"properties":{"fid":666,"historic":"monument","name_en":"Amalia's Seat","name":"Κάθισμα Αμαλία"}},{"type":"Feature","id":668,"geometry":{"type":"Polygon","coordinates":[[[23.763087600000063,38.050080300000047],[23.762981600000046,38.04994830000004],[23.76303530000007,38.04992500000003],[23.763072800000032,38.049968300000046],[23.763109000000043,38.050044400000047],[23.763087600000063,38.050080300000047]]]},"properties":{"fid":668,"historic":"archaeological_site","name_en":null,"name":null}},{"type":"Feature","id":670,"geometry":{"type":"Polygon","coordinates":[[[23.852246300000047,38.075396300000079],[23.852244600000063,38.075358700000038],[23.852299200000061,38.075357100000076],[23.852301200000056,38.075396300000079],[23.852246300000047,38.075396300000079]]]},"properties":{"fid":670,"historic":"ruins","name_en":null,"name":null}},{"type":"Feature","id":671,"geometry":{"type":"Polygon","coordinates":[[[23.83406320000006,38.09775060000004],[23.834192500000029,38.097532800000067],[23.834023500000058,38.09700440000006],[23.83371070000004,38.096624200000065],[23.833734200000038,38.096343600000068],[23.833851100000061,38.096251600000073],[23.833998600000029,38.096263100000044],[23.83444140000006,38.096463300000039],[23.834672700000056,38.096848800000032],[23.834725800000058,38.09722430000005],[23.834960700000067,38.097393100000033],[23.834912300000042,38.097792100000049],[23.834669400000053,38.097988400000077],[23.834562800000072,38.097950800000035],[23.834376200000065,38.098063900000056],[23.83406320000006,38.09775060000004]]]},"properties":{"fid":671,"historic":"castle","name_en":null,"name":"Ελληνιστικό Κάστρο"}},{"type":"Feature","id":672,"geometry":{"type":"Polygon","coordinates":[[[23.684939800000052,37.93437380000006],[23.684934200000043,37.934384200000068],[23.684913000000051,37.934405200000072],[23.684818900000039,37.934451800000033],[23.684698800000035,37.934510800000055],[23.684655400000054,37.93452220000006],[23.684589000000074,37.93452620000005],[23.68462130000006,37.93448520000004],[23.684659500000066,37.934457500000065],[23.684881400000052,37.934350400000028],[23.684912600000075,37.934350900000027],[23.684933900000033,37.934358300000042],[23.684939800000052,37.93437380000006]]]},"properties":{"fid":672,"historic":"ship","name_en":"Trireme Olympias","name":"Τριήρης Ολυμπιάς"}},{"type":"Feature","id":673,"geometry":{"type":"Polygon","coordinates":[[[23.810543200000041,38.26606570000007],[23.810591900000077,38.265993700000024],[23.81066480000004,38.266028900000038],[23.810612400000025,38.26609940000003],[23.810543200000041,38.26606570000007]]]},"properties":{"fid":673,"historic":"archaeological_site","name_en":null,"name":null}},{"type":"Feature","id":674,"geometry":{"type":"Polygon","coordinates":[[[23.914439500000071,38.023817700000052],[23.914437400000054,38.023704500000065],[23.914525800000035,38.023702300000025],[23.914564900000073,38.023287500000038],[23.914500000000032,38.023240100000066],[23.914492800000062,38.023243800000046],[23.914473400000077,38.023224300000038],[23.914410200000077,38.023207300000024],[23.91434090000007,38.023265600000059],[23.914289600000075,38.02323750000005],[23.914251500000034,38.023255800000072],[23.914148300000022,38.023161200000061],[23.914210000000026,38.023115100000041],[23.914233100000047,38.023135700000068],[23.914324000000079,38.02306290000007],[23.914524200000074,38.023217000000045],[23.914518100000066,38.023226700000066],[23.914585800000054,38.02328250000005],[23.914544200000023,38.023701200000062],[23.914652100000069,38.023693900000069],[23.914644400000043,38.023803200000032],[23.914439500000071,38.023817700000052]]]},"properties":{"fid":674,"historic":"building","name_en":null,"name":"Παλιός Νερόμυλος Πικερμίου"}},{"type":"Feature","id":677,"geometry":{"type":"Polygon","coordinates":[[[23.484759700000041,37.692486100000053],[23.484760300000062,37.692421700000068],[23.484855200000027,37.692422200000067],[23.484854700000028,37.692486600000052],[23.484759700000041,37.692486100000053]]]},"properties":{"fid":677,"historic":"ruins","name_en":null,"name":null}},{"type":"Feature","id":681,"geometry":{"type":"Polygon","coordinates":[[[23.431156100000067,37.893406700000071],[23.431171200000051,37.893377200000032],[23.431216100000029,37.893391500000064],[23.431201000000044,37.893421000000046],[23.431156100000067,37.893406700000071]]]},"properties":{"fid":681,"historic":"building","name_en":null,"name":"Παλαιά αγροικία"}},{"type":"Feature","id":682,"geometry":{"type":"Polygon","coordinates":[[[23.023107200000027,36.231912700000066],[23.023112600000047,36.23186510000005],[23.023201100000051,36.231874800000071],[23.023193000000049,36.23192030000007],[23.023107200000027,36.231912700000066]]]},"properties":{"fid":682,"historic":"church","name_en":null,"name":"Άγιος Γεώργιος"}},{"type":"Feature","id":683,"geometry":{"type":"Polygon","coordinates":[[[23.796904400000074,37.941350400000033],[23.79665760000006,37.941062700000032],[23.797100200000045,37.940834300000063],[23.797349600000075,37.941134600000055],[23.796904400000074,37.941350400000033]]]},"properties":{"fid":683,"historic":"castle","name_en":null,"name":"Αρχαίο στρατόπεδο"}},{"type":"Feature","id":684,"geometry":{"type":"Polygon","coordinates":[[[23.868981400000052,38.106062300000076],[23.868917000000067,38.10595260000008],[23.869102100000077,38.105878700000062],[23.869161100000042,38.105992700000058],[23.868981400000052,38.106062300000076]]]},"properties":{"fid":684,"historic":"archaeological_site","name_en":null,"name":null}},{"type":"Feature","id":685,"geometry":{"type":"Polygon","coordinates":[[[23.754741900000056,38.052537000000029],[23.754701000000068,38.052471300000036],[23.754749400000037,38.052452600000038],[23.754790200000059,38.052518300000031],[23.754741900000056,38.052537000000029]]]},"properties":{"fid":685,"historic":"memorial","name_en":null,"name":"Μνημείο Εθνικής Αντίστασης"}},{"type":"Feature","id":686,"geometry":{"type":"Polygon","coordinates":[[[23.440530200000069,37.878110800000059],[23.440536500000064,37.878124300000025],[23.440537100000029,37.878138700000079],[23.440531900000053,37.878152600000078],[23.440521500000045,37.87816440000006],[23.440505800000039,37.878173600000025],[23.440487100000041,37.878178000000048],[23.440467700000056,37.878177300000061],[23.440449600000022,37.878171500000064],[23.440435000000036,37.878161200000079],[23.440425700000048,37.878147700000056],[23.440422600000034,37.878132500000049],[23.440426100000025,37.878117400000065],[23.440435800000046,37.878104000000064],[23.440450700000042,37.878094000000033],[23.440467600000034,37.878088700000035],[23.440485900000056,37.87808780000006],[23.440503600000056,37.878091600000062],[23.440518800000063,37.878099500000076],[23.440530200000069,37.878110800000059]]]},"properties":{"fid":686,"historic":"tomb","name_en":null,"name":"Κυκλικό ταφικό μνημείο Κολωνών"}},{"type":"Feature","id":688,"geometry":{"type":"Polygon","coordinates":[[[23.721447100000034,37.985640900000078],[23.721630900000036,37.985552100000064],[23.721706600000061,37.985643500000037],[23.721447100000034,37.985640900000078]]]},"properties":{"fid":688,"historic":"memorial","name_en":null,"name":"Μνημείο Πεσόντων Αεροπόρων «Ίκαρος»"}},{"type":"Feature","id":689,"geometry":{"type":"Polygon","coordinates":[[[23.730660200000045,37.987878800000033],[23.730655200000058,37.987858500000073],[23.730682200000047,37.987854300000038],[23.730687300000056,37.987874700000077],[23.730660200000045,37.987878800000033]]]},"properties":{"fid":689,"historic":"memorial","name_en":"Damaged gate of the Polytechnic University","name":"Κατεστραμμένη πύλη του Πολυτεχνείου"}},{"type":"Feature","id":693,"geometry":{"type":"Polygon","coordinates":[[[23.538293600000031,38.03996230000007],[23.538265800000033,38.039900100000068],[23.538388700000041,38.039842400000055],[23.538422600000047,38.03989990000008],[23.538293600000031,38.03996230000007]]]},"properties":{"fid":693,"historic":"ruins","name_en":null,"name":"Μιθραίο"}},{"type":"Feature","id":694,"geometry":{"type":"Polygon","coordinates":[[[23.538377400000059,38.040287800000044],[23.538278500000047,38.040200200000072],[23.538606400000049,38.039962200000048],[23.538675500000068,38.040056200000038],[23.538895100000047,38.040339000000074],[23.538779900000065,38.040379600000051],[23.53874460000003,38.040323000000058],[23.538572500000043,38.040150100000062],[23.538377400000059,38.040287800000044]]]},"properties":{"fid":694,"historic":"ruins","name_en":null,"name":"Βουλευτήριον"}},{"type":"Feature","id":695,"geometry":{"type":"Polygon","coordinates":[[[23.538674200000059,38.039975000000027],[23.53876230000003,38.039930200000072],[23.538809100000037,38.039995400000066],[23.538861500000053,38.04006830000003],[23.538909000000046,38.040134400000056],[23.53897100000006,38.040220500000032],[23.538899600000036,38.040253500000063],[23.538885600000071,38.040260000000046],[23.538822700000026,38.040175300000044],[23.538773900000024,38.040109500000028],[23.53872210000003,38.040039700000079],[23.538674200000059,38.039975000000027]]]},"properties":{"fid":695,"historic":"ruins","name_en":null,"name":"Δημόσια κτίσματα"}},{"type":"Feature","id":696,"geometry":{"type":"Polygon","coordinates":[[[23.538082200000076,38.040357800000038],[23.538243400000056,38.040238900000077],[23.538352300000042,38.040321400000039],[23.538196200000073,38.040442800000051],[23.538082200000076,38.040357800000038]]]},"properties":{"fid":696,"historic":"ruins","name_en":null,"name":"Οικία Εφόρου"}},{"type":"Feature","id":697,"geometry":{"type":"Polygon","coordinates":[[[23.539036300000078,38.041565100000071],[23.539038500000061,38.041555100000039],[23.539225200000033,38.041102300000034],[23.539321900000061,38.041100400000062],[23.53907890000005,38.041654200000039],[23.53905530000003,38.041654200000039],[23.539036300000078,38.041565100000071]]]},"properties":{"fid":697,"historic":"ruins","name_en":null,"name":"Βοηθητικά κτίσματα"}},{"type":"Feature","id":698,"geometry":{"type":"Polygon","coordinates":[[[23.538535000000024,38.041741200000047],[23.538495900000044,38.041690200000062],[23.538766000000066,38.041567300000054],[23.538805100000047,38.041630400000031],[23.538535000000024,38.041741200000047]]]},"properties":{"fid":698,"historic":"ruins","name_en":null,"name":"Βοηθητικά κτίσματα"}},{"type":"Feature","id":699,"geometry":{"type":"Polygon","coordinates":[[[23.539320000000032,38.041135900000029],[23.53938370000003,38.041070400000081],[23.539428500000042,38.041144300000042],[23.539406100000065,38.041396000000077],[23.539311700000042,38.041690600000038],[23.53909230000005,38.041855000000055],[23.539058100000034,38.041881000000046],[23.538968400000044,38.041755600000045],[23.538986100000045,38.041741700000046],[23.538979100000063,38.041718400000036],[23.539071100000058,38.041673800000069],[23.539095900000063,38.041655300000059],[23.539320000000032,38.041135900000029]]]},"properties":{"fid":699,"historic":"ruins","name_en":null,"name":"Βοηθητικά κτίσματα"}},{"type":"Feature","id":700,"geometry":{"type":"Polygon","coordinates":[[[23.53947990000006,38.041915000000074],[23.53946220000006,38.041857400000026],[23.53943380000004,38.041862700000024],[23.539425700000038,38.041845600000045],[23.539399900000035,38.041845600000045],[23.539376900000036,38.041779500000075],[23.539440600000034,38.041767700000037],[23.53943380000004,38.041706900000065],[23.539485300000024,38.041704800000048],[23.53948390000005,38.041754900000058],[23.539736000000062,38.041709000000026],[23.539775300000031,38.041860600000064],[23.53947990000006,38.041915000000074]]]},"properties":{"fid":700,"historic":"ruins","name_en":null,"name":"Δημόσια κτίσματα"}},{"type":"Feature","id":701,"geometry":{"type":"Polygon","coordinates":[[[23.539106500000059,38.042361000000028],[23.539345900000058,38.042187000000069],[23.539387000000033,38.042226400000061],[23.539180800000054,38.042376000000047],[23.539121900000055,38.042394000000058],[23.53887560000004,38.042408100000046],[23.538723600000026,38.042307400000027],[23.538904400000035,38.042193800000064],[23.539106500000059,38.042361000000028]]]},"properties":{"fid":701,"historic":"ruins","name_en":"Stoas","name":"Στοές"}},{"type":"Feature","id":704,"geometry":{"type":"Polygon","coordinates":[[[23.723425700000064,37.975828100000058],[23.723426900000049,37.975829800000042],[23.723427300000026,37.975831800000037],[23.723426900000049,37.975833700000067],[23.723425700000064,37.975835400000051],[23.723423800000035,37.975836700000059],[23.723421500000029,37.975837400000046],[23.723419000000035,37.975837500000068],[23.72341670000003,37.975836900000047],[23.723414800000057,37.975835800000027],[23.723413400000027,37.975834300000031],[23.723412800000062,37.975832600000047],[23.723412800000062,37.97583080000004],[23.723413600000072,37.975829000000033],[23.723415000000045,37.975827600000059],[23.723416900000075,37.975826600000062],[23.723419200000023,37.975826100000063],[23.723421500000029,37.975826100000063],[23.723423800000035,37.975826900000072],[23.723425700000064,37.975828100000058]]]},"properties":{"fid":704,"historic":"archaeological_site","name_en":null,"name":"Hole in the ground"}},{"type":"Feature","id":705,"geometry":{"type":"Polygon","coordinates":[[[23.723802900000067,37.975769200000059],[23.723857000000066,37.975765100000046],[23.723859900000036,37.975788400000056],[23.723805800000036,37.975792500000068],[23.723802900000067,37.975769200000059]]]},"properties":{"fid":705,"historic":"archaeological_site","name_en":null,"name":"Ancient floor remains"}},{"type":"Feature","id":706,"geometry":{"type":"Polygon","coordinates":[[[23.723889600000064,37.975829200000078],[23.72388060000003,37.975789500000076],[23.723930800000062,37.975782400000071],[23.723939800000039,37.975822100000073],[23.723889600000064,37.975829200000078]]]},"properties":{"fid":706,"historic":"archaeological_site","name_en":null,"name":"Ancient floor remains"}},{"type":"Feature","id":707,"geometry":{"type":"Polygon","coordinates":[[[23.725751200000047,37.974472000000048],[23.725751100000025,37.974461400000052],[23.72576330000004,37.97446130000003],[23.72576330000004,37.974471900000026],[23.725751200000047,37.974472000000048]]]},"properties":{"fid":707,"historic":"archaeological_site","name_en":null,"name":"Underground facility"}},{"type":"Feature","id":709,"geometry":{"type":"Polygon","coordinates":[[[23.728381600000034,37.981802500000072],[23.728387100000077,37.98177910000004],[23.728485300000045,37.981692300000077],[23.72855450000003,37.981648000000064],[23.728729700000031,37.981590700000027],[23.728821400000072,37.981994500000042],[23.728647800000033,37.982022700000073],[23.72845970000003,37.982050100000038],[23.728401800000029,37.981894300000079],[23.728381600000034,37.981802500000072]]]},"properties":{"fid":709,"historic":"archaeological_site","name_en":"Acharnian road and tombs","name":"Αχαρνική οδός και τάφοι"}},{"type":"Feature","id":711,"geometry":{"type":"Polygon","coordinates":[[[23.954771100000073,38.12140080000006],[23.954459700000029,38.121342000000027],[23.954482800000051,38.121266200000036],[23.954794200000038,38.12132500000007],[23.954771100000073,38.12140080000006]]]},"properties":{"fid":711,"historic":"archaeological_site","name_en":null,"name":"Mycenaean Tholos Tomb of Arnos at Marathon"}},{"type":"Feature","id":712,"geometry":{"type":"Polygon","coordinates":[[[24.057932300000061,37.740699500000062],[24.057931300000064,37.740712400000064],[24.057925200000057,37.740724300000068],[24.057914500000038,37.740734100000054],[24.057900400000051,37.74074070000006],[24.057883900000036,37.740743300000076],[24.057867200000032,37.740741600000035],[24.05785220000007,37.740735500000028],[24.057840500000054,37.740725900000029],[24.057833500000072,37.740713800000037],[24.057832000000076,37.740700500000059],[24.057836100000031,37.740687600000058],[24.057845300000054,37.740676400000041],[24.057858700000054,37.740668300000038],[24.057874200000072,37.740664200000026],[24.057890500000042,37.740664300000049],[24.05790600000006,37.740668400000061],[24.057918900000061,37.740676300000075],[24.057928000000061,37.740687000000037],[24.057932300000061,37.740699500000062]]]},"properties":{"fid":712,"historic":"tomb","name_en":null,"name":"Θολωτός Μυκηναϊκός Τάφος Θορικού"}},{"type":"Feature","id":713,"geometry":{"type":"Polygon","coordinates":[[[24.057844700000032,37.740861700000039],[24.057856500000071,37.740745400000037],[24.057909000000052,37.740747100000078],[24.057899400000053,37.740865000000042],[24.057844700000032,37.740861700000039]]]},"properties":{"fid":713,"historic":"tomb","name_en":null,"name":"Θολωτός Μυκηναϊκός Τάφος Θορικού"}},{"type":"Feature","id":714,"geometry":{"type":"Polygon","coordinates":[[[23.624158100000045,37.933050500000036],[23.624158100000045,37.93299710000008],[23.624223100000052,37.93299710000008],[23.624222400000065,37.933049500000038],[23.624158100000045,37.933050500000036]]]},"properties":{"fid":714,"historic":"tomb","name_en":null,"name":"Τάφος του Θεμιστοκλή"}},{"type":"Feature","id":715,"geometry":{"type":"Polygon","coordinates":[[[23.736359300000061,37.975365400000044],[23.73635390000004,37.975339600000041],[23.736371900000051,37.975337300000035],[23.736377300000072,37.975363000000073],[23.736359300000061,37.975365400000044]]]},"properties":{"fid":715,"historic":"memorial","name_en":"Tomb of Unknown Soldier","name":"Μνημείο Αγνώστου Στρατιώτου"}},{"type":"Feature","id":716,"geometry":{"type":"Polygon","coordinates":[[[23.738461600000051,38.058822600000042],[23.739178800000047,38.05860830000006],[23.739233200000058,38.058774100000051],[23.73897050000005,38.05899590000007],[23.738904200000036,38.059010800000067],[23.738681700000029,38.059161800000027],[23.738461600000051,38.058822600000042]]]},"properties":{"fid":716,"historic":"archaeological_site","name_en":"Tomb of Menidi","name":"Μυκηναϊκός Θολωτός Τάφος Αχαρνών"}},{"type":"Feature","id":717,"geometry":{"type":"Polygon","coordinates":[[[23.764092800000071,38.02833540000006],[23.764210300000059,38.02827110000004],[23.76425050000006,38.028316600000039],[23.764290600000038,38.028362200000061],[23.764173000000028,38.02842650000008],[23.764092800000071,38.02833540000006]]]},"properties":{"fid":717,"historic":"tomb","name_en":null,"name":"Τάφοι Βεϊκου"}},{"type":"Feature","id":718,"geometry":{"type":"Polygon","coordinates":[[[23.72687140000005,37.972874800000056],[23.72684890000005,37.972875000000045],[23.726848500000074,37.972850100000073],[23.726871000000074,37.972849900000028],[23.72687140000005,37.972874800000056]]]},"properties":{"fid":718,"historic":"archaeological_site","name_en":null,"name":"Ruins in cage"}},{"type":"Feature","id":719,"geometry":{"type":"Polygon","coordinates":[[[23.72683440000003,37.972857800000043],[23.726833800000065,37.972859100000051],[23.726832600000023,37.972860300000036],[23.726831000000061,37.97286100000008],[23.726829100000032,37.972861300000034],[23.726827300000025,37.972861100000046],[23.726825600000041,37.972860500000024],[23.726824300000033,37.972859400000061],[23.726823500000023,37.972858100000053],[23.726823300000035,37.972856700000079],[23.726823600000046,37.972855200000026],[23.726824600000043,37.972854000000041],[23.726826000000074,37.972853000000043],[23.726827800000024,37.972852500000045],[23.72682960000003,37.972852400000079],[23.726831400000037,37.972852900000078],[23.726832900000034,37.97285370000003],[23.726834000000053,37.972854900000073],[23.726834500000052,37.972856300000046],[23.72683440000003,37.972857800000043]]]},"properties":{"fid":719,"historic":"archaeological_site","name_en":null,"name":"Underground facility"}},{"type":"Feature","id":720,"geometry":{"type":"Polygon","coordinates":[[[23.728318600000023,37.969103000000075],[23.728281700000025,37.96900480000005],[23.72838390000004,37.968981000000042],[23.728420700000072,37.969079200000067],[23.728318600000023,37.969103000000075]]]},"properties":{"fid":720,"historic":"archaeological_site","name_en":null,"name":"Archaeology under glass floor"}},{"type":"Feature","id":721,"geometry":{"type":"Polygon","coordinates":[[[23.728351400000065,37.969244200000048],[23.728124900000068,37.968965600000047],[23.727962500000046,37.968994300000077],[23.727741900000069,37.968430600000033],[23.727810300000044,37.968417900000077],[23.727754400000038,37.968300400000032],[23.727688900000032,37.968178400000056],[23.72764920000003,37.96819110000007],[23.727628300000049,37.968142400000033],[23.727697300000045,37.968125800000053],[23.72773920000003,37.968203700000061],[23.727763000000039,37.968201400000055],[23.727804100000071,37.96829340000005],[23.728207200000043,37.968226100000038],[23.727807100000064,37.968285200000025],[23.728206700000044,37.96821790000007],[23.728211500000043,37.968183300000078],[23.728208100000074,37.96816270000005],[23.728362600000025,37.968142200000045],[23.728357000000074,37.968120600000077],[23.728296700000044,37.968122200000039],[23.728295800000069,37.968060900000069],[23.728380100000038,37.968040900000062],[23.728452800000071,37.968226800000025],[23.728543900000034,37.96821280000006],[23.728541700000051,37.968182800000079],[23.728619900000069,37.968177100000048],[23.728627300000028,37.968202800000029],[23.728753400000073,37.968187800000067],[23.728755700000079,37.96820850000006],[23.728840300000059,37.968197800000041],[23.728872900000056,37.968439900000078],[23.72908300000006,37.968455000000063],[23.729081500000063,37.968366200000048],[23.729128800000069,37.968358400000056],[23.72913520000003,37.968379500000026],[23.729316700000027,37.968360000000075],[23.729268200000035,37.968015100000059],[23.729117400000064,37.968038800000045],[23.729122100000041,37.968068000000073],[23.729056400000047,37.968079900000077],[23.72903180000003,37.967984000000058],[23.729345200000068,37.967925300000047],[23.729403900000023,37.968424500000026],[23.72948370000006,37.968576900000073],[23.729612100000054,37.968531800000051],[23.72956430000005,37.968461700000034],[23.729608100000064,37.968444700000077],[23.729679500000032,37.968552500000044],[23.729601600000024,37.968588600000032],[23.729672300000061,37.968726200000049],[23.729443300000071,37.968866300000059],[23.729525500000022,37.968872800000042],[23.72956540000007,37.968983200000025],[23.729505300000028,37.96901100000008],[23.72923650000007,37.96882370000003],[23.729070800000045,37.969033300000035],[23.729037600000026,37.96901390000005],[23.729188700000066,37.968809300000032],[23.728638300000057,37.96876240000006],[23.728640400000074,37.968783300000041],[23.728430100000026,37.968800700000031],[23.728438700000027,37.968833600000039],[23.728408600000023,37.968836600000031],[23.728419400000064,37.968902600000035],[23.728372400000069,37.968911200000036],[23.728429400000039,37.969240700000057],[23.728351400000065,37.969244200000048]]]},"properties":{"fid":721,"historic":"archaeological_site","name_en":null,"name":"Ancient neighbourhood"}},{"type":"Feature","id":722,"geometry":{"type":"Polygon","coordinates":[[[23.412307100000078,37.900432700000067],[23.412312600000064,37.90033950000003],[23.412549300000023,37.900348300000076],[23.412543700000072,37.900441500000056],[23.412307100000078,37.900432700000067]]]},"properties":{"fid":722,"historic":"ruins","name_en":null,"name":null}},{"type":"Feature","id":723,"geometry":{"type":"Polygon","coordinates":[[[23.788841700000035,38.038140000000055],[23.788738500000022,38.038001100000031],[23.788887200000033,38.037933700000053],[23.788988900000049,38.038078100000064],[23.788841700000035,38.038140000000055]]]},"properties":{"fid":723,"historic":"ruins","name_en":null,"name":null}},{"type":"Feature","id":725,"geometry":{"type":"Polygon","coordinates":[[[23.729421000000059,37.968768000000068],[23.72937010000004,37.968647300000043],[23.729426500000045,37.968647800000042],[23.729459900000052,37.968731000000048],[23.729421000000059,37.968768000000068]]]},"properties":{"fid":725,"historic":"ruins","name_en":null,"name":null}},{"type":"Feature","id":727,"geometry":{"type":"Polygon","coordinates":[[[23.724099200000069,37.970286500000043],[23.724109300000066,37.970185600000036],[23.724270300000057,37.970195700000033],[23.724260100000038,37.97029660000004],[23.724099200000069,37.970286500000043]]]},"properties":{"fid":727,"historic":"archaeological_site","name_en":null,"name":"Ancient ruins"}},{"type":"Feature","id":728,"geometry":{"type":"Polygon","coordinates":[[[23.724356600000078,37.970324000000062],[23.724336900000026,37.970212900000035],[23.724509000000069,37.970194000000049],[23.724528600000042,37.970305100000076],[23.724356600000078,37.970324000000062]]]},"properties":{"fid":728,"historic":"archaeological_site","name_en":null,"name":"Ancient ruins"}},{"type":"Feature","id":730,"geometry":{"type":"Polygon","coordinates":[[[23.517594600000052,37.717867200000057],[23.517612500000041,37.717826000000059],[23.517732000000024,37.717858500000034],[23.517714100000035,37.717899700000032],[23.517594600000052,37.717867200000057]]]},"properties":{"fid":730,"historic":"church","name_en":null,"name":null}}]}