{"type":"FeatureCollection","features":[{"type":"Feature","id":1,"geometry":{"type":"MultiPolygon","coordinates":[[[[23.653655300000025,37.94503050000003],[23.653508600000066,37.944857700000057],[23.653641100000073,37.944787800000029],[23.653706700000043,37.944753100000071],[23.653718100000049,37.944747200000052],[23.653761000000031,37.944724500000063],[23.653883400000041,37.944868800000052],[23.653765400000054,37.94492960000008],[23.653750700000046,37.944930000000056],[23.653737000000035,37.944932200000039],[23.653723600000035,37.944936100000064],[23.653711100000066,37.944941700000072],[23.653700100000037,37.944948500000066],[23.653690300000051,37.944956800000057],[23.653682200000048,37.944966300000033],[23.653676400000052,37.94497640000003],[23.653672500000027,37.944987300000037],[23.653670800000043,37.944998400000031],[23.653671400000064,37.945009700000071],[23.653674100000046,37.945020600000078],[23.653655300000025,37.94503050000003]]],[[[23.654082300000027,37.94510340000005],[23.653914900000075,37.945191700000066],[23.653885900000034,37.945198100000027],[23.653855800000031,37.945199200000047],[23.65382610000006,37.945194900000047],[23.65379850000005,37.945185300000048],[23.653774400000032,37.945171000000073],[23.65368680000006,37.945067800000061],[23.653705700000046,37.945057800000029],[23.653717300000039,37.945063800000071],[23.653730300000063,37.945068500000048],[23.653744000000074,37.94507150000004],[23.653758200000027,37.945072800000048],[23.653772200000049,37.945072400000072],[23.653786500000024,37.945070200000032],[23.653799900000024,37.945066300000065],[23.653812100000039,37.945060900000044],[23.653823400000078,37.945053800000039],[23.653833100000043,37.945045500000049],[23.653841000000057,37.945036200000061],[23.653847100000064,37.945025800000053],[23.653963400000066,37.944963200000075],[23.654082300000027,37.94510340000005]]],[[[23.653749300000072,37.944986500000027],[23.65375240000003,37.944985200000076],[23.653755700000033,37.944984200000079],[23.653759100000059,37.94498370000008],[23.65376260000005,37.944983600000057],[23.653766100000041,37.944983900000068],[23.653769500000067,37.944984700000077],[23.653772600000025,37.94498580000004],[23.653775500000052,37.944987400000059],[23.653778100000068,37.944989300000032],[23.653780300000051,37.944991400000049],[23.653782000000035,37.944993800000077],[23.653783200000078,37.944996400000036],[23.653783900000064,37.944999200000041],[23.65378400000003,37.945001900000079],[23.653783600000054,37.945004700000027],[23.653782600000056,37.945007300000043],[23.65378110000006,37.945009800000037],[23.653779200000031,37.945012100000042],[23.65377680000006,37.945014100000037],[23.653774000000055,37.945015800000078],[23.653771000000063,37.945017200000052],[23.65376770000006,37.945018100000027],[23.653764300000034,37.945018700000048],[23.653760800000043,37.945018800000071],[23.653757300000052,37.945018400000038],[23.653753900000027,37.945017700000051],[23.653750700000046,37.945016500000065],[23.653747800000076,37.945015000000069],[23.653745300000026,37.94501310000004],[23.653743100000042,37.945010900000057],[23.653741400000058,37.945008500000029],[23.653740200000072,37.945005900000069],[23.653739500000029,37.945003200000031],[23.653739400000063,37.945000500000049],[23.653739800000039,37.944997700000044],[23.653740800000037,37.944995100000028],[23.653742200000067,37.944992500000069],[23.653744200000062,37.944990300000029],[23.653746600000034,37.944988200000068],[23.653749300000072,37.944986500000027]]]]},"properties":{"fid":1,"leisure":"garden","name":null,"shapearea_m":1001.924998196214}},{"type":"Feature","id":2,"geometry":{"type":"MultiPolygon","coordinates":[[[[23.633459900000048,37.926993800000048],[23.63347600000003,37.926993200000027],[23.633461200000056,37.927076300000067],[23.633384800000044,37.927072600000031],[23.633389500000078,37.92702840000004],[23.633459900000048,37.926993800000048]]],[[[23.63327350000003,37.926991600000065],[23.633326700000055,37.92702550000007],[23.633324500000072,37.927068900000052],[23.63325130000004,37.927065000000027],[23.633261400000038,37.926991600000065],[23.63327350000003,37.926991600000065]]]]},"properties":{"fid":2,"leisure":"garden","name":null,"shapearea_m":94.206530812845685}},{"type":"Feature","id":3,"geometry":{"type":"Polygon","coordinates":[[[23.768278100000032,38.042076800000075],[23.768290800000045,38.04195500000003],[23.768399100000067,38.041820700000073],[23.768504200000052,38.041882900000076],[23.76841440000004,38.042011800000068],[23.768448800000044,38.042028100000039],[23.768497400000058,38.042051100000037],[23.768573900000035,38.042087300000048],[23.768632300000036,38.042023900000061],[23.768691900000078,38.042052500000068],[23.768802500000049,38.04197750000003],[23.76888770000005,38.042096800000024],[23.768350600000076,38.042277500000068],[23.768176900000071,38.04219930000005],[23.768278100000032,38.042076800000075]]]},"properties":{"fid":3,"leisure":"garden","name":null,"shapearea_m":1290.9950511337006}},{"type":"Feature","id":4,"geometry":{"type":"Polygon","coordinates":[[[23.692660800000056,37.933951800000045],[23.692684900000074,37.933628700000042],[23.69276270000006,37.933626600000025],[23.692835100000025,37.933624500000064],[23.692907500000047,37.933626600000025],[23.69296120000007,37.933633000000043],[23.693005700000072,37.933642900000052],[23.693043200000034,37.933657500000038],[23.693076500000075,37.933673200000044],[23.693122100000039,37.933700700000031],[23.693150200000048,37.933722100000068],[23.69317570000004,37.933745100000067],[23.693224000000043,37.933819100000051],[23.693253600000048,37.933877600000073],[23.693282400000044,37.933936700000061],[23.69321640000004,37.93397820000007],[23.693176400000027,37.934003100000041],[23.693147800000077,37.934020800000042],[23.693136100000061,37.934028100000035],[23.693079200000057,37.933988400000032],[23.693036300000074,37.933967200000041],[23.693022500000041,37.933963200000051],[23.692971900000032,37.933948200000032],[23.692907500000047,37.933944000000054],[23.692660800000056,37.933951800000045]],[[23.692992100000026,37.933873900000037],[23.692856400000039,37.933785400000033],[23.692814400000032,37.933758000000068],[23.692769400000032,37.933801000000074],[23.692947100000026,37.933916800000077],[23.692992100000026,37.933873900000037]],[[23.692954300000054,37.933773900000062],[23.693060800000069,37.933904900000073],[23.693078800000023,37.933895800000073],[23.693109900000024,37.933934000000079],[23.693164900000056,37.933906200000024],[23.693178200000034,37.933922400000029],[23.693233700000064,37.933894400000042],[23.693082900000036,37.933708900000056],[23.692954300000054,37.933773900000062]],[[23.692867800000045,37.933784500000058],[23.692922200000055,37.933729200000073],[23.69278840000004,37.933647300000075],[23.692734100000052,37.933702600000061],[23.692867800000045,37.933784500000058]]]},"properties":{"fid":4,"leisure":"garden","name":null,"shapearea_m":1147.32564513855}},{"type":"Feature","id":5,"geometry":{"type":"Polygon","coordinates":[[[23.418200800000022,37.761388800000077],[23.418337000000065,37.76138670000006],[23.418340300000068,37.761523700000055],[23.418075400000077,37.761527700000045],[23.418072100000074,37.761390700000049],[23.418174000000079,37.761389200000053],[23.418174500000077,37.761409100000037],[23.418102600000054,37.761410100000035],[23.418104800000037,37.761500200000057],[23.418305000000032,37.761497100000042],[23.418302800000049,37.761407100000042],[23.418201300000078,37.761408600000038],[23.418200800000022,37.761388800000077]]]},"properties":{"fid":5,"leisure":"garden","name":null,"shapearea_m":173.44213784307874}},{"type":"Feature","id":6,"geometry":{"type":"Polygon","coordinates":[[[23.738577600000042,37.970191600000078],[23.738670300000024,37.970096400000045],[23.739062400000023,37.969711400000051],[23.739282600000024,37.969822300000033],[23.739307100000076,37.969835100000068],[23.739324100000033,37.969844800000033],[23.739334300000053,37.969852400000036],[23.739341600000046,37.969860700000027],[23.739347100000032,37.969871500000067],[23.739369900000042,37.969962500000065],[23.739312400000074,37.969985500000064],[23.739320200000066,37.970051200000057],[23.738684000000035,37.970256800000072],[23.738577600000042,37.970191600000078]]]},"properties":{"fid":6,"leisure":"garden","name":null,"shapearea_m":2028.6387831600275}},{"type":"Feature","id":7,"geometry":{"type":"Polygon","coordinates":[[[23.739347800000075,37.970799800000066],[23.739347900000041,37.970731900000033],[23.739419400000031,37.970732000000055],[23.739419200000043,37.970799900000031],[23.739347800000075,37.970799800000066]],[[23.73936800000007,37.970783900000072],[23.739399000000049,37.970784000000037],[23.739399100000071,37.970747900000049],[23.739368100000036,37.970747800000026],[23.73936800000007,37.970783900000072]]]},"properties":{"fid":7,"leisure":"garden","name":null,"shapearea_m":36.401386019061938}},{"type":"Feature","id":8,"geometry":{"type":"Polygon","coordinates":[[[23.739151400000026,37.971029800000053],[23.739171900000031,37.970910100000026],[23.739677900000061,37.970902900000056],[23.739692200000036,37.971001800000067],[23.739151400000026,37.971029800000053]]]},"properties":{"fid":8,"leisure":"garden","name":null,"shapearea_m":557.40741386444154}},{"type":"Feature","id":9,"geometry":{"type":"Polygon","coordinates":[[[23.739188200000058,37.970566100000042],[23.738729500000034,37.970284700000036],[23.739305300000069,37.970098700000051],[23.739322800000025,37.970094000000074],[23.739328800000067,37.970092900000054],[23.739335500000038,37.970091900000057],[23.739343000000076,37.970091100000047],[23.739351100000079,37.970090700000071],[23.739359500000035,37.970090700000071],[23.739368200000058,37.970091400000058],[23.739376900000025,37.970092800000032],[23.739385600000048,37.970095100000037],[23.739394000000061,37.970098300000075],[23.739401900000075,37.970102700000041],[23.739409300000034,37.970108300000049],[23.739416000000062,37.970115200000066],[23.739421700000037,37.970123700000045],[23.73942640000007,37.970133700000076],[23.739429900000061,37.97014560000008],[23.739431900000056,37.970159200000069],[23.739431100000047,37.970168000000058],[23.739427600000056,37.970179900000062],[23.739421800000059,37.970194500000048],[23.739413800000023,37.970211400000039],[23.739404000000036,37.970230400000048],[23.739392700000053,37.970250900000053],[23.739380200000028,37.970272500000078],[23.739366800000028,37.970295000000078],[23.739352800000063,37.970317900000055],[23.739341300000035,37.970336200000077],[23.739338400000065,37.970340800000031],[23.739332600000068,37.970349900000031],[23.739324000000067,37.970363400000053],[23.739309900000023,37.970385300000032],[23.739296300000035,37.970406000000025],[23.739283500000056,37.970425200000079],[23.739272000000028,37.970442500000047],[23.739261800000065,37.970457500000066],[23.739253400000052,37.970469900000069],[23.739247100000057,37.970479200000057],[23.739241600000071,37.970487100000071],[23.739239100000077,37.970490900000073],[23.739231600000039,37.970502100000033],[23.739219700000035,37.970519800000034],[23.739203600000053,37.970543300000031],[23.739188200000058,37.970566100000042]]]},"properties":{"fid":9,"leisure":"garden","name":null,"shapearea_m":1607.3984740100516}},{"type":"Feature","id":10,"geometry":{"type":"Polygon","coordinates":[[[23.738821900000062,37.971034900000063],[23.73865660000007,37.970916600000066],[23.738672300000076,37.970890600000075],[23.73868310000006,37.970866500000056],[23.738689700000066,37.970843100000025],[23.738691600000038,37.970820900000035],[23.738691300000028,37.970817400000044],[23.738689700000066,37.970799900000031],[23.738685400000065,37.970778300000063],[23.738678900000025,37.970755800000063],[23.738671800000077,37.970736000000045],[23.738670500000069,37.970732500000054],[23.738660400000072,37.970708400000035],[23.738635700000032,37.97065850000007],[23.738621400000056,37.970632900000055],[23.738606200000049,37.970607200000074],[23.738590000000045,37.970581500000037],[23.738573200000076,37.970555800000056],[23.738555800000029,37.970530500000052],[23.73853820000005,37.970505500000058],[23.738536600000032,37.970503400000041],[23.738520300000062,37.970481200000052],[23.738502500000038,37.970457600000032],[23.738484800000037,37.970434900000043],[23.73846750000007,37.970413300000075],[23.738450800000066,37.97039280000007],[23.738439000000028,37.970378900000071],[23.738675900000032,37.970302200000049],[23.739162700000065,37.97060220000003],[23.739134200000024,37.970642500000054],[23.739105300000062,37.970682600000032],[23.739074100000039,37.970725300000026],[23.739041000000043,37.97076960000004],[23.739006400000051,37.970815000000073],[23.738970600000073,37.97086070000006],[23.738934100000051,37.970906100000036],[23.738897100000031,37.970950400000049],[23.738860100000068,37.970993100000044],[23.738821900000062,37.971034900000063]]]},"properties":{"fid":10,"leisure":"garden","name":null,"shapearea_m":2460.7009141742442}},{"type":"Feature","id":11,"geometry":{"type":"MultiPolygon","coordinates":[[[[23.736725000000035,37.973623300000042],[23.736745100000064,37.973626100000047],[23.736752300000035,37.973641200000031],[23.736763900000028,37.973654400000044],[23.736755500000072,37.973669000000029],[23.736751900000058,37.97368490000008],[23.736732700000061,37.973690500000032],[23.736716000000058,37.973699700000054],[23.736697400000025,37.973693000000026],[23.736677300000053,37.973690200000078],[23.736670200000049,37.973675100000037],[23.736658500000033,37.973661900000025],[23.736667000000068,37.973647300000039],[23.736670500000059,37.973631400000045],[23.736689700000056,37.973625800000036],[23.73670640000006,37.973616600000071],[23.736725000000035,37.973623300000042]]],[[[23.735914300000047,37.972895900000026],[23.735914200000025,37.972897600000067],[23.735914000000037,37.972899400000074],[23.73591360000006,37.972901100000058],[23.735913000000039,37.972902700000077],[23.735912300000052,37.972904300000039],[23.735911400000077,37.972905800000035],[23.735910400000023,37.972907200000066],[23.735909200000037,37.972908600000039],[23.735908000000052,37.972909900000047],[23.735906600000078,37.972911100000033],[23.735905000000059,37.972912300000075],[23.735903400000041,37.972913300000073],[23.735901700000056,37.972914200000048],[23.735899900000049,37.97291510000008],[23.735898000000077,37.972915800000067],[23.735896000000025,37.972916400000031],[23.73589400000003,37.97291690000003],[23.735891800000047,37.972917300000063],[23.73588970000003,37.972917500000051],[23.735887400000024,37.972917600000073],[23.735885200000041,37.972917600000073],[23.735883000000058,37.972917400000028],[23.735880900000041,37.972917000000052],[23.735878800000023,37.972916600000076],[23.735876800000028,37.972916000000055],[23.735874900000056,37.972915300000068],[23.735873000000026,37.972914500000059],[23.735871300000042,37.972913600000027],[23.735869600000058,37.972912600000029],[23.735868100000062,37.972911500000066],[23.735866700000031,37.97291030000008],[23.735865300000057,37.972909000000072],[23.735864100000072,37.972907700000064],[23.735863100000074,37.972906300000034],[23.735862200000042,37.972904800000038],[23.735861400000033,37.972903200000076],[23.735860800000069,37.972901600000057],[23.73586030000007,37.972899900000073],[23.735860000000059,37.972898200000031],[23.735859900000037,37.972896400000025],[23.735859900000037,37.97289470000004],[23.735860200000047,37.972892900000033],[23.735860600000024,37.972891300000072],[23.735861200000045,37.97288960000003],[23.735861900000032,37.972888100000034],[23.735862800000064,37.972886500000072],[23.735863800000061,37.972885100000042],[23.735864900000024,37.972883700000068],[23.735866200000032,37.97288240000006],[23.735867600000063,37.972881200000074],[23.735869100000059,37.972880100000054],[23.735870700000078,37.972879000000034],[23.735872500000028,37.972878100000059],[23.735874300000035,37.972877200000028],[23.735876200000064,37.972876500000041],[23.735878200000059,37.972875900000076],[23.735880200000054,37.972875400000078],[23.735882300000071,37.972875000000045],[23.735884500000054,37.972874800000056],[23.735886700000037,37.972874700000034],[23.735889000000043,37.972874800000056],[23.735891200000026,37.972875000000045],[23.735893300000043,37.972875300000055],[23.735895400000061,37.972875700000031],[23.735897400000056,37.972876300000053],[23.735899300000028,37.97287700000004],[23.735901100000035,37.972877800000049],[23.735902900000042,37.972878700000024],[23.735904500000061,37.972879700000078],[23.735906100000022,37.972880800000041],[23.735907500000053,37.972882000000027],[23.735908800000061,37.972883300000035],[23.735910000000047,37.972884600000043],[23.735911100000067,37.972886100000039],[23.735912000000042,37.972887600000035],[23.735912800000051,37.972889100000032],[23.735913400000072,37.97289070000005],[23.735913900000071,37.972892400000035],[23.735914200000025,37.972894100000076],[23.735914300000047,37.972895900000026]]],[[[23.740064300000029,37.974511800000073],[23.740074700000037,37.974561200000039],[23.740063500000076,37.974559500000055],[23.740053900000078,37.974555000000066],[23.740046800000073,37.974548300000038],[23.740043100000037,37.974540000000047],[23.740043200000059,37.974531200000058],[23.740047100000027,37.974523000000033],[23.740054300000054,37.974516300000062],[23.740064300000029,37.974511800000073]]],[[[23.740015500000027,37.974216000000069],[23.740015400000061,37.974218000000064],[23.740015100000051,37.974219900000037],[23.740014700000074,37.974221800000066],[23.740014000000031,37.974223600000073],[23.740013200000078,37.97422540000008],[23.740012200000024,37.974227100000064],[23.740011100000061,37.974228700000026],[23.740009800000053,37.974230300000045],[23.740008400000079,37.974231700000075],[23.74000680000006,37.974233100000049],[23.740005100000076,37.974234400000057],[23.740003300000069,37.974235500000077],[23.740001300000074,37.97423660000004],[23.739999300000022,37.974237500000072],[23.739997200000062,37.974238300000025],[23.739995000000079,37.974239000000068],[23.739992700000073,37.974239600000033],[23.739990300000045,37.974240000000066],[23.739987800000051,37.974240200000054],[23.739985300000058,37.974240300000076],[23.739982800000064,37.974240300000076],[23.739980400000036,37.974240100000031],[23.739978000000065,37.974239700000055],[23.739975700000059,37.974239200000056],[23.739973400000054,37.974238600000035],[23.739971300000036,37.974237800000026],[23.739969200000075,37.974236900000051],[23.739967300000046,37.974235900000053],[23.739965400000074,37.974234800000033],[23.739963700000033,37.974233500000025],[23.739962100000071,37.974232200000074],[23.739960600000074,37.974230700000078],[23.739959200000044,37.974229200000025],[23.739958000000058,37.974227600000063],[23.739957000000061,37.974225900000079],[23.739956100000029,37.974224200000037],[23.739955400000042,37.974222400000031],[23.739954900000043,37.974220500000058],[23.739954600000033,37.974218600000029],[23.739954500000067,37.974216600000034],[23.739954500000067,37.974214600000039],[23.739954800000078,37.974212700000066],[23.739955300000076,37.974210800000037],[23.739955900000041,37.97420900000003],[23.73995670000005,37.97420720000008],[23.739957700000048,37.974205500000039],[23.739958800000068,37.974203900000077],[23.739960100000076,37.974202300000059],[23.739961600000072,37.974200900000028],[23.739963100000068,37.974199500000054],[23.739964800000052,37.974198200000046],[23.739966600000059,37.974197100000026],[23.739968600000054,37.974196000000063],[23.739970600000049,37.974195100000031],[23.739972700000067,37.974194300000079],[23.739975000000072,37.974193600000035],[23.739977300000078,37.974193000000071],[23.739979600000026,37.974192600000038],[23.739982100000077,37.974192400000049],[23.739984600000071,37.974192300000027],[23.739987100000064,37.974192300000027],[23.739989500000036,37.974192500000072],[23.739991900000064,37.974192900000048],[23.739994200000069,37.974193400000047],[23.739996500000075,37.974194000000068],[23.739998600000035,37.974194800000078],[23.740000700000053,37.974195700000053],[23.740002700000048,37.97419670000005],[23.740004500000055,37.974197900000036],[23.740006300000061,37.974199100000078],[23.740007900000023,37.974200400000029],[23.740009300000054,37.974201900000025],[23.740010700000028,37.974203400000079],[23.74001190000007,37.97420500000004],[23.740012900000067,37.974206700000025],[23.740013800000042,37.974208400000066],[23.740014500000029,37.974210200000073],[23.740015000000028,37.974212100000045],[23.740015300000039,37.974214000000075],[23.740015500000027,37.974216000000069]]],[[[23.739201500000036,37.972567200000071],[23.739201900000069,37.972567300000037],[23.739204800000039,37.972567800000036],[23.739207700000065,37.972568200000069],[23.739210600000035,37.972568400000057],[23.73921340000004,37.972568500000079],[23.739216200000044,37.972568400000057],[23.739219000000048,37.972568100000046],[23.739221600000064,37.97256770000007],[23.739224200000024,37.972567100000049],[23.739226400000064,37.972566400000062],[23.739256800000078,37.972582800000055],[23.739256400000045,37.972583100000065],[23.739252300000032,37.972585600000059],[23.739247900000066,37.972587800000042],[23.739243300000055,37.972589700000071],[23.739238500000056,37.972591300000033],[23.739233500000068,37.972592600000041],[23.739228400000059,37.972593600000039],[23.739223100000061,37.97259420000006],[23.739217800000063,37.972594600000036],[23.739212400000042,37.972594600000036],[23.739206900000056,37.972594400000048],[23.73920140000007,37.972593800000027],[23.739195900000027,37.972592900000052],[23.739190400000041,37.972591600000044],[23.739185000000077,37.972590100000048],[23.739182500000027,37.972589200000073],[23.739201500000036,37.972567200000071]]],[[[23.739235300000075,37.972528200000056],[23.73925440000005,37.972506200000055],[23.739256300000022,37.972507700000051],[23.739260100000024,37.972511100000077],[23.739263600000072,37.972514700000033],[23.73926670000003,37.97251840000007],[23.739269400000069,37.972522200000071],[23.739271700000074,37.972526100000039],[23.739273600000047,37.972530200000051],[23.739275100000043,37.972534200000041],[23.739276200000063,37.972538300000053],[23.73927690000005,37.972542400000066],[23.73927720000006,37.972546600000044],[23.739277100000038,37.972550700000056],[23.739276500000074,37.972554700000046],[23.739275500000076,37.972558800000058],[23.739274100000046,37.972562700000026],[23.739273800000035,37.972563100000059],[23.739243400000078,37.972546800000032],[23.739243400000078,37.972544900000059],[23.739243200000033,37.972542800000042],[23.739242700000034,37.972540700000025],[23.739242000000047,37.972538600000064],[23.739241100000072,37.972536500000047],[23.739240000000052,37.972534400000029],[23.739238700000044,37.972532400000034],[23.739237200000048,37.972530400000039],[23.739235500000063,37.972528400000044],[23.739235300000075,37.972528200000056]]],[[[23.739176600000064,37.972553800000071],[23.739157600000055,37.972575800000072],[23.739155600000061,37.972574300000076],[23.739151800000059,37.972570900000051],[23.739148300000068,37.972567300000037],[23.739145300000075,37.972563600000058],[23.739142600000037,37.972559800000056],[23.739140300000031,37.972555800000066],[23.739138300000036,37.972551800000076],[23.73913680000004,37.972547800000029],[23.739135700000077,37.972543700000074],[23.739135000000033,37.972539500000039],[23.739134700000022,37.972535400000027],[23.739134900000067,37.972531300000071],[23.739135400000066,37.972527200000059],[23.739136400000064,37.972523200000069],[23.73913790000006,37.972519300000044],[23.739138100000048,37.972518900000068],[23.739168500000062,37.972535200000038],[23.739168500000062,37.972537100000068],[23.739168800000073,37.972539200000028],[23.739169200000049,37.972541300000046],[23.739169900000036,37.972543400000063],[23.739170800000068,37.972545500000024],[23.739171900000031,37.972547600000041],[23.739173200000039,37.972549600000036],[23.739174700000035,37.972551600000031],[23.739176400000076,37.972553600000026],[23.739176600000064,37.972553800000071]]],[[[23.739155100000062,37.972499200000073],[23.739155500000038,37.972498900000062],[23.739159700000073,37.972496400000068],[23.739164000000073,37.972494200000028],[23.739168600000028,37.972492300000056],[23.739173400000027,37.972490700000037],[23.739178400000071,37.972489400000029],[23.739183500000024,37.972488400000032],[23.739188800000022,37.972487800000067],[23.739194200000043,37.972487400000034],[23.739199600000063,37.972487300000068],[23.739205100000049,37.972487600000079],[23.739210600000035,37.972488200000043],[23.739216100000078,37.972489100000075],[23.739221600000064,37.972490300000061],[23.739227000000028,37.97249190000008],[23.739229500000079,37.972492800000055],[23.739210400000047,37.972514800000056],[23.739210000000071,37.972514700000033],[23.739207100000044,37.972514200000035],[23.739204200000074,37.972513800000058],[23.73920140000007,37.97251360000007],[23.739198500000043,37.972513500000048],[23.739195700000039,37.97251360000007],[23.739193000000057,37.972513900000024],[23.739190300000075,37.972514300000057],[23.739187700000059,37.972514900000078],[23.739185500000076,37.972515600000065],[23.739155100000062,37.972499200000073]]],[[[23.737662000000057,37.973476800000071],[23.73765620000006,37.973439000000042],[23.737657200000058,37.973438900000076],[23.73766020000005,37.973438800000054],[23.737663200000043,37.973438600000065],[23.737666200000035,37.973438600000065],[23.737669200000028,37.973438600000065],[23.737672200000077,37.973438700000031],[23.737675200000069,37.973439000000042],[23.737678100000039,37.973439400000075],[23.737681000000066,37.973439900000074],[23.737683900000036,37.97344060000006],[23.73768670000004,37.973441500000035],[23.737689500000045,37.973442600000055],[23.737692200000026,37.973443900000063],[23.737694800000043,37.973445500000025],[23.737697300000036,37.973447300000032],[23.737699700000064,37.973449300000027],[23.737702100000035,37.973451700000055],[23.737704200000053,37.973454200000049],[23.737706200000048,37.973457000000053],[23.737708100000077,37.973460000000046],[23.737709900000027,37.973463200000026],[23.737711700000034,37.973466600000052],[23.737713300000053,37.973470100000043],[23.737714900000071,37.973473700000056],[23.737716300000045,37.973477200000048],[23.737717700000076,37.973480800000061],[23.737718900000061,37.973484300000052],[23.737720100000047,37.973487600000055],[23.737721100000044,37.973490800000036],[23.737722000000076,37.973493800000028],[23.737722800000029,37.973496600000033],[23.737723100000039,37.97349760000003],[23.737699400000054,37.97349980000007],[23.737699300000031,37.973499700000048],[23.737697900000057,37.973497100000031],[23.737696300000039,37.973494600000038],[23.737694400000066,37.973492200000067],[23.737692300000049,37.973490000000027],[23.737690000000043,37.973487900000066],[23.73768750000005,37.973486000000037],[23.737684800000068,37.97348420000003],[23.737682000000063,37.973482600000068],[23.737679000000071,37.973481100000072],[23.737675900000056,37.973479900000029],[23.737672600000053,37.973478800000066],[23.73766930000005,37.973477900000034],[23.737665800000059,37.97347730000007],[23.737662300000068,37.973476800000071],[23.737662000000057,37.973476800000071]]],[[[23.737587800000028,37.973510600000054],[23.737587800000028,37.973509500000034],[23.737587700000063,37.97350670000003],[23.737587700000063,37.973503600000072],[23.737587800000028,37.973500300000069],[23.737587800000028,37.973496900000043],[23.737588000000073,37.97349330000003],[23.737588200000062,37.97348960000005],[23.737588500000072,37.973485800000049],[23.737589000000071,37.973482100000069],[23.73758950000007,37.973478400000033],[23.737590200000056,37.973474700000054],[23.737591000000066,37.973471300000028],[23.737591900000041,37.97346790000006],[23.737593000000061,37.973464900000067],[23.737594300000069,37.97346200000004],[23.737595800000065,37.973459300000059],[23.737597600000072,37.973456900000031],[23.737599500000044,37.973454700000048],[23.737601500000039,37.973452700000053],[23.737603800000045,37.973450900000046],[23.73760610000005,37.973449300000027],[23.737608600000044,37.973447900000053],[23.737611100000038,37.973446600000045],[23.737613800000076,37.973445600000048],[23.737616500000058,37.97344460000005],[23.737619300000063,37.973443800000041],[23.737622200000033,37.973443100000054],[23.737625100000059,37.973442500000033],[23.737628000000029,37.973442000000034],[23.737631000000079,37.973441600000058],[23.737634000000071,37.973441200000025],[23.737635000000068,37.973441100000059],[23.737640800000065,37.973478800000066],[23.737640600000077,37.973478900000032],[23.737637300000074,37.973480000000052],[23.737634100000037,37.97348130000006],[23.737631100000044,37.973482800000056],[23.73762830000004,37.973484400000075],[23.737625600000058,37.973486300000047],[23.73762320000003,37.973488200000077],[23.737620900000024,37.973490300000037],[23.737618900000029,37.973492600000043],[23.737617000000057,37.973494900000048],[23.737615400000038,37.973497400000042],[23.73761410000003,37.973499900000036],[23.737613000000067,37.973502600000074],[23.737612100000035,37.973505300000056],[23.737611600000037,37.97350810000006],[23.737611500000071,37.973508300000049],[23.737587800000028,37.973510600000054]]],[[[23.737590600000033,37.973527300000057],[23.73761410000003,37.973525000000052],[23.737614200000053,37.97352520000004],[23.737615600000026,37.973527800000056],[23.737617300000068,37.97353030000005],[23.73761920000004,37.973532700000078],[23.737621200000035,37.973534900000061],[23.737623500000041,37.973537000000078],[23.737626000000034,37.973538900000051],[23.737628700000073,37.973540700000058],[23.737631500000077,37.973542300000076],[23.73763450000007,37.973543800000073],[23.737637600000028,37.973545000000058],[23.737640900000031,37.973546100000078],[23.737644300000056,37.973547000000053],[23.737647700000025,37.973547600000074],[23.737651300000039,37.973548100000073],[23.737651500000027,37.973548100000073],[23.737657100000035,37.973584500000072],[23.737656100000038,37.973584600000038],[23.737653100000045,37.973584800000026],[23.737650100000053,37.973584900000048],[23.737647100000061,37.973585000000071],[23.737644100000068,37.973584900000048],[23.737641100000076,37.973584800000026],[23.737638200000049,37.973584500000072],[23.737635200000057,37.973584100000039],[23.73763230000003,37.97358360000004],[23.73762940000006,37.973582900000054],[23.737626600000056,37.973582000000079],[23.737623900000074,37.973580900000059],[23.737621200000035,37.973579600000051],[23.737618600000076,37.973578000000032],[23.73761600000006,37.973576200000025],[23.737613600000032,37.97357420000003],[23.737611300000026,37.973571800000059],[23.737609200000065,37.973569300000065],[23.73760720000007,37.973566500000061],[23.737605200000075,37.973563500000068],[23.737603400000069,37.973560300000031],[23.737601600000062,37.973556900000062],[23.737600000000043,37.973553400000071],[23.737598400000024,37.973549800000058],[23.737597000000051,37.973546300000066],[23.737595600000077,37.973542700000053],[23.737594400000035,37.973539200000062],[23.737593200000049,37.973535900000059],[23.737592200000051,37.973532700000078],[23.737591300000076,37.973529700000029],[23.737590600000033,37.973527300000057]]],[[[23.73767840000005,37.973582400000055],[23.737672700000076,37.973546100000078],[23.737673000000029,37.973546000000056],[23.737676300000032,37.973544900000036],[23.737679400000047,37.973543600000028],[23.73768240000004,37.973542100000031],[23.737685300000066,37.973540400000047],[23.737687900000026,37.97353860000004],[23.737690400000076,37.973536700000068],[23.737692600000059,37.97353460000005],[23.737694700000077,37.973532300000045],[23.737696500000027,37.973530000000039],[23.737698100000046,37.973527500000046],[23.737699500000076,37.973525000000052],[23.737700600000039,37.97352230000007],[23.737701400000049,37.973519600000031],[23.73770200000007,37.973516800000027],[23.73770200000007,37.973516600000039],[23.737725500000067,37.973514300000033],[23.737725600000033,37.973516800000027],[23.737725600000033,37.973519900000042],[23.737725600000033,37.973523200000045],[23.737725500000067,37.973526600000071],[23.737725300000022,37.97353030000005],[23.737725100000034,37.973534000000029],[23.737724800000024,37.973537700000065],[23.737724400000047,37.973541400000045],[23.737723800000026,37.973545200000046],[23.737723200000062,37.97354880000006],[23.737722400000052,37.973552300000051],[23.737721400000055,37.973555600000054],[23.737720300000035,37.973558600000047],[23.737719000000027,37.973561500000073],[23.737717500000031,37.973564200000055],[23.737715700000024,37.973566600000026],[23.737713800000051,37.973568900000032],[23.737711800000056,37.973570800000061],[23.737709600000073,37.973572600000068],[23.737707200000045,37.97357420000003],[23.737704800000074,37.973575600000061],[23.737702200000058,37.973576900000069],[23.737699500000076,37.973578000000032],[23.737696800000037,37.973578900000064],[23.737694000000033,37.973579700000073],[23.737691100000063,37.97358040000006],[23.737688200000036,37.973581000000024],[23.737685300000066,37.97358150000008],[23.737682300000074,37.973581900000056],[23.737679400000047,37.973582300000032],[23.73767840000005,37.973582400000055]]],[[[23.737721900000054,37.972282500000063],[23.737721900000054,37.97228460000008],[23.737721600000043,37.972286700000041],[23.737721100000044,37.972288800000058],[23.737720400000057,37.97229070000003],[23.737719500000026,37.97229260000006],[23.737718400000063,37.972294500000032],[23.737717200000077,37.972296200000073],[23.737715800000046,37.972297900000058],[23.73771430000005,37.972299500000076],[23.737712600000066,37.972301000000073],[23.737710700000036,37.972302300000024],[23.737708800000064,37.972303600000032],[23.737706700000047,37.972304700000052],[23.737704500000063,37.972305800000072],[23.737702200000058,37.972306600000024],[23.73769980000003,37.972307400000034],[23.737697300000036,37.972308000000055],[23.737694700000077,37.972308400000031],[23.737692100000061,37.972308700000042],[23.737689400000079,37.972308800000064],[23.73768670000004,37.972308700000042],[23.737684100000024,37.972308500000054],[23.737681500000065,37.972308100000078],[23.737679000000071,37.972307600000079],[23.737676600000043,37.972306900000035],[23.737674200000072,37.972306100000026],[23.737672000000032,37.972305100000028],[23.737669900000071,37.972304000000065],[23.737667900000076,37.97230280000008],[23.737666000000047,37.972301400000049],[23.737664300000063,37.972300000000075],[23.737662700000044,37.972298400000057],[23.737661200000048,37.972296800000038],[23.73765990000004,37.972295100000053],[23.737658800000077,37.972293300000047],[23.737657900000045,37.972291400000074],[23.737657100000035,37.972289400000079],[23.737656600000037,37.972287400000027],[23.73765620000006,37.972285300000067],[23.737656100000038,37.972283200000049],[23.737656100000038,37.972281000000066],[23.737656400000049,37.972279000000071],[23.737656900000047,37.972276900000054],[23.737657600000034,37.972274900000059],[23.737658500000066,37.97227300000003],[23.737659500000063,37.97227120000008],[23.737660800000072,37.972269400000073],[23.737662200000045,37.972267800000054],[23.737663700000041,37.972266200000035],[23.737665400000026,37.972264700000039],[23.737667200000033,37.972263300000066],[23.737669200000028,37.97226210000008],[23.737671300000045,37.972260900000038],[23.737673500000028,37.97225990000004],[23.737675800000034,37.972259000000065],[23.737678200000062,37.972258300000078],[23.737680700000055,37.972257700000057],[23.737683200000049,37.972257300000024],[23.737685900000031,37.97225700000007],[23.73768860000007,37.972256900000048],[23.737691300000051,37.972256900000048],[23.737693900000068,37.972257200000058],[23.737696500000027,37.972257600000034],[23.737699000000077,37.972258100000033],[23.737701400000049,37.972258800000077],[23.737703800000077,37.972259600000029],[23.73770600000006,37.972260600000027],[23.737708100000077,37.972261700000047],[23.737710100000072,37.972262900000032],[23.737712000000045,37.972264200000041],[23.737713700000029,37.972265700000037],[23.737715300000048,37.972267200000033],[23.737716800000044,37.972268900000074],[23.737718100000052,37.972270600000058],[23.737719200000072,37.972272400000065],[23.737720100000047,37.972274300000038],[23.737720900000056,37.972276300000033],[23.737721400000055,37.972278300000028],[23.737721800000031,37.972280400000045],[23.737721900000054,37.972282500000063]]],[[[23.73721050000006,37.972763000000043],[23.73721050000006,37.972762500000044],[23.737210400000038,37.972762100000068],[23.737210300000072,37.972761600000069],[23.737210100000027,37.972761200000036],[23.737209900000039,37.972760700000038],[23.737209700000051,37.972760300000061],[23.73720940000004,37.972759900000028],[23.737209000000064,37.972759600000074],[23.737208700000053,37.972759200000041],[23.737208300000077,37.972758900000031],[23.737207900000044,37.972758600000077],[23.737207400000045,37.972758300000066],[23.737206900000047,37.972758100000078],[23.737206400000048,37.972757900000033],[23.737205900000049,37.972757700000045],[23.73720540000005,37.972757500000057],[23.737204800000029,37.972757400000035],[23.737204200000065,37.972757300000069],[23.737203600000043,37.972757300000069],[23.737203000000022,37.972757200000046],[23.737201800000037,37.972681700000066],[23.737202400000058,37.972681700000066],[23.737203000000022,37.972681600000044],[23.737203600000043,37.972681500000078],[23.737204200000065,37.972681400000056],[23.737204700000063,37.972681200000068],[23.737205200000062,37.97268100000008],[23.737205700000061,37.972680800000035],[23.73720620000006,37.972680600000047],[23.737206600000036,37.972680300000036],[23.737207000000069,37.972680000000025],[23.737207400000045,37.972679600000049],[23.737207800000078,37.972679300000038],[23.737208100000032,37.972678900000062],[23.737208300000077,37.972678500000029],[23.737208600000031,37.972678100000053],[23.737208800000076,37.972677700000077],[23.737208900000041,37.972677200000078],[23.737209000000064,37.972676800000045],[23.73720910000003,37.972676300000046],[23.73720910000003,37.972675800000047],[23.737278400000037,37.97267510000006],[23.737278400000037,37.972675600000059],[23.737278500000059,37.972676100000058],[23.737278600000025,37.972676500000034],[23.73727880000007,37.972677000000033],[23.737279000000058,37.972677400000066],[23.737279200000046,37.972677800000042],[23.737279500000056,37.972678200000075],[23.737279800000067,37.972678600000052],[23.737280200000043,37.972678900000062],[23.737280600000076,37.972679200000073],[23.737281000000053,37.972679500000027],[23.737281500000051,37.972679800000037],[23.737281900000028,37.972680100000048],[23.737282400000026,37.972680300000036],[23.737283000000048,37.972680500000024],[23.737283500000046,37.972680600000047],[23.737284100000068,37.972680700000069],[23.737284600000066,37.972680800000035],[23.737285200000031,37.972680900000057],[23.737285800000052,37.972680900000057],[23.73728710000006,37.972756400000037],[23.737286500000039,37.972756400000037],[23.737285900000074,37.97275650000006],[23.737285300000053,37.972756600000025],[23.737284700000032,37.972756700000048],[23.737284200000033,37.972756900000036],[23.737283700000035,37.972757100000024],[23.737283200000036,37.972757300000069],[23.737282700000037,37.972757600000079],[23.737282300000061,37.972757900000033],[23.737281900000028,37.972758200000044],[23.737281500000051,37.972758500000054],[23.737281100000075,37.972758900000031],[23.737280800000065,37.972759200000041],[23.737280500000054,37.972759600000074],[23.737280300000066,37.972760000000051],[23.737280100000078,37.972760500000049],[23.737279900000033,37.972760900000026],[23.737279800000067,37.972761400000024],[23.737279800000067,37.972761800000058],[23.737279800000067,37.972762300000056],[23.73721050000006,37.972763000000043]]],[[[23.735959100000059,37.973091900000043],[23.735959000000037,37.973094100000026],[23.735958700000026,37.973096300000066],[23.735958200000027,37.973098500000049],[23.73595750000004,37.973100600000066],[23.735956600000065,37.973102600000061],[23.735955400000023,37.973104500000034],[23.735954100000072,37.973106400000063],[23.735952700000041,37.973108100000047],[23.735951000000057,37.973109800000032],[23.73594920000005,37.97311140000005],[23.735947300000078,37.973112800000024],[23.73594520000006,37.973114200000055],[23.735943000000077,37.97311540000004],[23.735940700000072,37.973116400000038],[23.735938300000043,37.973117400000035],[23.73593580000005,37.973118100000079],[23.735933100000068,37.973118800000066],[23.735930400000029,37.973119200000042],[23.735927600000025,37.973119500000053],[23.735924800000078,37.973119700000041],[23.735921900000051,37.973119600000075],[23.735919100000046,37.973119300000064],[23.735916400000065,37.973118900000031],[23.735913800000048,37.973118400000033],[23.735911200000032,37.97311760000008],[23.735908800000061,37.973116700000048],[23.735906400000033,37.973115700000051],[23.73590420000005,37.973114600000031],[23.735902100000033,37.97311330000008],[23.735900100000038,37.973111900000049],[23.735898200000065,37.97311030000003],[23.735896600000046,37.973108700000068],[23.735895000000028,37.973107000000027],[23.735893700000076,37.973105100000055],[23.735892500000034,37.973103200000025],[23.735891500000037,37.973101200000031],[23.735890700000027,37.973099200000036],[23.735890100000063,37.973097000000053],[23.73588970000003,37.973094800000069],[23.735889600000064,37.97309260000003],[23.73588970000003,37.973090300000024],[23.73589000000004,37.973088100000041],[23.735890500000039,37.97308600000008],[23.735891200000026,37.973083900000063],[23.735892100000058,37.973081900000068],[23.735893300000043,37.973080000000039],[23.735894600000051,37.973078100000066],[23.735896000000025,37.973076300000059],[23.735897700000066,37.973074700000041],[23.735899500000073,37.973073100000079],[23.735901400000046,37.973071700000048],[23.735903500000063,37.973070300000074],[23.735905700000046,37.973069100000032],[23.735908000000052,37.973068100000035],[23.735910400000023,37.973067100000037],[23.735912900000073,37.973066300000028],[23.735915600000055,37.973065700000063],[23.735918300000037,37.973065200000065],[23.735921100000041,37.973065000000076],[23.735923900000046,37.973064800000031],[23.735926800000072,37.973064900000054],[23.735929600000077,37.973065100000042],[23.735932300000059,37.973065500000075],[23.735934900000075,37.97306610000004],[23.735937500000034,37.973066900000049],[23.735939900000062,37.973067700000058],[23.735942300000033,37.973068800000078],[23.735944500000073,37.973069900000041],[23.735946600000034,37.973071200000049],[23.735948600000029,37.97307260000008],[23.735950500000058,37.973074100000076],[23.735952200000042,37.973075800000061],[23.735953700000039,37.973077500000045],[23.735955000000047,37.973079300000052],[23.735956200000032,37.973081300000047],[23.73595720000003,37.973083300000042],[23.735958000000039,37.973085300000037],[23.73595860000006,37.973087500000076],[23.735959000000037,37.973089600000037],[23.735959100000059,37.973091900000043]]]]},"properties":{"fid":11,"leisure":"garden","name":null,"shapearea_m":380.003168979279}},{"type":"Feature","id":12,"geometry":{"type":"Polygon","coordinates":[[[23.983871500000078,38.055825200000072],[23.983608600000025,38.055745400000035],[23.983665600000052,38.055607700000053],[23.983927200000039,38.055663100000061],[23.983871500000078,38.055825200000072]]]},"properties":{"fid":12,"leisure":"garden","name":null,"shapearea_m":420.07189826524819}},{"type":"Feature","id":13,"geometry":{"type":"Polygon","coordinates":[[[23.734632400000066,37.980733900000075],[23.734084200000041,37.980436000000054],[23.734091000000035,37.980428700000061],[23.734178000000043,37.980327400000078],[23.734360600000059,37.980424700000071],[23.73438120000003,37.980432500000063],[23.734400100000073,37.980436800000064],[23.734417400000041,37.980438000000049],[23.734452100000055,37.980435400000033],[23.734475600000053,37.980429700000059],[23.734495500000037,37.980422900000065],[23.734516400000075,37.980413200000044],[23.734536300000059,37.980398800000046],[23.734609300000045,37.980317500000069],[23.734622100000024,37.980298600000026],[23.734625600000072,37.980288500000029],[23.734626200000037,37.980278500000054],[23.734621600000025,37.980269600000042],[23.734593000000075,37.980229800000075],[23.734586300000046,37.980219300000044],[23.734581200000036,37.98020850000006],[23.734576100000027,37.980194400000073],[23.734575100000029,37.980180700000062],[23.734577700000045,37.980163400000038],[23.734583800000053,37.980146900000079],[23.734599600000024,37.980125200000032],[23.734676700000023,37.980042300000036],[23.734679200000073,37.98003390000008],[23.734672100000068,37.980023000000074],[23.734646100000077,37.980002900000045],[23.734314300000051,37.979818700000067],[23.734290300000055,37.979801000000066],[23.734279100000037,37.979787300000055],[23.73427090000007,37.979775200000063],[23.734268900000075,37.979752700000063],[23.734277600000041,37.979730600000039],[23.734299100000044,37.979698800000051],[23.735133100000041,37.98016350000006],[23.73467590000007,37.980684300000064],[23.734632400000066,37.980733900000075]]]},"properties":{"fid":13,"leisure":"garden","name":null,"shapearea_m":3549.9664650400164}},{"type":"Feature","id":14,"geometry":{"type":"Polygon","coordinates":[[[23.688043900000025,37.930966900000044],[23.688091500000041,37.930947300000071],[23.688185100000055,37.931089300000053],[23.688137500000039,37.931108900000027],[23.688043900000025,37.930966900000044]]]},"properties":{"fid":14,"leisure":"garden","name":null,"shapearea_m":83.858792939083827}},{"type":"Feature","id":15,"geometry":{"type":"Polygon","coordinates":[[[23.688108700000043,37.930582800000025],[23.688077600000042,37.930535200000065],[23.688180100000068,37.930493400000046],[23.688211800000033,37.93054090000004],[23.688289400000031,37.930657200000041],[23.68830360000004,37.930678500000056],[23.688234700000066,37.93070490000008],[23.68817880000006,37.930726400000026],[23.688018300000067,37.930788100000029],[23.687944600000037,37.930816400000026],[23.687826500000028,37.930637300000058],[23.688029000000029,37.930554900000061],[23.688060200000052,37.930602700000065],[23.688108700000043,37.930582800000025]]]},"properties":{"fid":15,"leisure":"garden","name":null,"shapearea_m":770.47392793887036}},{"type":"Feature","id":16,"geometry":{"type":"Polygon","coordinates":[[[23.688261100000034,37.931204600000058],[23.688249700000028,37.931187300000033],[23.688202100000069,37.931206900000063],[23.68815660000007,37.931137800000045],[23.688423400000033,37.931034300000078],[23.688497100000063,37.931142100000045],[23.688455000000033,37.931159300000047],[23.68842230000007,37.931172700000047],[23.688231300000041,37.931251100000054],[23.688213500000074,37.931224100000065],[23.688261100000034,37.931204600000058]]]},"properties":{"fid":16,"leisure":"garden","name":null,"shapearea_m":353.93585880537154}},{"type":"Feature","id":17,"geometry":{"type":"Polygon","coordinates":[[[23.687700800000073,37.930446600000039],[23.68774970000004,37.930426600000033],[23.687788100000034,37.930484900000067],[23.68779180000007,37.930490500000076],[23.687876000000074,37.930456200000037],[23.68787240000006,37.930450600000029],[23.687911300000053,37.930434800000057],[23.687914900000067,37.930440400000066],[23.687957900000072,37.930423000000076],[23.687954200000036,37.930417300000045],[23.687923700000056,37.93037060000006],[23.687930700000038,37.930367800000056],[23.687915900000064,37.930345100000068],[23.687908900000025,37.930348000000038],[23.687902100000031,37.93033760000003],[23.687909200000036,37.93033470000006],[23.687876500000073,37.930284800000038],[23.687869400000068,37.930287700000065],[23.68786300000005,37.930277800000056],[23.687747700000045,37.930324700000028],[23.687744100000032,37.930319100000077],[23.687692600000048,37.93034010000008],[23.687730900000076,37.93039820000007],[23.687682000000052,37.930418200000076],[23.687629100000038,37.93033790000004],[23.687881800000071,37.930234200000029],[23.687959100000057,37.930351500000029],[23.688017700000046,37.930440400000066],[23.687764500000071,37.930543300000068],[23.687700800000073,37.930446600000039]]]},"properties":{"fid":17,"leisure":"garden","name":null,"shapearea_m":321.94630125527607}},{"type":"Feature","id":18,"geometry":{"type":"Polygon","coordinates":[[[23.688334500000053,37.930269200000055],[23.688288500000056,37.930198800000028],[23.688256900000056,37.930211700000029],[23.688227700000027,37.930167400000073],[23.688170300000024,37.930191000000036],[23.688133700000037,37.93013540000004],[23.688216900000043,37.930101300000047],[23.688392300000032,37.930029300000058],[23.688527800000031,37.930232900000078],[23.688426900000024,37.930273900000032],[23.688421000000062,37.930270900000039],[23.688402000000053,37.930241800000033],[23.688363400000071,37.930257500000039],[23.688382100000069,37.930286900000056],[23.688381800000059,37.930292300000076],[23.688356300000066,37.930302600000061],[23.688334500000053,37.930269200000055]]]},"properties":{"fid":18,"leisure":"garden","name":null,"shapearea_m":492.55829359010073}},{"type":"Feature","id":19,"geometry":{"type":"Polygon","coordinates":[[[23.687959100000057,37.930351500000029],[23.687881800000071,37.930234200000029],[23.687828600000046,37.930153400000052],[23.687911400000075,37.930123500000036],[23.687897400000054,37.93010170000008],[23.688065900000026,37.930032600000061],[23.688133700000037,37.93013540000004],[23.688170300000024,37.930191000000036],[23.688227700000027,37.930167400000073],[23.688256900000056,37.930211700000029],[23.688325200000065,37.930315300000075],[23.688080600000035,37.930414800000051],[23.688054600000044,37.930376500000079],[23.687990600000035,37.930278600000065],[23.687959600000056,37.930291300000079],[23.687990800000023,37.930338600000027],[23.687959100000057,37.930351500000029]]]},"properties":{"fid":19,"leisure":"garden","name":null,"shapearea_m":944.06306046229292}},{"type":"Feature","id":20,"geometry":{"type":"Polygon","coordinates":[[[23.687617100000068,37.930319700000041],[23.687667700000077,37.930302300000051],[23.687661000000048,37.930292200000054],[23.68761040000004,37.930309600000044],[23.687569200000041,37.930247100000031],[23.687828600000046,37.930153400000052],[23.687881800000071,37.930234200000029],[23.687629100000038,37.93033790000004],[23.687617100000068,37.930319700000041]]]},"properties":{"fid":20,"leisure":"garden","name":null,"shapearea_m":262.72952764500718}},{"type":"Feature","id":21,"geometry":{"type":"Polygon","coordinates":[[[23.688618700000063,37.93145190000007],[23.688632600000062,37.931473100000062],[23.68863760000005,37.931471000000045],[23.688674300000059,37.931526900000051],[23.688669300000072,37.931529000000069],[23.688679100000058,37.931543900000065],[23.688699700000029,37.93153540000003],[23.688725600000055,37.931574900000044],[23.688904200000025,37.931501900000058],[23.688873800000067,37.931455600000049],[23.688878900000077,37.931453500000032],[23.688856800000053,37.931419900000037],[23.688851800000066,37.931422000000055],[23.688831900000025,37.931391700000063],[23.688837000000035,37.931389600000045],[23.68882300000007,37.931368400000053],[23.688844500000073,37.931359600000064],[23.688957300000027,37.93153140000004],[23.688831400000026,37.931579600000077],[23.688721400000077,37.931621600000028],[23.688665100000037,37.931535900000029],[23.688611800000047,37.931454700000074],[23.688618700000063,37.93145190000007]]]},"properties":{"fid":21,"leisure":"garden","name":null,"shapearea_m":173.79719326376937}},{"type":"Feature","id":22,"geometry":{"type":"Polygon","coordinates":[[[23.689600000000041,37.931844100000035],[23.689185000000066,37.931984000000057],[23.689088100000049,37.931820600000037],[23.68948940000007,37.931677900000068],[23.689525900000035,37.931732700000055],[23.68947380000003,37.931754200000057],[23.689451100000042,37.931720100000064],[23.689185700000053,37.931813000000034],[23.689267600000051,37.93193610000003],[23.68953300000004,37.93184320000006],[23.689488400000073,37.931776100000036],[23.689540400000055,37.931754600000033],[23.689600000000041,37.931844100000035]]]},"properties":{"fid":22,"leisure":"garden","name":null,"shapearea_m":392.15184871417046}},{"type":"Feature","id":23,"geometry":{"type":"Polygon","coordinates":[[[23.68809310000006,37.92899820000008],[23.688133600000072,37.92898340000005],[23.688337200000035,37.928909100000055],[23.688377500000058,37.928894400000047],[23.688410200000078,37.928944100000024],[23.688414900000055,37.928951300000051],[23.688351700000055,37.92897430000005],[23.687964700000066,37.929115600000046],[23.68792650000006,37.929059000000052],[23.68809310000006,37.92899820000008]]]},"properties":{"fid":23,"leisure":"garden","name":null,"shapearea_m":310.08791247864224}},{"type":"Feature","id":24,"geometry":{"type":"Polygon","coordinates":[[[23.688773600000047,37.928611500000045],[23.688848900000039,37.928722400000026],[23.688682200000073,37.928783200000055],[23.688559200000043,37.928828100000032],[23.688377500000058,37.928894400000047],[23.688310700000045,37.928792700000031],[23.688260700000058,37.92871660000003],[23.688225200000034,37.928662600000052],[23.68826880000006,37.928644800000029],[23.688348000000076,37.928755800000033],[23.688378300000068,37.928743700000041],[23.688413000000025,37.928796500000033],[23.688424300000065,37.928791900000078],[23.688430900000071,37.928801900000053],[23.68851920000003,37.928765800000065],[23.688497200000029,37.928732300000036],[23.688619100000039,37.928682400000071],[23.688637100000051,37.928709600000047],[23.68865530000005,37.928703400000074],[23.688662400000055,37.928716400000042],[23.688712800000076,37.92869920000004],[23.688705800000037,37.928686300000038],[23.688743300000056,37.928673600000025],[23.688733700000057,37.928657700000031],[23.688745100000062,37.928653500000053],[23.688728300000037,37.928625800000077],[23.688773600000047,37.928611500000045]]]},"properties":{"fid":24,"leisure":"garden","name":null,"shapearea_m":563.12046659506689}},{"type":"Feature","id":25,"geometry":{"type":"Polygon","coordinates":[[[23.164854700000035,37.261126700000034],[23.164847000000066,37.261119600000029],[23.164769500000034,37.261048300000027],[23.164777700000059,37.260995200000025],[23.164807100000075,37.260997700000075],[23.164801800000077,37.261032300000068],[23.16481310000006,37.261040800000046],[23.164796800000033,37.261053600000025],[23.164867300000026,37.26111910000003],[23.164854700000035,37.261126700000034]]]},"properties":{"fid":25,"leisure":"garden","name":null,"shapearea_m":32.262710515312946}},{"type":"Feature","id":26,"geometry":{"type":"MultiPolygon","coordinates":[[[[23.72991920000004,37.976448100000027],[23.729921400000023,37.976516200000049],[23.729849700000045,37.976517800000067],[23.729848900000036,37.976499500000045],[23.729774200000065,37.976467700000057],[23.729773500000078,37.97644930000007],[23.72991920000004,37.976448100000027]]],[[[23.729930300000035,37.976516000000061],[23.72992830000004,37.976448100000027],[23.730012300000055,37.97644740000004],[23.730013900000074,37.976447500000063],[23.730015500000036,37.976447800000074],[23.730016700000078,37.97644820000005],[23.73001830000004,37.976448900000037],[23.730019500000026,37.976449800000069],[23.730020400000058,37.976450800000066],[23.730021200000067,37.976451900000029],[23.730021600000043,37.976453100000072],[23.730037500000037,37.976505300000042],[23.730037700000025,37.976506500000028],[23.73003760000006,37.976507600000048],[23.730037300000049,37.976508800000033],[23.73003680000005,37.976509900000053],[23.730036100000063,37.976510900000051],[23.730035100000066,37.976511800000026],[23.730034000000046,37.976512600000035],[23.730032700000038,37.976513200000056],[23.73003140000003,37.976513700000055],[23.730029900000034,37.976513900000043],[23.729930300000035,37.976516000000061]]]]},"properties":{"fid":26,"leisure":"garden","name":null,"shapearea_m":138.75252271614613}},{"type":"Feature","id":27,"geometry":{"type":"Polygon","coordinates":[[[24.010706600000049,37.838141800000074],[24.010650800000064,37.837748900000065],[24.011141300000077,37.837705500000027],[24.011197100000061,37.838098400000035],[24.010706600000049,37.838141800000074]],[[24.010802700000056,37.837996800000042],[24.011131300000045,37.837967700000036],[24.011108000000036,37.837802600000032],[24.010779400000047,37.837831700000038],[24.010802700000056,37.837996800000042]]]},"properties":{"fid":27,"leisure":"garden","name":null,"shapearea_m":1369.8783115493532}},{"type":"Feature","id":28,"geometry":{"type":"Polygon","coordinates":[[[23.631899500000031,37.92815070000006],[23.631921200000079,37.928060100000039],[23.632134700000051,37.928092100000072],[23.632112900000038,37.928182600000071],[23.632065100000034,37.928175200000055],[23.631917700000031,37.928153700000053],[23.631899500000031,37.92815070000006]],[[23.632000500000061,37.928101300000037],[23.631992700000069,37.928114300000061],[23.63199510000004,37.928128500000071],[23.632007100000067,37.928139300000055],[23.632012000000032,37.928140400000075],[23.632024700000045,37.928143200000079],[23.632045500000061,37.928136500000051],[23.632055000000037,37.928125900000055],[23.632055600000058,37.928120700000079],[23.632049800000061,37.928103600000043],[23.63203500000003,37.928094700000031],[23.632025300000066,37.928094300000055],[23.632016500000077,37.928093800000056],[23.632000500000061,37.928101300000037]]]},"properties":{"fid":28,"leisure":"garden","name":null,"shapearea_m":172.44569796602011}},{"type":"Feature","id":29,"geometry":{"type":"Polygon","coordinates":[[[23.647709500000076,37.942991000000063],[23.647680200000025,37.942954800000052],[23.647792200000026,37.94289150000003],[23.647776600000043,37.942875100000037],[23.647783700000048,37.942860300000063],[23.647783200000049,37.942843400000072],[23.647781000000066,37.942825500000026],[23.647886800000038,37.942770800000062],[23.647958800000026,37.942857600000025],[23.647808300000065,37.942938200000071],[23.647709500000076,37.942991000000063]],[[23.647700100000066,37.942946500000062],[23.64772830000004,37.942977800000051],[23.647804300000075,37.942936400000065],[23.647775900000056,37.942903400000034],[23.647700100000066,37.942946500000062]]]},"properties":{"fid":29,"leisure":"garden","name":null,"shapearea_m":182.71686639216338}},{"type":"Feature","id":30,"geometry":{"type":"Polygon","coordinates":[[[23.647660400000063,37.943014500000061],[23.647406900000078,37.943154700000036],[23.647331100000031,37.94306320000004],[23.647437100000047,37.943012400000043],[23.647457900000063,37.943019800000059],[23.647478000000035,37.943025700000078],[23.647498100000064,37.943025100000057],[23.647511500000064,37.943042000000048],[23.647628200000042,37.942980200000079],[23.647660400000063,37.943014500000061]],[[23.647366900000065,37.943064000000049],[23.647374600000035,37.943088600000067],[23.647485200000062,37.943070600000055],[23.647450700000036,37.943028300000037],[23.647366900000065,37.943064000000049]]]},"properties":{"fid":30,"leisure":"garden","name":null,"shapearea_m":184.56947921354799}},{"type":"Feature","id":31,"geometry":{"type":"Polygon","coordinates":[[[23.737621800000056,37.971787100000029],[23.737109900000064,37.97197170000004],[23.736961200000053,37.972026800000037],[23.736591100000055,37.97211580000004],[23.736400600000024,37.972157300000049],[23.736128000000065,37.97219860000007],[23.735875100000044,37.972229500000026],[23.735491700000068,37.972244600000067],[23.735187000000053,37.972227100000055],[23.735014400000068,37.972197900000026],[23.734860200000071,37.972160100000053],[23.73465230000005,37.972087000000045],[23.734448100000066,37.971974800000055],[23.734252100000049,37.971876500000064],[23.734143000000074,37.971951500000046],[23.733930800000053,37.97169880000007],[23.734027800000035,37.971645100000046],[23.733826100000044,37.971420100000046],[23.733743300000071,37.971466000000078],[23.733552100000054,37.971249700000044],[23.73348290000007,37.97117030000004],[23.733431600000074,37.971086500000069],[23.733444700000064,37.971000700000047],[23.733512900000051,37.970840300000077],[23.733538800000076,37.970781500000044],[23.73359970000007,37.970721300000037],[23.734437600000035,37.970348800000068],[23.735582200000067,37.97152200000005],[23.737071700000058,37.970920600000056],[23.737621800000056,37.971787100000029]]]},"properties":{"fid":31,"leisure":"garden","name":"Κήπος Ζαππείου","shapearea_m":40130.562312751586}},{"type":"Feature","id":32,"geometry":{"type":"Polygon","coordinates":[[[23.702808400000038,37.966857800000071],[23.702799000000027,37.966848600000048],[23.70345750000007,37.966442400000062],[23.703494400000068,37.966429300000073],[23.703528100000028,37.966430800000069],[23.703552400000035,37.966443900000058],[23.703614200000061,37.966533100000049],[23.702808400000038,37.966857800000071]]]},"properties":{"fid":32,"leisure":"garden","name":null,"shapearea_m":701.8537490445101}},{"type":"Feature","id":33,"geometry":{"type":"Polygon","coordinates":[[[23.757065100000034,37.997709300000054],[23.757154700000058,37.997679900000037],[23.757178800000077,37.997685600000068],[23.757213100000058,37.997708900000077],[23.757225700000049,37.997735300000045],[23.757215100000053,37.997786100000042],[23.757180900000037,37.997793400000035],[23.757116600000074,37.997773400000028],[23.757088400000043,37.99776490000005],[23.75710040000007,37.99774160000004],[23.757060100000047,37.997720400000048],[23.757065100000034,37.997709300000054]]]},"properties":{"fid":33,"leisure":"garden","name":null,"shapearea_m":119.69325700789767}},{"type":"Feature","id":34,"geometry":{"type":"Polygon","coordinates":[[[23.753882600000054,37.993423500000063],[23.753819400000054,37.993377200000054],[23.753790200000026,37.993340900000078],[23.753871500000059,37.993285900000046],[23.753965600000072,37.993334000000061],[23.753944400000023,37.993362000000047],[23.753923900000075,37.993392300000039],[23.753882600000054,37.993423500000063]]]},"properties":{"fid":34,"leisure":"garden","name":null,"shapearea_m":127.68658475310072}},{"type":"Feature","id":35,"geometry":{"type":"Polygon","coordinates":[[[23.751015000000052,38.000099600000055],[23.750998700000025,38.000088400000038],[23.751081400000032,37.999872800000048],[23.75139930000006,37.999955300000067],[23.751015000000052,38.000099600000055]]]},"properties":{"fid":35,"leisure":"garden","name":null,"shapearea_m":399.80187015771656}},{"type":"Feature","id":36,"geometry":{"type":"Polygon","coordinates":[[[23.752071200000046,37.99909260000004],[23.751982600000076,37.99909880000007],[23.751899300000048,37.999056200000041],[23.751859800000034,37.998992200000032],[23.751845200000048,37.998929900000064],[23.751870200000042,37.998875700000042],[23.751915900000029,37.998846300000025],[23.752071200000046,37.99909260000004]]]},"properties":{"fid":36,"leisure":"garden","name":null,"shapearea_m":281.25264090146118}},{"type":"Feature","id":37,"geometry":{"type":"Polygon","coordinates":[[[23.750357800000074,37.999988600000052],[23.750833100000023,38.000192100000049],[23.75065660000007,38.000235800000041],[23.750533000000075,38.000233200000025],[23.750442000000078,38.000207600000067],[23.750376900000049,38.000151200000062],[23.750344100000063,38.000055600000053],[23.750357800000074,37.999988600000052]]]},"properties":{"fid":37,"leisure":"garden","name":null,"shapearea_m":571.56012477158788}},{"type":"Feature","id":38,"geometry":{"type":"Polygon","coordinates":[[[23.749470900000063,37.99948610000007],[23.749237300000061,37.999303800000064],[23.749263600000063,37.999277500000062],[23.749680500000068,37.999279100000024],[23.749681700000053,37.999340500000073],[23.749470900000063,37.99948610000007]]]},"properties":{"fid":38,"leisure":"garden","name":null,"shapearea_m":539.56667914509353}},{"type":"Feature","id":39,"geometry":{"type":"Polygon","coordinates":[[[23.754457500000058,37.993071900000075],[23.754512300000044,37.993127900000047],[23.754299400000036,37.993196800000078],[23.754457500000058,37.993071900000075]]]},"properties":{"fid":39,"leisure":"garden","name":null,"shapearea_m":76.528267577971633}},{"type":"Feature","id":40,"geometry":{"type":"Polygon","coordinates":[[[23.748311800000067,37.996125300000074],[23.748250700000028,37.996051700000066],[23.748420400000043,37.995985400000052],[23.748448400000029,37.995988900000043],[23.748451100000068,37.996004500000026],[23.748311800000067,37.996125300000074]]]},"properties":{"fid":40,"leisure":"garden","name":null,"shapearea_m":113.76522789729202}},{"type":"Feature","id":41,"geometry":{"type":"Polygon","coordinates":[[[23.731403100000023,37.991602300000068],[23.731353700000057,37.991385300000047],[23.731744900000024,37.991549500000076],[23.731403100000023,37.991602300000068]]]},"properties":{"fid":41,"leisure":"garden","name":null,"shapearea_m":374.30503298200637}},{"type":"Feature","id":42,"geometry":{"type":"Polygon","coordinates":[[[23.748994900000071,38.001199600000064],[23.749101300000063,38.001118200000064],[23.74928570000003,38.001265100000069],[23.748994900000071,38.001199600000064]]]},"properties":{"fid":42,"leisure":"garden","name":null,"shapearea_m":149.35528359015711}},{"type":"Feature","id":43,"geometry":{"type":"Polygon","coordinates":[[[23.687933700000031,37.963515900000061],[23.687654800000075,37.963049000000069],[23.687599100000057,37.962955900000054],[23.687562200000059,37.962891200000058],[23.687494100000038,37.962753500000076],[23.688007500000026,37.962598300000025],[23.688136300000053,37.96283040000003],[23.688402800000063,37.962741200000039],[23.688678400000072,37.963239100000067],[23.688615300000038,37.963257800000065],[23.688516900000025,37.963319500000068],[23.687933700000031,37.963515900000061]]]},"properties":{"fid":43,"leisure":"garden","name":null,"shapearea_m":5995.339903843289}},{"type":"Feature","id":44,"geometry":{"type":"Polygon","coordinates":[[[23.650101900000038,37.940924600000073],[23.650072700000067,37.940889600000048],[23.650044200000025,37.940855900000031],[23.650140500000077,37.940803600000038],[23.650199600000064,37.940872600000034],[23.650101900000038,37.940924600000073]]]},"properties":{"fid":44,"leisure":"garden","name":null,"shapearea_m":94.809740574382062}},{"type":"Feature","id":45,"geometry":{"type":"Polygon","coordinates":[[[23.650417200000049,37.940951600000062],[23.650367700000061,37.940893900000049],[23.650336200000027,37.940910700000074],[23.650265300000058,37.940827900000045],[23.650293600000055,37.94081280000006],[23.650240200000042,37.94075040000007],[23.650299200000063,37.940718200000049],[23.650470900000073,37.940923700000042],[23.650445400000024,37.940937200000064],[23.650417200000049,37.940951600000062]]]},"properties":{"fid":45,"leisure":"garden","name":null,"shapearea_m":198.36809764519467}},{"type":"Feature","id":46,"geometry":{"type":"Polygon","coordinates":[[[23.650945000000036,37.941846000000055],[23.651050300000065,37.94179070000007],[23.651069000000064,37.941812700000071],[23.651054100000067,37.941820500000063],[23.65106540000005,37.941833900000063],[23.651019000000076,37.94185820000007],[23.651047000000062,37.941891400000031],[23.651089500000069,37.941869000000054],[23.651124200000027,37.94191010000003],[23.651037600000052,37.941955600000028],[23.650945000000036,37.941846000000055]]]},"properties":{"fid":46,"leisure":"garden","name":null,"shapearea_m":120.40980674291042}},{"type":"Feature","id":47,"geometry":{"type":"Polygon","coordinates":[[[23.651225600000032,37.942173800000035],[23.651100600000063,37.942030800000055],[23.651089200000058,37.942017900000053],[23.65108900000007,37.942008100000066],[23.651094000000057,37.941999100000032],[23.651101500000038,37.941992600000049],[23.651139200000046,37.941973200000064],[23.651158300000077,37.941996600000039],[23.651109600000041,37.94202400000006],[23.651110300000028,37.942025000000058],[23.651159300000074,37.941997600000036],[23.651182900000038,37.941984400000024],[23.651207700000043,37.942011100000059],[23.651152800000034,37.942040600000041],[23.651171100000056,37.942062100000044],[23.651211000000046,37.942040200000065],[23.65122290000005,37.942054800000051],[23.651182600000027,37.942076000000043],[23.651203500000065,37.942100800000048],[23.651243900000054,37.942078800000047],[23.651255800000058,37.942093200000045],[23.651215100000059,37.942114400000037],[23.651231700000039,37.942134000000067],[23.651283100000057,37.942105400000059],[23.651306700000077,37.942129300000033],[23.651225600000032,37.942173800000035]]]},"properties":{"fid":47,"leisure":"garden","name":null,"shapearea_m":134.19824169777942}},{"type":"Feature","id":48,"geometry":{"type":"Polygon","coordinates":[[[23.645370300000025,37.94939080000006],[23.644919700000059,37.94939080000006],[23.644917600000042,37.949315400000046],[23.644921700000054,37.949298100000078],[23.644932200000028,37.949285700000075],[23.644945900000039,37.949279000000047],[23.644963700000062,37.949274100000025],[23.644983600000046,37.949275700000044],[23.645018200000038,37.949282400000072],[23.645141800000033,37.94931710000003],[23.64534100000003,37.949374900000066],[23.645355800000061,37.949381300000027],[23.645366200000069,37.94938650000006],[23.645370300000025,37.94939080000006]]]},"properties":{"fid":48,"leisure":"garden","name":null,"shapearea_m":306.74624386006838}},{"type":"Feature","id":49,"geometry":{"type":"Polygon","coordinates":[[[23.704808400000047,37.982511600000066],[23.705720900000074,37.982183000000077],[23.705778600000031,37.982280700000047],[23.706127200000026,37.982866600000079],[23.705502100000047,37.98314970000007],[23.705450400000075,37.983158300000071],[23.70541060000005,37.983162500000049],[23.705374300000074,37.983161000000052],[23.705300700000066,37.983140500000047],[23.705251300000043,37.983125700000073],[23.705199100000073,37.983107400000051],[23.705145400000049,37.983071900000027],[23.705096000000026,37.983018100000038],[23.705064100000072,37.98296780000004],[23.705049600000052,37.98292200000003],[23.705027800000039,37.982874000000038],[23.705006000000026,37.982827100000065],[23.704954200000032,37.982748300000026],[23.704927500000053,37.982727300000079],[23.704901800000073,37.982712700000036],[23.704886500000043,37.98269490000007],[23.70487410000004,37.982670600000063],[23.704864900000075,37.982646400000078],[23.704860800000063,37.98261640000004],[23.704858700000045,37.982597000000055],[23.704850500000077,37.98256710000004],[23.704839200000038,37.982542800000033],[23.704824900000062,37.982528200000047],[23.704808400000047,37.982511600000066]]]},"properties":{"fid":49,"leisure":"garden","name":"Βοτανικός Κήπος","shapearea_m":7566.8131325280374}},{"type":"Feature","id":50,"geometry":{"type":"Polygon","coordinates":[[[23.708118100000036,37.982115200000067],[23.707611500000041,37.981227600000068],[23.708402000000035,37.980926700000055],[23.70885480000004,37.981847600000037],[23.708118100000036,37.982115200000067]]]},"properties":{"fid":50,"leisure":"garden","name":"Βοτανικός Κήπος","shapearea_m":8062.9375686265967}},{"type":"Feature","id":51,"geometry":{"type":"Polygon","coordinates":[[[23.705466700000045,37.981838500000038],[23.705502600000045,37.981897200000049],[23.705314200000032,37.981968700000039],[23.705278400000054,37.981909900000062],[23.705466700000045,37.981838500000038]]]},"properties":{"fid":51,"leisure":"garden","name":null,"shapearea_m":132.88356822876361}},{"type":"Feature","id":52,"geometry":{"type":"Polygon","coordinates":[[[23.804912100000024,38.009667300000046],[23.805035100000055,38.009640800000057],[23.80506360000004,38.009718900000053],[23.805092100000024,38.00980990000005],[23.80510860000004,38.009857400000044],[23.805158500000061,38.009839600000078],[23.805201700000055,38.009832000000074],[23.80522140000005,38.009835900000041],[23.805250300000068,38.009928200000047],[23.80526210000005,38.009975300000065],[23.805286000000024,38.010051600000054],[23.805191500000035,38.010126100000036],[23.805196000000024,38.010141100000055],[23.805224000000067,38.01023020000008],[23.805245600000035,38.010273900000072],[23.805261400000063,38.010281900000052],[23.805287500000077,38.01028000000008],[23.805587800000069,38.010228600000062],[23.805625600000042,38.01039970000005],[23.805683000000045,38.010675400000025],[23.80569040000006,38.010733400000049],[23.805684100000065,38.010791700000027],[23.805669200000068,38.010827100000029],[23.805632500000058,38.010870100000034],[23.805572300000051,38.010903700000028],[23.805458400000077,38.010986800000069],[23.805399800000032,38.011017700000025],[23.805318700000043,38.011048000000073],[23.805266300000028,38.011060100000066],[23.805189700000028,38.011062200000026],[23.805074800000057,38.011074000000065],[23.805054700000028,38.011024700000064],[23.805348000000038,38.010970900000075],[23.805320900000027,38.010879000000045],[23.805203100000028,38.01048000000003],[23.805152700000065,38.010444600000028],[23.804962100000068,38.009828900000059],[23.804912100000024,38.009667300000046]]]},"properties":{"fid":52,"leisure":"garden","name":null,"shapearea_m":4142.3420002701951}},{"type":"Feature","id":53,"geometry":{"type":"Polygon","coordinates":[[[23.693634200000076,38.02927040000003],[23.693354700000043,38.02927660000006],[23.693343800000036,38.028974300000073],[23.693623400000035,38.028968100000043],[23.693634200000076,38.02927040000003]]]},"properties":{"fid":53,"leisure":"garden","name":null,"shapearea_m":824.20981002219628}},{"type":"Feature","id":54,"geometry":{"type":"Polygon","coordinates":[[[23.699100300000055,38.027567900000065],[23.699048000000062,38.027345000000025],[23.699033900000074,38.027267900000027],[23.699721400000044,38.027212200000065],[23.699853300000029,38.02746280000008],[23.699841200000037,38.027475400000071],[23.699376000000029,38.027527100000043],[23.699100300000055,38.027567900000065]]]},"properties":{"fid":54,"leisure":"garden","name":null,"shapearea_m":2031.4133761953503}},{"type":"Feature","id":55,"geometry":{"type":"Polygon","coordinates":[[[23.691238200000043,38.026202000000069],[23.691226500000027,38.026036600000054],[23.692527600000062,38.025972100000047],[23.69252890000007,38.026108000000079],[23.692504500000041,38.026134300000024],[23.692468600000041,38.026148100000057],[23.691238200000043,38.026202000000069]]]},"properties":{"fid":55,"leisure":"garden","name":null,"shapearea_m":2135.1875830347908}},{"type":"Feature","id":56,"geometry":{"type":"Polygon","coordinates":[[[23.687689700000078,38.020132300000057],[23.687688200000025,38.020138400000064],[23.68753810000004,38.020174600000075],[23.687528600000064,38.020170600000029],[23.687472300000024,38.020078700000056],[23.687477700000045,38.020072200000072],[23.687597100000062,38.020020300000056],[23.687613800000065,38.020023800000047],[23.687689700000078,38.020132300000057]]]},"properties":{"fid":56,"leisure":"garden","name":null,"shapearea_m":196.18913748763379}},{"type":"Feature","id":57,"geometry":{"type":"Polygon","coordinates":[[[23.687711100000058,38.019890400000065],[23.687674900000047,38.019840700000032],[23.688416500000073,38.019259100000056],[23.688624400000037,38.019520100000079],[23.687711100000058,38.019890400000065]]]},"properties":{"fid":57,"leisure":"garden","name":null,"shapearea_m":1819.0352531629417}},{"type":"Feature","id":58,"geometry":{"type":"Polygon","coordinates":[[[23.69544540000004,38.017943400000036],[23.695473500000048,38.017952300000047],[23.695524600000056,38.01799550000004],[23.695663800000034,38.018102800000065],[23.695761900000036,38.018169500000056],[23.695874500000059,38.018235000000061],[23.695898700000043,38.018258200000048],[23.695906700000023,38.018283600000075],[23.695896000000062,38.018308900000079],[23.695861100000059,38.018325800000071],[23.695547300000044,38.018380800000045],[23.695504400000061,38.01838500000008],[23.695469500000058,38.018374400000027],[23.695450700000038,38.018351200000041],[23.695430000000044,38.018129500000043],[23.695415900000057,38.017979300000036],[23.695421200000055,38.017956000000027],[23.69544540000004,38.017943400000036]]]},"properties":{"fid":58,"leisure":"garden","name":null,"shapearea_m":1173.8295252546911}},{"type":"Feature","id":59,"geometry":{"type":"Polygon","coordinates":[[[23.707409300000052,38.004485800000054],[23.707421100000033,38.004461000000049],[23.707457600000055,38.004443500000036],[23.707492500000058,38.004443500000036],[23.70752200000004,38.004460400000028],[23.707830400000034,38.004720400000053],[23.707859000000042,38.004745300000025],[23.707865300000037,38.00476690000005],[23.707859900000074,38.004790100000037],[23.707835800000055,38.004809100000045],[23.707806300000072,38.004813400000046],[23.707415300000036,38.004817100000025],[23.707409300000052,38.004485800000054]]]},"properties":{"fid":59,"leisure":"garden","name":null,"shapearea_m":1085.7018723727485}},{"type":"Feature","id":60,"geometry":{"type":"Polygon","coordinates":[[[23.64684630000005,37.938948700000026],[23.646814900000038,37.938965900000028],[23.646703600000023,37.938839900000062],[23.646606500000075,37.938893300000075],[23.646602600000051,37.938888800000029],[23.64655920000007,37.93883900000003],[23.64655010000007,37.938829600000076],[23.646624800000041,37.938787900000079],[23.646677900000043,37.938758300000075],[23.646716000000026,37.93880130000008],[23.646781800000042,37.93887570000004],[23.64684630000005,37.938948700000026]]]},"properties":{"fid":60,"leisure":"garden","name":null,"shapearea_m":176.34481693151071}},{"type":"Feature","id":61,"geometry":{"type":"Polygon","coordinates":[[[23.646912100000065,37.938693400000034],[23.646969200000058,37.93866120000007],[23.646929100000023,37.938616900000056],[23.646950100000026,37.938605100000075],[23.64714680000003,37.938734300000078],[23.647147800000027,37.938782900000035],[23.646892300000047,37.938923300000056],[23.646857400000044,37.938883800000042],[23.647007500000029,37.938801200000057],[23.646983600000056,37.938774200000069],[23.646977700000036,37.93876750000004],[23.647001200000034,37.938754600000038],[23.646965800000032,37.93871450000006],[23.646942300000035,37.938727500000027],[23.646912100000065,37.938693400000034]]]},"properties":{"fid":61,"leisure":"garden","name":null,"shapearea_m":337.26084745380115}},{"type":"Feature","id":62,"geometry":{"type":"Polygon","coordinates":[[[23.646827900000062,37.93885030000007],[23.646781800000042,37.93887570000004],[23.646716000000026,37.93880130000008],[23.646762100000046,37.938775900000053],[23.646827900000062,37.93885030000007]]]},"properties":{"fid":62,"leisure":"garden","name":null,"shapearea_m":49.772451361278037}},{"type":"Feature","id":63,"geometry":{"type":"Polygon","coordinates":[[[23.64621470000003,37.94018120000004],[23.646185100000025,37.940147900000056],[23.646199400000057,37.940140000000042],[23.646164300000066,37.940100600000051],[23.646150000000034,37.940108500000065],[23.646118000000058,37.940072500000042],[23.645943800000055,37.940168800000038],[23.645932200000061,37.940155700000048],[23.646101600000065,37.940062100000034],[23.646207100000026,37.940003800000056],[23.646315400000049,37.940125600000044],[23.64621470000003,37.94018120000004]]]},"properties":{"fid":63,"leisure":"garden","name":null,"shapearea_m":203.34985756582981}},{"type":"Feature","id":64,"geometry":{"type":"Polygon","coordinates":[[[23.646313400000054,37.940418400000055],[23.646257000000048,37.940355100000033],[23.646122900000023,37.94042920000004],[23.646113600000035,37.940418700000066],[23.64632830000005,37.940300000000036],[23.646423600000048,37.940247300000067],[23.646498400000041,37.940335900000036],[23.646371600000066,37.940406600000074],[23.646381700000063,37.940418000000079],[23.646340900000041,37.940440600000045],[23.646300000000053,37.940463200000067],[23.646277700000041,37.940438100000051],[23.646313400000054,37.940418400000055]]]},"properties":{"fid":64,"leisure":"garden","name":null,"shapearea_m":263.13511235601646}},{"type":"Feature","id":65,"geometry":{"type":"Polygon","coordinates":[[[23.64632830000005,37.940300000000036],[23.646113600000035,37.940418700000066],[23.646020100000044,37.940313500000059],[23.646005400000035,37.940296900000078],[23.64621470000003,37.94018120000004],[23.646315400000049,37.940125600000044],[23.64633630000003,37.940149100000042],[23.646303300000056,37.940167400000064],[23.646292000000074,37.940154700000051],[23.646243000000027,37.940181800000062],[23.646254300000066,37.940194500000075],[23.646203700000058,37.940222500000061],[23.646275800000069,37.94030360000005],[23.646313200000066,37.940283000000079],[23.64632830000005,37.940300000000036]]]},"properties":{"fid":65,"leisure":"garden","name":null,"shapearea_m":359.94613066796109}},{"type":"Feature","id":66,"geometry":{"type":"Polygon","coordinates":[[[23.650017000000048,37.946298600000034],[23.650009700000055,37.946298800000079],[23.650002800000038,37.94629720000006],[23.649997000000042,37.946293800000035],[23.649992900000029,37.946289100000058],[23.649991000000057,37.946283600000072],[23.649991600000078,37.946277900000041],[23.649994500000048,37.946272600000043],[23.650153500000044,37.946187000000066],[23.650160100000051,37.946186200000056],[23.650166700000057,37.946187000000066],[23.650172600000076,37.94618950000006],[23.65017720000003,37.946193300000061],[23.650180000000034,37.946198100000061],[23.650180800000044,37.946203300000036],[23.65017940000007,37.946208400000046],[23.650176000000044,37.946213000000057],[23.650017000000048,37.946298600000034]]]},"properties":{"fid":66,"leisure":"garden","name":null,"shapearea_m":65.353884153059298}},{"type":"Feature","id":67,"geometry":{"type":"Polygon","coordinates":[[[23.650404000000037,37.946224000000029],[23.650428600000055,37.946252400000049],[23.650404800000047,37.94626530000005],[23.650389400000051,37.946273500000075],[23.650379100000066,37.946261600000071],[23.650364500000023,37.946244700000079],[23.650404000000037,37.946224000000029]]]},"properties":{"fid":67,"leisure":"garden","name":null,"shapearea_m":16.044908174261316}},{"type":"Feature","id":68,"geometry":{"type":"Polygon","coordinates":[[[23.650302900000042,37.946266200000025],[23.650299300000029,37.946261900000025],[23.650288500000045,37.946249100000045],[23.65021020000006,37.946156500000029],[23.650302500000066,37.946106800000052],[23.650397500000054,37.946216500000048],[23.650334200000032,37.946249700000067],[23.650320400000055,37.946256900000037],[23.650302900000042,37.946266200000025]]]},"properties":{"fid":68,"leisure":"garden","name":null,"shapearea_m":145.45473530591124}},{"type":"Feature","id":69,"geometry":{"type":"Polygon","coordinates":[[[23.642201400000033,37.936978100000033],[23.642290400000036,37.937078800000052],[23.642177900000036,37.937140700000043],[23.642088900000033,37.937039900000059],[23.642201400000033,37.936978100000033]]]},"properties":{"fid":69,"leisure":"garden","name":null,"shapearea_m":164.30367977888375}},{"type":"Feature","id":70,"geometry":{"type":"Polygon","coordinates":[[[23.668991700000049,37.943198700000039],[23.668200300000024,37.94316340000006],[23.668685500000038,37.942993400000034],[23.668723000000057,37.942986800000028],[23.668751100000065,37.942985200000066],[23.66878550000007,37.942985200000066],[23.668818800000054,37.942991800000073],[23.66885110000004,37.943002400000069],[23.669032300000026,37.943096100000048],[23.669053100000042,37.943121500000075],[23.669060400000035,37.943135500000039],[23.669062500000052,37.943154400000026],[23.669055200000059,37.943165900000054],[23.669030200000066,37.943187200000068],[23.669014600000025,37.943194600000027],[23.668991700000049,37.943198700000039]]]},"properties":{"fid":70,"leisure":"garden","name":null,"shapearea_m":1050.0779531356611}},{"type":"Feature","id":71,"geometry":{"type":"Polygon","coordinates":[[[23.644269100000031,37.945556300000078],[23.644046500000059,37.945295600000065],[23.644058600000051,37.945236800000032],[23.644310000000075,37.94553460000003],[23.644269100000031,37.945556300000078]]]},"properties":{"fid":71,"leisure":"garden","name":null,"shapearea_m":165.26437273973414}},{"type":"Feature","id":72,"geometry":{"type":"Polygon","coordinates":[[[23.644262800000035,37.945719800000063],[23.643921700000078,37.945323200000075],[23.643961800000056,37.945301700000073],[23.644302800000048,37.945698500000049],[23.644262800000035,37.945719800000063]]]},"properties":{"fid":72,"leisure":"garden","name":null,"shapearea_m":226.21051246119208}},{"type":"Feature","id":73,"geometry":{"type":"Polygon","coordinates":[[[23.650877700000024,37.936981500000059],[23.650856100000055,37.936871900000028],[23.650955400000043,37.936845800000071],[23.65100620000004,37.936832500000037],[23.651039100000048,37.93681470000007],[23.651064900000051,37.936798300000078],[23.651085600000044,37.936776900000041],[23.651230100000078,37.936833300000046],[23.65114090000003,37.93701580000004],[23.651105600000051,37.93700240000004],[23.651074700000038,37.936993000000029],[23.651040100000046,37.936985700000037],[23.650980300000072,37.93698420000004],[23.650877700000024,37.936981500000059]]]},"properties":{"fid":73,"leisure":"garden","name":null,"shapearea_m":531.30291000491957}},{"type":"Feature","id":74,"geometry":{"type":"Polygon","coordinates":[[[23.657703500000025,37.936197700000037],[23.657917800000064,37.93616970000005],[23.65794070000004,37.93629930000003],[23.657937300000071,37.936327200000051],[23.657927000000029,37.936341900000059],[23.65790620000007,37.936363000000028],[23.657887800000026,37.936378700000034],[23.657861600000047,37.936393400000043],[23.657826900000032,37.936405400000069],[23.657749800000033,37.936421500000051],[23.657744000000037,37.936399100000074],[23.657733400000041,37.936346100000037],[23.657729800000027,37.936328400000036],[23.657718600000067,37.936272100000053],[23.657706200000064,37.936210900000049],[23.657703500000025,37.936197700000037]]]},"properties":{"fid":74,"leisure":"garden","name":null,"shapearea_m":431.58662319326845}},{"type":"Feature","id":75,"geometry":{"type":"Polygon","coordinates":[[[23.657871600000078,37.935987600000033],[23.657917800000064,37.93616970000005],[23.657703500000025,37.936197700000037],[23.657669600000077,37.936029800000028],[23.657871600000078,37.935987600000033]]]},"properties":{"fid":75,"leisure":"garden","name":null,"shapearea_m":369.14356382121736}},{"type":"Feature","id":76,"geometry":{"type":"Polygon","coordinates":[[[23.659981200000061,37.945022100000074],[23.660063600000058,37.945026700000028],[23.660041500000034,37.945273600000064],[23.659959100000037,37.945269000000053],[23.659981200000061,37.945022100000074]]]},"properties":{"fid":76,"leisure":"garden","name":null,"shapearea_m":199.47863006632898}},{"type":"Feature","id":77,"geometry":{"type":"Polygon","coordinates":[[[23.660651800000039,37.942280900000071],[23.660627400000067,37.942249600000025],[23.660715400000072,37.942207600000074],[23.660740500000031,37.942237100000057],[23.660651800000039,37.942280900000071]]]},"properties":{"fid":77,"leisure":"garden","name":null,"shapearea_m":36.564125563216734}},{"type":"Feature","id":78,"geometry":{"type":"Polygon","coordinates":[[[23.752190300000052,38.016373100000067],[23.752238900000066,38.016334700000073],[23.752277800000059,38.016362800000024],[23.752337700000055,38.016407000000072],[23.752364400000033,38.016429100000039],[23.752338200000054,38.016450700000064],[23.752225700000054,38.016543400000046],[23.752098700000033,38.016442500000039],[23.752190300000052,38.016373100000067]]]},"properties":{"fid":78,"leisure":"garden","name":"Ελεύθερο Κηπάκι","shapearea_m":270.09090244667516}},{"type":"Feature","id":79,"geometry":{"type":"Polygon","coordinates":[[[23.651372700000024,37.938296800000046],[23.651301100000069,37.938218100000029],[23.651302500000043,37.938217200000054],[23.651342100000022,37.938192800000024],[23.651353700000072,37.938185700000076],[23.651364400000034,37.93817910000007],[23.651401400000054,37.938214800000026],[23.651439400000072,37.938217800000075],[23.651383600000031,37.938307900000041],[23.651372700000024,37.938296800000046]]]},"properties":{"fid":79,"leisure":"garden","name":null,"shapearea_m":81.177878070116421}},{"type":"Feature","id":80,"geometry":{"type":"Polygon","coordinates":[[[23.652161600000056,37.939600900000073],[23.65210970000004,37.939629900000057],[23.652085800000066,37.939603400000067],[23.652137800000048,37.939574300000061],[23.652161600000056,37.939600900000073]]]},"properties":{"fid":80,"leisure":"garden","name":null,"shapearea_m":20.217592035417034}},{"type":"Feature","id":81,"geometry":{"type":"Polygon","coordinates":[[[23.64771520000005,37.947620100000051],[23.647596100000044,37.947743500000058],[23.647547900000063,37.947804400000052],[23.647466400000042,37.947918800000025],[23.647414900000058,37.947915800000033],[23.647356400000035,37.947912700000074],[23.647356800000068,37.947898800000075],[23.647358900000029,37.94787800000006],[23.647365400000069,37.94784930000003],[23.647372300000029,37.947830400000043],[23.647384200000033,37.947805500000072],[23.647408800000051,37.947769600000072],[23.647434800000042,37.947741000000065],[23.647467600000027,37.947710900000061],[23.647505100000046,37.947683700000027],[23.647549500000025,37.947657400000026],[23.647595100000046,37.947638900000072],[23.647634200000027,37.947628200000054],[23.647674300000062,37.947622800000033],[23.64771520000005,37.947620100000051]]]},"properties":{"fid":81,"leisure":"garden","name":null,"shapearea_m":414.72744542683989}},{"type":"Feature","id":82,"geometry":{"type":"Polygon","coordinates":[[[23.647242800000072,37.947734400000058],[23.647235800000033,37.947727100000066],[23.647234500000025,37.947715600000038],[23.647255700000073,37.94763910000006],[23.647269000000051,37.94758870000004],[23.647274500000037,37.94754910000006],[23.647273700000028,37.947510800000032],[23.647276500000032,37.947461400000066],[23.647279000000026,37.94743660000006],[23.647320000000036,37.947457800000052],[23.647367300000042,37.947485300000039],[23.647424100000023,37.947510200000067],[23.647471600000074,37.947529800000041],[23.64751380000007,37.947545200000036],[23.647471100000075,37.947560800000076],[23.647399800000073,37.947591700000032],[23.647340100000065,37.947633900000028],[23.647297300000048,37.947682300000054],[23.647267800000066,37.947720400000037],[23.647252900000069,37.947731700000077],[23.647242800000072,37.947734400000058]]]},"properties":{"fid":82,"leisure":"garden","name":null,"shapearea_m":296.65746067427892}},{"type":"Feature","id":83,"geometry":{"type":"Polygon","coordinates":[[[23.729335800000058,37.982406600000047],[23.72936530000004,37.982419500000049],[23.729211900000053,37.982565600000044],[23.72911780000004,37.982580600000063],[23.729081200000053,37.982454400000051],[23.729335800000058,37.982406600000047]]]},"properties":{"fid":83,"leisure":"garden","name":null,"shapearea_m":259.73884820649624}},{"type":"Feature","id":84,"geometry":{"type":"Polygon","coordinates":[[[23.706080100000065,37.962376900000038],[23.706184200000052,37.962442900000042],[23.706086000000028,37.96254250000004],[23.70597760000004,37.962474600000064],[23.706080100000065,37.962376900000038]]]},"properties":{"fid":84,"leisure":"garden","name":null,"shapearea_m":167.76873369795575}},{"type":"Feature","id":85,"geometry":{"type":"Polygon","coordinates":[[[23.704500800000062,37.951014600000065],[23.704593400000078,37.950927900000067],[23.704703100000074,37.950997400000062],[23.704682700000035,37.951017400000069],[23.704610500000058,37.951088300000038],[23.704500800000062,37.951014600000065]]]},"properties":{"fid":85,"leisure":"garden","name":null,"shapearea_m":159.70076241941103}},{"type":"Feature","id":86,"geometry":{"type":"Polygon","coordinates":[[[23.697426300000075,37.950959700000055],[23.697322100000065,37.951057300000059],[23.697231500000044,37.950997200000074],[23.697219500000074,37.950989200000038],[23.697327500000029,37.950888900000052],[23.697426300000075,37.950959700000055]]]},"properties":{"fid":86,"leisure":"garden","name":null,"shapearea_m":169.10874514398029}},{"type":"Feature","id":87,"geometry":{"type":"Polygon","coordinates":[[[23.749596200000042,38.006676000000027],[23.749613800000077,38.006680900000049],[23.749628500000028,38.006690000000049],[23.749639800000068,38.006703500000071],[23.749644500000045,38.006719200000077],[23.749642200000039,38.006735200000037],[23.74963310000004,38.006749700000057],[23.749618300000066,38.006760800000052],[23.749599500000045,38.006767400000058],[23.749579100000062,38.006768500000078],[23.749559400000066,38.006764100000055],[23.749542800000029,38.006754700000045],[23.749532000000045,38.006742600000052],[23.749526500000059,38.006728600000031],[23.749526800000069,38.006713800000057],[23.749532900000077,38.006699900000058],[23.749544200000059,38.006688200000042],[23.749559600000055,38.006679800000029],[23.749577500000044,38.006675600000051],[23.749596200000042,38.006676000000027]]]},"properties":{"fid":87,"leisure":"garden","name":null,"shapearea_m":83.492778519170272}},{"type":"Feature","id":88,"geometry":{"type":"Polygon","coordinates":[[[23.785037800000055,38.01108830000004],[23.784547000000032,38.010767100000066],[23.785249700000065,38.010426800000062],[23.785676100000046,38.010296500000038],[23.786529100000052,38.010035900000048],[23.786738300000025,38.010486000000071],[23.785037800000055,38.01108830000004]]]},"properties":{"fid":88,"leisure":"garden","name":null,"shapearea_m":9979.9026679786803}},{"type":"Feature","id":89,"geometry":{"type":"Polygon","coordinates":[[[23.785837100000037,38.011301700000047],[23.786959500000023,38.010972800000047],[23.78704410000006,38.011149600000067],[23.785920300000043,38.01146870000008],[23.785837100000037,38.011301700000047]]]},"properties":{"fid":89,"leisure":"garden","name":null,"shapearea_m":2146.861045800892}},{"type":"Feature","id":90,"geometry":{"type":"Polygon","coordinates":[[[23.784664500000076,38.011845700000038],[23.784471400000029,38.011994200000061],[23.784480400000064,38.012001400000031],[23.784443500000066,38.01202980000005],[23.784524800000042,38.012099500000033],[23.784464700000058,38.012130800000079],[23.784389900000065,38.012182700000039],[23.784349700000064,38.012207800000056],[23.784316800000056,38.012175500000069],[23.784199800000067,38.012249600000075],[23.783973600000024,38.012035000000026],[23.784394700000064,38.011655500000074],[23.784534800000074,38.01175470000004],[23.784654100000068,38.011651200000074],[23.784606200000042,38.011617000000058],[23.784982800000023,38.011335000000031],[23.785306600000069,38.011563200000069],[23.78551120000003,38.011707500000057],[23.784980200000064,38.012108000000069],[23.784897100000023,38.012038500000074],[23.784907600000054,38.012029900000073],[23.784901600000069,38.01202470000004],[23.784957100000042,38.011982000000046],[23.784902400000078,38.011937900000078],[23.784954900000059,38.011897500000032],[23.784924700000033,38.011873100000059],[23.784951400000068,38.011852500000032],[23.784888500000022,38.011801600000069],[23.78485390000003,38.011828200000025],[23.784823700000061,38.011803800000052],[23.784776400000055,38.011840100000029],[23.784733900000049,38.011805800000047],[23.784673100000077,38.011852600000054],[23.784664500000076,38.011845700000038]]]},"properties":{"fid":90,"leisure":"garden","name":null,"shapearea_m":5390.7834165527393}},{"type":"Feature","id":91,"geometry":{"type":"Polygon","coordinates":[[[23.784952000000033,38.011317600000041],[23.784595100000047,38.011609000000078],[23.784514600000023,38.01155140000003],[23.784394700000064,38.011655500000074],[23.783970300000078,38.012037200000066],[23.783605500000078,38.011680000000069],[23.783876400000054,38.011306000000047],[23.783983700000078,38.011308100000065],[23.78416610000005,38.011132700000076],[23.784195600000032,38.01099320000003],[23.78434580000004,38.010870600000032],[23.784952000000033,38.011317600000041]]]},"properties":{"fid":91,"leisure":"garden","name":null,"shapearea_m":6837.420770124605}},{"type":"Feature","id":92,"geometry":{"type":"Polygon","coordinates":[[[23.783254100000079,38.011282700000038],[23.783565300000078,38.011113700000067],[23.783844200000033,38.011291200000073],[23.783586700000058,38.011654700000065],[23.783254100000079,38.011282700000038]]]},"properties":{"fid":92,"leisure":"garden","name":null,"shapearea_m":1555.0468809625663}},{"type":"Feature","id":93,"geometry":{"type":"Polygon","coordinates":[[[23.783340000000067,38.010344400000065],[23.783456000000058,38.010279600000047],[23.783890500000041,38.010562800000059],[23.783222000000023,38.01093620000006],[23.782900100000063,38.010521900000072],[23.783340000000067,38.010344400000065]]]},"properties":{"fid":93,"leisure":"garden","name":null,"shapearea_m":3177.5179290617189}},{"type":"Feature","id":94,"geometry":{"type":"Polygon","coordinates":[[[23.787257200000056,38.014194400000065],[23.78710970000003,38.014036900000065],[23.787900200000024,38.01346360000008],[23.789251500000034,38.014445900000055],[23.788819600000068,38.014827300000036],[23.788572800000054,38.01466140000008],[23.78848430000005,38.014733300000046],[23.788279100000068,38.014575900000068],[23.787964000000045,38.014357100000041],[23.787695800000051,38.014587500000061],[23.787407300000041,38.014316200000053],[23.787257200000056,38.014194400000065]]]},"properties":{"fid":94,"leisure":"garden","name":null,"shapearea_m":13379.733995132536}},{"type":"Feature","id":95,"geometry":{"type":"Polygon","coordinates":[[[23.790288100000055,38.00596100000007],[23.79025850000005,38.005933600000049],[23.790304100000071,38.005904000000044],[23.790257900000029,38.005866400000059],[23.790290700000071,38.005845900000054],[23.790349700000036,38.005898700000046],[23.790410100000031,38.005938900000046],[23.790343000000064,38.005998000000034],[23.790288100000055,38.00596100000007]]]},"properties":{"fid":95,"leisure":"garden","name":null,"shapearea_m":104.82995921707783}},{"type":"Feature","id":96,"geometry":{"type":"Polygon","coordinates":[[[23.789519300000052,38.013345400000048],[23.789581000000055,38.013829300000054],[23.789414700000066,38.013886400000047],[23.789283200000057,38.013408800000036],[23.789519300000052,38.013345400000048]]]},"properties":{"fid":96,"leisure":"garden","name":null,"shapearea_m":999.55840322832034}},{"type":"Feature","id":97,"geometry":{"type":"Polygon","coordinates":[[[23.789884100000052,38.013554600000077],[23.790012800000056,38.01368350000007],[23.789653400000077,38.013801800000067],[23.789626600000076,38.013618000000065],[23.789884100000052,38.013554600000077]]]},"properties":{"fid":97,"leisure":"garden","name":null,"shapearea_m":538.92608595305398}},{"type":"Feature","id":98,"geometry":{"type":"Polygon","coordinates":[[[23.790321300000073,38.013377100000071],[23.790420500000039,38.013544000000024],[23.790208600000028,38.013618000000065],[23.790133500000024,38.013442600000076],[23.790321300000073,38.013377100000071]]]},"properties":{"fid":98,"leisure":"garden","name":null,"shapearea_m":392.65204610256785}},{"type":"Feature","id":99,"geometry":{"type":"Polygon","coordinates":[[[23.632899900000041,37.927000200000066],[23.632936100000052,37.926999600000045],[23.632993100000078,37.92702010000005],[23.633019200000035,37.927052200000048],[23.633034700000053,37.927086600000052],[23.633037000000058,37.927117900000042],[23.633035800000073,37.927132000000029],[23.632976900000074,37.927129300000047],[23.632967500000063,37.927149500000041],[23.632906800000058,37.92715110000006],[23.632899900000041,37.927000200000066]]]},"properties":{"fid":99,"leisure":"garden","name":null,"shapearea_m":156.02625402379107}},{"type":"Feature","id":100,"geometry":{"type":"Polygon","coordinates":[[[23.632736700000066,37.927148300000056],[23.632728000000043,37.927001700000062],[23.632799500000033,37.926999300000034],[23.632808900000043,37.927145900000028],[23.632736700000066,37.927148300000056]]]},"properties":{"fid":100,"leisure":"garden","name":null,"shapearea_m":103.00153820602206}},{"type":"Feature","id":101,"geometry":{"type":"Polygon","coordinates":[[[23.633359000000041,37.927133300000037],[23.633365600000047,37.927101600000071],[23.633458800000028,37.927103800000054],[23.633443500000055,37.927189300000066],[23.633407300000044,37.927185100000031],[23.633359000000041,37.927133300000037]]]},"properties":{"fid":101,"leisure":"garden","name":null,"shapearea_m":62.078472415160924}},{"type":"Feature","id":102,"geometry":{"type":"Polygon","coordinates":[[[23.633319200000074,37.927098000000058],[23.633314700000028,37.927124800000058],[23.63324810000006,37.927158400000053],[23.633221800000058,37.927155300000038],[23.633234600000037,37.927093700000057],[23.633319200000074,37.927098000000058]]]},"properties":{"fid":102,"leisure":"garden","name":null,"shapearea_m":42.493926829918031}},{"type":"Feature","id":103,"geometry":{"type":"Polygon","coordinates":[[[23.633878400000071,37.927072600000031],[23.633878200000026,37.92699760000005],[23.633932700000059,37.926997500000027],[23.633932900000048,37.927072500000065],[23.633878400000071,37.927072600000031]]]},"properties":{"fid":103,"leisure":"garden","name":null,"shapearea_m":39.88857021414281}},{"type":"Feature","id":104,"geometry":{"type":"Polygon","coordinates":[[[23.633942200000035,37.927072400000043],[23.633942400000024,37.926997800000038],[23.633999500000073,37.92699760000005],[23.633999900000049,37.927072500000065],[23.633942200000035,37.927072400000043]]]},"properties":{"fid":104,"leisure":"garden","name":null,"shapearea_m":41.870888242008341}},{"type":"Feature","id":105,"geometry":{"type":"Polygon","coordinates":[[[23.633943700000032,37.927079800000058],[23.633998400000053,37.927079800000058],[23.633998400000053,37.927157900000054],[23.633943300000055,37.927156700000069],[23.633943700000032,37.927079800000058]]]},"properties":{"fid":105,"leisure":"garden","name":null,"shapearea_m":41.521629527329232}},{"type":"Feature","id":106,"geometry":{"type":"Polygon","coordinates":[[[23.633879400000069,37.927079400000025],[23.633930900000053,37.927079700000036],[23.633930100000043,37.927156800000034],[23.63387860000006,37.927156500000081],[23.633879400000069,37.927079400000025]]]},"properties":{"fid":106,"leisure":"garden","name":null,"shapearea_m":38.750378865273845}},{"type":"Feature","id":107,"geometry":{"type":"Polygon","coordinates":[[[23.631977900000038,37.927223500000025],[23.632012800000041,37.927233000000058],[23.631988300000046,37.927343500000063],[23.63172650000007,37.927306900000076],[23.631749500000069,37.927265700000078],[23.631799100000023,37.927242000000035],[23.631817000000069,37.927244700000074],[23.631841100000031,37.92725740000003],[23.63186520000005,37.927263700000026],[23.631893400000024,37.927263700000026],[23.631924200000071,37.92725740000003],[23.631944400000066,37.927248900000052],[23.631963100000064,37.927238300000056],[23.631977900000038,37.927223500000025]]]},"properties":{"fid":107,"leisure":"garden","name":null,"shapearea_m":193.46040480077386}},{"type":"Feature","id":108,"geometry":{"type":"Polygon","coordinates":[[[23.631820400000038,37.927211300000067],[23.631744400000059,37.927239500000042],[23.631715200000031,37.927250000000072],[23.631697000000031,37.927229300000079],[23.631673600000056,37.927211600000078],[23.631808300000046,37.927167900000029],[23.631820400000038,37.927211300000067]]]},"properties":{"fid":108,"leisure":"garden","name":null,"shapearea_m":58.002929181271391}},{"type":"Feature","id":109,"geometry":{"type":"Polygon","coordinates":[[[23.700544600000057,37.947669500000075],[23.700560200000041,37.947834200000045],[23.700535000000059,37.947870100000046],[23.700518200000033,37.947897600000033],[23.70052540000006,37.947929800000054],[23.700587800000051,37.947978100000057],[23.700615400000061,37.947979900000064],[23.700659900000062,37.947959100000048],[23.700694700000042,37.947935500000028],[23.700803900000039,37.947952500000042],[23.700851900000032,37.948036700000046],[23.700887900000055,37.948070800000039],[23.700789500000042,37.948148400000036],[23.700287800000069,37.947805800000026],[23.700495400000023,37.947626900000046],[23.700544600000057,37.947669500000075]]]},"properties":{"fid":109,"leisure":"garden","name":null,"shapearea_m":833.04760394774235}},{"type":"Feature","id":110,"geometry":{"type":"Polygon","coordinates":[[[23.700851900000032,37.947873900000047],[23.700688700000057,37.947889100000054],[23.700625000000059,37.947843600000056],[23.700653900000077,37.947721500000057],[23.700851900000032,37.947873900000047]]]},"properties":{"fid":110,"leisure":"garden","name":null,"shapearea_m":180.35750767857056}},{"type":"Feature","id":111,"geometry":{"type":"Polygon","coordinates":[[[23.700922100000071,37.948041100000069],[23.700911900000051,37.947915600000044],[23.701019900000063,37.947906100000068],[23.701168800000062,37.947767000000056],[23.701212000000055,37.947795400000075],[23.700922100000071,37.948041100000069]]]},"properties":{"fid":111,"leisure":"garden","name":null,"shapearea_m":190.21965471788531}},{"type":"Feature","id":112,"geometry":{"type":"Polygon","coordinates":[[[23.700604100000078,37.947639000000038],[23.700545100000056,37.947594500000037],[23.700707400000056,37.94746020000008],[23.700768400000072,37.947507800000039],[23.700604100000078,37.947639000000038]]]},"properties":{"fid":112,"leisure":"garden","name":null,"shapearea_m":151.07048225851881}},{"type":"Feature","id":113,"geometry":{"type":"Polygon","coordinates":[[[23.781274600000074,38.001672300000052],[23.781338000000062,38.001678900000059],[23.781361600000025,38.001710600000024],[23.781824400000062,38.002332600000045],[23.781927000000053,38.002464500000031],[23.782011600000033,38.00258800000006],[23.782312000000047,38.00297450000005],[23.782471700000031,38.003195900000037],[23.78250440000005,38.003237500000068],[23.78245510000005,38.003240000000062],[23.782412000000079,38.003237400000046],[23.782367100000045,38.003225600000064],[23.782317300000045,38.003196800000069],[23.782280700000058,38.003161500000033],[23.781745900000033,38.00246530000004],[23.78122680000007,38.00175820000004],[23.78121740000006,38.001731300000074],[23.781219800000031,38.001708200000053],[23.78123510000006,38.001689700000043],[23.781274600000074,38.001672300000052]]]},"properties":{"fid":113,"leisure":"garden","name":null,"shapearea_m":2596.1494947860501}},{"type":"Feature","id":114,"geometry":{"type":"Polygon","coordinates":[[[23.69711680000006,37.941977500000064],[23.697038200000065,37.941915700000038],[23.696943700000077,37.941865600000028],[23.696857400000056,37.94183860000004],[23.696749900000043,37.941827100000069],[23.696774400000038,37.941773100000034],[23.696901400000058,37.941679400000055],[23.697196100000042,37.941911800000071],[23.69711680000006,37.941977500000064]]]},"properties":{"fid":114,"leisure":"garden","name":null,"shapearea_m":490.2544815097462}},{"type":"Feature","id":115,"geometry":{"type":"Polygon","coordinates":[[[23.687513700000068,37.94822970000007],[23.687375000000031,37.948213500000065],[23.687376500000028,37.94812150000007],[23.687513700000068,37.94822970000007]]]},"properties":{"fid":115,"leisure":"garden","name":null,"shapearea_m":62.362888540293866}},{"type":"Feature","id":116,"geometry":{"type":"Polygon","coordinates":[[[23.698062200000038,37.959352000000024],[23.697985700000061,37.959308300000032],[23.698091500000032,37.959188900000072],[23.698176200000034,37.959232600000064],[23.698062200000038,37.959352000000024]]]},"properties":{"fid":116,"leisure":"garden","name":null,"shapearea_m":140.71983250821702}},{"type":"Feature","id":117,"geometry":{"type":"Polygon","coordinates":[[[23.639167400000076,37.930148000000031],[23.639197000000024,37.930057600000055],[23.639616100000069,37.930138000000056],[23.639608000000067,37.930210400000078],[23.639338800000075,37.930202500000064],[23.639167400000076,37.930148000000031]]]},"properties":{"fid":117,"leisure":"garden","name":null,"shapearea_m":419.54824000110932}},{"type":"Feature","id":118,"geometry":{"type":"Polygon","coordinates":[[[23.634905500000059,37.929562000000033],[23.634667600000057,37.929551300000071],[23.634666500000037,37.929515700000024],[23.634904600000027,37.929409300000032],[23.634905100000026,37.929489900000078],[23.634905500000059,37.929562000000033]]]},"properties":{"fid":118,"leisure":"garden","name":null,"shapearea_m":219.14661851654026}},{"type":"Feature","id":119,"geometry":{"type":"Polygon","coordinates":[[[23.755753100000049,37.996686300000079],[23.755856900000026,37.996682300000032],[23.755879700000037,37.996713300000067],[23.756152000000043,37.996683300000029],[23.756263500000045,37.996605500000044],[23.756426600000054,37.99655510000008],[23.756447100000059,37.99666140000005],[23.756409100000042,37.996793100000048],[23.756215300000065,37.996888900000044],[23.755754300000035,37.996779100000026],[23.755753100000049,37.996686300000079]]]},"properties":{"fid":119,"leisure":"garden","name":null,"shapearea_m":1169.168401767316}},{"type":"Feature","id":120,"geometry":{"type":"Polygon","coordinates":[[[23.657386900000063,37.938525900000059],[23.657409700000073,37.938565400000073],[23.657353300000068,37.938537600000075],[23.657386900000063,37.938525900000059]]]},"properties":{"fid":120,"leisure":"garden","name":null,"shapearea_m":7.7762309692988918}},{"type":"Feature","id":121,"geometry":{"type":"Polygon","coordinates":[[[23.657616000000075,37.93847240000008],[23.657677800000044,37.938451200000031],[23.657756000000063,37.938596200000063],[23.657679400000063,37.938589400000069],[23.657616000000075,37.93847240000008]]]},"properties":{"fid":121,"leisure":"garden","name":null,"shapearea_m":93.424071206651078}},{"type":"Feature","id":122,"geometry":{"type":"Polygon","coordinates":[[[23.654030600000056,37.941016700000034],[23.65396620000007,37.941051000000073],[23.653954400000032,37.941037200000039],[23.654082800000026,37.940969000000052],[23.654093500000045,37.940982700000063],[23.654098800000043,37.94098960000008],[23.65403740000005,37.941024700000071],[23.654030600000056,37.941016700000034]]]},"properties":{"fid":122,"leisure":"garden","name":null,"shapearea_m":31.356989089960205}},{"type":"Feature","id":123,"geometry":{"type":"Polygon","coordinates":[[[23.654089600000077,37.941142600000035],[23.65405620000007,37.941105900000025],[23.654074500000036,37.941095500000074],[23.654057600000044,37.941076900000041],[23.654074200000025,37.941067700000076],[23.654135200000042,37.941033900000036],[23.654174500000067,37.941082800000061],[23.654181100000073,37.941090900000063],[23.654089600000077,37.941142600000035]]]},"properties":{"fid":123,"leisure":"garden","name":null,"shapearea_m":71.041136267817137}},{"type":"Feature","id":124,"geometry":{"type":"Polygon","coordinates":[[[23.651315600000032,37.940555900000049],[23.651331000000027,37.940552800000034],[23.651346700000033,37.940554700000064],[23.651360100000034,37.940561400000036],[23.651369000000045,37.940571800000043],[23.651372000000038,37.940584100000081],[23.651368500000046,37.940596300000038],[23.651359100000036,37.940606400000036],[23.651111400000048,37.940739000000065],[23.65109590000003,37.940742500000056],[23.65107990000007,37.940740700000049],[23.651066200000059,37.940734000000077],[23.651057200000025,37.940723400000024],[23.651054300000055,37.940710900000056],[23.651058100000057,37.940698600000076],[23.651067900000044,37.940688500000078],[23.651315600000032,37.940555900000049]]]},"properties":{"fid":124,"leisure":"garden","name":null,"shapearea_m":208.34800567224892}},{"type":"Feature","id":125,"geometry":{"type":"Polygon","coordinates":[[[23.651828900000055,37.940281200000072],[23.652097500000025,37.940137400000026],[23.652112900000077,37.940134200000045],[23.652128600000026,37.94013620000004],[23.652142100000049,37.940142900000069],[23.652151100000026,37.940153300000077],[23.652154000000053,37.940165600000057],[23.652150400000039,37.940177900000037],[23.652141000000029,37.940188000000035],[23.651872400000059,37.940331800000024],[23.651856900000041,37.940335000000061],[23.651841200000035,37.940333000000066],[23.651827700000069,37.940326300000038],[23.651818800000058,37.94031590000003],[23.651815800000065,37.94030360000005],[23.651819400000022,37.940291300000069],[23.651828900000055,37.940281200000072]]]},"properties":{"fid":125,"leisure":"garden","name":null,"shapearea_m":223.38054115362863}},{"type":"Feature","id":126,"geometry":{"type":"Polygon","coordinates":[[[23.651480900000024,37.940541200000041],[23.651465600000051,37.940544400000078],[23.651449900000046,37.940542400000027],[23.651436500000045,37.940535700000055],[23.651427600000034,37.940525300000047],[23.651424600000041,37.940513000000067],[23.651428100000032,37.940500800000052],[23.651437500000043,37.940490700000055],[23.651711700000078,37.940343900000073],[23.651727100000073,37.940340800000058],[23.651742700000057,37.940342800000053],[23.651756100000057,37.940349500000025],[23.651765100000034,37.940359800000067],[23.651768000000061,37.940372100000047],[23.65176450000007,37.940384300000062],[23.651755200000025,37.940394500000025],[23.651480900000024,37.940541200000041]]]},"properties":{"fid":126,"leisure":"garden","name":null,"shapearea_m":226.95581387080881}},{"type":"Feature","id":127,"geometry":{"type":"Polygon","coordinates":[[[23.650669500000049,37.940975500000036],[23.650654100000054,37.940978800000039],[23.65063820000006,37.940976900000067],[23.650624700000037,37.940970200000038],[23.65061570000006,37.94095980000003],[23.650612800000033,37.940947400000027],[23.650616400000047,37.940935100000047],[23.650626000000045,37.94092500000005],[23.650927700000068,37.94076350000006],[23.650943100000063,37.940760400000045],[23.650958800000069,37.940762300000074],[23.650972200000069,37.940769000000046],[23.650981100000024,37.940779400000054],[23.650984000000051,37.940791700000034],[23.650980600000025,37.940803900000049],[23.650971200000072,37.940814000000046],[23.650669500000049,37.940975500000036]]]},"properties":{"fid":127,"leisure":"garden","name":null,"shapearea_m":246.93921268073063}},{"type":"Feature","id":128,"geometry":{"type":"Polygon","coordinates":[[[23.650331100000074,37.941082800000061],[23.650486000000058,37.940999900000065],[23.650501500000075,37.940996400000074],[23.650517500000035,37.940998200000024],[23.650531100000023,37.941005000000075],[23.650540200000023,37.941015500000049],[23.65054310000005,37.941028000000074],[23.650539300000048,37.941040400000077],[23.650529500000061,37.941050400000051],[23.650374600000077,37.941133400000069],[23.650359200000025,37.94113660000005],[23.650343400000054,37.941134600000055],[23.650329900000031,37.941127900000026],[23.650321000000076,37.941117500000075],[23.650318000000027,37.941105200000038],[23.650321600000041,37.941092900000058],[23.650331100000074,37.941082800000061]]]},"properties":{"fid":128,"leisure":"garden","name":null,"shapearea_m":141.73809431390569}},{"type":"Feature","id":129,"geometry":{"type":"Polygon","coordinates":[[[23.65358150000003,37.939343200000053],[23.653596900000025,37.939340100000038],[23.653612600000031,37.939342000000067],[23.653626000000031,37.939348700000039],[23.653634900000043,37.939359100000047],[23.653637900000035,37.939371400000027],[23.653634300000078,37.939383600000042],[23.653625000000034,37.939393800000062],[23.653200900000058,37.939620700000035],[23.653185400000041,37.939624000000038],[23.653169600000069,37.939622200000031],[23.653156000000024,37.939615500000059],[23.653147000000047,37.939605000000029],[23.653144100000077,37.939592600000026],[23.653147800000056,37.939580300000046],[23.653157400000055,37.939570200000048],[23.653394100000071,37.939443500000039],[23.65358150000003,37.939343200000053]]]},"properties":{"fid":129,"leisure":"garden","name":null,"shapearea_m":335.33513651178635}},{"type":"Feature","id":130,"geometry":{"type":"Polygon","coordinates":[[[23.652709400000049,37.939883800000075],[23.652694000000054,37.939887000000056],[23.652678200000025,37.939885100000026],[23.652664700000059,37.939878400000055],[23.652655700000025,37.939868000000047],[23.652652800000055,37.939855600000044],[23.652656400000069,37.939843300000064],[23.652665900000045,37.939833200000066],[23.652852300000063,37.93973340000008],[23.65303780000005,37.939634200000057],[23.653053100000022,37.939631100000042],[23.653068800000028,37.939633000000072],[23.653082300000051,37.939639700000043],[23.653091200000063,37.939650100000051],[23.653094100000033,37.939662400000032],[23.653090600000041,37.939674600000046],[23.653081300000053,37.939684800000066],[23.652709400000049,37.939883800000075]]]},"properties":{"fid":130,"leisure":"garden","name":null,"shapearea_m":297.86954588583654}},{"type":"Feature","id":131,"geometry":{"type":"Polygon","coordinates":[[[23.652230000000031,37.940066500000057],[23.652391200000068,37.939980200000036],[23.65255540000004,37.939892300000054],[23.652571000000023,37.939888800000062],[23.65258700000004,37.939890600000069],[23.65260070000005,37.939897300000041],[23.652609700000028,37.939907900000037],[23.652612600000054,37.939920400000062],[23.652608800000053,37.939932800000065],[23.652598900000044,37.939942900000062],[23.652273500000035,37.940117100000066],[23.65225810000004,37.940120200000024],[23.652242500000057,37.940118200000029],[23.652229100000056,37.940111500000057],[23.652220200000045,37.940101100000049],[23.652217200000052,37.940088800000069],[23.652220700000044,37.940076600000054],[23.652230000000031,37.940066500000057]]]},"properties":{"fid":131,"leisure":"garden","name":null,"shapearea_m":264.64670548750479}},{"type":"Feature","id":132,"geometry":{"type":"Polygon","coordinates":[[[23.694717600000047,38.023052900000039],[23.695034400000054,38.023890600000072],[23.694961200000023,38.023761300000047],[23.694662700000038,38.022947500000043],[23.694717600000047,38.023052900000039]]]},"properties":{"fid":132,"leisure":"garden","name":null,"shapearea_m":163.60228647960247}},{"type":"Feature","id":133,"geometry":{"type":"Polygon","coordinates":[[[23.654476600000066,37.939887900000031],[23.65460870000004,37.939826100000062],[23.654611500000044,37.939824800000054],[23.654614600000059,37.939824100000067],[23.65461780000004,37.939824000000044],[23.654621000000077,37.939824600000065],[23.654623800000024,37.939825900000073],[23.65462610000003,37.93982770000008],[23.654627800000071,37.939829900000063],[23.654683800000043,37.939895600000057],[23.654686800000036,37.939899900000057],[23.654688400000055,37.939904700000056],[23.654688500000077,37.939909700000044],[23.654687000000024,37.939914500000043],[23.654637600000058,37.940023800000063],[23.654635300000052,37.940029500000037],[23.654631100000074,37.940034600000047],[23.654625600000031,37.940038700000059],[23.65461890000006,37.940041500000063],[23.654611500000044,37.940042900000037],[23.654603900000041,37.940042900000037],[23.654596500000025,37.940041300000075],[23.654589900000076,37.940038400000049],[23.654584400000033,37.940034200000071],[23.654580400000043,37.940029100000061],[23.654472300000066,37.939902300000028],[23.654470600000025,37.939900600000044],[23.654469600000027,37.939898600000049],[23.654469200000051,37.939896400000066],[23.654469500000062,37.939894200000026],[23.654470500000059,37.939892200000031],[23.654472000000055,37.939890300000059],[23.654474100000073,37.939888900000028],[23.654476600000066,37.939887900000031]]]},"properties":{"fid":133,"leisure":"garden","name":null,"shapearea_m":270.56402743928794}},{"type":"Feature","id":134,"geometry":{"type":"Polygon","coordinates":[[[23.654699200000039,37.939719600000046],[23.654763400000036,37.939689600000065],[23.654797200000075,37.939723700000059],[23.654763800000069,37.939758500000039],[23.654749200000026,37.939777500000048],[23.654735100000039,37.93979580000007],[23.654711300000031,37.939835100000039],[23.654702300000054,37.939825100000064],[23.654636800000048,37.939748800000075],[23.654699200000039,37.939719600000046]]]},"properties":{"fid":134,"leisure":"garden","name":null,"shapearea_m":102.90640365321477}},{"type":"Feature","id":135,"geometry":{"type":"Polygon","coordinates":[[[23.650379600000065,37.933942500000057],[23.650354400000026,37.933930100000055],[23.650311400000078,37.933925100000067],[23.650277800000026,37.933925100000067],[23.650234800000078,37.93392840000007],[23.650214800000072,37.933923400000026],[23.650204300000041,37.93391100000008],[23.650202200000024,37.933891200000062],[23.650218000000052,37.933876300000065],[23.650251500000024,37.933868800000027],[23.650289300000054,37.933872100000031],[23.650320800000031,37.933865500000024],[23.650347000000068,37.933859700000028],[23.650368000000071,37.933866300000034],[23.650374300000067,37.933887000000027],[23.650386900000058,37.933905200000027],[23.650406800000042,37.933917600000029],[23.650419400000033,37.933931700000073],[23.650413100000037,37.933944900000029],[23.650398400000029,37.933949900000073],[23.650379600000065,37.933942500000057]]]},"properties":{"fid":135,"leisure":"garden","name":null,"shapearea_m":110.20865492698066}},{"type":"Feature","id":136,"geometry":{"type":"Polygon","coordinates":[[[23.647700300000054,37.93369430000007],[23.647533600000031,37.93357530000003],[23.647587400000077,37.933528400000057],[23.647754100000043,37.933647400000041],[23.647700300000054,37.93369430000007]]]},"properties":{"fid":136,"leisure":"garden","name":null,"shapearea_m":138.75962228761472}},{"type":"Feature","id":137,"geometry":{"type":"Polygon","coordinates":[[[23.647467900000038,37.933528400000057],[23.647353200000055,37.933446500000059],[23.64730110000005,37.933409400000073],[23.647354900000039,37.933362500000044],[23.647521700000027,37.933481500000028],[23.647467900000038,37.933528400000057]]]},"properties":{"fid":137,"leisure":"garden","name":null,"shapearea_m":138.74900149929258}},{"type":"Feature","id":138,"geometry":{"type":"Polygon","coordinates":[[[23.646974000000057,37.933110200000044],[23.647169600000041,37.933247600000072],[23.647126400000047,37.933284600000036],[23.646932600000071,37.933146400000055],[23.646974000000057,37.933110200000044]]]},"properties":{"fid":138,"leisure":"garden","name":null,"shapearea_m":126.4121623223253}},{"type":"Feature","id":139,"geometry":{"type":"Polygon","coordinates":[[[23.646017900000061,37.932769000000064],[23.645975600000043,37.932749400000034],[23.64593700000006,37.932725400000038],[23.645903000000033,37.932697500000074],[23.645874200000037,37.932666100000063],[23.645851100000073,37.932632000000069],[23.645834100000059,37.932595700000036],[23.645823600000028,37.932557800000041],[23.645819700000061,37.932519200000058],[23.645822600000031,37.932480600000076],[23.645832200000029,37.932442600000059],[23.645848200000046,37.932406000000071],[23.645870500000058,37.932371500000045],[23.645882300000039,37.932365200000049],[23.645897000000048,37.932361300000025],[23.645916100000022,37.93236040000005],[23.645938400000034,37.932361800000081],[23.646078300000056,37.932424000000026],[23.646062700000073,37.932460800000058],[23.646056500000043,37.932494100000042],[23.646056000000044,37.932520200000056],[23.646060700000078,37.93255750000003],[23.646068100000036,37.932581700000071],[23.646085000000028,37.932611300000076],[23.646110400000055,37.932644800000048],[23.646145400000023,37.932669700000076],[23.646017900000061,37.932769000000064]]]},"properties":{"fid":139,"leisure":"garden","name":null,"shapearea_m":810.8653404536625}},{"type":"Feature","id":140,"geometry":{"type":"Polygon","coordinates":[[[23.656465000000026,37.938248600000065],[23.656413200000031,37.938184500000034],[23.65642500000007,37.938168200000064],[23.656450200000052,37.938153600000078],[23.656507100000056,37.93822410000007],[23.656465000000026,37.938248600000065]]]},"properties":{"fid":140,"leisure":"garden","name":null,"shapearea_m":41.823605984743551}},{"type":"Feature","id":141,"geometry":{"type":"Polygon","coordinates":[[[23.648626800000045,37.947394600000052],[23.648614200000054,37.947380200000055],[23.648576400000024,37.947400900000048],[23.648345600000027,37.947138500000051],[23.648629100000051,37.946983400000079],[23.648653400000057,37.947007500000041],[23.648429000000078,37.947148200000072],[23.648489100000063,37.947207800000058],[23.648482300000069,37.947212000000036],[23.64860340000007,37.947332200000062],[23.648610200000064,37.947327900000062],[23.648657800000024,37.947375100000045],[23.648626800000045,37.947394600000052]]]},"properties":{"fid":141,"leisure":"garden","name":null,"shapearea_m":321.21007878674993}},{"type":"Feature","id":142,"geometry":{"type":"Polygon","coordinates":[[[23.648704900000041,37.94694190000007],[23.64894060000006,37.946813000000077],[23.648973300000023,37.946795100000031],[23.648980000000051,37.946802700000035],[23.648949500000072,37.946821800000066],[23.648725700000057,37.946962100000064],[23.648704900000041,37.94694190000007]]]},"properties":{"fid":142,"leisure":"garden","name":null,"shapearea_m":55.937236474316251}},{"type":"Feature","id":143,"geometry":{"type":"Polygon","coordinates":[[[23.704962200000068,37.962821900000051],[23.705032200000062,37.962851500000056],[23.705048500000032,37.962881000000039],[23.705022400000075,37.962905400000068],[23.704998000000046,37.962913100000037],[23.704960600000049,37.962901500000044],[23.704926400000033,37.962882300000047],[23.704929600000071,37.962851500000056],[23.704962200000068,37.962821900000051]]]},"properties":{"fid":143,"leisure":"garden","name":null,"shapearea_m":70.17812503383044}},{"type":"Feature","id":144,"geometry":{"type":"Polygon","coordinates":[[[23.705100600000037,37.962719200000038],[23.70514060000005,37.962733900000046],[23.705135700000028,37.962759600000027],[23.705116200000077,37.962780100000032],[23.705085200000042,37.962780100000032],[23.705055900000048,37.962768500000038],[23.705044400000077,37.962744900000075],[23.705072100000052,37.962714600000027],[23.705100600000037,37.962719200000038]]]},"properties":{"fid":144,"leisure":"garden","name":null,"shapearea_m":44.239725060061396}},{"type":"Feature","id":145,"geometry":{"type":"Polygon","coordinates":[[[23.714631100000076,37.948546900000053],[23.714648300000079,37.948557000000051],[23.714655700000037,37.948567900000057],[23.714659300000051,37.94857920000004],[23.714657900000077,37.948602300000061],[23.714653000000055,37.94861730000008],[23.714638200000024,37.948634300000037],[23.714624100000037,37.948647100000073],[23.714612000000045,37.948653700000079],[23.714596400000062,37.948660200000063],[23.714589000000046,37.948664800000074],[23.71457840000005,37.948671800000056],[23.714567000000045,37.948682200000064],[23.714554400000054,37.948695400000076],[23.714528500000029,37.948719700000026],[23.714507000000026,37.948720000000037],[23.714480800000047,37.948699900000065],[23.714463800000033,37.948692600000072],[23.714439500000026,37.948692100000073],[23.714421100000038,37.948694200000034],[23.714377200000058,37.948690800000065],[23.714323200000024,37.948668800000064],[23.714276700000028,37.948629400000073],[23.714261500000077,37.948597300000074],[23.714293800000064,37.948576600000024],[23.714614400000073,37.948542700000075],[23.714631100000076,37.948546900000053]]]},"properties":{"fid":145,"leisure":"garden","name":null,"shapearea_m":447.25161070039724}},{"type":"Feature","id":146,"geometry":{"type":"Polygon","coordinates":[[[23.692055700000026,37.932890400000076],[23.691192200000046,37.932919200000072],[23.691169900000034,37.932918900000061],[23.691146100000026,37.93291860000005],[23.691125300000067,37.932915600000058],[23.691106300000058,37.932906700000046],[23.691092900000058,37.932893600000057],[23.691083700000036,37.93287250000003],[23.691080000000056,37.932852900000057],[23.691084000000046,37.932832800000028],[23.691094700000065,37.932812600000034],[23.691107700000032,37.932796900000028],[23.691122500000063,37.932784800000036],[23.691139600000042,37.932773600000075],[23.691157100000055,37.932770300000072],[23.691178500000035,37.93277130000007],[23.691204400000061,37.932772500000056],[23.692058700000075,37.932836900000041],[23.692055700000026,37.932890400000076]]]},"properties":{"fid":146,"leisure":"garden","name":null,"shapearea_m":984.527559848142}},{"type":"Feature","id":147,"geometry":{"type":"Polygon","coordinates":[[[23.693526400000053,37.922672500000033],[23.693572900000049,37.922719100000052],[23.693504500000074,37.922762800000044],[23.693457300000034,37.922717000000034],[23.693526400000053,37.922672500000033]]]},"properties":{"fid":147,"leisure":"garden","name":null,"shapearea_m":51.160928908278542}},{"type":"Feature","id":148,"geometry":{"type":"Polygon","coordinates":[[[23.693830400000024,37.92251200000004],[23.693920600000069,37.922470100000055],[23.69396450000005,37.922529000000054],[23.693874400000027,37.922570900000039],[23.693830400000024,37.92251200000004]]]},"properties":{"fid":148,"leisure":"garden","name":null,"shapearea_m":69.791450253531735}},{"type":"Feature","id":149,"geometry":{"type":"Polygon","coordinates":[[[23.693716300000062,37.922647500000039],[23.693669600000078,37.922590000000071],[23.693774900000051,37.922536900000068],[23.693786700000032,37.922530900000027],[23.693833400000074,37.922588400000052],[23.693795600000044,37.922607500000026],[23.693716300000062,37.922647500000039]]]},"properties":{"fid":149,"leisure":"garden","name":null,"shapearea_m":92.633632640671934}},{"type":"Feature","id":150,"geometry":{"type":"Polygon","coordinates":[[[23.639511800000037,37.927522100000033],[23.639553400000068,37.927516300000036],[23.639576200000079,37.927514200000076],[23.639599600000054,37.927517800000032],[23.639614400000028,37.92753010000007],[23.639627100000041,37.927549100000078],[23.639658200000042,37.927548100000024],[23.639658900000029,37.927569000000062],[23.639647400000058,37.927569300000073],[23.639649400000053,37.927605300000039],[23.63965950000005,37.927605300000039],[23.639662100000066,37.927635400000042],[23.639649200000065,37.927635300000077],[23.639625100000046,37.927631100000042],[23.639596300000051,37.927621600000066],[23.639563400000043,37.927609400000051],[23.63953390000006,37.927595100000076],[23.639507800000047,37.927579200000025],[23.639485000000036,37.927562300000034],[23.639462800000047,37.927538500000026],[23.639511800000037,37.927522100000033]]]},"properties":{"fid":150,"leisure":"garden","name":null,"shapearea_m":139.02792646483371}},{"type":"Feature","id":151,"geometry":{"type":"Polygon","coordinates":[[[23.63968280000006,37.927632100000039],[23.639681400000029,37.927604200000076],[23.639693100000045,37.927604400000064],[23.639692300000036,37.927567400000044],[23.639678700000047,37.927567500000066],[23.639678300000071,37.927547900000036],[23.639698500000065,37.927547300000072],[23.639712400000064,37.927521400000046],[23.639726800000062,37.927510400000074],[23.639747700000044,37.927502300000072],[23.639779400000066,37.927496200000064],[23.639875200000063,37.92750360000008],[23.639869900000065,37.927517900000055],[23.639853800000026,37.92754380000008],[23.639826300000038,37.92757290000003],[23.639796100000069,37.927598300000056],[23.639749800000061,37.927616800000067],[23.63971760000004,37.927625300000045],[23.63968280000006,37.927632100000039]]]},"properties":{"fid":151,"leisure":"garden","name":null,"shapearea_m":158.93228176858625}},{"type":"Feature","id":152,"geometry":{"type":"Polygon","coordinates":[[[23.63122020000003,37.927411200000051],[23.631267600000058,37.927362100000039],[23.631294700000069,37.927336700000069],[23.631320900000048,37.927315800000031],[23.63135630000005,37.927291500000024],[23.631509000000051,37.927327200000036],[23.631600700000035,37.927363300000025],[23.631457300000022,37.927414500000054],[23.63141840000003,37.927412000000061],[23.631409700000063,37.927451800000028],[23.631390900000042,37.927567000000067],[23.631377900000075,37.927568700000052],[23.631400700000029,37.927455200000054],[23.631395100000077,37.927453900000046],[23.63122020000003,37.927411200000051]]]},"properties":{"fid":152,"leisure":"garden","name":null,"shapearea_m":322.96915775532335}},{"type":"Feature","id":153,"geometry":{"type":"Polygon","coordinates":[[[23.63332980000007,37.927012800000057],[23.633291600000064,37.926991100000066],[23.633446500000048,37.926993200000027],[23.633394800000076,37.927013900000077],[23.63332980000007,37.927012800000057]]]},"properties":{"fid":153,"leisure":"garden","name":null,"shapearea_m":22.852170174244606}},{"type":"Feature","id":154,"geometry":{"type":"Polygon","coordinates":[[[23.655948300000034,37.936751900000047],[23.655964300000051,37.936752100000035],[23.655963900000074,37.936771900000053],[23.655916300000058,37.936771300000032],[23.655916700000034,37.93675230000008],[23.655931800000076,37.936752500000068],[23.655931700000053,37.936757700000044],[23.655948200000068,37.936757900000032],[23.655948300000034,37.936751900000047]]]},"properties":{"fid":154,"leisure":"garden","name":null,"shapearea_m":8.1114837279485208}},{"type":"Feature","id":155,"geometry":{"type":"Polygon","coordinates":[[[23.655828000000042,37.936744800000042],[23.655839000000071,37.936744700000077],[23.655839200000059,37.936762000000044],[23.655799000000059,37.936762400000077],[23.655798800000071,37.936745600000052],[23.655811500000027,37.936745400000063],[23.65581160000005,37.93675230000008],[23.65582820000003,37.936752200000058],[23.655828000000042,37.936744800000042]]]},"properties":{"fid":155,"leisure":"garden","name":null,"shapearea_m":5.5415435701603641}},{"type":"Feature","id":156,"geometry":{"type":"Polygon","coordinates":[[[23.655335200000025,37.936748900000055],[23.655335200000025,37.936755500000061],[23.655358700000079,37.936755500000061],[23.655358700000079,37.936748900000055],[23.655373000000054,37.936748900000055],[23.655373000000054,37.936764800000049],[23.655318500000078,37.936764800000049],[23.655318500000078,37.936748900000055],[23.655335200000025,37.936748900000055]]]},"properties":{"fid":156,"leisure":"garden","name":null,"shapearea_m":6.9418701140999284}},{"type":"Feature","id":157,"geometry":{"type":"Polygon","coordinates":[[[23.655446400000073,37.936744900000065],[23.655446400000073,37.936751900000047],[23.655469200000027,37.936751800000025],[23.655469200000027,37.936744000000033],[23.655483200000049,37.936744000000033],[23.655483300000071,37.936762300000055],[23.655434500000069,37.936762500000043],[23.655434400000047,37.936744900000065],[23.655446400000073,37.936744900000065]]]},"properties":{"fid":157,"leisure":"garden","name":null,"shapearea_m":6.910110230471771}},{"type":"Feature","id":158,"geometry":{"type":"Polygon","coordinates":[[[23.655676000000028,37.936748500000078],[23.655690400000026,37.936748400000056],[23.655690500000048,37.936755100000028],[23.655711900000028,37.936755000000062],[23.655711900000028,37.936747500000024],[23.655723800000032,37.936747500000024],[23.655723800000032,37.936764000000039],[23.655676000000028,37.936764100000062],[23.655676000000028,37.936748500000078]]]},"properties":{"fid":158,"leisure":"garden","name":null,"shapearea_m":6.0048226082050622}},{"type":"Feature","id":159,"geometry":{"type":"Polygon","coordinates":[[[23.655559200000027,37.936748600000044],[23.655575300000066,37.936748700000066],[23.655575200000044,37.936757000000057],[23.655596500000058,37.936757100000079],[23.655596600000024,37.936748700000066],[23.655612700000063,37.936748800000032],[23.655612400000052,37.936765900000069],[23.655559000000039,37.936765500000035],[23.655559200000027,37.936748600000044]]]},"properties":{"fid":159,"leisure":"garden","name":null,"shapearea_m":7.1313091278353307}},{"type":"Feature","id":160,"geometry":{"type":"Polygon","coordinates":[[[23.656838500000049,37.936793700000067],[23.656838200000038,37.936801100000025],[23.656857500000058,37.936801600000024],[23.656857900000034,37.936792800000035],[23.656871100000046,37.936793200000068],[23.656870400000059,37.936809800000049],[23.656825500000025,37.936808700000029],[23.656826200000069,37.936793400000056],[23.656838500000049,37.936793700000067]]]},"properties":{"fid":160,"leisure":"garden","name":null,"shapearea_m":5.4803126697616262}},{"type":"Feature","id":161,"geometry":{"type":"Polygon","coordinates":[[[23.656660700000032,37.936785100000066],[23.656675100000029,37.936785200000031],[23.656675000000064,37.936794300000031],[23.656697800000074,37.936794500000076],[23.656698000000063,37.936785600000064],[23.656712300000038,37.93678570000003],[23.656712000000027,37.936802800000066],[23.656660500000044,37.936802400000033],[23.656660700000032,37.936785100000066]]]},"properties":{"fid":161,"leisure":"garden","name":null,"shapearea_m":6.6458774335692166}},{"type":"Feature","id":162,"geometry":{"type":"Polygon","coordinates":[[[23.656531500000028,37.936783500000047],[23.656545100000073,37.936783700000035],[23.656544900000029,37.936792700000069],[23.656565900000032,37.936793100000045],[23.656566100000077,37.93678390000008],[23.656576700000073,37.936784100000068],[23.65657630000004,37.93679990000004],[23.656531100000052,37.93679910000003],[23.656531500000028,37.936783500000047]]]},"properties":{"fid":162,"leisure":"garden","name":null,"shapearea_m":5.0675774401739284}},{"type":"Feature","id":163,"geometry":{"type":"Polygon","coordinates":[[[23.656365500000049,37.936773200000061],[23.656378000000075,37.936773500000072],[23.656377600000042,37.936783300000059],[23.656397800000036,37.936783800000057],[23.656398200000069,37.93677370000006],[23.656412300000056,37.936774000000071],[23.656411600000069,37.936791800000037],[23.656364800000063,37.936790600000052],[23.656365500000049,37.936773200000061]]]},"properties":{"fid":163,"leisure":"garden","name":null,"shapearea_m":6.0773663751857763}},{"type":"Feature","id":164,"geometry":{"type":"Polygon","coordinates":[[[23.623337000000049,37.942097200000035],[23.623325600000044,37.942112100000031],[23.623095000000035,37.942015800000036],[23.623090900000022,37.942010900000071],[23.623090900000022,37.942004200000042],[23.623096900000064,37.942000500000063],[23.623105700000053,37.942000000000064],[23.623337000000049,37.942097200000035]]]},"properties":{"fid":164,"leisure":"garden","name":null,"shapearea_m":46.218631706865018}},{"type":"Feature","id":165,"geometry":{"type":"Polygon","coordinates":[[[23.623512700000049,37.942199100000039],[23.62352240000007,37.942184700000041],[23.62374090000003,37.942277200000035],[23.623748100000057,37.942280700000026],[23.623755000000074,37.942285500000025],[23.623756200000059,37.942290400000047],[23.623753200000067,37.94229450000006],[23.623747500000036,37.942295400000035],[23.623740300000065,37.942293500000062],[23.623734600000034,37.942290900000046],[23.623512700000049,37.942199100000039]]]},"properties":{"fid":165,"leisure":"garden","name":null,"shapearea_m":39.790209026155722}},{"type":"Feature","id":166,"geometry":{"type":"Polygon","coordinates":[[[23.624093200000061,37.942432600000075],[23.624081300000057,37.942448300000081],[23.623958800000025,37.942395500000032],[23.623952400000064,37.942389300000059],[23.62395280000004,37.942382700000053],[23.623957800000028,37.942378000000076],[23.623964200000046,37.942376800000034],[23.623972600000059,37.942380300000025],[23.624093200000061,37.942432600000075]]]},"properties":{"fid":166,"leisure":"garden","name":null,"shapearea_m":26.989387571890394}},{"type":"Feature","id":167,"geometry":{"type":"Polygon","coordinates":[[[23.624264700000026,37.942526100000066],[23.624277100000029,37.94250900000003],[23.624382900000057,37.942555000000027],[23.624390800000072,37.942558100000042],[23.624395200000038,37.942564700000048],[23.62439420000004,37.942569800000058],[23.62438910000003,37.942575000000033],[23.624380400000064,37.942574800000045],[23.624370000000056,37.942570200000034],[23.624264700000026,37.942526100000066]]]},"properties":{"fid":167,"leisure":"garden","name":null,"shapearea_m":25.290960119162776}},{"type":"Feature","id":168,"geometry":{"type":"Polygon","coordinates":[[[23.624711600000069,37.942692900000054],[23.624702700000057,37.942706400000077],[23.624600900000075,37.942665900000065],[23.624590300000023,37.942660800000056],[23.624587100000042,37.94265310000003],[23.624592800000073,37.942646700000068],[23.624604200000078,37.942648600000041],[23.624711600000069,37.942692900000054]]]},"properties":{"fid":168,"leisure":"garden","name":null,"shapearea_m":20.337742272926778}},{"type":"Feature","id":169,"geometry":{"type":"Polygon","coordinates":[[[23.624880500000074,37.942785000000072],[23.624892200000033,37.942770000000053],[23.624986500000034,37.942813400000034],[23.624996700000054,37.942817600000069],[23.625000600000078,37.942823500000031],[23.624999700000046,37.942828500000076],[23.624997500000063,37.94283130000008],[23.624990400000058,37.942832500000065],[23.624983200000031,37.942830600000036],[23.624976000000061,37.942827100000045],[23.624880500000074,37.942785000000072]]]},"properties":{"fid":169,"leisure":"garden","name":null,"shapearea_m":20.8402197697812}},{"type":"Feature","id":170,"geometry":{"type":"Polygon","coordinates":[[[23.634208200000046,37.988624700000059],[23.634048500000063,37.988426400000037],[23.634330200000022,37.988441900000055],[23.634247100000039,37.988528600000052],[23.634208200000046,37.988624700000059]]]},"properties":{"fid":170,"leisure":"garden","name":null,"shapearea_m":237.78041188731339}},{"type":"Feature","id":171,"geometry":{"type":"Polygon","coordinates":[[[23.837190000000078,38.030737900000076],[23.837171200000057,38.030711500000052],[23.83721950000006,38.030694600000061],[23.837211400000058,38.030678800000032],[23.837249000000043,38.030662900000038],[23.837278500000025,38.030705200000057],[23.837190000000078,38.030737900000076]]]},"properties":{"fid":171,"leisure":"garden","name":null,"shapearea_m":35.891661229926207}},{"type":"Feature","id":172,"geometry":{"type":"Polygon","coordinates":[[[23.588193000000047,38.050226300000077],[23.588031700000045,38.04994970000007],[23.587921300000062,38.049740900000074],[23.588226100000043,38.049652200000025],[23.588491200000078,38.050123600000063],[23.588193000000047,38.050226300000077]]]},"properties":{"fid":172,"leisure":"garden","name":"Πριβόλι Λουκίσα","shapearea_m":1670.7995242309714}},{"type":"Feature","id":173,"geometry":{"type":"Polygon","coordinates":[[[23.840206600000045,38.102341700000068],[23.840237100000024,38.102401500000042],[23.840217100000075,38.102464000000055],[23.840154300000052,38.102505300000075],[23.840072600000042,38.102509600000076],[23.840003300000035,38.10247540000006],[23.839972800000055,38.102415600000029],[23.839992700000039,38.102353100000073],[23.840055600000028,38.102311800000052],[23.840137200000072,38.102307500000052],[23.840206600000045,38.102341700000068]]]},"properties":{"fid":173,"leisure":"garden","name":null,"shapearea_m":395.06980635735641}},{"type":"Feature","id":174,"geometry":{"type":"Polygon","coordinates":[[[23.845227700000066,38.106556700000056],[23.845286900000076,38.106593200000077],[23.845317800000032,38.106647200000054],[23.845313200000078,38.106706300000042],[23.845274300000028,38.106757000000073],[23.845209900000043,38.106787600000075],[23.845134900000062,38.106791100000066],[23.845066300000042,38.106766800000059],[23.845019900000068,38.106720200000041],[23.845006300000023,38.106662000000028],[23.845028700000057,38.106605500000057],[23.845081900000025,38.106563700000038],[23.845153700000026,38.10654610000006],[23.845227700000066,38.106556700000056]]]},"properties":{"fid":174,"leisure":"garden","name":"Πλατεία Μακεδονίας","shapearea_m":571.46760928502727}},{"type":"Feature","id":175,"geometry":{"type":"Polygon","coordinates":[[[23.853827600000045,38.111777500000073],[23.853495000000066,38.111707900000056],[23.853162400000031,38.111659300000042],[23.850525800000071,38.111596000000077],[23.850056400000028,38.111581200000046],[23.850045700000067,38.111448300000063],[23.850147600000071,38.111359600000071],[23.850472100000047,38.11140400000005],[23.853162400000031,38.111473600000068],[23.853452100000027,38.111488400000042],[23.853803400000061,38.111577000000068],[23.853827600000045,38.111777500000073]]]},"properties":{"fid":175,"leisure":"garden","name":null,"shapearea_m":7034.2731581208218}},{"type":"Feature","id":176,"geometry":{"type":"Polygon","coordinates":[[[23.845629400000064,38.111789100000067],[23.845616000000064,38.111867200000063],[23.845573100000024,38.111879800000054],[23.845506000000057,38.111863000000028],[23.845487300000059,38.111837600000058],[23.845629400000064,38.111789100000067]]]},"properties":{"fid":176,"leisure":"garden","name":null,"shapearea_m":71.693043364828696}},{"type":"Feature","id":177,"geometry":{"type":"Polygon","coordinates":[[[23.844848900000045,38.111892500000067],[23.844999100000052,38.11190090000008],[23.845331700000031,38.111932600000046],[23.845495300000039,38.111981100000037],[23.845538200000078,38.11206130000005],[23.845532900000023,38.112263900000073],[23.845498000000077,38.112401100000056],[23.845433600000035,38.112479200000053],[23.844848900000045,38.111892500000067]]]},"properties":{"fid":177,"leisure":"garden","name":"Πλατεία Αγαπητού","shapearea_m":1935.5201123824247}},{"type":"Feature","id":178,"geometry":{"type":"Polygon","coordinates":[[[23.825667600000031,38.086247100000037],[23.825630300000057,38.086188400000026],[23.825643900000046,38.086123600000064],[23.825703300000043,38.086077500000044],[23.82578570000004,38.086067700000058],[23.825859800000046,38.086097900000027],[23.825897100000077,38.086156600000038],[23.825883500000032,38.086221300000034],[23.825824100000034,38.086267400000054],[23.825741700000037,38.086277300000063],[23.825667600000031,38.086247100000037]]]},"properties":{"fid":178,"leisure":"garden","name":null,"shapearea_m":410.1415993023241}},{"type":"Feature","id":179,"geometry":{"type":"Polygon","coordinates":[[[23.827311900000041,38.090157200000078],[23.827241000000072,38.090147300000069],[23.827182600000071,38.090114200000073],[23.827148300000033,38.090064400000074],[23.827144800000042,38.09000780000008],[23.827172900000051,38.089955700000075],[23.827226900000028,38.089918300000079],[23.827296200000035,38.089903100000072],[23.827367000000038,38.089912900000058],[23.827425400000038,38.089946100000077],[23.827459700000077,38.089995800000054],[23.827463200000068,38.090052400000047],[23.827435100000059,38.090104500000052],[23.827381100000025,38.090141900000049],[23.827311900000041,38.090157200000078]]]},"properties":{"fid":179,"leisure":"garden","name":null,"shapearea_m":608.30890228975875}},{"type":"Feature","id":180,"geometry":{"type":"Polygon","coordinates":[[[23.825225900000078,38.096352100000047],[23.824727000000053,38.096303600000056],[23.825040800000068,38.095845500000053],[23.825225900000078,38.096352100000047]]]},"properties":{"fid":180,"leisure":"garden","name":null,"shapearea_m":1186.7119063633427}},{"type":"Feature","id":181,"geometry":{"type":"Polygon","coordinates":[[[23.82712470000007,38.084585600000025],[23.827008000000035,38.08459350000004],[23.82711130000007,38.084552300000041],[23.827123500000027,38.084565300000065],[23.82712470000007,38.084585600000025]]]},"properties":{"fid":181,"leisure":"garden","name":null,"shapearea_m":20.56685880906198}},{"type":"Feature","id":182,"geometry":{"type":"Polygon","coordinates":[[[23.827992400000028,38.084233500000039],[23.827250700000036,38.084574500000031],[23.827186400000073,38.084498500000052],[23.827949500000045,38.084159600000078],[23.827992400000028,38.084233500000039]]]},"properties":{"fid":182,"leisure":"garden","name":null,"shapearea_m":726.59223669139192}},{"type":"Feature","id":183,"geometry":{"type":"Polygon","coordinates":[[[23.824274900000034,38.085138200000074],[23.824261700000022,38.085126600000081],[23.824256200000036,38.085112000000038],[23.824254900000028,38.085097500000074],[23.824257500000044,38.085080100000027],[23.824265300000036,38.085070500000029],[23.824274900000034,38.085062900000025],[23.824291200000062,38.085056200000054],[23.824311100000045,38.085051400000054],[23.824331100000052,38.085051200000066],[23.82435090000007,38.085054100000036],[23.824374800000044,38.085059700000045],[23.824412500000051,38.085069000000033],[23.824434600000075,38.08507620000006],[23.824458700000037,38.085087600000065],[23.824471100000039,38.085097200000064],[23.824479100000076,38.085106800000062],[23.824483100000066,38.085121500000071],[23.824481900000023,38.085139200000071],[23.824473100000034,38.085156700000027],[23.824461300000053,38.085166400000048],[23.824445400000059,38.085170500000061],[23.824423700000068,38.085172900000032],[23.824406000000067,38.085173200000042],[23.824387000000058,38.085169600000029],[23.824297300000069,38.085146900000041],[23.824274900000034,38.085138200000074]]]},"properties":{"fid":183,"leisure":"garden","name":null,"shapearea_m":201.24305497611098}},{"type":"Feature","id":184,"geometry":{"type":"Polygon","coordinates":[[[23.833083500000043,38.079818600000067],[23.832282700000064,38.08000560000005],[23.832272800000055,38.079993800000068],[23.832959300000027,38.079681500000049],[23.833013200000039,38.079678200000046],[23.833091400000058,38.079796100000067],[23.833083500000043,38.079818600000067]]]},"properties":{"fid":184,"leisure":"garden","name":null,"shapearea_m":753.27474670753679}},{"type":"Feature","id":185,"geometry":{"type":"Polygon","coordinates":[[[23.819624800000042,38.08102260000004],[23.819751600000075,38.081216300000051],[23.819551200000035,38.081270000000075],[23.819614000000058,38.08102480000008],[23.819624800000042,38.08102260000004]]]},"properties":{"fid":185,"leisure":"garden","name":null,"shapearea_m":234.38869718340862}},{"type":"Feature","id":186,"geometry":{"type":"Polygon","coordinates":[[[23.811836300000039,38.069918600000051],[23.811832200000026,38.07009400000004],[23.811826300000064,38.070113400000025],[23.811796700000059,38.070119300000044],[23.811420500000054,38.070144600000049],[23.811402500000042,38.070137200000033],[23.811402400000077,38.070120900000063],[23.811759800000061,38.069913900000074],[23.811809400000072,38.069910200000038],[23.811836300000039,38.069918600000051]]]},"properties":{"fid":186,"leisure":"garden","name":null,"shapearea_m":552.41485608108519}},{"type":"Feature","id":187,"geometry":{"type":"Polygon","coordinates":[[[23.827609100000075,38.07756530000006],[23.827786800000069,38.077322400000071],[23.827931600000056,38.07754570000003],[23.827609100000075,38.07756530000006]]]},"properties":{"fid":187,"leisure":"garden","name":null,"shapearea_m":364.49179573442939}},{"type":"Feature","id":188,"geometry":{"type":"Polygon","coordinates":[[[23.828169900000034,38.078460500000062],[23.827689000000078,38.078491700000029],[23.827688100000046,38.078235800000073],[23.827571400000068,38.078108600000064],[23.827559300000075,38.077679900000078],[23.827902800000061,38.077653400000031],[23.828060300000061,38.078094300000032],[23.828169900000034,38.078460500000062]]]},"properties":{"fid":188,"leisure":"garden","name":null,"shapearea_m":3428.7794738593011}},{"type":"Feature","id":189,"geometry":{"type":"Polygon","coordinates":[[[23.832950700000026,38.08286460000005],[23.833266500000036,38.083330100000069],[23.833271100000047,38.083365700000058],[23.833256400000039,38.083389400000044],[23.833083500000043,38.083500100000037],[23.833065300000044,38.083493900000065],[23.832612800000049,38.083009300000072],[23.832950700000026,38.08286460000005]]]},"properties":{"fid":189,"leisure":"garden","name":null,"shapearea_m":1892.1614581464742}},{"type":"Feature","id":190,"geometry":{"type":"Polygon","coordinates":[[[23.735221500000023,37.987518200000068],[23.735399800000039,37.987488600000063],[23.735422600000049,37.987578500000041],[23.735244300000033,37.987603800000045],[23.735221500000023,37.987518200000068]]]},"properties":{"fid":190,"leisure":"garden","name":"Κηπάκι Τσαμαδού","shapearea_m":158.66066627888591}},{"type":"Feature","id":191,"geometry":{"type":"Polygon","coordinates":[[[23.871421500000054,37.899363400000027],[23.871037900000033,37.899416300000041],[23.87099500000005,37.899314700000048],[23.871378600000071,37.899244900000042],[23.871421500000054,37.899363400000027]]]},"properties":{"fid":191,"leisure":"garden","name":null,"shapearea_m":437.80800520005289}},{"type":"Feature","id":192,"geometry":{"type":"Polygon","coordinates":[[[23.727110300000049,37.967194400000039],[23.727092300000038,37.967095500000028],[23.727143300000023,37.967092200000025],[23.727174500000046,37.967101200000059],[23.727185300000031,37.967122900000049],[23.727186500000073,37.967138100000057],[23.727110300000049,37.967194400000039]]]},"properties":{"fid":192,"leisure":"garden","name":null,"shapearea_m":59.566089801599418}},{"type":"Feature","id":193,"geometry":{"type":"Polygon","coordinates":[[[23.758816400000057,38.008425400000078],[23.758825100000024,38.008404600000063],[23.75905240000003,38.008205000000032],[23.759090000000072,38.008195400000034],[23.759118200000046,38.008191200000056],[23.759361600000034,38.008206100000052],[23.759477600000025,38.008220800000061],[23.759534600000052,38.008240400000034],[23.759571400000027,38.008279100000038],[23.759596200000033,38.008318000000031],[23.759589500000061,38.008377300000063],[23.759552700000029,38.008423700000037],[23.759413800000061,38.008551100000034],[23.759401000000025,38.008596000000068],[23.759225400000048,38.00874280000005],[23.758819000000074,38.008443200000045],[23.758816400000057,38.008425400000078]]]},"properties":{"fid":193,"leisure":"garden","name":null,"shapearea_m":2560.7119838632825}},{"type":"Feature","id":194,"geometry":{"type":"Polygon","coordinates":[[[23.754996300000073,38.012398400000052],[23.754915100000062,38.012407200000041],[23.75484270000004,38.012426300000072],[23.754113800000027,38.012681500000042],[23.754108400000064,38.012660400000073],[23.754566400000044,38.012462200000073],[23.754816500000061,38.012324400000068],[23.754885600000023,38.01231000000007],[23.754933900000026,38.012316400000032],[23.754979500000047,38.012354400000049],[23.754996300000073,38.012398400000052]]]},"properties":{"fid":194,"leisure":"garden","name":null,"shapearea_m":547.19663859456284}},{"type":"Feature","id":195,"geometry":{"type":"Polygon","coordinates":[[[23.759831200000065,37.983561200000054],[23.759873900000059,37.983547100000067],[23.759878300000025,37.98355250000003],[23.759844700000031,37.98357210000006],[23.759831200000065,37.983561200000054]]]},"properties":{"fid":195,"leisure":"garden","name":null,"shapearea_m":4.5024411744840132}},{"type":"Feature","id":196,"geometry":{"type":"Polygon","coordinates":[[[23.759894600000052,37.983603100000039],[23.759880100000032,37.983592800000054],[23.759904100000028,37.98357320000008],[23.759914300000048,37.983582100000035],[23.759894600000052,37.983603100000039]]]},"properties":{"fid":196,"leisure":"garden","name":null,"shapearea_m":4.4901041236134844}},{"type":"Feature","id":197,"geometry":{"type":"Polygon","coordinates":[[[23.68812470000006,37.944825000000037],[23.688146900000049,37.944857800000079],[23.688008800000034,37.944959100000062],[23.687967800000024,37.944911600000069],[23.68812470000006,37.944825000000037]]]},"properties":{"fid":197,"leisure":"garden","name":null,"shapearea_m":86.742664807657391}},{"type":"Feature","id":198,"geometry":{"type":"Polygon","coordinates":[[[23.688188600000046,37.94483230000003],[23.688164500000028,37.944804100000056],[23.68828110000004,37.944740900000056],[23.688319000000035,37.944783400000063],[23.688188600000046,37.94483230000003]]]},"properties":{"fid":198,"leisure":"garden","name":null,"shapearea_m":59.545421817362673}},{"type":"Feature","id":199,"geometry":{"type":"Polygon","coordinates":[[[23.727955400000042,38.01637930000004],[23.728194100000053,38.016368100000079],[23.728188100000068,38.016456400000038],[23.728167300000052,38.016496500000073],[23.728143100000068,38.01652880000006],[23.728108300000031,38.016558300000042],[23.728060000000028,38.01657890000007],[23.727699200000075,38.01668200000006],[23.727678400000059,38.016684600000076],[23.727669700000035,38.01666240000003],[23.727669700000035,38.01663330000008],[23.727715300000057,38.016591100000028],[23.727823300000068,38.016545700000052],[23.727888300000075,38.016499700000054],[23.727917800000057,38.016464800000051],[23.72794870000007,38.016421500000035],[23.727955400000042,38.01637930000004]]]},"properties":{"fid":199,"leisure":"garden","name":null,"shapearea_m":737.09785502517786}},{"type":"Feature","id":200,"geometry":{"type":"Polygon","coordinates":[[[23.724284300000079,38.017696800000067],[23.722972700000071,38.018067600000052],[23.722898200000031,38.018093500000077],[23.722841900000049,38.018130500000041],[23.722710500000062,38.018227700000068],[23.722713100000078,38.018176900000071],[23.722730600000034,38.018151600000067],[23.722773500000073,38.018110400000069],[23.722847900000033,38.018073900000047],[23.724075700000071,38.017600100000038],[23.724115900000072,38.017588400000079],[23.724171600000034,38.017591100000061],[23.72420180000006,38.017603200000053],[23.724284300000079,38.017696800000067]]]},"properties":{"fid":200,"leisure":"garden","name":null,"shapearea_m":1421.0016183870255}},{"type":"Feature","id":201,"geometry":{"type":"Polygon","coordinates":[[[23.727083800000059,38.017058700000064],[23.727063700000031,38.016986800000041],[23.727338600000053,38.016949800000077],[23.727344000000073,38.016966700000069],[23.727083800000059,38.017058700000064]]]},"properties":{"fid":201,"leisure":"garden","name":null,"shapearea_m":123.80081264029138}},{"type":"Feature","id":202,"geometry":{"type":"Polygon","coordinates":[[[23.726861100000065,38.016730600000074],[23.726885300000049,38.016798200000039],[23.726536600000031,38.016840400000035],[23.726521800000057,38.016807700000072],[23.726861100000065,38.016730600000074]]]},"properties":{"fid":202,"leisure":"garden","name":null,"shapearea_m":179.48693994225579}},{"type":"Feature","id":203,"geometry":{"type":"Polygon","coordinates":[[[23.727427100000057,38.016578300000049],[23.727521000000024,38.016700900000046],[23.727343900000051,38.016734700000029],[23.72713200000004,38.016762200000073],[23.726995200000033,38.016770600000029],[23.726967100000024,38.016688200000033],[23.727427100000057,38.016578300000049]]]},"properties":{"fid":203,"leisure":"garden","name":null,"shapearea_m":581.94089971911148}},{"type":"Feature","id":204,"geometry":{"type":"Polygon","coordinates":[[[23.728126400000065,38.017284500000073],[23.728079500000035,38.017323600000054],[23.727720100000056,38.016870300000051],[23.727890400000035,38.016820700000039],[23.727977600000031,38.016820700000039],[23.728047300000071,38.016836400000045],[23.728109000000075,38.016877700000066],[23.728142500000047,38.016933700000038],[23.728145200000029,38.017229500000042],[23.728126400000065,38.017284500000073]]]},"properties":{"fid":204,"leisure":"garden","name":null,"shapearea_m":1165.632828705817}},{"type":"Feature","id":205,"geometry":{"type":"Polygon","coordinates":[[[23.942966100000035,37.724015200000053],[23.943377700000042,37.724408800000049],[23.942970700000046,37.72454040000008],[23.942606200000057,37.724733600000036],[23.942340700000045,37.724912700000061],[23.942241600000045,37.724935100000039],[23.942135500000063,37.724921100000074],[23.942043400000045,37.724879100000067],[23.941873600000065,37.724747600000057],[23.942605800000024,37.724256800000035],[23.94281680000006,37.724115300000051],[23.942935600000055,37.724035600000036],[23.942966100000035,37.724015200000053]]]},"properties":{"fid":205,"leisure":"garden","name":null,"shapearea_m":5391.2006291514608}},{"type":"Feature","id":206,"geometry":{"type":"Polygon","coordinates":[[[23.797194600000068,38.320487400000047],[23.797233000000062,38.319949800000074],[23.798531300000036,38.320007000000032],[23.798492800000076,38.320544600000062],[23.797194600000068,38.320487400000047]]]},"properties":{"fid":206,"leisure":"garden","name":null,"shapearea_m":6796.2980151615184}},{"type":"Feature","id":207,"geometry":{"type":"Polygon","coordinates":[[[23.795816400000035,38.320024200000034],[23.795862100000022,38.319433900000035],[23.796445600000027,38.319448800000032],[23.796419900000046,38.320026200000029],[23.795816400000035,38.320024200000034]]]},"properties":{"fid":207,"leisure":"garden","name":null,"shapearea_m":3366.5988808571328}},{"type":"Feature","id":208,"geometry":{"type":"Polygon","coordinates":[[[23.664887100000044,38.014341200000047],[23.664827700000046,38.014371700000027],[23.664774100000045,38.014392300000054],[23.664725800000042,38.014414900000077],[23.664661500000022,38.01443770000003],[23.664668300000073,38.014449700000057],[23.664646800000071,38.014457400000026],[23.664547300000038,38.014498600000024],[23.664476200000024,38.014523800000063],[23.664456400000063,38.014489100000048],[23.664334300000064,38.014528200000029],[23.664287700000045,38.014475200000049],[23.664310700000044,38.014396500000032],[23.664104900000041,38.014359600000034],[23.664149100000031,38.014242800000034],[23.664161200000024,38.014211100000068],[23.664204100000063,38.01422910000008],[23.664251000000036,38.014250700000048],[23.664329500000065,38.014147200000025],[23.664361900000074,38.014102200000025],[23.664887100000044,38.014341200000047]]]},"properties":{"fid":208,"leisure":"garden","name":null,"shapearea_m":1653.5047207861596}},{"type":"Feature","id":209,"geometry":{"type":"Polygon","coordinates":[[[23.693509800000072,37.938683600000047],[23.693533500000058,37.938708000000076],[23.693546100000049,37.93873700000006],[23.693546400000059,37.938767800000051],[23.693534300000067,37.938797000000079],[23.693511100000023,37.938821700000062],[23.69347920000007,37.938839300000041],[23.693441800000073,37.938848000000064],[23.693402800000058,37.938846900000044],[23.693366300000037,37.938836000000038],[23.693336100000067,37.938816700000075],[23.693316100000061,37.93879220000008],[23.693306300000074,37.938764200000037],[23.693307600000026,37.938735200000053],[23.693320000000028,37.938707800000032],[23.693342200000075,37.938684600000045],[23.693372200000056,37.938667700000053],[23.693407300000047,37.938658800000042],[23.693444200000044,37.938658500000031],[23.693479400000058,37.938667100000032],[23.693509800000072,37.938683600000047]]]},"properties":{"fid":209,"leisure":"garden","name":null,"shapearea_m":349.27992891387538}},{"type":"Feature","id":210,"geometry":{"type":"Polygon","coordinates":[[[23.79514880000005,38.050420700000075],[23.794948500000032,38.049967600000059],[23.794952500000022,38.049938700000041],[23.794983300000069,38.049918600000069],[23.79529210000004,38.049894800000061],[23.795479600000078,38.050323700000035],[23.79514880000005,38.050420700000075]]]},"properties":{"fid":210,"leisure":"garden","name":"Δημοτικός Λαχανόκηπος","shapearea_m":1682.7662439624003}},{"type":"Feature","id":211,"geometry":{"type":"Polygon","coordinates":[[[23.804610900000057,38.054140800000027],[23.804562600000054,38.054161900000054],[23.804393600000026,38.054050000000075],[23.804235400000039,38.053904200000034],[23.804453100000046,38.05383930000005],[23.804610900000057,38.054140800000027]]]},"properties":{"fid":211,"leisure":"garden","name":null,"shapearea_m":497.65329217135212}},{"type":"Feature","id":212,"geometry":{"type":"Polygon","coordinates":[[[23.802459800000065,38.052151200000026],[23.802151300000048,38.052248400000053],[23.802057400000024,38.052216700000031],[23.802427600000044,38.052089900000055],[23.802459800000065,38.052151200000026]]]},"properties":{"fid":212,"leisure":"garden","name":null,"shapearea_m":222.52682486839933}},{"type":"Feature","id":213,"geometry":{"type":"Polygon","coordinates":[[[23.801960800000074,38.059442700000034],[23.801813300000049,38.059187100000031],[23.802336300000036,38.05911320000007],[23.802414100000078,38.059309600000063],[23.801960800000074,38.059442700000034]]]},"properties":{"fid":213,"leisure":"garden","name":null,"shapearea_m":1188.2602505618909}},{"type":"Feature","id":214,"geometry":{"type":"Polygon","coordinates":[[[23.660054100000025,37.99457840000008],[23.660916900000075,37.994207800000027],[23.661114600000076,37.994532900000024],[23.660199800000044,37.994923800000038],[23.66022010000006,37.994776400000035],[23.660054100000025,37.99457840000008]]]},"properties":{"fid":214,"leisure":"garden","name":null,"shapearea_m":3403.6676030314561}},{"type":"Feature","id":215,"geometry":{"type":"Polygon","coordinates":[[[23.660441000000048,37.994355100000064],[23.660278700000049,37.99412680000006],[23.660758800000053,37.993955600000049],[23.660883500000068,37.994179700000075],[23.660441000000048,37.994355100000064]]]},"properties":{"fid":215,"leisure":"garden","name":null,"shapearea_m":1259.8240797516821}},{"type":"Feature","id":216,"geometry":{"type":"Polygon","coordinates":[[[23.701210200000048,37.980617400000028],[23.70148990000007,37.980925300000024],[23.701839600000028,37.980743300000029],[23.701897900000063,37.980812000000071],[23.701883000000066,37.980822500000045],[23.701712600000064,37.980924100000038],[23.701531900000077,37.981036800000027],[23.70149280000004,37.980997900000034],[23.701463000000047,37.980965600000047],[23.701220700000079,37.980687800000055],[23.701175800000044,37.980635100000029],[23.701210200000048,37.980617400000028]]]},"properties":{"fid":216,"leisure":"garden","name":null,"shapearea_m":612.56019257588389}},{"type":"Feature","id":217,"geometry":{"type":"Polygon","coordinates":[[[23.808042700000044,38.042989300000045],[23.80820360000007,38.042942800000048],[23.808461100000045,38.043549100000064],[23.808144600000048,38.043578700000069],[23.808042700000044,38.042989300000045]]]},"properties":{"fid":217,"leisure":"garden","name":null,"shapearea_m":1457.0753909582397}},{"type":"Feature","id":218,"geometry":{"type":"Polygon","coordinates":[[[23.798451800000066,38.037909500000069],[23.798452500000053,38.037884600000041],[23.798627300000078,38.037816700000064],[23.798675600000024,38.03780880000005],[23.798766700000044,38.03778310000007],[23.798807700000054,38.037795800000026],[23.798841300000049,38.037819600000034],[23.798931900000071,38.038134300000024],[23.798915100000045,38.038160700000049],[23.798874800000078,38.038160700000049],[23.798471900000038,38.037938600000075],[23.798451800000066,38.037909500000069]]]},"properties":{"fid":218,"leisure":"garden","name":null,"shapearea_m":959.06927520647048}},{"type":"Feature","id":219,"geometry":{"type":"Polygon","coordinates":[[[23.765587100000062,37.982349200000044],[23.765409200000079,37.982267700000079],[23.765453600000058,37.98220740000005],[23.76563150000004,37.982288900000071],[23.765587100000062,37.982349200000044]]]},"properties":{"fid":219,"leisure":"garden","name":null,"shapearea_m":139.89343332068972}},{"type":"Feature","id":220,"geometry":{"type":"Polygon","coordinates":[[[23.765612100000055,37.982660800000076],[23.765746200000024,37.982477500000073],[23.765833400000076,37.982517100000052],[23.765699300000051,37.982700400000056],[23.765612100000055,37.982660800000076]]]},"properties":{"fid":220,"leisure":"garden","name":null,"shapearea_m":207.64682743274705}},{"type":"Feature","id":221,"geometry":{"type":"Polygon","coordinates":[[[23.659086500000058,37.987991700000066],[23.659067400000026,37.987892300000055],[23.659182800000053,37.987931200000048],[23.659186000000034,37.987944200000072],[23.659129200000052,37.987966100000051],[23.659086500000058,37.987991700000066]]]},"properties":{"fid":221,"leisure":"garden","name":null,"shapearea_m":56.8187148135518}},{"type":"Feature","id":222,"geometry":{"type":"Polygon","coordinates":[[[23.658808600000043,37.987669000000039],[23.658642900000075,37.987621800000056],[23.658764900000051,37.987569700000051],[23.658808600000043,37.987669000000039]]]},"properties":{"fid":222,"leisure":"garden","name":null,"shapearea_m":70.163050627472487}},{"type":"Feature","id":223,"geometry":{"type":"Polygon","coordinates":[[[23.747890600000062,37.980645300000049],[23.747899600000039,37.98058240000006],[23.747965500000078,37.98056020000007],[23.747986200000071,37.980581900000061],[23.748003900000072,37.980629900000054],[23.747984900000063,37.980666300000053],[23.747933800000055,37.980687400000079],[23.747890600000062,37.980645300000049]]]},"properties":{"fid":223,"leisure":"garden","name":null,"shapearea_m":97.211718041023659}},{"type":"Feature","id":224,"geometry":{"type":"Polygon","coordinates":[[[23.791019800000072,38.004119700000047],[23.790995100000032,38.004126700000029],[23.790972300000078,38.004111900000055],[23.790967400000056,38.004080700000031],[23.790967400000056,38.004043300000035],[23.790995100000032,38.004020000000025],[23.791074200000025,38.004074500000058],[23.791019800000072,38.004119700000047]]]},"properties":{"fid":224,"leisure":"garden","name":null,"shapearea_m":67.294413510411914}},{"type":"Feature","id":225,"geometry":{"type":"Polygon","coordinates":[[[23.784675200000038,38.020067700000027],[23.784685400000058,38.020356000000049],[23.784579700000052,38.020312700000034],[23.784559300000069,38.020285500000057],[23.78456140000003,38.020247100000063],[23.784675200000038,38.020067700000027]]]},"properties":{"fid":225,"leisure":"garden","name":null,"shapearea_m":202.82567177210166}},{"type":"Feature","id":226,"geometry":{"type":"Polygon","coordinates":[[[23.784976200000074,38.019359700000052],[23.784770900000069,38.019638300000054],[23.784768800000052,38.019313200000056],[23.784976200000074,38.019359700000052]]]},"properties":{"fid":226,"leisure":"garden","name":null,"shapearea_m":328.10837446540359}},{"type":"Feature","id":227,"geometry":{"type":"Polygon","coordinates":[[[23.768880300000035,38.041153300000076],[23.768742900000063,38.041052600000057],[23.768844100000024,38.040940000000035],[23.768911800000069,38.040945500000078],[23.768985600000065,38.041052500000035],[23.768927900000051,38.041072300000053],[23.768928600000038,38.041083400000048],[23.768900400000064,38.041091800000061],[23.768904500000076,38.041097100000059],[23.768881700000065,38.041108200000053],[23.768903800000032,38.041142500000035],[23.768880300000035,38.041153300000076]]]},"properties":{"fid":227,"leisure":"garden","name":null,"shapearea_m":264.48654550486339}},{"type":"Feature","id":228,"geometry":{"type":"Polygon","coordinates":[[[23.796998300000041,38.047319800000025],[23.796943500000054,38.047128900000075],[23.797515300000043,38.047010600000078],[23.797584100000051,38.047187700000052],[23.796998300000041,38.047319800000025]]]},"properties":{"fid":228,"leisure":"garden","name":null,"shapearea_m":1112.9982498755962}},{"type":"Feature","id":229,"geometry":{"type":"Polygon","coordinates":[[[23.767231000000038,38.048601700000063],[23.767079600000045,38.048438000000033],[23.767086900000038,38.048384700000042],[23.767080200000066,38.048344500000042],[23.767157000000054,38.048307100000045],[23.767304000000024,38.04822560000008],[23.76732880000003,38.04821510000005],[23.767403000000058,38.048298100000068],[23.767427600000076,38.048330600000043],[23.767320100000063,38.048389000000043],[23.767416700000069,38.048502500000041],[23.767400200000054,38.04851240000005],[23.767231000000038,38.048601700000063]]]},"properties":{"fid":229,"leisure":"garden","name":null,"shapearea_m":779.20459129650294}},{"type":"Feature","id":230,"geometry":{"type":"Polygon","coordinates":[[[23.753297700000076,38.016223100000047],[23.753284300000075,38.016231000000062],[23.753270800000053,38.016226800000027],[23.753258800000026,38.016195100000061],[23.753233300000034,38.016155500000025],[23.753195700000049,38.016132200000072],[23.753175000000056,38.016117400000041],[23.753173600000025,38.016106900000068],[23.753270200000031,38.016057700000033],[23.753287600000078,38.016053500000055],[23.753301000000079,38.016059300000052],[23.753337900000076,38.016125900000077],[23.753339900000071,38.016146500000048],[23.753335200000038,38.016166600000076],[23.753297700000076,38.016223100000047]]]},"properties":{"fid":230,"leisure":"garden","name":null,"shapearea_m":155.5934504397826}},{"type":"Feature","id":231,"geometry":{"type":"Polygon","coordinates":[[[23.753184900000065,38.026233600000069],[23.753129700000045,38.026171100000056],[23.753131000000053,38.026157900000044],[23.754118100000028,38.025659800000028],[23.754735000000039,38.025355500000046],[23.754794700000048,38.025435200000061],[23.753184900000065,38.026233600000069]]]},"properties":{"fid":231,"leisure":"garden","name":null,"shapearea_m":1697.4656310969724}},{"type":"Feature","id":232,"geometry":{"type":"Polygon","coordinates":[[[23.754910900000027,38.025383100000056],[23.754854700000067,38.025306600000079],[23.755926200000033,38.024834400000032],[23.756062600000064,38.024865700000078],[23.754910900000027,38.025383100000056]]]},"properties":{"fid":232,"leisure":"garden","name":null,"shapearea_m":1048.3031333479369}},{"type":"Feature","id":233,"geometry":{"type":"Polygon","coordinates":[[[23.757059200000072,38.024417500000027],[23.757025900000031,38.024373800000035],[23.757040700000061,38.024328400000059],[23.757507400000065,38.02412030000005],[23.75756640000003,38.024127700000065],[23.757581200000061,38.024150900000052],[23.757567800000061,38.02419210000005],[23.757209700000033,38.024349500000028],[23.757059200000072,38.024417500000027]]]},"properties":{"fid":233,"leisure":"garden","name":null,"shapearea_m":495.92520111584184}},{"type":"Feature","id":234,"geometry":{"type":"Polygon","coordinates":[[[23.802734400000077,38.046151300000076],[23.802814200000057,38.046275700000081],[23.802267400000062,38.046457300000043],[23.802277700000047,38.046317800000054],[23.802734400000077,38.046151300000076]]]},"properties":{"fid":234,"leisure":"garden","name":null,"shapearea_m":703.97492360642923}},{"type":"Feature","id":235,"geometry":{"type":"Polygon","coordinates":[[[23.717961600000024,37.989678000000026],[23.717948200000023,37.989680100000044],[23.717908600000044,37.989681700000062],[23.717901900000072,37.989676400000064],[23.717897900000025,37.989667500000053],[23.717927400000065,37.989540600000055],[23.717934800000023,37.989540100000056],[23.717963600000076,37.989669000000049],[23.717961600000024,37.989678000000026]]]},"properties":{"fid":235,"leisure":"garden","name":null,"shapearea_m":52.830274575462198}},{"type":"Feature","id":236,"geometry":{"type":"Polygon","coordinates":[[[23.717918000000054,37.989206100000047],[23.717912000000069,37.989215100000024],[23.717900600000064,37.989219800000058],[23.717850300000066,37.989196100000072],[23.717846300000076,37.989185500000076],[23.717845600000032,37.989172300000064],[23.717854300000056,37.98915850000003],[23.717955600000039,37.989012100000025],[23.717964300000062,37.989013700000044],[23.717918000000054,37.989206100000047]]]},"properties":{"fid":236,"leisure":"garden","name":null,"shapearea_m":97.379503077615738}},{"type":"Feature","id":237,"geometry":{"type":"Polygon","coordinates":[[[23.587784900000031,38.276281100000062],[23.587712600000032,38.276133000000073],[23.587679000000037,38.276065800000026],[23.587945500000046,38.275966100000062],[23.58802600000007,38.27622400000007],[23.587876100000074,38.276262300000042],[23.587784900000031,38.276281100000062]]]},"properties":{"fid":237,"leisure":"garden","name":"πλατεία Θωμά Βρεττού","shapearea_m":656.92672856109311}},{"type":"Feature","id":238,"geometry":{"type":"Polygon","coordinates":[[[23.235037900000066,38.26376810000005],[23.235043300000029,38.263624900000025],[23.235032600000068,38.263386900000057],[23.235834500000067,38.263452200000074],[23.235738000000026,38.26394920000007],[23.235037900000066,38.26376810000005]]]},"properties":{"fid":238,"leisure":"garden","name":null,"shapearea_m":3244.3922245355438}},{"type":"Feature","id":239,"geometry":{"type":"Polygon","coordinates":[[[23.363469100000032,38.290648000000033],[23.363614300000052,38.291470200000049],[23.363193100000046,38.29153910000008],[23.363178100000027,38.291572500000029],[23.362743700000067,38.291591800000049],[23.362573000000054,38.290975400000036],[23.362598500000047,38.290859400000045],[23.363469100000032,38.290648000000033]]]},"properties":{"fid":239,"leisure":"garden","name":"agia paraskeyi","shapearea_m":7090.3780705809195}},{"type":"Feature","id":240,"geometry":{"type":"Polygon","coordinates":[[[23.237963000000036,38.266190400000028],[23.23798800000003,38.265923900000075],[23.238625900000045,38.265905700000076],[23.23855750000007,38.266277000000059],[23.237963000000036,38.266190400000028]]]},"properties":{"fid":240,"leisure":"garden","name":null,"shapearea_m":1924.4163369327985}},{"type":"Feature","id":241,"geometry":{"type":"Polygon","coordinates":[[[23.239420600000074,38.264896900000053],[23.239432300000033,38.264471000000071],[23.240001800000073,38.264470500000073],[23.240038200000072,38.264894200000072],[23.239420600000074,38.264896900000053]]]},"properties":{"fid":241,"leisure":"garden","name":null,"shapearea_m":2449.5781170156988}},{"type":"Feature","id":242,"geometry":{"type":"Polygon","coordinates":[[[23.24081190000004,38.265630100000067],[23.24079370000004,38.265356700000041],[23.241408800000045,38.265340800000047],[23.241424700000039,38.265648300000066],[23.24081190000004,38.265630100000067]]]},"properties":{"fid":242,"leisure":"garden","name":null,"shapearea_m":1732.0775049699109}},{"type":"Feature","id":243,"geometry":{"type":"Polygon","coordinates":[[[23.722274200000072,38.04284320000005],[23.721949600000073,38.042230600000039],[23.722201000000041,38.042148000000054],[23.722681800000032,38.041989900000033],[23.723006500000054,38.042602500000044],[23.722274200000072,38.04284320000005]]]},"properties":{"fid":243,"leisure":"garden","name":null,"shapearea_m":5131.9596412584688}},{"type":"Feature","id":244,"geometry":{"type":"Polygon","coordinates":[[[23.809040000000039,38.051909900000055],[23.808908900000063,38.051947700000028],[23.808957200000066,38.051734400000043],[23.809040000000039,38.051909900000055]]]},"properties":{"fid":244,"leisure":"garden","name":null,"shapearea_m":127.32171176748642}},{"type":"Feature","id":245,"geometry":{"type":"Polygon","coordinates":[[[23.66762650000004,37.982052500000066],[23.668138800000065,37.982441400000027],[23.667674800000043,37.98275650000005],[23.667607800000042,37.982807200000025],[23.667556800000057,37.982862200000056],[23.667508500000054,37.982942500000036],[23.666878900000029,37.982779600000072],[23.666974800000048,37.982593700000052],[23.667031100000031,37.982519700000068],[23.667103500000053,37.982456200000058],[23.66762650000004,37.982052500000066]]]},"properties":{"fid":245,"leisure":"garden","name":null,"shapearea_m":5524.2526534407598}},{"type":"Feature","id":246,"geometry":{"type":"Polygon","coordinates":[[[23.789251500000034,38.068347700000061],[23.789227200000028,38.068200900000079],[23.789236600000038,38.068186900000057],[23.789268100000072,38.068168200000059],[23.789440600000034,38.068141400000059],[23.789488900000038,38.068314200000032],[23.789278500000023,38.068352300000072],[23.789251500000034,38.068347700000061]]]},"properties":{"fid":246,"leisure":"garden","name":null,"shapearea_m":400.41881809632196}},{"type":"Feature","id":247,"geometry":{"type":"Polygon","coordinates":[[[23.790987400000063,38.065831700000047],[23.789903800000047,38.066315700000075],[23.789859100000058,38.06631150000004],[23.789842800000031,38.066294600000049],[23.789840100000049,38.066266600000063],[23.790030600000023,38.065927700000032],[23.790449100000046,38.065449400000034],[23.790712100000064,38.065549800000042],[23.790820600000075,38.065620000000024],[23.790987400000063,38.065831700000047]]]},"properties":{"fid":247,"leisure":"garden","name":null,"shapearea_m":4225.2543134371663}},{"type":"Feature","id":248,"geometry":{"type":"Polygon","coordinates":[[[23.79605040000007,38.065956200000073],[23.795870300000047,38.066013400000031],[23.795725600000026,38.066057000000058],[23.795675900000049,38.066042300000049],[23.795524500000056,38.065554000000077],[23.795791200000053,38.065466300000026],[23.79605040000007,38.065956200000073]]]},"properties":{"fid":248,"leisure":"garden","name":"πλατεία Δημοκρατίας","shapearea_m":1750.857103294034}},{"type":"Feature","id":249,"geometry":{"type":"Polygon","coordinates":[[[23.795749600000079,38.066547900000046],[23.795731600000067,38.066550100000029],[23.795714200000077,38.066545400000052],[23.795700100000033,38.066532100000074],[23.795694000000026,38.066517900000065],[23.795674600000041,38.066288200000031],[23.795673900000054,38.066263400000025],[23.795696000000078,38.066226500000027],[23.795732200000032,38.066207600000041],[23.795763800000032,38.066208000000074],[23.795794700000044,38.066215900000032],[23.795813400000043,38.066244400000073],[23.795822200000032,38.066279800000075],[23.795817400000033,38.066320400000052],[23.795763100000045,38.066527400000041],[23.795756400000073,38.066540100000054],[23.795749600000079,38.066547900000046]]]},"properties":{"fid":249,"leisure":"garden","name":null,"shapearea_m":360.01445361248113}},{"type":"Feature","id":250,"geometry":{"type":"Polygon","coordinates":[[[23.790950500000065,38.06747990000008],[23.790925700000059,38.067459700000029],[23.790921000000026,38.067420700000071],[23.790940600000056,38.06739170000003],[23.791156500000056,38.067193100000054],[23.791194700000062,38.067212700000027],[23.791227500000048,38.067232800000056],[23.791493400000036,38.067219100000045],[23.791519700000038,38.067449000000067],[23.790981400000078,38.067486100000053],[23.790950500000065,38.06747990000008]]]},"properties":{"fid":250,"leisure":"garden","name":null,"shapearea_m":1220.5894614144438}},{"type":"Feature","id":251,"geometry":{"type":"Polygon","coordinates":[[[23.790490100000056,38.067514200000062],[23.790480500000058,38.067504000000042],[23.790442300000052,38.067166200000031],[23.790453100000036,38.067152000000078],[23.790471100000047,38.06714560000006],[23.791055100000051,38.067102900000066],[23.791080700000066,38.067118200000039],[23.79107330000005,38.067152500000077],[23.790793800000074,38.067415500000038],[23.790777600000069,38.067434800000058],[23.790782500000034,38.067498400000034],[23.79050200000006,38.067515700000058],[23.790490100000056,38.067514200000062]]]},"properties":{"fid":251,"leisure":"garden","name":null,"shapearea_m":1667.8838730411508}},{"type":"Feature","id":252,"geometry":{"type":"Polygon","coordinates":[[[23.692867800000045,37.933784500000058],[23.692734100000052,37.933702600000061],[23.69278840000004,37.933647300000075],[23.692922200000055,37.933729200000073],[23.692867800000045,37.933784500000058]]]},"properties":{"fid":252,"leisure":null,"name":null,"shapearea_m":115.60633197979223}},{"type":"Feature","id":253,"geometry":{"type":"Polygon","coordinates":[[[23.693136100000061,37.934028100000035],[23.693156300000055,37.934059800000057],[23.693167000000074,37.934099400000036],[23.69316770000006,37.934137000000078],[23.69315830000005,37.934173500000043],[23.693142900000055,37.934215300000062],[23.693116100000054,37.934258100000079],[23.69307850000007,37.934294100000045],[23.693034300000079,37.934316800000033],[23.69298260000005,37.93432690000003],[23.692928300000062,37.934330000000045],[23.692869300000041,37.934326300000066],[23.692819000000043,37.934308900000076],[23.692775400000073,37.934282400000029],[23.692737900000054,37.93424280000005],[23.692707700000028,37.934198300000048],[23.692684900000074,37.934152300000051],[23.69267080000003,37.934110000000032],[23.692664100000059,37.934074600000031],[23.692660800000056,37.933951800000045],[23.692907500000047,37.933944000000054],[23.692971900000032,37.933948200000032],[23.693022500000041,37.933963200000051],[23.693036300000074,37.933967200000041],[23.693079200000057,37.933988400000032],[23.693136100000061,37.934028100000035]]]},"properties":{"fid":253,"leisure":"garden","name":null,"shapearea_m":1542.7190560720537}},{"type":"Feature","id":254,"geometry":{"type":"Polygon","coordinates":[[[23.692954300000054,37.933773900000062],[23.693082900000036,37.933708900000056],[23.693233700000064,37.933894400000042],[23.693178200000034,37.933922400000029],[23.693164900000056,37.933906200000024],[23.693109900000024,37.933934000000079],[23.693078800000023,37.933895800000073],[23.693060800000069,37.933904900000073],[23.692954300000054,37.933773900000062]]]},"properties":{"fid":254,"leisure":"playground","name":"παιδική χαρά Ριζαρίου","shapearea_m":302.53689594917211}},{"type":"Feature","id":255,"geometry":{"type":"Polygon","coordinates":[[[23.692992100000026,37.933873900000037],[23.692947100000026,37.933916800000077],[23.692769400000032,37.933801000000074],[23.692814400000032,37.933758000000068],[23.692856400000039,37.933785400000033],[23.692992100000026,37.933873900000037]]]},"properties":{"fid":255,"leisure":"playground","name":null,"shapearea_m":125.33690009450827}},{"type":"Feature","id":256,"geometry":{"type":"Polygon","coordinates":[[[23.474966400000028,37.980474700000059],[23.474948100000063,37.980477900000039],[23.474887100000046,37.980316100000039],[23.474965400000031,37.98030330000006],[23.474966400000028,37.980474700000059]]]},"properties":{"fid":256,"leisure":"garden","name":null,"shapearea_m":80.88786150847389}},{"type":"Feature","id":257,"geometry":{"type":"Polygon","coordinates":[[[23.476220600000033,37.979632700000025],[23.47624170000006,37.979855400000076],[23.475972200000058,37.979866900000047],[23.475991700000066,37.979620000000068],[23.476220600000033,37.979632700000025]]]},"properties":{"fid":257,"leisure":"garden","name":null,"shapearea_m":570.59072684939008}},{"type":"Feature","id":258,"geometry":{"type":"Polygon","coordinates":[[[23.856146300000034,38.00528920000005],[23.856347500000027,38.005276500000036],[23.857117300000027,38.005141200000025],[23.857243400000073,38.005447700000047],[23.856210700000076,38.005623100000037],[23.856146300000034,38.00528920000005]]]},"properties":{"fid":258,"leisure":"garden","name":null,"shapearea_m":3192.3184419293079}},{"type":"Feature","id":259,"geometry":{"type":"Polygon","coordinates":[[[23.790109200000074,38.048749000000043],[23.790670200000022,38.048658400000079],[23.790759500000036,38.048992100000078],[23.790188000000057,38.048969000000056],[23.790109200000074,38.048749000000043]]]},"properties":{"fid":259,"leisure":"garden","name":null,"shapearea_m":1554.9650457221233}},{"type":"Feature","id":260,"geometry":{"type":"Polygon","coordinates":[[[23.709825100000046,37.925356400000055],[23.709970600000077,37.925284500000032],[23.709980700000074,37.925302500000043],[23.709841200000028,37.925376000000028],[23.709825100000046,37.925356400000055]]]},"properties":{"fid":260,"leisure":"garden","name":null,"shapearea_m":35.437981510114611}},{"type":"Feature","id":261,"geometry":{"type":"Polygon","coordinates":[[[23.709764100000029,37.925280800000053],[23.709907600000065,37.925203000000067],[23.709945800000071,37.92526440000006],[23.709808400000043,37.925333200000068],[23.709764100000029,37.925280800000053]]]},"properties":{"fid":261,"leisure":"garden","name":null,"shapearea_m":107.49602420153967}},{"type":"Feature","id":262,"geometry":{"type":"Polygon","coordinates":[[[23.709740000000068,37.92524590000005],[23.709885500000041,37.925165500000048],[23.709901600000023,37.925191400000074],[23.70975610000005,37.925270700000056],[23.709740000000068,37.92524590000005]]]},"properties":{"fid":262,"leisure":"garden","name":null,"shapearea_m":48.540672045729025}},{"type":"Feature","id":263,"geometry":{"type":"Polygon","coordinates":[[[23.709689000000026,37.925189300000056],[23.709838500000046,37.925085100000047],[23.709873400000049,37.92513850000006],[23.709719900000039,37.925224700000058],[23.709689000000026,37.925189300000056]]]},"properties":{"fid":263,"leisure":"garden","name":null,"shapearea_m":96.209566483413653}},{"type":"Feature","id":264,"geometry":{"type":"Polygon","coordinates":[[[23.709619900000064,37.925098300000059],[23.709510600000044,37.924953900000048],[23.709620600000051,37.924905800000033],[23.709668200000067,37.924905800000033],[23.709731900000065,37.924926400000061],[23.709784200000058,37.92499730000003],[23.709632700000043,37.925099900000077],[23.709619900000064,37.925098300000059]]]},"properties":{"fid":264,"leisure":"garden","name":null,"shapearea_m":302.76182906372196}},{"type":"Feature","id":265,"geometry":{"type":"Polygon","coordinates":[[[23.709446900000046,37.924873500000047],[23.709624600000041,37.924772500000074],[23.709652100000028,37.924812200000076],[23.709630000000061,37.924834400000066],[23.709619300000043,37.924873500000047],[23.70959780000004,37.924888900000042],[23.709498600000074,37.92493010000004],[23.70948450000003,37.924925900000062],[23.709446900000046,37.924873500000047]]]},"properties":{"fid":265,"leisure":"garden","name":null,"shapearea_m":150.06458390610629}},{"type":"Feature","id":266,"geometry":{"type":"Polygon","coordinates":[[[23.709409400000027,37.924830100000065],[23.709587100000078,37.924724400000059],[23.709619300000043,37.924761900000078],[23.709437500000035,37.924865000000068],[23.709409400000027,37.924830100000065]]]},"properties":{"fid":266,"leisure":"garden","name":null,"shapearea_m":94.218530372635627}},{"type":"Feature","id":267,"geometry":{"type":"Polygon","coordinates":[[[23.70939130000005,37.924802100000079],[23.70919820000006,37.924584200000027],[23.709192800000039,37.924565700000073],[23.709288700000059,37.924504800000079],[23.709314200000051,37.924503300000026],[23.709497900000031,37.924689400000034],[23.709491200000059,37.924748200000067],[23.70939130000005,37.924802100000079]]]},"properties":{"fid":267,"leisure":"garden","name":null,"shapearea_m":443.7602079968409}},{"type":"Feature","id":268,"geometry":{"type":"Polygon","coordinates":[[[23.765388800000039,38.065240700000061],[23.765305600000033,38.065287400000045],[23.765238700000054,38.065334300000075],[23.764958900000067,38.065427200000045],[23.764874600000041,38.065359200000046],[23.764797300000055,38.065329400000053],[23.76470560000007,38.065308900000048],[23.764697600000034,38.065298400000074],[23.764707900000076,38.065288200000055],[23.76527290000007,38.06506660000008],[23.765292500000044,38.065067800000065],[23.765388800000039,38.065240700000061]]]},"properties":{"fid":268,"leisure":"garden","name":null,"shapearea_m":1181.8382976107243}},{"type":"Feature","id":269,"geometry":{"type":"Polygon","coordinates":[[[23.738325700000075,37.933935800000029],[23.738552900000059,37.933605900000032],[23.738743000000056,37.933677200000034],[23.739083300000061,37.933804200000054],[23.739116200000069,37.933844900000054],[23.739112200000022,37.933874500000059],[23.739010200000052,37.933932700000071],[23.738900300000068,37.933999300000039],[23.738683000000037,37.934154300000046],[23.738607900000034,37.934256400000038],[23.738581100000033,37.934264300000052],[23.738543500000048,37.934257400000035],[23.738361100000077,37.934147400000029],[23.738253200000031,37.93406710000005],[23.738325700000075,37.933935800000029]]]},"properties":{"fid":269,"leisure":"garden","name":"Βοτανικός Κήπος Αγίου Δημητρίου","shapearea_m":2901.6193222529942}},{"type":"Feature","id":270,"geometry":{"type":"Polygon","coordinates":[[[23.654023700000039,37.936785400000076],[23.654104200000063,37.936615800000027],[23.654344900000069,37.936689100000081],[23.654247500000054,37.936865600000033],[23.654023700000039,37.936785400000076]]]},"properties":{"fid":270,"leisure":"garden","name":null,"shapearea_m":458.76923353664841}},{"type":"Feature","id":271,"geometry":{"type":"Polygon","coordinates":[[[23.635540100000071,37.929576900000029],[23.635376400000041,37.929563500000029],[23.635378400000036,37.929540800000041],[23.635314300000061,37.92953140000003],[23.635322100000053,37.929491000000041],[23.635331300000075,37.929443300000059],[23.635548700000072,37.929550600000027],[23.635540100000071,37.929576900000029]]]},"properties":{"fid":271,"leisure":"garden","name":null,"shapearea_m":147.61993904595474}},{"type":"Feature","id":272,"geometry":{"type":"Polygon","coordinates":[[[23.631060800000057,37.928084000000069],[23.631077800000071,37.927977100000078],[23.631248000000028,37.927994500000068],[23.631229000000076,37.92810030000004],[23.631060800000057,37.928084000000069]]]},"properties":{"fid":272,"leisure":"garden","name":null,"shapearea_m":178.55816996875271}},{"type":"Feature","id":273,"geometry":{"type":"Polygon","coordinates":[[[23.631048200000066,37.928164500000037],[23.631061200000033,37.928088000000059],[23.631224300000042,37.928105200000061],[23.631217700000036,37.928144100000054],[23.631212300000072,37.928181300000062],[23.631048200000066,37.928164500000037]]]},"properties":{"fid":273,"leisure":"garden","name":null,"shapearea_m":123.71264661795104}},{"type":"Feature","id":274,"geometry":{"type":"Polygon","coordinates":[[[23.631014500000049,37.928302900000062],[23.631022900000062,37.928263900000047],[23.631075400000043,37.92827230000006],[23.631079100000022,37.928258800000037],[23.631082700000036,37.928245900000036],[23.631033900000034,37.92823750000008],[23.631036000000051,37.928229700000031],[23.631186400000047,37.928255700000079],[23.631169200000045,37.928326800000036],[23.631014500000049,37.928302900000062]]]},"properties":{"fid":274,"leisure":"garden","name":null,"shapearea_m":99.266091655313232}},{"type":"Feature","id":275,"geometry":{"type":"Polygon","coordinates":[[[23.63098130000003,37.928444600000034],[23.631110700000079,37.928463400000055],[23.631085300000052,37.928549500000031],[23.63095590000006,37.928532500000074],[23.63098130000003,37.928444600000034]]]},"properties":{"fid":275,"leisure":"garden","name":null,"shapearea_m":114.2952563403186}},{"type":"Feature","id":276,"geometry":{"type":"Polygon","coordinates":[[[23.719677400000023,37.977831300000048],[23.719739400000037,37.977742700000078],[23.71987340000004,37.97780060000008],[23.719998800000042,37.977721100000053],[23.720056400000033,37.977776800000072],[23.71996340000004,37.97788840000004],[23.71989190000005,37.977874100000065],[23.719856100000072,37.977911100000028],[23.719677400000023,37.977831300000048]]]},"properties":{"fid":276,"leisure":"garden","name":null,"shapearea_m":364.08562240370401}},{"type":"Feature","id":277,"geometry":{"type":"Polygon","coordinates":[[[23.636437700000045,37.95279940000006],[23.636439800000062,37.952683200000024],[23.636449900000059,37.952680000000043],[23.636615600000027,37.952797000000032],[23.636602400000072,37.952801900000054],[23.636437700000045,37.95279940000006]]]},"properties":{"fid":277,"leisure":"garden","name":null,"shapearea_m":113.25332050175371}},{"type":"Feature","id":278,"geometry":{"type":"Polygon","coordinates":[[[23.733498000000054,37.981530500000076],[23.733752200000026,37.981664100000046],[23.733931700000028,37.981451900000025],[23.733677500000056,37.981318400000077],[23.733751200000029,37.98123140000007],[23.734084500000051,37.981406600000071],[23.733834800000068,37.981701600000065],[23.733821800000044,37.981714600000032],[23.733806600000037,37.981725900000072],[23.733789400000035,37.98173520000006],[23.733770700000036,37.981742500000053],[23.73375070000003,37.981747400000074],[23.733730100000059,37.981750000000034],[23.733709200000078,37.981750100000056],[23.733688500000028,37.981747800000051],[23.733668500000078,37.981743000000051],[23.733649600000035,37.981736000000069],[23.733424400000047,37.981617500000027],[23.733498000000054,37.981530500000076]]]},"properties":{"fid":278,"leisure":"garden","name":null,"shapearea_m":1021.6192273742456}},{"type":"Feature","id":279,"geometry":{"type":"Polygon","coordinates":[[[23.733566600000074,37.981505200000072],[23.733674200000053,37.981378000000063],[23.733854300000075,37.98147270000004],[23.733746800000063,37.981599800000026],[23.733566600000074,37.981505200000072]]]},"properties":{"fid":279,"leisure":"garden","name":null,"shapearea_m":322.63543894165747}},{"type":"Feature","id":280,"geometry":{"type":"Polygon","coordinates":[[[23.734798800000078,37.981685600000048],[23.734761700000035,37.981741900000031],[23.734361800000045,37.98153190000005],[23.734408300000041,37.981485100000043],[23.734798800000078,37.981685600000048]]]},"properties":{"fid":280,"leisure":"garden","name":null,"shapearea_m":282.3254353483722}},{"type":"Feature","id":281,"geometry":{"type":"Polygon","coordinates":[[[23.734873800000059,37.981701700000031],[23.735298500000056,37.981915500000071],[23.73521850000003,37.981971900000076],[23.734793800000034,37.981758100000036],[23.734873800000059,37.981701700000031]]]},"properties":{"fid":281,"leisure":"garden","name":null,"shapearea_m":400.36678351986615}},{"type":"Feature","id":282,"geometry":{"type":"Polygon","coordinates":[[[23.735249200000055,37.981987300000071],[23.735329300000046,37.981931000000031],[23.735510800000043,37.981706900000063],[23.73556700000006,37.98173010000005],[23.735375900000065,37.981966000000057],[23.735370800000055,37.981971300000055],[23.735366000000056,37.981975800000043],[23.735360800000024,37.981979900000056],[23.735355100000049,37.981983700000058],[23.735349100000064,37.981987100000026],[23.735342800000069,37.981990100000075],[23.735336200000063,37.981992700000035],[23.735329300000046,37.981994900000075],[23.735322200000041,37.981996600000059],[23.735315000000071,37.981997800000045],[23.735307600000056,37.981998600000054],[23.73530020000004,37.981998900000065],[23.735292800000025,37.981998800000042],[23.735285500000032,37.981998100000055],[23.735278200000039,37.981997000000035],[23.735271100000034,37.981995400000073],[23.735264100000052,37.981993400000079],[23.735257400000023,37.981990900000028],[23.735249200000055,37.981987300000071]]]},"properties":{"fid":282,"leisure":"garden","name":null,"shapearea_m":212.8922110811055}},{"type":"Feature","id":283,"geometry":{"type":"Polygon","coordinates":[[[23.735744600000032,37.98151450000006],[23.735682500000053,37.98158740000008],[23.735626400000058,37.981564200000037],[23.735741800000028,37.981421800000078],[23.735765600000036,37.981433800000048],[23.735798800000055,37.981451800000059],[23.735744600000032,37.98151450000006]]]},"properties":{"fid":283,"leisure":"garden","name":null,"shapearea_m":106.56748523478596}},{"type":"Feature","id":284,"geometry":{"type":"Polygon","coordinates":[[[23.735525900000027,37.981603600000028],[23.735478900000032,37.98161170000003],[23.735438300000055,37.981591200000025],[23.735428100000036,37.981554100000039],[23.735454000000061,37.981522200000029],[23.735501100000079,37.981514100000027],[23.735541600000033,37.981534600000032],[23.735551900000075,37.981571600000052],[23.735525900000027,37.981603600000028]]]},"properties":{"fid":284,"leisure":"garden","name":null,"shapearea_m":86.017962245636326}},{"type":"Feature","id":285,"geometry":{"type":"Polygon","coordinates":[[[23.735534400000063,37.981474000000048],[23.735430100000031,37.981489700000054],[23.73539130000006,37.981470200000047],[23.735398100000054,37.981461700000068],[23.735432500000059,37.981479000000036],[23.735523400000034,37.98146580000008],[23.735559100000046,37.981419900000049],[23.735572700000034,37.981426700000043],[23.735534400000063,37.981474000000048]]]},"properties":{"fid":285,"leisure":"garden","name":null,"shapearea_m":22.147009496353199}},{"type":"Feature","id":286,"geometry":{"type":"Polygon","coordinates":[[[23.735348400000078,37.981523000000038],[23.735392500000046,37.981545200000028],[23.735418400000071,37.981624900000043],[23.735386100000028,37.981663800000035],[23.735278300000061,37.98160960000007],[23.735348400000078,37.981523000000038]]]},"properties":{"fid":286,"leisure":"garden","name":null,"shapearea_m":107.70072403358932}},{"type":"Feature","id":287,"geometry":{"type":"Polygon","coordinates":[[[23.735208400000033,37.981346300000041],[23.73518880000006,37.981336400000032],[23.735144500000047,37.981234900000061],[23.735151600000052,37.981226200000037],[23.735261100000059,37.981281300000035],[23.735208400000033,37.981346300000041]]]},"properties":{"fid":287,"leisure":"garden","name":null,"shapearea_m":62.989923686579885}},{"type":"Feature","id":288,"geometry":{"type":"Polygon","coordinates":[[[23.734955200000059,37.981471200000044],[23.734962300000063,37.981462400000055],[23.735097900000028,37.981451500000048],[23.735117500000058,37.981461300000035],[23.735064800000032,37.981526400000064],[23.734955200000059,37.981471200000044]]]},"properties":{"fid":288,"leisure":"garden","name":null,"shapearea_m":63.114090737921742}},{"type":"Feature","id":289,"geometry":{"type":"Polygon","coordinates":[[[23.734910300000024,37.981573000000026],[23.735302100000069,37.981769600000064],[23.735262600000055,37.981836500000043],[23.734900700000026,37.981634900000074],[23.734893200000045,37.981600800000024],[23.734910300000024,37.981573000000026]]]},"properties":{"fid":289,"leisure":"garden","name":null,"shapearea_m":288.18416218774269}},{"type":"Feature","id":290,"geometry":{"type":"Polygon","coordinates":[[[23.735795200000041,37.981354800000076],[23.735791500000062,37.981379000000061],[23.735764300000028,37.981364300000052],[23.735771400000033,37.98134280000005],[23.735795200000041,37.981354800000076]]]},"properties":{"fid":290,"leisure":"garden","name":null,"shapearea_m":6.3849604029550546}},{"type":"Feature","id":291,"geometry":{"type":"Polygon","coordinates":[[[23.80573000000004,38.010915700000055],[23.805964000000074,38.012169300000039],[23.806422600000076,38.012604300000078],[23.805599000000029,38.012960700000065],[23.805302900000072,38.013138900000058],[23.804724800000031,38.013398700000039],[23.804434100000037,38.013563200000078],[23.804139200000066,38.013658300000031],[23.804081100000076,38.013666600000079],[23.804005700000062,38.012913900000058],[23.804046200000073,38.012912700000072],[23.804392000000064,38.013397200000043],[23.805559800000026,38.012899400000038],[23.805218400000058,38.012368400000071],[23.804025600000045,38.012877900000035],[23.803906200000029,38.011795000000063],[23.803982100000042,38.011758100000065],[23.804065300000048,38.011740700000075],[23.804263700000035,38.011599000000047],[23.804376000000047,38.011945600000047],[23.805524100000071,38.011746500000072],[23.805380600000035,38.01138270000007],[23.805343200000038,38.011390100000028],[23.805230800000061,38.01111730000008],[23.805461700000023,38.011033700000041],[23.805667600000049,38.010891100000038],[23.80573000000004,38.010915700000055]]]},"properties":{"fid":291,"leisure":"garden","name":null,"shapearea_m":25072.978337136297}},{"type":"Feature","id":292,"geometry":{"type":"Polygon","coordinates":[[[23.764668000000029,38.049582000000044],[23.764754100000061,38.049509900000032],[23.76521340000005,38.049666200000047],[23.764847700000075,38.04994350000004],[23.764810600000033,38.049914200000046],[23.764680300000066,38.049809300000049],[23.764689200000078,38.049802400000033],[23.764652100000035,38.049772800000028],[23.764677600000027,38.049752900000044],[23.764667600000053,38.049744900000064],[23.764730200000031,38.049696300000051],[23.764702400000033,38.049674100000061],[23.764743400000043,38.049642300000073],[23.764701900000034,38.049609100000055],[23.764692000000025,38.049616900000046],[23.764658000000054,38.04958970000007],[23.764668000000029,38.049582000000044]]]},"properties":{"fid":292,"leisure":"garden","name":null,"shapearea_m":1244.2099125274974}},{"type":"Feature","id":293,"geometry":{"type":"Polygon","coordinates":[[[23.698888500000066,37.929001000000028],[23.698841800000025,37.928932900000063],[23.698846500000059,37.928822300000036],[23.698734400000035,37.928669500000069],[23.698890900000038,37.928601300000025],[23.69907070000005,37.928560800000071],[23.699066000000073,37.928487100000041],[23.699117400000034,37.928501900000072],[23.699362500000063,37.92886290000007],[23.699180400000046,37.928958600000044],[23.699059000000034,37.928988100000026],[23.698888500000066,37.929001000000028]]]},"properties":{"fid":293,"leisure":"garden","name":null,"shapearea_m":1796.5833943476771}},{"type":"Feature","id":294,"geometry":{"type":"Polygon","coordinates":[[[23.710335300000054,37.909950900000069],[23.710204200000078,37.91005430000007],[23.710182000000032,37.910044700000071],[23.710145400000044,37.910046400000056],[23.710105400000032,37.910057000000052],[23.710068700000022,37.910088500000029],[23.710036500000058,37.910123500000054],[23.710032100000035,37.910069200000066],[23.710015400000032,37.910032400000034],[23.709992100000022,37.910000000000025],[23.709963800000025,37.909972300000049],[23.710186200000066,37.909829300000069],[23.710335300000054,37.909950900000069]]]},"properties":{"fid":294,"leisure":"garden","name":null,"shapearea_m":497.45191628730828}},{"type":"Feature","id":295,"geometry":{"type":"Polygon","coordinates":[[[23.701070000000072,37.921531800000025],[23.70100560000003,37.921421800000076],[23.701043200000072,37.921368900000061],[23.701180000000022,37.921351900000047],[23.701204100000041,37.921423900000036],[23.701239000000044,37.921489500000064],[23.701070000000072,37.921531800000025]]]},"properties":{"fid":295,"leisure":"garden","name":null,"shapearea_m":268.87674304366482}},{"type":"Feature","id":296,"geometry":{"type":"Polygon","coordinates":[[[23.776805900000056,38.054172400000027],[23.776911900000073,38.054281900000035],[23.776902500000062,38.054287600000066],[23.776929500000051,38.054315100000053],[23.776848800000039,38.054362500000025],[23.776719400000047,38.054223100000058],[23.776805900000056,38.054172400000027]]]},"properties":{"fid":296,"leisure":"garden","name":null,"shapearea_m":181.06867194888943}},{"type":"Feature","id":297,"geometry":{"type":"Polygon","coordinates":[[[23.77701460000003,38.054402100000061],[23.777043300000059,38.054431200000067],[23.777050000000031,38.054427500000031],[23.777158000000043,38.054538900000068],[23.777062100000023,38.054592700000057],[23.776931300000058,38.054449100000056],[23.77701460000003,38.054402100000061]]]},"properties":{"fid":297,"leisure":"garden","name":null,"shapearea_m":194.07319776905209}},{"type":"Feature","id":298,"geometry":{"type":"Polygon","coordinates":[[[23.686304800000073,37.928910500000029],[23.686335000000042,37.928877600000078],[23.68637190000004,37.928837800000053],[23.686416400000041,37.928784600000029],[23.686515300000053,37.928606900000034],[23.686534000000051,37.928574500000025],[23.68666010000004,37.928387900000075],[23.687160200000051,37.928613200000029],[23.687043900000049,37.928747600000065],[23.68694940000006,37.928876900000034],[23.686833600000057,37.929070400000057],[23.686767400000065,37.929207600000041],[23.686304800000073,37.928910500000029]]]},"properties":{"fid":298,"leisure":"garden","name":"Βοτανικός Κήπος Πάρκου Φλοίσβου","shapearea_m":3399.3096801069933}},{"type":"Feature","id":299,"geometry":{"type":"Polygon","coordinates":[[[23.697576100000049,37.92536780000006],[23.697185500000046,37.924792800000034],[23.697219200000063,37.92475150000007],[23.697600700000066,37.925355600000046],[23.697576100000049,37.92536780000006]]]},"properties":{"fid":299,"leisure":"garden","name":null,"shapearea_m":268.488579545172}},{"type":"Feature","id":300,"geometry":{"type":"Polygon","coordinates":[[[23.698925600000052,37.925275400000032],[23.698719100000062,37.924981400000036],[23.698863900000049,37.924923000000035],[23.699076500000047,37.925229300000069],[23.698925600000052,37.925275400000032]]]},"properties":{"fid":300,"leisure":"garden","name":null,"shapearea_m":539.92119234782285}},{"type":"Feature","id":301,"geometry":{"type":"Polygon","coordinates":[[[23.688934600000039,37.929660800000079],[23.688872300000071,37.929515700000024],[23.689056000000051,37.92947300000003],[23.689107400000069,37.929605600000059],[23.688934600000039,37.929660800000079]]]},"properties":{"fid":301,"leisure":"garden","name":null,"shapearea_m":268.67334783206223}},{"type":"Feature","id":302,"geometry":{"type":"Polygon","coordinates":[[[23.691405000000032,37.928106300000024],[23.691363000000024,37.928014300000029],[23.691591800000026,37.927929500000062],[23.691652500000032,37.928043700000046],[23.691405000000032,37.928106300000024]]]},"properties":{"fid":302,"leisure":"garden","name":null,"shapearea_m":276.53389007487181}},{"type":"Feature","id":303,"geometry":{"type":"Polygon","coordinates":[[[23.550846800000045,38.039480000000026],[23.550900200000058,38.039367200000072],[23.550980400000071,38.039390800000035],[23.550927000000058,38.03950350000008],[23.550846800000045,38.039480000000026]]]},"properties":{"fid":303,"leisure":"garden","name":null,"shapearea_m":100.36371292778888}},{"type":"Feature","id":304,"geometry":{"type":"Polygon","coordinates":[[[23.79808440000005,38.047319100000038],[23.798200800000075,38.047551200000044],[23.797986900000069,38.047610600000041],[23.797903800000029,38.047633700000063],[23.797656300000028,38.047089400000061],[23.797727200000054,38.047065400000065],[23.797938800000054,38.046993800000052],[23.79808440000005,38.047319100000038]]]},"properties":{"fid":304,"leisure":"garden","name":null,"shapearea_m":1756.2287330980871}},{"type":"Feature","id":305,"geometry":{"type":"Polygon","coordinates":[[[23.797932200000048,38.049421500000051],[23.797998500000062,38.049579200000039],[23.797929100000033,38.049590100000046],[23.797815100000037,38.049593800000025],[23.797636400000044,38.049587700000075],[23.797413100000028,38.049569500000075],[23.797932200000048,38.049421500000051]]]},"properties":{"fid":305,"leisure":"garden","name":null,"shapearea_m":510.88481625091987}},{"type":"Feature","id":306,"geometry":{"type":"Polygon","coordinates":[[[23.797554700000035,38.026173700000072],[23.797717100000057,38.026337000000069],[23.797558800000047,38.026434600000073],[23.797396500000048,38.026271400000041],[23.797554700000035,38.026173700000072]]]},"properties":{"fid":306,"leisure":"garden","name":null,"shapearea_m":406.27478231475658}},{"type":"Feature","id":307,"geometry":{"type":"Polygon","coordinates":[[[23.75917400000003,37.965260800000067],[23.76012140000006,37.964742200000046],[23.760168200000066,37.964722100000074],[23.760268200000041,37.964725400000077],[23.760323600000049,37.964688500000079],[23.760425800000064,37.964676800000063],[23.760521600000061,37.964691900000048],[23.76057110000005,37.964718900000037],[23.760623800000076,37.96471710000003],[23.760651400000029,37.96464990000004],[23.760696100000075,37.964621400000055],[23.760689800000023,37.96457440000006],[23.760655700000029,37.964532400000053],[23.760683400000062,37.964436800000044],[23.760696100000075,37.964349500000026],[23.760713200000055,37.964331000000072],[23.761375300000054,37.963970200000063],[23.761709500000052,37.964362900000026],[23.759480600000074,37.965604900000073],[23.75917400000003,37.965260800000067]]]},"properties":{"fid":307,"leisure":"garden","name":null,"shapearea_m":10976.503636798176}},{"type":"Feature","id":308,"geometry":{"type":"Polygon","coordinates":[[[23.878036500000064,38.006646000000046],[23.878091500000039,38.006739000000039],[23.878546100000051,38.007572700000026],[23.878684300000032,38.007824700000072],[23.878725800000041,38.007860700000037],[23.878756000000067,38.00787280000003],[23.878805600000078,38.00787390000005],[23.878872000000058,38.007864900000072],[23.87890150000004,38.007856400000037],[23.878938400000038,38.007861200000036],[23.878980700000056,38.007876500000066],[23.879024900000047,38.00790870000003],[23.879070500000068,38.007958400000064],[23.879096000000061,38.008002800000042],[23.879110700000069,38.008051400000056],[23.879114800000025,38.008085200000039],[23.879112100000043,38.008140200000071],[23.879095300000074,38.008191900000043],[23.879060400000071,38.008246900000074],[23.879012200000034,38.00829710000005],[23.878967200000034,38.008327700000052],[23.878910900000051,38.008357800000056],[23.878844500000071,38.008382100000063],[23.878776100000039,38.008394800000076],[23.87869900000004,38.00839110000004],[23.878629300000057,38.008381100000065],[23.878560200000038,38.008357800000056],[23.878511900000035,38.008335600000066],[23.878459600000042,38.008298700000068],[23.878408700000023,38.008232100000043],[23.878381800000057,38.008185600000047],[23.878366400000061,38.008143300000029],[23.878360400000076,38.008090500000037],[23.878363100000058,38.00804190000008],[23.878340900000069,38.008044000000041],[23.87830880000007,38.00794570000005],[23.878298000000029,38.007879200000048],[23.878269200000034,38.007844300000045],[23.878245100000072,38.007790900000032],[23.878158600000063,38.007619700000078],[23.878104900000039,38.007534700000065],[23.877978800000051,38.007365100000072],[23.877915800000039,38.007286900000054],[23.877848800000038,38.007201300000077],[23.877895000000024,38.007182300000068],[23.877881600000023,38.007155300000079],[23.877870200000075,38.007124700000077],[23.877862800000059,38.007093500000053],[23.877861500000051,38.00706340000005],[23.87780790000005,38.007064400000047],[23.877809900000045,38.00702160000003],[23.87781590000003,38.006977800000072],[23.877819300000056,38.006928100000039],[23.87782930000003,38.006888500000059],[23.877850100000046,38.006860500000073],[23.877889700000026,38.006833500000027],[23.87794400000007,38.006811400000061],[23.877982200000076,38.006763300000046],[23.87801440000004,38.006704600000035],[23.878036500000064,38.006646000000046]]]},"properties":{"fid":308,"leisure":"garden","name":null,"shapearea_m":7826.4238352957618}},{"type":"Feature","id":309,"geometry":{"type":"Polygon","coordinates":[[[23.879830500000025,38.138772300000028],[23.879788400000052,38.138745800000038],[23.879777100000069,38.138565700000072],[23.879809400000056,38.138553500000057],[23.879846000000043,38.138559100000066],[23.879923200000064,38.138654100000053],[23.879913400000078,38.138724800000034],[23.879865600000073,38.138761200000033],[23.879830500000025,38.138772300000028]]]},"properties":{"fid":309,"leisure":"garden","name":null,"shapearea_m":226.59204911761631}},{"type":"Feature","id":310,"geometry":{"type":"Polygon","coordinates":[[[23.544416400000046,38.044437500000072],[23.544435300000032,38.044456500000024],[23.544445300000064,38.044479400000057],[23.544445300000064,38.044503500000076],[23.544435400000054,38.044526400000052],[23.544416600000034,38.044545500000027],[23.544390900000053,38.044558700000039],[23.544361200000026,38.04456470000008],[23.544330600000023,38.044562700000029],[23.544302500000072,38.04455310000003],[23.544279900000049,38.044536700000037],[23.544265200000041,38.044515500000045],[23.544260100000031,38.044491600000072],[23.544265200000041,38.044467800000064],[23.544279700000061,38.044446500000049],[23.544302300000027,38.044430100000056],[23.544330400000035,38.044420400000035],[23.544360900000072,38.04441840000004],[23.544390700000065,38.04442430000006],[23.544416400000046,38.044437500000072]]]},"properties":{"fid":310,"leisure":"garden","name":null,"shapearea_m":205.66045734563974}},{"type":"Feature","id":311,"geometry":{"type":"Polygon","coordinates":[[[23.736509100000035,37.969931600000052],[23.73656040000003,37.969813000000045],[23.736579900000038,37.969829900000036],[23.736599300000023,37.969848300000081],[23.736617900000056,37.969868100000042],[23.736635700000022,37.96988900000008],[23.736652500000048,37.969911100000047],[23.73666170000007,37.969924800000058],[23.736546000000033,37.969970700000033],[23.736539500000049,37.969962200000055],[23.736532400000044,37.969953800000042],[23.736524900000063,37.969945800000062],[23.736517100000071,37.969938400000046],[23.736509100000035,37.969931600000052]]]},"properties":{"fid":311,"leisure":"garden","name":null,"shapearea_m":121.69617254258428}},{"type":"Feature","id":312,"geometry":{"type":"Polygon","coordinates":[[[23.736356400000034,37.970046000000025],[23.736240600000031,37.970092000000079],[23.736232200000074,37.970078000000058],[23.736219700000049,37.97005420000005],[23.736208900000065,37.970030500000064],[23.736199900000031,37.970007000000066],[23.736192500000072,37.969983700000057],[23.736186900000064,37.969960800000024],[23.736184000000037,37.969943800000067],[23.736337100000071,37.96999210000007],[23.736338300000057,37.969999200000075],[23.736340600000062,37.970008500000063],[23.736343500000032,37.970017800000051],[23.736347200000068,37.970027300000027],[23.736351500000069,37.970036800000059],[23.736356400000034,37.970046000000025]]]},"properties":{"fid":312,"leisure":"garden","name":null,"shapearea_m":139.16977069421165}},{"type":"Feature","id":313,"geometry":{"type":"Polygon","coordinates":[[[23.736405400000024,37.970104400000025],[23.736354100000028,37.970222900000067],[23.736334700000043,37.970206200000064],[23.736315400000024,37.970187800000076],[23.736296800000048,37.970168000000058],[23.736279000000025,37.970147100000077],[23.736262200000056,37.970125000000053],[23.736252900000068,37.970111300000042],[23.736368700000071,37.970065300000044],[23.736375200000055,37.970073900000045],[23.736382300000059,37.970082300000058],[23.73638980000004,37.970090300000038],[23.736397600000032,37.970097700000053],[23.736405400000024,37.970104400000025]]]},"properties":{"fid":313,"leisure":"garden","name":null,"shapearea_m":121.49005371993644}},{"type":"Feature","id":314,"geometry":{"type":"Polygon","coordinates":[[[23.736486900000045,37.969916000000069],[23.736483200000066,37.969913700000063],[23.736474200000032,37.969908900000064],[23.736465100000032,37.969904700000029],[23.736455800000044,37.969901100000072],[23.736446500000056,37.969898200000046],[23.736437100000046,37.969896000000062],[23.736427700000036,37.969894500000066],[23.73641820000006,37.969893900000045],[23.736408800000049,37.969894000000068],[23.736399600000027,37.969895000000065],[23.736394700000062,37.969896100000028],[23.736357600000076,37.969838000000038],[23.736358200000041,37.969837600000062],[23.736360600000069,37.969835500000045],[23.736362700000029,37.969833200000039],[23.736364700000024,37.969830900000034],[23.736366400000065,37.96982840000004],[23.736367800000039,37.969825800000081],[23.736369000000025,37.969823200000064],[23.736369900000057,37.969820500000026],[23.736370600000043,37.969817700000078],[23.736371000000076,37.969814900000074],[23.736371100000042,37.969812000000047],[23.736371000000076,37.969809200000043],[23.736370600000043,37.969806300000073],[23.736369900000057,37.969803400000046],[23.736368900000059,37.969800600000042],[23.736367500000028,37.969797700000072],[23.736365900000067,37.969795000000033],[23.73636410000006,37.969792300000051],[23.736362000000042,37.969789800000058],[23.736359700000037,37.969787500000052],[23.736357200000043,37.969785300000069],[23.736354500000061,37.969783300000074],[23.736351600000035,37.969781500000067],[23.736348700000065,37.969779900000049],[23.736345500000027,37.969778500000075],[23.736342300000047,37.969777300000032],[23.736339000000044,37.969776200000069],[23.736335600000075,37.96977540000006],[23.736332100000027,37.969774800000039],[23.736328600000036,37.969774400000063],[23.736325000000022,37.969774200000074],[23.736321500000031,37.96977430000004],[23.736317900000074,37.969774600000051],[23.736314400000026,37.969775100000049],[23.736310800000069,37.969775800000036],[23.736307300000078,37.969776800000034],[23.736303900000053,37.969778000000076],[23.736300700000072,37.96977940000005],[23.736297600000057,37.969781000000069],[23.73629470000003,37.969782800000075],[23.736292100000071,37.96978480000007],[23.736289700000043,37.969786900000031],[23.73628750000006,37.969789100000071],[23.736285600000031,37.969791500000042],[23.736283900000046,37.969794000000036],[23.736282500000073,37.969796500000029],[23.73628130000003,37.969799200000068],[23.736280400000055,37.96980190000005],[23.736279700000068,37.969804600000032],[23.736279300000035,37.969807500000059],[23.73627920000007,37.969810300000063],[23.736279300000035,37.969813200000033],[23.736279700000068,37.96981610000006],[23.736280400000055,37.969818900000064],[23.736281400000053,37.969821800000034],[23.736282700000061,37.969824600000038],[23.736284300000023,37.969827400000042],[23.736286200000052,37.969830000000059],[23.736288300000069,37.969832600000075],[23.736290600000075,37.96983490000008],[23.736293100000069,37.969837000000041],[23.73629580000005,37.969839000000036],[23.736298600000055,37.969840800000043],[23.736301600000047,37.969842400000061],[23.736304700000062,37.969843900000058],[23.736308000000065,37.969845100000043],[23.736311300000068,37.969846100000041],[23.736314700000037,37.96984690000005],[23.736318200000028,37.969847500000071],[23.736321700000076,37.969847900000048],[23.736325200000067,37.969848100000036],[23.736328800000024,37.969848100000036],[23.736332400000038,37.969847800000025],[23.736333200000047,37.969847700000059],[23.736370300000033,37.969905800000049],[23.736366300000043,37.969908200000077],[23.736359800000059,37.969913500000075],[23.736354000000063,37.969919300000072],[23.736349100000041,37.969925700000033],[23.736345000000028,37.96993260000005],[23.73634160000006,37.969939900000043],[23.736339100000066,37.969947500000046],[23.736337200000037,37.969955500000026],[23.736336000000051,37.969963800000073],[23.736335800000063,37.969968400000027],[23.736181100000067,37.969919600000026],[23.736180800000056,37.969916600000033],[23.736180200000035,37.969895400000041],[23.736181300000055,37.969875100000024],[23.736184000000037,37.969855600000074],[23.73618840000006,37.969837100000063],[23.736194300000022,37.969819700000073],[23.736201700000038,37.969803500000069],[23.736210700000072,37.969788600000072],[23.736221100000023,37.969775100000049],[23.736232900000061,37.969762900000035],[23.736246200000039,37.969752300000039],[23.736260800000025,37.969743200000039],[23.736276900000064,37.969735700000058],[23.736294200000032,37.969730000000027],[23.736312200000043,37.969726100000059],[23.736330900000041,37.969724000000042],[23.736350300000026,37.969723800000054],[23.736370300000033,37.969725200000028],[23.736390800000038,37.969728400000065],[23.736411700000076,37.969733400000052],[23.736433000000034,37.969740000000058],[23.736454400000071,37.969748200000026],[23.736475900000073,37.969758100000035],[23.736497300000053,37.969769500000041],[23.736518500000045,37.969782400000042],[23.73653870000004,37.969796300000041],[23.736486900000045,37.969916000000069]]]},"properties":{"fid":314,"leisure":"garden","name":null,"shapearea_m":499.048682262623}},{"type":"Feature","id":315,"geometry":{"type":"Polygon","coordinates":[[[23.736615800000038,37.97024220000003],[23.736616400000059,37.970241700000031],[23.736618800000031,37.97023960000007],[23.736621000000071,37.97023740000003],[23.736622900000043,37.970235000000059],[23.736624600000027,37.970232600000031],[23.736626100000024,37.970230000000072],[23.736627300000066,37.970227400000056],[23.736628200000041,37.970224600000051],[23.736628900000028,37.97022190000007],[23.736629300000061,37.970219000000043],[23.736629400000027,37.970216200000038],[23.736629300000061,37.970213300000069],[23.736628800000062,37.970210500000064],[23.736628100000075,37.970207600000037],[23.736627100000078,37.970204700000068],[23.73662580000007,37.970201900000063],[23.736624200000051,37.970199100000059],[23.736622300000079,37.970196500000043],[23.736620200000061,37.970194000000049],[23.736617900000056,37.970191600000078],[23.736615400000062,37.97018950000006],[23.736612700000023,37.970187500000065],[23.736609900000076,37.970185700000059],[23.736606900000027,37.97018410000004],[23.736603800000069,37.970182700000066],[23.736600600000031,37.970181400000058],[23.736597300000028,37.970180400000061],[23.736593900000059,37.970179600000051],[23.736590400000068,37.97017900000003],[23.736586900000077,37.970178600000054],[23.736583300000063,37.970178400000066],[23.73657970000005,37.970178400000066],[23.736576200000059,37.970178700000076],[23.736575400000049,37.970178800000042],[23.736544400000071,37.970130300000051],[23.736548400000061,37.97012790000008],[23.736554900000044,37.970122600000025],[23.736560700000041,37.970116700000062],[23.736565600000063,37.970110400000067],[23.736569700000075,37.97010350000005],[23.736573000000078,37.970096200000057],[23.736575600000037,37.970088600000054],[23.736577500000067,37.970080600000074],[23.73657860000003,37.970072300000027],[23.73657890000004,37.970068300000037],[23.736733600000036,37.970117100000039],[23.736733900000047,37.970119500000067],[23.736734500000068,37.970140700000059],[23.736733400000048,37.970161000000076],[23.736730600000044,37.970180500000026],[23.736726300000043,37.970199000000036],[23.736720400000024,37.970216400000027],[23.736713000000066,37.970232600000031],[23.736704000000032,37.970247500000028],[23.736693600000024,37.97026100000005],[23.736681800000042,37.970273200000065],[23.736668500000064,37.970283800000061],[23.736653900000078,37.970292900000061],[23.736649500000055,37.970294900000056],[23.736615800000038,37.97024220000003]]]},"properties":{"fid":315,"leisure":"garden","name":null,"shapearea_m":232.90564386844102}},{"type":"Feature","id":316,"geometry":{"type":"Polygon","coordinates":[[[23.736375800000076,37.97023960000007],[23.73642760000007,37.970120000000065],[23.736431500000037,37.970122400000037],[23.736440500000072,37.970127200000036],[23.736449600000071,37.970131400000071],[23.736458800000037,37.970135000000028],[23.736468200000047,37.970137900000054],[23.736477600000057,37.970140100000037],[23.736487000000068,37.970141600000034],[23.736496500000044,37.970142200000055],[23.736505800000032,37.970142100000032],[23.736515100000076,37.970141100000035],[23.736520000000041,37.970140000000072],[23.736551000000077,37.970188500000063],[23.736550400000056,37.970189000000062],[23.736548000000028,37.970191100000079],[23.736545800000044,37.970193300000062],[23.736543900000072,37.970195600000068],[23.736542200000031,37.970198100000061],[23.736540800000057,37.970200700000078],[23.736539600000071,37.970203300000037],[23.736538600000074,37.970206000000076],[23.736538000000053,37.97020880000008],[23.736537500000054,37.970211600000027],[23.736537400000032,37.970214500000054],[23.736537600000077,37.970217300000058],[23.736538000000053,37.970220200000028],[23.73653870000004,37.970223100000055],[23.736539700000037,37.970225900000059],[23.736541000000045,37.970228800000029],[23.736542600000064,37.970231500000068],[23.736544500000036,37.97023420000005],[23.736546600000054,37.970236700000044],[23.736548900000059,37.970239000000049],[23.736551400000053,37.970241200000032],[23.736554100000035,37.970243200000027],[23.736556900000039,37.970245000000034],[23.736559900000032,37.970246600000053],[23.736563000000046,37.970248000000026],[23.736566200000027,37.970249200000069],[23.736569600000053,37.970250300000032],[23.736573000000078,37.970251100000041],[23.736576400000047,37.970251700000063],[23.73658000000006,37.970252100000039],[23.736583500000052,37.970252300000027],[23.736587100000065,37.970252200000061],[23.736590600000056,37.970252000000073],[23.736591500000031,37.970251800000028],[23.736625100000026,37.970304600000077],[23.736620500000072,37.970306100000073],[23.73660250000006,37.97031000000004],[23.736583800000062,37.970312100000058],[23.736564400000077,37.970312300000046],[23.736544400000071,37.970310900000072],[23.736523900000066,37.970307700000035],[23.736502900000062,37.970302700000047],[23.73648170000007,37.970296100000041],[23.736460300000033,37.970287900000073],[23.73643880000003,37.970278000000064],[23.73641740000005,37.970266600000059],[23.736396200000058,37.970253600000035],[23.736375800000076,37.97023960000007]]]},"properties":{"fid":316,"leisure":"garden","name":null,"shapearea_m":252.91019710275532}},{"type":"Feature","id":317,"geometry":{"type":"Polygon","coordinates":[[[23.736577700000055,37.970044600000051],[23.736576400000047,37.970036900000025],[23.736574100000041,37.970027600000037],[23.736571100000049,37.970018200000027],[23.736567500000035,37.970008800000073],[23.736563200000035,37.96999930000004],[23.73655830000007,37.969990000000053],[23.736674100000073,37.969944100000077],[23.736682500000029,37.969958100000042],[23.736695000000054,37.96998190000005],[23.736705800000038,37.970005600000036],[23.736714800000073,37.970029100000033],[23.736722100000065,37.970052400000043],[23.73672780000004,37.970075300000076],[23.736730800000032,37.970092900000054],[23.736577700000055,37.970044600000051]]]},"properties":{"fid":317,"leisure":"garden","name":null,"shapearea_m":140.05592954663823}},{"type":"Feature","id":318,"geometry":{"type":"Polygon","coordinates":[[[23.736880300000053,37.970140000000072],[23.736759600000028,37.970102000000054],[23.736758900000041,37.970095400000048],[23.736754800000028,37.970071800000028],[23.736748900000066,37.970047700000066],[23.73674120000004,37.970023400000059],[23.73673180000003,37.969998800000042],[23.736720500000047,37.969974100000059],[23.736707500000023,37.969949300000053],[23.736698500000045,37.969934300000034],[23.736850400000037,37.969874000000061],[23.736932900000056,37.970091100000047],[23.736932600000046,37.97009120000007],[23.736931500000026,37.970091700000069],[23.736929800000041,37.970092500000078],[23.736927600000058,37.970093600000041],[23.736924800000054,37.970094900000049],[23.736921700000039,37.970096400000045],[23.736918200000048,37.970098200000052],[23.736914500000069,37.970100200000047],[23.736910600000044,37.97010240000003],[23.736906600000054,37.970104700000036],[23.736902500000042,37.970107100000064],[23.73689840000003,37.97010970000008],[23.736894500000062,37.970112400000062],[23.73689070000006,37.970115200000066],[23.736887100000047,37.970118100000036],[23.736883900000066,37.970121000000063],[23.736881100000062,37.970123900000033],[23.736878700000034,37.97012680000006],[23.736876800000061,37.970129800000052],[23.736875600000076,37.970132600000056],[23.736876400000028,37.970134300000041],[23.736877800000059,37.970136500000081],[23.736879700000031,37.970139200000062],[23.736880300000053,37.970140000000072]]]},"properties":{"fid":318,"leisure":"garden","name":null,"shapearea_m":351.96331157810454}},{"type":"Feature","id":319,"geometry":{"type":"Polygon","coordinates":[[[23.736078100000043,37.970180700000071],[23.736228500000038,37.970121000000063],[23.736238400000047,37.970135600000049],[23.73625590000006,37.970158600000047],[23.73627440000007,37.970180500000026],[23.736293800000055,37.970201100000054],[23.736314100000072,37.970220400000073],[23.736335100000076,37.970238400000028],[23.736350500000071,37.970250400000054],[23.736356700000044,37.970255100000031],[23.736378800000068,37.970270300000038],[23.736401300000068,37.970284100000072],[23.736424200000044,37.97029630000003],[23.736447400000031,37.970306900000026],[23.736470600000075,37.97031590000006],[23.73649400000005,37.970323200000053],[23.73651730000006,37.970328600000073],[23.736540500000046,37.970332300000052],[23.736563400000023,37.970333900000071],[23.736586000000045,37.97033360000006],[23.736608100000069,37.970331200000032],[23.736629500000049,37.970326500000056],[23.736650100000077,37.970319700000061],[23.736669300000074,37.970310700000027],[23.73668680000003,37.970299900000043],[23.73670240000007,37.970287400000075],[23.736716200000046,37.970273300000031],[23.736728200000073,37.970257700000047],[23.73673830000007,37.970240900000078],[23.736746500000038,37.970222900000067],[23.736753000000078,37.970203800000036],[23.736757700000055,37.970183700000064],[23.736760700000048,37.97016270000006],[23.736761800000068,37.970140900000047],[23.736761400000034,37.970125800000062],[23.736904300000049,37.970170900000028],[23.736907200000076,37.970174500000041],[23.736910400000056,37.970178300000043],[23.736913300000026,37.970181800000034],[23.736915900000042,37.970185000000072],[23.736918200000048,37.970187800000076],[23.736920000000055,37.970190100000025],[23.736921500000051,37.970191800000066],[23.736922400000026,37.970192900000029],[23.736922700000036,37.970193300000062],[23.736852000000056,37.970230800000024],[23.736856400000079,37.970248800000036],[23.736859300000049,37.970266000000038],[23.736860800000045,37.970282500000053],[23.736860900000067,37.970298300000024],[23.736859800000047,37.970313400000066],[23.736857600000064,37.970327800000064],[23.736854300000061,37.970341500000075],[23.736850000000061,37.970354600000064],[23.736844800000028,37.970367100000033],[23.736838900000066,37.970379000000037],[23.736832100000072,37.970390300000076],[23.736824800000022,37.970401000000038],[23.736816900000065,37.97041130000008],[23.736808500000052,37.970421000000044],[23.736799800000028,37.970430300000032],[23.736790800000051,37.970439100000078],[23.736781500000063,37.970447500000034],[23.736772100000053,37.970455500000071],[23.736762700000043,37.970463000000052],[23.736753400000055,37.970470200000079],[23.736742200000037,37.970477800000026],[23.736727700000074,37.97048650000005],[23.736710200000061,37.970496000000026],[23.736690100000033,37.970506300000068],[23.736668000000066,37.970517200000074],[23.736644200000057,37.970528500000057],[23.736619100000041,37.970540100000051],[23.736593200000073,37.970551900000032],[23.736566900000071,37.970563500000026],[23.736540700000035,37.970575000000053],[23.736514900000032,37.970586100000048],[23.736490100000026,37.970596800000067],[23.736466500000063,37.970606700000076],[23.73644470000005,37.970615900000041],[23.736425100000076,37.970624000000043],[23.73640800000004,37.970631000000026],[23.736394100000041,37.970636800000079],[23.736383500000045,37.97064110000008],[23.736376900000039,37.970643800000062],[23.736374600000033,37.970644700000037],[23.736078100000043,37.970180700000071]]]},"properties":{"fid":319,"leisure":"garden","name":null,"shapearea_m":1934.1747011907637}},{"type":"Feature","id":320,"geometry":{"type":"Polygon","coordinates":[[[23.736216100000036,37.970101700000043],[23.736065800000063,37.970161400000052],[23.735848000000033,37.969820600000048],[23.736641100000043,37.969505600000048],[23.736713800000075,37.969514300000071],[23.736842500000023,37.969853000000057],[23.736686200000065,37.969915100000037],[23.736676300000056,37.969900500000051],[23.736658800000043,37.969877500000052],[23.736640300000033,37.969855600000074],[23.736620900000048,37.969835000000046],[23.736600600000031,37.969815700000026],[23.736579600000027,37.969797600000049],[23.736564000000044,37.96978560000008],[23.736558000000059,37.969781000000069],[23.736535900000035,37.969765800000062],[23.73651330000007,37.969752000000028],[23.736490400000037,37.96973980000007],[23.736467300000072,37.969729200000074],[23.736444000000063,37.96972020000004],[23.736420700000053,37.969712900000047],[23.736397400000044,37.969707500000027],[23.736374200000057,37.969703800000048],[23.736351300000024,37.969702100000063],[23.736328700000058,37.969702500000039],[23.736306600000034,37.969704900000067],[23.736285200000054,37.969709500000079],[23.736264600000027,37.969716400000038],[23.736245300000064,37.969725400000073],[23.736227900000074,37.969736200000057],[23.736212200000068,37.969748700000025],[23.736198400000035,37.969762800000069],[23.736186500000031,37.969778400000052],[23.736176400000033,37.969795200000078],[23.736168100000043,37.969813200000033],[23.736161600000059,37.969832300000064],[23.736156900000026,37.969852400000036],[23.736154000000056,37.96987340000004],[23.73615280000007,37.969895200000053],[23.736153400000035,37.969917700000053],[23.736154500000055,37.969928000000039],[23.736155800000063,37.969940700000052],[23.736159900000075,37.969964300000072],[23.736165800000038,37.969988400000034],[23.736173400000041,37.970012700000041],[23.736182900000074,37.970037300000058],[23.736194100000034,37.970062000000041],[23.736207200000024,37.970086800000047],[23.736216100000036,37.970101700000043]]]},"properties":{"fid":320,"leisure":"garden","name":null,"shapearea_m":2077.4252499713684}},{"type":"Feature","id":321,"geometry":{"type":"Polygon","coordinates":[[[23.735257000000047,37.970723200000066],[23.735272200000054,37.970732500000054],[23.73529510000003,37.970744700000068],[23.735318200000052,37.970755300000064],[23.735341500000061,37.970764300000042],[23.735364900000036,37.970771600000035],[23.735388200000045,37.970777100000078],[23.735411300000067,37.970780700000034],[23.735434300000065,37.970782400000076],[23.735456900000031,37.970782000000042],[23.735479000000055,37.970779600000071],[23.735500400000035,37.97077500000006],[23.735521000000062,37.970768100000043],[23.735540300000025,37.970759100000066],[23.735557700000072,37.970748300000025],[23.735573400000078,37.970735800000057],[23.735587200000055,37.97072170000007],[23.735599100000059,37.970706100000029],[23.735609200000056,37.97068930000006],[23.735617500000046,37.970671300000049],[23.73562400000003,37.970652200000075],[23.735628700000063,37.970632100000046],[23.735631600000033,37.970611100000042],[23.735632800000076,37.970589300000029],[23.735632200000055,37.970566800000029],[23.735629800000027,37.97054380000003],[23.735628700000063,37.970537000000036],[23.735625700000071,37.970520200000067],[23.735619800000052,37.970496100000048],[23.735612200000048,37.970471800000041],[23.735602700000072,37.970447200000081],[23.735591500000055,37.970422500000041],[23.735578400000065,37.970397700000035],[23.735569400000031,37.970382800000039],[23.735719800000027,37.97032310000003],[23.736016300000074,37.97078700000003],[23.736013900000046,37.970787900000062],[23.736007200000074,37.970790500000078],[23.735996600000078,37.970794600000033],[23.735982400000069,37.970800100000076],[23.735965100000044,37.970806700000026],[23.735945100000038,37.970814200000063],[23.735922800000026,37.970822600000076],[23.735898700000064,37.970831600000054],[23.735873000000026,37.970841000000064],[23.735846400000071,37.970850700000028],[23.735819000000049,37.970860500000072],[23.735791500000062,37.970870200000036],[23.73576410000004,37.970879700000069],[23.735737400000062,37.97088860000008],[23.735711700000024,37.970897000000036],[23.735687400000074,37.970904500000074],[23.73566500000004,37.97091110000008],[23.735644800000046,37.970916500000044],[23.735627300000033,37.970920600000056],[23.735613000000058,37.97092310000005],[23.735600100000056,37.970924700000069],[23.735586700000056,37.970926200000065],[23.735573000000045,37.970927400000051],[23.735559000000023,37.970928300000026],[23.735544600000026,37.970928800000024],[23.73553000000004,37.970928800000024],[23.735515100000043,37.970928300000026],[23.735499900000036,37.970927200000062],[23.735484600000063,37.970925400000056],[23.735469100000046,37.970922900000062],[23.73545340000004,37.970919600000059],[23.735437600000068,37.970915500000046],[23.735421700000074,37.970910400000037],[23.735405700000058,37.970904300000029],[23.735389700000042,37.970897200000024],[23.735373700000025,37.970888900000034],[23.735357700000066,37.970879400000058],[23.735341800000072,37.97086870000004],[23.735325900000078,37.970856600000047],[23.735310200000072,37.970843100000025],[23.735229900000036,37.970865500000059],[23.735229700000048,37.970865100000026],[23.735229100000026,37.97086390000004],[23.735228200000051,37.970862000000068],[23.735227000000066,37.970859400000052],[23.73522550000007,37.970856300000037],[23.735223800000028,37.97085270000008],[23.735222000000078,37.970848800000056],[23.735219900000061,37.970844600000078],[23.735217900000066,37.970840400000043],[23.735257000000047,37.970723200000066]]]},"properties":{"fid":321,"leisure":"garden","name":null,"shapearea_m":1933.8931310366838}},{"type":"Feature","id":322,"geometry":{"type":"Polygon","coordinates":[[[23.735099400000024,37.970569400000045],[23.735109200000068,37.970584000000031],[23.735126700000023,37.97060700000003],[23.735145300000056,37.970628900000065],[23.735164700000041,37.970649500000036],[23.735185000000058,37.970668800000055],[23.735205900000039,37.970686900000032],[23.735227500000065,37.97070350000007],[23.735233900000026,37.970707900000036],[23.73520080000003,37.970806900000071],[23.735200400000053,37.970806100000061],[23.735198700000069,37.970803300000057],[23.735197300000038,37.970801100000074],[23.735196100000053,37.970799600000078],[23.735192400000074,37.970798700000046],[23.735188300000061,37.970798100000025],[23.735183900000038,37.970797900000036],[23.735179300000027,37.970797900000036],[23.735174400000062,37.970798200000047],[23.735169400000075,37.970798800000068],[23.735164300000065,37.970799500000055],[23.735159200000055,37.97080040000003],[23.735154100000045,37.97080150000005],[23.735149200000023,37.97080260000007],[23.735144400000024,37.970803800000056],[23.735139900000036,37.970805000000041],[23.735135600000035,37.970806100000061],[23.735131800000033,37.970807300000047],[23.735128300000042,37.970808300000044],[23.73512530000005,37.970809300000042],[23.735122900000079,37.970810100000051],[23.735121100000072,37.970810700000072],[23.735120000000052,37.970811100000049],[23.735119600000075,37.970811200000071],[23.734947500000033,37.97062980000004],[23.735099400000024,37.970569400000045]]]},"properties":{"fid":322,"leisure":"garden","name":null,"shapearea_m":351.85315750964048}},{"type":"Feature","id":323,"geometry":{"type":"Polygon","coordinates":[[[23.735415400000022,37.970578800000055],[23.735419300000046,37.970576300000062],[23.735425900000052,37.970571000000064],[23.735431600000027,37.970565200000067],[23.735436500000048,37.970558800000049],[23.735440600000061,37.970551900000032],[23.73544400000003,37.970544600000039],[23.735446600000046,37.970537000000036],[23.735448500000075,37.970529000000056],[23.735449600000038,37.970520700000066],[23.735450100000037,37.97051220000003],[23.735450000000071,37.970508300000063],[23.73560260000005,37.970546700000057],[23.735604800000033,37.970567900000049],[23.735605300000032,37.970589100000041],[23.735604200000068,37.970609400000058],[23.73560150000003,37.970628900000065],[23.735597200000029,37.970647400000075],[23.735591300000067,37.970664800000065],[23.735583800000029,37.97068100000007],[23.735574900000074,37.970695900000067],[23.735564500000066,37.970709400000032],[23.735552700000028,37.970721500000025],[23.73553940000005,37.970732200000043],[23.735524700000042,37.970741300000043],[23.735520500000064,37.970743200000072],[23.735486800000047,37.970690500000046],[23.735487300000045,37.97069010000007],[23.735489700000073,37.970688000000052],[23.735491900000056,37.970685800000069],[23.735493800000029,37.970683400000041],[23.73549550000007,37.97068100000007],[23.735497000000066,37.970678400000054],[23.735498200000052,37.970675700000072],[23.735499100000027,37.970673000000033],[23.735499800000071,37.970670300000052],[23.735500200000047,37.970667400000025],[23.735500300000069,37.970664600000077],[23.735500200000047,37.970661700000051],[23.735499700000048,37.970658800000024],[23.735499000000061,37.970656000000076],[23.735498000000064,37.97065310000005],[23.735496700000056,37.970650300000045],[23.735495100000037,37.970647500000041],[23.735493200000064,37.970644900000025],[23.735491100000047,37.970642400000031],[23.735488800000041,37.97064000000006],[23.735486300000048,37.970637900000042],[23.735483600000066,37.970635900000048],[23.735480800000062,37.970634100000041],[23.735477800000069,37.970632500000079],[23.735474700000054,37.970631100000048],[23.735471500000074,37.97062980000004],[23.735468200000071,37.970628800000043],[23.735464800000045,37.970628000000033],[23.735461300000054,37.970627400000069],[23.735457800000063,37.970627000000036],[23.735454200000049,37.970626800000048],[23.735450600000036,37.970626800000048],[23.735447100000044,37.970627100000058],[23.735446300000035,37.970627200000024],[23.735415400000022,37.970578800000055]]]},"properties":{"fid":323,"leisure":"garden","name":null,"shapearea_m":252.71037749119864}},{"type":"Feature","id":324,"geometry":{"type":"Polygon","coordinates":[[[23.73526460000005,37.970700400000055],[23.735307000000034,37.970573300000069],[23.735311300000035,37.97057570000004],[23.735320500000057,37.970579800000053],[23.735329700000023,37.970583400000066],[23.735339000000067,37.970586300000036],[23.735348400000078,37.970588500000076],[23.735357900000054,37.970590000000072],[23.735367300000064,37.970590700000059],[23.735376700000074,37.970590600000037],[23.735386000000062,37.970589500000074],[23.73539100000005,37.970588500000076],[23.735421900000063,37.970636900000045],[23.735421300000041,37.970637400000044],[23.73541890000007,37.970639500000061],[23.73541670000003,37.970641700000044],[23.735414800000058,37.97064400000005],[23.735413100000073,37.970646500000043],[23.735411600000077,37.97064910000006],[23.735410500000057,37.970651700000076],[23.73540950000006,37.970654400000058],[23.735408800000073,37.970657200000062],[23.73540840000004,37.970660000000066],[23.735408300000074,37.970662900000036],[23.735408500000062,37.97066570000004],[23.735408900000039,37.970668600000067],[23.735409600000025,37.970671500000037],[23.735410600000023,37.970674300000042],[23.735411900000031,37.970677200000068],[23.73541350000005,37.97067990000005],[23.735415400000022,37.970682600000032],[23.73541750000004,37.970685100000026],[23.735419800000045,37.970687400000031],[23.735422300000039,37.970689600000071],[23.735425000000077,37.970691600000066],[23.735427800000025,37.970693400000073],[23.735430800000074,37.970695000000035],[23.735433900000032,37.970696400000065],[23.73543710000007,37.970697600000051],[23.735440500000038,37.970698700000071],[23.735443900000064,37.97069950000008],[23.735447300000033,37.970700100000045],[23.735450800000024,37.970700500000078],[23.735454400000037,37.970700700000066],[23.735458000000051,37.970700600000043],[23.735461500000042,37.970700400000055],[23.735462400000074,37.970700200000067],[23.735496100000034,37.970752900000036],[23.735491400000058,37.970754500000055],[23.735473400000046,37.970758400000079],[23.735454700000048,37.970760400000074],[23.735435300000063,37.970760700000028],[23.735415300000057,37.970759300000054],[23.735394800000051,37.970756100000074],[23.735373800000048,37.97075110000003],[23.735352600000056,37.97074450000008],[23.735331200000076,37.970736300000056],[23.735309700000073,37.970726400000046],[23.735288300000036,37.970715000000041],[23.735267100000044,37.970702000000074],[23.73526460000005,37.970700400000055]]]},"properties":{"fid":324,"leisure":"garden","name":null,"shapearea_m":233.06053822748314}},{"type":"Feature","id":325,"geometry":{"type":"Polygon","coordinates":[[[23.735206500000061,37.97042440000007],[23.73505380000006,37.970386000000076],[23.735051700000042,37.970365000000072],[23.735051100000078,37.97034380000008],[23.735052200000041,37.970323400000041],[23.735054900000023,37.970304000000056],[23.735059300000046,37.970285500000045],[23.735065200000065,37.970268100000055],[23.735072600000024,37.970251900000051],[23.735081600000058,37.970237000000054],[23.735092000000066,37.970223500000031],[23.735103800000047,37.970211300000074],[23.735117100000025,37.970200700000078],[23.735131700000068,37.970191600000078],[23.73514780000005,37.97018410000004],[23.735165100000074,37.970178400000066],[23.735183100000029,37.970174500000041],[23.735201800000027,37.970172400000024],[23.735221200000069,37.970172200000036],[23.735241200000075,37.970173600000066],[23.735261700000024,37.970176800000047],[23.735282600000062,37.970181800000034],[23.735303900000076,37.97018840000004],[23.735325300000056,37.970196600000065],[23.735346700000036,37.970206500000074],[23.735368200000039,37.97021790000008],[23.735389400000031,37.970230900000047],[23.735392300000058,37.970232900000042],[23.735350000000039,37.97035980000004],[23.735345100000075,37.97035720000008],[23.735336000000075,37.970353100000068],[23.735326800000053,37.970349500000054],[23.735317400000042,37.970346600000028],[23.735308000000032,37.970344400000045],[23.735298600000078,37.970342900000048],[23.735289100000045,37.970342200000061],[23.735279700000035,37.970342300000027],[23.73527050000007,37.970343400000047],[23.735265600000048,37.970344400000045],[23.735228800000073,37.970286200000032],[23.735231500000054,37.970283900000027],[23.735233600000072,37.970281600000078],[23.735235600000067,37.970279300000072],[23.735237300000051,37.970276800000079],[23.735238700000025,37.970274200000063],[23.735239900000067,37.970271600000046],[23.735240800000042,37.970268900000065],[23.735241500000029,37.97026610000006],[23.735241900000062,37.970263300000056],[23.735242000000028,37.970260400000029],[23.735241900000062,37.970257600000025],[23.735241500000029,37.970254700000055],[23.735240800000042,37.970251800000028],[23.735239700000022,37.970249000000024],[23.735238400000071,37.970246100000054],[23.735236800000052,37.970243400000072],[23.735235000000046,37.970240700000033],[23.735232900000028,37.97023820000004],[23.735230600000023,37.970235900000034],[23.735228100000029,37.970233700000051],[23.735225400000047,37.970231700000056],[23.735222500000077,37.970229900000049],[23.73521960000005,37.970228300000031],[23.73521640000007,37.970226900000057],[23.735213200000032,37.970225700000071],[23.735209900000029,37.970224600000051],[23.735206500000061,37.970223800000042],[23.73520300000007,37.970223200000078],[23.735199500000078,37.970222800000045],[23.735195900000065,37.970222600000056],[23.735192400000074,37.970222700000079],[23.73518880000006,37.970223000000033],[23.735185200000046,37.970223500000031],[23.735181700000055,37.970224200000075],[23.735178200000064,37.970225200000073],[23.735174800000038,37.970226400000058],[23.735171600000058,37.970227800000032],[23.735168500000043,37.970229400000051],[23.735165600000073,37.970231200000057],[23.735163000000057,37.970233200000052],[23.735160600000029,37.97023530000007],[23.735158400000046,37.970237500000053],[23.735156500000073,37.970239900000024],[23.735154800000032,37.970242400000075],[23.735153400000058,37.970244900000068],[23.735152200000073,37.97024760000005],[23.735151300000041,37.970250300000032],[23.735150600000054,37.970253000000071],[23.735150200000078,37.970255900000041],[23.735150000000033,37.970258700000045],[23.735150200000078,37.970261600000072],[23.735150600000054,37.970264500000042],[23.735151300000041,37.970267300000046],[23.735152300000038,37.970270200000073],[23.735153600000046,37.970273000000077],[23.735155200000065,37.970275800000024],[23.735157100000038,37.970278400000041],[23.735159200000055,37.970280900000034],[23.735161500000061,37.970283300000062],[23.735164000000054,37.97028540000008],[23.735166700000036,37.970287400000075],[23.73516950000004,37.970289200000025],[23.735172500000033,37.970290800000043],[23.735175600000048,37.97029230000004],[23.735178900000051,37.970293500000025],[23.735182200000054,37.97029450000008],[23.735185600000023,37.970295300000032],[23.735189100000071,37.970295900000053],[23.735192600000062,37.97029630000003],[23.735196100000053,37.970296500000075],[23.735199700000067,37.970296500000075],[23.735203700000056,37.970296100000041],[23.735241200000075,37.970354100000066],[23.735237200000029,37.970356600000059],[23.735230600000023,37.970361800000035],[23.735224900000048,37.970367700000054],[23.735219900000061,37.970374100000072],[23.735215800000049,37.970381000000032],[23.735212500000046,37.970388300000025],[23.735209900000029,37.970395900000028],[23.735208000000057,37.970403900000065],[23.735206900000037,37.970412200000055],[23.735206400000038,37.970420700000034],[23.735206500000061,37.97042440000007]]]},"properties":{"fid":325,"leisure":"garden","name":null,"shapearea_m":498.69357661552016}},{"type":"Feature","id":326,"geometry":{"type":"Polygon","coordinates":[[[23.735416900000075,37.970419100000072],[23.735410400000035,37.970410500000071],[23.73540330000003,37.970402100000058],[23.735395800000049,37.970394200000044],[23.735388000000057,37.970386700000063],[23.735379900000055,37.970379800000046],[23.735373300000049,37.970374700000036],[23.735415200000034,37.970249000000024],[23.735430800000074,37.970261100000073],[23.735450800000024,37.970278300000075],[23.735470200000066,37.970296700000063],[23.735488800000041,37.970316500000024],[23.735506600000065,37.970337400000062],[23.735523400000034,37.970359500000029],[23.735532600000056,37.97037320000004],[23.735416900000075,37.970419100000072]]]},"properties":{"fid":326,"leisure":"garden","name":null,"shapearea_m":139.24947790500423}},{"type":"Feature","id":327,"geometry":{"type":"Polygon","coordinates":[[[23.735447200000067,37.970485000000053],[23.735445100000049,37.970476000000076],[23.735442100000057,37.970466600000066],[23.735438500000043,37.970457200000055],[23.735434100000077,37.970447700000079],[23.735429300000078,37.970438400000035],[23.735545000000059,37.970392500000059],[23.735553400000072,37.970406500000024],[23.73556590000004,37.970430300000032],[23.735576700000024,37.970454000000075],[23.735585700000058,37.970477500000072],[23.735593000000051,37.970500800000025],[23.735598500000037,37.970523000000071],[23.735447200000067,37.970485000000053]]]},"properties":{"fid":327,"leisure":"garden","name":null,"shapearea_m":121.44212547943238}},{"type":"Feature","id":328,"geometry":{"type":"Polygon","coordinates":[[[23.735057900000072,37.970409700000062],[23.735209200000043,37.970447800000045],[23.735211400000026,37.970456900000045],[23.735214400000075,37.970466300000055],[23.735218000000032,37.970475700000065],[23.735222300000032,37.970485200000041],[23.735227200000054,37.970494500000029],[23.735111500000073,37.970540400000061],[23.73510310000006,37.97052640000004],[23.735090600000035,37.970502600000032],[23.735079800000051,37.970478900000046],[23.735070800000074,37.970455400000048],[23.735063400000058,37.970432100000039],[23.735057900000072,37.970409700000062]]]},"properties":{"fid":328,"leisure":"garden","name":null,"shapearea_m":121.64155049797093}},{"type":"Feature","id":329,"geometry":{"type":"Polygon","coordinates":[[[23.735123800000054,37.970559700000024],[23.735239500000034,37.970513800000049],[23.735246000000075,37.970522300000027],[23.735253200000045,37.97053070000004],[23.735260700000026,37.970538700000077],[23.735268500000075,37.970546100000035],[23.735276600000077,37.970553100000075],[23.735283700000025,37.970558600000061],[23.735241700000074,37.970684200000051],[23.735225600000035,37.970671800000048],[23.735205600000029,37.970654600000046],[23.735186300000066,37.970636100000036],[23.735167700000034,37.97061640000004],[23.735149900000067,37.970595500000059],[23.735133100000041,37.970573400000035],[23.735123800000054,37.970559700000024]]]},"properties":{"fid":329,"leisure":"garden","name":null,"shapearea_m":140.01633584153228}},{"type":"Feature","id":330,"geometry":{"type":"Polygon","coordinates":[[[23.735087000000078,37.970550100000025],[23.734930800000029,37.970612200000062],[23.734662100000037,37.970329100000072],[23.734696500000041,37.970277800000076],[23.735489600000051,37.969962900000041],[23.735707400000024,37.970303700000045],[23.735557100000051,37.970363400000053],[23.735547200000042,37.970348900000033],[23.735529700000029,37.970325900000034],[23.735511200000076,37.970304000000056],[23.735491800000034,37.970283400000028],[23.735471500000074,37.970264100000065],[23.73545050000007,37.970246000000031],[23.735428900000045,37.970229400000051],[23.735416800000053,37.970221000000038],[23.735406800000078,37.970214100000078],[23.735384200000055,37.970200400000067],[23.735361400000045,37.970188200000052],[23.735338200000058,37.970177600000056],[23.735314900000049,37.970168600000079],[23.735291600000039,37.970161300000029],[23.73526830000003,37.970155800000043],[23.735245100000043,37.97015220000003],[23.735222200000067,37.970150500000045],[23.735199600000044,37.970150900000078],[23.735177500000077,37.97015330000005],[23.73515610000004,37.970157900000061],[23.735135500000069,37.970164800000077],[23.73511620000005,37.970173800000055],[23.735098700000037,37.970184600000039],[23.735083100000054,37.970197100000064],[23.735069300000077,37.970211200000051],[23.735057400000073,37.970226800000034],[23.735047300000076,37.97024360000006],[23.735039000000029,37.970261600000072],[23.735032500000045,37.970280700000046],[23.735027800000069,37.970300800000075],[23.735024900000042,37.970321800000079],[23.735023700000056,37.970343600000035],[23.735024300000077,37.970366100000035],[23.735026600000026,37.970389100000034],[23.735027800000069,37.97039570000004],[23.735030800000061,37.970412700000054],[23.735036600000058,37.970436800000073],[23.735044300000027,37.97046110000008],[23.73505380000006,37.97048570000004],[23.735065000000077,37.97051040000008],[23.735078000000044,37.970535200000029],[23.735087000000078,37.970550100000025]]]},"properties":{"fid":330,"leisure":"garden","name":null,"shapearea_m":2077.4550738000548}},{"type":"Feature","id":331,"geometry":{"type":"Polygon","coordinates":[[[23.735932200000036,37.970128000000045],[23.735919900000056,37.970132900000067],[23.735901400000046,37.970123300000068],[23.735766400000045,37.97017690000007],[23.73576520000006,37.97019430000006],[23.735752800000057,37.970199200000025],[23.735612400000036,37.969979500000079],[23.735791800000072,37.969908200000077],[23.735932200000036,37.970128000000045]]]},"properties":{"fid":331,"leisure":"garden","name":null,"shapearea_m":458.1681651919738}},{"type":"Feature","id":332,"geometry":{"type":"Polygon","coordinates":[[[23.736032800000032,37.970285300000057],[23.736226400000078,37.970588300000031],[23.736047000000042,37.970659500000068],[23.735853300000031,37.970356500000037],[23.735865700000033,37.970351600000072],[23.735884200000044,37.97036120000007],[23.736019200000044,37.970307600000069],[23.736020400000029,37.970290200000079],[23.736032800000032,37.970285300000057]]]},"properties":{"fid":332,"leisure":"garden","name":null,"shapearea_m":640.85065097304198}},{"type":"Feature","id":333,"geometry":{"type":"Polygon","coordinates":[[[23.736509400000045,37.97009950000006],[23.736507500000073,37.97010030000007],[23.736505500000078,37.970100800000068],[23.736503400000061,37.970101300000067],[23.736501400000066,37.970101700000043],[23.736499300000048,37.970102000000054],[23.736497300000053,37.970102100000076],[23.736495200000036,37.970102200000042],[23.736493100000075,37.970102100000076],[23.736491000000058,37.970101900000031],[23.736489000000063,37.970101700000043],[23.736487000000068,37.970101300000067],[23.736485000000073,37.970100800000068],[23.736483000000078,37.970100200000047],[23.736481100000049,37.97009950000006],[23.736479200000076,37.970098800000073],[23.736477400000069,37.970097900000042],[23.736475700000028,37.970096900000044],[23.736474000000044,37.970095800000024],[23.736472400000025,37.970094600000039],[23.736470800000063,37.970093400000053],[23.736450500000046,37.970101500000055],[23.736368200000072,37.96997280000005],[23.736388600000055,37.969964700000048],[23.736388200000079,37.969962900000041],[23.736388000000034,37.969961200000057],[23.736387900000068,37.969959500000073],[23.736387900000068,37.969957800000032],[23.736388100000056,37.969956100000047],[23.736388400000067,37.969954500000028],[23.736388900000065,37.969952900000067],[23.736389400000064,37.969951300000048],[23.736390100000051,37.969949700000029],[23.736391000000026,37.969948200000033],[23.736391900000058,37.969946800000059],[23.736392900000055,37.969945400000029],[23.736394100000041,37.969944000000055],[23.736395400000049,37.969942700000047],[23.736396800000023,37.969941500000061],[23.736398300000076,37.969940300000076],[23.736399900000038,37.969939300000078],[23.736401600000079,37.969938300000024],[23.736403400000029,37.969937400000049],[23.736405300000058,37.96993660000004],[23.736407200000031,37.96993580000003],[23.736409200000026,37.969935300000031],[23.736411200000077,37.969934800000033],[23.736413300000038,37.969934400000056],[23.736415300000033,37.969934100000046],[23.73641740000005,37.96993400000008],[23.736419500000068,37.969933900000058],[23.736421600000028,37.96993400000008],[23.736423600000023,37.969934200000068],[23.736425700000041,37.969934400000056],[23.736427700000036,37.969934800000033],[23.736429700000031,37.969935300000031],[23.73643160000006,37.969935900000053],[23.736433600000055,37.96993660000004],[23.736435400000062,37.969937400000049],[23.736437200000069,37.969938200000058],[23.736439000000075,37.969939200000056],[23.73644070000006,37.969940300000076],[23.736442300000078,37.969941500000061],[23.736443800000075,37.969942700000047],[23.736464200000057,37.969934600000045],[23.736546500000031,37.970063300000049],[23.736526100000049,37.970071400000052],[23.736526400000059,37.970073200000058],[23.73652670000007,37.970074900000043],[23.736526800000036,37.970076600000027],[23.73652670000007,37.970078300000068],[23.736526600000047,37.970080000000053],[23.736526200000071,37.970081600000071],[23.736525800000038,37.970083200000033],[23.736525200000074,37.970084800000052],[23.73652450000003,37.970086400000071],[23.736523700000077,37.970087900000067],[23.736522800000046,37.970089300000041],[23.736521700000026,37.970090700000071],[23.73652050000004,37.970092100000045],[23.736519300000054,37.970093400000053],[23.736517900000024,37.970094600000039],[23.736516400000028,37.970095800000024],[23.736514800000066,37.970096800000078],[23.736513100000025,37.970097800000076],[23.736511300000075,37.970098700000051],[23.736509400000045,37.97009950000006]]]},"properties":{"fid":333,"leisure":"garden","name":null,"shapearea_m":168.2266261702014}},{"type":"Feature","id":334,"geometry":{"type":"Polygon","coordinates":[[[23.736902100000066,37.970232000000067],[23.736902800000053,37.970232900000042],[23.736904700000025,37.97023560000008],[23.736907700000074,37.970239900000024],[23.736911400000054,37.970245800000043],[23.736915800000077,37.970253000000071],[23.736920600000076,37.970261600000072],[23.736925600000063,37.970271400000058],[23.736930600000051,37.970282300000065],[23.73693540000005,37.970294100000046],[23.736939900000039,37.97030680000006],[23.73694370000004,37.970320300000026],[23.736946700000033,37.970334500000035],[23.73694880000005,37.970349100000078],[23.736949600000059,37.970364200000063],[23.736949000000038,37.970379600000058],[23.736946800000055,37.970395300000064],[23.736942800000065,37.97041100000007],[23.736936800000024,37.970426700000075],[23.736928500000033,37.970442300000059],[23.736917900000037,37.970457600000032],[23.736905500000034,37.970472600000051],[23.736892300000022,37.970487300000059],[23.736878100000069,37.970501800000079],[23.736862900000062,37.970516000000032],[23.736846400000047,37.970530100000076],[23.736828700000046,37.970544100000041],[23.736809500000049,37.970558100000062],[23.736788900000079,37.970572100000027],[23.736766600000067,37.970586200000071],[23.736742600000071,37.970600500000046],[23.736716800000067,37.970614900000044],[23.736689000000069,37.970629600000052],[23.736659200000076,37.970644700000037],[23.736627300000066,37.970660100000032],[23.736593000000028,37.97067590000006],[23.73655640000004,37.970692300000053],[23.73651730000006,37.970709200000044],[23.736475700000028,37.970726700000057],[23.736431300000049,37.970744900000057],[23.736384100000066,37.970763800000043],[23.736384000000044,37.970763500000032],[23.736383700000033,37.970762600000057],[23.736383300000057,37.970761200000027],[23.736382800000058,37.970759100000066],[23.736382100000071,37.970756600000072],[23.736381400000027,37.97075360000008],[23.736380600000075,37.970750200000055],[23.736379800000066,37.970746400000053],[23.736379000000056,37.970742100000052],[23.736378300000069,37.970737500000041],[23.736377600000026,37.970732600000076],[23.736377000000061,37.970727400000044],[23.73637640000004,37.970721900000058],[23.73637610000003,37.970716100000061],[23.736375900000041,37.970710200000042],[23.736375900000041,37.970704100000034],[23.73637610000003,37.970697800000039],[23.736376500000063,37.970691400000078],[23.736377200000049,37.97068500000006],[23.736378200000047,37.970678400000054],[23.736630200000036,37.970578400000079],[23.736631500000044,37.970577800000058],[23.736635200000023,37.970576200000039],[23.736641200000065,37.97057360000008],[23.736649200000045,37.970570000000066],[23.736659000000031,37.970565400000055],[23.736670300000071,37.970559900000069],[23.736683000000028,37.970553500000051],[23.736696900000027,37.97054630000008],[23.736711600000035,37.970538200000078],[23.736727100000053,37.970529400000032],[23.736743100000069,37.970519700000068],[23.736759300000074,37.970509400000026],[23.736775500000078,37.970498400000054],[23.73679160000006,37.970486700000038],[23.736807300000066,37.970474400000057],[23.736822400000051,37.970461500000056],[23.736836700000026,37.970448000000033],[23.736849900000038,37.970434100000034],[23.736861800000042,37.970419600000071],[23.736872300000073,37.970404700000074],[23.736872600000027,37.970404200000075],[23.736873600000024,37.970402900000067],[23.736875200000043,37.970400600000062],[23.73687730000006,37.970397600000069],[23.736879800000054,37.970393800000068],[23.736882700000024,37.970389300000079],[23.736885800000039,37.970384100000047],[23.736889100000042,37.97037830000005],[23.736892600000033,37.970371900000032],[23.736896100000024,37.970365000000072],[23.736899600000072,37.970357700000079],[23.736903000000041,37.970349900000031],[23.736906200000078,37.970341800000028],[23.736909100000048,37.97033330000005],[23.736911700000064,37.970324500000061],[23.73691400000007,37.970315500000027],[23.736915700000054,37.970306400000027],[23.73691690000004,37.970297100000039],[23.736917500000061,37.970287700000029],[23.736917400000038,37.970278200000052],[23.736917300000073,37.970278000000064],[23.73691720000005,37.970277400000043],[23.736917000000062,37.970276500000068],[23.736916700000052,37.97027520000006],[23.736916400000041,37.970273600000041],[23.736915900000042,37.970271700000069],[23.736915400000044,37.970269600000051],[23.736914800000022,37.970267300000046],[23.736914200000058,37.97026470000003],[23.736913500000071,37.970262000000048],[23.736912600000039,37.970259200000044],[23.73691180000003,37.970256300000074],[23.736910800000032,37.970253200000059],[23.736909800000035,37.970250100000044],[23.736908700000072,37.970247000000029],[23.736907500000029,37.970243900000071],[23.736906300000044,37.970240800000056],[23.736905000000036,37.970237800000064],[23.736903600000062,37.970234900000037],[23.736902100000066,37.970232000000067]]]},"properties":{"fid":334,"leisure":"garden","name":null,"shapearea_m":504.54497539826497}},{"type":"Feature","id":335,"geometry":{"type":"Polygon","coordinates":[[[23.735380300000031,37.970547900000042],[23.735378400000059,37.970548600000029],[23.735376400000064,37.97054920000005],[23.735374300000046,37.970549700000049],[23.735372300000051,37.970550100000025],[23.735370200000034,37.970550400000036],[23.735368200000039,37.970550500000058],[23.735366100000078,37.970550600000024],[23.735364000000061,37.970550500000058],[23.735362000000066,37.97055030000007],[23.735359900000049,37.97055000000006],[23.735357900000054,37.970549700000049],[23.735355900000059,37.97054920000005],[23.735353900000064,37.970548600000029],[23.735352000000034,37.970547900000042],[23.735350100000062,37.970547100000033],[23.735348300000055,37.97054630000008],[23.735346600000071,37.970545300000026],[23.73534490000003,37.970544200000063],[23.735343300000068,37.970543000000077],[23.735341800000072,37.970541800000035],[23.735321400000032,37.970549900000037],[23.735239100000058,37.970421200000033],[23.735259500000041,37.970413000000065],[23.735259100000064,37.97041130000008],[23.735258900000076,37.970409600000039],[23.735258800000054,37.970407900000055],[23.735258800000054,37.97040620000007],[23.735259000000042,37.970404500000029],[23.735259300000052,37.970402900000067],[23.735259800000051,37.970401300000049],[23.735260400000072,37.97039970000003],[23.735261000000037,37.970398100000068],[23.735261900000069,37.970396600000072],[23.735262800000044,37.970395200000041],[23.735263900000064,37.970393800000068],[23.735265000000027,37.970392400000037],[23.735266300000035,37.970391100000029],[23.735267700000065,37.970389900000043],[23.735269200000062,37.970388700000058],[23.735270800000023,37.97038770000006],[23.735272500000065,37.970386700000063],[23.735274300000071,37.970385800000031],[23.735276200000044,37.970385000000078],[23.735278100000073,37.970384200000069],[23.735280100000068,37.970383600000048],[23.735282100000063,37.970383200000072],[23.735284200000024,37.970382800000039],[23.735286200000075,37.970382500000028],[23.735288300000036,37.970382400000062],[23.735290400000054,37.97038230000004],[23.735292500000071,37.970382400000062],[23.735294500000066,37.97038260000005],[23.735296600000027,37.970382800000039],[23.735298600000078,37.970383200000072],[23.735300600000073,37.97038370000007],[23.735302600000068,37.970384300000035],[23.735304500000041,37.970385000000078],[23.735306300000047,37.970385700000065],[23.735308200000077,37.97038660000004],[23.735309900000061,37.970387600000038],[23.735311600000045,37.970388700000058],[23.735313200000064,37.970389900000043],[23.73531470000006,37.970391100000029],[23.735335100000043,37.970383000000027],[23.735417400000074,37.970511700000031],[23.735397000000034,37.970519800000034],[23.735397400000068,37.970521600000041],[23.735397600000056,37.970523300000025],[23.735397700000078,37.970525000000066],[23.735397700000078,37.97052670000005],[23.735397500000033,37.970528300000069],[23.735397200000023,37.970530000000053],[23.735396700000024,37.970531600000072],[23.73539610000006,37.970533200000034],[23.735395400000073,37.970534800000053],[23.735394600000063,37.970536300000049],[23.735393700000031,37.970537700000079],[23.735392600000068,37.970539100000053],[23.735391500000048,37.970540500000027],[23.73539020000004,37.970541800000035],[23.735388800000067,37.970543000000077],[23.73538730000007,37.970544100000041],[23.735385700000052,37.970545200000061],[23.735384000000067,37.970546200000058],[23.73538220000006,37.970547100000033],[23.735380300000031,37.970547900000042]]]},"properties":{"fid":335,"leisure":"garden","name":null,"shapearea_m":168.23966010134407}},{"type":"Feature","id":336,"geometry":{"type":"Polygon","coordinates":[[[23.735281600000064,37.970875600000056],[23.735283600000059,37.970878200000072],[23.735285800000042,37.970880800000032],[23.735288100000048,37.970883400000048],[23.735290500000076,37.970886000000064],[23.73529300000007,37.97088860000008],[23.735295500000063,37.97089120000004],[23.735298100000023,37.970893700000033],[23.735300600000073,37.970896100000061],[23.735303100000067,37.970898400000067],[23.735305500000038,37.97090060000005],[23.735307800000044,37.970902700000067],[23.735310000000027,37.97090460000004],[23.735312000000079,37.970906400000047],[23.735313900000051,37.970908000000065],[23.73531550000007,37.970909300000073],[23.735316900000043,37.970910500000059],[23.735318100000029,37.970911500000057],[23.735318900000038,37.970912100000078],[23.73531950000006,37.970912600000077],[23.735319700000048,37.970912700000042],[23.735329200000024,37.970918400000073],[23.735339100000033,37.970923600000049],[23.735349300000053,37.970928400000048],[23.73535970000006,37.970932800000071],[23.735370200000034,37.970936700000038],[23.735380700000064,37.970940300000052],[23.735391100000072,37.970943400000067],[23.735401300000035,37.970946300000037],[23.735411200000044,37.970948700000065],[23.735420800000043,37.970950900000048],[23.735429900000042,37.970952800000077],[23.735438500000043,37.970954400000039],[23.735446300000035,37.970955700000047],[23.735453500000062,37.970956800000067],[23.735459800000058,37.970957700000042],[23.735465200000078,37.970958400000029],[23.735469500000079,37.970958900000028],[23.735472700000059,37.970959200000038],[23.735474700000054,37.970959400000027],[23.735475400000041,37.970959400000027],[23.735496800000078,37.970961700000032],[23.735518700000057,37.97096270000003],[23.735540800000024,37.97096270000003],[23.73556300000007,37.970961600000066],[23.735585100000037,37.97095980000006],[23.735607000000073,37.970957100000078],[23.735628500000075,37.97095390000004],[23.735649400000057,37.970950200000061],[23.735669600000051,37.970946000000026],[23.735688900000071,37.970941700000026],[23.73570710000007,37.970937100000071],[23.735724100000027,37.970932600000026],[23.735739800000033,37.970928100000037],[23.735753800000055,37.970923900000059],[23.735766200000057,37.970920000000035],[23.735776700000031,37.970916500000044],[23.735785100000044,37.970913600000074],[23.735791300000074,37.970911300000068],[23.735795200000041,37.970909900000038],[23.735796500000049,37.970909400000039],[23.736048500000038,37.970809400000064],[23.736055700000065,37.970812600000045],[23.73606280000007,37.97081600000007],[23.736069500000042,37.970819500000061],[23.736076000000025,37.970823200000041],[23.736082300000078,37.970826800000054],[23.73608820000004,37.970830500000034],[23.736093800000049,37.970834100000047],[23.736099100000047,37.970837700000061],[23.736104100000034,37.970841200000052],[23.736108700000045,37.970844600000078],[23.736112900000023,37.970847800000058],[23.736116800000048,37.970850800000051],[23.736120200000073,37.970853600000055],[23.736123300000031,37.970856100000049],[23.736125900000047,37.970858400000054],[23.73612810000003,37.970860300000027],[23.736129800000072,37.97086180000008],[23.736131000000057,37.970863000000065],[23.736131800000067,37.970863700000052],[23.736132000000055,37.97086390000004],[23.736084700000049,37.970882600000039],[23.736039700000049,37.970899800000041],[23.735997100000077,37.970915800000057],[23.735956600000065,37.970930500000065],[23.735918100000049,37.970944000000031],[23.735881600000027,37.970956200000046],[23.735846800000047,37.970967300000041],[23.735813700000051,37.97097720000005],[23.735782200000074,37.970986100000061],[23.73575210000007,37.970993800000031],[23.735723300000075,37.971000500000059],[23.735695700000065,37.971006300000056],[23.735669100000052,37.971011000000033],[23.735643500000037,37.971014800000034],[23.735618600000066,37.971017700000061],[23.735594500000047,37.971019700000056],[23.735570900000027,37.971020900000042],[23.735547700000041,37.971021300000075],[23.73552490000003,37.971020900000042],[23.735502200000042,37.971019800000079],[23.73548020000004,37.971017400000051],[23.735459400000025,37.971013400000061],[23.735439800000051,37.971007900000075],[23.735421400000064,37.971001000000058],[23.735404200000062,37.970993100000044],[23.735388100000023,37.970984300000055],[23.735373200000026,37.970974800000079],[23.735359500000072,37.970964800000047],[23.735346900000025,37.970954500000062],[23.735335400000054,37.970944000000031],[23.735325100000068,37.97093360000008],[23.735315900000046,37.970923500000026],[23.735307800000044,37.970913900000028],[23.735300800000061,37.97090490000005],[23.735294900000042,37.970896700000026],[23.735290100000043,37.970889600000078],[23.735286400000064,37.970883800000024],[23.735283700000025,37.970879300000036],[23.735282100000063,37.970876500000031],[23.735281600000064,37.970875600000056]]]},"properties":{"fid":336,"leisure":"garden","name":null,"shapearea_m":504.61598884166193}},{"type":"Feature","id":337,"geometry":{"type":"Polygon","coordinates":[[[23.737585400000057,37.969583000000057],[23.737613500000066,37.969565500000044],[23.737669000000039,37.969533800000079],[23.737708300000065,37.969516000000056],[23.737781600000062,37.969493000000057],[23.73786780000006,37.96947270000004],[23.737950900000044,37.969463000000076],[23.738062200000059,37.969458700000075],[23.738120900000069,37.969462800000031],[23.738168100000053,37.96946980000007],[23.737892800000054,37.969771500000036],[23.737585400000057,37.969583000000057]]]},"properties":{"fid":337,"leisure":"garden","name":null,"shapearea_m":916.33178060380123}},{"type":"Feature","id":338,"geometry":{"type":"Polygon","coordinates":[[[23.737039300000049,37.969759700000054],[23.736924000000045,37.969431100000065],[23.737010600000076,37.969406400000025],[23.737094400000046,37.969381200000043],[23.73718290000005,37.969355900000039],[23.73727370000006,37.96933400000006],[23.737360300000034,37.969319600000063],[23.737430000000074,37.969311000000062],[23.73750670000004,37.969305100000042],[23.737599500000044,37.969302900000059],[23.737728000000061,37.969303600000046],[23.737827300000049,37.969307700000059],[23.737929000000065,37.969315100000074],[23.738051800000051,37.969332200000053],[23.738256100000058,37.969373300000029],[23.738197400000047,37.969437600000049],[23.738127200000065,37.969427200000041],[23.738063100000034,37.969422700000052],[23.737946400000055,37.969427200000041],[23.737857900000051,37.969437600000049],[23.737766600000043,37.969459100000051],[23.737688400000025,37.969483600000046],[23.737644200000034,37.969503600000053],[23.737585800000033,37.969537000000059],[23.737547000000063,37.969561700000042],[23.737039300000049,37.969759700000054]]]},"properties":{"fid":338,"leisure":"garden","name":null,"shapearea_m":2697.0569051983389}},{"type":"Feature","id":339,"geometry":{"type":"Polygon","coordinates":[[[23.737822600000072,37.969948100000067],[23.737919600000055,37.969841000000031],[23.738224500000058,37.970024300000034],[23.738158600000077,37.97015220000003],[23.737822600000072,37.969948100000067]]]},"properties":{"fid":339,"leisure":"garden","name":null,"shapearea_m":521.10105579381104}},{"type":"Feature","id":340,"geometry":{"type":"Polygon","coordinates":[[[23.737759600000061,37.970125300000063],[23.737982500000044,37.970095100000037],[23.738139300000057,37.97019030000007],[23.738034300000038,37.970403600000054],[23.738031900000067,37.970400200000029],[23.73802610000007,37.970391900000038],[23.73801990000004,37.970382800000039],[23.738013100000046,37.970373100000074],[23.738005700000031,37.970362500000078],[23.737997900000039,37.970351300000061],[23.737989600000049,37.970339400000057],[23.737980700000037,37.970326700000044],[23.737971400000049,37.970313400000066],[23.73796150000004,37.970299400000044],[23.737951000000066,37.970284400000025],[23.737939500000039,37.97026900000003],[23.737926900000048,37.970253900000046],[23.737913500000047,37.970239500000048],[23.737899700000071,37.970225800000037],[23.737885500000061,37.97021280000007],[23.737871000000041,37.970200500000033],[23.737856500000078,37.970188900000039],[23.737842100000023,37.970178000000033],[23.737828000000036,37.970167900000035],[23.737814200000059,37.970158500000025],[23.737801000000047,37.970149900000024],[23.737788500000079,37.970142100000032],[23.737776900000028,37.970135200000072],[23.737766300000033,37.970129100000065],[23.737759600000061,37.970125300000063]]]},"properties":{"fid":340,"leisure":"garden","name":null,"shapearea_m":486.33759190331807}},{"type":"Feature","id":341,"geometry":{"type":"Polygon","coordinates":[[[23.737775600000077,37.969999900000062],[23.737793400000044,37.969980300000032],[23.737928400000044,37.970062300000052],[23.737751800000069,37.970086200000026],[23.737775600000077,37.969999900000062]]]},"properties":{"fid":341,"leisure":"garden","name":null,"shapearea_m":91.567876557858185}},{"type":"Feature","id":342,"geometry":{"type":"Polygon","coordinates":[[[23.737732000000051,37.970158300000037],[23.737737100000061,37.970161100000041],[23.73774700000007,37.970166900000038],[23.737757800000054,37.970173400000078],[23.73776950000007,37.970180700000071],[23.737781900000073,37.970188700000051],[23.737794700000052,37.97019750000004],[23.73780800000003,37.970206900000051],[23.737821300000064,37.970217000000048],[23.73783480000003,37.970227800000032],[23.737848100000065,37.970239100000072],[23.737861100000032,37.970251000000076],[23.737873700000023,37.970263500000044],[23.737885700000049,37.970276500000068],[23.737897000000032,37.970289900000068],[23.737907500000063,37.970304000000056],[23.737917700000025,37.970318500000076],[23.737927500000069,37.97033250000004],[23.737936800000057,37.970345800000075],[23.737945700000068,37.970358400000066],[23.737954000000059,37.97037030000007],[23.737961800000051,37.970381600000053],[23.737969100000043,37.970392000000061],[23.737975900000038,37.970401800000047],[23.737982100000067,37.970410800000025],[23.737987900000064,37.970419100000072],[23.73799310000004,37.970426600000053],[23.737997500000063,37.970433000000071],[23.737649100000056,37.97045890000004],[23.737732000000051,37.970158300000037]]]},"properties":{"fid":342,"leisure":"garden","name":null,"shapearea_m":564.98044467905845}},{"type":"Feature","id":343,"geometry":{"type":"Polygon","coordinates":[[[23.737583800000039,37.970501400000046],[23.737370700000042,37.970446700000025],[23.737701800000025,37.970081400000026],[23.737694900000065,37.970106500000043],[23.737690500000042,37.970122300000071],[23.737592800000073,37.97047660000004],[23.737592800000073,37.970476800000029],[23.73759160000003,37.970479700000055],[23.73758950000007,37.970485200000041],[23.737586800000031,37.970492600000057],[23.737583800000039,37.970501400000046]]]},"properties":{"fid":343,"leisure":"garden","name":null,"shapearea_m":472.03449253127957}},{"type":"Feature","id":344,"geometry":{"type":"Polygon","coordinates":[[[23.738409800000056,37.970345700000053],[23.738404200000048,37.970339600000045],[23.738388500000042,37.970323500000063],[23.738372500000025,37.970308000000045],[23.738356400000043,37.970293100000049],[23.738340100000073,37.970278900000039],[23.738324000000034,37.970265400000073],[23.73830810000004,37.970252600000038],[23.738292500000057,37.970240500000045],[23.738277500000038,37.970229300000028],[23.738263000000074,37.970218800000055],[23.738249300000064,37.970209200000056],[23.738236400000062,37.970200500000033],[23.738224500000058,37.970192600000075],[23.73821380000004,37.970185700000059],[23.738204400000029,37.970179800000039],[23.738199900000041,37.970177000000035],[23.738265700000056,37.97004940000005],[23.738630500000056,37.970274300000028],[23.738409800000056,37.970345700000053]]]},"properties":{"fid":344,"leisure":"garden","name":null,"shapearea_m":538.15394533257734}},{"type":"Feature","id":345,"geometry":{"type":"Polygon","coordinates":[[[23.738061000000073,37.970458500000063],[23.738180700000044,37.970215400000029],[23.738182300000062,37.970216500000049],[23.738192600000048,37.970223100000055],[23.73820390000003,37.970230600000036],[23.738216200000068,37.970238900000027],[23.738229400000023,37.970248200000071],[23.738243300000079,37.970258200000046],[23.738257700000077,37.97026900000003],[23.738272600000073,37.970280500000058],[23.738287900000046,37.970292800000038],[23.738303300000041,37.970305600000074],[23.738318700000036,37.970319200000063],[23.738334100000031,37.97033330000005],[23.738349200000073,37.970348000000058],[23.738362000000052,37.970361100000048],[23.738161200000036,37.970426100000054],[23.738061000000073,37.970458500000063]]]},"properties":{"fid":345,"leisure":"garden","name":null,"shapearea_m":310.39302417792766}},{"type":"Feature","id":346,"geometry":{"type":"Polygon","coordinates":[[[23.737977800000067,37.970528100000024],[23.737955100000079,37.970589700000062],[23.737952000000064,37.970598600000073],[23.737948200000062,37.970609000000024],[23.737943600000051,37.97062070000004],[23.737938100000065,37.970633500000076],[23.737931800000069,37.970647100000065],[23.737924600000042,37.97066140000004],[23.73791650000004,37.970676200000071],[23.73790740000004,37.970691400000078],[23.737897400000065,37.970706600000028],[23.737886300000071,37.97072170000007],[23.737874200000078,37.970736600000066],[23.737861000000066,37.970750900000041],[23.737846600000069,37.970764700000075],[23.737831200000073,37.970777500000054],[23.737814600000036,37.970789300000035],[23.737796700000047,37.970799800000066],[23.737779000000046,37.970808500000032],[23.737762800000041,37.97081490000005],[23.737747900000045,37.970819200000051],[23.737734300000056,37.970821700000045],[23.737722000000076,37.970822400000031],[23.737710900000025,37.970821700000045],[23.73770090000005,37.97081970000005],[23.737692100000061,37.970816700000057],[23.737684300000069,37.970812700000067],[23.737677400000052,37.970808100000056],[23.737671500000033,37.970802900000081],[23.737666400000023,37.97079750000006],[23.737642700000038,37.97076990000005],[23.737632800000029,37.970750600000031],[23.737623800000051,37.970731800000067],[23.737617900000032,37.970717200000024],[23.737613600000032,37.970702200000062],[23.737610500000073,37.970686500000056],[23.737608500000078,37.970670400000074],[23.737607700000069,37.970654000000025],[23.737607700000069,37.970647800000052],[23.737977800000067,37.970528100000024]]]},"properties":{"fid":346,"leisure":"garden","name":null,"shapearea_m":582.54927209300774}},{"type":"Feature","id":347,"geometry":{"type":"Polygon","coordinates":[[[23.737954800000068,37.970476500000075],[23.737957400000028,37.970476800000029],[23.737959700000033,37.970477200000062],[23.737961900000073,37.97047770000006],[23.737963700000023,37.970478400000047],[23.737965200000076,37.970479200000057],[23.737966400000062,37.970480100000032],[23.737967100000049,37.970481200000052],[23.737967400000059,37.97048250000006],[23.737967000000026,37.970484000000056],[23.737965700000075,37.970485500000052],[23.737963600000057,37.970487100000071],[23.737961000000041,37.970488800000055],[23.737957700000038,37.970490500000039],[23.737954000000059,37.970492200000081],[23.737950000000069,37.970493900000065],[23.737945600000046,37.970495600000049],[23.737941100000057,37.970497200000068],[23.737936500000046,37.97049880000003],[23.737931900000035,37.970500300000026],[23.737927300000024,37.970501800000079],[23.737610600000039,37.970604200000025],[23.737612800000022,37.970589100000041],[23.737615600000026,37.970573900000034],[23.737618700000041,37.97055940000007],[23.737622100000067,37.970545800000025],[23.737625600000058,37.970533200000034],[23.737626100000057,37.970531300000061],[23.737629000000027,37.970521800000029],[23.737632200000064,37.970511800000054],[23.737635200000057,37.970503200000053],[23.737636500000065,37.970499500000074],[23.737943100000052,37.970476800000029],[23.737954800000068,37.970476500000075]]]},"properties":{"fid":347,"leisure":"garden","name":null,"shapearea_m":191.23038712590511}},{"type":"Feature","id":348,"geometry":{"type":"Polygon","coordinates":[[[23.738135100000022,37.970971700000064],[23.738143700000023,37.970968300000038],[23.738158600000077,37.970962200000031],[23.738174800000024,37.970955300000071],[23.738191900000061,37.970947700000067],[23.738209700000027,37.970939300000055],[23.738227900000027,37.970930400000043],[23.738246200000049,37.970920800000044],[23.738264300000026,37.970910600000025],[23.738282100000049,37.970899900000063],[23.738299100000063,37.97088860000008],[23.738315100000023,37.970876800000042],[23.738330000000076,37.970864500000062],[23.738343300000054,37.970851500000038],[23.738355300000023,37.97083710000004],[23.738369500000033,37.970838400000048],[23.738382300000069,37.970839500000068],[23.738396800000032,37.970840600000031],[23.738412700000026,37.970841700000051],[23.738430000000051,37.970842800000071],[23.738448400000038,37.970843800000068],[23.738467800000024,37.970844700000043],[23.738487900000052,37.97084540000003],[23.738508600000046,37.970846000000051],[23.738529600000049,37.97084620000004],[23.738550800000041,37.970846300000062],[23.738572100000056,37.970845900000029],[23.738593200000025,37.970845200000042],[23.738613900000075,37.970844100000079],[23.738634200000035,37.97084250000006],[23.738638600000058,37.970842100000027],[23.738634800000057,37.97085560000005],[23.738625800000023,37.970875600000056],[23.738613200000032,37.970896900000071],[23.738606000000061,37.97090680000008],[23.738597000000027,37.970919200000026],[23.738577600000042,37.970942100000059],[23.738555200000064,37.97096520000008],[23.738530100000048,37.970988400000067],[23.738502500000038,37.971011200000078],[23.738472700000045,37.971033500000033],[23.738441000000023,37.971054800000047],[23.738414900000066,37.971070500000053],[23.738398500000073,37.971067000000062],[23.73837130000004,37.971060600000044],[23.738345400000071,37.97105410000006],[23.738321000000042,37.971047400000032],[23.738297900000077,37.971040600000038],[23.738275900000076,37.971033500000033],[23.73825510000006,37.971026300000062],[23.738235200000076,37.971018900000047],[23.738216200000068,37.971011300000043],[23.738198100000034,37.971003400000029],[23.738180700000044,37.970995400000049],[23.738163900000075,37.970987100000059],[23.738147500000025,37.97097860000008],[23.738135100000022,37.970971700000064]]]},"properties":{"fid":348,"leisure":"garden","name":null,"shapearea_m":652.02482195539403}},{"type":"Feature","id":349,"geometry":{"type":"Polygon","coordinates":[[[23.737801300000058,37.970849000000044],[23.737805500000036,37.970846800000061],[23.73782170000004,37.970840500000065],[23.737838000000067,37.970833900000059],[23.737854200000072,37.970827000000043],[23.737870100000066,37.970819900000038],[23.737885600000027,37.970812500000079],[23.737895600000058,37.970807500000035],[23.737897600000053,37.970812800000033],[23.737901200000067,37.970821300000068],[23.737905600000033,37.970830500000034],[23.737910900000031,37.970840200000055],[23.737917000000039,37.97085050000004],[23.737924100000043,37.970861100000036],[23.737932300000068,37.970872100000065],[23.737941600000056,37.970883300000025],[23.737952000000064,37.970894800000053],[23.737963700000023,37.970906400000047],[23.737976700000047,37.97091800000004],[23.737991100000045,37.970929600000034],[23.738006700000028,37.970941000000039],[23.738022500000056,37.97095180000008],[23.738038200000062,37.970962300000053],[23.738053900000068,37.970972600000039],[23.738069800000062,37.97098260000007],[23.738071400000024,37.970983600000068],[23.738085900000044,37.970992400000057],[23.738102400000059,37.971002000000055],[23.738119300000051,37.971011300000043],[23.738136700000041,37.971020400000043],[23.738154700000052,37.971029200000032],[23.738173400000051,37.971037800000033],[23.738192800000036,37.971046200000046],[23.738213100000053,37.971054400000071],[23.738234200000022,37.971062300000028],[23.738256400000068,37.971069900000032],[23.738279600000055,37.97107740000007],[23.738304000000028,37.97108460000004],[23.738329600000043,37.971091600000079],[23.738356500000066,37.971098400000074],[23.738360800000066,37.971099400000071],[23.738337000000058,37.971110700000054],[23.738300300000049,37.971125800000038],[23.73826310000004,37.971138600000074],[23.738225600000078,37.971149000000025],[23.738188200000025,37.971156600000029],[23.738151200000061,37.971161400000028],[23.738114300000063,37.971163000000047],[23.738071800000057,37.971161400000028],[23.738059200000066,37.971157000000062],[23.738041100000032,37.971150600000044],[23.738024400000029,37.971144600000059],[23.738008700000023,37.971138900000028],[23.73799420000006,37.971133400000042],[23.737980700000037,37.971128100000044],[23.737968100000046,37.971123000000034],[23.737956300000064,37.971117900000024],[23.737945300000035,37.971112900000037],[23.737934900000027,37.971107800000027],[23.737925000000075,37.971102700000074],[23.737915500000042,37.971097400000076],[23.737906300000077,37.971091900000033],[23.737897200000077,37.971086200000059],[23.737888200000043,37.971080100000052],[23.737879200000066,37.971073500000045],[23.737870600000065,37.971066900000039],[23.737860200000057,37.971057500000029],[23.737848800000052,37.971046600000079],[23.737836700000059,37.97103450000003],[23.737824100000068,37.971021300000075],[23.737811100000044,37.971007100000065],[23.737790000000075,37.970980500000053],[23.737780400000076,37.97096380000005],[23.737773200000049,37.970948400000054],[23.737768300000027,37.970934400000033],[23.737765300000035,37.970921600000054],[23.737764100000049,37.97091000000006],[23.737764500000026,37.970899600000052],[23.737766100000044,37.97089040000003],[23.737768800000026,37.970882200000062],[23.73777240000004,37.970875000000035],[23.737776600000075,37.970868800000062],[23.737781100000063,37.970863500000064],[23.73778580000004,37.970859000000075],[23.737790400000051,37.970855400000062],[23.737794700000052,37.970852600000057],[23.737801300000058,37.970849000000044]]]},"properties":{"fid":349,"leisure":"garden","name":null,"shapearea_m":860.50766541983126}},{"type":"Feature","id":350,"geometry":{"type":"Polygon","coordinates":[[[23.73840690000003,37.970672500000035],[23.738626600000032,37.970755300000064],[23.738630300000068,37.970765500000027],[23.738636100000065,37.970785800000044],[23.738639400000068,37.970802100000071],[23.738628300000073,37.970803300000057],[23.73860970000004,37.970804700000031],[23.738590400000078,37.970805800000051],[23.738570500000037,37.970806400000072],[23.738550400000065,37.970806700000026],[23.738530100000048,37.970806700000026],[23.738509800000031,37.970806400000072],[23.738489900000047,37.970805900000073],[23.73847040000004,37.970805200000029],[23.738451700000041,37.970804300000054],[23.738433800000053,37.970803300000057],[23.738416900000061,37.970802300000059],[23.738401400000043,37.970801200000039],[23.738387300000056,37.970800100000076],[23.738375900000051,37.970799200000044],[23.738382100000024,37.970784700000024],[23.738387000000046,37.970771600000035],[23.738391300000046,37.970758500000045],[23.73839520000007,37.970745300000033],[23.738398400000051,37.970732200000043],[23.738401200000055,37.970719100000053],[23.738403400000038,37.970706200000052],[23.738405200000045,37.97069330000005],[23.738406400000031,37.970680600000037],[23.73840690000003,37.970672500000035]]]},"properties":{"fid":350,"leisure":"garden","name":null,"shapearea_m":213.46897684923607}},{"type":"Feature","id":351,"geometry":{"type":"Polygon","coordinates":[[[23.738176400000043,37.97119820000006],[23.738198600000032,37.971195400000056],[23.738240300000029,37.971186800000055],[23.738281400000062,37.97117540000005],[23.738321900000074,37.971161500000051],[23.738361500000053,37.97114520000008],[23.738399900000047,37.971127000000024],[23.738434900000073,37.971108100000038],[23.738472500000057,37.971085600000038],[23.738506200000074,37.971062900000049],[23.73853790000004,37.971039200000064],[23.738567300000057,37.971014900000057],[23.738594200000023,37.970990100000051],[23.738618400000064,37.970965000000035],[23.738636600000063,37.970943600000055],[23.738798300000042,37.97105920000007],[23.738795200000027,37.971062400000051],[23.738787400000035,37.971070400000031],[23.738752500000032,37.971103600000049],[23.73871900000006,37.971132400000045],[23.73868740000006,37.971156000000065],[23.738661100000058,37.971174100000042],[23.738632000000052,37.971194500000024],[23.738600200000064,37.971216900000059],[23.738568100000066,37.971239600000047],[23.738567800000055,37.97123890000006],[23.738565400000027,37.97123380000005],[23.738562500000057,37.971228900000028],[23.738559100000032,37.971224200000051],[23.73855530000003,37.971219800000028],[23.738551100000052,37.97121560000005],[23.738546500000041,37.971211700000026],[23.738541500000053,37.971208000000047],[23.738536200000055,37.971204700000044],[23.738530600000047,37.971201700000051],[23.738524700000028,37.971199100000035],[23.738518500000055,37.97119680000003],[23.738512000000071,37.971194800000035],[23.738505300000043,37.971193300000039],[23.738498400000026,37.971192200000075],[23.738491400000044,37.971191500000032],[23.738484100000051,37.971191300000044],[23.738476900000023,37.971191500000032],[23.738469800000075,37.971192200000075],[23.738462900000059,37.971193300000039],[23.738456300000053,37.971194800000035],[23.738449800000069,37.97119680000003],[23.738443600000039,37.971199100000035],[23.738437700000077,37.971201700000051],[23.738432000000046,37.971204700000044],[23.738426700000048,37.971208000000047],[23.738421800000026,37.971211700000026],[23.738417200000072,37.97121560000005],[23.738413000000037,37.971219800000028],[23.738409100000069,37.971224200000051],[23.738405800000066,37.971228900000028],[23.73840290000004,37.97123380000005],[23.738400400000046,37.97123890000006],[23.738398500000073,37.971244100000035],[23.738397100000043,37.971249600000078],[23.738396200000068,37.971255100000064],[23.738395900000057,37.971260800000039],[23.738396200000068,37.97126650000007],[23.738397100000043,37.971272100000078],[23.738398500000073,37.971277500000042],[23.738400400000046,37.97128280000004],[23.73840290000004,37.97128790000005],[23.738405800000066,37.971292800000072],[23.738407900000027,37.971295700000042],[23.738380200000051,37.971283100000051],[23.738350800000035,37.971270000000061],[23.738320900000076,37.971256900000071],[23.738290800000073,37.97124400000007],[23.738260700000069,37.971231400000079],[23.738230900000076,37.971219200000064],[23.738201600000025,37.971207700000036],[23.738176400000043,37.97119820000006]]]},"properties":{"fid":351,"leisure":"garden","name":null,"shapearea_m":732.13978559094573}},{"type":"Feature","id":352,"geometry":{"type":"Polygon","coordinates":[[[23.738250400000027,37.970439900000031],[23.738391700000022,37.970394200000044],[23.738393100000053,37.970395900000028],[23.738408900000024,37.970414500000061],[23.738425300000074,37.970434500000067],[23.738442300000031,37.970455700000059],[23.738459600000056,37.970478000000071],[23.738463000000024,37.97048250000006],[23.738261700000066,37.970442200000036],[23.738250400000027,37.970439900000031]]]},"properties":{"fid":352,"leisure":"garden","name":null,"shapearea_m":77.366987074664522}},{"type":"Feature","id":353,"geometry":{"type":"Polygon","coordinates":[[[23.73838980000005,37.970509800000059],[23.738406600000076,37.970512000000042],[23.738498400000026,37.97053040000003],[23.738511900000049,37.970549500000061],[23.738528900000063,37.970574300000067],[23.738545300000055,37.97059930000006],[23.738561000000061,37.970624400000077],[23.738583400000039,37.970662200000049],[23.738585400000034,37.970666000000051],[23.73858720000004,37.970669800000053],[23.738588700000037,37.970673400000067],[23.738589800000057,37.970676800000035],[23.738590500000043,37.970680000000073],[23.738590800000054,37.970682800000077],[23.738590500000043,37.970685200000048],[23.738589600000068,37.970687200000043],[23.73858800000005,37.970688700000039],[23.738585800000067,37.970689600000071],[23.738583300000073,37.97069010000007],[23.738580300000024,37.970690300000058],[23.738577100000043,37.97069010000007],[23.738573600000052,37.970689700000037],[23.738570000000038,37.97068900000005],[23.738566200000037,37.970688000000052],[23.738562400000035,37.970686900000032],[23.738558500000067,37.970685700000047],[23.738554700000066,37.970684400000039],[23.738520100000073,37.970671400000072],[23.738406200000043,37.970628500000032],[23.738405400000033,37.970620100000076],[23.738403800000071,37.970608900000059],[23.738401700000054,37.97059790000003],[23.73839920000006,37.970587300000034],[23.738390200000026,37.970565500000077],[23.738388500000042,37.970562800000039],[23.738386500000047,37.970559500000036],[23.738384200000041,37.970555800000056],[23.738381900000036,37.970551700000044],[23.738379500000065,37.970547400000044],[23.738377200000059,37.970542800000032],[23.738374900000053,37.970538200000078],[23.738372900000059,37.970533600000067],[23.738371200000074,37.970529100000078],[23.738369800000044,37.970524800000078],[23.738368900000069,37.970520800000031],[23.738368500000036,37.970517200000074],[23.738368800000046,37.970514100000059],[23.738369700000078,37.970511600000066],[23.738371500000028,37.970509800000059],[23.738374100000044,37.970508800000061],[23.738377700000058,37.970508600000073],[23.738381700000048,37.97050900000005],[23.73838580000006,37.970509400000026],[23.73838980000005,37.970509800000059]]]},"properties":{"fid":353,"leisure":"garden","name":null,"shapearea_m":203.57849900733615}},{"type":"Feature","id":354,"geometry":{"type":"Polygon","coordinates":[[[23.737943800000039,37.970759200000032],[23.737957400000028,37.970762000000036],[23.737980400000026,37.97076670000007],[23.738004000000046,37.970771600000035],[23.738028000000043,37.970776700000044],[23.738052300000049,37.970781800000054],[23.738076700000079,37.97078700000003],[23.738101100000051,37.970792200000062],[23.738125300000036,37.970797300000072],[23.738149200000066,37.970802300000059],[23.738172600000041,37.970807100000059],[23.738195400000052,37.97081170000007],[23.738217300000031,37.970816100000036],[23.738238400000057,37.970820200000048],[23.738258400000063,37.970823900000028],[23.73827730000005,37.970827200000031],[23.738300000000038,37.970830800000044],[23.738292200000046,37.970838400000048],[23.738279800000043,37.970848800000056],[23.738265800000079,37.970859000000075],[23.738250700000037,37.970869100000073],[23.738234500000033,37.970878800000037],[23.738217800000029,37.970888200000047],[23.73820070000005,37.970897200000024],[23.73818360000007,37.970905600000037],[23.738166800000045,37.970913500000051],[23.73815060000004,37.970920700000079],[23.738135100000022,37.970927300000028],[23.738120900000069,37.970933100000025],[23.738108000000068,37.970938200000035],[23.738096900000073,37.970942500000035],[23.738090300000067,37.970944900000063],[23.738085600000034,37.970941900000071],[23.738070400000026,37.970932000000062],[23.738055200000076,37.970921900000064],[23.738040100000035,37.970911500000057],[23.738026000000048,37.970901300000037],[23.738013500000022,37.970891100000074],[23.738002200000039,37.970881000000077],[23.737992000000077,37.970870900000079],[23.737983000000042,37.97086100000007],[23.737975000000063,37.970851300000049],[23.737968000000023,37.970841900000039],[23.737961900000073,37.970832800000039],[23.737956700000041,37.97082400000005],[23.737952200000052,37.970815800000025],[23.737948500000073,37.970808000000034],[23.737945400000058,37.970800800000063],[23.737942900000064,37.97079430000008],[23.737941000000035,37.97078840000006],[23.737939600000061,37.970783400000073],[23.737938500000041,37.970779200000038],[23.737937800000054,37.970775900000035],[23.737937700000032,37.970775500000059],[23.737943800000039,37.970759200000032]]]},"properties":{"fid":354,"leisure":"garden","name":null,"shapearea_m":336.4381972310378}},{"type":"Feature","id":355,"geometry":{"type":"Polygon","coordinates":[[[23.738164500000039,37.970463500000051],[23.738243500000067,37.970479300000079],[23.738249100000075,37.970483200000047],[23.738256300000046,37.970488700000033],[23.738263700000061,37.970494500000029],[23.738270900000032,37.97050020000006],[23.738277900000071,37.970505800000069],[23.738284600000043,37.970511400000078],[23.738291100000026,37.970516900000064],[23.738297300000056,37.97052240000005],[23.738303200000075,37.97052780000007],[23.738308700000061,37.970533100000068],[23.738314000000059,37.970538400000066],[23.738319000000047,37.970543600000042],[23.738323600000058,37.970548700000052],[23.738327900000058,37.970553800000062],[23.738331800000026,37.970558800000049],[23.738335400000039,37.970563700000071],[23.738338600000077,37.970568600000036],[23.738341400000024,37.970573300000069],[23.738343900000075,37.970578000000046],[23.738346000000035,37.970582600000057],[23.738347600000054,37.970587100000046],[23.738350100000048,37.970595500000059],[23.738352300000031,37.970604500000036],[23.738354100000038,37.970614000000069],[23.738355500000068,37.970623900000078],[23.738356500000066,37.970634200000063],[23.738357000000065,37.970642200000043],[23.73835710000003,37.970644700000037],[23.738357300000075,37.970655600000043],[23.73835710000003,37.97066680000006],[23.738356400000043,37.970678100000043],[23.738355300000023,37.970689700000037],[23.738353700000062,37.970701400000053],[23.738351600000044,37.970713200000034],[23.73834910000005,37.970725100000038],[23.738346100000058,37.970737100000065],[23.738342600000067,37.970749100000035],[23.738338700000043,37.970761000000039],[23.738334200000054,37.970773000000065],[23.738329300000032,37.970784800000047],[23.738324900000066,37.970794200000057],[23.738304500000027,37.97079130000003],[23.738287800000023,37.970788600000049],[23.738269600000024,37.970785400000068],[23.738250100000073,37.970781800000054],[23.738229400000023,37.970777800000064],[23.738207700000032,37.970773400000041],[23.738185200000032,37.970768900000053],[23.738162000000045,37.970764100000054],[23.738138200000037,37.970759100000066],[23.738114100000075,37.970754000000056],[23.738089700000046,37.970748800000024],[23.738065300000073,37.970743700000071],[23.738041000000067,37.970738500000039],[23.738016800000025,37.970733400000029],[23.73799310000004,37.970728500000064],[23.737969900000053,37.970723700000065],[23.737957900000026,37.970721300000037],[23.738024600000074,37.970542600000044],[23.738028600000064,37.970542300000034],[23.73803440000006,37.970541600000047],[23.738040800000078,37.970540600000049],[23.738047700000038,37.970539200000076],[23.738054900000066,37.970537300000046],[23.738062500000069,37.970534900000075],[23.738070200000038,37.970531900000026],[23.738077900000064,37.970528200000047],[23.738085600000034,37.970523700000058],[23.738093200000037,37.97051840000006],[23.73810050000003,37.97051220000003],[23.738107400000047,37.970505100000025],[23.738113800000065,37.97049700000008],[23.738119700000027,37.970487700000035],[23.738124800000037,37.970477300000027],[23.738164500000039,37.970463500000051]]]},"properties":{"fid":355,"leisure":"garden","name":null,"shapearea_m":895.90335408420958}},{"type":"Feature","id":356,"geometry":{"type":"Polygon","coordinates":[[[23.73936800000007,37.970783900000072],[23.739368100000036,37.970747800000026],[23.739399100000071,37.970747900000049],[23.739399000000049,37.970784000000037],[23.73936800000007,37.970783900000072]]]},"properties":{"fid":356,"leisure":null,"name":"Γεώργιος Καραϊσκάκης","shapearea_m":10.914583570699376}},{"type":"Feature","id":357,"geometry":{"type":"Polygon","coordinates":[[[23.739672000000041,37.970859200000064],[23.739577200000042,37.970860900000048],[23.739547500000072,37.970457400000043],[23.73961440000005,37.970452800000032],[23.739672000000041,37.970859200000064]]]},"properties":{"fid":357,"leisure":"garden","name":null,"shapearea_m":320.65384472503598}},{"type":"Feature","id":358,"geometry":{"type":"Polygon","coordinates":[[[23.735723600000028,37.973928300000068],[23.735630800000024,37.973938500000031],[23.735628100000042,37.973923100000036],[23.735720900000047,37.973913000000039],[23.735723600000028,37.973928300000068]]]},"properties":{"fid":358,"leisure":"garden","name":null,"shapearea_m":14.15951017586486}},{"type":"Feature","id":359,"geometry":{"type":"Polygon","coordinates":[[[23.735732900000073,37.97398110000006],[23.735735600000055,37.973996400000033],[23.735642800000051,37.974006600000052],[23.735640100000069,37.973991200000057],[23.735732900000073,37.97398110000006]]]},"properties":{"fid":359,"leisure":"garden","name":null,"shapearea_m":14.15949724982868}},{"type":"Feature","id":360,"geometry":{"type":"Polygon","coordinates":[[[23.735692500000027,37.973950800000068],[23.735695200000066,37.973966100000041],[23.735636800000066,37.973972500000059],[23.735634100000027,37.973957200000029],[23.735692500000027,37.973950800000068]]]},"properties":{"fid":360,"leisure":"garden","name":null,"shapearea_m":8.8825738089984299}},{"type":"Feature","id":361,"geometry":{"type":"Polygon","coordinates":[[[23.735915300000045,37.973976800000059],[23.735747500000059,37.973995100000025],[23.735744800000077,37.973979800000052],[23.735912700000029,37.97396150000003],[23.735915300000045,37.973976800000059]]]},"properties":{"fid":361,"leisure":"garden","name":null,"shapearea_m":25.518376627505731}},{"type":"Feature","id":362,"geometry":{"type":"Polygon","coordinates":[[[23.735759700000074,37.973959100000059],[23.735757000000035,37.973943800000029],[23.735906700000044,37.973927400000036],[23.735909400000025,37.973942700000066],[23.735759700000074,37.973959100000059]]]},"properties":{"fid":362,"leisure":"garden","name":null,"shapearea_m":22.769061677719662}},{"type":"Feature","id":363,"geometry":{"type":"Polygon","coordinates":[[[23.735903400000041,37.973908700000038],[23.735735500000033,37.97392700000006],[23.735732800000051,37.973911700000031],[23.735900700000059,37.973893400000065],[23.735903400000041,37.973908700000038]]]},"properties":{"fid":363,"leisure":"garden","name":null,"shapearea_m":25.534784104523492}},{"type":"Feature","id":364,"geometry":{"type":"Polygon","coordinates":[[[23.736201100000073,37.974866400000053],[23.735771700000043,37.974922700000036],[23.735768900000039,37.97490920000007],[23.736212300000034,37.974847700000055],[23.736292800000058,37.975228900000047],[23.736278000000027,37.975230800000077],[23.736201100000073,37.974866400000053]]]},"properties":{"fid":364,"leisure":"garden","name":null,"shapearea_m":121.27721024016826}},{"type":"Feature","id":365,"geometry":{"type":"Polygon","coordinates":[[[23.735979800000052,37.975908400000037],[23.736409200000026,37.975852100000054],[23.736332200000049,37.975487600000065],[23.736347000000023,37.975485700000036],[23.736357300000066,37.975534400000072],[23.736427500000048,37.975867000000051],[23.735982700000022,37.97592190000006],[23.735979800000052,37.975908400000037]]]},"properties":{"fid":365,"leisure":"garden","name":null,"shapearea_m":121.50649952643288}},{"type":"Feature","id":366,"geometry":{"type":"Polygon","coordinates":[[[23.735810300000026,37.975105300000052],[23.735785500000077,37.974988000000053],[23.735799100000065,37.974986200000046],[23.735823900000071,37.975103600000068],[23.735810300000026,37.975105300000052]]]},"properties":{"fid":366,"leisure":"garden","name":null,"shapearea_m":15.987620475937021}},{"type":"Feature","id":367,"geometry":{"type":"Polygon","coordinates":[[[23.735941300000036,37.975725800000077],[23.735954900000024,37.975724000000071],[23.73597970000003,37.975841400000036],[23.735966100000041,37.975843200000043],[23.735941300000036,37.975725800000077]]]},"properties":{"fid":367,"leisure":"garden","name":null,"shapearea_m":16.006186744218084}},{"type":"Feature","id":368,"geometry":{"type":"Polygon","coordinates":[[[23.737460000000056,37.974676300000056],[23.737457900000038,37.974676500000044],[23.737455900000043,37.974676600000066],[23.737453900000048,37.974676500000044],[23.737451900000053,37.974676300000056],[23.737449900000058,37.974676000000045],[23.737448100000051,37.974675600000069],[23.737446200000022,37.97467510000007],[23.737444400000072,37.974674400000026],[23.737442700000031,37.974673700000039],[23.737441100000069,37.974672800000064],[23.737439600000073,37.974671900000033],[23.737438100000077,37.974670900000035],[23.737436800000069,37.974669800000072],[23.737435600000026,37.97466860000003],[23.737434500000063,37.974667300000078],[23.737433500000066,37.974665900000048],[23.737432600000034,37.974664500000074],[23.737431900000047,37.974663000000078],[23.737431300000026,37.974661500000025],[23.737430900000049,37.974659900000063],[23.737430600000039,37.974658300000044],[23.737430500000073,37.97465660000006],[23.737430600000039,37.974655100000064],[23.737430800000027,37.974653500000045],[23.73743120000006,37.974652000000049],[23.737431700000059,37.974650500000052],[23.737432400000046,37.974649000000056],[23.737433200000055,37.974647600000026],[23.737434200000052,37.974646300000074],[23.73743520000005,37.974645000000066],[23.737436400000036,37.974643800000024],[23.737437700000044,37.974642700000061],[23.73743920000004,37.974641600000041],[23.737440700000036,37.974640600000043],[23.737442300000055,37.974639700000068],[23.737444000000039,37.974639000000025],[23.737445800000046,37.974638300000038],[23.737447700000075,37.974637700000073],[23.737449600000048,37.97463730000004],[23.737451700000065,37.974636900000064],[23.73745370000006,37.974636700000076],[23.737455800000077,37.974636700000076],[23.737457800000072,37.974636700000076],[23.737459800000067,37.974636900000064],[23.73746170000004,37.974637200000075],[23.737463600000069,37.974637600000051],[23.737465500000042,37.97463810000005],[23.737467200000026,37.974638800000037],[23.737468900000067,37.97463950000008],[23.737470600000051,37.974640400000055],[23.737472100000048,37.97464130000003],[23.737473500000078,37.974642300000028],[23.737474900000052,37.97464350000007],[23.737476100000038,37.974644700000056],[23.737477200000058,37.974645900000041],[23.737478200000055,37.974647300000072],[23.73747910000003,37.974648700000046],[23.737479800000074,37.974650200000042],[23.737480400000038,37.974651700000038],[23.737480800000071,37.974653300000057],[23.737481100000025,37.974655000000041],[23.737481100000025,37.97465660000006],[23.737481100000025,37.974658200000079],[23.737480800000071,37.974659700000075],[23.737480500000061,37.974661200000071],[23.737479900000039,37.974662700000067],[23.737479200000053,37.974664200000063],[23.737478400000043,37.974665600000037],[23.737477500000068,37.974666900000045],[23.737476400000048,37.974668200000053],[23.737475200000063,37.974669400000039],[23.737473900000055,37.974670600000024],[23.737472500000024,37.974671600000079],[23.737471000000028,37.974672600000076],[23.737469400000066,37.974673500000051],[23.737467700000025,37.974674200000038],[23.737465900000075,37.974674900000025],[23.737464000000045,37.974675500000046],[23.73746200000005,37.974675900000079],[23.737460000000056,37.974676300000056]]]},"properties":{"fid":368,"leisure":"garden","name":null,"shapearea_m":15.458196934967484}},{"type":"Feature","id":369,"geometry":{"type":"Polygon","coordinates":[[[23.73772230000003,37.975719600000048],[23.737722800000029,37.975722300000029],[23.737722900000051,37.975724900000046],[23.737722800000029,37.975727500000062],[23.737722400000052,37.975730100000078],[23.737721800000031,37.975732600000072],[23.737720900000056,37.975735000000043],[23.737719800000036,37.975737400000071],[23.737718500000028,37.975739700000076],[23.737716900000066,37.97574190000006],[23.737715200000025,37.975744000000077],[23.73771320000003,37.975746000000072],[23.73771110000007,37.975747900000044],[23.737708800000064,37.975749600000029],[23.73770630000007,37.975751200000047],[23.737703600000032,37.975752600000078],[23.737700800000027,37.975753900000029],[23.737697800000035,37.975755000000049],[23.737694800000043,37.975756000000047],[23.737691500000039,37.975756700000034],[23.737688200000036,37.975757300000055],[23.737684800000068,37.975757600000065],[23.737681500000065,37.975757700000031],[23.737678200000062,37.975757600000065],[23.737674900000059,37.975757300000055],[23.737671700000078,37.975756800000056],[23.737668600000063,37.975756100000069],[23.737665600000071,37.97575530000006],[23.737662700000044,37.97575420000004],[23.73765990000004,37.975753000000054],[23.737657200000058,37.975751600000081],[23.737654700000064,37.975750100000027],[23.737652300000036,37.975748400000043],[23.737650100000053,37.975746600000036],[23.737648100000058,37.975744600000041],[23.737646300000051,37.975742500000024],[23.737644700000033,37.975740300000041],[23.737643200000036,37.975738000000035],[23.737642100000073,37.975735500000042],[23.737641100000076,37.975733000000048],[23.737640400000032,37.975730400000032],[23.737640000000056,37.97572770000005],[23.737639800000068,37.975725000000068],[23.737640000000056,37.975722400000052],[23.737640300000066,37.975719900000058],[23.737641000000053,37.975717400000065],[23.737641800000063,37.975714900000071],[23.737643000000048,37.975712500000043],[23.737644300000056,37.975710200000037],[23.737645800000053,37.975708000000054],[23.737647600000059,37.975705900000037],[23.737649500000032,37.975704000000064],[23.737651700000072,37.975702100000035],[23.737654000000077,37.975700400000051],[23.737656500000071,37.975698800000032],[23.73765910000003,37.975697300000036],[23.737662000000057,37.975696000000028],[23.737664900000027,37.975694900000065],[23.737668000000042,37.975694000000033],[23.737671200000023,37.97569320000008],[23.737674600000048,37.975692700000025],[23.737677900000051,37.975692400000071],[23.737681300000077,37.975692200000026],[23.737684600000023,37.975692300000048],[23.737687900000026,37.975692600000059],[23.737691000000041,37.975693100000058],[23.737694200000078,37.975693800000045],[23.737697200000071,37.975694700000076],[23.73770010000004,37.975695700000074],[23.737702900000045,37.975697000000025],[23.737705500000061,37.975698300000033],[23.737708000000055,37.975699900000052],[23.737710400000026,37.975701600000036],[23.737712600000066,37.975703400000043],[23.737714600000061,37.975705400000038],[23.737716500000033,37.975707500000055],[23.737718100000052,37.975709700000039],[23.737719500000026,37.975712000000044],[23.737720700000068,37.975714400000072],[23.737721700000066,37.975717000000031],[23.73772230000003,37.975719600000048]]]},"properties":{"fid":369,"leisure":"garden","name":null,"shapearea_m":41.626718974123236}},{"type":"Feature","id":370,"geometry":{"type":"Polygon","coordinates":[[[23.737271600000042,37.975734500000044],[23.737268400000062,37.97573200000005],[23.737265100000059,37.975729500000057],[23.737261700000033,37.975727000000063],[23.737258300000065,37.975724700000058],[23.737254800000073,37.975722300000029],[23.737251300000025,37.975720100000046],[23.737247700000069,37.975717900000063],[23.737244000000032,37.975715800000046],[23.737240300000053,37.975713700000028],[23.737236600000074,37.975711700000033],[23.73723270000005,37.975709800000061],[23.737228800000025,37.975707900000032],[23.737224900000058,37.975706100000025],[23.737220900000068,37.975704400000041],[23.737216900000078,37.975702700000056],[23.737212800000066,37.975701100000038],[23.737208700000053,37.975699600000041],[23.737204500000075,37.975698100000045],[23.73720030000004,37.975696700000071],[23.73719600000004,37.975695400000063],[23.73719310000007,37.97568160000003],[23.737367200000051,37.975658800000076],[23.737380200000075,37.975720300000035],[23.737271600000042,37.975734500000044]]]},"properties":{"fid":370,"leisure":"garden","name":null,"shapearea_m":89.353465687071107}},{"type":"Feature","id":371,"geometry":{"type":"Polygon","coordinates":[[[23.736815400000069,37.975794400000041],[23.736802400000045,37.97573280000006],[23.736976500000026,37.975710000000049],[23.736979400000052,37.975723800000026],[23.736975900000061,37.975726200000054],[23.736972500000036,37.975728500000059],[23.736969200000033,37.975731000000053],[23.73696590000003,37.975733500000047],[23.736962700000049,37.97573600000004],[23.736959600000034,37.975738600000057],[23.736956500000076,37.975741300000038],[23.736953500000027,37.975744000000077],[23.736950600000057,37.975746800000024],[23.736947800000053,37.975749600000029],[23.736945000000048,37.975752400000033],[23.736942400000032,37.97575530000006],[23.736939800000073,37.975758300000052],[23.736937300000022,37.975761300000045],[23.736934900000051,37.975764300000037],[23.736932500000023,37.975767400000052],[23.73693030000004,37.975770500000067],[23.736928100000057,37.975773700000047],[23.736926000000039,37.975776900000028],[23.736924000000045,37.975780100000065],[23.736815400000069,37.975794400000041]]]},"properties":{"fid":371,"leisure":"garden","name":null,"shapearea_m":89.447022069159033}},{"type":"Feature","id":372,"geometry":{"type":"Polygon","coordinates":[[[23.737376200000028,37.97483150000005],[23.737448700000073,37.974822000000074],[23.737466600000062,37.974907100000053],[23.737464000000045,37.974910100000045],[23.737461400000029,37.974913100000038],[23.737458900000036,37.97491610000003],[23.737456300000076,37.974919100000079],[23.737453800000026,37.974922100000072],[23.737451400000054,37.974925100000064],[23.737448900000061,37.974928200000079],[23.737446500000033,37.974931300000037],[23.737444200000027,37.974934300000029],[23.737441800000056,37.974937400000044],[23.73743950000005,37.974940600000025],[23.737437300000067,37.97494370000004],[23.737435000000062,37.974946800000055],[23.737432800000079,37.974950000000035],[23.737430700000061,37.974953200000073],[23.737428600000044,37.974956400000053],[23.737426500000026,37.974959600000034],[23.737424400000066,37.974962800000071],[23.737422400000071,37.974966100000074],[23.737420400000076,37.974969300000055],[23.737405700000068,37.974971200000027],[23.737376200000028,37.97483150000005]]]},"properties":{"fid":372,"leisure":"garden","name":null,"shapearea_m":84.759359235040733}},{"type":"Feature","id":373,"geometry":{"type":"Polygon","coordinates":[[[23.737535300000047,37.975585100000046],[23.737505800000065,37.975445400000069],[23.737520500000073,37.97544350000004],[23.737523700000054,37.975446000000034],[23.737526900000034,37.97544860000005],[23.737530200000037,37.975451100000043],[23.73753350000004,37.975453600000037],[23.737536800000044,37.975456100000031],[23.737540200000069,37.975458500000059],[23.737543600000038,37.975461000000053],[23.737547000000063,37.975463400000081],[23.737550400000032,37.975465800000052],[23.737553900000023,37.975468100000057],[23.737557300000049,37.975470500000029],[23.737560900000062,37.975472800000034],[23.737564400000053,37.97547510000004],[23.737567900000045,37.975477400000045],[23.737571500000058,37.975479600000028],[23.737575100000072,37.975481800000068],[23.737578800000051,37.975484000000051],[23.737582400000065,37.975486200000034],[23.737586100000044,37.975488300000052],[23.737589800000023,37.975490500000035],[23.737607800000035,37.97557560000007],[23.737535300000047,37.975585100000046]]]},"properties":{"fid":373,"leisure":"garden","name":null,"shapearea_m":84.763222811305326}},{"type":"Feature","id":374,"geometry":{"type":"Polygon","coordinates":[[[23.736693400000036,37.975857400000052],[23.736686900000052,37.975826500000039],[23.737011900000027,37.975783800000045],[23.737018500000033,37.97581480000008],[23.736693400000036,37.975857400000052]]]},"properties":{"fid":374,"leisure":"garden","name":null,"shapearea_m":100.83493798722112}},{"type":"Feature","id":375,"geometry":{"type":"Polygon","coordinates":[[[23.735900900000047,37.975004800000079],[23.736098600000048,37.974978900000053],[23.736138000000039,37.97516580000007],[23.736041100000023,37.975178500000027],[23.736032600000044,37.975138300000026],[23.735947600000031,37.975076100000024],[23.735916800000041,37.975080200000036],[23.735900900000047,37.975004800000079]]]},"properties":{"fid":375,"leisure":"garden","name":null,"shapearea_m":282.6540724950371}},{"type":"Feature","id":376,"geometry":{"type":"Polygon","coordinates":[[[23.736068300000056,37.975797800000066],[23.736052400000062,37.975722400000052],[23.736083200000053,37.975718400000062],[23.736138000000039,37.975637800000072],[23.736129600000027,37.975597700000037],[23.736226500000043,37.975585000000081],[23.736266000000057,37.975771900000041],[23.736068300000056,37.975797800000066]]]},"properties":{"fid":376,"leisure":"garden","name":null,"shapearea_m":282.72554102160751}},{"type":"Feature","id":377,"geometry":{"type":"Polygon","coordinates":[[[23.737397500000043,37.974614000000031],[23.737390800000071,37.974582200000043],[23.737428100000045,37.974577300000078],[23.737432200000057,37.974596700000063],[23.737430200000063,37.974597300000028],[23.737428200000068,37.974597800000026],[23.737426200000073,37.974598400000048],[23.737424300000043,37.974599100000034],[23.737422300000048,37.974599700000056],[23.737420500000042,37.974600400000043],[23.737418600000069,37.974601200000052],[23.737416800000062,37.974602000000061],[23.737415000000055,37.974602800000071],[23.737413200000049,37.97460360000008],[23.737411500000064,37.974604500000055],[23.737409800000023,37.974605500000052],[23.737408100000039,37.974606400000027],[23.737406500000077,37.974607400000025],[23.737404900000058,37.974608400000079],[23.737403400000062,37.974609500000042],[23.737401900000066,37.97461050000004],[23.73740040000007,37.974611700000025],[23.737398900000073,37.974612800000045],[23.737397500000043,37.974614000000031]]]},"properties":{"fid":377,"leisure":"garden","name":null,"shapearea_m":9.0071346143709317}},{"type":"Feature","id":378,"geometry":{"type":"Polygon","coordinates":[[[23.737493500000028,37.97460140000004],[23.737491700000078,37.974600600000031],[23.737489800000048,37.974599900000044],[23.737488000000042,37.974599300000079],[23.737486100000069,37.974598600000036],[23.73748420000004,37.974598000000071],[23.737482300000067,37.974597500000073],[23.737480300000072,37.974596900000051],[23.737478400000043,37.974596500000075],[23.737476400000048,37.974596000000076],[23.737474400000053,37.974595600000043],[23.737472400000058,37.974595300000033],[23.737470300000041,37.974594900000056],[23.737468300000046,37.974594700000068],[23.737466200000028,37.974594400000058],[23.737464200000034,37.97459420000007],[23.737462100000073,37.974594100000047],[23.737460000000056,37.974594000000025],[23.737457900000038,37.974593900000059],[23.737455700000055,37.974593900000059],[23.737453600000038,37.974593900000059],[23.737449500000025,37.974574500000074],[23.737486800000056,37.974569600000052],[23.737493500000028,37.97460140000004]]]},"properties":{"fid":378,"leisure":"garden","name":null,"shapearea_m":8.9999188067798457}},{"type":"Feature","id":379,"geometry":{"type":"Polygon","coordinates":[[[23.73441020000007,37.98075220000004],[23.734443200000044,37.980713800000046],[23.734578700000043,37.980786100000046],[23.734545700000069,37.98082450000004],[23.73441020000007,37.98075220000004]]]},"properties":{"fid":379,"leisure":"garden","name":null,"shapearea_m":74.005921100150161}},{"type":"Feature","id":380,"geometry":{"type":"Polygon","coordinates":[[[23.734368200000063,37.980729800000063],[23.734297300000037,37.980692000000033],[23.734330300000067,37.980653600000039],[23.734401200000036,37.980691400000069],[23.734368200000063,37.980729800000063]]]},"properties":{"fid":380,"leisure":"garden","name":null,"shapearea_m":38.713530138330853}},{"type":"Feature","id":381,"geometry":{"type":"Polygon","coordinates":[[[23.734092200000077,37.98058270000007],[23.734125200000051,37.980544200000054],[23.734195200000045,37.980581500000028],[23.734162200000071,37.980620000000044],[23.734092200000077,37.98058270000007]]]},"properties":{"fid":381,"leisure":"garden","name":null,"shapearea_m":38.283930101211595}},{"type":"Feature","id":382,"geometry":{"type":"Polygon","coordinates":[[[23.734049600000048,37.98055990000006],[23.733920300000023,37.980491000000029],[23.73395320000003,37.980452500000069],[23.734082600000079,37.980521500000066],[23.734049600000048,37.98055990000006]]]},"properties":{"fid":382,"leisure":"garden","name":null,"shapearea_m":70.654640235160187}},{"type":"Feature","id":383,"geometry":{"type":"Polygon","coordinates":[[[23.732861000000071,37.981036900000049],[23.732865300000071,37.981032500000026],[23.732870600000069,37.98102810000006],[23.732876800000042,37.981023900000025],[23.732883600000036,37.981019900000035],[23.732890900000029,37.981016400000044],[23.732898500000033,37.981013500000074],[23.732906200000059,37.981011400000057],[23.732913800000063,37.981010200000071],[23.732921100000056,37.981010100000049],[23.732928000000072,37.981011200000069],[23.732933600000024,37.981013500000074],[23.732937200000038,37.981016500000067],[23.732939200000033,37.98102010000008],[23.732939900000076,37.981024000000048],[23.732939600000066,37.981028000000038],[23.732938700000034,37.981031700000074],[23.732937500000048,37.981035100000042],[23.73293620000004,37.981037800000024],[23.732935100000077,37.981039600000031],[23.732934700000044,37.981040200000052],[23.73289230000006,37.981089600000075],[23.732891700000039,37.98109020000004],[23.732890000000054,37.98109160000007],[23.732887300000073,37.981093500000043],[23.732883800000025,37.981095700000026],[23.732879700000069,37.981097800000043],[23.732875200000024,37.981099400000062],[23.732870300000059,37.981100400000059],[23.732865400000037,37.981100200000071],[23.73286040000005,37.981098700000075],[23.732855700000073,37.981095500000038],[23.732851800000049,37.981090900000027],[23.732849200000032,37.981085500000063],[23.732847800000059,37.981079500000078],[23.732847400000026,37.98107310000006],[23.732848000000047,37.981066400000032],[23.732849400000077,37.981059800000025],[23.732851500000038,37.981053300000042],[23.732854200000077,37.981047200000035],[23.732857400000057,37.981041700000048],[23.732861000000071,37.981036900000049]]]},"properties":{"fid":383,"leisure":"garden","name":null,"shapearea_m":50.713771397194556}},{"type":"Feature","id":384,"geometry":{"type":"Polygon","coordinates":[[[23.73362590000005,37.981165100000055],[23.733717200000058,37.981213500000024],[23.733643500000028,37.981300600000054],[23.733551200000022,37.981252100000063],[23.73362590000005,37.981165100000055]]]},"properties":{"fid":384,"leisure":"garden","name":null,"shapearea_m":112.98317268268893}},{"type":"Feature","id":385,"geometry":{"type":"Polygon","coordinates":[[[23.733463900000061,37.981437700000072],[23.733556300000032,37.981329600000038],[23.733599600000048,37.981352400000048],[23.733507900000063,37.981460800000036],[23.733463900000061,37.981437700000072]]]},"properties":{"fid":385,"leisure":"garden","name":null,"shapearea_m":66.677614135499056}},{"type":"Feature","id":386,"geometry":{"type":"Polygon","coordinates":[[[23.733347700000024,37.981487700000059],[23.733442800000034,37.981537700000047],[23.733390800000052,37.981599200000062],[23.733296500000051,37.98154900000003],[23.733347700000024,37.981487700000059]]]},"properties":{"fid":386,"leisure":"garden","name":null,"shapearea_m":81.910114076099802}},{"type":"Feature","id":387,"geometry":{"type":"Polygon","coordinates":[[[23.732611400000053,37.98118420000003],[23.73260920000007,37.981183000000044],[23.732603200000028,37.981179300000065],[23.73259470000005,37.981173600000034],[23.732584900000063,37.981165900000065],[23.732575100000076,37.981156600000077],[23.732566500000075,37.981146000000024],[23.732560300000046,37.981134100000077],[23.732557800000052,37.981121400000063],[23.732560100000057,37.981108000000063],[23.73256850000007,37.981094300000052],[23.732580800000051,37.981082400000048],[23.732593500000064,37.98107420000008],[23.732606300000043,37.981069200000036],[23.732618800000068,37.981066800000065],[23.732630800000038,37.981066400000032],[23.732641800000067,37.98106770000004],[23.732651400000066,37.98106990000008],[23.732659400000045,37.981072500000039],[23.73266540000003,37.981075100000055],[23.732668900000078,37.98107710000005],[23.732680600000037,37.981086100000027],[23.73269010000007,37.981095700000026],[23.732697900000062,37.981105900000045],[23.732704400000046,37.981116200000031],[23.732710100000077,37.981126500000073],[23.732715600000063,37.981136500000048],[23.732721300000037,37.981145900000058],[23.732727700000055,37.981154500000059],[23.732735300000058,37.981162100000063],[23.732744600000046,37.981168300000036],[23.732754600000078,37.98117330000008],[23.732764200000076,37.981177500000058],[23.732773400000042,37.981180800000061],[23.732782400000076,37.981183600000065],[23.732791400000053,37.981185700000026],[23.732800500000053,37.981187400000067],[23.732810000000029,37.981188600000053],[23.732819800000073,37.98118960000005],[23.732830300000046,37.98119040000006],[23.732841500000063,37.981191000000024],[23.732853700000078,37.981192300000032],[23.732866700000045,37.98119470000006],[23.732880500000078,37.981198300000074],[23.732895000000042,37.981202800000062],[23.732910100000026,37.981208300000048],[23.732925800000032,37.981214700000066],[23.732942000000037,37.981221800000071],[23.732958600000075,37.981229600000063],[23.732975500000066,37.981238000000076],[23.732992500000023,37.981246000000056],[23.732909500000062,37.981342700000027],[23.732611400000053,37.98118420000003]]]},"properties":{"fid":387,"leisure":"garden","name":null,"shapearea_m":428.57278212813372}},{"type":"Feature","id":388,"geometry":{"type":"Polygon","coordinates":[[[23.732940600000063,37.980800800000054],[23.73323890000006,37.980958700000031],[23.733155900000042,37.981055500000025],[23.733140500000047,37.98104660000007],[23.733124300000043,37.981037400000048],[23.733108900000047,37.981028200000026],[23.733094400000027,37.981019100000026],[23.733081100000049,37.981010000000026],[23.733068900000035,37.981001000000049],[23.733058100000051,37.980992100000037],[23.733048800000063,37.980983300000048],[23.733041000000071,37.98097480000007],[23.733035000000029,37.980966400000057],[23.733030000000042,37.980958400000077],[23.733025200000043,37.980951000000061],[23.733020300000078,37.980944200000067],[23.733015300000034,37.980937800000049],[23.73300990000007,37.980931700000042],[23.733004000000051,37.980925900000045],[23.732997400000045,37.980920400000059],[23.732990000000029,37.980914900000073],[23.732981500000051,37.980909500000053],[23.732971900000052,37.980904100000032],[23.732961100000068,37.980899600000043],[23.732949400000052,37.980896900000062],[23.732936800000061,37.980895500000031],[23.732923600000049,37.980894800000044],[23.732909800000073,37.980894600000056],[23.732895500000041,37.980894300000045],[23.732880900000055,37.98089340000007],[23.732866100000024,37.980891500000041],[23.732851200000027,37.980888200000038],[23.732836200000065,37.980883000000063],[23.732832600000052,37.980881200000056],[23.732827300000054,37.98087780000003],[23.732821200000046,37.980872900000065],[23.732814900000051,37.980866700000036],[23.732809400000065,37.980859100000032],[23.732805300000052,37.980850300000043],[23.732803400000023,37.980840200000046],[23.732804500000043,37.980829000000028],[23.732809300000042,37.980816600000026],[23.732818700000053,37.980803200000025],[23.732831800000042,37.980791900000042],[23.732846600000073,37.980785200000071],[23.732862500000067,37.980782200000078],[23.732878800000037,37.980782300000044],[23.732894500000043,37.98078460000005],[23.732909100000029,37.980788300000029],[23.732921800000042,37.980792600000029],[23.732931800000074,37.980796600000076],[23.732938300000058,37.980799600000068],[23.732940600000063,37.980800800000054]]]},"properties":{"fid":388,"leisure":"garden","name":null,"shapearea_m":428.6753767057437}},{"type":"Feature","id":389,"geometry":{"type":"Polygon","coordinates":[[[23.633358000000044,37.928084900000044],[23.633364800000038,37.92805160000006],[23.633397600000023,37.928055800000038],[23.633390900000052,37.928089100000079],[23.633358000000044,37.928084900000044]]]},"properties":{"fid":389,"leisure":"garden","name":null,"shapearea_m":10.951512797824979}},{"type":"Feature","id":390,"geometry":{"type":"Polygon","coordinates":[[[23.633409300000039,37.927852800000039],[23.633416100000034,37.927819400000033],[23.633448900000076,37.927823600000067],[23.633442200000047,37.927856900000052],[23.633409300000039,37.927852800000039]]]},"properties":{"fid":390,"leisure":"garden","name":null,"shapearea_m":10.964281673764749}},{"type":"Feature","id":391,"geometry":{"type":"Polygon","coordinates":[[[23.633427100000063,37.927773700000046],[23.633433800000034,37.927740400000062],[23.633466700000042,37.927744500000074],[23.633459900000048,37.927777800000058],[23.633427100000063,37.927773700000046]]]},"properties":{"fid":391,"leisure":"garden","name":null,"shapearea_m":10.944971371060829}},{"type":"Feature","id":392,"geometry":{"type":"Polygon","coordinates":[[[23.631344800000022,37.927677800000026],[23.631375500000047,37.927577900000074],[23.63140020000003,37.927582700000073],[23.631369500000062,37.927682600000026],[23.631344800000022,37.927677800000026]]]},"properties":{"fid":392,"leisure":"garden","name":null,"shapearea_m":25.517524839624944}},{"type":"Feature","id":393,"geometry":{"type":"Polygon","coordinates":[[[23.631135700000073,37.927743200000066],[23.631138600000043,37.927731300000062],[23.631320200000062,37.927758400000073],[23.631336000000033,37.927692600000057],[23.631358600000056,37.92769590000006],[23.631340000000023,37.92777360000008],[23.631135700000073,37.927743200000066]]]},"properties":{"fid":393,"leisure":"garden","name":null,"shapearea_m":39.538983617373361}},{"type":"Feature","id":394,"geometry":{"type":"Polygon","coordinates":[[[23.63104050000004,37.928219900000045],[23.631049100000041,37.928166000000033],[23.631205400000056,37.928181700000039],[23.631196700000032,37.92823560000005],[23.63104050000004,37.928219900000045]]]},"properties":{"fid":394,"leisure":"garden","name":null,"shapearea_m":83.509878357212386}},{"type":"Feature","id":395,"geometry":{"type":"Polygon","coordinates":[[[23.631057400000032,37.928758500000072],[23.630911900000058,37.928741000000059],[23.630927900000074,37.928645300000028],[23.630934000000025,37.928634200000033],[23.630942700000048,37.928626300000076],[23.630958100000043,37.928625700000055],[23.631078800000068,37.928637900000069],[23.631057400000032,37.928758500000072]]]},"properties":{"fid":395,"leisure":"garden","name":null,"shapearea_m":172.28854454449274}},{"type":"Feature","id":396,"geometry":{"type":"Polygon","coordinates":[[[23.630969900000025,37.928984900000046],[23.630921900000033,37.929195900000025],[23.630881700000032,37.929193300000065],[23.630849500000068,37.929180000000031],[23.630829700000049,37.929167200000052],[23.630826900000045,37.92915540000007],[23.630833100000075,37.929127400000027],[23.630855900000029,37.929124800000068],[23.630867900000055,37.929111800000044],[23.630877300000066,37.929072700000063],[23.630876000000058,37.929053400000043],[23.630880300000058,37.928973500000041],[23.630969900000025,37.928984900000046]]]},"properties":{"fid":396,"leisure":"garden","name":null,"shapearea_m":174.77674394483424}},{"type":"Feature","id":397,"geometry":{"type":"Polygon","coordinates":[[[23.630963200000053,37.92892530000006],[23.630969800000059,37.928890700000068],[23.631007000000068,37.928895000000068],[23.631000500000027,37.928929700000026],[23.630963200000053,37.92892530000006]]]},"properties":{"fid":397,"leisure":"garden","name":null,"shapearea_m":12.873302550927281}},{"type":"Feature","id":398,"geometry":{"type":"Polygon","coordinates":[[[23.630975100000057,37.928871700000059],[23.630992400000025,37.928794700000026],[23.631036100000074,37.928800800000033],[23.631018700000027,37.928877800000066],[23.630975100000057,37.928871700000059]]]},"properties":{"fid":398,"leisure":"garden","name":null,"shapearea_m":33.831211771995491}},{"type":"Feature","id":399,"geometry":{"type":"Polygon","coordinates":[[[23.630585300000064,37.929445100000066],[23.630624300000022,37.929414200000053],[23.630696300000068,37.929477600000041],[23.630652700000041,37.929509900000028],[23.630585300000064,37.929445100000066]]]},"properties":{"fid":399,"leisure":"garden","name":null,"shapearea_m":47.326325774935995}},{"type":"Feature","id":400,"geometry":{"type":"Polygon","coordinates":[[[23.630642100000046,37.92941090000005],[23.630693700000052,37.929373600000076],[23.63076650000005,37.929427800000042],[23.630712800000026,37.92947120000008],[23.630642100000046,37.92941090000005]]]},"properties":{"fid":400,"leisure":"garden","name":null,"shapearea_m":57.665039545291279}},{"type":"Feature","id":401,"geometry":{"type":"Polygon","coordinates":[[[23.630749700000024,37.929338900000062],[23.630779100000041,37.92931070000003],[23.630871800000023,37.929370800000072],[23.630842500000028,37.929399000000046],[23.630749700000024,37.929338900000062]]]},"properties":{"fid":401,"leisure":"garden","name":null,"shapearea_m":42.736420947005861}},{"type":"Feature","id":402,"geometry":{"type":"Polygon","coordinates":[[[23.62990080000003,37.92930860000007],[23.629927800000075,37.929343700000061],[23.629858800000022,37.92941060000004],[23.629844600000069,37.929398200000037],[23.629796300000066,37.929432400000053],[23.629732000000047,37.929370600000027],[23.629738100000054,37.929367400000046],[23.629700500000069,37.929301700000053],[23.629736800000046,37.929287100000067],[23.62972730000007,37.929269100000056],[23.629751000000056,37.929260100000079],[23.629812100000038,37.929347200000052],[23.62990080000003,37.92930860000007]]]},"properties":{"fid":402,"leisure":"garden","name":null,"shapearea_m":167.9393957958267}},{"type":"Feature","id":403,"geometry":{"type":"Polygon","coordinates":[[[23.639596200000028,37.930554100000052],[23.639736000000028,37.930566000000056],[23.639636100000075,37.930610200000046],[23.639596200000028,37.930554100000052]]]},"properties":{"fid":403,"leisure":"garden","name":null,"shapearea_m":35.948921106627296}},{"type":"Feature","id":404,"geometry":{"type":"Polygon","coordinates":[[[23.639503000000047,37.930566800000065],[23.63951030000004,37.930552000000034],[23.639580400000057,37.930555500000025],[23.639588600000025,37.930566100000078],[23.639584600000035,37.930568100000073],[23.639592800000059,37.930579100000045],[23.639597600000059,37.93057680000004],[23.639626700000065,37.930615500000044],[23.639566000000059,37.930646700000068],[23.639503000000047,37.930566800000065]]]},"properties":{"fid":404,"leisure":"garden","name":null,"shapearea_m":63.191108284045875}},{"type":"Feature","id":405,"geometry":{"type":"Polygon","coordinates":[[[23.640898400000026,37.934428900000057],[23.641142900000034,37.934466300000054],[23.641182000000072,37.934537700000078],[23.641195700000026,37.934579600000063],[23.641111000000024,37.934584800000039],[23.640837400000066,37.934530700000039],[23.640845700000057,37.934493700000075],[23.640860000000032,37.934422700000027],[23.640898400000026,37.934428900000057]]]},"properties":{"fid":405,"leisure":"garden","name":null,"shapearea_m":371.16724515788064}},{"type":"Feature","id":406,"geometry":{"type":"Polygon","coordinates":[[[23.641650100000049,37.934124900000029],[23.64161880000006,37.934307600000068],[23.641607600000043,37.934307200000035],[23.64159120000005,37.934248700000069],[23.641606500000023,37.934239800000057],[23.641589500000066,37.934224200000074],[23.641616600000077,37.934233600000027],[23.641623300000049,37.93420720000006],[23.641586400000051,37.934172800000056],[23.641550800000061,37.934137400000054],[23.641504600000076,37.934137400000054],[23.641479100000026,37.934147900000028],[23.641495300000031,37.93409580000008],[23.641650100000049,37.934124900000029]]]},"properties":{"fid":406,"leisure":"garden","name":null,"shapearea_m":104.98160524115832}},{"type":"Feature","id":407,"geometry":{"type":"Polygon","coordinates":[[[23.641344600000025,37.934436700000049],[23.641300400000034,37.934492000000034],[23.641266500000029,37.934493800000041],[23.641215600000066,37.934534400000075],[23.641186400000038,37.934491100000059],[23.641166400000031,37.934470000000033],[23.641218500000036,37.934472800000037],[23.641261900000075,37.934319800000026],[23.641201000000024,37.934312200000079],[23.64126280000005,37.934059600000069],[23.641439400000024,37.934089100000051],[23.641429200000061,37.934106800000052],[23.641395900000077,37.934132500000032],[23.641373400000077,37.934139100000039],[23.641356400000063,37.934158000000025],[23.641330200000027,37.934218300000055],[23.641332900000066,37.934254300000077],[23.641352500000039,37.934277500000064],[23.641352100000063,37.934316900000056],[23.641358900000057,37.93435160000007],[23.641379500000028,37.934382700000072],[23.641407300000026,37.934403400000065],[23.641344600000025,37.934436700000049]]]},"properties":{"fid":407,"leisure":"garden","name":null,"shapearea_m":548.26421615427068}},{"type":"Feature","id":408,"geometry":{"type":"Polygon","coordinates":[[[23.641212500000051,37.93457710000007],[23.641271900000049,37.93452080000003],[23.641314500000078,37.934505700000045],[23.641391700000042,37.93442710000005],[23.641426900000056,37.934428300000036],[23.641460400000028,37.934440600000073],[23.641501600000026,37.934441700000036],[23.641540000000077,37.934429200000068],[23.641562700000065,37.934414500000059],[23.64157670000003,37.934405800000036],[23.641579600000057,37.934398400000077],[23.641583700000069,37.93437890000007],[23.641592800000069,37.934379700000079],[23.64153680000004,37.934622300000058],[23.641212500000051,37.93457710000007]]]},"properties":{"fid":408,"leisure":"garden","name":null,"shapearea_m":449.10051078487885}},{"type":"Feature","id":409,"geometry":{"type":"Polygon","coordinates":[[[23.640664400000048,37.934561500000029],[23.640672400000028,37.934514500000034],[23.640844100000038,37.934556200000031],[23.641075400000034,37.934604900000068],[23.641145900000026,37.93461300000007],[23.64116800000005,37.934615500000064],[23.641151900000068,37.934673100000055],[23.641034700000034,37.934657600000037],[23.641011700000035,37.934654600000044],[23.640855200000033,37.934617700000047],[23.640826000000061,37.934610700000064],[23.640664400000048,37.934561500000029]]]},"properties":{"fid":409,"leisure":"garden","name":null,"shapearea_m":279.43641492513029}},{"type":"Feature","id":410,"geometry":{"type":"Polygon","coordinates":[[[23.640598000000068,37.93462020000004],[23.640634900000066,37.934572100000025],[23.640785100000073,37.93462020000004],[23.640853100000072,37.934636400000045],[23.641015700000025,37.934673100000055],[23.641035900000077,37.934674700000073],[23.641144500000053,37.934683700000051],[23.641133800000034,37.934736100000066],[23.640956100000039,37.934716000000037],[23.640768300000047,37.934675800000036],[23.640598000000068,37.93462020000004]]]},"properties":{"fid":410,"leisure":"garden","name":null,"shapearea_m":288.42690383352499}},{"type":"Feature","id":411,"geometry":{"type":"Polygon","coordinates":[[[23.73337760000004,37.985772500000053],[23.733349400000066,37.985644100000059],[23.733434600000066,37.985689500000035],[23.73337760000004,37.985772500000053]]]},"properties":{"fid":411,"leisure":"garden","name":null,"shapearea_m":47.094223448697306}},{"type":"Feature","id":412,"geometry":{"type":"Polygon","coordinates":[[[23.159987000000058,37.265487000000064],[23.15978640000003,37.265699400000074],[23.159783600000026,37.265701000000035],[23.159778600000038,37.265703700000074],[23.159774200000072,37.265705800000035],[23.159769700000027,37.26570780000003],[23.159765100000072,37.265709600000037],[23.159760400000039,37.265711200000055],[23.15975560000004,37.265712700000051],[23.159750700000075,37.26571400000006],[23.159743300000059,37.265715700000044],[23.159735800000078,37.265717000000052],[23.159728200000075,37.265718000000049],[23.159720500000049,37.265718500000048],[23.159712800000023,37.265718600000071],[23.159705100000053,37.265718400000026],[23.15969750000005,37.265717800000061],[23.159689900000046,37.265716800000064],[23.159682400000065,37.265715400000033],[23.15967500000005,37.265713600000026],[23.159646400000042,37.26566100000008],[23.159734400000048,37.265627700000039],[23.159783600000026,37.265601000000061],[23.15980890000003,37.26561890000005],[23.159950400000071,37.265481200000067],[23.160034800000062,37.265465200000051],[23.159987000000058,37.265487000000064]]]},"properties":{"fid":412,"leisure":"garden","name":null,"shapearea_m":204.99205111820024}},{"type":"Feature","id":413,"geometry":{"type":"Polygon","coordinates":[[[23.159614300000044,37.265682900000058],[23.159634400000073,37.265674900000079],[23.159660300000041,37.265718600000071],[23.159657500000037,37.265717300000063],[23.159653900000023,37.265715600000078],[23.15965140000003,37.26571430000007],[23.159648200000049,37.265712600000029],[23.159645100000034,37.265710800000079],[23.159642000000076,37.26570890000005],[23.159639100000049,37.265706900000055],[23.159636200000023,37.26570490000006],[23.159633400000075,37.265702800000042],[23.159630700000037,37.265700600000059],[23.159628100000077,37.265698400000076],[23.159625500000061,37.265696100000071],[23.159623100000033,37.265693800000065],[23.159620700000062,37.265691300000071],[23.159618500000079,37.265688900000043],[23.159614300000044,37.265682900000058]]]},"properties":{"fid":413,"leisure":"garden","name":null,"shapearea_m":6.9000951141038538}},{"type":"Feature","id":414,"geometry":{"type":"Polygon","coordinates":[[[23.160088700000074,37.265446900000029],[23.160204600000043,37.265401000000054],[23.16017990000006,37.265363300000047],[23.160245100000054,37.265362300000049],[23.160427900000059,37.265329100000031],[23.160432200000059,37.265353600000026],[23.160088700000074,37.265446900000029]]]},"properties":{"fid":414,"leisure":"garden","name":null,"shapearea_m":93.253684791239181}},{"type":"Feature","id":415,"geometry":{"type":"Polygon","coordinates":[[[23.160480700000051,37.265340400000071],[23.160458600000027,37.265298600000051],[23.160566300000028,37.265266000000054],[23.160623800000053,37.265301600000043],[23.160480700000051,37.265340400000071]]]},"properties":{"fid":415,"leisure":"garden","name":null,"shapearea_m":61.761692420410562}},{"type":"Feature","id":416,"geometry":{"type":"Polygon","coordinates":[[[23.162146800000073,37.264010100000064],[23.162161800000035,37.263945300000046],[23.162298900000053,37.263928400000054],[23.162429700000075,37.263815200000067],[23.162502400000051,37.263718800000049],[23.162574300000074,37.263752500000066],[23.162315100000058,37.263944000000038],[23.162231600000041,37.263976100000036],[23.162172200000043,37.263998500000071],[23.162165100000038,37.264012900000068],[23.162146800000073,37.264010100000064]]]},"properties":{"fid":416,"leisure":"garden","name":null,"shapearea_m":182.45712367069953}},{"type":"Feature","id":417,"geometry":{"type":"Polygon","coordinates":[[[23.162515900000074,37.262255800000048],[23.162508100000025,37.262253600000065],[23.162502000000075,37.262249200000042],[23.162497600000052,37.262244400000043],[23.162497200000075,37.262241600000038],[23.162519000000032,37.262221000000068],[23.162540200000024,37.262221100000033],[23.162568300000032,37.262191800000039],[23.162612700000068,37.262151900000049],[23.162644400000033,37.262123900000063],[23.162676100000056,37.26209410000007],[23.162698400000068,37.26207080000006],[23.162726900000052,37.262019800000076],[23.162782100000072,37.262049700000034],[23.162786500000038,37.262051900000074],[23.162791600000048,37.262052200000028],[23.162957500000061,37.262058900000056],[23.16294460000006,37.26206970000004],[23.162903400000062,37.262076500000035],[23.16279140000006,37.262129300000026],[23.162797500000067,37.262138500000049],[23.162715900000023,37.262170800000035],[23.162697800000046,37.262141800000052],[23.162655700000073,37.262150400000053],[23.16261940000004,37.26217280000003],[23.162642800000071,37.262210300000049],[23.162515900000074,37.262255800000048]]]},"properties":{"fid":417,"leisure":"garden","name":null,"shapearea_m":256.65539154673996}},{"type":"Feature","id":418,"geometry":{"type":"Polygon","coordinates":[[[23.162735200000043,37.261999800000069],[23.162781400000028,37.261917100000062],[23.16284550000006,37.261932400000035],[23.162965500000041,37.262009900000066],[23.163106800000037,37.261882100000037],[23.16311520000005,37.26188680000007],[23.162974500000075,37.26203890000005],[23.162793300000033,37.262031300000046],[23.162735200000043,37.261999800000069]]]},"properties":{"fid":418,"leisure":"garden","name":null,"shapearea_m":205.18938348881144}},{"type":"Feature","id":419,"geometry":{"type":"Polygon","coordinates":[[[23.728729700000031,37.981590700000027],[23.72855450000003,37.981648000000064],[23.728485300000045,37.981692300000077],[23.728387100000077,37.98177910000004],[23.728381600000034,37.981802500000072],[23.728401800000029,37.981894300000079],[23.72845970000003,37.982050100000038],[23.728647800000033,37.982022700000073],[23.728652700000055,37.98204220000008],[23.728353100000049,37.982084400000076],[23.728313400000047,37.982070600000043],[23.728378600000042,37.982061900000076],[23.728347600000063,37.981926800000053],[23.728296800000066,37.981933900000058],[23.728281500000037,37.981856700000037],[23.728325500000039,37.981831500000055],[23.728305200000023,37.981736100000035],[23.728414800000053,37.981635500000039],[23.728729700000031,37.981590700000027]]]},"properties":{"fid":419,"leisure":"garden","name":null,"shapearea_m":508.9706023399163}},{"type":"Feature","id":420,"geometry":{"type":"Polygon","coordinates":[[[23.160970400000053,37.265089100000068],[23.160955000000058,37.265226300000052],[23.160915400000079,37.26520320000003],[23.160881900000049,37.265185100000053],[23.160925300000031,37.265114200000028],[23.160928400000046,37.265086200000042],[23.160970400000053,37.265089100000068]]]},"properties":{"fid":420,"leisure":"garden","name":null,"shapearea_m":68.417913610705043}},{"type":"Feature","id":421,"geometry":{"type":"Polygon","coordinates":[[[23.16096680000004,37.265063000000055],[23.160932200000047,37.265060700000049],[23.16094350000003,37.264947000000063],[23.160979500000053,37.264949700000045],[23.16096680000004,37.265063000000055]]]},"properties":{"fid":421,"leisure":"garden","name":null,"shapearea_m":39.737246683945848}},{"type":"Feature","id":422,"geometry":{"type":"Polygon","coordinates":[[[23.161001000000056,37.264927800000066],[23.160986000000037,37.264926600000024],[23.160992300000032,37.264900000000068],[23.161003900000026,37.264849800000036],[23.161009700000022,37.264829000000077],[23.161013400000058,37.264835700000049],[23.161001000000056,37.264927800000066]]]},"properties":{"fid":422,"leisure":"garden","name":null,"shapearea_m":9.754347189408195}},{"type":"Feature","id":423,"geometry":{"type":"Polygon","coordinates":[[[23.161001900000031,37.264765800000077],[23.161014400000056,37.264631200000053],[23.161019600000031,37.264672500000074],[23.161018200000058,37.264766300000076],[23.161001900000031,37.264765800000077]]]},"properties":{"fid":423,"leisure":"garden","name":null,"shapearea_m":13.515420603121045}},{"type":"Feature","id":424,"geometry":{"type":"Polygon","coordinates":[[[23.161212300000045,37.263847700000042],[23.161225000000059,37.263842400000044],[23.161324500000035,37.263800400000036],[23.161422600000037,37.263791900000058],[23.161238800000035,37.263870900000029],[23.161221200000057,37.263861600000041],[23.161212300000045,37.263847700000042]]]},"properties":{"fid":424,"leisure":"garden","name":null,"shapearea_m":50.206557748663059}},{"type":"Feature","id":425,"geometry":{"type":"Polygon","coordinates":[[[23.161201900000037,37.26385300000004],[23.161211300000048,37.263866600000028],[23.16121110000006,37.263884300000029],[23.161139800000058,37.263915200000042],[23.161069800000064,37.263945600000056],[23.161063300000023,37.263911900000039],[23.161201900000037,37.26385300000004]]]},"properties":{"fid":425,"leisure":"garden","name":null,"shapearea_m":50.23107415412921}},{"type":"Feature","id":426,"geometry":{"type":"Polygon","coordinates":[[[23.148711200000037,37.270515300000056],[23.148711700000035,37.270486800000072],[23.148717600000055,37.270485500000063],[23.148751900000036,37.270439600000032],[23.148755000000051,37.270442700000046],[23.148752100000024,37.27044920000003],[23.148739400000068,37.270470700000033],[23.148731500000054,37.270489100000077],[23.148725500000069,37.270508000000063],[23.148720400000059,37.27051890000007],[23.148713500000042,37.270529200000055],[23.148703600000033,37.270542000000034],[23.148695500000031,37.270551900000044],[23.148687800000062,37.270557800000063],[23.148684500000059,37.270560400000079],[23.148694600000056,37.270543200000077],[23.148711200000037,37.270515300000056]]]},"properties":{"fid":426,"leisure":"garden","name":null,"shapearea_m":12.710223078180421}},{"type":"Feature","id":427,"geometry":{"type":"Polygon","coordinates":[[[23.690810800000065,37.940722600000072],[23.690870500000074,37.940778900000055],[23.690892900000051,37.940806700000053],[23.690897200000052,37.940841200000079],[23.690889700000071,37.940864700000077],[23.690866200000073,37.940895000000069],[23.690851300000077,37.94090760000006],[23.690815000000043,37.94092020000005],[23.690791600000068,37.940927800000054],[23.690750700000024,37.940926700000034],[23.690716900000041,37.940917400000046],[23.690679400000079,37.94089340000005],[23.690608900000029,37.940835800000059],[23.690596500000026,37.940805800000078],[23.690590100000065,37.940769700000033],[23.690598600000044,37.94074020000005],[23.690615600000058,37.940711100000044],[23.690645500000073,37.940696500000058],[23.690674300000069,37.940686400000061],[23.690708400000062,37.940680500000042],[23.690747900000076,37.940684700000077],[23.690776700000072,37.940695700000049],[23.690810800000065,37.940722600000072]]]},"properties":{"fid":427,"leisure":"garden","name":null,"shapearea_m":530.33396726253022}},{"type":"Feature","id":428,"geometry":{"type":"Polygon","coordinates":[[[23.725455400000044,37.978847600000051],[23.725396000000046,37.978802100000053],[23.725355700000023,37.97876610000003],[23.725345000000061,37.978748600000074],[23.725439800000061,37.978717900000049],[23.725414800000067,37.978670100000045],[23.725484000000051,37.978627500000073],[23.725617600000078,37.978723800000068],[23.725455400000044,37.978847600000051]]]},"properties":{"fid":428,"leisure":"garden","name":null,"shapearea_m":280.98660160713627}},{"type":"Feature","id":429,"geometry":{"type":"Polygon","coordinates":[[[23.688320600000054,37.930436300000054],[23.68834430000004,37.930426700000055],[23.688466300000073,37.930615900000078],[23.68830360000004,37.930678500000056],[23.688289400000031,37.930657200000041],[23.688211800000033,37.93054090000004],[23.688229600000057,37.930533600000047],[23.688253000000032,37.930569400000024],[23.688256000000024,37.930568200000039],[23.688282300000026,37.930608300000074],[23.688279200000068,37.930609600000025],[23.688290700000039,37.930627100000038],[23.688326000000075,37.930612800000063],[23.688345600000048,37.930642800000044],[23.688437200000067,37.93060550000007],[23.688426100000072,37.930588600000078],[23.688423100000023,37.930589800000064],[23.688393500000075,37.930544600000076],[23.688396500000067,37.930543300000068],[23.688356400000032,37.93048200000004],[23.688351200000056,37.93048420000008],[23.688320600000054,37.930436300000054]]]},"properties":{"fid":429,"leisure":"garden","name":null,"shapearea_m":116.30888727987512}},{"type":"Feature","id":430,"geometry":{"type":"Polygon","coordinates":[[[23.68887090000004,37.930748400000027],[23.688912400000049,37.930810800000074],[23.688861200000076,37.930832000000066],[23.688836800000047,37.930790200000047],[23.688829700000042,37.930792800000063],[23.688820000000078,37.930776300000048],[23.688816000000031,37.930769600000076],[23.68887090000004,37.930748400000027]]]},"properties":{"fid":430,"leisure":"garden","name":null,"shapearea_m":40.453368599598555}},{"type":"Feature","id":431,"geometry":{"type":"Polygon","coordinates":[[[23.689343500000064,37.932071200000053],[23.68940850000007,37.932048300000076],[23.689430900000048,37.932088000000078],[23.689352700000029,37.932119700000044],[23.689249000000075,37.932105000000035],[23.689276600000028,37.93205880000005],[23.689326600000072,37.932041300000037],[23.689343500000064,37.932071200000053]]]},"properties":{"fid":431,"leisure":"garden","name":null,"shapearea_m":84.385807602819554}},{"type":"Feature","id":432,"geometry":{"type":"Polygon","coordinates":[[[23.689174000000037,37.931303700000058],[23.689138100000037,37.93124970000008],[23.689177900000061,37.931233300000031],[23.689213800000061,37.931287200000043],[23.689174000000037,37.931303700000058]]]},"properties":{"fid":432,"leisure":"garden","name":null,"shapearea_m":26.715306260642098}},{"type":"Feature","id":433,"geometry":{"type":"Polygon","coordinates":[[[23.689256800000067,37.931404300000054],[23.689213100000075,37.931338600000061],[23.689229800000078,37.931331700000044],[23.68927350000007,37.931397300000071],[23.689256800000067,37.931404300000054]]]},"properties":{"fid":433,"leisure":"garden","name":null,"shapearea_m":13.661964785745303}},{"type":"Feature","id":434,"geometry":{"type":"Polygon","coordinates":[[[23.689512200000024,37.932011900000077],[23.689552500000048,37.931997700000068],[23.689578400000073,37.932028200000047],[23.689538800000037,37.93204430000003],[23.689512200000024,37.932011900000077]]]},"properties":{"fid":434,"leisure":"garden","name":null,"shapearea_m":16.140809824412202}},{"type":"Feature","id":435,"geometry":{"type":"Polygon","coordinates":[[[23.687356500000078,37.929198600000063],[23.687404000000072,37.929130800000053],[23.687444000000028,37.92914630000007],[23.687383100000034,37.929242500000043],[23.687340200000051,37.929227400000059],[23.687356500000078,37.929198600000063]]]},"properties":{"fid":435,"leisure":"garden","name":null,"shapearea_m":49.583750901062629}},{"type":"Feature","id":436,"geometry":{"type":"Polygon","coordinates":[[[23.687460800000053,37.929063600000063],[23.687501100000077,37.929011400000036],[23.68755340000007,37.929036300000064],[23.68751270000007,37.929066200000079],[23.687521100000026,37.929078700000048],[23.687524400000029,37.929076300000077],[23.687567200000046,37.929140600000039],[23.68769640000005,37.92907850000006],[23.687744400000042,37.929055500000061],[23.687755200000026,37.929071800000031],[23.68756030000003,37.929180400000064],[23.687499700000046,37.929076400000042],[23.68748910000005,37.929065800000046],[23.687479500000052,37.92906430000005],[23.687460800000053,37.929063600000063]]]},"properties":{"fid":436,"leisure":"garden","name":null,"shapearea_m":104.37472722297441}},{"type":"Feature","id":437,"geometry":{"type":"Polygon","coordinates":[[[23.687554900000066,37.928941700000053],[23.687565800000073,37.928932200000077],[23.687574400000074,37.928929800000049],[23.687585300000023,37.928929800000049],[23.687602600000048,37.928932200000077],[23.687628200000063,37.928939900000046],[23.687663800000053,37.928955100000053],[23.687630600000034,37.928979600000048],[23.687574300000051,37.929020900000069],[23.687515500000075,37.928992700000038],[23.687554900000066,37.928941700000053]]]},"properties":{"fid":437,"leisure":"garden","name":null,"shapearea_m":71.898702958947737}},{"type":"Feature","id":438,"geometry":{"type":"Polygon","coordinates":[[[23.687724400000036,37.92910020000005],[23.687587300000075,37.929176300000051],[23.687627400000054,37.929236500000059],[23.687759200000073,37.929178500000035],[23.687771200000043,37.929196500000046],[23.687626900000055,37.929256200000054],[23.687605000000076,37.929257100000029],[23.68756030000003,37.929180400000064],[23.687755200000026,37.929071800000031],[23.687792400000035,37.929127700000038],[23.687753400000076,37.929143800000077],[23.687724400000036,37.92910020000005]]]},"properties":{"fid":438,"leisure":"garden","name":null,"shapearea_m":94.506251644016018}},{"type":"Feature","id":439,"geometry":{"type":"Polygon","coordinates":[[[23.687930100000074,37.929334800000049],[23.687768400000039,37.929401600000062],[23.687747200000047,37.929369700000052],[23.687847200000078,37.929328500000054],[23.687815100000023,37.929280000000063],[23.687820800000054,37.929277600000034],[23.687876800000026,37.929254600000036],[23.687930100000074,37.929334800000049]]]},"properties":{"fid":439,"leisure":"garden","name":null,"shapearea_m":101.21212049419994}},{"type":"Feature","id":440,"geometry":{"type":"Polygon","coordinates":[[[23.688658900000064,37.928534100000036],[23.688518300000055,37.928591600000061],[23.688493000000051,37.928553100000045],[23.688681700000075,37.92847590000008],[23.688748900000064,37.92857500000008],[23.688730700000065,37.928580300000078],[23.688690300000076,37.928520800000058],[23.688658900000064,37.928534100000036]]]},"properties":{"fid":440,"leisure":"garden","name":null,"shapearea_m":102.8358273642429}},{"type":"Feature","id":441,"geometry":{"type":"Polygon","coordinates":[[[23.688347000000078,37.928661600000055],[23.688321700000074,37.928623100000038],[23.688455300000044,37.92856850000004],[23.688480600000048,37.928607000000056],[23.688347000000078,37.928661600000055]]]},"properties":{"fid":441,"leisure":"garden","name":null,"shapearea_m":63.673480112093145}},{"type":"Feature","id":442,"geometry":{"type":"Polygon","coordinates":[[[23.846765300000072,37.80784170000004],[23.846765800000071,37.80782860000005],[23.846773800000051,37.807820000000049],[23.846795300000053,37.807820000000049],[23.846810000000062,37.807822600000065],[23.84683160000003,37.807819800000061],[23.846845500000029,37.807823100000064],[23.846865100000059,37.807823100000064],[23.846878100000026,37.807823600000063],[23.846896400000048,37.807822100000067],[23.846912000000032,37.807827800000041],[23.846919200000059,37.807824200000027],[23.846933600000057,37.807827300000042],[23.846943300000078,37.807827800000041],[23.846959600000048,37.807821100000069],[23.846972700000038,37.807819500000051],[23.846990300000073,37.807817500000056],[23.846998800000051,37.807811800000025],[23.847014400000035,37.807813300000078],[23.847026800000037,37.80781230000008],[23.84704030000006,37.807808900000055],[23.84704940000006,37.807811400000048],[23.847056200000054,37.807811800000025],[23.847063300000059,37.807814400000041],[23.847069200000078,37.807817000000057],[23.847077700000057,37.807818000000054],[23.84708820000003,37.807813900000042],[23.847097600000041,37.807805200000075],[23.847110800000053,37.80781010000004],[23.84712200000007,37.807808700000066],[23.847137000000032,37.807804100000055],[23.84714880000007,37.807793200000049],[23.847159200000078,37.80778760000004],[23.847171600000024,37.80778550000008],[23.847193100000027,37.807787100000041],[23.847211400000049,37.807786500000077],[23.847223800000052,37.807789600000035],[23.84723230000003,37.807795800000065],[23.847232900000051,37.807804100000055],[23.847238100000027,37.807813300000078],[23.847249200000078,37.807816400000036],[23.84725480000003,37.807812600000034],[23.847260400000039,37.807813800000076],[23.847266200000035,37.80781410000003],[23.847285100000079,37.807798700000035],[23.847302700000057,37.807784600000048],[23.847375500000055,37.807795400000032],[23.847422700000038,37.807798600000069],[23.847442200000046,37.807802600000059],[23.847482500000069,37.807801200000029],[23.84751650000004,37.807793400000037],[23.847547100000043,37.807781000000034],[23.847587000000033,37.807762600000046],[23.847611800000038,37.807747500000062],[23.847627300000056,37.807738700000073],[23.847632900000065,37.807735500000035],[23.847637300000031,37.807729100000074],[23.847639300000026,37.807718300000033],[23.847636500000078,37.807701500000064],[23.847643700000049,37.807700200000056],[23.847650500000043,37.807696500000077],[23.847658400000057,37.807691000000034],[23.847664900000041,37.807684100000074],[23.847673300000054,37.807677100000035],[23.847679400000061,37.807669400000066],[23.847687000000064,37.807659300000068],[23.847698200000025,37.807637900000032],[23.847708100000034,37.807629600000041],[23.847719000000041,37.807623700000079],[23.84773290000004,37.80762100000004],[23.847757700000045,37.807619900000077],[23.847786100000064,37.807614200000046],[23.847806400000024,37.807600100000059],[23.847826800000064,37.807593300000065],[23.847842300000025,37.807588700000053],[23.847870900000032,37.807585800000027],[23.847908300000029,37.807583800000032],[23.84793650000006,37.80758940000004],[23.847951100000046,37.807589600000028],[23.847969700000078,37.807583800000032],[23.847989600000062,37.807608200000061],[23.847992900000065,37.807624500000031],[23.847868600000027,37.807675900000049],[23.847749200000067,37.807726900000034],[23.847658300000035,37.807762800000035],[23.847583600000064,37.807794400000034],[23.847507900000039,37.807819500000051],[23.847453800000039,37.807830300000035],[23.847399800000062,37.807836500000064],[23.847248500000035,37.80783770000005],[23.846998600000063,37.807839800000067],[23.846765300000072,37.80784170000004]]]},"properties":{"fid":442,"leisure":"garden","name":null,"shapearea_m":552.58275304647145}},{"type":"Feature","id":443,"geometry":{"type":"Polygon","coordinates":[[[23.728035400000067,37.972420300000067],[23.72809570000004,37.972389000000078],[23.728121900000076,37.972425200000032],[23.728061800000035,37.972452300000043],[23.728051700000037,37.972439800000075],[23.728035400000067,37.972420300000067]]]},"properties":{"fid":443,"leisure":"garden","name":null,"shapearea_m":27.477055479759191}},{"type":"Feature","id":444,"geometry":{"type":"Polygon","coordinates":[[[23.164757100000031,37.261175300000048],[23.164847000000066,37.261119600000029],[23.164854700000035,37.261126700000034],[23.164773400000058,37.261176200000079],[23.164764000000048,37.261181900000054],[23.164757100000031,37.261175300000048]]]},"properties":{"fid":444,"leisure":"garden","name":null,"shapearea_m":10.083936385711105}},{"type":"Feature","id":445,"geometry":{"type":"Polygon","coordinates":[[[23.662254400000052,37.989110400000072],[23.662248500000032,37.988929800000051],[23.662617200000057,37.989045100000055],[23.662554900000032,37.989085400000079],[23.662254400000052,37.989110400000072]]]},"properties":{"fid":445,"leisure":"garden","name":"Κήπος Αριστοφάνους","shapearea_m":372.76069045946707}},{"type":"Feature","id":446,"geometry":{"type":"Polygon","coordinates":[[[23.662551000000065,37.991127800000072],[23.662523100000044,37.991012800000078],[23.662846000000059,37.990993400000036],[23.662551000000065,37.991127800000072]]]},"properties":{"fid":446,"leisure":"garden","name":"Κήπος Περικλέους","shapearea_m":183.66943284108206}},{"type":"Feature","id":447,"geometry":{"type":"Polygon","coordinates":[[[23.965422200000035,37.877427900000043],[23.965526800000077,37.877554900000064],[23.965261300000066,37.877711600000055],[23.96519150000006,37.877787800000078],[23.965006500000072,37.878050300000041],[23.96479990000006,37.878310700000043],[23.964523700000029,37.878569000000027],[23.964467300000024,37.878621900000041],[23.96438420000004,37.878645200000051],[23.964274200000034,37.878613500000029],[23.964183000000048,37.878611300000046],[23.964051600000062,37.878484300000025],[23.964105200000063,37.878444100000024],[23.963925500000073,37.878215500000067],[23.965422200000035,37.877427900000043]]]},"properties":{"fid":447,"leisure":"garden","name":null,"shapearea_m":6510.289264758776}},{"type":"Feature","id":448,"geometry":{"type":"Polygon","coordinates":[[[23.96383430000003,37.878610300000048],[23.963705600000026,37.878565800000047],[23.963720400000057,37.878521400000068],[23.963753900000029,37.878487500000062],[23.963798100000076,37.878481100000045],[23.963846400000023,37.878497000000038],[23.96386380000007,37.878528800000026],[23.963866500000051,37.878555200000051],[23.963858500000072,37.87857850000006],[23.96383430000003,37.878610300000048]]]},"properties":{"fid":448,"leisure":"garden","name":null,"shapearea_m":139.07166751303626}},{"type":"Feature","id":449,"geometry":{"type":"Polygon","coordinates":[[[23.963595600000076,37.878953300000035],[23.963528600000075,37.878900300000055],[23.963453500000071,37.878856900000073],[23.963366300000075,37.878830500000049],[23.963267100000053,37.878824100000031],[23.963209400000039,37.878810400000077],[23.963196000000039,37.878792400000066],[23.963196000000039,37.878763800000058],[23.96322280000004,37.878729900000053],[23.963280500000053,37.878679100000056],[23.963330100000064,37.878664300000025],[23.963437400000032,37.878664300000025],[23.963531300000056,37.878677000000039],[23.963590300000078,37.878677000000039],[23.963626500000032,37.878664300000025],[23.963661300000069,37.878621900000041],[23.963677400000051,37.878596500000072],[23.963806200000079,37.878645200000051],[23.963783400000068,37.878686500000072],[23.963776700000039,37.878737300000068],[23.963792800000078,37.878779700000052],[23.96381690000004,37.878814600000055],[23.963819600000079,37.878840000000025],[23.963804800000048,37.878859000000034],[23.963745800000027,37.878886600000044],[23.963706900000034,37.878910900000051],[23.963666700000033,37.878941600000076],[23.963635900000043,37.87895960000003],[23.963595600000076,37.878953300000035]]]},"properties":{"fid":449,"leisure":"garden","name":null,"shapearea_m":1243.8986424314473}},{"type":"Feature","id":450,"geometry":{"type":"Polygon","coordinates":[[[23.962023900000077,37.879155400000059],[23.962041300000067,37.879138500000067],[23.962072100000057,37.87913640000005],[23.962112400000024,37.879152300000044],[23.962155300000063,37.879157600000042],[23.962200900000028,37.879144900000028],[23.962233100000049,37.879107800000043],[23.962241100000028,37.879080300000055],[23.962253200000077,37.879052800000068],[23.962289400000031,37.879035800000054],[23.962339000000043,37.879036900000074],[23.962394000000074,37.879064400000061],[23.962407400000075,37.879098300000067],[23.962402000000054,37.879126900000074],[23.962369900000056,37.879163900000037],[23.962365800000043,37.87919990000006],[23.962386000000038,37.879233800000065],[23.962408700000026,37.879265500000031],[23.962410100000056,37.879297300000076],[23.962023900000077,37.879155400000059]]]},"properties":{"fid":450,"leisure":"garden","name":null,"shapearea_m":429.02457074377713}},{"type":"Feature","id":451,"geometry":{"type":"Polygon","coordinates":[[[23.962974700000075,37.880570700000078],[23.962791000000038,37.880481800000041],[23.962663600000042,37.88041190000007],[23.962557600000025,37.880341000000044],[23.962603200000046,37.880293400000028],[23.962746700000025,37.880353700000057],[23.962915700000053,37.880429900000024],[23.962969300000054,37.880464800000027],[23.962994800000047,37.88050400000003],[23.962994800000047,37.880536800000073],[23.962974700000075,37.880570700000078]]]},"properties":{"fid":451,"leisure":"garden","name":null,"shapearea_m":402.27436480410421}},{"type":"Feature","id":452,"geometry":{"type":"Polygon","coordinates":[[[23.961861600000077,37.879395700000032],[23.962005100000056,37.879331200000024],[23.961972900000035,37.879307900000072],[23.96194870000005,37.879271900000049],[23.961943400000052,37.879216800000052],[23.961959500000034,37.879172400000073],[23.962394000000074,37.879329000000041],[23.962364500000035,37.879341700000055],[23.96231350000005,37.879339600000037],[23.962241100000028,37.879307900000072],[23.962200900000028,37.879276100000027],[23.962155300000063,37.879269800000031],[23.962125800000024,37.87928670000008],[23.962109700000042,37.879318500000068],[23.962125800000024,37.879360800000029],[23.962190100000043,37.87940100000003],[23.96227870000007,37.87943910000007],[23.962254500000029,37.879487800000049],[23.962090900000078,37.879748200000051],[23.962144600000045,37.879767300000026],[23.962603600000023,37.879230100000029],[23.962723900000071,37.879238100000066],[23.962812400000075,37.87928670000008],[23.962841900000058,37.879360800000029],[23.962858700000027,37.879382200000066],[23.96269570000004,37.879660400000034],[23.962613900000065,37.879837100000032],[23.962559000000056,37.880001200000038],[23.962491900000032,37.880307100000039],[23.962487900000042,37.88032620000007],[23.96247180000006,37.880333600000029],[23.962455700000078,37.880324100000053],[23.962297400000068,37.880179000000055],[23.962156600000071,37.880027700000028],[23.962031900000056,37.879853000000026],[23.961936700000024,37.879662500000052],[23.961889700000029,37.879525900000033],[23.961861600000077,37.879395700000032]]]},"properties":{"fid":452,"leisure":"garden","name":null,"shapearea_m":5435.7764443004917}},{"type":"Feature","id":453,"geometry":{"type":"Polygon","coordinates":[[[23.970128800000055,37.875371100000052],[23.97012280000007,37.875354600000037],[23.970181800000034,37.875349300000039],[23.970242800000051,37.87534880000004],[23.970311200000026,37.875354100000038],[23.970378900000071,37.875370500000031],[23.970443300000056,37.875398000000075],[23.970502300000078,37.875437200000079],[23.970537900000068,37.875467400000048],[23.970565300000032,37.875501800000052],[23.970593500000064,37.875543100000073],[23.970610900000054,37.875587500000051],[23.970618300000069,37.875611900000024],[23.970619000000056,37.875635700000032],[23.97051440000007,37.875597600000049],[23.970528500000057,37.875555800000029],[23.970529100000078,37.875523000000044],[23.97051840000006,37.875489100000038],[23.970500300000026,37.875464700000066],[23.970471500000031,37.87543560000006],[23.970435300000076,37.875408100000072],[23.970381600000053,37.875382200000047],[23.97032930000006,37.875367900000072],[23.970250900000053,37.875359400000036],[23.970177100000058,37.875361500000054],[23.970128800000055,37.875371100000052]]]},"properties":{"fid":453,"leisure":"garden","name":null,"shapearea_m":149.52760799667385}},{"type":"Feature","id":454,"geometry":{"type":"Polygon","coordinates":[[[23.969918900000039,37.875864400000069],[23.969940400000041,37.875853800000073],[23.969980600000042,37.875889200000074],[23.970007400000043,37.875914600000044],[23.97006650000003,37.875937900000054],[23.970116700000062,37.875949000000048],[23.970169100000078,37.875949600000069],[23.970244800000046,37.875936300000035],[23.970292400000062,37.875915200000065],[23.970317900000055,37.875883900000076],[23.970431200000064,37.875928900000076],[23.97038770000006,37.875946900000031],[23.970318600000041,37.875964900000042],[23.970243500000038,37.875973400000078],[23.970182500000078,37.875973900000076],[23.970116100000041,37.875964400000043],[23.970058400000028,37.875946900000031],[23.970003400000053,37.875921000000062],[23.96996450000006,37.875898800000073],[23.969918900000039,37.875864400000069]]]},"properties":{"fid":454,"leisure":"garden","name":null,"shapearea_m":145.31359945869565}},{"type":"Feature","id":455,"geometry":{"type":"Polygon","coordinates":[[[23.970414500000061,37.875904600000069],[23.970466100000067,37.875824700000067],[23.970536200000026,37.875852900000041],[23.970484600000077,37.875932800000044],[23.970414500000061,37.875904600000069]]]},"properties":{"fid":455,"leisure":"garden","name":null,"shapearea_m":68.905002467786431}},{"type":"Feature","id":456,"geometry":{"type":"Polygon","coordinates":[[[23.970481500000062,37.875806100000034],[23.970520400000055,37.875743700000044],[23.970588200000066,37.875770000000045],[23.970549300000073,37.875832400000036],[23.970481500000062,37.875806100000034]]]},"properties":{"fid":456,"leisure":"garden","name":null,"shapearea_m":51.304876391782415}},{"type":"Feature","id":457,"geometry":{"type":"Polygon","coordinates":[[[23.970531200000039,37.87572410000007],[23.970579400000076,37.875644700000066],[23.970650300000045,37.875671500000067],[23.970602000000042,37.875750900000071],[23.970531200000039,37.87572410000007]]]},"properties":{"fid":457,"leisure":"garden","name":null,"shapearea_m":67.562242194850469}},{"type":"Feature","id":458,"geometry":{"type":"Polygon","coordinates":[[[23.96359700000005,37.881163500000071],[23.963701600000036,37.880979300000035],[23.963767300000029,37.881004700000062],[23.963825000000043,37.88103540000003],[23.963875900000062,37.881076700000051],[23.963925500000073,37.881107400000076],[23.963995300000079,37.881143400000042],[23.96405290000007,37.881166600000029],[23.964059600000041,37.88118680000008],[23.964047600000072,37.881216400000028],[23.964015400000051,37.881263000000047],[23.964016700000059,37.88129680000003],[23.964039500000069,37.881320100000039],[23.964081100000044,37.881345500000066],[23.964095900000075,37.881369900000038],[23.964090500000054,37.881395300000065],[23.964065000000062,37.881418600000075],[23.964031500000033,37.88142490000007],[23.963999300000069,37.881415400000037],[23.96398320000003,37.881400600000063],[23.963956400000029,37.88136460000004],[23.963932200000045,37.881335000000036],[23.963885300000072,37.881317000000024],[23.963833000000022,37.881309500000043],[23.963768600000037,37.88130110000003],[23.963708300000064,37.881283100000076],[23.963646600000061,37.881261900000027],[23.96363180000003,37.881236500000057],[23.96361440000004,37.881201600000054],[23.96359700000005,37.881163500000071]]]},"properties":{"fid":458,"leisure":"garden","name":null,"shapearea_m":1084.3039054119208}},{"type":"Feature","id":459,"geometry":{"type":"Polygon","coordinates":[[[23.963474900000051,37.881092600000045],[23.963555400000075,37.880950700000028],[23.963598300000058,37.880960200000061],[23.96363180000003,37.880962400000044],[23.963668000000041,37.880974000000037],[23.963568800000075,37.881141200000059],[23.963548700000047,37.881123200000047],[23.963520500000072,37.881108400000073],[23.963474900000051,37.881092600000045]]]},"properties":{"fid":459,"leisure":"garden","name":null,"shapearea_m":183.92137079529408}},{"type":"Feature","id":460,"geometry":{"type":"Polygon","coordinates":[[[23.963146400000028,37.881055500000059],[23.963289900000063,37.880811000000051],[23.963363600000037,37.880839600000058],[23.963387800000078,37.880861800000048],[23.963426600000048,37.880903100000069],[23.963457500000061,37.880923200000041],[23.963512500000036,37.880943300000069],[23.963419900000076,37.881106300000056],[23.963391800000068,37.881105300000058],[23.963330100000064,37.881112700000074],[23.963269700000069,37.881108400000073],[23.963212100000078,37.88109570000006],[23.963178500000026,37.881078800000068],[23.963146400000028,37.881055500000059]]]},"properties":{"fid":460,"leisure":"garden","name":null,"shapearea_m":650.52070596265355}},{"type":"Feature","id":461,"geometry":{"type":"Polygon","coordinates":[[[23.965574400000037,37.878631700000028],[23.965789700000073,37.878711900000042],[23.965737400000023,37.878745800000047],[23.965660900000046,37.878806100000077],[23.965575100000024,37.878895000000057],[23.965516100000059,37.878987100000074],[23.965465100000074,37.879102500000045],[23.965428900000063,37.879247500000076],[23.96537660000007,37.879441200000031],[23.96532030000003,37.879643400000077],[23.965296100000046,37.879729200000043],[23.965284100000076,37.879819100000077],[23.965284100000076,37.879901700000062],[23.965289400000074,37.879962000000035],[23.965308200000038,37.88003400000008],[23.965327000000059,37.880100700000071],[23.965356500000041,37.880164200000024],[23.965387300000032,37.880223500000056],[23.965438300000073,37.880290200000047],[23.965534900000023,37.880406600000072],[23.965824500000053,37.88074540000008],[23.966288600000041,37.88131270000008],[23.966543400000035,37.881615500000066],[23.966584900000043,37.881658900000048],[23.966619800000046,37.881687400000033],[23.96666410000006,37.881710700000042],[23.966712400000063,37.881726600000036],[23.966931000000045,37.881755200000043],[23.967004700000075,37.881763600000056],[23.967043600000068,37.881774200000052],[23.967075800000032,37.881798600000025],[23.96709050000004,37.881831400000067],[23.967093200000079,37.881864200000052],[23.96708650000005,37.881908700000054],[23.967071800000042,37.881945700000074],[23.967039600000078,37.881972200000064],[23.967003400000067,37.88198170000004],[23.966873300000032,37.881985900000075],[23.966017700000066,37.881988100000058],[23.96557910000007,37.881983800000057],[23.965352500000051,37.881987000000038],[23.965258600000027,37.881992300000036],[23.965166100000033,37.88200820000003],[23.965068200000076,37.882047300000067],[23.964987700000052,37.882086500000071],[23.964896500000066,37.882137300000068],[23.964700700000037,37.882261100000051],[23.964629600000023,37.882189200000028],[23.964683300000047,37.882161600000074],[23.964728900000068,37.882128800000032],[23.964757000000077,37.88210550000008],[23.96479590000007,37.882063200000061],[23.964824100000044,37.882044200000053],[23.964860300000055,37.882043100000033],[23.964931400000069,37.882041000000072],[23.964972900000078,37.882032500000037],[23.965021200000024,37.88200820000003],[23.965065500000037,37.881970100000046],[23.965123000000062,37.881867600000078],[23.965249400000062,37.881913800000063],[23.96536320000007,37.881948900000054],[23.965400800000054,37.881952100000035],[23.965466500000048,37.881945700000074],[23.965529500000059,37.881925600000045],[23.965576400000032,37.881893800000057],[23.965618000000063,37.881852600000059],[23.965634100000045,37.881827200000032],[23.965658200000064,37.881808100000057],[23.965695800000049,37.88180600000004],[23.965722600000049,37.881827200000032],[23.965752100000032,37.881856800000037],[23.965769600000044,37.881860000000074],[23.965796400000045,37.881840900000043],[23.965829900000074,37.881813400000055],[23.965879500000028,37.881809200000077],[23.965925100000049,37.881822900000031],[23.96596130000006,37.881848300000058],[23.966013600000053,37.881888600000025],[23.966056600000059,37.881912900000032],[23.966139700000042,37.881932000000063],[23.966245600000036,37.881942500000036],[23.966300600000068,37.881938300000058],[23.966338200000052,37.881923500000028],[23.966374400000063,37.881881100000044],[23.966411900000026,37.881863100000032],[23.966442800000038,37.881865300000072],[23.966480300000057,37.881871600000068],[23.96653260000005,37.88189170000004],[23.966613100000075,37.881932000000063],[23.96666010000007,37.881953100000032],[23.96669890000004,37.88195950000005],[23.966727100000071,37.881957400000033],[23.966762000000074,37.881925600000045],[23.966800900000067,37.88186630000007],[23.966799500000036,37.881840900000043],[23.966759300000035,37.881810200000075],[23.966703000000052,37.881791200000066],[23.966622500000028,37.881766800000037],[23.966567500000053,37.881747800000028],[23.966536700000063,37.881721300000038],[23.966485700000078,37.881673700000078],[23.966454900000031,37.881651400000067],[23.966417300000046,37.881648300000052],[23.966381100000035,37.881645100000071],[23.966369000000043,37.881625000000042],[23.966375700000071,37.88157840000008],[23.966359600000033,37.881546700000058],[23.966320800000062,37.881512800000053],[23.966273800000067,37.881487400000026],[23.966174600000045,37.881459900000038],[23.966104800000039,37.881441900000027],[23.966080700000077,37.88142490000007],[23.965985500000045,37.881321200000059],[23.965964000000042,37.881288400000074],[23.965962700000034,37.881263000000047],[23.965994900000055,37.881207900000049],[23.966024400000038,37.881158200000073],[23.966024400000038,37.881116900000052],[23.965997500000071,37.881060800000057],[23.965854000000036,37.880893600000036],[23.965719900000067,37.880740100000025],[23.965642200000048,37.880684000000031],[23.965549600000031,37.88061730000004],[23.965525500000069,37.880562200000043],[23.965494600000056,37.880493400000034],[23.965449000000035,37.880453200000034],[23.965379300000052,37.880431000000044],[23.96532030000003,37.88043730000004],[23.965269300000045,37.88047540000008],[23.965237100000024,37.880474400000026],[23.965183500000023,37.880449000000056],[23.965152600000067,37.880402400000037],[23.965160700000069,37.880359000000055],[23.965210300000024,37.880311400000039],[23.965231800000026,37.880295500000045],[23.965141900000049,37.880266900000038],[23.965084300000058,37.880274300000053],[23.965036000000055,37.880308200000059],[23.964974300000051,37.880369600000051],[23.964920600000028,37.880381200000045],[23.964857600000073,37.880373800000029],[23.964838800000052,37.880345200000079],[23.964884400000074,37.880305000000078],[23.964950100000067,37.88023940000005],[23.96499840000007,37.880176900000038],[23.965052100000037,37.88015050000007],[23.965100300000074,37.880152600000031],[23.965154000000041,37.880120800000043],[23.965092300000038,37.88008590000004],[23.965103000000056,37.880067900000029],[23.965133900000069,37.879982200000029],[23.965132500000038,37.879876300000035],[23.965148600000077,37.87979480000007],[23.965217000000052,37.879674100000045],[23.965233100000034,37.879624400000068],[23.965237100000024,37.87949210000005],[23.965288100000066,37.879271900000049],[23.965400800000054,37.879062300000044],[23.965574400000037,37.878631700000028]]]},"properties":{"fid":461,"leisure":"garden","name":null,"shapearea_m":7802.2135329030971}},{"type":"Feature","id":462,"geometry":{"type":"Polygon","coordinates":[[[23.963027000000068,37.880733700000064],[23.963044400000058,37.88074110000008],[23.963068600000042,37.880762300000072],[23.963094100000035,37.880783500000064],[23.963124900000025,37.880800400000055],[23.963173200000028,37.880803600000036],[23.96322820000006,37.880800400000055],[23.96324560000005,37.880805700000053],[23.963123600000074,37.881011000000058],[23.96307390000004,37.880992000000049],[23.963037700000029,37.880988800000068],[23.962980100000038,37.880995200000029],[23.962950600000056,37.881004700000062],[23.962914200000057,37.881072700000061],[23.962897600000076,37.881066600000054],[23.962802200000056,37.881229800000028],[23.962745600000062,37.881209100000035],[23.963027000000068,37.880733700000064]]]},"properties":{"fid":462,"leisure":"garden","name":null,"shapearea_m":702.20366911464748}},{"type":"Feature","id":463,"geometry":{"type":"Polygon","coordinates":[[[23.840727700000059,38.034816300000045],[23.840725500000076,38.034810800000059],[23.84072720000006,38.034807700000044],[23.840780400000028,38.034766800000057],[23.840786100000059,38.03477120000008],[23.840727700000059,38.034816300000045]]]},"properties":{"fid":463,"leisure":"garden","name":null,"shapearea_m":4.9120784388775824}},{"type":"Feature","id":464,"geometry":{"type":"Polygon","coordinates":[[[23.840806400000076,38.03475590000005],[23.840800800000068,38.034751500000027],[23.840812600000049,38.034751000000028],[23.840806400000076,38.03475590000005]]]},"properties":{"fid":464,"leisure":"garden","name":null,"shapearea_m":0.26661085953475755}},{"type":"Feature","id":465,"geometry":{"type":"Polygon","coordinates":[[[23.840491900000075,38.034996800000044],[23.840489700000035,38.034991300000058],[23.840491300000053,38.034988200000043],[23.840539000000035,38.034951600000056],[23.840543100000048,38.034950000000038],[23.840550300000075,38.034951700000079],[23.840491900000075,38.034996800000044]]]},"properties":{"fid":465,"leisure":"garden","name":null,"shapearea_m":4.7833900955355766}},{"type":"Feature","id":466,"geometry":{"type":"Polygon","coordinates":[[[23.840058000000056,38.035331000000042],[23.840094600000043,38.035302500000057],[23.840090800000041,38.03532940000008],[23.840105000000051,38.035342700000058],[23.840086900000074,38.035356400000069],[23.840058000000056,38.035331000000042]]]},"properties":{"fid":466,"leisure":"garden","name":null,"shapearea_m":10.674436850220903}},{"type":"Feature","id":467,"geometry":{"type":"Polygon","coordinates":[[[23.840674300000046,38.034857000000045],[23.840671500000042,38.034854800000062],[23.840670600000067,38.034852400000034],[23.840671800000052,38.034850100000028],[23.840674700000022,38.034849100000031],[23.840677800000037,38.03484990000004],[23.840680600000042,38.03485210000008],[23.840674300000046,38.034857000000045]]]},"properties":{"fid":467,"leisure":"garden","name":null,"shapearea_m":0.45638533817047822}},{"type":"Feature","id":468,"geometry":{"type":"Polygon","coordinates":[[[23.839862800000049,38.035499300000026],[23.839856400000031,38.035494400000061],[23.839897000000065,38.035461200000043],[23.839903600000071,38.035466400000075],[23.839862800000049,38.035499300000026]]]},"properties":{"fid":468,"leisure":"garden","name":null,"shapearea_m":4.0961785837380029}},{"type":"Feature","id":469,"geometry":{"type":"Polygon","coordinates":[[[23.839745400000027,38.035595300000068],[23.839738900000043,38.035590300000024],[23.839752300000043,38.035579400000074],[23.839758700000061,38.035584500000027],[23.839745400000027,38.035595300000068]]]},"properties":{"fid":469,"leisure":"garden","name":null,"shapearea_m":1.3388860200570118}},{"type":"Feature","id":470,"geometry":{"type":"Polygon","coordinates":[[[23.839346100000057,38.035414100000025],[23.839335600000027,38.03541510000008],[23.839334400000041,38.035414700000047],[23.83929390000003,38.035381200000074],[23.839293300000065,38.035380300000043],[23.83929500000005,38.035371500000053],[23.839346100000057,38.035414100000025]]]},"properties":{"fid":470,"leisure":"garden","name":null,"shapearea_m":4.7308889970673196}},{"type":"Feature","id":471,"geometry":{"type":"Polygon","coordinates":[[[23.838307000000043,38.035022900000058],[23.838225300000033,38.035020900000063],[23.838270100000045,38.034986100000026],[23.838307000000043,38.035022900000058]]]},"properties":{"fid":471,"leisure":"garden","name":null,"shapearea_m":14.289162319542489}},{"type":"Feature","id":472,"geometry":{"type":"Polygon","coordinates":[[[23.825134500000047,38.039110700000037],[23.825177200000041,38.039078800000027],[23.825242900000035,38.039131900000029],[23.825200000000052,38.039164200000073],[23.825134500000047,38.039110700000037]]]},"properties":{"fid":472,"leisure":"garden","name":null,"shapearea_m":42.746828646294155}},{"type":"Feature","id":473,"geometry":{"type":"Polygon","coordinates":[[[23.825298200000077,38.039244500000052],[23.825230000000033,38.039188400000057],[23.825245100000075,38.039177000000052],[23.82531350000005,38.039233000000024],[23.825298200000077,38.039244500000052]]]},"properties":{"fid":473,"leisure":"garden","name":null,"shapearea_m":15.921591176765146}},{"type":"Feature","id":474,"geometry":{"type":"Polygon","coordinates":[[[23.842242100000078,38.037802200000044],[23.842269100000067,38.037780200000043],[23.842305200000055,38.037750700000061],[23.842514000000051,38.037911300000076],[23.842480600000044,38.037937800000066],[23.842450800000051,38.037961500000051],[23.842242100000078,38.037802200000044]]]},"properties":{"fid":474,"leisure":"garden","name":null,"shapearea_m":201.83715499387469}},{"type":"Feature","id":475,"geometry":{"type":"Polygon","coordinates":[[[23.732535200000029,37.991714700000045],[23.732753600000024,37.991681000000028],[23.732593800000075,37.991879600000061],[23.732591300000024,37.991872500000056],[23.732535200000029,37.991714700000045]]]},"properties":{"fid":475,"leisure":"garden","name":null,"shapearea_m":185.1809509057712}},{"type":"Feature","id":476,"geometry":{"type":"Polygon","coordinates":[[[23.758486900000037,37.986131600000078],[23.758486300000072,37.986134600000071],[23.75848510000003,37.986137500000041],[23.758483500000068,37.986140300000045],[23.758481300000028,37.986142900000061],[23.758478700000069,37.986145200000067],[23.758475800000042,37.986147100000039],[23.758472400000073,37.98614880000008],[23.758468900000025,37.986150000000066],[23.758465100000024,37.986150800000075],[23.758461300000079,37.986151200000052],[23.758457400000054,37.986151200000052],[23.75845350000003,37.986150700000053],[23.758449800000051,37.986149800000078],[23.75844630000006,37.98614850000007],[23.758443000000057,37.986146900000051],[23.75844010000003,37.986144800000034],[23.758437600000036,37.986142500000028],[23.758435500000076,37.986139900000069],[23.758433900000057,37.986137100000064],[23.758432800000037,37.986134100000072],[23.758432300000038,37.98613110000008],[23.758432300000038,37.986128000000065],[23.758432900000059,37.986125000000072],[23.758433900000057,37.986122300000034],[23.758435400000053,37.986119700000074],[23.75843720000006,37.986117300000046],[23.758439500000065,37.986115100000063],[23.758442100000025,37.986113200000034],[23.758445000000052,37.98611150000005],[23.758448100000066,37.986110100000076],[23.758451400000069,37.986109100000078],[23.758454900000061,37.986108500000057],[23.758458500000074,37.986108200000047],[23.758462100000031,37.986108200000047],[23.758465600000022,37.98610860000008],[23.758469000000048,37.986109400000032],[23.758472300000051,37.986110600000075],[23.758475400000066,37.986112000000048],[23.758478100000048,37.986113800000055],[23.758480600000041,37.98611580000005],[23.758482700000059,37.986118100000056],[23.758484500000066,37.986120600000049],[23.758485700000051,37.986123200000065],[23.758486600000026,37.98612600000007],[23.758487000000059,37.986128800000074],[23.758486900000037,37.986131600000078]]]},"properties":{"fid":476,"leisure":"garden","name":null,"shapearea_m":18.034399233078048}},{"type":"Feature","id":477,"geometry":{"type":"Polygon","coordinates":[[[23.73595030000007,37.963990400000057],[23.735964500000023,37.963973000000067],[23.735993700000051,37.963987800000041],[23.73601350000007,37.963997900000038],[23.736062400000037,37.964022700000044],[23.736048200000027,37.964040100000034],[23.735999200000037,37.964015200000063],[23.735979500000042,37.964005200000031],[23.73595030000007,37.963990400000057]]]},"properties":{"fid":477,"leisure":"garden","name":null,"shapearea_m":23.482363618900671}},{"type":"Feature","id":478,"geometry":{"type":"Polygon","coordinates":[[[23.735683300000062,37.964068800000064],[23.735667100000057,37.964064200000053],[23.735751300000061,37.963881600000036],[23.735784500000022,37.963891100000069],[23.735820900000078,37.963901500000077],[23.735853000000077,37.963910800000065],[23.735883400000034,37.963919500000031],[23.735799100000065,37.964102100000048],[23.735782900000061,37.964097400000071],[23.735802000000035,37.96405610000005],[23.735702400000037,37.964027500000043],[23.735683300000062,37.964068800000064]]]},"properties":{"fid":478,"leisure":"garden","name":null,"shapearea_m":220.84960414046554}},{"type":"Feature","id":479,"geometry":{"type":"Polygon","coordinates":[[[23.629977800000063,37.929198300000053],[23.630011000000025,37.929152000000045],[23.630066600000077,37.929193000000055],[23.630175300000076,37.929262000000051],[23.630108200000052,37.929249300000038],[23.630089400000031,37.929240200000038],[23.630042800000069,37.929217600000072],[23.630039800000077,37.929229200000066],[23.630021000000056,37.92924140000008],[23.630013000000076,37.929244600000061],[23.629977800000063,37.929198300000053]]]},"properties":{"fid":479,"leisure":"garden","name":null,"shapearea_m":69.477477689239265}},{"type":"Feature","id":480,"geometry":{"type":"Polygon","coordinates":[[[23.752807500000074,38.049562200000025],[23.752813600000025,38.049540600000057],[23.752924900000039,38.049474000000032],[23.75296110000005,38.049473500000033],[23.752951000000053,38.049486200000047],[23.752825600000051,38.049557500000049],[23.752807500000074,38.049562200000025]]]},"properties":{"fid":480,"leisure":"garden","name":null,"shapearea_m":33.553379740881311}},{"type":"Feature","id":481,"geometry":{"type":"Polygon","coordinates":[[[23.753077700000063,38.049237300000073],[23.753142700000069,38.049311100000068],[23.753179700000032,38.049361600000054],[23.753042900000025,38.049431800000036],[23.752993900000035,38.049429700000076],[23.753021400000023,38.049382700000081],[23.753059000000064,38.049310300000059],[23.753073100000051,38.049268100000063],[23.753077700000063,38.049237300000073]]]},"properties":{"fid":481,"leisure":"garden","name":null,"shapearea_m":152.6507804109269}},{"type":"Feature","id":482,"geometry":{"type":"Polygon","coordinates":[[[23.752476300000069,38.049379500000043],[23.752483700000028,38.049348400000042],[23.752493000000072,38.049333000000047],[23.752502400000026,38.049318300000039],[23.752506400000073,38.049297700000068],[23.752501800000061,38.049272300000041],[23.752494400000046,38.049257000000068],[23.752474900000038,38.049238000000059],[23.752453500000058,38.049208400000055],[23.752443400000061,38.049183600000049],[23.752444800000035,38.04916140000006],[23.752515800000026,38.049175200000036],[23.752513800000031,38.049196800000061],[23.752518500000065,38.04922270000003],[23.752527900000075,38.049247500000035],[23.752551400000073,38.04927390000006],[23.752571500000045,38.049290300000052],[23.75259230000006,38.049299800000028],[23.752608400000042,38.049305100000026],[23.752594300000055,38.049353100000076],[23.752572800000053,38.049356300000056],[23.752550000000042,38.04936420000007],[23.75252990000007,38.049381100000062],[23.752509800000041,38.049396400000035],[23.752496400000041,38.049402200000031],[23.752483000000041,38.04940490000007],[23.752474300000074,38.049399600000072],[23.752472900000043,38.049389500000075],[23.752476300000069,38.049379500000043]]]},"properties":{"fid":482,"leisure":"garden","name":null,"shapearea_m":157.50172171878009}},{"type":"Feature","id":483,"geometry":{"type":"Polygon","coordinates":[[[23.752534600000047,38.049141900000052],[23.752454800000066,38.049119200000064],[23.752471600000035,38.049096000000077],[23.752500400000031,38.049076900000045],[23.752536600000042,38.049064800000053],[23.75257350000004,38.049063700000033],[23.75260030000004,38.049072200000069],[23.752620400000069,38.049085400000024],[23.752623800000038,38.049097000000074],[23.752621800000043,38.049106000000052],[23.752611100000024,38.049111800000048],[23.752595600000063,38.04911130000005],[23.752579500000024,38.04911130000005],[23.752560800000026,38.049117100000046],[23.752549400000078,38.049125500000059],[23.752534600000047,38.049141900000052]]]},"properties":{"fid":483,"leisure":"garden","name":null,"shapearea_m":76.539793033657858}},{"type":"Feature","id":484,"geometry":{"type":"Polygon","coordinates":[[[23.752375700000073,38.049043700000027],[23.752440100000058,38.049023100000056],[23.752433400000029,38.049007800000027],[23.752447400000051,38.049000900000067],[23.752465500000028,38.049002500000029],[23.752471600000035,38.049016700000038],[23.752463500000033,38.049035200000048],[23.752442700000074,38.049054800000079],[23.752415300000052,38.04907060000005],[23.752381700000058,38.049073800000031],[23.752348900000072,38.049063700000033],[23.752338100000031,38.049052700000061],[23.75234080000007,38.049041600000066],[23.752352900000062,38.04903470000005],[23.752365600000076,38.04903470000005],[23.752375700000073,38.049043700000027]]]},"properties":{"fid":484,"leisure":"garden","name":null,"shapearea_m":44.333573630274799}},{"type":"Feature","id":485,"geometry":{"type":"Polygon","coordinates":[[[23.752996500000052,38.049131600000067],[23.752954400000078,38.049149800000066],[23.753001300000051,38.049218500000052],[23.753000600000064,38.049239100000079],[23.752944300000024,38.049369500000068],[23.752919500000075,38.04940270000003],[23.752868500000034,38.04943650000007],[23.752782000000025,38.049488800000063],[23.75276260000004,38.049481400000047],[23.752742500000068,38.049478800000031],[23.752724400000034,38.049459200000058],[23.752704900000026,38.049451900000065],[23.752684800000054,38.049447100000066],[23.752682100000072,38.049419600000078],[23.752700900000036,38.049402200000031],[23.752739800000029,38.049400100000071],[23.752770000000055,38.049395900000036],[23.752787400000045,38.049384300000042],[23.752803500000027,38.049360500000034],[23.752800800000045,38.049341000000027],[23.752788800000076,38.049325700000054],[23.752778700000079,38.049318800000037],[23.752757900000063,38.049316700000077],[23.752756600000055,38.049280800000076],[23.752774700000032,38.049266500000044],[23.752792100000079,38.04924120000004],[23.75280280000004,38.049210500000072],[23.752804800000035,38.049189900000044],[23.752799500000037,38.049162500000079],[23.75277200000005,38.049122400000044],[23.752753200000029,38.049101800000074],[23.75273240000007,38.049096500000076],[23.752713000000028,38.049089600000059],[23.752684100000067,38.04908590000008],[23.752670100000046,38.049064300000055],[23.752641200000028,38.049039400000026],[23.75260430000003,38.049024100000054],[23.752572200000031,38.049015700000041],[23.752548700000034,38.049014100000079],[23.752536600000042,38.049010400000043],[23.75252050000006,38.048987200000056],[23.752519900000038,38.048975000000041],[23.752531300000044,38.048967600000026],[23.752707600000065,38.048901600000079],[23.752721000000065,38.048912200000075],[23.752734400000065,38.048930100000064],[23.75282210000006,38.048892200000068],[23.752923500000065,38.049025500000027],[23.752984600000048,38.049113900000066],[23.752996500000052,38.049131600000067]]]},"properties":{"fid":485,"leisure":"garden","name":null,"shapearea_m":1224.5351401714152}},{"type":"Feature","id":486,"geometry":{"type":"Polygon","coordinates":[[[23.752174400000058,38.05040340000005],[23.752238400000067,38.05036780000006],[23.752284700000075,38.050419400000067],[23.752328100000057,38.050395300000048],[23.752369200000032,38.050441100000057],[23.752200900000048,38.050534800000037],[23.752150200000074,38.050478400000031],[23.752211200000033,38.05044440000006],[23.752174400000058,38.05040340000005]]]},"properties":{"fid":486,"leisure":"garden","name":null,"shapearea_m":170.41216527789194}},{"type":"Feature","id":487,"geometry":{"type":"Polygon","coordinates":[[[23.734298500000023,37.975400900000068],[23.734279500000071,37.97530770000003],[23.734315500000037,37.975302600000077],[23.734334500000045,37.975395800000058],[23.734298500000023,37.975400900000068]]]},"properties":{"fid":487,"leisure":"garden","name":null,"shapearea_m":33.665966182093982}},{"type":"Feature","id":488,"geometry":{"type":"Polygon","coordinates":[[[23.734328700000049,37.975542000000075],[23.73430970000004,37.975448800000038],[23.73434560000004,37.975443700000028],[23.734364700000071,37.975536900000066],[23.734328700000049,37.975542000000075]]]},"properties":{"fid":488,"leisure":"garden","name":null,"shapearea_m":33.622943706403554}},{"type":"Feature","id":489,"geometry":{"type":"Polygon","coordinates":[[[23.734423600000071,37.975938700000029],[23.734376400000031,37.975731300000064],[23.734412300000031,37.975726200000054],[23.734459500000071,37.975933600000076],[23.734423600000071,37.975938700000029]]]},"properties":{"fid":489,"leisure":"garden","name":null,"shapearea_m":74.959515298538633}},{"type":"Feature","id":490,"geometry":{"type":"Polygon","coordinates":[[[23.824377900000059,38.098273900000038],[23.824288600000045,38.098061400000063],[23.824297100000024,38.098050300000068],[23.824412400000028,38.098033400000077],[23.824431600000025,38.098044300000026],[23.824503800000059,38.098250600000028],[23.824496900000042,38.098265000000026],[23.82438970000004,38.098279800000057],[23.824377900000059,38.098273900000038]]]},"properties":{"fid":490,"leisure":"garden","name":null,"shapearea_m":316.68349514409175}},{"type":"Feature","id":491,"geometry":{"type":"Polygon","coordinates":[[[23.630231600000059,37.929236200000048],[23.630139700000029,37.929181200000073],[23.630155600000023,37.929161000000079],[23.630104200000062,37.929120400000045],[23.630124800000033,37.929101400000036],[23.630176100000028,37.929150600000071],[23.630239000000074,37.929212200000052],[23.630251000000044,37.929220200000032],[23.630231600000059,37.929236200000048]]]},"properties":{"fid":491,"leisure":"garden","name":null,"shapearea_m":52.356446993383187}},{"type":"Feature","id":492,"geometry":{"type":"Polygon","coordinates":[[[23.635741300000063,37.933957000000078],[23.635749300000043,37.933928600000058],[23.635785300000066,37.933934800000031],[23.635777300000029,37.933963300000073],[23.635741300000063,37.933957000000078]]]},"properties":{"fid":492,"leisure":"garden","name":null,"shapearea_m":10.481744879256599}},{"type":"Feature","id":493,"geometry":{"type":"Polygon","coordinates":[[[23.635534100000029,37.933919200000048],[23.635542100000066,37.933890900000051],[23.635578100000032,37.933897200000047],[23.635570100000052,37.933925600000066],[23.635534100000029,37.933919200000048]]]},"properties":{"fid":493,"leisure":"garden","name":null,"shapearea_m":10.454428517821347}},{"type":"Feature","id":494,"geometry":{"type":"Polygon","coordinates":[[[24.03861500000005,37.837444000000062],[24.038527200000033,37.837260400000048],[24.038707800000054,37.837229100000059],[24.038803400000063,37.83741880000008],[24.03861500000005,37.837444000000062]]]},"properties":{"fid":494,"leisure":"garden","name":null,"shapearea_m":361.76993960025067}},{"type":"Feature","id":495,"geometry":{"type":"Polygon","coordinates":[[[24.004588600000034,37.840366000000074],[24.004778800000054,37.840622400000029],[24.004678000000069,37.840690900000027],[24.004644000000042,37.840649700000029],[24.004623000000038,37.840662500000064],[24.004563900000051,37.840608400000065],[24.004511100000059,37.840596700000049],[24.004423200000076,37.840539700000079],[24.004387300000076,37.840523200000064],[24.004569500000059,37.840378300000054],[24.004588600000034,37.840366000000074]]]},"properties":{"fid":495,"leisure":"garden","name":null,"shapearea_m":565.87887753447603}},{"type":"Feature","id":496,"geometry":{"type":"Polygon","coordinates":[[[23.771194100000059,38.116944000000046],[23.770956000000069,38.116517800000054],[23.771055900000079,38.116511400000036],[23.771067300000027,38.11660640000008],[23.771155800000031,38.116601100000025],[23.771194100000059,38.116944000000046]]]},"properties":{"fid":496,"leisure":"garden","name":null,"shapearea_m":323.42321456855456}},{"type":"Feature","id":497,"geometry":{"type":"Polygon","coordinates":[[[23.770225800000048,38.115201500000069],[23.769975000000045,38.114759400000025],[23.77017550000005,38.114742000000035],[23.770178200000032,38.114778900000033],[23.77010910000007,38.114782600000069],[23.770129900000029,38.114973100000043],[23.770203000000038,38.114968800000042],[23.770225800000048,38.115201500000069]]]},"properties":{"fid":497,"leisure":"garden","name":null,"shapearea_m":324.15342805780915}},{"type":"Feature","id":498,"geometry":{"type":"Polygon","coordinates":[[[23.769783400000051,38.11535630000003],[23.769690000000026,38.114591100000041],[23.770096900000055,38.115330300000039],[23.769783400000051,38.11535630000003]]]},"properties":{"fid":498,"leisure":"garden","name":null,"shapearea_m":1179.3680890847922}},{"type":"Feature","id":499,"geometry":{"type":"Polygon","coordinates":[[[23.810514600000033,38.067947000000061],[23.810845200000074,38.067821800000047],[23.810918900000047,38.068054700000062],[23.810884100000067,38.06803350000007],[23.810825000000023,38.068002400000069],[23.810763400000042,38.067974900000024],[23.810697000000062,38.067957500000034],[23.810623200000066,38.067945900000041],[23.810560200000054,38.067943300000024],[23.810514600000033,38.067947000000061]]]},"properties":{"fid":499,"leisure":"garden","name":null,"shapearea_m":320.10684246309404}},{"type":"Feature","id":500,"geometry":{"type":"Polygon","coordinates":[[[23.810748500000045,38.087150400000041],[23.810798900000066,38.086987900000054],[23.810821700000076,38.086938300000043],[23.811264900000026,38.087114000000042],[23.811242800000059,38.087227000000041],[23.811235400000044,38.087240100000031],[23.81121870000004,38.087243800000067],[23.810748500000045,38.087150400000041]]]},"properties":{"fid":500,"leisure":"garden","name":null,"shapearea_m":856.72035134288922}},{"type":"Feature","id":501,"geometry":{"type":"Polygon","coordinates":[[[23.810719800000072,38.087243300000068],[23.810359700000049,38.087165200000072],[23.810345600000062,38.087200000000053],[23.810235600000055,38.08717310000003],[23.810239000000024,38.087163600000054],[23.810100900000066,38.087132000000054],[23.810105500000077,38.087114500000041],[23.809693200000027,38.087038500000062],[23.809701200000063,38.086979400000075],[23.809789000000023,38.086987900000054],[23.809823900000026,38.086768800000073],[23.809876200000076,38.086622700000078],[23.810798900000066,38.086987900000054],[23.810748500000045,38.087150400000041],[23.810719800000072,38.087243300000068]]]},"properties":{"fid":501,"leisure":"garden","name":null,"shapearea_m":3483.809422015569}},{"type":"Feature","id":502,"geometry":{"type":"Polygon","coordinates":[[[23.800123000000042,38.076917800000047],[23.800131100000044,38.076984300000049],[23.800021100000038,38.076917800000047],[23.800123000000042,38.076917800000047]]]},"properties":{"fid":502,"leisure":"garden","name":null,"shapearea_m":32.997527862833515}},{"type":"Feature","id":503,"geometry":{"type":"Polygon","coordinates":[[[23.800340500000061,38.076911900000027],[23.800477900000033,38.076908300000071],[23.800479700000039,38.076952200000051],[23.800342300000068,38.076955800000064],[23.800340500000061,38.076911900000027]]]},"properties":{"fid":503,"leisure":"garden","name":null,"shapearea_m":58.807562604887558}},{"type":"Feature","id":504,"geometry":{"type":"Polygon","coordinates":[[[23.800176700000065,38.076921500000026],[23.800291300000026,38.076916200000028],[23.800296700000047,38.076988000000028],[23.800182000000063,38.076993300000026],[23.800176700000065,38.076921500000026]]]},"properties":{"fid":504,"leisure":"garden","name":null,"shapearea_m":80.446538351796036}},{"type":"Feature","id":505,"geometry":{"type":"Polygon","coordinates":[[[23.784267800000066,38.076049600000033],[23.784167700000069,38.076095200000054],[23.784112900000025,38.076020700000072],[23.784154200000046,38.076001900000051],[23.784165700000074,38.076017500000034],[23.78422450000005,38.075990700000034],[23.784267800000066,38.076049600000033]]]},"properties":{"fid":505,"leisure":"garden","name":null,"shapearea_m":85.033300959076897}},{"type":"Feature","id":506,"geometry":{"type":"Polygon","coordinates":[[[23.784291400000029,38.076261600000066],[23.784188900000061,38.076115200000061],[23.784325700000068,38.076055800000063],[23.784428300000059,38.076202200000068],[23.784291400000029,38.076261600000066]]]},"properties":{"fid":506,"leisure":"garden","name":null,"shapearea_m":254.44751171336614}},{"type":"Feature","id":507,"geometry":{"type":"Polygon","coordinates":[[[23.761441500000046,38.336229700000047],[23.761524800000075,38.335626700000034],[23.761832200000072,38.335646900000029],[23.761773100000028,38.33625690000008],[23.761441500000046,38.336229700000047]]]},"properties":{"fid":507,"leisure":"garden","name":null,"shapearea_m":1896.9816444452072}},{"type":"Feature","id":508,"geometry":{"type":"Polygon","coordinates":[[[23.761524800000075,38.335626700000034],[23.761595800000066,38.334976200000028],[23.761924900000054,38.33501190000004],[23.761832200000072,38.335646900000029],[23.761524800000075,38.335626700000034]]]},"properties":{"fid":508,"leisure":"garden","name":null,"shapearea_m":2007.4293098424762}},{"type":"Feature","id":509,"geometry":{"type":"Polygon","coordinates":[[[23.75822960000005,38.336343700000043],[23.758118900000056,38.33570160000005],[23.758450000000039,38.335664200000053],[23.758581500000048,38.336303400000077],[23.75822960000005,38.336343700000043]]]},"properties":{"fid":509,"leisure":"garden","name":null,"shapearea_m":2168.9386017287225}},{"type":"Feature","id":510,"geometry":{"type":"Polygon","coordinates":[[[23.758118900000056,38.33570160000005],[23.758007000000077,38.335077500000068],[23.758336500000041,38.335021400000073],[23.758450000000039,38.335664200000053],[23.758118900000056,38.33570160000005]]]},"properties":{"fid":510,"leisure":"garden","name":null,"shapearea_m":2081.7140896724623}},{"type":"Feature","id":511,"geometry":{"type":"Polygon","coordinates":[[[23.758007000000077,38.335077500000068],[23.757905100000073,38.334456900000077],[23.757766900000036,38.333863600000029],[23.758040900000026,38.333823400000028],[23.758217400000035,38.334407600000077],[23.758336500000041,38.335021400000073],[23.758007000000077,38.335077500000068]]]},"properties":{"fid":511,"leisure":"garden","name":null,"shapearea_m":3722.1038552293853}},{"type":"Feature","id":512,"geometry":{"type":"Polygon","coordinates":[[[23.753967600000067,38.336650000000077],[23.756254900000044,38.336618900000076],[23.75628770000003,38.336745900000039],[23.756126800000061,38.33690370000005],[23.755783400000041,38.336985700000071],[23.755263100000036,38.337053100000048],[23.754860800000074,38.337040400000035],[23.754437000000053,38.336981500000036],[23.754072200000053,38.336872100000051],[23.753975600000047,38.336754300000052],[23.753967600000067,38.336650000000077]]]},"properties":{"fid":512,"leisure":"garden","name":null,"shapearea_m":7625.8245077926822}},{"type":"Feature","id":513,"geometry":{"type":"Polygon","coordinates":[[[23.751647400000024,38.334226300000068],[23.751649500000042,38.333862700000054],[23.752253200000041,38.333858000000077],[23.753058800000076,38.333871100000067],[23.753594200000066,38.333861400000046],[23.753861900000061,38.333870500000046],[23.753897500000051,38.334016100000042],[23.753930400000058,38.334162800000058],[23.753105900000037,38.334185800000057],[23.75232520000003,38.334207500000048],[23.751647400000024,38.334226300000068]]]},"properties":{"fid":513,"leisure":"garden","name":null,"shapearea_m":7222.1905640950336}},{"type":"Feature","id":514,"geometry":{"type":"Polygon","coordinates":[[[23.632000500000061,37.928101300000037],[23.632016500000077,37.928093800000056],[23.632025300000066,37.928094300000055],[23.63203500000003,37.928094700000031],[23.632049800000061,37.928103600000043],[23.632055600000058,37.928120700000079],[23.632055000000037,37.928125900000055],[23.632045500000061,37.928136500000051],[23.632024700000045,37.928143200000079],[23.632012000000032,37.928140400000075],[23.632007100000067,37.928139300000055],[23.63199510000004,37.928128500000071],[23.631992700000069,37.928114300000061],[23.632000500000061,37.928101300000037]]]},"properties":{"fid":514,"leisure":null,"name":null,"shapearea_m":22.929750328400885}},{"type":"Feature","id":515,"geometry":{"type":"Polygon","coordinates":[[[23.826578300000051,38.096594900000071],[23.826605800000038,38.096607500000061],[23.826626100000055,38.096626800000024],[23.826636700000051,38.096650300000078],[23.826636500000063,38.096675400000038],[23.826625500000034,38.09669880000007],[23.826604900000063,38.096717900000044],[23.826577300000054,38.096730300000047],[23.826545900000042,38.096734400000059],[23.826514600000053,38.096729900000071],[23.826487200000031,38.09671730000008],[23.826466900000071,38.09669800000006],[23.826456200000052,38.096674500000063],[23.826456400000041,38.096649400000047],[23.826467500000035,38.096626000000072],[23.826488100000063,38.09660690000004],[23.826515700000073,38.096594500000037],[23.826547100000028,38.096590400000025],[23.826578300000051,38.096594900000071]]]},"properties":{"fid":515,"leisure":"garden","name":null,"shapearea_m":197.67220076378257}},{"type":"Feature","id":516,"geometry":{"type":"Polygon","coordinates":[[[23.818978300000026,38.103619300000048],[23.818974900000057,38.103641500000037],[23.818979600000034,38.103663700000027],[23.818974300000036,38.10367320000006],[23.818950100000052,38.103685800000051],[23.818939400000033,38.103685300000052],[23.818928000000028,38.10367210000004],[23.818913300000077,38.103652600000032],[23.818906500000026,38.103628300000025],[23.818898500000046,38.103606100000036],[23.818881700000077,38.103587700000048],[23.818816000000027,38.103551800000048],[23.818808000000047,38.103545500000052],[23.818863600000043,38.103516400000046],[23.818875000000048,38.10351170000007],[23.81888710000004,38.103519600000027],[23.818978300000026,38.103619300000048]]]},"properties":{"fid":516,"leisure":"garden","name":null,"shapearea_m":111.5701605339425}},{"type":"Feature","id":517,"geometry":{"type":"Polygon","coordinates":[[[23.81900360000003,38.103522400000031],[23.819087500000023,38.103476500000056],[23.819150600000057,38.103543400000035],[23.819133200000067,38.103553400000067],[23.819103700000028,38.103564500000061],[23.819085600000051,38.103566000000058],[23.819064100000048,38.103563400000041],[23.819047400000045,38.103564500000061],[23.81900360000003,38.103522400000031]]]},"properties":{"fid":517,"leisure":"garden","name":null,"shapearea_m":73.431655860143465}},{"type":"Feature","id":518,"geometry":{"type":"Polygon","coordinates":[[[23.819090900000049,38.103319600000077],[23.819050700000048,38.103343400000028],[23.819031900000027,38.103345500000046],[23.819019900000058,38.103341800000067],[23.818918600000075,38.103234100000066],[23.818920000000048,38.103220400000055],[23.818930700000067,38.103212500000041],[23.818966900000078,38.103205100000025],[23.819001100000037,38.103206700000044],[23.819023900000047,38.103221500000075],[23.819098300000064,38.103296900000032],[23.819101000000046,38.103305900000066],[23.819090900000049,38.103319600000077]]]},"properties":{"fid":518,"leisure":"garden","name":null,"shapearea_m":136.68386053218401}},{"type":"Feature","id":519,"geometry":{"type":"Polygon","coordinates":[[[23.818985000000055,38.103361800000073],[23.818889100000035,38.103412500000047],[23.81879790000005,38.10331860000008],[23.81881130000005,38.103311700000063],[23.818825400000037,38.103301200000033],[23.818872300000066,38.103257900000074],[23.81888310000005,38.103257400000075],[23.818896500000051,38.103269500000067],[23.818985000000055,38.103361800000073]]]},"properties":{"fid":519,"leisure":"garden","name":null,"shapearea_m":141.78026346018484}},{"type":"Feature","id":520,"geometry":{"type":"Polygon","coordinates":[[[23.818829400000027,38.103462600000057],[23.818641000000071,38.103558700000065],[23.818623600000024,38.103559700000062],[23.818605500000047,38.103554400000064],[23.818536400000028,38.103475800000069],[23.818531700000051,38.103457300000059],[23.818536400000028,38.103436200000033],[23.818546500000025,38.103423000000078],[23.818687300000079,38.103348100000062],[23.818718100000069,38.103340200000048],[23.818736200000046,38.103342800000064],[23.818747600000052,38.103349200000025],[23.818836800000042,38.103440500000033],[23.818836800000042,38.103450000000066],[23.818829400000027,38.103462600000057]]]},"properties":{"fid":520,"leisure":"garden","name":null,"shapearea_m":394.40527474346197}},{"type":"Feature","id":521,"geometry":{"type":"Polygon","coordinates":[[[23.819037300000048,38.103613500000051],[23.819059000000038,38.103608800000075],[23.819080900000074,38.103613200000041],[23.819097000000056,38.103625700000066],[23.819103000000041,38.103642800000046],[23.819097400000032,38.103660000000048],[23.819081600000061,38.103672600000039],[23.819059800000048,38.103677400000038],[23.819038000000035,38.103672900000049],[23.819021900000052,38.103660500000046],[23.819015800000045,38.103643400000067],[23.819021500000076,38.103626200000065],[23.819037300000048,38.103613500000051]]]},"properties":{"fid":521,"leisure":"garden","name":null,"shapearea_m":43.672853163882337}},{"type":"Feature","id":522,"geometry":{"type":"Polygon","coordinates":[[[23.819196200000079,38.103857800000071],[23.81913650000007,38.103892100000053],[23.819117800000072,38.103868400000067],[23.819082900000069,38.10379400000005],[23.819070200000056,38.103785500000072],[23.819017900000063,38.103766000000064],[23.818975600000044,38.10372330000007],[23.819003800000075,38.103706400000078],[23.81902720000005,38.103714800000034],[23.819048700000053,38.103719600000034],[23.81906680000003,38.103721200000052],[23.819196200000079,38.103857800000071]]]},"properties":{"fid":522,"leisure":"garden","name":null,"shapearea_m":120.69271742367609}},{"type":"Feature","id":523,"geometry":{"type":"Polygon","coordinates":[[[23.81867520000003,38.103590800000063],[23.81874700000003,38.103552300000047],[23.818757700000049,38.103556000000026],[23.81877650000007,38.103576600000054],[23.818798600000036,38.103590300000064],[23.818847500000061,38.103616200000033],[23.818856900000071,38.103628800000024],[23.818869000000063,38.10366520000008],[23.818875700000035,38.103681600000073],[23.818891800000074,38.103697400000044],[23.818981000000065,38.10379080000007],[23.818998400000055,38.103800800000045],[23.819038000000035,38.103817200000037],[23.819051400000035,38.103832000000068],[23.81906680000003,38.103865800000051],[23.81907620000004,38.103892100000053],[23.819111100000043,38.103927000000056],[23.819031900000027,38.103972900000031],[23.819017900000063,38.103975000000048],[23.818999100000042,38.103964900000051],[23.818949500000031,38.103909500000043],[23.818948800000044,38.103895800000032],[23.818952100000047,38.103865800000051],[23.818942100000072,38.103841500000044],[23.818926000000033,38.103826200000071],[23.818897200000038,38.103816700000039],[23.818871700000045,38.103815600000075],[23.818855600000063,38.10380930000008],[23.818840200000068,38.103796100000068],[23.818813300000045,38.103767100000027],[23.818793200000073,38.103750200000036],[23.818768400000067,38.103739100000041],[23.818738200000041,38.103737000000081],[23.818722800000046,38.103732300000047],[23.818707400000051,38.103720100000032],[23.818705400000056,38.10370800000004],[23.818710100000033,38.10369060000005],[23.818710700000054,38.103673700000058],[23.818709400000046,38.103659400000026],[23.818683900000053,38.103632000000061],[23.818664500000068,38.103613000000053],[23.818662500000073,38.103603500000077],[23.81867520000003,38.103590800000063]]]},"properties":{"fid":523,"leisure":"garden","name":null,"shapearea_m":562.77129190218056}},{"type":"Feature","id":524,"geometry":{"type":"Polygon","coordinates":[[[23.819555600000058,38.103811900000039],[23.819582500000024,38.103799800000047],[23.819593900000029,38.103828300000032],[23.819588500000066,38.103849400000058],[23.819571100000076,38.103870000000029],[23.819409500000063,38.103954900000076],[23.819395400000076,38.10395230000006],[23.819375300000047,38.103938000000028],[23.819341100000031,38.103897400000051],[23.819362500000068,38.103886300000056],[23.819339100000036,38.103856800000074],[23.819514100000049,38.103765000000067],[23.819555600000058,38.103811900000039]]]},"properties":{"fid":524,"leisure":"garden","name":null,"shapearea_m":257.91360980173891}},{"type":"Feature","id":525,"geometry":{"type":"Polygon","coordinates":[[[23.81904000000003,38.103996600000073],[23.819237800000053,38.103889500000037],[23.819248500000072,38.103888400000073],[23.819259900000077,38.103893700000071],[23.819335000000024,38.103972300000066],[23.819338400000049,38.103981800000042],[23.819334400000059,38.103992400000038],[23.819165400000031,38.104080000000067],[23.819141200000047,38.104083100000025],[23.81912310000007,38.104081600000029],[23.819097700000043,38.104070500000034],[23.819040700000073,38.104008700000065],[23.81904000000003,38.103996600000073]]]},"properties":{"fid":525,"leisure":"garden","name":null,"shapearea_m":316.6531724945437}},{"type":"Feature","id":526,"geometry":{"type":"Polygon","coordinates":[[[23.819461800000056,38.103713800000037],[23.819287400000064,38.103810300000077],[23.819158300000026,38.103666000000032],[23.819178900000054,38.103654600000027],[23.819164600000079,38.103638600000068],[23.819212600000071,38.103612000000055],[23.819226900000046,38.103628000000072],[23.819283400000074,38.103596700000026],[23.819271800000024,38.103583700000058],[23.819315600000039,38.103559500000074],[23.819360000000074,38.103609100000028],[23.819344300000068,38.103617800000052],[23.81939710000006,38.103676900000039],[23.819418300000052,38.103665100000057],[23.819461800000056,38.103713800000037]]]},"properties":{"fid":526,"leisure":"garden","name":null,"shapearea_m":364.73981381052266}},{"type":"Feature","id":527,"geometry":{"type":"Polygon","coordinates":[[[23.848488000000032,38.109850100000074],[23.848465800000042,38.109855400000072],[23.848447700000065,38.109851700000036],[23.848430300000075,38.10984220000006],[23.848230500000057,38.109662300000025],[23.848227800000075,38.109645400000034],[23.848238500000036,38.109640200000058],[23.848262000000034,38.109641200000056],[23.848587900000041,38.109753100000034],[23.848595900000078,38.109764700000028],[23.848595900000078,38.10977790000004],[23.848581200000069,38.109792600000048],[23.848528900000076,38.109832200000028],[23.848488000000032,38.109850100000074]]]},"properties":{"fid":527,"leisure":"garden","name":null,"shapearea_m":334.97313212337031}},{"type":"Feature","id":528,"geometry":{"type":"Polygon","coordinates":[[[23.633885100000043,37.927634600000033],[23.633887400000049,37.927624000000037],[23.633896900000025,37.927625100000057],[23.633900800000049,37.927625500000033],[23.633898500000043,37.927636100000029],[23.633885100000043,37.927634600000033]]]},"properties":{"fid":528,"leisure":"garden","name":null,"shapearea_m":1.417380041887343}},{"type":"Feature","id":529,"geometry":{"type":"Polygon","coordinates":[[[23.633854300000053,37.927631100000042],[23.633856600000058,37.927620500000046],[23.633866100000034,37.927621600000066],[23.633870000000059,37.927622100000065],[23.633867700000053,37.927632600000038],[23.633854300000053,37.927631100000042]]]},"properties":{"fid":529,"leisure":"garden","name":null,"shapearea_m":1.4165994238191084}},{"type":"Feature","id":530,"geometry":{"type":"Polygon","coordinates":[[[23.633785400000079,37.927657500000066],[23.633787400000074,37.927647200000024],[23.633822500000065,37.927651500000024],[23.633820400000047,37.927661800000067],[23.633785400000079,37.927657500000066]]]},"properties":{"fid":530,"leisure":"garden","name":null,"shapearea_m":3.6090019771028716}},{"type":"Feature","id":531,"geometry":{"type":"Polygon","coordinates":[[[23.633715900000027,37.927622000000042],[23.633719100000064,37.927607500000079],[23.633732200000054,37.927609000000075],[23.633748700000069,37.927610900000047],[23.633745600000054,37.927625400000068],[23.633715900000027,37.927622000000042]]]},"properties":{"fid":531,"leisure":"garden","name":null,"shapearea_m":4.300640887178564}},{"type":"Feature","id":532,"geometry":{"type":"Polygon","coordinates":[[[23.63368330000003,37.927643900000078],[23.633688500000062,37.927619500000048],[23.633701200000075,37.927621100000067],[23.633698200000026,37.927635200000054],[23.633740500000044,37.92764070000004],[23.633738300000061,37.927651100000048],[23.63368330000003,37.927643900000078]]]},"properties":{"fid":532,"leisure":"garden","name":null,"shapearea_m":7.5140309242687788}},{"type":"Feature","id":533,"geometry":{"type":"Polygon","coordinates":[[[23.633850900000027,37.927666000000045],[23.633855600000061,37.927647000000036],[23.633929300000034,37.92765490000005],[23.633924600000057,37.927673700000071],[23.633850900000027,37.927666000000045]]]},"properties":{"fid":533,"leisure":"garden","name":null,"shapearea_m":13.950714433280957}},{"type":"Feature","id":534,"geometry":{"type":"Polygon","coordinates":[[[23.976063600000032,38.009635700000047],[23.976112000000057,38.009455800000069],[23.976279200000079,38.009472900000048],[23.976247300000068,38.009519100000034],[23.976372300000037,38.009538200000065],[23.976346800000044,38.009669900000063],[23.976063600000032,38.009635700000047]]]},"properties":{"fid":534,"leisure":"garden","name":null,"shapearea_m":448.04754652832014}},{"type":"Feature","id":535,"geometry":{"type":"Polygon","coordinates":[[[23.700059900000042,38.006796000000065],[23.700049100000058,38.006808700000079],[23.700036400000045,38.006830900000068],[23.70003440000005,38.006857300000036],[23.700028400000065,38.006889600000079],[23.700012900000047,38.00690220000007],[23.699982100000057,38.006881100000044],[23.699968000000069,38.00686630000007],[23.699945200000059,38.006805500000041],[23.699929100000077,38.006771700000058],[23.69988150000006,38.00669780000004],[23.699871500000029,38.006685200000049],[23.699928400000033,38.006652900000063],[23.700059900000042,38.006796000000065]]]},"properties":{"fid":535,"leisure":"garden","name":null,"shapearea_m":194.80955667228437}},{"type":"Feature","id":536,"geometry":{"type":"Polygon","coordinates":[[[23.672630900000058,37.959604700000057],[23.672758300000055,37.959840000000042],[23.672645700000032,37.959878600000025],[23.672483400000033,37.959654400000034],[23.672630900000058,37.959604700000057]]]},"properties":{"fid":536,"leisure":"garden","name":null,"shapearea_m":353.8305676886319}},{"type":"Feature","id":537,"geometry":{"type":"Polygon","coordinates":[[[23.672521000000074,37.959383200000048],[23.672303700000043,37.959462500000029],[23.672167600000023,37.959307100000046],[23.672422400000073,37.959218200000066],[23.672521000000074,37.959383200000048]]]},"properties":{"fid":537,"leisure":"garden","name":null,"shapearea_m":465.13247465189522}},{"type":"Feature","id":538,"geometry":{"type":"Polygon","coordinates":[[[23.761792100000036,38.124665700000037],[23.761767600000042,38.124663400000031],[23.761746000000073,38.124657400000046],[23.761730800000066,38.12464870000008],[23.761716200000023,38.124636800000076],[23.761706900000036,38.124624800000049],[23.761701000000073,38.124613400000044],[23.761698700000068,38.124601400000074],[23.761700400000052,38.124584900000059],[23.761706300000071,38.124571100000026],[23.761717400000066,38.124560100000053],[23.761732000000052,38.124550500000055],[23.761748900000043,38.124543600000038],[23.761768200000063,38.124540800000034],[23.761792700000058,38.124540300000035],[23.761814900000047,38.124544900000046],[23.761830600000053,38.124551800000063],[23.761847000000046,38.124562900000058],[23.76185920000006,38.124579400000073],[23.761864500000058,38.124598200000037],[23.76186210000003,38.124615700000049],[23.761854600000049,38.124631700000066],[23.761842900000033,38.124647800000048],[23.761821300000065,38.124660700000049],[23.761792100000036,38.124665700000037]]]},"properties":{"fid":538,"leisure":"garden","name":null,"shapearea_m":158.1413572987089}},{"type":"Feature","id":539,"geometry":{"type":"Polygon","coordinates":[[[23.702687000000026,37.998106000000064],[23.702769400000022,37.998053900000059],[23.702883800000052,37.998163100000056],[23.702830500000061,37.998205600000063],[23.702791400000024,37.998205600000063],[23.702687000000026,37.998106000000064]]]},"properties":{"fid":539,"leisure":"garden","name":null,"shapearea_m":147.5080125240508}},{"type":"Feature","id":540,"geometry":{"type":"Polygon","coordinates":[[[23.647726400000067,37.943195100000025],[23.647795900000062,37.943154900000025],[23.647832100000073,37.943193700000052],[23.647762600000078,37.943234000000075],[23.647726400000067,37.943195100000025]]]},"properties":{"fid":540,"leisure":"garden","name":null,"shapearea_m":40.559050881263701}},{"type":"Feature","id":541,"geometry":{"type":"Polygon","coordinates":[[[23.647523100000058,37.942780200000072],[23.647784700000045,37.942644900000062],[23.647849400000041,37.94273220000008],[23.647747300000049,37.942786100000035],[23.647726900000066,37.942778000000033],[23.647707100000048,37.942771600000071],[23.64768360000005,37.942772500000046],[23.647670900000037,37.942758800000036],[23.647554700000057,37.942816500000049],[23.647523100000058,37.942780200000072]]]},"properties":{"fid":541,"leisure":"garden","name":null,"shapearea_m":219.24516022326026}},{"type":"Feature","id":542,"geometry":{"type":"Polygon","coordinates":[[[23.647526300000038,37.942983900000058],[23.647519900000077,37.942978100000062],[23.647526600000049,37.942972800000064],[23.647530600000039,37.942965100000038],[23.647531300000026,37.942956400000071],[23.647530600000039,37.942947900000036],[23.647525900000062,37.942940500000077],[23.647522300000048,37.942933400000072],[23.647517900000025,37.942928600000073],[23.647510200000056,37.942923900000039],[23.647502100000054,37.942922800000076],[23.647488700000054,37.942923600000029],[23.647477700000024,37.942925700000046],[23.647469900000033,37.942918300000031],[23.647544400000072,37.942872600000044],[23.647562200000039,37.942890300000045],[23.647593700000073,37.942876500000068],[23.647577600000034,37.942857200000049],[23.647657000000038,37.94281600000005],[23.647663700000066,37.942820700000027],[23.647657700000025,37.942825200000073],[23.647652300000061,37.942835700000046],[23.647651000000053,37.942846400000064],[23.647653700000035,37.942858500000057],[23.647662700000069,37.942868700000076],[23.647675000000049,37.942875900000047],[23.647685900000056,37.942877600000031],[23.647704000000033,37.942875400000048],[23.647709300000031,37.942880200000047],[23.647526300000038,37.942983900000058]]]},"properties":{"fid":542,"leisure":"garden","name":null,"shapearea_m":137.92112103318809}},{"type":"Feature","id":543,"geometry":{"type":"Polygon","coordinates":[[[23.647477800000047,37.942806700000062],[23.647507400000052,37.942842400000075],[23.64739910000003,37.942904100000078],[23.647411100000056,37.942922700000054],[23.647404000000051,37.942937500000028],[23.647404600000073,37.942954400000076],[23.647408300000052,37.942976300000055],[23.64730220000007,37.943025100000057],[23.647228900000073,37.942940500000077],[23.647477800000047,37.942806700000062]]]},"properties":{"fid":543,"leisure":"garden","name":null,"shapearea_m":218.9790344676243}},{"type":"Feature","id":544,"geometry":{"type":"Polygon","coordinates":[[[23.647217400000045,37.94357320000006],[23.647244500000056,37.943511200000046],[23.647293300000058,37.943481800000029],[23.647323300000039,37.94351910000006],[23.647217400000045,37.94357320000006]]]},"properties":{"fid":544,"leisure":"garden","name":null,"shapearea_m":38.059654269448586}},{"type":"Feature","id":545,"geometry":{"type":"Polygon","coordinates":[[[23.647098300000039,37.943435200000067],[23.647200200000043,37.943376500000056],[23.647233800000038,37.943411900000058],[23.647181400000022,37.943437300000028],[23.647098300000039,37.943435200000067]]]},"properties":{"fid":545,"leisure":"garden","name":null,"shapearea_m":38.052051573775501}},{"type":"Feature","id":546,"geometry":{"type":"Polygon","coordinates":[[[23.883800800000074,37.979459400000053],[23.883792600000049,37.979412800000034],[23.88384620000005,37.979397000000063],[23.883878100000061,37.979523900000061],[23.884079200000031,37.979495000000043],[23.884142200000042,37.979486000000065],[23.884198400000059,37.979477900000063],[23.884232000000054,37.979628500000047],[23.884178900000052,37.979638300000033],[23.884191300000055,37.979712200000051],[23.884109600000045,37.979727100000048],[23.883871000000056,37.979763100000071],[23.883800800000074,37.979459400000053]]]},"properties":{"fid":546,"leisure":"garden","name":null,"shapearea_m":906.0015695350038}},{"type":"Feature","id":547,"geometry":{"type":"Polygon","coordinates":[[[23.884151300000042,37.979893700000048],[23.884109600000045,37.979727100000048],[23.884191300000055,37.979712200000051],[23.88441430000006,37.979685700000061],[23.884401900000057,37.979607600000065],[23.884334600000045,37.979615900000056],[23.884276200000045,37.979338400000074],[23.88384620000005,37.979397000000063],[23.883792600000049,37.979412800000034],[23.883800800000074,37.979459400000053],[23.883577500000058,37.979487000000063],[23.883763200000033,37.979217100000028],[23.884128800000042,37.979140100000052],[23.884319700000049,37.979112200000031],[23.884554200000025,37.979072100000053],[23.884654800000078,37.979520300000047],[23.884716500000025,37.979791900000066],[23.884472600000038,37.979845200000057],[23.884151300000042,37.979893700000048]]]},"properties":{"fid":547,"leisure":"garden","name":null,"shapearea_m":4002.5878613207387}},{"type":"Feature","id":548,"geometry":{"type":"Polygon","coordinates":[[[23.645229800000038,37.932619400000078],[23.645237700000052,37.932611500000064],[23.645249800000045,37.932608100000039],[23.64526230000007,37.932610400000044],[23.645271200000025,37.932617700000037],[23.645273200000076,37.932630500000073],[23.645263700000044,37.932641100000069],[23.645247600000062,37.932644000000039],[23.645235500000069,37.932639300000062],[23.645228700000075,37.93263010000004],[23.645229800000038,37.932619400000078]]]},"properties":{"fid":548,"leisure":"garden","name":null,"shapearea_m":11.790951434089774}},{"type":"Feature","id":549,"geometry":{"type":"Polygon","coordinates":[[[23.684553400000027,38.029174700000056],[23.684550900000033,38.029142100000058],[23.684619300000065,38.029138900000078],[23.684621800000059,38.029171600000041],[23.684553400000027,38.029174700000056]]]},"properties":{"fid":549,"leisure":"garden","name":null,"shapearea_m":21.840490275354746}},{"type":"Feature","id":550,"geometry":{"type":"Polygon","coordinates":[[[23.68404570000007,38.029436700000076],[23.684055100000023,38.02954230000006],[23.684085300000049,38.029542900000024],[23.684084600000062,38.029615800000045],[23.683829200000048,38.029614200000026],[23.683841900000061,38.029481100000055],[23.683848600000033,38.029413500000032],[23.683850600000028,38.02939340000006],[23.683856700000035,38.029373300000032],[23.683873400000039,38.029341600000066],[23.683889500000078,38.029321000000039],[23.683965300000068,38.029271900000026],[23.684035000000051,38.029233400000066],[23.684033700000043,38.029205900000079],[23.684085300000049,38.029202200000043],[23.68410410000007,38.029435700000079],[23.68404570000007,38.029436700000076]]]},"properties":{"fid":550,"leisure":"garden","name":null,"shapearea_m":791.72068511248688}},{"type":"Feature","id":551,"geometry":{"type":"Polygon","coordinates":[[[23.684119500000065,38.029201700000044],[23.684188600000027,38.029198000000065],[23.684191300000066,38.029221700000051],[23.684227500000077,38.029219100000034],[23.684228800000028,38.029230200000029],[23.684416600000077,38.029220200000054],[23.684425900000065,38.029323700000077],[23.684466200000031,38.029323700000077],[23.68446890000007,38.02937170000007],[23.684477600000037,38.029370200000074],[23.684480300000075,38.029409800000053],[23.684352200000035,38.029441500000075],[23.684129600000063,38.029439300000035],[23.684126900000024,38.029389200000026],[23.684133600000052,38.029379100000028],[23.684119500000065,38.029201700000044]]]},"properties":{"fid":551,"leisure":"garden","name":null,"shapearea_m":676.9592311583591}},{"type":"Feature","id":552,"geometry":{"type":"Polygon","coordinates":[[[23.684277800000075,38.028917000000035],[23.684326000000056,38.028917000000035],[23.684326000000056,38.028960300000051],[23.684277800000075,38.028960300000051],[23.684277800000075,38.028917000000035]]]},"properties":{"fid":552,"leisure":"garden","name":null,"shapearea_m":20.339045667556892}},{"type":"Feature","id":553,"geometry":{"type":"Polygon","coordinates":[[[23.684382400000061,38.02882290000008],[23.684439400000031,38.028822400000024],[23.684439800000064,38.028854700000068],[23.684382800000037,38.028855300000032],[23.684382400000061,38.02882290000008]]]},"properties":{"fid":553,"leisure":"garden","name":null,"shapearea_m":17.972031520124588}},{"type":"Feature","id":554,"geometry":{"type":"Polygon","coordinates":[[[23.684278400000039,38.028868400000079],[23.684275700000057,38.02882290000008],[23.684321800000077,38.028821300000061],[23.684324500000059,38.028866700000037],[23.684278400000039,38.028868400000079]]]},"properties":{"fid":554,"leisure":"garden","name":null,"shapearea_m":20.462252160824946}},{"type":"Feature","id":555,"geometry":{"type":"Polygon","coordinates":[[[23.684511800000053,38.029347400000063],[23.684497700000065,38.02920910000006],[23.684689500000047,38.029195300000026],[23.684696200000076,38.029257700000073],[23.684763900000064,38.029253400000073],[23.684776600000077,38.02939230000004],[23.684645200000034,38.029401300000075],[23.684643900000026,38.029384900000025],[23.684602300000051,38.029384900000025],[23.684603000000038,38.029405000000054],[23.684585500000026,38.029405500000053],[23.684534600000063,38.029378100000031],[23.684526500000061,38.029366500000037],[23.684525200000053,38.029346900000064],[23.684511800000053,38.029347400000063]]]},"properties":{"fid":555,"leisure":"garden","name":null,"shapearea_m":446.08405295141881}},{"type":"Feature","id":556,"geometry":{"type":"Polygon","coordinates":[[[23.684067900000059,38.02905480000004],[23.684299200000055,38.029051100000061],[23.684297900000047,38.029005700000027],[23.684432000000072,38.029003100000068],[23.684433300000023,38.029093900000078],[23.684057800000062,38.02911290000003],[23.684067900000059,38.02905480000004]]]},"properties":{"fid":556,"leisure":"garden","name":null,"shapearea_m":244.76579752700823}},{"type":"Feature","id":557,"geometry":{"type":"Polygon","coordinates":[[[23.684071200000062,38.029026300000055],[23.684095400000047,38.028889000000049],[23.68416110000004,38.028893700000026],[23.684240200000033,38.028896400000065],[23.684240900000077,38.029022100000077],[23.684148300000061,38.029023100000074],[23.684100100000023,38.029024700000036],[23.684071200000062,38.029026300000055]]]},"properties":{"fid":557,"leisure":"garden","name":null,"shapearea_m":199.53452161281024}},{"type":"Feature","id":558,"geometry":{"type":"Polygon","coordinates":[[[23.684682100000032,38.028985400000067],[23.684667200000035,38.02898650000003],[23.68467140000007,38.029022500000053],[23.684684900000036,38.029021500000056],[23.68468480000007,38.029037900000048],[23.68467140000007,38.029052700000079],[23.684650600000055,38.029064900000037],[23.684627800000044,38.029070100000069],[23.684505100000024,38.029076000000032],[23.684501100000034,38.028906400000039],[23.684670700000026,38.028893700000026],[23.684682100000032,38.028985400000067]]]},"properties":{"fid":558,"leisure":"garden","name":null,"shapearea_m":286.66268126156496}},{"type":"Feature","id":559,"geometry":{"type":"Polygon","coordinates":[[[23.68448090000004,38.02886680000006],[23.684478300000023,38.028716300000042],[23.684436000000062,38.028718400000059],[23.684434700000054,38.028647600000056],[23.684467500000039,38.028652900000054],[23.684518500000024,38.028668200000027],[23.684567400000049,38.028689300000053],[23.684611000000075,38.028717300000039],[23.684636500000067,38.028743700000064],[23.684651300000041,38.028775400000029],[23.684659300000078,38.028803900000071],[23.68466200000006,38.028858300000024],[23.684552000000053,38.028868400000079],[23.684550000000058,38.028862600000025],[23.68448090000004,38.02886680000006]]]},"properties":{"fid":559,"leisure":"garden","name":null,"shapearea_m":316.12725273411371}},{"type":"Feature","id":560,"geometry":{"type":"Polygon","coordinates":[[[23.684100700000045,38.028859900000043],[23.684147000000053,38.028594800000064],[23.68415710000005,38.02858260000005],[23.684179900000061,38.028576300000054],[23.684392400000036,38.028632800000025],[23.684394400000031,38.028767000000073],[23.684277100000031,38.028767000000073],[23.684269000000029,38.028773800000067],[23.684208000000069,38.02877490000003],[23.684205300000031,38.028863600000079],[23.684100700000045,38.028859900000043]]]},"properties":{"fid":560,"leisure":"garden","name":null,"shapearea_m":517.43275269902961}},{"type":"Feature","id":561,"geometry":{"type":"Polygon","coordinates":[[[23.721234400000071,37.976566500000047],[23.721329600000047,37.976698800000065],[23.721226200000046,37.976749700000028],[23.72112960000004,37.976626500000066],[23.721234400000071,37.976566500000047]]]},"properties":{"fid":561,"leisure":"garden","name":null,"shapearea_m":181.55010637915603}},{"type":"Feature","id":562,"geometry":{"type":"Polygon","coordinates":[[[23.721386500000051,37.976545900000076],[23.721452500000055,37.976644500000077],[23.72136770000003,37.976684700000078],[23.721292900000037,37.976589000000047],[23.721386500000051,37.976545900000076]]]},"properties":{"fid":562,"leisure":"garden","name":null,"shapearea_m":113.10484818649428}},{"type":"Feature","id":563,"geometry":{"type":"Polygon","coordinates":[[[23.721370000000036,37.976401200000055],[23.721431400000029,37.976493500000061],[23.721339900000032,37.97652990000006],[23.721276500000045,37.976444300000026],[23.721370000000036,37.976401200000055]]]},"properties":{"fid":563,"leisure":"garden","name":null,"shapearea_m":104.42890982492071}},{"type":"Feature","id":564,"geometry":{"type":"Polygon","coordinates":[[[23.721160900000029,37.976396500000078],[23.721206800000061,37.976461800000038],[23.721122100000059,37.976500300000055],[23.721074800000054,37.976435500000036],[23.721160900000029,37.976396500000078]]]},"properties":{"fid":564,"leisure":"garden","name":null,"shapearea_m":71.785930135619608}},{"type":"Feature","id":565,"geometry":{"type":"Polygon","coordinates":[[[23.721324400000071,37.976330000000075],[23.721369700000025,37.976395500000081],[23.721283000000028,37.976434500000039],[23.721234500000037,37.976370900000063],[23.721324400000071,37.976330000000075]]]},"properties":{"fid":565,"leisure":"garden","name":null,"shapearea_m":73.857356640586261}},{"type":"Feature","id":566,"geometry":{"type":"Polygon","coordinates":[[[23.646752100000072,37.942888400000072],[23.646587700000055,37.942973400000028],[23.646520800000076,37.942895900000053],[23.646589400000039,37.942860000000053],[23.646626300000037,37.94290680000006],[23.646695300000033,37.942873000000077],[23.646681800000067,37.942856400000039],[23.646714100000054,37.942841400000077],[23.646752100000072,37.942888400000072]]]},"properties":{"fid":566,"leisure":"garden","name":null,"shapearea_m":124.18037135391843}},{"type":"Feature","id":567,"geometry":{"type":"Polygon","coordinates":[[[23.646716100000049,37.943609200000026],[23.646826000000033,37.943545200000074],[23.64686770000003,37.943571100000042],[23.646799200000032,37.943611300000043],[23.646716100000049,37.943609200000026]]]},"properties":{"fid":567,"leisure":"garden","name":null,"shapearea_m":43.902526059601833}},{"type":"Feature","id":568,"geometry":{"type":"Polygon","coordinates":[[[23.646613600000023,37.943665700000054],[23.646587800000077,37.943722800000046],[23.646516800000029,37.943762600000071],[23.646492600000045,37.943734800000072],[23.646613600000023,37.943665700000054]]]},"properties":{"fid":568,"leisure":"garden","name":null,"shapearea_m":39.334478240088686}},{"type":"Feature","id":569,"geometry":{"type":"Polygon","coordinates":[[[23.646727500000054,37.943801600000029],[23.646603900000059,37.943868500000065],[23.646578600000055,37.943840800000032],[23.646650000000022,37.943800400000043],[23.646727500000054,37.943801600000029]]]},"properties":{"fid":569,"leisure":"garden","name":null,"shapearea_m":40.650027110071278}},{"type":"Feature","id":570,"geometry":{"type":"Polygon","coordinates":[[[23.646705100000077,37.944060100000058],[23.646728100000075,37.944062300000041],[23.646742300000028,37.944078800000057],[23.646736400000066,37.944096200000047],[23.646705100000077,37.944060100000058]]]},"properties":{"fid":570,"leisure":"garden","name":null,"shapearea_m":5.3946548543927433}},{"type":"Feature","id":571,"geometry":{"type":"Polygon","coordinates":[[[23.646353400000066,37.943676500000038],[23.646376400000065,37.943678700000078],[23.646390600000075,37.943695200000036],[23.646384700000056,37.943712600000026],[23.646353400000066,37.943676500000038]]]},"properties":{"fid":571,"leisure":"garden","name":null,"shapearea_m":5.3946825439957129}},{"type":"Feature","id":572,"geometry":{"type":"Polygon","coordinates":[[[23.646245800000031,37.943543400000067],[23.646281300000055,37.943554000000063],[23.646320900000035,37.943598400000042],[23.646301400000027,37.943607400000076],[23.646245800000031,37.943543400000067]]]},"properties":{"fid":572,"leisure":"garden","name":null,"shapearea_m":14.17048463820133}},{"type":"Feature","id":573,"geometry":{"type":"Polygon","coordinates":[[[23.645550300000025,37.94455940000006],[23.645518200000026,37.944520200000056],[23.645565500000032,37.944496100000038],[23.645597600000031,37.944535300000041],[23.645550300000025,37.94455940000006]]]},"properties":{"fid":573,"leisure":"garden","name":null,"shapearea_m":25.637419028355691}},{"type":"Feature","id":574,"geometry":{"type":"Polygon","coordinates":[[[23.64568440000005,37.944496700000059],[23.645652300000052,37.944457600000078],[23.645713700000044,37.94444500000003],[23.645726300000035,37.944457300000067],[23.64568440000005,37.944496700000059]]]},"properties":{"fid":574,"leisure":"garden","name":null,"shapearea_m":18.620040021680996}},{"type":"Feature","id":575,"geometry":{"type":"Polygon","coordinates":[[[23.645253600000046,37.944671700000072],[23.645221500000048,37.944632600000034],[23.645268700000031,37.944608500000072],[23.645300900000052,37.944647600000053],[23.645253600000046,37.944671700000072]]]},"properties":{"fid":575,"leisure":"garden","name":null,"shapearea_m":25.583915807353666}},{"type":"Feature","id":576,"geometry":{"type":"Polygon","coordinates":[[[23.645384400000069,37.944592400000033],[23.645352200000048,37.944553300000052],[23.645399500000053,37.944529200000034],[23.645431600000052,37.944568300000071],[23.645384400000069,37.944592400000033]]]},"properties":{"fid":576,"leisure":"garden","name":null,"shapearea_m":25.583942961707148}},{"type":"Feature","id":577,"geometry":{"type":"Polygon","coordinates":[[[23.64818850000006,37.939145200000041],[23.648190700000043,37.939133300000037],[23.648231700000053,37.939161200000058],[23.648214500000051,37.939175200000079],[23.64818850000006,37.939145200000041]]]},"properties":{"fid":577,"leisure":"garden","name":null,"shapearea_m":6.9727724534044544}},{"type":"Feature","id":578,"geometry":{"type":"Polygon","coordinates":[[[23.648389700000052,37.93937580000005],[23.648437200000046,37.939351000000045],[23.648484500000052,37.939410700000053],[23.648439800000062,37.939434000000062],[23.648389700000052,37.93937580000005]]]},"properties":{"fid":578,"leisure":"garden","name":null,"shapearea_m":37.943356854527472}},{"type":"Feature","id":579,"geometry":{"type":"Polygon","coordinates":[[[23.685154200000056,38.036194600000044],[23.685221900000045,38.036157100000025],[23.685281600000053,38.036231000000043],[23.685282900000061,38.036248500000056],[23.685278200000027,38.036260600000048],[23.685257400000069,38.036267500000065],[23.68524270000006,38.036262700000066],[23.685154200000056,38.036194600000044]]]},"properties":{"fid":579,"leisure":"garden","name":null,"shapearea_m":68.401640264236988}},{"type":"Feature","id":580,"geometry":{"type":"Polygon","coordinates":[[[23.078374100000076,37.596977000000038],[23.07839290000004,37.596773000000042],[23.078648400000077,37.596878200000049],[23.078374100000076,37.596977000000038]]]},"properties":{"fid":580,"leisure":"garden","name":null,"shapearea_m":265.13064726382976}},{"type":"Feature","id":581,"geometry":{"type":"Polygon","coordinates":[[[23.006299200000058,37.889141100000074],[23.006312200000025,37.889105800000038],[23.006305700000041,37.889073000000053],[23.006285300000059,37.889042200000063],[23.006252800000027,37.88902360000003],[23.006315400000062,37.889008800000056],[23.00637480000006,37.889007500000048],[23.006412300000022,37.889024200000051],[23.006447200000025,37.889055000000042],[23.006448100000057,37.889085800000032],[23.006426100000056,37.889120500000047],[23.00639110000003,37.889144900000076],[23.006346300000075,37.889148800000044],[23.006299200000058,37.889141100000074]]]},"properties":{"fid":581,"leisure":"garden","name":null,"shapearea_m":175.76740427509657}},{"type":"Feature","id":582,"geometry":{"type":"Polygon","coordinates":[[[23.693727900000056,38.028880000000072],[23.69372050000004,38.028784400000063],[23.693872000000056,38.02877490000003],[23.693874000000051,38.028813400000047],[23.693833100000063,38.028816600000027],[23.693727900000056,38.028880000000072]]]},"properties":{"fid":582,"leisure":"garden","name":null,"shapearea_m":87.977537704402565}},{"type":"Feature","id":583,"geometry":{"type":"Polygon","coordinates":[[[23.694052400000032,38.027365100000054],[23.693988700000034,38.027354000000059],[23.693962500000055,38.027345600000046],[23.693944400000078,38.027182400000072],[23.694076500000051,38.027179200000035],[23.694052400000032,38.027365100000054]]]},"properties":{"fid":583,"leisure":"garden","name":null,"shapearea_m":190.24860468345784}},{"type":"Feature","id":584,"geometry":{"type":"Polygon","coordinates":[[[23.803814300000056,38.00932720000003],[23.803813200000036,38.009310800000037],[23.803819100000055,38.009264800000039],[23.803777000000025,38.009246400000052],[23.803801600000043,38.009182000000067],[23.803851800000075,38.009106600000052],[23.803577400000052,38.00900450000006],[23.803599600000041,38.008953900000051],[23.803544900000077,38.00892870000007],[23.803570800000045,38.008884900000055],[23.803395700000067,38.00881940000005],[23.803408600000068,38.008794600000044],[23.803434200000027,38.00880010000003],[23.803451800000062,38.008796400000051],[23.803466900000046,38.008784400000025],[23.803469300000074,38.008773400000052],[23.803464600000041,38.00875590000004],[23.803453900000022,38.008743000000038],[23.803474100000074,38.008708800000079],[23.803642500000024,38.008770500000026],[23.80372170000004,38.008636300000035],[23.803376600000036,38.008510000000058],[23.803297600000064,38.008643900000038],[23.803376800000024,38.008672900000079],[23.803306900000052,38.008791400000064],[23.803217500000073,38.00875730000007],[23.803128000000072,38.008912000000066],[23.80308720000005,38.008898700000032],[23.803061500000069,38.008935000000065],[23.802963600000055,38.008899500000041],[23.802961700000026,38.008881300000041],[23.802954500000055,38.008864100000039],[23.802942400000063,38.008848500000056],[23.802926200000059,38.008835600000054],[23.802906600000028,38.008826000000056],[23.80288470000005,38.008820100000037],[23.802861700000051,38.008818400000052],[23.802848100000062,38.008819900000049],[23.802841700000045,38.008792800000037],[23.802818600000023,38.00879720000006],[23.802787200000068,38.008808000000045],[23.802759300000048,38.008829700000035],[23.802741400000059,38.008854400000075],[23.802733500000045,38.008879100000058],[23.802688200000034,38.008875500000045],[23.802594800000065,38.008998800000029],[23.802464000000043,38.008958300000074],[23.802423200000078,38.009040200000072],[23.802548100000024,38.009085200000072],[23.802359000000024,38.00943570000004],[23.802336800000035,38.009513000000027],[23.802340300000026,38.009565400000042],[23.802346100000022,38.009675800000025],[23.802406800000028,38.009672100000046],[23.802408000000071,38.009660200000042],[23.802411500000062,38.009639900000025],[23.802422000000035,38.009616000000051],[23.802434900000037,38.009600400000068],[23.802450000000078,38.009589300000073],[23.802483900000027,38.009582900000055],[23.802516600000047,38.009582900000055],[23.80255980000004,38.009594900000025],[23.802599500000042,38.009609600000033],[23.802646200000027,38.009630700000059],[23.802708100000075,38.009659300000067],[23.802778100000069,38.009671200000071],[23.802843500000051,38.009672100000046],[23.802918200000079,38.009677700000054],[23.802975400000037,38.009688700000027],[23.803022100000078,38.009705200000042],[23.80307700000003,38.009726400000034],[23.803137700000036,38.009741100000042],[23.80320770000003,38.009752200000037],[23.803267300000073,38.009747600000026],[23.80333150000007,38.009737400000063],[23.803403900000035,38.009717200000068],[23.803482100000053,38.009685900000079],[23.803511300000025,38.009657400000037],[23.803542800000059,38.009615100000076],[23.803590700000029,38.009540600000037],[23.803621000000078,38.009494600000039],[23.803652600000078,38.009425600000043],[23.803680600000064,38.009390600000074],[23.803694600000028,38.009374100000059],[23.803709800000036,38.009369500000048],[23.803737800000079,38.00937040000008],[23.80376190000004,38.009378900000058],[23.80376810000007,38.009385100000031],[23.803778700000066,38.009400800000037],[23.803797300000042,38.009411800000066],[23.803839400000072,38.009429300000079],[23.803884900000071,38.009439400000076],[23.803932800000041,38.009450400000048],[23.803963100000033,38.009458700000039],[23.803993500000047,38.009476200000051],[23.804018000000042,38.009500100000025],[23.804044800000042,38.009542400000043],[23.803958400000056,38.009557100000052],[23.804002800000035,38.009700600000031],[23.803539700000044,38.009743800000024],[23.803019100000029,38.009840000000054],[23.802305000000047,38.009971600000029],[23.80228470000003,38.009687500000041],[23.802269700000068,38.009443300000044],[23.802291500000024,38.009200400000054],[23.802372500000047,38.008950000000027],[23.802503200000046,38.008703300000036],[23.802872000000036,38.00805100000008],[23.804420200000038,38.008638800000028],[23.804404400000067,38.008675200000027],[23.804405700000075,38.008695300000056],[23.804376800000057,38.008762900000079],[23.804372200000046,38.008784000000048],[23.804443300000059,38.009085200000072],[23.804471500000034,38.009237400000075],[23.804458000000068,38.009282800000051],[23.804433900000049,38.009321900000032],[23.804384300000038,38.009349400000076],[23.804323900000043,38.009366300000067],[23.804223300000046,38.009386400000039],[23.804137500000024,38.009394800000052],[23.804071800000031,38.00940010000005],[23.804030200000057,38.009398000000033],[23.803990000000056,38.009388500000057],[23.803910900000062,38.009366300000067],[23.803837100000067,38.009339900000043],[23.803814300000056,38.00932720000003]]]},"properties":{"fid":584,"leisure":"garden","name":null,"shapearea_m":16782.958801267221}},{"type":"Feature","id":585,"geometry":{"type":"Polygon","coordinates":[[[23.723103600000059,37.926348300000029],[23.723511500000029,37.925852100000043],[23.723574500000041,37.925835200000051],[23.724250700000027,37.926241100000027],[23.723765700000058,37.926291900000024],[23.723670500000026,37.926302300000032],[23.723351300000047,37.926475200000027],[23.723103600000059,37.926348300000029]]]},"properties":{"fid":585,"leisure":"garden","name":null,"shapearea_m":3189.1292334503314}},{"type":"Feature","id":586,"geometry":{"type":"Polygon","coordinates":[[[23.634252100000026,37.930647900000054],[23.634231900000032,37.93060360000004],[23.634307800000045,37.93062720000006],[23.634336300000029,37.930640700000026],[23.634361800000079,37.93066280000005],[23.634362200000055,37.930681900000025],[23.634357000000023,37.930689500000028],[23.634252100000026,37.930647900000054]]]},"properties":{"fid":586,"leisure":"garden","name":null,"shapearea_m":45.740559181357185}},{"type":"Feature","id":587,"geometry":{"type":"Polygon","coordinates":[[[23.634105600000055,37.930690900000059],[23.634033400000078,37.930566500000054],[23.634124800000052,37.930615300000056],[23.634157400000049,37.930627400000049],[23.634105600000055,37.930690900000059]]]},"properties":{"fid":587,"leisure":"garden","name":null,"shapearea_m":51.443430620203387}},{"type":"Feature","id":588,"geometry":{"type":"Polygon","coordinates":[[[23.634217200000023,37.930666600000052],[23.634226600000034,37.930670000000077],[23.634202800000025,37.930717400000049],[23.634258800000055,37.930735200000072],[23.634289100000046,37.93068420000003],[23.634298100000024,37.930687500000033],[23.634237000000041,37.930805400000054],[23.634214900000075,37.930799500000035],[23.634224900000049,37.930781900000056],[23.634204100000034,37.930774100000065],[23.634215100000063,37.930753700000025],[23.63419220000003,37.930744900000036],[23.634201500000074,37.930726500000048],[23.634188900000026,37.93072120000005],[23.634217200000023,37.930666600000052]]]},"properties":{"fid":588,"leisure":"garden","name":null,"shapearea_m":47.751652948249387}},{"type":"Feature","id":589,"geometry":{"type":"Polygon","coordinates":[[[23.634325700000034,37.930586400000038],[23.634457300000065,37.930571900000075],[23.634476600000028,37.930602600000043],[23.634403000000077,37.930609400000037],[23.634378900000058,37.930615100000068],[23.634325700000034,37.930586400000038]]]},"properties":{"fid":589,"leisure":"garden","name":null,"shapearea_m":36.755669200610711}},{"type":"Feature","id":590,"geometry":{"type":"Polygon","coordinates":[[[23.634579900000062,37.930621400000064],[23.634582000000023,37.930607800000075],[23.634731900000077,37.930626300000029],[23.634736100000055,37.930600900000059],[23.634756200000027,37.930603000000076],[23.634749700000043,37.930641800000046],[23.634579900000062,37.930621400000064]]]},"properties":{"fid":590,"leisure":"garden","name":null,"shapearea_m":27.601040702787859}},{"type":"Feature","id":591,"geometry":{"type":"Polygon","coordinates":[[[23.634576400000071,37.930561800000078],[23.634771300000068,37.930538800000079],[23.634764400000051,37.930583200000058],[23.634746100000029,37.930581400000051],[23.634751300000062,37.930556300000035],[23.63457980000004,37.930574300000046],[23.634576400000071,37.930561800000078]]]},"properties":{"fid":591,"leisure":"garden","name":null,"shapearea_m":31.185335548746075}},{"type":"Feature","id":592,"geometry":{"type":"Polygon","coordinates":[[[23.634177300000033,37.930634100000077],[23.634207600000025,37.930637500000046],[23.634214300000053,37.930652300000077],[23.634193300000049,37.930644100000052],[23.63416570000004,37.930648000000076],[23.634177300000033,37.930634100000077]]]},"properties":{"fid":592,"leisure":"garden","name":null,"shapearea_m":4.1123784841644087}},{"type":"Feature","id":593,"geometry":{"type":"Polygon","coordinates":[[[23.642137300000059,37.94709030000007],[23.642133400000034,37.947406000000058],[23.642107600000031,37.94740610000008],[23.642107600000031,37.947125800000038],[23.642036500000074,37.947095200000035],[23.642037500000072,37.947058800000036],[23.642101500000024,37.94696760000005],[23.64206530000007,37.946966600000053],[23.642064000000062,37.94689470000003],[23.642085100000031,37.946895900000072],[23.642087200000049,37.946837100000039],[23.64209900000003,37.946836900000051],[23.642098500000031,37.946894600000064],[23.642138200000034,37.946953800000074],[23.642133200000046,37.94708380000003],[23.642137300000059,37.94709030000007]]]},"properties":{"fid":593,"leisure":"garden","name":null,"shapearea_m":235.99426093084224}},{"type":"Feature","id":594,"geometry":{"type":"Polygon","coordinates":[[[23.679380700000024,38.022680300000047],[23.679382400000065,38.022615500000029],[23.679383400000063,38.02258340000003],[23.67939430000007,38.022584700000039],[23.679461200000048,38.022587200000032],[23.679537000000039,38.022590000000037],[23.679530800000066,38.022785600000077],[23.679402800000048,38.022778600000038],[23.679376600000069,38.022777400000052],[23.679380700000024,38.022680300000047]]]},"properties":{"fid":594,"leisure":"garden","name":null,"shapearea_m":291.26804199724035}},{"type":"Feature","id":595,"geometry":{"type":"Polygon","coordinates":[[[23.644367500000044,37.945668000000069],[23.644293800000071,37.945579000000066],[23.64433340000005,37.945558700000049],[23.644407100000024,37.945647600000029],[23.644367500000044,37.945668000000069]]]},"properties":{"fid":595,"leisure":"garden","name":null,"shapearea_m":48.997728067338279}},{"type":"Feature","id":596,"geometry":{"type":"Polygon","coordinates":[[[23.64685140000006,37.943732600000033],[23.646873300000038,37.943669300000067],[23.646942100000047,37.943629500000043],[23.646961300000044,37.94366860000008],[23.64685140000006,37.943732600000033]]]},"properties":{"fid":596,"leisure":"garden","name":null,"shapearea_m":43.94944859006393}},{"type":"Feature","id":597,"geometry":{"type":"Polygon","coordinates":[[[23.72977700000007,37.993075800000042],[23.729767700000025,37.993033100000048],[23.72981070000003,37.993027400000074],[23.729819900000052,37.993070000000046],[23.72977700000007,37.993075800000042]]]},"properties":{"fid":597,"leisure":"garden","name":null,"shapearea_m":18.378802423375411}},{"type":"Feature","id":598,"geometry":{"type":"Polygon","coordinates":[[[23.729797100000042,37.993150400000047],[23.729787800000054,37.993107700000053],[23.729830800000059,37.993102000000079],[23.729840000000024,37.993144600000051],[23.729797100000042,37.993150400000047]]]},"properties":{"fid":598,"leisure":"garden","name":null,"shapearea_m":18.37878404329032}},{"type":"Feature","id":599,"geometry":{"type":"Polygon","coordinates":[[[23.729814900000065,37.993223300000068],[23.729805600000077,37.993180600000073],[23.729848600000025,37.993174900000042],[23.729857800000048,37.993217500000071],[23.729814900000065,37.993223300000068]]]},"properties":{"fid":599,"leisure":"garden","name":null,"shapearea_m":18.378766079576756}},{"type":"Feature","id":600,"geometry":{"type":"Polygon","coordinates":[[[23.646802500000035,37.944140300000072],[23.646825500000034,37.944142500000055],[23.646839700000044,37.94415900000007],[23.646833800000024,37.94417640000006],[23.646802500000035,37.944140300000072]]]},"properties":{"fid":600,"leisure":"garden","name":null,"shapearea_m":5.3946490747735529}},{"type":"Feature","id":601,"geometry":{"type":"Polygon","coordinates":[[[23.689044000000024,38.013075800000024],[23.689125200000035,38.012971700000037],[23.689164100000028,38.013014500000054],[23.689044000000024,38.013075800000024]]]},"properties":{"fid":601,"leisure":"garden","name":null,"shapearea_m":36.673828936229569}},{"type":"Feature","id":602,"geometry":{"type":"Polygon","coordinates":[[[23.634181200000057,37.927059200000031],[23.634181500000068,37.926996000000031],[23.634187300000065,37.926996000000031],[23.634187000000054,37.927059200000031],[23.634181200000057,37.927059200000031]]]},"properties":{"fid":602,"leisure":"garden","name":null,"shapearea_m":3.5771215180454803}},{"type":"Feature","id":603,"geometry":{"type":"Polygon","coordinates":[[[23.633913200000052,37.927178400000059],[23.633872100000076,37.927177500000028],[23.633872300000064,37.927157800000032],[23.634000100000037,37.927160300000025],[23.634000600000036,37.927179900000056],[23.633961700000043,37.927179400000057],[23.633961800000066,37.927164700000048],[23.633913700000051,37.927163800000073],[23.633913200000052,37.927178400000059]]]},"properties":{"fid":603,"leisure":"garden","name":null,"shapearea_m":17.816580713907793}},{"type":"Feature","id":604,"geometry":{"type":"Polygon","coordinates":[[[23.649575300000038,38.021566800000073],[23.649461300000041,38.021498600000029],[23.64949960000007,38.021454300000073],[23.649566600000071,38.021524500000055],[23.649580700000058,38.021546700000044],[23.649575300000038,38.021566800000073]]]},"properties":{"fid":604,"leisure":"garden","name":null,"shapearea_m":50.139304923821904}},{"type":"Feature","id":605,"geometry":{"type":"Polygon","coordinates":[[[23.67699760000005,38.009431900000038],[23.676807800000063,38.00926080000005],[23.676937900000041,38.009213700000032],[23.677023700000063,38.009418700000026],[23.67701900000003,38.009428200000059],[23.677009000000055,38.009433500000057],[23.67699760000005,38.009431900000038]]]},"properties":{"fid":605,"leisure":"garden","name":null,"shapearea_m":184.94197285317256}},{"type":"Feature","id":606,"geometry":{"type":"Polygon","coordinates":[[[23.672465700000032,38.010213400000055],[23.67240970000006,38.010225500000047],[23.672394200000042,38.010185300000046],[23.67244850000003,38.010173700000053],[23.672465700000032,38.010213400000055]]]},"properties":{"fid":606,"leisure":"garden","name":null,"shapearea_m":23.365283811403948}},{"type":"Feature","id":607,"geometry":{"type":"Polygon","coordinates":[[[23.672327200000041,38.010463200000061],[23.672390200000052,38.010451100000068],[23.672407000000078,38.010497600000065],[23.672424400000068,38.010494900000026],[23.67243510000003,38.01052240000007],[23.672425700000076,38.010557800000072],[23.672356700000023,38.010567900000069],[23.672327200000041,38.010463200000061]]]},"properties":{"fid":607,"leisure":"garden","name":null,"shapearea_m":80.66705736388009}},{"type":"Feature","id":608,"geometry":{"type":"Polygon","coordinates":[[[23.672595500000057,38.010473800000057],[23.672722300000032,38.010443800000075],[23.672732400000029,38.010470500000054],[23.672605700000076,38.010500500000035],[23.672595500000057,38.010473800000057]]]},"properties":{"fid":608,"leisure":"garden","name":null,"shapearea_m":35.956675381251607}},{"type":"Feature","id":609,"geometry":{"type":"Polygon","coordinates":[[[23.672464200000036,38.010506100000043],[23.672580500000038,38.010479100000055],[23.672592200000054,38.010508700000059],[23.67247720000006,38.010539900000026],[23.672464200000036,38.010506100000043]]]},"properties":{"fid":609,"leisure":"garden","name":null,"shapearea_m":39.239348614444083}},{"type":"Feature","id":610,"geometry":{"type":"Polygon","coordinates":[[[23.672734200000036,38.010370300000034],[23.672765000000027,38.010366600000054],[23.672789200000068,38.010442100000034],[23.672747600000037,38.010452100000066],[23.672728800000073,38.01039030000004],[23.672734200000036,38.010370300000034]]]},"properties":{"fid":610,"leisure":"garden","name":null,"shapearea_m":32.467456015613543}},{"type":"Feature","id":611,"geometry":{"type":"Polygon","coordinates":[[[23.672755700000039,38.010338600000068],[23.672722100000044,38.010338600000068],[23.672703400000046,38.010324300000036],[23.672681700000055,38.010257800000034],[23.67272550000007,38.010245000000054],[23.672755700000039,38.010338600000068]]]},"properties":{"fid":611,"leisure":"garden","name":null,"shapearea_m":39.645845324869263}},{"type":"Feature","id":612,"geometry":{"type":"Polygon","coordinates":[[[23.672398300000054,38.010338000000047],[23.672372100000075,38.010387200000025],[23.672383500000024,38.01041680000003],[23.67231780000003,38.010430000000042],[23.672252100000037,38.010217000000068],[23.67236870000005,38.010190100000045],[23.672385500000075,38.010231300000044],[23.672326500000054,38.010246100000074],[23.672350600000073,38.010327500000074],[23.672398300000054,38.010338000000047]]]},"properties":{"fid":612,"leisure":"garden","name":null,"shapearea_m":175.59790161401196}},{"type":"Feature","id":613,"geometry":{"type":"Polygon","coordinates":[[[23.651348300000052,37.942112500000064],[23.651327000000038,37.942087100000037],[23.651379500000075,37.942059800000038],[23.651302800000053,37.941968200000076],[23.651262100000054,37.941989400000068],[23.65124110000005,37.941964300000052],[23.651312200000064,37.941927300000032],[23.651419600000054,37.942055700000026],[23.651422400000058,37.94206470000006],[23.651420300000041,37.942072200000041],[23.651415900000075,37.942077400000073],[23.651348300000052,37.942112500000064]]]},"properties":{"fid":613,"leisure":"garden","name":null,"shapearea_m":92.530975933947829}},{"type":"Feature","id":614,"geometry":{"type":"Polygon","coordinates":[[[23.65121380000005,37.941956800000071],[23.651202100000035,37.941943300000048],[23.651289100000042,37.941896900000074],[23.651300900000024,37.941911000000061],[23.65121380000005,37.941956800000071]]]},"properties":{"fid":614,"leisure":"garden","name":null,"shapearea_m":17.005551929196162}},{"type":"Feature","id":615,"geometry":{"type":"Polygon","coordinates":[[[23.651161800000068,37.941900000000032],[23.651139700000044,37.941874700000028],[23.651189600000066,37.941847500000051],[23.651179200000058,37.941835600000047],[23.651159100000029,37.941846400000031],[23.651150700000073,37.94183170000008],[23.651147000000037,37.941825200000039],[23.651181400000041,37.941806500000041],[23.651145400000075,37.941765300000043],[23.651076700000033,37.941802600000074],[23.651053200000035,37.941775700000051],[23.651127900000063,37.941735100000074],[23.651151700000071,37.94173440000003],[23.651253100000076,37.941850300000056],[23.651161800000068,37.941900000000032]]]},"properties":{"fid":615,"leisure":"garden","name":null,"shapearea_m":104.2217501848526}},{"type":"Feature","id":616,"geometry":{"type":"Polygon","coordinates":[[[23.65111840000003,37.94185200000004],[23.65115000000003,37.941832900000065],[23.651157600000033,37.941847200000041],[23.651127900000063,37.941863100000035],[23.65111840000003,37.94185200000004]]]},"properties":{"fid":616,"leisure":"garden","name":null,"shapearea_m":5.2576852831562837}},{"type":"Feature","id":617,"geometry":{"type":"Polygon","coordinates":[[[23.744322700000055,37.975981700000034],[23.744390300000077,37.975793200000055],[23.744405300000039,37.975786500000027],[23.745113200000048,37.975944000000027],[23.744931100000031,37.976452400000028],[23.74475220000005,37.976412500000038],[23.744863400000042,37.976102200000071],[23.744322700000055,37.975981700000034]]]},"properties":{"fid":617,"leisure":"garden","name":null,"shapearea_m":2083.7841699281921}},{"type":"Feature","id":618,"geometry":{"type":"Polygon","coordinates":[[[23.741030800000033,37.972811700000079],[23.740971300000069,37.972405400000071],[23.740549500000043,37.972453400000063],[23.740454600000078,37.972432200000071],[23.740362600000026,37.972404300000051],[23.740262100000052,37.97239090000005],[23.740171500000031,37.972388700000067],[23.740121900000076,37.972395400000039],[23.739913800000068,37.971099700000025],[23.739929400000051,37.971081900000058],[23.739973300000031,37.971066300000075],[23.740819900000076,37.970991500000025],[23.741643800000077,37.97158410000003],[23.741455500000029,37.972686700000054],[23.741376200000047,37.972684400000048],[23.741356400000029,37.972783800000059],[23.741030800000033,37.972811700000079]]]},"properties":{"fid":618,"leisure":"garden","name":null,"shapearea_m":21045.554062647625}},{"type":"Feature","id":619,"geometry":{"type":"Polygon","coordinates":[[[23.740246900000045,37.973086100000046],[23.740131000000076,37.972447800000054],[23.740190200000029,37.972444800000062],[23.740259200000025,37.972447800000054],[23.740335600000037,37.972466200000042],[23.740402200000062,37.972495400000071],[23.740467500000022,37.972534200000041],[23.740518000000066,37.972577900000033],[23.740548800000056,37.972622600000079],[23.740575900000067,37.972676100000058],[23.740595600000063,37.972761600000069],[23.740595600000063,37.972836400000062],[23.740571000000045,37.972905400000059],[23.740542600000026,37.972954900000047],[23.74049210000004,37.97299380000004],[23.740396000000032,37.973046200000056],[23.740329400000064,37.97307150000006],[23.740246900000045,37.973086100000046]]]},"properties":{"fid":619,"leisure":"garden","name":null,"shapearea_m":2022.5236160475758}},{"type":"Feature","id":620,"geometry":{"type":"Polygon","coordinates":[[[23.74554610000007,37.974518000000046],[23.745385400000032,37.974487000000067],[23.745319400000028,37.974474200000031],[23.745278900000073,37.974607700000035],[23.744539700000075,37.974490900000035],[23.744579400000077,37.974356500000056],[23.744140600000037,37.97427870000007],[23.744088000000033,37.974315000000047],[23.744126600000072,37.974379300000066],[23.744170600000075,37.974428400000079],[23.744231800000023,37.974470600000075],[23.744284300000061,37.974487600000032],[23.744273600000042,37.974531500000069],[23.74423390000004,37.974523900000065],[23.744106200000033,37.975033900000028],[23.74408260000007,37.975142000000062],[23.744128500000045,37.975147400000026],[23.744075500000065,37.975345800000071],[23.744537300000047,37.975454100000036],[23.744514300000048,37.975523500000065],[23.743384900000024,37.975250300000027],[23.743380500000058,37.975215800000058],[23.743478400000072,37.97521160000008],[23.743593000000033,37.975184700000057],[23.743652800000064,37.975146600000073],[23.743697000000054,37.975088800000037],[23.743787600000076,37.974968800000056],[23.743819400000064,37.974562400000025],[23.74385970000003,37.974185200000079],[23.743847100000039,37.974049000000036],[23.743630800000062,37.973719300000027],[23.744882700000062,37.97398510000005],[23.744984900000077,37.973665500000038],[23.745001000000059,37.973667200000079],[23.745342200000039,37.973873600000047],[23.745416200000022,37.973806700000068],[23.745697300000074,37.97399530000007],[23.745724200000041,37.974073100000055],[23.745636300000058,37.974292600000069],[23.74554610000007,37.974518000000046]]]},"properties":{"fid":620,"leisure":"garden","name":"Κήπος Βυζαντινού Μουσείου","shapearea_m":15271.145736273636}},{"type":"Feature","id":621,"geometry":{"type":"Polygon","coordinates":[[[23.72823980000004,37.992527500000051],[23.728115400000036,37.992541100000039],[23.728061900000057,37.992309600000056],[23.728183400000034,37.992292100000043],[23.72823980000004,37.992527500000051]]]},"properties":{"fid":621,"leisure":"garden","name":null,"shapearea_m":288.18471834421894}},{"type":"Feature","id":622,"geometry":{"type":"Polygon","coordinates":[[[23.80278590000006,38.011220700000024],[23.80279500000006,38.01139610000007],[23.803119000000038,38.011642400000028],[23.80372710000006,38.011620500000049],[23.803735200000062,38.011588300000028],[23.803756200000066,38.011569800000075],[23.803801800000031,38.011566900000048],[23.803849800000023,38.011613500000067],[23.803865900000062,38.011670800000047],[23.803900400000032,38.011731000000054],[23.803860900000075,38.011755300000061],[23.803865900000062,38.011810000000025],[23.802717900000061,38.011893600000064],[23.80266830000005,38.011226800000031],[23.80278590000006,38.011220700000024]]]},"properties":{"fid":622,"leisure":"garden","name":null,"shapearea_m":3352.4864875934654}},{"type":"Feature","id":623,"geometry":{"type":"Polygon","coordinates":[[[23.804673800000046,38.009496500000068],[23.804645300000061,38.009479800000065],[23.80452820000005,38.008982600000024],[23.804620000000057,38.008965600000067],[23.804587900000058,38.008805800000061],[23.804627400000072,38.008740800000055],[23.805344600000069,38.009078700000032],[23.805308900000057,38.00915150000003],[23.805270000000064,38.00923720000003],[23.805278100000066,38.009367900000029],[23.80524070000007,38.00939610000006],[23.804673800000046,38.009496500000068]]]},"properties":{"fid":623,"leisure":"garden","name":null,"shapearea_m":3800.6000074183894}},{"type":"Feature","id":624,"geometry":{"type":"Polygon","coordinates":[[[23.694982500000037,38.014659100000074],[23.695193700000061,38.01492010000004],[23.695083000000068,38.014972400000033],[23.695057100000042,38.014919100000043],[23.694969000000071,38.014730900000075],[23.694738400000062,38.014798600000063],[23.694828100000052,38.014990500000067],[23.694870300000048,38.015081000000066],[23.694653000000073,38.015200800000059],[23.694641300000058,38.015175700000043],[23.694473500000072,38.014814900000033],[23.694326900000078,38.014861000000053],[23.694487800000047,38.015225200000032],[23.69450960000006,38.015274600000055],[23.694355100000053,38.015353800000071],[23.694342300000073,38.01532780000008],[23.694167700000037,38.014970800000071],[23.694023600000037,38.015013600000032],[23.693995600000051,38.014955300000054],[23.694982500000037,38.014659100000074]]]},"properties":{"fid":624,"leisure":"garden","name":null,"shapearea_m":2329.0438383042697}},{"type":"Feature","id":625,"geometry":{"type":"Polygon","coordinates":[[[23.694355100000053,38.015353800000071],[23.694208900000035,38.015425600000071],[23.694187300000067,38.015375400000039],[23.694342300000073,38.01532780000008],[23.694355100000053,38.015353800000071]]]},"properties":{"fid":625,"leisure":"garden","name":null,"shapearea_m":65.936096804605029}},{"type":"Feature","id":626,"geometry":{"type":"Polygon","coordinates":[[[23.694653000000073,38.015200800000059],[23.69450960000006,38.015274600000055],[23.694487800000047,38.015225200000032],[23.694641300000058,38.015175700000043],[23.694653000000073,38.015200800000059]]]},"properties":{"fid":626,"leisure":"garden","name":null,"shapearea_m":63.964391709371853}},{"type":"Feature","id":627,"geometry":{"type":"Polygon","coordinates":[[[23.694828100000052,38.014990500000067],[23.695057100000042,38.014919100000043],[23.695083000000068,38.014972400000033],[23.694870300000048,38.015081000000066],[23.694828100000052,38.014990500000067]]]},"properties":{"fid":627,"leisure":"garden","name":null,"shapearea_m":184.6459393854436}},{"type":"Feature","id":628,"geometry":{"type":"Polygon","coordinates":[[[23.694865800000059,38.014303000000041],[23.694932800000061,38.01443560000007],[23.695168200000069,38.014370100000065],[23.695079900000053,38.01418110000003],[23.695225900000025,38.014139300000068],[23.695330500000068,38.014378000000079],[23.694914700000027,38.014502700000037],[23.694881200000054,38.01449000000008],[23.694782400000065,38.014353200000073],[23.694865800000059,38.014303000000041]]]},"properties":{"fid":628,"leisure":"garden","name":null,"shapearea_m":666.05958955126232}},{"type":"Feature","id":629,"geometry":{"type":"Polygon","coordinates":[[[23.697304600000052,38.01286870000007],[23.697397800000033,38.01305780000007],[23.697300100000064,38.013087700000028],[23.697245000000066,38.012974400000076],[23.696914900000024,38.013072100000045],[23.69696440000007,38.01317320000004],[23.696927900000048,38.013183600000048],[23.696854700000074,38.013029900000049],[23.697231200000033,38.012932600000056],[23.697241900000051,38.012887800000044],[23.697304600000052,38.01286870000007]]]},"properties":{"fid":629,"leisure":"garden","name":null,"shapearea_m":427.19841676139242}},{"type":"Feature","id":630,"geometry":{"type":"Polygon","coordinates":[[[23.697529300000042,38.013330800000062],[23.697431300000062,38.013361200000077],[23.697375400000055,38.013249400000063],[23.697039500000074,38.013353600000073],[23.69708810000003,38.013450700000078],[23.697057100000052,38.013460300000077],[23.69694080000005,38.01322760000005],[23.697405600000025,38.013083300000062],[23.697529300000042,38.013330800000062]]]},"properties":{"fid":630,"leisure":"garden","name":null,"shapearea_m":867.12801637521318}},{"type":"Feature","id":631,"geometry":{"type":"Polygon","coordinates":[[[23.697541300000069,38.013358200000027],[23.697668700000065,38.013623000000052],[23.697510600000044,38.013670200000035],[23.697499100000073,38.013646400000027],[23.697555100000045,38.013629700000024],[23.697505000000035,38.013525600000037],[23.697167900000068,38.013626200000033],[23.697217600000045,38.013729500000068],[23.697432700000036,38.013665200000048],[23.697443000000078,38.013686800000073],[23.697200100000032,38.013759300000061],[23.697074300000054,38.013497700000073],[23.697541300000069,38.013358200000027]]]},"properties":{"fid":631,"leisure":"garden","name":null,"shapearea_m":963.33191036281096}},{"type":"Feature","id":632,"geometry":{"type":"Polygon","coordinates":[[[23.697421000000077,38.014247000000069],[23.697411500000044,38.014230400000031],[23.697463000000027,38.014178000000072],[23.697401500000069,38.014053200000035],[23.697335900000041,38.014036600000054],[23.697698800000069,38.01392560000005],[23.697636000000045,38.013798100000031],[23.697295900000029,38.013902200000075],[23.697345200000029,38.014002300000072],[23.697315800000069,38.01401130000005],[23.697255900000073,38.013889800000072],[23.697715900000048,38.013749000000075],[23.697870000000023,38.01406170000007],[23.697865700000023,38.014091700000051],[23.697846000000027,38.014117000000056],[23.697421000000077,38.014247000000069]]]},"properties":{"fid":632,"leisure":"garden","name":null,"shapearea_m":1228.2933259164186}},{"type":"Feature","id":633,"geometry":{"type":"Polygon","coordinates":[[[23.696744700000067,38.014074300000061],[23.69715240000005,38.013952800000027],[23.697176800000022,38.01400360000008],[23.696893200000034,38.014088100000038],[23.696990500000027,38.014290800000026],[23.697016900000051,38.014282900000069],[23.697045700000047,38.014259700000025],[23.697255000000041,38.014200500000072],[23.697273800000062,38.014203100000032],[23.697291800000073,38.014241200000072],[23.697291800000073,38.014273900000035],[23.697250900000029,38.014302500000042],[23.696903200000065,38.014404400000046],[23.696744700000067,38.014074300000061]]]},"properties":{"fid":633,"leisure":"garden","name":null,"shapearea_m":885.60790462438081}},{"type":"Feature","id":634,"geometry":{"type":"Polygon","coordinates":[[[23.696939200000031,38.013536900000076],[23.69707260000007,38.013814300000035],[23.696882500000072,38.013871000000051],[23.696749100000034,38.013593700000058],[23.696939200000031,38.013536900000076]]]},"properties":{"fid":634,"leisure":"garden","name":null,"shapearea_m":587.7105041387963}},{"type":"Feature","id":635,"geometry":{"type":"Polygon","coordinates":[[[23.696466400000077,38.013667500000054],[23.696506400000032,38.013655800000038],[23.696653900000058,38.013968000000034],[23.696613900000045,38.01397970000005],[23.696466400000077,38.013667500000054]]]},"properties":{"fid":635,"leisure":"garden","name":null,"shapearea_m":138.54550241344671}},{"type":"Feature","id":636,"geometry":{"type":"Polygon","coordinates":[[[23.696344300000078,38.013703400000054],[23.696490500000039,38.014017200000069],[23.696341000000075,38.014060400000062],[23.696194800000058,38.013746600000047],[23.696344300000078,38.013703400000054]]]},"properties":{"fid":636,"leisure":"garden","name":null,"shapearea_m":518.83731527570365}},{"type":"Feature","id":637,"geometry":{"type":"Polygon","coordinates":[[[23.695889200000067,38.013827100000071],[23.69594550000005,38.013810700000079],[23.696095700000058,38.014130400000056],[23.696039400000075,38.014146800000049],[23.695889200000067,38.013827100000071]]]},"properties":{"fid":637,"leisure":"garden","name":null,"shapearea_m":199.45235983030435}},{"type":"Feature","id":638,"geometry":{"type":"Polygon","coordinates":[[[23.695763800000066,38.013868900000034],[23.695913700000062,38.014183700000046],[23.695782800000075,38.014222300000029],[23.695633000000043,38.013907500000073],[23.695763800000066,38.013868900000034]]]},"properties":{"fid":638,"leisure":"garden","name":null,"shapearea_m":457.88511354614673}},{"type":"Feature","id":639,"geometry":{"type":"Polygon","coordinates":[[[23.69529760000006,38.014018300000032],[23.695400500000062,38.01398800000004],[23.695545300000049,38.014293900000041],[23.69544250000007,38.014324200000033],[23.69529760000006,38.014018300000032]]]},"properties":{"fid":639,"leisure":"garden","name":null,"shapearea_m":349.44616287400925}},{"type":"Feature","id":640,"geometry":{"type":"Polygon","coordinates":[[[23.700037700000053,38.006911700000046],[23.700048500000037,38.006897000000038],[23.700055900000052,38.006871100000069],[23.700058500000068,38.006843600000025],[23.70006520000004,38.006821400000035],[23.70007460000005,38.006811900000059],[23.700181300000054,38.006924400000059],[23.700129700000048,38.006956700000046],[23.700081300000022,38.006929700000057],[23.700037700000053,38.006911700000046]]]},"properties":{"fid":640,"leisure":"garden","name":null,"shapearea_m":96.525188233069471}},{"type":"Feature","id":641,"geometry":{"type":"Polygon","coordinates":[[[23.707395100000042,37.955226800000048],[23.707249000000047,37.955365400000062],[23.707191500000079,37.955327600000032],[23.70710280000003,37.955269500000043],[23.707249000000047,37.955131000000051],[23.707371700000067,37.955211400000053],[23.707395100000042,37.955226800000048]]]},"properties":{"fid":641,"leisure":"garden","name":null,"shapearea_m":334.16149540360834}},{"type":"Feature","id":642,"geometry":{"type":"Polygon","coordinates":[[[23.672990000000027,37.981335700000045],[23.672987200000023,37.98136930000004],[23.672978600000079,37.981386600000064],[23.67296250000004,37.981402100000025],[23.67293630000006,37.981415600000048],[23.672920200000078,37.981430300000056],[23.67288990000003,37.981438400000059],[23.672827700000028,37.981372000000079],[23.672826300000054,37.981335100000024],[23.672990000000027,37.981335700000045]]]},"properties":{"fid":642,"leisure":"garden","name":null,"shapearea_m":117.62297785359273}},{"type":"Feature","id":643,"geometry":{"type":"Polygon","coordinates":[[[23.632551100000057,37.937302400000078],[23.632588000000055,37.937306900000067],[23.632586600000025,37.937311600000044],[23.632568900000024,37.937309500000026],[23.632565500000055,37.93732360000007],[23.632583400000044,37.937325800000053],[23.63258200000007,37.937330900000063],[23.632561400000043,37.937335100000041],[23.632458400000075,37.937739400000055],[23.632467600000041,37.937752500000045],[23.632461700000079,37.937773500000048],[23.632448900000043,37.937772600000073],[23.63243360000007,37.937770300000068],[23.632542600000079,37.937336400000049],[23.632551100000057,37.937302400000078]]]},"properties":{"fid":643,"leisure":"garden","name":null,"shapearea_m":86.991913903062084}},{"type":"Feature","id":644,"geometry":{"type":"Polygon","coordinates":[[[23.632423900000049,37.937846600000057],[23.632402500000069,37.937932400000079],[23.632394700000077,37.937931200000037],[23.63241540000007,37.937849500000027],[23.632423900000049,37.937846600000057]]]},"properties":{"fid":644,"leisure":"garden","name":null,"shapearea_m":6.4853228100915379}},{"type":"Feature","id":645,"geometry":{"type":"Polygon","coordinates":[[[23.63230580000004,37.938331900000037],[23.632305500000029,37.938332700000046],[23.632298800000058,37.938332000000059],[23.632300100000066,37.938327000000072],[23.632302000000038,37.93832720000006],[23.632308700000067,37.938297300000045],[23.632310400000051,37.938297500000033],[23.632303700000023,37.938324900000055],[23.632306800000038,37.93832720000006],[23.632306600000049,37.938328100000035],[23.632303000000036,37.938327700000059],[23.632302000000038,37.938331500000061],[23.63230580000004,37.938331900000037]]]},"properties":{"fid":645,"leisure":"garden","name":null,"shapearea_m":0.66675492099701594}},{"type":"Feature","id":646,"geometry":{"type":"Polygon","coordinates":[[[23.696866600000078,37.94963400000006],[23.697223100000031,37.949306100000058],[23.697306600000047,37.949365500000056],[23.697141000000045,37.949507200000028],[23.696942400000069,37.949687300000051],[23.696866600000078,37.94963400000006]]]},"properties":{"fid":646,"leisure":"garden","name":null,"shapearea_m":442.30897877002343}},{"type":"Feature","id":647,"geometry":{"type":"Polygon","coordinates":[[[23.697269100000028,37.949869400000068],[23.697777100000053,37.950416400000051],[23.697696900000039,37.95045790000006],[23.697206000000051,37.94992330000008],[23.697269100000028,37.949869400000068]]]},"properties":{"fid":647,"leisure":"garden","name":null,"shapearea_m":610.42848458779758}},{"type":"Feature","id":648,"geometry":{"type":"Polygon","coordinates":[[[23.652526900000055,37.93858490000008],[23.652578000000062,37.938556600000027],[23.652582500000051,37.938561700000037],[23.652531500000066,37.938590000000033],[23.652526900000055,37.93858490000008]]]},"properties":{"fid":648,"leisure":"garden","name":null,"shapearea_m":3.7966897066071099}},{"type":"Feature","id":649,"geometry":{"type":"Polygon","coordinates":[[[23.652512100000024,37.938570800000036],[23.652563100000066,37.93854250000004],[23.652567600000054,37.938547600000049],[23.65251660000007,37.938575900000046],[23.652512100000024,37.938570800000036]]]},"properties":{"fid":649,"leisure":"garden","name":null,"shapearea_m":3.780396051498089}},{"type":"Feature","id":650,"geometry":{"type":"Polygon","coordinates":[[[23.65261380000004,37.939272800000026],[23.652655700000025,37.93925100000007],[23.652706900000055,37.939312000000029],[23.652664900000048,37.939333900000065],[23.65261380000004,37.939272800000026]]]},"properties":{"fid":650,"leisure":"garden","name":null,"shapearea_m":35.892920308766136}},{"type":"Feature","id":651,"geometry":{"type":"Polygon","coordinates":[[[23.652581500000053,37.939418300000057],[23.65246460000003,37.939287900000068],[23.652488000000062,37.939274700000055],[23.652593400000057,37.939392300000065],[23.652639600000043,37.939369000000056],[23.65263120000003,37.939358700000071],[23.652659700000072,37.939344000000062],[23.652668900000037,37.939354900000069],[23.652741000000049,37.939317800000026],[23.652733700000056,37.939308900000071],[23.652746700000023,37.939302300000065],[23.65267300000005,37.939216300000055],[23.652698400000077,37.939204300000029],[23.652792200000079,37.939306500000043],[23.652581500000053,37.939418300000057]]]},"properties":{"fid":651,"leisure":"garden","name":null,"shapearea_m":117.27679778033554}},{"type":"Feature","id":652,"geometry":{"type":"Polygon","coordinates":[[[23.652525000000026,37.939279500000055],[23.652566900000068,37.939257700000041],[23.652618000000075,37.939318800000081],[23.652576100000033,37.939340600000037],[23.652525000000026,37.939279500000055]]]},"properties":{"fid":652,"leisure":"garden","name":null,"shapearea_m":35.847986016290577}},{"type":"Feature","id":653,"geometry":{"type":"Polygon","coordinates":[[[23.652341900000067,37.939146100000073],[23.652353500000061,37.939139800000078],[23.652451500000041,37.939251100000035],[23.652440600000034,37.939257700000041],[23.652341900000067,37.939146100000073]]]},"properties":{"fid":653,"leisure":"garden","name":null,"shapearea_m":18.422943189966535}},{"type":"Feature","id":654,"geometry":{"type":"Polygon","coordinates":[[[23.652545200000077,37.939202600000044],[23.652612700000077,37.939166800000066],[23.652624900000035,37.939180100000044],[23.652638100000047,37.93917330000005],[23.652642600000036,37.939178500000025],[23.65256160000007,37.939221700000076],[23.652545200000077,37.939202600000044]]]},"properties":{"fid":654,"leisure":"garden","name":null,"shapearea_m":19.319225840066231}},{"type":"Feature","id":655,"geometry":{"type":"Polygon","coordinates":[[[23.652643000000069,37.939206100000035],[23.652682700000071,37.939186200000051],[23.652698300000054,37.939204200000063],[23.65267300000005,37.939216100000067],[23.65265850000003,37.939223500000026],[23.652643000000069,37.939206100000035]]]},"properties":{"fid":655,"leisure":"garden","name":null,"shapearea_m":9.7669876189118536}},{"type":"Feature","id":656,"geometry":{"type":"Polygon","coordinates":[[[23.159900300000061,37.378661400000055],[23.159920300000067,37.378641400000049],[23.159939700000052,37.378655400000071],[23.16000850000006,37.378697000000045],[23.160004800000024,37.378702400000066],[23.15998090000005,37.378689200000053],[23.159970400000077,37.378700300000048],[23.159900300000061,37.378661400000055]]]},"properties":{"fid":656,"leisure":"garden","name":null,"shapearea_m":20.754989193327596}},{"type":"Feature","id":657,"geometry":{"type":"Polygon","coordinates":[[[23.160027100000036,37.378694900000028],[23.160032400000034,37.378685400000052],[23.160097500000063,37.378721100000064],[23.160074000000066,37.378758400000038],[23.160068600000045,37.378755800000079],[23.160087500000031,37.378729000000078],[23.160066000000029,37.378718700000036],[23.160046900000054,37.378710700000056],[23.160050800000079,37.378704900000059],[23.160027100000036,37.378694900000028]]]},"properties":{"fid":657,"leisure":"garden","name":null,"shapearea_m":10.247392507242651}},{"type":"Feature","id":658,"geometry":{"type":"Polygon","coordinates":[[[23.160029300000076,37.378619000000072],[23.16000740000004,37.378595800000028],[23.160058900000024,37.378581600000075],[23.160029300000076,37.378619000000072]]]},"properties":{"fid":658,"leisure":"garden","name":null,"shapearea_m":7.400714713689224}},{"type":"Feature","id":659,"geometry":{"type":"Polygon","coordinates":[[[23.159958900000049,37.37892190000008],[23.159909500000026,37.378898900000024],[23.159924600000068,37.378876300000059],[23.159906500000034,37.378868700000055],[23.15991420000006,37.378856900000073],[23.159979400000054,37.378887600000041],[23.159958900000049,37.37892190000008]]]},"properties":{"fid":659,"leisure":"garden","name":null,"shapearea_m":23.555560409914001}},{"type":"Feature","id":660,"geometry":{"type":"Polygon","coordinates":[[[23.159659100000056,37.378879700000027],[23.159674600000073,37.378867000000071],[23.159753400000056,37.378921400000024],[23.159789800000055,37.378941800000064],[23.159746700000028,37.378989500000046],[23.159758400000044,37.378995100000054],[23.159747100000061,37.379009100000076],[23.159734000000071,37.37900280000008],[23.159699000000046,37.379049000000066],[23.15971200000007,37.379055200000039],[23.159766000000047,37.379081400000075],[23.159722000000045,37.379130700000076],[23.159665200000063,37.379099800000063],[23.159607300000062,37.379068200000063],[23.159591100000057,37.379087000000027],[23.159567200000026,37.379071100000033],[23.159548700000073,37.379089100000044],[23.159525100000053,37.379073900000037],[23.159560300000066,37.379043100000047],[23.159537200000045,37.379026600000032],[23.159587300000055,37.37898830000006],[23.159674800000062,37.379044700000065],[23.159725800000047,37.378990200000032],[23.159707200000071,37.378979900000047],[23.159741500000052,37.378933500000073],[23.159712800000023,37.378919500000052],[23.15972110000007,37.378908400000057],[23.159659100000056,37.378879700000027]]]},"properties":{"fid":660,"leisure":"garden","name":null,"shapearea_m":196.11891066161888}},{"type":"Feature","id":661,"geometry":{"type":"Polygon","coordinates":[[[23.15955740000004,37.379474000000073],[23.159613900000068,37.379477700000052],[23.159613900000068,37.379507900000078],[23.159675100000072,37.379508600000065],[23.159676000000047,37.379477700000052],[23.159703800000045,37.379476200000056],[23.159711200000061,37.379546900000037],[23.159669200000053,37.379554600000063],[23.159669500000064,37.379607900000053],[23.159608400000025,37.379607100000044],[23.159608800000058,37.379598900000076],[23.15961150000004,37.379534400000068],[23.159551200000067,37.37952770000004],[23.15955740000004,37.379474000000073]]]},"properties":{"fid":661,"leisure":"garden","name":null,"shapearea_m":115.42261438568656}},{"type":"Feature","id":662,"geometry":{"type":"Polygon","coordinates":[[[23.652994300000046,37.938401100000078],[23.653049100000032,37.938396300000079],[23.653097500000058,37.938415500000076],[23.653079800000057,37.938429800000051],[23.652965300000062,37.938434100000052],[23.652994300000046,37.938401100000078]]]},"properties":{"fid":662,"leisure":"garden","name":null,"shapearea_m":32.534787448652082}},{"type":"Feature","id":663,"geometry":{"type":"Polygon","coordinates":[[[23.652829900000029,37.938638800000035],[23.652886900000055,37.938636600000052],[23.652917800000068,37.938617100000045],[23.65293500000007,37.938636300000042],[23.652888400000052,37.938661400000058],[23.652914700000053,37.938691200000051],[23.652885400000059,37.938703900000064],[23.652829900000029,37.938638800000035]]]},"properties":{"fid":663,"leisure":"garden","name":null,"shapearea_m":35.613976618826953}},{"type":"Feature","id":664,"geometry":{"type":"Polygon","coordinates":[[[23.652828900000031,37.938597400000049],[23.652848400000039,37.938586200000032],[23.65287660000007,37.938616900000056],[23.652856900000074,37.938628100000074],[23.652828900000031,37.938597400000049]]]},"properties":{"fid":664,"leisure":"garden","name":null,"shapearea_m":8.9418090845681863}},{"type":"Feature","id":665,"geometry":{"type":"Polygon","coordinates":[[[23.652788400000077,37.938550000000077],[23.652807900000028,37.93853880000006],[23.652836100000059,37.938569500000028],[23.65281630000004,37.938580700000045],[23.652788400000077,37.938550000000077]]]},"properties":{"fid":665,"leisure":"garden","name":null,"shapearea_m":8.9513279196439086}},{"type":"Feature","id":666,"geometry":{"type":"Polygon","coordinates":[[[23.652856900000074,37.938429000000042],[23.652891200000056,37.938464500000066],[23.652869400000043,37.938478100000054],[23.652851100000078,37.93845790000006],[23.652759100000026,37.938507100000038],[23.652741300000059,37.938488800000073],[23.652855600000066,37.938429500000041],[23.652856900000074,37.938429000000042]]]},"properties":{"fid":666,"leisure":"garden","name":null,"shapearea_m":36.392686722385307}},{"type":"Feature","id":667,"geometry":{"type":"Polygon","coordinates":[[[23.642010800000037,37.946845100000075],[23.64202030000007,37.946833800000036],[23.642036900000051,37.946830300000045],[23.642052300000046,37.946836400000052],[23.642058600000041,37.946849000000043],[23.642054900000062,37.946859300000028],[23.642044800000065,37.946866500000056],[23.642031300000042,37.94686820000004],[23.64201920000005,37.946864100000028],[23.642011600000046,37.946855500000026],[23.642010800000037,37.946845100000075]]]},"properties":{"fid":667,"leisure":"garden","name":null,"shapearea_m":13.176504150586798}},{"type":"Feature","id":668,"geometry":{"type":"Polygon","coordinates":[[[23.642019400000038,37.948492100000067],[23.642022700000041,37.948375400000032],[23.642053900000064,37.948376000000053],[23.642050600000061,37.948492600000066],[23.642019400000038,37.948492100000067]]]},"properties":{"fid":668,"leisure":"garden","name":null,"shapearea_m":35.523857023371605}},{"type":"Feature","id":669,"geometry":{"type":"Polygon","coordinates":[[[23.70765700000004,38.017545000000041],[23.707652500000052,38.017520800000057],[23.707872500000065,38.017491200000052],[23.707893900000045,38.017472800000064],[23.708099100000027,38.017445800000075],[23.708103100000073,38.01746380000003],[23.708184900000049,38.017453400000079],[23.708173600000066,38.017472800000064],[23.70765700000004,38.017545000000041]]]},"properties":{"fid":669,"leisure":"garden","name":null,"shapearea_m":149.25265535515138}},{"type":"Feature","id":670,"geometry":{"type":"Polygon","coordinates":[[[23.707640200000071,38.017464300000029],[23.708141300000023,38.017395900000054],[23.708144700000048,38.017414100000053],[23.707881200000031,38.017450000000053],[23.707859100000064,38.017471900000032],[23.707699600000069,38.017490500000065],[23.707696700000042,38.017474900000025],[23.707643300000029,38.017481100000055],[23.707640200000071,38.017464300000029]]]},"properties":{"fid":670,"leisure":"garden","name":null,"shapearea_m":119.63101275639343}},{"type":"Feature","id":671,"geometry":{"type":"Polygon","coordinates":[[[23.707122300000037,38.017628200000047],[23.707114100000069,38.017601700000057],[23.707170400000052,38.017594300000042],[23.707166400000062,38.017584700000043],[23.70722870000003,38.01757740000005],[23.707254900000066,38.017590000000041],[23.707411100000058,38.01757310000005],[23.707417400000054,38.017586700000038],[23.707122300000037,38.017628200000047]]]},"properties":{"fid":671,"leisure":"garden","name":null,"shapearea_m":68.304061865838307}},{"type":"Feature","id":672,"geometry":{"type":"Polygon","coordinates":[[[23.707104400000048,38.017552900000055],[23.707379600000024,38.017515500000059],[23.707403000000056,38.017530500000078],[23.707362900000078,38.017536700000051],[23.707366200000024,38.017554600000039],[23.707267000000058,38.017567800000052],[23.707242200000053,38.017554100000041],[23.707107400000041,38.017567800000052],[23.707104400000048,38.017552900000055]]]},"properties":{"fid":672,"leisure":"garden","name":null,"shapearea_m":70.434127208192891}},{"type":"Feature","id":673,"geometry":{"type":"Polygon","coordinates":[[[23.708460600000024,38.017406700000038],[23.708756300000061,38.017371900000057],[23.708759900000075,38.017392200000074],[23.708657100000039,38.017403300000069],[23.708644900000024,38.01742130000008],[23.708551000000057,38.017432300000053],[23.70853070000004,38.017418300000031],[23.708464200000037,38.017426000000057],[23.708460600000024,38.017406700000038]]]},"properties":{"fid":673,"leisure":"garden","name":null,"shapearea_m":75.141291923112774}},{"type":"Feature","id":674,"geometry":{"type":"Polygon","coordinates":[[[23.708822700000042,38.017369200000076],[23.709141900000077,38.017330800000025],[23.709170300000039,38.017337000000055],[23.709171900000058,38.017345200000079],[23.709127000000024,38.017350600000043],[23.70912560000005,38.017342900000074],[23.70910850000007,38.017344900000069],[23.709109900000044,38.017351900000051],[23.708825900000022,38.017386100000067],[23.708822700000042,38.017369200000076]]]},"properties":{"fid":674,"leisure":"garden","name":null,"shapearea_m":56.093460795736782}},{"type":"Feature","id":675,"geometry":{"type":"Polygon","coordinates":[[[23.755754900000056,37.98725920000004],[23.755718500000057,37.987148200000036],[23.755721700000038,37.987147600000071],[23.755759600000033,37.987258100000076],[23.755754900000056,37.98725920000004]]]},"properties":{"fid":675,"leisure":"garden","name":null,"shapearea_m":4.5734991587234957}},{"type":"Feature","id":676,"geometry":{"type":"Polygon","coordinates":[[[23.755971800000054,37.987335300000041],[23.755976900000064,37.987334000000033],[23.755980000000022,37.987343700000054],[23.755791700000032,37.987380700000074],[23.755760000000066,37.987271000000078],[23.755765900000029,37.98727000000008],[23.755796200000077,37.987375200000031],[23.75597410000006,37.987341300000026],[23.755971800000054,37.987335300000041]]]},"properties":{"fid":676,"leisure":"garden","name":null,"shapearea_m":14.131174005402391}},{"type":"Feature","id":677,"geometry":{"type":"Polygon","coordinates":[[[23.706815900000038,37.999315400000057],[23.706792200000052,37.999332700000025],[23.706608800000026,37.99919820000008],[23.706639700000039,37.999168100000077],[23.706710600000065,37.999220200000025],[23.706700400000045,37.999229000000071],[23.706815900000038,37.999315400000057]]]},"properties":{"fid":677,"leisure":"garden","name":null,"shapearea_m":75.95366505850501}},{"type":"Feature","id":678,"geometry":{"type":"Polygon","coordinates":[[[23.707022900000027,38.017583200000047],[23.707069800000056,38.017578400000048],[23.707077200000072,38.01761330000005],[23.707044300000064,38.017618600000048],[23.707017500000063,38.017610600000069],[23.707022900000027,38.017583200000047]]]},"properties":{"fid":678,"leisure":"garden","name":null,"shapearea_m":18.167680426331572}},{"type":"Feature","id":679,"geometry":{"type":"Polygon","coordinates":[[[23.706054100000074,38.017749300000048],[23.70605130000007,38.017734800000028],[23.706070700000055,38.017733200000066],[23.706067400000052,38.017723200000034],[23.706170000000043,38.017712500000073],[23.706152000000031,38.017737900000043],[23.706054100000074,38.017749300000048]]]},"properties":{"fid":679,"leisure":"garden","name":null,"shapearea_m":23.79996855706748}},{"type":"Feature","id":680,"geometry":{"type":"Polygon","coordinates":[[[23.705641800000024,38.017797700000074],[23.705638200000067,38.017781300000024],[23.705769600000053,38.017764900000032],[23.705780400000037,38.017750100000058],[23.705964100000074,38.017726300000049],[23.705966100000069,38.017733200000066],[23.706001000000072,38.01772950000003],[23.706002300000023,38.017735300000027],[23.706023100000039,38.017733200000066],[23.706028400000037,38.017752400000063],[23.705641800000024,38.017797700000074]]]},"properties":{"fid":680,"leisure":"garden","name":null,"shapearea_m":97.057134144363062}},{"type":"Feature","id":681,"geometry":{"type":"Polygon","coordinates":[[[23.705570800000032,38.017739300000073],[23.70557720000005,38.017768600000068],[23.705559700000038,38.017770200000029],[23.705522900000062,38.017760700000053],[23.705517500000042,38.017756400000053],[23.705515400000024,38.017746600000066],[23.705570800000032,38.017739300000073]]]},"properties":{"fid":681,"leisure":"garden","name":null,"shapearea_m":12.891763284706018}},{"type":"Feature","id":682,"geometry":{"type":"Polygon","coordinates":[[[23.705949600000054,38.017689700000062],[23.705952700000068,38.017706200000077],[23.705775700000061,38.017729000000031],[23.70575290000005,38.01774800000004],[23.705628800000056,38.017762800000071],[23.705624100000023,38.017751200000077],[23.705604000000051,38.017753300000038],[23.705600000000061,38.017735500000072],[23.705949600000054,38.017689700000062]]]},"properties":{"fid":682,"leisure":"garden","name":null,"shapearea_m":77.635603552486401}},{"type":"Feature","id":683,"geometry":{"type":"Polygon","coordinates":[[[23.705984200000046,38.017685200000074],[23.706148900000073,38.017663600000049],[23.706151800000043,38.017694100000028],[23.70606470000007,38.017707300000041],[23.706045200000062,38.017692500000067],[23.705987600000071,38.017698900000028],[23.705984200000046,38.017685200000074]]]},"properties":{"fid":683,"leisure":"garden","name":null,"shapearea_m":39.591084306400255}},{"type":"Feature","id":684,"geometry":{"type":"Polygon","coordinates":[[[23.706505200000038,38.017654500000049],[23.706406700000059,38.017666100000042],[23.706410700000049,38.017687800000033],[23.706381800000031,38.017692000000068],[23.706378500000028,38.017675100000076],[23.706370400000026,38.017676100000074],[23.706366200000048,38.017651700000044],[23.706771200000048,38.01760610000008],[23.706766100000038,38.017631200000039],[23.706680900000038,38.017641300000037],[23.706682900000033,38.017657600000064],[23.706618500000047,38.017665000000079],[23.706597800000054,38.017654500000049],[23.706508600000063,38.01766450000008],[23.706505200000038,38.017654500000049]]]},"properties":{"fid":684,"leisure":"garden","name":null,"shapearea_m":111.70573052514061}},{"type":"Feature","id":685,"geometry":{"type":"Polygon","coordinates":[[[23.706467000000032,38.01773970000005],[23.706462000000045,38.017712300000028],[23.706516100000044,38.017706100000055],[23.706514600000048,38.017697500000054],[23.706570200000044,38.017691200000058],[23.706568700000048,38.017683000000034],[23.70668930000005,38.01766930000008],[23.70669010000006,38.017673400000035],[23.706743000000074,38.01766740000005],[23.706749600000023,38.017703500000039],[23.706467000000032,38.01773970000005]]]},"properties":{"fid":685,"leisure":"garden","name":null,"shapearea_m":103.26741797128317}},{"type":"Feature","id":686,"geometry":{"type":"Polygon","coordinates":[[[23.706390900000031,38.017749300000048],[23.706201500000077,38.017773300000044],[23.706191400000023,38.017772800000046],[23.706192700000031,38.01776540000003],[23.706215600000064,38.017735900000048],[23.706326200000035,38.017721600000073],[23.70632820000003,38.017730000000029],[23.706385900000043,38.017724200000032],[23.706390900000031,38.017749300000048]]]},"properties":{"fid":686,"leisure":"garden","name":null,"shapearea_m":59.645769836756962}},{"type":"Feature","id":687,"geometry":{"type":"Polygon","coordinates":[[[23.706264500000032,38.017715200000055],[23.70625780000006,38.01768270000008],[23.706265200000075,38.017673500000058],[23.706273500000066,38.01766310000005],[23.706287300000042,38.017660300000045],[23.706314300000031,38.017657400000076],[23.706323500000053,38.017707300000041],[23.706264500000032,38.017715200000055]]]},"properties":{"fid":687,"leisure":"garden","name":null,"shapearea_m":28.108303497329203}},{"type":"Feature","id":688,"geometry":{"type":"Polygon","coordinates":[[[23.704597800000045,38.017879900000025],[23.704939500000023,38.017836300000056],[23.704944400000045,38.017868000000078],[23.704651100000035,38.017905900000073],[23.704597800000045,38.017879900000025]]]},"properties":{"fid":688,"leisure":"garden","name":null,"shapearea_m":100.83702325620258}},{"type":"Feature","id":689,"geometry":{"type":"Polygon","coordinates":[[[23.704653800000074,38.01793390000006],[23.704651600000034,38.017922600000077],[23.704864100000066,38.017896200000052],[23.704866400000071,38.017907500000035],[23.704653800000074,38.01793390000006]]]},"properties":{"fid":689,"leisure":"garden","name":null,"shapearea_m":23.988850548998563}},{"type":"Feature","id":690,"geometry":{"type":"Polygon","coordinates":[[[23.70364660000007,38.018046800000036],[23.703643300000067,38.018029600000034],[23.703828400000077,38.018007900000043],[23.703831500000035,38.018024600000047],[23.70364660000007,38.018046800000036]]]},"properties":{"fid":690,"leisure":"garden","name":null,"shapearea_m":31.247940205803555}},{"type":"Feature","id":691,"geometry":{"type":"Polygon","coordinates":[[[23.703818900000044,38.017962600000033],[23.703821000000062,38.017975700000079],[23.703766700000074,38.017982500000073],[23.703769400000056,38.017992000000049],[23.703597700000046,38.018012600000077],[23.703601100000071,38.018029600000034],[23.703532700000039,38.018037500000048],[23.703523300000029,38.01801480000006],[23.703526100000033,38.018002600000045],[23.703541400000063,38.017995700000029],[23.703818900000044,38.017962600000033]]]},"properties":{"fid":691,"leisure":"garden","name":null,"shapearea_m":74.101154351230633}},{"type":"Feature","id":692,"geometry":{"type":"Polygon","coordinates":[[[23.703991300000041,38.017961900000046],[23.703976000000068,38.017985000000067],[23.703848900000025,38.017999000000032],[23.703845100000024,38.01797780000004],[23.703991300000041,38.017961900000046]]]},"properties":{"fid":692,"leisure":"garden","name":null,"shapearea_m":28.663562212910101}},{"type":"Feature","id":693,"geometry":{"type":"Polygon","coordinates":[[[23.702483200000074,38.018012800000065],[23.702701000000047,38.018006700000058],[23.702701400000024,38.018015600000069],[23.702802000000077,38.018012800000065],[23.702801400000055,38.017999800000041],[23.702903400000025,38.017997000000037],[23.702903700000036,38.018003700000065],[23.702966700000047,38.018001900000058],[23.702967800000067,38.018024600000047],[23.702940400000045,38.018025400000056],[23.702940800000079,38.018034500000056],[23.702802200000065,38.01803840000008],[23.702802700000063,38.018049700000063],[23.702747000000045,38.018051200000059],[23.702746600000069,38.018040800000051],[23.702702600000066,38.018042000000037],[23.702703100000065,38.018053900000041],[23.702518700000041,38.018059000000051],[23.702520100000072,38.018089900000064],[23.702473200000043,38.018091200000072],[23.702428300000065,38.018022700000074],[23.702483900000061,38.018020600000057],[23.702483200000074,38.018012800000065]]]},"properties":{"fid":693,"leisure":"garden","name":null,"shapearea_m":220.91342547186068}},{"type":"Feature","id":694,"geometry":{"type":"Polygon","coordinates":[[[23.702552400000059,38.018111000000033],[23.702551500000027,38.018086200000027],[23.702591400000074,38.018085400000075],[23.702591100000063,38.018077000000062],[23.702938700000061,38.018069300000036],[23.702939100000037,38.018081400000028],[23.702972400000078,38.018080700000041],[23.702973200000031,38.01810160000008],[23.702552400000059,38.018111000000033]]]},"properties":{"fid":694,"leisure":"garden","name":null,"shapearea_m":128.57645302736316}},{"type":"Feature","id":695,"geometry":{"type":"Polygon","coordinates":[[[23.702998200000025,38.018101000000058],[23.702997000000039,38.018080900000029],[23.703034900000034,38.018079600000078],[23.703034000000059,38.018065100000058],[23.703342900000052,38.018054200000051],[23.703320200000064,38.01808740000007],[23.703130400000077,38.018098100000032],[23.702998200000025,38.018101000000058]]]},"properties":{"fid":695,"leisure":"garden","name":null,"shapearea_m":107.97929459407639}},{"type":"Feature","id":696,"geometry":{"type":"Polygon","coordinates":[[[23.702995600000065,38.018001000000027],[23.703149800000062,38.017997900000069],[23.703150000000051,38.018005800000026],[23.70322630000004,38.01800430000003],[23.703226000000029,38.017993900000079],[23.703386300000034,38.017990600000076],[23.703387200000066,38.018016600000067],[23.703318100000047,38.018018000000041],[23.703318700000068,38.018035500000053],[23.703204800000037,38.018037900000024],[23.703204600000049,38.018030600000031],[23.703150900000026,38.018031700000051],[23.703151200000036,38.018041700000026],[23.703083900000024,38.018043100000057],[23.703083400000025,38.018025800000032],[23.703023900000062,38.01802710000004],[23.703023600000051,38.018017400000076],[23.702996100000064,38.018017900000075],[23.702995600000065,38.018001000000027]]]},"properties":{"fid":696,"leisure":"garden","name":null,"shapearea_m":125.80446459915822}},{"type":"Feature","id":697,"geometry":{"type":"Polygon","coordinates":[[[23.702243100000032,38.018060000000048],[23.702259300000037,38.018078700000046],[23.702208300000052,38.018079200000045],[23.702209000000039,38.018097200000057],[23.702040700000055,38.018098800000075],[23.702012500000023,38.018078200000048],[23.701838900000041,38.018076600000029],[23.701838800000075,38.018065100000058],[23.702243100000032,38.018060000000048]]]},"properties":{"fid":697,"leisure":"garden","name":null,"shapearea_m":97.322075662597911}},{"type":"Feature","id":698,"geometry":{"type":"Polygon","coordinates":[[[23.701897900000063,38.01811790000005],[23.701897200000076,38.018096100000037],[23.701995800000077,38.018095600000038],[23.702024700000038,38.018116400000054],[23.701897900000063,38.01811790000005]]]},"properties":{"fid":698,"leisure":"garden","name":null,"shapearea_m":23.541365340432286}},{"type":"Feature","id":699,"geometry":{"type":"Polygon","coordinates":[[[23.70162700000003,38.018121000000065],[23.701651800000036,38.018098800000075],[23.701785900000061,38.018098800000075],[23.701785900000061,38.018106700000033],[23.701813400000049,38.018106200000034],[23.701814100000036,38.018118800000025],[23.70162700000003,38.018121000000065]]]},"properties":{"fid":699,"leisure":"garden","name":null,"shapearea_m":33.65120437652071}},{"type":"Feature","id":700,"geometry":{"type":"Polygon","coordinates":[[[23.701808000000028,38.018065500000034],[23.701808000000028,38.018076000000065],[23.701645100000064,38.018079700000044],[23.701615600000025,38.018103000000053],[23.701496200000065,38.018106200000034],[23.701495900000054,38.018098700000053],[23.701489800000047,38.018098900000041],[23.701489000000038,38.01807720000005],[23.701495100000045,38.018077000000062],[23.701494800000035,38.018069500000024],[23.701808000000028,38.018065500000034]]]},"properties":{"fid":700,"leisure":"garden","name":null,"shapearea_m":68.035583048259454}},{"type":"Feature","id":701,"geometry":{"type":"Polygon","coordinates":[[[23.701053700000045,38.018127500000048],[23.701064400000064,38.018112500000029],[23.701217200000031,38.018111400000066],[23.701228700000058,38.018125500000053],[23.701053700000045,38.018127500000048]]]},"properties":{"fid":701,"leisure":"garden","name":null,"shapearea_m":23.249495737147548}},{"type":"Feature","id":702,"geometry":{"type":"Polygon","coordinates":[[[23.701101200000039,38.018074500000068],[23.701464700000031,38.018069900000057],[23.701465400000075,38.018092400000057],[23.701447200000075,38.018091900000059],[23.701447200000075,38.018106700000033],[23.701245400000062,38.018110400000069],[23.701225300000033,38.018092900000056],[23.701081800000054,38.018092900000056],[23.701083100000062,38.018076000000065],[23.701101200000039,38.018074500000068]]]},"properties":{"fid":702,"leisure":"garden","name":null,"shapearea_m":109.00273549949678}},{"type":"Feature","id":703,"geometry":{"type":"Polygon","coordinates":[[[23.700764100000072,38.018133800000044],[23.700739600000077,38.018134500000031],[23.700738700000045,38.018116500000076],[23.70076320000004,38.018115800000032],[23.700764100000072,38.018133800000044]]]},"properties":{"fid":703,"leisure":"garden","name":null,"shapearea_m":4.3044456455131339}},{"type":"Feature","id":704,"geometry":{"type":"Polygon","coordinates":[[[23.70079620000007,38.018133300000045],[23.700795400000061,38.018097700000055],[23.700875000000053,38.018096700000058],[23.700874900000031,38.018089200000077],[23.700914100000034,38.018088700000078],[23.700914200000057,38.01809460000004],[23.70092180000006,38.018094500000075],[23.700922600000069,38.018131600000061],[23.70079620000007,38.018133300000045]]]},"properties":{"fid":704,"leisure":"garden","name":null,"shapearea_m":46.796270373859514}},{"type":"Feature","id":705,"geometry":{"type":"Polygon","coordinates":[[[23.700694500000054,38.018083200000035],[23.700693900000033,38.018065300000046],[23.700920000000053,38.01806090000008],[23.700920500000052,38.01807720000005],[23.700877700000035,38.01807800000006],[23.700877500000047,38.018070600000044],[23.70072760000005,38.018073500000071],[23.700727900000061,38.018082600000071],[23.700694500000054,38.018083200000035]]]},"properties":{"fid":705,"leisure":"garden","name":null,"shapearea_m":25.585120438559215}},{"type":"Feature","id":706,"geometry":{"type":"Polygon","coordinates":[[[23.700012900000047,38.018069100000048],[23.700186600000052,38.018068500000027],[23.700186600000052,38.018095600000038],[23.70011960000005,38.018094500000075],[23.700043100000073,38.018085600000063],[23.700012900000047,38.018085000000042],[23.700012900000047,38.018069100000048]]]},"properties":{"fid":706,"leisure":"garden","name":null,"shapearea_m":37.843383817797033}},{"type":"Feature","id":707,"geometry":{"type":"Polygon","coordinates":[[[23.699834600000031,38.018068600000049],[23.700000900000077,38.01806920000007],[23.700000700000032,38.018086600000061],[23.699834400000043,38.018086000000039],[23.699834600000031,38.018068600000049]]]},"properties":{"fid":707,"leisure":"garden","name":null,"shapearea_m":28.204502652761899}},{"type":"Feature","id":708,"geometry":{"type":"Polygon","coordinates":[[[23.699756100000059,38.018072300000028],[23.699819800000057,38.01807290000005],[23.699819600000069,38.018087600000058],[23.699755900000071,38.018087100000059],[23.699756100000059,38.018072300000028]]]},"properties":{"fid":708,"leisure":"garden","name":null,"shapearea_m":9.1588557587531785}},{"type":"Feature","id":709,"geometry":{"type":"Polygon","coordinates":[[[23.700208700000076,38.018080800000064],[23.700287200000048,38.018080800000064],[23.700287200000048,38.018096600000035],[23.700208700000076,38.018096600000035],[23.700208700000076,38.018080800000064]]]},"properties":{"fid":709,"leisure":"garden","name":null,"shapearea_m":12.088867472834695}},{"type":"Feature","id":710,"geometry":{"type":"Polygon","coordinates":[[[23.639886900000079,37.94593210000005],[23.639879700000051,37.945995400000072],[23.639889400000072,37.946010300000069],[23.639901000000066,37.946013500000049],[23.639905000000056,37.946020400000066],[23.63988530000006,37.94602720000006],[23.639872600000047,37.946004900000048],[23.639867400000071,37.945986600000026],[23.639863100000071,37.945960100000036],[23.639864500000044,37.945940600000029],[23.639864400000079,37.945929100000058],[23.639886900000079,37.94593210000005]]]},"properties":{"fid":710,"leisure":"garden","name":null,"shapearea_m":16.253846188780081}},{"type":"Feature","id":711,"geometry":{"type":"Polygon","coordinates":[[[23.640168900000049,37.946109500000034],[23.639993000000061,37.946109700000079],[23.639922200000058,37.946061200000031],[23.639942800000028,37.946042000000034],[23.639954200000034,37.946050500000069],[23.639954900000077,37.946069600000044],[23.640000600000064,37.946096400000044],[23.640168900000049,37.946096600000033],[23.640168900000049,37.946109500000034]]]},"properties":{"fid":711,"leisure":"garden","name":null,"shapearea_m":35.728971100367417}},{"type":"Feature","id":712,"geometry":{"type":"Polygon","coordinates":[[[23.640188900000055,37.945764300000064],[23.640188900000055,37.94575130000004],[23.640300300000035,37.945749900000067],[23.640300600000046,37.945763300000067],[23.640188900000055,37.945764300000064]]]},"properties":{"fid":712,"leisure":"garden","name":null,"shapearea_m":14.367340972755402}},{"type":"Feature","id":713,"geometry":{"type":"Polygon","coordinates":[[[23.639946900000041,37.945781200000056],[23.63994450000007,37.945766700000036],[23.640006600000049,37.945756700000061],[23.640052000000026,37.945753600000046],[23.640161900000066,37.945751100000052],[23.640162200000077,37.94576440000003],[23.640053300000034,37.945765900000026],[23.640010400000051,37.945769800000051],[23.639946900000041,37.945781200000056]]]},"properties":{"fid":713,"leisure":"garden","name":null,"shapearea_m":28.01350313556317}},{"type":"Feature","id":714,"geometry":{"type":"Polygon","coordinates":[[[23.639818800000057,37.945904400000074],[23.639793600000075,37.945902500000045],[23.639804000000026,37.945862400000067],[23.639813400000037,37.945841200000075],[23.639835000000062,37.945818100000054],[23.639859100000024,37.94580140000005],[23.639897000000076,37.945781300000078],[23.639908100000071,37.945797500000026],[23.639876700000059,37.94581670000008],[23.639859700000045,37.945827300000076],[23.63983920000004,37.945846700000061],[23.639828000000023,37.945866100000046],[23.639818800000057,37.945904400000074]]]},"properties":{"fid":714,"leisure":"garden","name":null,"shapearea_m":35.161624225151861}},{"type":"Feature","id":715,"geometry":{"type":"Polygon","coordinates":[[[23.639798900000073,37.94600360000004],[23.639788500000066,37.945976200000075],[23.639786400000048,37.945952100000056],[23.639788400000043,37.945921700000042],[23.639816600000074,37.945924600000069],[23.639814200000046,37.94595030000005],[23.639814300000069,37.945972400000073],[23.639824500000032,37.945998200000076],[23.639798900000073,37.94600360000004]]]},"properties":{"fid":715,"leisure":"garden","name":null,"shapearea_m":20.875924206861818}},{"type":"Feature","id":716,"geometry":{"type":"Polygon","coordinates":[[[23.639860100000078,37.946081200000037],[23.639810400000044,37.946027600000036],[23.639827600000046,37.946017700000027],[23.639877300000023,37.946071300000028],[23.639860100000078,37.946081200000037]]]},"properties":{"fid":716,"leisure":"garden","name":null,"shapearea_m":13.7946968067985}},{"type":"Feature","id":717,"geometry":{"type":"Polygon","coordinates":[[[23.639920600000039,37.946148400000027],[23.639870900000062,37.946094800000026],[23.639888100000064,37.946084900000074],[23.639937800000041,37.946138500000075],[23.639920600000039,37.946148400000027]]]},"properties":{"fid":717,"leisure":"garden","name":null,"shapearea_m":13.794684383753467}},{"type":"Feature","id":718,"geometry":{"type":"Polygon","coordinates":[[[23.640068600000063,37.946313000000032],[23.639998900000023,37.946244600000057],[23.639932700000031,37.946169700000041],[23.639953900000023,37.946157400000061],[23.640017700000044,37.946231700000055],[23.640089800000055,37.946300600000029],[23.640068600000063,37.946313000000032]]]},"properties":{"fid":718,"leisure":"garden","name":null,"shapearea_m":44.691652247003269}},{"type":"Feature","id":719,"geometry":{"type":"Polygon","coordinates":[[[23.649501300000054,37.940237600000046],[23.649496000000056,37.940231400000073],[23.649554600000045,37.940198800000076],[23.649559900000042,37.940205000000049],[23.649501300000054,37.940237600000046]]]},"properties":{"fid":719,"leisure":"garden","name":null,"shapearea_m":5.2306757681256748}},{"type":"Feature","id":720,"geometry":{"type":"Polygon","coordinates":[[[23.649575200000072,37.940196300000025],[23.649569900000074,37.940190100000052],[23.649632300000064,37.940157400000032],[23.649637600000062,37.940163600000062],[23.649575200000072,37.940196300000025]]]},"properties":{"fid":720,"leisure":"garden","name":null,"shapearea_m":5.4657226108183279}},{"type":"Feature","id":721,"geometry":{"type":"Polygon","coordinates":[[[23.649875500000064,37.945831500000054],[23.649846700000069,37.945796900000062],[23.650002700000073,37.945722800000055],[23.650008600000035,37.945727200000078],[23.649946700000044,37.945829400000036],[23.649875500000064,37.945831500000054]]]},"properties":{"fid":721,"leisure":"garden","name":null,"shapearea_m":77.460818507261607}},{"type":"Feature","id":722,"geometry":{"type":"Polygon","coordinates":[[[23.648830400000065,37.943018400000028],[23.64893230000007,37.943132300000059],[23.648791700000061,37.943210600000043],[23.64877720000004,37.943194400000039],[23.648895000000039,37.943128800000068],[23.648807600000055,37.943031100000042],[23.648830400000065,37.943018400000028]]]},"properties":{"fid":722,"leisure":"garden","name":null,"shapearea_m":65.864394275441256}},{"type":"Feature","id":723,"geometry":{"type":"Polygon","coordinates":[[[23.648748500000067,37.943235800000025],[23.648601800000051,37.943313600000067],[23.648505800000066,37.943201000000045],[23.648526600000025,37.94318990000005],[23.648607100000049,37.943284300000073],[23.648732900000027,37.943217600000025],[23.648748500000067,37.943235800000025]]]},"properties":{"fid":723,"leisure":"garden","name":null,"shapearea_m":65.772025775498761}},{"type":"Feature","id":724,"geometry":{"type":"Polygon","coordinates":[[[23.648576400000024,37.942975100000069],[23.648721900000055,37.942896000000076],[23.648819600000024,37.943007700000067],[23.648798900000031,37.943019000000049],[23.648717000000033,37.94292530000007],[23.648592200000053,37.942993200000046],[23.648576400000024,37.942975100000069]]]},"properties":{"fid":724,"leisure":"garden","name":null,"shapearea_m":65.77014507486912}},{"type":"Feature","id":725,"geometry":{"type":"Polygon","coordinates":[[[23.648493600000052,37.94319100000007],[23.648391500000059,37.943077200000062],[23.648531900000023,37.942998800000055],[23.648546400000043,37.943015000000059],[23.648428800000033,37.943080700000053],[23.648516400000062,37.943178300000056],[23.648493600000052,37.94319100000007]]]},"properties":{"fid":725,"leisure":"garden","name":null,"shapearea_m":65.850126000810022}},{"type":"Feature","id":726,"geometry":{"type":"Polygon","coordinates":[[[23.539211700000067,38.039086000000054],[23.538814800000068,38.038525800000059],[23.539434300000039,38.038303800000051],[23.53980480000007,38.038831000000073],[23.539211700000067,38.039086000000054]]]},"properties":{"fid":726,"leisure":"garden","name":null,"shapearea_m":4103.775574277598}},{"type":"Feature","id":727,"geometry":{"type":"Polygon","coordinates":[[[23.543056000000036,38.043445700000063],[23.543113900000037,38.043333300000029],[23.543111500000066,38.043053800000052],[23.543178100000034,38.042874500000039],[23.543227100000024,38.042888300000072],[23.543256600000063,38.042802800000061],[23.543303600000058,38.042842900000039],[23.543331700000067,38.042830200000026],[23.543417600000055,38.042932700000051],[23.543520800000067,38.042882000000077],[23.543723400000033,38.043146500000034],[23.543382200000053,38.04362720000006],[23.543056000000036,38.043445700000063]]]},"properties":{"fid":727,"leisure":"garden","name":null,"shapearea_m":3190.2743197211576}},{"type":"Feature","id":728,"geometry":{"type":"Polygon","coordinates":[[[23.749049400000047,38.013873700000033],[23.748986700000046,38.013879200000076],[23.748943200000042,38.013882500000079],[23.74891800000006,38.013880400000062],[23.748906200000079,38.013875400000074],[23.748891700000058,38.013863900000047],[23.748876200000041,38.013849100000073],[23.74887190000004,38.013834800000041],[23.748873500000059,38.013817000000074],[23.74888210000006,38.013807300000053],[23.749016700000027,38.013744300000042],[23.749011300000063,38.01377350000007],[23.749009200000046,38.013800500000059],[23.749012400000026,38.013809000000037],[23.749019400000066,38.013814100000047],[23.749034400000028,38.013820000000067],[23.749050000000068,38.013839800000028],[23.749028500000065,38.013861000000077],[23.749049400000047,38.013873700000033]]]},"properties":{"fid":728,"leisure":"garden","name":null,"shapearea_m":146.87312586104758}},{"type":"Feature","id":729,"geometry":{"type":"Polygon","coordinates":[[[23.720542600000044,37.979526100000044],[23.720560300000045,37.979501000000027],[23.720623400000022,37.979422200000045],[23.720729300000073,37.979467300000067],[23.720795800000076,37.97949600000004],[23.720750900000041,37.979557200000045],[23.720718900000065,37.979601500000058],[23.72069700000003,37.979592100000048],[23.720623200000034,37.97956060000007],[23.720542600000044,37.979526100000044]]]},"properties":{"fid":729,"leisure":"garden","name":null,"shapearea_m":236.34934375122145}},{"type":"Feature","id":730,"geometry":{"type":"Polygon","coordinates":[[[23.778028000000063,38.040167200000042],[23.778000800000029,38.040110500000026],[23.77802360000004,38.040071400000045],[23.778070600000035,38.040055600000073],[23.778121500000054,38.040064000000029],[23.778179200000068,38.040105200000028],[23.778623100000061,38.040495000000078],[23.778633800000023,38.040530900000078],[23.77859490000003,38.040567800000076],[23.778558700000076,38.040567800000076],[23.778528600000072,38.040564200000063],[23.778028000000063,38.040167200000042]]]},"properties":{"fid":730,"leisure":"garden","name":null,"shapearea_m":917.09303533781656}},{"type":"Feature","id":731,"geometry":{"type":"Polygon","coordinates":[[[23.779053000000033,38.040671300000042],[23.779008800000042,38.040603000000033],[23.778605300000038,38.040267100000051],[23.778238300000055,38.039942900000028],[23.778236800000059,38.039895600000079],[23.778263000000038,38.039871300000073],[23.778309200000024,38.039867700000059],[23.778349300000059,38.039891900000043],[23.778866900000025,38.040337200000067],[23.779051700000025,38.040486500000043],[23.779390700000079,38.040442800000051],[23.779502800000046,38.040631900000051],[23.779600400000049,38.040737600000057],[23.779695400000037,38.040829400000064],[23.779800200000068,38.04089010000007],[23.779885000000036,38.040937600000063],[23.779928200000029,38.04095140000004],[23.779817200000025,38.041297100000065],[23.779787100000078,38.04129510000007],[23.779749700000025,38.041302800000039],[23.779402900000036,38.04083920000005],[23.779247200000043,38.040927300000078],[23.779358500000058,38.041065100000026],[23.779521000000045,38.041285300000027],[23.779455600000063,38.041311400000041],[23.779161300000055,38.040987500000028],[23.779048700000033,38.040895600000056],[23.779068800000061,38.040819500000055],[23.779075500000033,38.04075830000005],[23.779068800000061,38.040710700000034],[23.779053000000033,38.040671300000042]]]},"properties":{"fid":731,"leisure":"garden","name":null,"shapearea_m":4825.285104518628}},{"type":"Feature","id":732,"geometry":{"type":"Polygon","coordinates":[[[23.778390800000068,38.041411200000027],[23.778611500000068,38.041418600000043],[23.77861850000005,38.041436100000055],[23.778615000000059,38.041463600000043],[23.778589300000078,38.041490300000078],[23.778556600000059,38.041495800000064],[23.778508700000032,38.041493100000025],[23.77846900000003,38.041475600000069],[23.778409500000066,38.04142870000004],[23.778390800000068,38.041411200000027]]]},"properties":{"fid":732,"leisure":"garden","name":null,"shapearea_m":127.2892465532919}},{"type":"Feature","id":733,"geometry":{"type":"Polygon","coordinates":[[[23.778822800000057,38.041364300000055],[23.778810000000078,38.041196100000036],[23.778894000000037,38.041264100000035],[23.77892090000006,38.041308300000026],[23.778918500000032,38.041337700000042],[23.778896300000042,38.041368000000034],[23.77886600000005,38.041374500000074],[23.778842600000075,38.04137170000007],[23.778822800000057,38.041364300000055]]]},"properties":{"fid":733,"leisure":"garden","name":null,"shapearea_m":121.14980467792928}},{"type":"Feature","id":734,"geometry":{"type":"Polygon","coordinates":[[[23.778076800000065,38.041176800000073],[23.778075600000022,38.041163900000072],[23.778076800000065,38.041156500000056],[23.778095400000041,38.04114270000008],[23.778130500000032,38.041130800000076],[23.778180700000064,38.041125300000033],[23.778234400000031,38.041128000000072],[23.778285700000026,38.041143700000077],[23.778310300000044,38.041163900000072],[23.778302100000076,38.041174000000069],[23.778076800000065,38.041176800000073]]]},"properties":{"fid":734,"leisure":"garden","name":null,"shapearea_m":91.112519600248618}},{"type":"Feature","id":735,"geometry":{"type":"Polygon","coordinates":[[[23.778458500000056,38.041080200000067],[23.778452700000059,38.041090300000064],[23.778441000000043,38.041091300000062],[23.778421200000025,38.041079300000035],[23.778401300000041,38.04105080000005],[23.778385000000071,38.041005700000028],[23.778394300000059,38.04094230000004],[23.778417700000034,38.040903700000058],[23.778441000000043,38.040890800000057],[23.778455000000065,38.040904600000033],[23.778458500000056,38.041080200000067]]]},"properties":{"fid":735,"leisure":"garden","name":null,"shapearea_m":106.17935382766603}},{"type":"Feature","id":736,"geometry":{"type":"Polygon","coordinates":[[[23.777767400000073,38.041007600000057],[23.777768500000036,38.040842100000077],[23.777777900000046,38.040832900000055],[23.777800100000036,38.040847600000063],[23.777876000000049,38.040911000000051],[23.777891100000033,38.040959800000053],[23.77787950000004,38.041002100000071],[23.777850300000068,38.041029700000024],[23.777811700000029,38.041034300000035],[23.777781400000038,38.041027800000052],[23.777767400000073,38.041007600000057]]]},"properties":{"fid":736,"leisure":"garden","name":null,"shapearea_m":175.00066304797201}},{"type":"Feature","id":737,"geometry":{"type":"Polygon","coordinates":[[[23.777963500000055,38.040863200000047],[23.77796120000005,38.040708800000061],[23.777968200000032,38.04069400000003],[23.777995000000033,38.040697700000067],[23.778074400000037,38.040771300000074],[23.77809080000003,38.040820000000053],[23.778077900000028,38.040857700000061],[23.778033600000072,38.040886200000045],[23.777999700000066,38.040889900000025],[23.777976400000057,38.040886200000045],[23.777963500000055,38.040863200000047]]]},"properties":{"fid":737,"leisure":"garden","name":null,"shapearea_m":179.38160291234078}},{"type":"Feature","id":738,"geometry":{"type":"Polygon","coordinates":[[[23.77815970000006,38.04072160000004],[23.778158500000075,38.040564400000051],[23.778167800000062,38.040549700000042],[23.778197000000034,38.040569900000037],[23.778270600000042,38.040633400000047],[23.778283400000078,38.040682100000026],[23.778278700000044,38.040714300000047],[23.778244900000061,38.040738200000078],[23.778216900000075,38.040748300000075],[23.778190000000052,38.040747400000043],[23.778169000000048,38.040740000000028],[23.77815970000006,38.04072160000004]]]},"properties":{"fid":738,"leisure":"garden","name":null,"shapearea_m":172.61420241126496}},{"type":"Feature","id":739,"geometry":{"type":"Polygon","coordinates":[[[23.777162600000054,38.04035680000004],[23.777162600000054,38.040532400000075],[23.777152000000058,38.040535900000066],[23.777122800000029,38.040517800000032],[23.777092700000026,38.04048430000006],[23.777087400000028,38.040444600000058],[23.777101500000072,38.040388200000052],[23.777121000000022,38.040354000000036],[23.777139600000055,38.040342900000041],[23.777156400000024,38.040345000000059],[23.777162600000054,38.04035680000004]]]},"properties":{"fid":739,"leisure":"garden","name":null,"shapearea_m":107.63396778855135}},{"type":"Feature","id":740,"geometry":{"type":"Polygon","coordinates":[[[23.777365200000077,38.040217400000074],[23.777357300000062,38.040379800000039],[23.777351100000033,38.040391700000043],[23.777336000000048,38.04039030000007],[23.777296200000023,38.040335200000072],[23.777290900000025,38.040293400000053],[23.777297100000055,38.040244600000051],[23.777321900000061,38.040210500000057],[23.777345800000035,38.04019930000004],[23.777361700000029,38.040204200000062],[23.777365200000077,38.040217400000074]]]},"properties":{"fid":740,"leisure":"garden","name":null,"shapearea_m":103.32502280515304}},{"type":"Feature","id":741,"geometry":{"type":"Polygon","coordinates":[[[23.777563400000076,38.040078100000073],[23.777551900000049,38.040244600000051],[23.777539500000046,38.040250900000046],[23.77752090000007,38.040242500000033],[23.777497100000062,38.040206300000079],[23.777482900000052,38.040152600000056],[23.777483800000027,38.040101800000059],[23.777505000000076,38.040073200000052],[23.777530700000057,38.040058600000066],[23.777549300000032,38.040059300000053],[23.777562500000045,38.040066200000069],[23.777563400000076,38.040078100000073]]]},"properties":{"fid":741,"leisure":"garden","name":null,"shapearea_m":114.51295686457745}},{"type":"Feature","id":742,"geometry":{"type":"Polygon","coordinates":[[[23.729368200000067,37.969618300000036],[23.729379700000038,37.96947670000003],[23.729600900000037,37.969495600000073],[23.729592000000025,37.96962110000004],[23.729368200000067,37.969618300000036]]]},"properties":{"fid":742,"leisure":"garden","name":null,"shapearea_m":290.89070088421931}},{"type":"Feature","id":743,"geometry":{"type":"Polygon","coordinates":[[[23.729672300000061,37.969505600000048],[23.729978200000062,37.969528000000025],[23.729980300000022,37.969623400000046],[23.729659100000049,37.969625000000065],[23.729672300000061,37.969505600000048]]]},"properties":{"fid":743,"leisure":"garden","name":null,"shapearea_m":329.00021665155219}},{"type":"Feature","id":744,"geometry":{"type":"Polygon","coordinates":[[[23.729100800000026,37.969526400000063],[23.729099700000063,37.96946070000007],[23.72928980000006,37.969473600000072],[23.729287800000066,37.969529600000044],[23.729100800000026,37.969526400000063]]]},"properties":{"fid":744,"leisure":"garden","name":null,"shapearea_m":111.93502273982028}},{"type":"Feature","id":745,"geometry":{"type":"Polygon","coordinates":[[[23.779809300000068,38.038388800000064],[23.779814600000066,38.03838490000004],[23.779847400000051,38.038408100000026],[23.779865100000052,38.038428300000078],[23.779867900000056,38.038450400000045],[23.779864800000041,38.038493500000072],[23.77986130000005,38.038525800000059],[23.779804400000046,38.038514700000064],[23.779683100000057,38.038860600000078],[23.779623400000048,38.038838700000042],[23.779584700000044,38.038806700000066],[23.779531900000052,38.038763500000073],[23.779464000000075,38.038733600000057],[23.779358600000023,38.03872030000008],[23.779809300000068,38.038388800000064]]]},"properties":{"fid":745,"leisure":"garden","name":null,"shapearea_m":916.91849033451376}},{"type":"Feature","id":746,"geometry":{"type":"Polygon","coordinates":[[[23.779877700000043,38.038862900000026],[23.779996100000062,38.038546300000064],[23.779933800000038,38.038529900000071],[23.779959900000051,38.038504500000045],[23.779990800000064,38.038495000000069],[23.780029600000034,38.03849770000005],[23.78006380000005,38.038511400000061],[23.780082600000071,38.038528800000051],[23.780084000000045,38.038561600000037],[23.780024900000058,38.038549900000078],[23.779915000000074,38.038868900000068],[23.779970000000048,38.038881600000025],[23.779955200000074,38.038902200000052],[23.779919000000064,38.038921200000061],[23.779890800000032,38.038920700000062],[23.779860000000042,38.038914900000066],[23.77983450000005,38.038899600000036],[23.779823800000031,38.038876300000027],[23.779828500000065,38.038854100000037],[23.779877700000043,38.038862900000026]]]},"properties":{"fid":746,"leisure":"garden","name":null,"shapearea_m":229.4307107491563}},{"type":"Feature","id":747,"geometry":{"type":"Polygon","coordinates":[[[23.642391800000041,37.945201100000077],[23.64245980000004,37.945163100000059],[23.642480700000078,37.945189700000071],[23.642414200000076,37.945226600000069],[23.642391800000041,37.945201100000077]]]},"properties":{"fid":747,"leisure":"garden","name":null,"shapearea_m":25.00191166382151}},{"type":"Feature","id":748,"geometry":{"type":"Polygon","coordinates":[[[23.643475300000034,37.944520000000068],[23.643495100000052,37.944463700000028],[23.643492200000026,37.94445520000005],[23.643542700000069,37.944266900000059],[23.643552500000055,37.944268400000055],[23.643559800000048,37.944271100000037],[23.643564300000037,37.94427410000003],[23.643567200000064,37.94427840000003],[23.643540900000062,37.944383800000026],[23.643528200000048,37.944381700000065],[23.643511400000023,37.944445100000053],[23.643523600000037,37.944456900000034],[23.643504800000073,37.944515000000024],[23.643485500000054,37.944522000000063],[23.643475300000034,37.944520000000068]]]},"properties":{"fid":748,"leisure":"garden","name":null,"shapearea_m":60.583716984342075}},{"type":"Feature","id":749,"geometry":{"type":"Polygon","coordinates":[[[23.786987300000078,38.060943800000075],[23.787111100000061,38.061210900000049],[23.786875100000032,38.06126590000008],[23.786879200000044,38.061047700000074],[23.786987300000078,38.060943800000075]]]},"properties":{"fid":749,"leisure":"garden","name":null,"shapearea_m":452.99040095163122}},{"type":"Feature","id":750,"geometry":{"type":"Polygon","coordinates":[[[23.643553700000041,37.944225800000027],[23.643600500000048,37.944048400000042],[23.643608200000074,37.944049800000073],[23.643614800000023,37.944052300000067],[23.64361880000007,37.94405480000006],[23.643622100000073,37.944059800000048],[23.643609600000048,37.944114500000069],[23.64359950000005,37.944116000000065],[23.643588600000044,37.944158000000073],[23.64359950000005,37.944160700000054],[23.643583300000046,37.944220200000075],[23.643563400000062,37.944227200000057],[23.643553700000041,37.944225800000027]]]},"properties":{"fid":750,"leisure":"garden","name":null,"shapearea_m":41.066454867272213}},{"type":"Feature","id":751,"geometry":{"type":"Polygon","coordinates":[[[23.643605500000035,37.944028800000069],[23.643637100000035,37.943909200000064],[23.643645500000048,37.94391070000006],[23.643652800000041,37.94391360000003],[23.643655900000056,37.943916300000069],[23.643649400000072,37.943946200000028],[23.643639300000075,37.943947700000024],[23.643632000000025,37.943977100000041],[23.64364130000007,37.943978600000037],[23.643630200000075,37.944023800000025],[23.64361660000003,37.944029900000032],[23.643605500000035,37.944028800000069]]]},"properties":{"fid":751,"leisure":"garden","name":null,"shapearea_m":22.381992152715807}}]}