{"type":"FeatureCollection","features":[{"type":"Feature","id":1,"geometry":{"type":"Polygon","coordinates":[[[23.748756100000037,38.002210500000047],[23.74864320000006,38.002085700000066],[23.748766200000034,38.002014100000054],[23.748884100000055,38.002140800000063],[23.748756100000037,38.002210500000047]]]},"properties":{"fid":1,"leisure":"playground","name":null,"shapearea_m":233.33438880039085}},{"type":"Feature","id":2,"geometry":{"type":"Polygon","coordinates":[[[23.77978360000003,37.970342000000073],[23.779384700000037,37.970709400000032],[23.778941900000063,37.970420000000047],[23.778988600000048,37.970377300000052],[23.779069100000072,37.970323500000063],[23.779188500000032,37.970267500000034],[23.779337200000043,37.970230300000026],[23.779473100000075,37.970238300000062],[23.779604800000072,37.970264100000065],[23.779731800000036,37.970313900000065],[23.77978360000003,37.970342000000073]]]},"properties":{"fid":2,"leisure":"playground","name":null,"shapearea_m":2165.3262601829606}},{"type":"Feature","id":3,"geometry":{"type":"Polygon","coordinates":[[[23.686794400000053,37.947791000000052],[23.686626800000056,37.947841600000061],[23.686536500000045,37.947647300000028],[23.686699700000077,37.947594500000037],[23.686710500000061,37.947617600000058],[23.686898100000064,37.947561800000074],[23.686970600000052,37.947716700000058],[23.686781300000064,37.947768300000064],[23.686794400000053,37.947791000000052]]]},"properties":{"fid":3,"leisure":"playground","name":null,"shapearea_m":678.3099576943614}},{"type":"Feature","id":4,"geometry":{"type":"Polygon","coordinates":[[[23.694405700000061,37.932611800000075],[23.69464970000007,37.932514500000025],[23.694708900000023,37.932525300000066],[23.694723000000067,37.932556500000032],[23.694703700000048,37.932574600000066],[23.694715500000029,37.932596300000057],[23.694746300000077,37.932599900000071],[23.694757700000025,37.932621600000061],[23.694782500000031,37.932624600000054],[23.694801700000028,37.932606500000077],[23.694795400000032,37.932594300000062],[23.694904500000064,37.932476400000041],[23.694968900000049,37.932635000000062],[23.694917800000042,37.932685900000024],[23.694894800000043,37.932683900000029],[23.694869700000027,37.93270700000005],[23.694800500000042,37.932698800000026],[23.694789200000059,37.93267730000008],[23.694763900000055,37.932674200000065],[23.694744600000035,37.932692200000076],[23.694403000000023,37.932652000000076],[23.694405700000061,37.932611800000075]]]},"properties":{"fid":4,"leisure":"playground","name":null,"shapearea_m":650.51325248494982}},{"type":"Feature","id":5,"geometry":{"type":"Polygon","coordinates":[[[23.90647910000007,37.748886800000037],[23.906472200000053,37.748848900000041],[23.906470200000058,37.74883820000008],[23.906517400000041,37.748832800000059],[23.906516600000032,37.748824500000069],[23.906516100000033,37.748819200000071],[23.906516600000032,37.748814400000072],[23.90651820000005,37.748810300000059],[23.906520700000044,37.748806300000069],[23.906525900000076,37.748800800000026],[23.906530600000053,37.748796600000048],[23.906538800000078,37.74879240000007],[23.906546000000048,37.748790400000075],[23.906553100000053,37.748789700000032],[23.906561800000077,37.748790300000053],[23.906569400000024,37.748791500000038],[23.906582700000058,37.748795600000051],[23.906602600000042,37.748802300000079],[23.906613400000026,37.748803800000076],[23.906617600000061,37.748803500000065],[23.906621100000052,37.748801700000058],[23.906624800000031,37.748797600000046],[23.90663980000005,37.748782000000062],[23.906650300000024,37.74877390000006],[23.906658400000026,37.748769300000049],[23.906666100000052,37.748765800000058],[23.90667250000007,37.74876450000005],[23.906683900000075,37.748763200000042],[23.906697700000052,37.748762200000044],[23.906713800000034,37.748762400000032],[23.906725100000074,37.748763200000042],[23.906734700000072,37.74876450000005],[23.906741500000066,37.748766100000068],[23.906748800000059,37.748769300000049],[23.906754100000057,37.74877250000003],[23.906760400000053,37.74877680000003],[23.906766700000048,37.748784000000057],[23.90676940000003,37.748790900000074],[23.906770400000028,37.748795700000073],[23.906770100000074,37.748802600000033],[23.906769800000063,37.748810000000049],[23.906776500000035,37.748812400000077],[23.906780200000071,37.748815400000069],[23.906785500000069,37.748818800000038],[23.906790600000079,37.748823100000038],[23.906792600000074,37.748829400000034],[23.906792900000028,37.748834500000044],[23.906792600000074,37.748840600000051],[23.906789900000035,37.748846400000048],[23.906786900000043,37.748852500000055],[23.906811900000037,37.74887700000005],[23.906818300000054,37.748885900000062],[23.906822000000034,37.74889440000004],[23.906824000000029,37.748902600000065],[23.906824800000038,37.748910100000046],[23.906824300000039,37.748920100000078],[23.906821700000023,37.748930500000029],[23.906819000000041,37.748936900000047],[23.906815300000062,37.748942500000055],[23.906810900000039,37.748947200000032],[23.906803900000057,37.748952000000031],[23.906795800000054,37.748955700000067],[23.906785400000047,37.748959200000058],[23.906766600000026,37.748963400000036],[23.906750100000068,37.748965600000076],[23.906738000000075,37.748965800000065],[23.906728600000065,37.748965000000055],[23.906716500000073,37.748962100000028],[23.906704800000057,37.748957300000029],[23.90669470000006,37.74895360000005],[23.906672300000025,37.748965200000043],[23.906659500000046,37.748967900000025],[23.906633000000056,37.748969800000054],[23.906624300000033,37.748969900000077],[23.906614800000057,37.748968800000057],[23.906609700000047,37.748967400000026],[23.906601800000033,37.748964500000056],[23.906585500000062,37.748957200000063],[23.906576100000052,37.748951400000067],[23.906570200000033,37.748947000000044],[23.906566700000042,37.748942700000043],[23.906563700000049,37.748938300000077],[23.906562000000065,37.748933800000032],[23.906560600000034,37.748929600000054],[23.906560500000069,37.748926400000073],[23.906561800000077,37.748899000000051],[23.906561000000067,37.748895200000049],[23.906558000000075,37.74889120000006],[23.906549700000028,37.748886300000038],[23.906541700000048,37.748883800000044],[23.906534300000033,37.748882600000059],[23.906527900000071,37.748882200000025],[23.906521100000077,37.748882000000037],[23.90647910000007,37.748886800000037]]]},"properties":{"fid":5,"leisure":"playground","name":null,"shapearea_m":487.92359765104248}},{"type":"Feature","id":6,"geometry":{"type":"Polygon","coordinates":[[[23.910211000000061,37.745901500000059],[23.91021180000007,37.745910200000026],[23.910212900000033,37.745918700000061],[23.910230700000056,37.746115600000053],[23.909710700000062,37.74618410000005],[23.90970180000005,37.746127200000046],[23.909689300000025,37.745969400000035],[23.909695300000067,37.745937100000049],[23.909720400000026,37.74587020000007],[23.910204700000065,37.74584980000003],[23.910211000000061,37.745901500000059]]]},"properties":{"fid":6,"leisure":"playground","name":"Πλατεία Κανάρη","shapearea_m":1477.6939097968052}},{"type":"Feature","id":7,"geometry":{"type":"MultiPolygon","coordinates":[[[[23.814100900000028,38.022394200000065],[23.814040600000055,38.022293800000057],[23.814234000000056,38.022226500000045],[23.814292100000046,38.022326000000078],[23.814100900000028,38.022394200000065]]],[[[23.813721900000075,38.022307200000057],[23.813636600000052,38.022180800000058],[23.813808400000028,38.022110000000055],[23.813890300000025,38.022239100000036],[23.813721900000075,38.022307200000057]]]]},"properties":{"fid":7,"leisure":"playground","name":null,"shapearea_m":494.7891858847542}},{"type":"Feature","id":8,"geometry":{"type":"Polygon","coordinates":[[[23.737540600000045,37.969613800000047],[23.737860900000044,37.969806600000027],[23.737277500000062,37.970446200000026],[23.737217900000076,37.970274400000051],[23.737054600000079,37.969803400000046],[23.737540600000045,37.969613800000047]]]},"properties":{"fid":8,"leisure":"playground","name":null,"shapearea_m":3277.1253876870337}},{"type":"Feature","id":9,"geometry":{"type":"Polygon","coordinates":[[[23.795353300000045,38.007364800000062],[23.795322600000077,38.007437400000072],[23.79510410000006,38.007392500000037],[23.795092600000032,38.007310200000063],[23.795353300000045,38.007364800000062]]]},"properties":{"fid":9,"leisure":"playground","name":null,"shapearea_m":185.55194153272487}},{"type":"Feature","id":10,"geometry":{"type":"Polygon","coordinates":[[[23.728686500000038,37.939123500000051],[23.728988800000025,37.938930300000038],[23.729180000000042,37.93910900000003],[23.729086100000075,37.939165800000069],[23.728992900000037,37.93922340000006],[23.728877800000078,37.939292100000046],[23.728686500000038,37.939123500000051]]]},"properties":{"fid":10,"leisure":"playground","name":null,"shapearea_m":864.16993416874936}},{"type":"Feature","id":11,"geometry":{"type":"Polygon","coordinates":[[[23.732826800000055,38.005018800000073],[23.733201800000074,38.004961600000058],[23.733293300000071,38.005334100000027],[23.732918200000029,38.005391300000042],[23.732826800000055,38.005018800000073]]]},"properties":{"fid":11,"leisure":"playground","name":"Πλατεία Καλλιγά","shapearea_m":1412.9069467499103}},{"type":"Feature","id":12,"geometry":{"type":"Polygon","coordinates":[[[23.716616400000078,37.99972340000005],[23.716584200000057,37.999655700000062],[23.716627200000062,37.999571200000048],[23.716691500000024,37.999630400000058],[23.716616400000078,37.99972340000005]]]},"properties":{"fid":12,"leisure":"playground","name":null,"shapearea_m":78.274968930812392}},{"type":"Feature","id":13,"geometry":{"type":"Polygon","coordinates":[[[23.705944400000078,38.00169070000004],[23.706092600000034,38.001559900000075],[23.706627500000025,38.001945000000035],[23.706492700000069,38.002061000000026],[23.705944400000078,38.00169070000004]]]},"properties":{"fid":13,"leisure":"playground","name":null,"shapearea_m":1172.5729251551465}},{"type":"Feature","id":14,"geometry":{"type":"Polygon","coordinates":[[[23.72046030000007,38.019657400000028],[23.720465700000034,38.019534000000078],[23.721128400000055,38.019516900000042],[23.721143200000029,38.019621000000029],[23.720688900000027,38.019715900000051],[23.72046030000007,38.019657400000028]]]},"properties":{"fid":14,"leisure":"playground","name":"Πλατεία Λάμπρου Κατσώνη","shapearea_m":982.37299765540888}},{"type":"Feature","id":15,"geometry":{"type":"Polygon","coordinates":[[[23.719996300000048,37.974841600000047],[23.71999610000006,37.974774000000025],[23.720350500000052,37.97477310000005],[23.72035070000004,37.97484060000005],[23.719996300000048,37.974841600000047]]]},"properties":{"fid":15,"leisure":"playground","name":null,"shapearea_m":233.47124329700108}},{"type":"Feature","id":16,"geometry":{"type":"Polygon","coordinates":[[[23.648604400000067,37.943320200000073],[23.648388500000067,37.94307660000004],[23.648554500000046,37.942984900000056],[23.648723100000041,37.942891800000041],[23.648828500000036,37.943010300000026],[23.648936200000037,37.943132300000059],[23.648774200000048,37.943224500000042],[23.648604400000067,37.943320200000073]]]},"properties":{"fid":16,"leisure":"playground","name":null,"shapearea_m":1178.1044459526515}},{"type":"Feature","id":17,"geometry":{"type":"Polygon","coordinates":[[[23.791367200000025,37.980775600000072],[23.791756100000043,37.980534600000055],[23.792131600000062,37.980853800000034],[23.791732000000025,37.981113900000025],[23.791367200000025,37.980775600000072]]]},"properties":{"fid":17,"leisure":"playground","name":null,"shapearea_m":2168.2758250551256}},{"type":"Feature","id":18,"geometry":{"type":"Polygon","coordinates":[[[23.799008600000036,37.987057500000049],[23.799223200000029,37.986922200000038],[23.799763600000063,37.987383000000079],[23.799547800000028,37.987486600000068],[23.799008600000036,37.987057500000049]]]},"properties":{"fid":18,"leisure":"playground","name":null,"shapearea_m":1562.3880959823612}},{"type":"Feature","id":19,"geometry":{"type":"Polygon","coordinates":[[[23.706925000000069,37.963343900000041],[23.706880600000034,37.963280700000041],[23.706895000000031,37.963238900000079],[23.706953700000042,37.963210700000047],[23.707220100000029,37.963271700000064],[23.707287500000064,37.96331680000003],[23.707340500000043,37.963401500000032],[23.707297500000038,37.96342640000006],[23.706925000000069,37.963343900000041]]]},"properties":{"fid":19,"leisure":"playground","name":null,"shapearea_m":537.18932512108404}},{"type":"Feature","id":20,"geometry":{"type":"Polygon","coordinates":[[[23.737797200000045,38.032203800000048],[23.738131100000032,38.031971200000044],[23.738271800000064,38.032102500000065],[23.738221000000067,38.032129400000031],[23.738174700000059,38.032124100000033],[23.737978100000078,38.03226490000003],[23.737889100000075,38.032235100000037],[23.737818000000061,38.03222020000004],[23.737797200000045,38.032203800000048]]]},"properties":{"fid":20,"leisure":"playground","name":null,"shapearea_m":569.51055946981717}},{"type":"Feature","id":21,"geometry":{"type":"Polygon","coordinates":[[[23.726770100000067,38.023254500000064],[23.726657900000077,38.023061000000041],[23.726847400000054,38.023006600000031],[23.726869100000044,38.02299800000003],[23.726888700000075,38.023030400000039],[23.726958400000058,38.023186800000076],[23.726770100000067,38.023254500000064]]]},"properties":{"fid":21,"leisure":"playground","name":"Πλατεία Καραγιώργη Σερβίας","shapearea_m":438.03901992322733}},{"type":"Feature","id":22,"geometry":{"type":"Polygon","coordinates":[[[23.728244700000062,38.028625400000067],[23.728121300000055,38.029033300000037],[23.727945900000066,38.028631500000074],[23.728072900000029,38.028594200000043],[23.728195500000027,38.028616500000055],[23.728244700000062,38.028625400000067]]]},"properties":{"fid":22,"leisure":"playground","name":"Παιδική Χαρά Κορυτσάς","shapearea_m":640.71818741821232}},{"type":"Feature","id":23,"geometry":{"type":"Polygon","coordinates":[[[23.735117000000059,38.044524300000035],[23.735183400000039,38.044486400000039],[23.735431500000061,38.044601900000032],[23.73533720000006,38.044686200000058],[23.735195200000078,38.044724300000041],[23.735117000000059,38.044524300000035]]]},"properties":{"fid":23,"leisure":"playground","name":"Παιδική χαρά Ανδρούτσου","shapearea_m":400.84569430495088}},{"type":"Feature","id":24,"geometry":{"type":"Polygon","coordinates":[[[23.734394000000066,38.030404100000055],[23.734481100000039,38.030351200000041],[23.734521700000073,38.030326500000058],[23.734591100000046,38.030397300000061],[23.734643100000028,38.030365700000061],[23.734751600000038,38.03029980000008],[23.734925700000076,38.030476800000031],[23.735017200000073,38.030571000000066],[23.734974900000054,38.03059520000005],[23.734907500000077,38.030637900000045],[23.734868600000027,38.030661300000077],[23.734863000000075,38.03065330000004],[23.734834000000035,38.030625100000066],[23.734747200000072,38.03054000000003],[23.734614500000077,38.03062570000003],[23.734394000000066,38.030404100000055]]]},"properties":{"fid":24,"leisure":"playground","name":"Παιδική χαρά Οδού Θεμιστοκλέους","shapearea_m":1090.5259850239686}},{"type":"Feature","id":25,"geometry":{"type":"Polygon","coordinates":[[[23.779120300000045,37.827689600000042],[23.779361000000051,37.827563800000064],[23.779650700000047,37.827432500000043],[23.779843800000037,37.827358300000071],[23.779647300000079,37.827565700000036],[23.779558800000075,37.827747900000077],[23.779514600000027,37.827884500000039],[23.779120300000045,37.827689600000042]]]},"properties":{"fid":25,"leisure":"playground","name":"Πλατεία Αυτοκινητιστών","shapearea_m":1209.79169428555}},{"type":"Feature","id":26,"geometry":{"type":"Polygon","coordinates":[[[23.780513700000029,37.831613100000027],[23.780701500000077,37.83174740000004],[23.780676000000028,37.831853300000034],[23.780712200000039,37.831993100000034],[23.780751100000032,37.832103300000028],[23.780488200000036,37.831826000000035],[23.780513700000029,37.831613100000027]]]},"properties":{"fid":26,"leisure":"playground","name":null,"shapearea_m":524.91092435775215}},{"type":"Feature","id":27,"geometry":{"type":"Polygon","coordinates":[[[23.732396300000062,37.940324700000076],[23.732523400000048,37.940225300000066],[23.732736200000033,37.940404900000033],[23.73273080000007,37.940504300000043],[23.732591400000047,37.940506400000061],[23.732396300000062,37.940324700000076]]]},"properties":{"fid":27,"leisure":"playground","name":null,"shapearea_m":507.05203436399609}},{"type":"Feature","id":28,"geometry":{"type":"Polygon","coordinates":[[[23.748866100000043,37.950883000000033],[23.748857800000053,37.950762900000029],[23.749203800000032,37.950747900000067],[23.749212200000045,37.950868000000071],[23.748866100000043,37.950883000000033]]]},"properties":{"fid":28,"leisure":"playground","name":null,"shapearea_m":406.66717551121513}},{"type":"Feature","id":29,"geometry":{"type":"Polygon","coordinates":[[[23.755559600000026,37.996324400000049],[23.755639100000053,37.996258500000067],[23.755774300000041,37.996251900000061],[23.755803200000059,37.996281000000067],[23.755678700000033,37.996400300000062],[23.755559600000026,37.996324400000049]]]},"properties":{"fid":29,"leisure":"playground","name":null,"shapearea_m":196.87405835668503}},{"type":"Feature","id":30,"geometry":{"type":"Polygon","coordinates":[[[23.751623500000051,37.99654380000004],[23.751500500000077,37.996226600000057],[23.751664600000026,37.996192300000075],[23.751903900000059,37.996490000000051],[23.751692300000059,37.996530600000028],[23.751623500000051,37.99654380000004]]]},"properties":{"fid":30,"leisure":"playground","name":null,"shapearea_m":743.99436180013197}},{"type":"Feature","id":31,"geometry":{"type":"Polygon","coordinates":[[[23.748424100000022,37.992766500000073],[23.748512400000038,37.992597500000045],[23.748727900000063,37.992635800000073],[23.748792900000069,37.992659300000071],[23.748803000000066,37.992699800000025],[23.748778200000061,37.992778500000043],[23.748739300000068,37.992835000000071],[23.748683600000049,37.99288370000005],[23.748653200000035,37.992888100000073],[23.748597800000027,37.992872600000055],[23.748424100000022,37.992766500000073]]]},"properties":{"fid":31,"leisure":"playground","name":null,"shapearea_m":717.35936782787485}},{"type":"Feature","id":32,"geometry":{"type":"Polygon","coordinates":[[[23.728482400000075,37.943201900000076],[23.728439000000037,37.943062700000041],[23.728575600000056,37.942944100000034],[23.728734200000076,37.943051700000069],[23.728482400000075,37.943201900000076]]]},"properties":{"fid":32,"leisure":"playground","name":null,"shapearea_m":366.24730457458179}},{"type":"Feature","id":33,"geometry":{"type":"Polygon","coordinates":[[[23.749090800000033,37.948301500000071],[23.748775300000034,37.948187800000028],[23.748687300000029,37.948156100000062],[23.748761100000024,37.948058700000047],[23.74913330000004,37.948229500000025],[23.749090800000033,37.948301500000071]]]},"properties":{"fid":33,"leisure":"playground","name":null,"shapearea_m":410.15879166163398}},{"type":"Feature","id":34,"geometry":{"type":"Polygon","coordinates":[[[23.364299800000026,37.973507500000039],[23.364234000000067,37.973379300000033],[23.364565700000071,37.973269900000048],[23.364560400000073,37.973294300000077],[23.364478100000042,37.973387100000025],[23.364341300000035,37.973501700000043],[23.364299800000026,37.973507500000039]]]},"properties":{"fid":34,"leisure":"playground","name":null,"shapearea_m":319.64500965223363}},{"type":"Feature","id":35,"geometry":{"type":"Polygon","coordinates":[[[23.345720700000072,37.990366200000039],[23.345900400000062,37.990229500000055],[23.34591000000006,37.990241200000071],[23.345904100000041,37.990402900000049],[23.34573800000004,37.990391100000068],[23.345711600000072,37.990385200000048],[23.34570130000003,37.990379400000052],[23.345720700000072,37.990366200000039]]]},"properties":{"fid":35,"leisure":"playground","name":null,"shapearea_m":185.36715051505533}},{"type":"Feature","id":36,"geometry":{"type":"Polygon","coordinates":[[[23.771868300000051,37.947978800000044],[23.771848100000057,37.94795270000003],[23.771947900000043,37.947763000000066],[23.772130700000048,37.947783500000071],[23.772160600000063,37.947827200000063],[23.771868300000051,37.947978800000044]]]},"properties":{"fid":36,"leisure":"playground","name":null,"shapearea_m":316.2040967365682}},{"type":"Feature","id":37,"geometry":{"type":"Polygon","coordinates":[[[23.768967400000065,37.945121800000038],[23.76883360000005,37.944997000000058],[23.768858900000055,37.944975700000043],[23.768978300000072,37.944996200000048],[23.769057900000064,37.945061200000055],[23.768967400000065,37.945121800000038]]]},"properties":{"fid":37,"leisure":"playground","name":null,"shapearea_m":155.77710293743621}},{"type":"Feature","id":38,"geometry":{"type":"Polygon","coordinates":[[[23.748864800000035,37.940634200000034],[23.748549600000047,37.94025060000007],[23.748770600000057,37.940121700000077],[23.749088400000062,37.940449600000079],[23.748864800000035,37.940634200000034]]]},"properties":{"fid":38,"leisure":"playground","name":null,"shapearea_m":1255.6582074103949}},{"type":"Feature","id":39,"geometry":{"type":"Polygon","coordinates":[[[23.760120000000029,37.936914800000068],[23.760137900000075,37.936730200000056],[23.760525800000039,37.936749200000065],[23.760507000000075,37.936937400000033],[23.760120000000029,37.936914800000068]]]},"properties":{"fid":39,"leisure":"playground","name":null,"shapearea_m":708.40627926716775}},{"type":"Feature","id":40,"geometry":{"type":"Polygon","coordinates":[[[23.747311000000025,37.933454100000063],[23.747181800000078,37.933298500000035],[23.74771990000005,37.93306780000006],[23.747834200000057,37.933220200000051],[23.747311000000025,37.933454100000063]]]},"properties":{"fid":40,"leisure":"playground","name":null,"shapearea_m":1073.3848595933891}},{"type":"Feature","id":41,"geometry":{"type":"Polygon","coordinates":[[[23.744755300000065,37.926834100000065],[23.744750200000055,37.926813100000061],[23.744756000000052,37.926793000000032],[23.745216200000073,37.926508700000056],[23.745273700000041,37.92700300000007],[23.744755300000065,37.926834100000065]]]},"properties":{"fid":41,"leisure":"playground","name":null,"shapearea_m":1295.3295092513849}},{"type":"Feature","id":42,"geometry":{"type":"Polygon","coordinates":[[[23.731653300000062,37.952344500000038],[23.731854700000042,37.952454300000056],[23.731624300000078,37.952696700000047],[23.731434300000046,37.952590200000031],[23.731653300000062,37.952344500000038]]]},"properties":{"fid":42,"leisure":"playground","name":null,"shapearea_m":702.98513636216842}},{"type":"Feature","id":43,"geometry":{"type":"Polygon","coordinates":[[[23.722281100000032,37.957110600000078],[23.722016600000075,37.95690460000003],[23.722240200000044,37.956722100000036],[23.722320400000058,37.956730800000059],[23.722449500000039,37.956959200000028],[23.722460500000068,37.957043600000077],[23.72239600000006,37.957078300000035],[23.722281100000032,37.957110600000078]]]},"properties":{"fid":43,"leisure":"playground","name":null,"shapearea_m":979.98408169593665}},{"type":"Feature","id":44,"geometry":{"type":"Polygon","coordinates":[[[23.73762830000004,37.965450200000078],[23.737555200000031,37.96529890000005],[23.737903000000074,37.965130900000077],[23.737963500000035,37.965212400000041],[23.737791300000026,37.965371000000061],[23.73762830000004,37.965450200000078]]]},"properties":{"fid":44,"leisure":"playground","name":null,"shapearea_m":579.47385613355664}},{"type":"Feature","id":45,"geometry":{"type":"Polygon","coordinates":[[[23.702807600000028,37.956324800000061],[23.702946300000065,37.956201800000031],[23.703089300000045,37.956075000000055],[23.703229900000053,37.956173600000056],[23.703359500000033,37.956264400000066],[23.703077900000039,37.956514200000072],[23.702807600000028,37.956324800000061]]]},"properties":{"fid":45,"leisure":"playground","name":null,"shapearea_m":1178.8470072016496}},{"type":"Feature","id":46,"geometry":{"type":"Polygon","coordinates":[[[23.744958500000052,38.052015500000039],[23.744868200000042,38.05185860000006],[23.744868900000029,38.051843800000029],[23.74488290000005,38.051832200000035],[23.745020400000044,38.051782600000024],[23.745041100000037,38.051781600000027],[23.745052600000065,38.051789500000041],[23.745148000000029,38.051955700000065],[23.744958500000052,38.052015500000039]]]},"properties":{"fid":46,"leisure":"playground","name":null,"shapearea_m":385.52387906141075}},{"type":"Feature","id":47,"geometry":{"type":"Polygon","coordinates":[[[23.745673500000066,38.049502200000063],[23.745362900000032,38.049351500000057],[23.745406700000046,38.049285700000041],[23.745739700000058,38.049408400000061],[23.745673500000066,38.049502200000063]]]},"properties":{"fid":47,"leisure":"playground","name":null,"shapearea_m":323.43731138712354}},{"type":"Feature","id":48,"geometry":{"type":"Polygon","coordinates":[[[23.743204700000035,38.047240500000044],[23.742679100000032,38.046889600000043],[23.742817700000046,38.046807400000034],[23.743308600000034,38.047157100000049],[23.743204700000035,38.047240500000044]]]},"properties":{"fid":48,"leisure":"playground","name":"Παιδική χαρά Πλαστήρα","shapearea_m":823.83385676166449}},{"type":"Feature","id":49,"geometry":{"type":"Polygon","coordinates":[[[23.739300600000036,38.038697100000036],[23.73922790000006,38.038539700000058],[23.739632900000061,38.038423600000044],[23.739705600000036,38.038581000000079],[23.739300600000036,38.038697100000036]]]},"properties":{"fid":49,"leisure":"playground","name":null,"shapearea_m":703.398372068546}},{"type":"Feature","id":50,"geometry":{"type":"Polygon","coordinates":[[[23.73076750000007,38.033101700000032],[23.730937500000039,38.033047200000055],[23.731061300000079,38.033248000000071],[23.730889900000022,38.033304700000031],[23.73076750000007,38.033101700000032]]]},"properties":{"fid":50,"leisure":"playground","name":"Παιδική χαρά (Αυρα)","shapearea_m":402.543073514269}},{"type":"Feature","id":51,"geometry":{"type":"Polygon","coordinates":[[[23.730148000000042,38.03014120000006],[23.730192100000068,38.029888500000027],[23.730339100000037,38.029888200000073],[23.730364800000075,38.030134400000065],[23.730336700000066,38.030135700000073],[23.730148000000042,38.03014120000006]]]},"properties":{"fid":51,"leisure":"playground","name":"Παιδική χαρά Δωδεκανήσου","shapearea_m":442.31051393723982}},{"type":"Feature","id":52,"geometry":{"type":"Polygon","coordinates":[[[23.731126400000051,38.028136800000027],[23.731188300000042,38.028030200000046],[23.731369800000039,38.028097100000025],[23.731307800000025,38.02820150000008],[23.731126400000051,38.028136800000027]]]},"properties":{"fid":52,"leisure":"playground","name":null,"shapearea_m":226.28161688131149}},{"type":"Feature","id":53,"geometry":{"type":"Polygon","coordinates":[[[23.722068200000024,37.946835100000044],[23.722350800000072,37.946605300000044],[23.722614000000078,37.946806500000037],[23.722331500000053,37.947036300000036],[23.722068200000024,37.946835100000044]]]},"properties":{"fid":53,"leisure":"playground","name":null,"shapearea_m":1144.8120177870712}},{"type":"Feature","id":54,"geometry":{"type":"Polygon","coordinates":[[[23.739851100000067,37.923046500000055],[23.739938900000027,37.922618100000079],[23.740100300000051,37.922504600000025],[23.740124800000046,37.922950000000071],[23.739979600000026,37.92306160000004],[23.739851100000067,37.923046500000055]]]},"properties":{"fid":54,"leisure":"playground","name":null,"shapearea_m":975.82867964168793}},{"type":"Feature","id":55,"geometry":{"type":"Polygon","coordinates":[[[23.779169800000034,37.971739200000059],[23.77930820000006,37.971609600000079],[23.77950020000003,37.971737100000041],[23.77948820000006,37.971748300000058],[23.779361800000061,37.971866600000055],[23.779169800000034,37.971739200000059]]]},"properties":{"fid":55,"leisure":"playground","name":null,"shapearea_m":414.59799625789981}},{"type":"Feature","id":56,"geometry":{"type":"Polygon","coordinates":[[[23.760077900000056,37.868808900000033],[23.760193800000025,37.868555700000059],[23.760222400000032,37.868571100000054],[23.760384800000054,37.868621000000076],[23.760244500000056,37.868870900000047],[23.760077900000056,37.868808900000033]]]},"properties":{"fid":56,"leisure":"playground","name":"Lapin Magicland","shapearea_m":513.64309537916881}},{"type":"Feature","id":57,"geometry":{"type":"Polygon","coordinates":[[[23.73675860000003,37.896696300000031],[23.736690200000055,37.896759000000031],[23.736252500000035,37.896748200000047],[23.736116400000071,37.896715700000073],[23.736091800000054,37.896686600000066],[23.736087500000053,37.896596600000066],[23.735877800000026,37.896596600000066],[23.735880500000064,37.896293600000035],[23.735880700000052,37.89627820000004],[23.735921200000064,37.896214500000042],[23.735952000000054,37.896165600000074],[23.73601780000007,37.896114400000044],[23.736030600000049,37.89610440000007],[23.736161100000061,37.896003000000064],[23.736741300000062,37.895994900000062],[23.736748700000078,37.896308800000043],[23.73675860000003,37.896696300000031]]]},"properties":{"fid":57,"leisure":"playground","name":null,"shapearea_m":5702.8855333178417}},{"type":"Feature","id":58,"geometry":{"type":"Polygon","coordinates":[[[23.776868600000057,37.987818700000048],[23.776814600000023,37.987863800000071],[23.776744300000075,37.987907600000028],[23.776677800000073,37.987872300000049],[23.776602100000048,37.987892800000054],[23.776364000000058,37.987756000000047],[23.776058200000023,37.987631300000032],[23.776152100000047,37.987591100000031],[23.776830700000062,37.987667200000033],[23.776857000000064,37.987700400000051],[23.776846200000023,37.987753300000065],[23.776868600000057,37.987818700000048]]]},"properties":{"fid":58,"leisure":"playground","name":null,"shapearea_m":1267.7612757701891}},{"type":"Feature","id":59,"geometry":{"type":"Polygon","coordinates":[[[23.778846100000067,38.005839800000047],[23.778716400000064,38.005643900000052],[23.778940800000044,38.005551600000047],[23.779070500000046,38.005747500000041],[23.778846100000067,38.005839800000047]]]},"properties":{"fid":59,"leisure":"playground","name":"Παιδική χαρά Καλαβρύτων","shapearea_m":545.23754577596469}},{"type":"Feature","id":60,"geometry":{"type":"Polygon","coordinates":[[[23.735660800000062,38.04328350000003],[23.735642100000064,38.043285100000048],[23.735489200000075,38.043099700000027],[23.735688300000049,38.043049000000053],[23.735660800000062,38.04328350000003]]]},"properties":{"fid":60,"leisure":"playground","name":"Παιδική χαρά","shapearea_m":238.7453197473175}},{"type":"Feature","id":61,"geometry":{"type":"Polygon","coordinates":[[[23.73381020000005,38.087038300000074],[23.733518700000047,38.086824400000069],[23.73381130000007,38.086815000000058],[23.73381020000005,38.087038300000074]]]},"properties":{"fid":61,"leisure":"playground","name":"Παιδική χαρά Πλατεία Κάλλια","shapearea_m":318.06930099319896}},{"type":"Feature","id":62,"geometry":{"type":"Polygon","coordinates":[[[23.759867000000042,38.00464530000005],[23.759880700000053,38.004618400000027],[23.759903700000052,38.004597100000069],[23.75995290000003,38.004575400000078],[23.760025600000063,38.004585800000029],[23.76007560000005,38.00462600000003],[23.760108700000046,38.004625400000066],[23.760121600000048,38.004570800000067],[23.76017360000003,38.004533300000048],[23.760261600000035,38.004533300000048],[23.760282800000027,38.004491300000041],[23.760252800000046,38.004443500000036],[23.760267800000065,38.004399400000068],[23.760318500000039,38.004370800000061],[23.76038600000004,38.004377700000077],[23.760426600000073,38.004417300000057],[23.760427400000026,38.004458000000056],[23.760396000000071,38.004494300000033],[23.760518300000058,38.00452990000008],[23.760532800000078,38.004486700000029],[23.760576000000071,38.004454900000042],[23.760649600000079,38.004452600000036],[23.760698600000069,38.004476500000067],[23.760713100000032,38.004523100000029],[23.760759200000052,38.004516300000034],[23.760812600000065,38.00450950000004],[23.760874600000022,38.004539000000079],[23.760906400000067,38.004579900000067],[23.760877500000049,38.004639000000054],[23.760822700000062,38.004672000000028],[23.760749100000055,38.004665200000034],[23.760694300000068,38.004709500000047],[23.760581800000068,38.004716900000062],[23.760524800000042,38.004695300000037],[23.760453400000074,38.004705000000058],[23.760385600000063,38.004677700000059],[23.760355300000072,38.004634500000066],[23.760320700000022,38.004635600000029],[23.760309200000052,38.004673100000048],[23.760261600000035,38.004703800000073],[23.760172100000034,38.004701600000033],[23.760123100000044,38.00466410000007],[23.760086400000034,38.004668600000059],[23.76006730000006,38.004713200000026],[23.759991800000023,38.004750500000057],[23.75989880000003,38.004727200000048],[23.759867000000042,38.00464530000005]]]},"properties":{"fid":62,"leisure":"playground","name":null,"shapearea_m":1820.8414634683431}},{"type":"Feature","id":63,"geometry":{"type":"Polygon","coordinates":[[[23.741948300000047,38.07428550000003],[23.741950200000076,38.074255200000039],[23.742329000000041,38.074155800000028],[23.742350900000076,38.074217700000077],[23.742305200000033,38.074245100000041],[23.741948300000047,38.07428550000003]]]},"properties":{"fid":63,"leisure":"playground","name":null,"shapearea_m":222.19095296781987}},{"type":"Feature","id":64,"geometry":{"type":"Polygon","coordinates":[[[23.738459200000023,38.058763000000056],[23.738298200000031,38.05851320000005],[23.738452100000075,38.05847220000004],[23.738579900000047,38.058718200000044],[23.738459200000023,38.058763000000056]]]},"properties":{"fid":64,"leisure":"playground","name":null,"shapearea_m":391.91151890676218}},{"type":"Feature","id":65,"geometry":{"type":"Polygon","coordinates":[[[23.76793280000004,37.98378880000007],[23.768105800000058,37.983614800000055],[23.76828850000004,37.983727600000066],[23.768115500000079,37.983901600000024],[23.76793280000004,37.98378880000007]]]},"properties":{"fid":65,"leisure":"playground","name":null,"shapearea_m":500.27836064364101}},{"type":"Feature","id":66,"geometry":{"type":"Polygon","coordinates":[[[23.777323500000023,38.046831700000041],[23.777219500000058,38.046602900000039],[23.777392100000043,38.046554300000025],[23.777496100000064,38.046783000000062],[23.777323500000023,38.046831700000041]]]},"properties":{"fid":66,"leisure":"playground","name":"Παιδική Χαρά","shapearea_m":433.97064776125757}},{"type":"Feature","id":67,"geometry":{"type":"Polygon","coordinates":[[[23.652474300000051,37.938038500000062],[23.652448800000059,37.938036300000078],[23.652423300000066,37.938028800000041],[23.65240620000003,37.938019200000042],[23.652395800000079,37.938005000000032],[23.652393000000075,37.937993800000072],[23.652401500000053,37.937940100000048],[23.652407700000026,37.937903600000027],[23.652409600000055,37.93787640000005],[23.652412900000058,37.937833500000067],[23.652417600000035,37.937811900000042],[23.652427000000046,37.937779100000057],[23.652437400000053,37.937766400000044],[23.652465800000073,37.937747800000068],[23.652494200000035,37.937746300000072],[23.652522500000032,37.937753000000043],[23.652544300000045,37.937764900000047],[23.652560300000061,37.937784300000033],[23.652578300000073,37.937805900000058],[23.652593400000057,37.937816400000031],[23.652617100000043,37.937824600000056],[23.652628400000026,37.937832000000071],[23.652637300000038,37.937840100000074],[23.652643500000067,37.937845800000048],[23.652651100000071,37.937861800000064],[23.652651100000071,37.937892400000067],[23.652640700000063,37.937919600000043],[23.652618500000074,37.937950200000046],[23.652576400000044,37.937991900000043],[23.652538100000072,37.938018800000066],[23.652505500000075,37.938035200000058],[23.652492300000063,37.938038500000062],[23.652474300000051,37.938038500000062]]]},"properties":{"fid":67,"leisure":"playground","name":null,"shapearea_m":525.13127833318356}},{"type":"Feature","id":68,"geometry":{"type":"Polygon","coordinates":[[[23.778789000000074,38.023599600000068],[23.778140000000064,38.023303800000065],[23.778067500000077,38.023082000000045],[23.778370600000073,38.022828400000037],[23.779089500000055,38.023206600000037],[23.778992900000048,38.023325000000057],[23.778789000000074,38.023599600000068]]]},"properties":{"fid":68,"leisure":"playground","name":"Παιδική Χαρά Πικιώνη","shapearea_m":4172.0531225809636}},{"type":"Feature","id":69,"geometry":{"type":"Polygon","coordinates":[[[23.784526100000051,38.022515700000042],[23.784405600000071,38.022424800000067],[23.784301000000028,38.022253700000078],[23.784286300000076,38.02209890000006],[23.784332200000051,38.021950500000059],[23.784400100000028,38.021865600000069],[23.784537300000068,38.021759300000042],[23.784695100000079,38.02170250000006],[23.784867400000053,38.02167600000007],[23.784970500000043,38.021685700000035],[23.785034100000075,38.02169850000007],[23.784995000000038,38.021760100000051],[23.784897700000045,38.021922200000063],[23.784526100000051,38.022515700000042]]]},"properties":{"fid":69,"leisure":"playground","name":"Παιδική Χαρά Δροσοπούλου","shapearea_m":3210.3845871965646}},{"type":"Feature","id":70,"geometry":{"type":"Polygon","coordinates":[[[23.620714300000031,37.968463800000052],[23.620447500000068,37.968240900000069],[23.620831300000077,37.967975600000045],[23.62106760000006,37.968199900000059],[23.620714300000031,37.968463800000052]]]},"properties":{"fid":70,"leisure":"playground","name":null,"shapearea_m":1452.9207494319833}},{"type":"Feature","id":71,"geometry":{"type":"Polygon","coordinates":[[[23.057133900000053,36.804097500000069],[23.057133500000077,36.803879000000052],[23.057222700000068,36.803800200000069],[23.057286000000033,36.803826500000071],[23.057252600000027,36.80386320000008],[23.057301600000073,36.803882600000065],[23.057281700000033,36.803906700000027],[23.057440700000029,36.803958200000068],[23.05745120000006,36.804085100000066],[23.057133900000053,36.804097500000069]]]},"properties":{"fid":71,"leisure":"playground","name":null,"shapearea_m":639.25622183940038}},{"type":"Feature","id":72,"geometry":{"type":"Polygon","coordinates":[[[23.625933500000031,37.969727300000045],[23.626134900000068,37.970107600000063],[23.626186000000075,37.970204300000034],[23.626229200000068,37.970273500000076],[23.626360800000043,37.970520300000032],[23.626229600000045,37.970547700000054],[23.62579850000003,37.969773200000077],[23.625933500000031,37.969727300000045]]]},"properties":{"fid":72,"leisure":"playground","name":null,"shapearea_m":1161.1044281781872}},{"type":"Feature","id":73,"geometry":{"type":"Polygon","coordinates":[[[23.750027700000032,38.035334800000044],[23.750307700000064,38.03510840000007],[23.750709400000062,38.035677600000042],[23.750654700000041,38.035719400000062],[23.750611000000049,38.035759100000064],[23.750572500000033,38.035731100000078],[23.750050200000032,38.035351200000036],[23.750027700000032,38.035334800000044]]]},"properties":{"fid":73,"leisure":"playground","name":null,"shapearea_m":1653.0850287087017}},{"type":"Feature","id":74,"geometry":{"type":"Polygon","coordinates":[[[23.700441400000045,37.974057100000039],[23.700596700000062,37.974035900000047],[23.700634700000023,37.974030700000071],[23.700854100000072,37.974000700000033],[23.700900400000023,37.974006700000075],[23.700933900000052,37.974017300000071],[23.700953900000059,37.974035900000047],[23.700968000000046,37.974065800000062],[23.700972700000023,37.974095000000034],[23.70096970000003,37.974122700000066],[23.700967100000071,37.97414660000004],[23.700965800000063,37.974162400000068],[23.700969500000042,37.974180200000035],[23.700979200000063,37.974213200000065],[23.700983600000029,37.974239500000067],[23.700985200000048,37.974260700000059],[23.700978400000054,37.974281900000051],[23.700963600000023,37.974303200000065],[23.700960400000042,37.974318000000039],[23.700964300000066,37.97433170000005],[23.700973800000043,37.974340000000041],[23.700993500000038,37.974351100000035],[23.701013400000022,37.974369400000057],[23.701023400000054,37.974390500000027],[23.701027800000077,37.974412200000074],[23.701034200000038,37.974435500000027],[23.701044300000035,37.97445330000005],[23.701061200000026,37.974464100000034],[23.701093800000024,37.974473700000033],[23.701114700000062,37.974484800000027],[23.701131700000076,37.974502200000074],[23.701143200000047,37.974524300000041],[23.701146600000072,37.97454950000008],[23.701137800000026,37.974574500000074],[23.701116800000023,37.97459420000007],[23.701098600000023,37.974609600000065],[23.701082800000052,37.974633500000039],[23.701076600000079,37.974658000000034],[23.701075400000036,37.974682800000039],[23.701080400000023,37.97470590000006],[23.701092900000049,37.974739800000066],[23.701100300000064,37.974775400000055],[23.701101700000038,37.974813200000028],[23.701093200000059,37.974840000000029],[23.701070800000025,37.974860400000068],[23.701041600000053,37.974874400000033],[23.701009500000055,37.974881900000071],[23.70086340000006,37.974891900000046],[23.700805900000034,37.974895900000035],[23.700751500000024,37.974900500000047],[23.700691000000063,37.974907700000074],[23.700587100000064,37.974920100000077],[23.700514700000042,37.974928800000043],[23.700488300000075,37.974922800000058],[23.700465300000076,37.974911900000052],[23.700443900000039,37.974896800000067],[23.700425600000074,37.974875100000077],[23.700398200000052,37.974724400000071],[23.700396800000078,37.974717000000055],[23.700380500000051,37.974627200000043],[23.70035850000005,37.974506200000064],[23.700350300000025,37.974461400000052],[23.700332900000035,37.974380600000075],[23.700290800000062,37.97418650000003],[23.700286300000073,37.974170100000038],[23.700286300000073,37.974163700000076],[23.700286300000073,37.974147600000038],[23.700292800000057,37.974121600000046],[23.700312900000029,37.974099200000069],[23.700341200000025,37.974080600000036],[23.700372500000071,37.974068300000056],[23.700411000000031,37.974061300000074],[23.700441400000045,37.974057100000039]]]},"properties":{"fid":74,"leisure":"playground","name":"Πάρκο Κυκλοφοριακής Αγωγής","shapearea_m":5835.9163460706841}},{"type":"Feature","id":75,"geometry":{"type":"Polygon","coordinates":[[[23.800834000000066,38.060078900000065],[23.800758900000062,38.059741000000031],[23.801252500000032,38.060007100000064],[23.800834000000066,38.060078900000065]]]},"properties":{"fid":75,"leisure":"playground","name":null,"shapearea_m":715.02415157226335}},{"type":"Feature","id":76,"geometry":{"type":"Polygon","coordinates":[[[23.795956200000035,38.038420700000074],[23.796100000000024,38.038650000000075],[23.796116100000063,38.038700700000049],[23.796118300000046,38.038725700000043],[23.796121400000061,38.038759900000059],[23.796101600000043,38.038840600000071],[23.796035600000039,38.038912000000039],[23.795949800000074,38.038966900000048],[23.79592260000004,38.038931200000036],[23.795826800000043,38.038805400000058],[23.79563440000004,38.038552700000025],[23.795956200000035,38.038420700000074]]]},"properties":{"fid":76,"leisure":"playground","name":null,"shapearea_m":1418.5740623448287}},{"type":"Feature","id":77,"geometry":{"type":"Polygon","coordinates":[[[23.829594200000031,38.021706300000062],[23.829589100000078,38.021737600000051],[23.829637000000048,38.021737700000074],[23.829677900000036,38.021761200000071],[23.829677900000036,38.02180020000003],[23.829643400000066,38.021832400000051],[23.829598900000065,38.021851200000071],[23.829557200000067,38.02183320000006],[23.829533300000037,38.021798800000056],[23.829538700000057,38.021767500000067],[23.829495200000054,38.021777000000043],[23.829460900000072,38.021764000000076],[23.829428700000051,38.021734400000071],[23.829418000000032,38.021702700000048],[23.829433000000051,38.021673600000042],[23.829460300000051,38.021645900000067],[23.829509100000053,38.021641400000078],[23.829552100000058,38.021654100000035],[23.829586300000074,38.021673200000066],[23.829594200000031,38.021706300000062]]]},"properties":{"fid":77,"leisure":"playground","name":"Παιδική χαρά","shapearea_m":290.46444729888208}},{"type":"Feature","id":78,"geometry":{"type":"Polygon","coordinates":[[[23.900271900000064,38.010762000000057],[23.900257400000044,38.010393400000055],[23.900462300000072,38.010388400000068],[23.900476800000035,38.010757000000069],[23.900271900000064,38.010762000000057]]]},"properties":{"fid":78,"leisure":"playground","name":"Παιδική Χαρά Μάριζας","shapearea_m":736.91370402192808}},{"type":"Feature","id":79,"geometry":{"type":"Polygon","coordinates":[[[23.765936900000042,37.957451500000047],[23.766143500000055,37.957314200000042],[23.766245800000036,37.957362900000078],[23.766278200000045,37.957466700000055],[23.76602500000007,37.957529800000032],[23.765936900000042,37.957451500000047]]]},"properties":{"fid":79,"leisure":"playground","name":null,"shapearea_m":411.77494949715458}},{"type":"Feature","id":80,"geometry":{"type":"Polygon","coordinates":[[[23.920543500000065,38.017666700000063],[23.92062130000005,38.017554700000062],[23.920886800000062,38.017628700000046],[23.920835700000055,38.017724000000044],[23.920543500000065,38.017666700000063]]]},"properties":{"fid":80,"leisure":"playground","name":"Ερίκεια '05","shapearea_m":322.9495015010425}},{"type":"Feature","id":81,"geometry":{"type":"Polygon","coordinates":[[[23.90623370000003,38.021336200000064],[23.906375900000057,38.021098500000051],[23.906571700000029,38.021192500000041],[23.906392000000039,38.021414400000026],[23.90623370000003,38.021336200000064]]]},"properties":{"fid":81,"leisure":"playground","name":"Ερίκεια","shapearea_m":531.60184732179027}},{"type":"Feature","id":82,"geometry":{"type":"Polygon","coordinates":[[[23.76503450000007,37.982768900000053],[23.765145100000041,37.982617300000072],[23.765266500000052,37.982670400000075],[23.765467500000057,37.982758300000057],[23.765355500000055,37.982911000000058],[23.76503450000007,37.982768900000053]]]},"properties":{"fid":82,"leisure":"playground","name":"Παιδική Χαρά Αγίου Θωμά","shapearea_m":630.91357488936296}},{"type":"Feature","id":83,"geometry":{"type":"Polygon","coordinates":[[[23.788211100000069,38.12923660000007],[23.788209800000061,38.129071300000078],[23.788373700000022,38.129070500000068],[23.788374900000065,38.12923580000006],[23.788211100000069,38.12923660000007]]]},"properties":{"fid":83,"leisure":"playground","name":null,"shapearea_m":263.60018113489087}},{"type":"Feature","id":84,"geometry":{"type":"Polygon","coordinates":[[[23.775017100000071,38.029270100000076],[23.774879000000055,38.028411800000072],[23.775398200000041,38.028322600000024],[23.775490800000057,38.028477900000041],[23.775545800000032,38.028703000000064],[23.775516300000049,38.028925900000047],[23.775411600000041,38.02920540000008],[23.775017100000071,38.029270100000076]]]},"properties":{"fid":84,"leisure":"playground","name":"Παιδική Χαρά Μακεδονίας","shapearea_m":4676.1922853651686}},{"type":"Feature","id":85,"geometry":{"type":"Polygon","coordinates":[[[23.794373500000063,37.992694400000062],[23.794547800000032,37.993115000000046],[23.794070400000066,37.993241900000044],[23.793893400000059,37.992821200000037],[23.794373500000063,37.992694400000062]]]},"properties":{"fid":85,"leisure":"playground","name":null,"shapearea_m":2180.7599332134623}},{"type":"Feature","id":86,"geometry":{"type":"Polygon","coordinates":[[[23.748477800000046,38.047994000000074],[23.748563600000068,38.047972800000025],[23.748611000000039,38.047984500000041],[23.748626900000033,38.048023500000056],[23.748609200000033,38.048062000000073],[23.748540800000058,38.048078400000065],[23.748538100000076,38.048068900000032],[23.748508600000036,38.048076800000047],[23.748477800000046,38.047994000000074]]]},"properties":{"fid":86,"leisure":"playground","name":null,"shapearea_m":110.76871340781513}},{"type":"Feature","id":87,"geometry":{"type":"Polygon","coordinates":[[[23.740452400000038,38.031604600000037],[23.740178800000024,38.031255100000067],[23.740390200000036,38.031152500000076],[23.740522100000078,38.031321000000048],[23.74066380000005,38.03150190000008],[23.740452400000038,38.031604600000037]]]},"properties":{"fid":87,"leisure":"playground","name":null,"shapearea_m":993.51053604326182}},{"type":"Feature","id":88,"geometry":{"type":"Polygon","coordinates":[[[23.758339700000079,38.052836600000035],[23.758242300000063,38.052690400000074],[23.758410100000049,38.052621100000067],[23.758507500000064,38.052767300000028],[23.758339700000079,38.052836600000035]]]},"properties":{"fid":88,"leisure":"playground","name":null,"shapearea_m":304.75714982395004}},{"type":"Feature","id":89,"geometry":{"type":"Polygon","coordinates":[[[23.773803100000066,37.99935940000006],[23.773630900000057,37.999266300000045],[23.773973900000044,37.998872400000039],[23.774057800000037,37.998917800000072],[23.774023300000067,37.998957500000074],[23.77411150000006,37.999005200000056],[23.773803100000066,37.99935940000006]]]},"properties":{"fid":89,"leisure":"playground","name":null,"shapearea_m":922.29464106138846}},{"type":"Feature","id":90,"geometry":{"type":"Polygon","coordinates":[[[23.738845100000049,37.867363400000045],[23.738709500000027,37.867200300000036],[23.739194100000077,37.866934400000048],[23.739345900000046,37.867081600000063],[23.738845100000049,37.867363400000045]]]},"properties":{"fid":90,"leisure":"playground","name":"Παιδική Χαρά 3η Παραλιά","shapearea_m":1130.9008224931467}},{"type":"Feature","id":91,"geometry":{"type":"Polygon","coordinates":[[[23.960997000000077,38.072717400000045],[23.960717900000077,38.072593200000028],[23.96105330000006,38.072110300000077],[23.961338400000045,38.072243900000046],[23.960997000000077,38.072717400000045]]]},"properties":{"fid":91,"leisure":"playground","name":"Παιδική Χαρά Λιβισίου","shapearea_m":1738.7166917399666}},{"type":"Feature","id":92,"geometry":{"type":"Polygon","coordinates":[[[23.751134500000035,37.923370800000043],[23.751107700000034,37.922998900000039],[23.751416500000062,37.92301370000007],[23.751239800000064,37.923386600000072],[23.751134500000035,37.923370800000043]]]},"properties":{"fid":92,"leisure":"playground","name":null,"shapearea_m":763.67289212998742}},{"type":"Feature","id":93,"geometry":{"type":"Polygon","coordinates":[[[23.522216400000048,38.076460000000054],[23.522304700000063,38.076358700000071],[23.522509200000059,38.076469100000054],[23.522420900000043,38.076570400000037],[23.522216400000048,38.076460000000054]]]},"properties":{"fid":93,"leisure":"playground","name":null,"shapearea_m":296.69327101042029}},{"type":"Feature","id":94,"geometry":{"type":"Polygon","coordinates":[[[23.652775500000075,37.958664800000065],[23.652591800000039,37.958516100000054],[23.652813300000048,37.958346100000028],[23.652997000000028,37.95849480000004],[23.652775500000075,37.958664800000065]]]},"properties":{"fid":94,"leisure":"playground","name":null,"shapearea_m":625.9087224981597}},{"type":"Feature","id":95,"geometry":{"type":"Polygon","coordinates":[[[23.005084600000032,37.94336160000006],[23.005313900000033,37.943422400000031],[23.005175500000064,37.943710900000042],[23.004956100000072,37.943643900000041],[23.005084600000032,37.94336160000006]]]},"properties":{"fid":95,"leisure":"playground","name":"Πλατεία Φλοίσβου","shapearea_m":707.89967646093214}},{"type":"Feature","id":96,"geometry":{"type":"Polygon","coordinates":[[[23.524483000000032,38.06027030000007],[23.524461500000029,38.060054900000068],[23.524745800000062,38.060029500000041],[23.524783400000047,38.060244900000043],[23.524483000000032,38.06027030000007]]]},"properties":{"fid":96,"leisure":"playground","name":null,"shapearea_m":620.73775476889557}},{"type":"Feature","id":97,"geometry":{"type":"Polygon","coordinates":[[[23.526615800000059,38.060089600000026],[23.526532200000077,38.059560700000077],[23.526623400000062,38.059577600000068],[23.526801000000034,38.060073500000044],[23.526615800000059,38.060089600000026]]]},"properties":{"fid":97,"leisure":"playground","name":null,"shapearea_m":689.30584337127107}},{"type":"Feature","id":98,"geometry":{"type":"Polygon","coordinates":[[[23.522294300000056,38.05969900000008],[23.522305000000074,38.059585000000027],[23.522669800000074,38.059580800000049],[23.522643000000073,38.059728600000028],[23.522294300000056,38.05969900000008]]]},"properties":{"fid":98,"leisure":"playground","name":null,"shapearea_m":457.22405228144714}},{"type":"Feature","id":99,"geometry":{"type":"Polygon","coordinates":[[[23.528323400000033,38.053325900000061],[23.528264100000058,38.053263700000059],[23.529027300000052,38.052914900000076],[23.52917750000006,38.053307300000029],[23.528323400000033,38.053325900000061]]]},"properties":{"fid":99,"leisure":"playground","name":null,"shapearea_m":1978.1285677391172}},{"type":"Feature","id":100,"geometry":{"type":"Polygon","coordinates":[[[23.745421300000032,38.02615110000005],[23.745959700000071,38.025920000000042],[23.746175600000072,38.026239700000076],[23.745653200000049,38.026470800000027],[23.745506200000023,38.026268100000038],[23.745421300000032,38.02615110000005]]]},"properties":{"fid":100,"leisure":"playground","name":"Παιδική χαρά Χριστιανουπόλεως (\"Κλούβα\")","shapearea_m":2156.7851693085131}},{"type":"Feature","id":101,"geometry":{"type":"Polygon","coordinates":[[[23.712585800000056,37.998236400000053],[23.712749100000053,37.998186800000042],[23.71284090000006,37.998365400000068],[23.712652200000036,37.998375200000055],[23.712585800000056,37.998236400000053]]]},"properties":{"fid":101,"leisure":"playground","name":null,"shapearea_m":295.21390547431355}},{"type":"Feature","id":102,"geometry":{"type":"Polygon","coordinates":[[[23.706032100000073,38.087798100000043],[23.706407700000057,38.087681900000064],[23.706499700000052,38.087866200000065],[23.706124100000068,38.087982300000078],[23.706032100000073,38.087798100000043]]]},"properties":{"fid":102,"leisure":"playground","name":"Πλατεία Καραγιάννη","shapearea_m":777.93787444399868}},{"type":"Feature","id":103,"geometry":{"type":"Polygon","coordinates":[[[23.729340900000068,38.043752600000062],[23.729238400000042,38.043594900000073],[23.72935700000005,38.043547100000069],[23.729459500000075,38.043704700000035],[23.729340900000068,38.043752600000062]]]},"properties":{"fid":103,"leisure":"playground","name":null,"shapearea_m":229.9625404075168}},{"type":"Feature","id":104,"geometry":{"type":"Polygon","coordinates":[[[23.763675200000023,38.03395560000007],[23.763701300000037,38.033928700000047],[23.763722500000029,38.033924800000079],[23.763759900000025,38.033940200000075],[23.763805500000046,38.034015900000043],[23.76384790000003,38.034237800000028],[23.763815300000033,38.034262200000057],[23.763758300000063,38.034237800000028],[23.763774600000033,38.034017200000051],[23.763675200000023,38.03395560000007]]]},"properties":{"fid":104,"leisure":"playground","name":null,"shapearea_m":196.64355263546273}},{"type":"Feature","id":105,"geometry":{"type":"Polygon","coordinates":[[[23.732857700000068,38.054128700000035],[23.732808700000078,38.053928900000074],[23.732950200000062,38.053893200000061],[23.733003900000028,38.054102700000044],[23.732857700000068,38.054128700000035]]]},"properties":{"fid":105,"leisure":"playground","name":null,"shapearea_m":302.22743820325826}},{"type":"Feature","id":106,"geometry":{"type":"Polygon","coordinates":[[[23.968772900000033,38.20022240000003],[23.968652400000053,38.200124200000062],[23.968813500000067,38.199968000000069],[23.96885270000007,38.199991900000043],[23.968772900000033,38.20022240000003]]]},"properties":{"fid":106,"leisure":"playground","name":null,"shapearea_m":221.60837433417242}},{"type":"Feature","id":107,"geometry":{"type":"Polygon","coordinates":[[[23.715818200000058,37.915688200000034],[23.715927000000079,37.915573000000052],[23.715954500000066,37.915570600000081],[23.716184600000076,37.915794800000072],[23.716159800000071,37.915813200000059],[23.716039700000067,37.915837400000044],[23.715818200000058,37.915688200000034]]]},"properties":{"fid":107,"leisure":"playground","name":"Πλατεία Φιλικής Εταιρείας","shapearea_m":454.77073868994654}},{"type":"Feature","id":108,"geometry":{"type":"Polygon","coordinates":[[[23.724418700000058,38.01088500000003],[23.724369900000056,38.010663300000033],[23.724495900000022,38.010641000000078],[23.724567800000045,38.010859800000048],[23.724418700000058,38.01088500000003]]]},"properties":{"fid":108,"leisure":"playground","name":null,"shapearea_m":309.28141310989861}},{"type":"Feature","id":109,"geometry":{"type":"Polygon","coordinates":[[[23.695193300000028,38.04118260000007],[23.695193700000061,38.041169000000025],[23.695437000000027,38.040947700000061],[23.695700200000033,38.041123800000037],[23.695955200000071,38.041300400000068],[23.695991500000048,38.041324400000065],[23.696022200000073,38.041343700000027],[23.695767700000033,38.041589900000076],[23.695754300000033,38.041593100000057],[23.695741800000064,38.041591800000049],[23.695193300000028,38.04118260000007]]]},"properties":{"fid":109,"leisure":"playground","name":"Παιδική Χαρά","shapearea_m":2408.1963524063231}},{"type":"Feature","id":110,"geometry":{"type":"Polygon","coordinates":[[[23.746888200000058,37.955978600000037],[23.746875600000067,37.95598700000005],[23.746624600000075,37.956137900000044],[23.746422700000039,37.955936300000076],[23.746735700000045,37.955809500000043],[23.746888200000058,37.955978600000037]]]},"properties":{"fid":110,"leisure":"playground","name":null,"shapearea_m":769.54421038380804}},{"type":"Feature","id":111,"geometry":{"type":"Polygon","coordinates":[[[22.924501900000053,37.941246000000035],[22.924636000000078,37.940945600000077],[22.924813000000029,37.940806000000066],[22.924856000000034,37.940810200000044],[22.925006200000041,37.940941400000042],[22.924829100000068,37.941064100000062],[22.924453600000049,37.94133480000005],[22.924501900000053,37.941246000000035]]]},"properties":{"fid":111,"leisure":"playground","name":null,"shapearea_m":950.28621471000042}},{"type":"Feature","id":112,"geometry":{"type":"Polygon","coordinates":[[[23.869839100000036,38.046782400000041],[23.869883900000048,38.046746700000028],[23.870137400000033,38.046535100000028],[23.870472300000074,38.046745300000055],[23.870451600000024,38.04676070000005],[23.869879900000058,38.046803800000077],[23.869846400000029,38.04680060000004],[23.869839100000036,38.046782400000041]]]},"properties":{"fid":112,"leisure":"playground","name":null,"shapearea_m":821.60752160801383}},{"type":"Feature","id":113,"geometry":{"type":"Polygon","coordinates":[[[23.755561600000078,37.99075490000007],[23.755263800000023,37.990614300000061],[23.755682200000024,37.990533000000028],[23.755731800000035,37.990671400000053],[23.755605700000046,37.990693200000067],[23.755561600000078,37.99075490000007]]]},"properties":{"fid":113,"leisure":"playground","name":null,"shapearea_m":506.60930750971187}},{"type":"Feature","id":114,"geometry":{"type":"Polygon","coordinates":[[[23.685309500000074,37.944628100000045],[23.685055900000066,37.944729700000039],[23.684942500000034,37.944542000000069],[23.684926000000075,37.944523900000036],[23.684812400000055,37.944567300000074],[23.684765900000059,37.944482500000049],[23.685080700000071,37.94434670000004],[23.685118500000044,37.944330900000068],[23.685139200000037,37.944371100000069],[23.685175100000038,37.944440600000064],[23.685209800000052,37.944507900000076],[23.685309500000074,37.944628100000045]]]},"properties":{"fid":114,"leisure":"playground","name":null,"shapearea_m":987.45486695294574}},{"type":"Feature","id":115,"geometry":{"type":"Polygon","coordinates":[[[23.698625100000072,37.951098400000035],[23.698431500000027,37.950964700000043],[23.698267300000055,37.951116800000079],[23.698025500000028,37.950955800000031],[23.698204100000055,37.950788800000055],[23.69814660000003,37.950750000000028],[23.697959400000059,37.95062420000005],[23.698066500000039,37.950520200000028],[23.698078500000065,37.950532800000076],[23.698299000000077,37.950686800000028],[23.698315100000059,37.950698100000068],[23.698328400000037,37.950686500000074],[23.698366200000066,37.950653700000032],[23.698506400000042,37.950746200000026],[23.698478300000033,37.950866700000063],[23.698564500000032,37.950926000000038],[23.69871530000006,37.95102810000003],[23.698625100000072,37.951098400000035]]]},"properties":{"fid":115,"leisure":"playground","name":null,"shapearea_m":1817.7545614140552}},{"type":"Feature","id":116,"geometry":{"type":"Polygon","coordinates":[[[23.690138200000035,37.942194200000074],[23.690004100000067,37.941977400000042],[23.68999210000004,37.941933000000063],[23.690001500000051,37.941904800000032],[23.690032700000074,37.941861200000062],[23.690085500000066,37.941827100000069],[23.690155100000027,37.941808200000025],[23.69021470000007,37.941815600000041],[23.690263000000073,37.94183780000003],[23.690466800000024,37.942012300000044],[23.690300900000068,37.942104100000051],[23.690138200000035,37.942194200000074]]]},"properties":{"fid":116,"leisure":"playground","name":null,"shapearea_m":1025.2253571776562}},{"type":"Feature","id":117,"geometry":{"type":"Polygon","coordinates":[[[23.71150270000004,37.964692300000024],[23.711336600000038,37.964859100000069],[23.711050000000057,37.964777000000026],[23.711229100000025,37.964551000000029],[23.711369200000036,37.96462340000005],[23.71150270000004,37.964692300000024]]]},"properties":{"fid":117,"leisure":"playground","name":null,"shapearea_m":724.55201927461269}},{"type":"Feature","id":118,"geometry":{"type":"Polygon","coordinates":[[[23.695123700000067,37.952208900000073],[23.695105000000069,37.952183500000046],[23.695099600000049,37.952153900000042],[23.695110300000067,37.95213270000005],[23.69515860000007,37.952056600000049],[23.695190800000034,37.952039700000057],[23.695271300000059,37.952058700000066],[23.695343700000024,37.952092500000049],[23.695367800000042,37.952103100000045],[23.695243000000062,37.952292800000066],[23.695172000000071,37.95225540000007],[23.695123700000067,37.952208900000073]]]},"properties":{"fid":118,"leisure":"playground","name":null,"shapearea_m":395.20530891339149}},{"type":"Feature","id":119,"geometry":{"type":"Polygon","coordinates":[[[23.757266600000037,37.842578200000048],[23.757132500000068,37.842614200000071],[23.757009100000062,37.84266290000005],[23.756897000000038,37.842753500000072],[23.756652400000064,37.842561300000057],[23.756687200000044,37.842533700000047],[23.756797200000051,37.842438400000049],[23.756845500000054,37.842417200000057],[23.756901800000037,37.842400300000065],[23.756958100000077,37.842393900000047],[23.757113700000048,37.842396000000065],[23.757153900000048,37.842402400000026],[23.757183400000031,37.842423600000075],[23.757306800000038,37.842512500000055],[23.757317500000056,37.842542200000025],[23.757306800000038,37.842563400000074],[23.757266600000037,37.842578200000048]]]},"properties":{"fid":119,"leisure":"playground","name":null,"shapearea_m":1330.2507408600504}},{"type":"Feature","id":120,"geometry":{"type":"Polygon","coordinates":[[[23.696855400000061,37.947929100000067],[23.696954000000062,37.948003800000038],[23.696837000000073,37.948100000000068],[23.696825300000057,37.948108200000036],[23.696777700000041,37.948072100000047],[23.696727500000065,37.948034200000052],[23.696769200000062,37.94799990000007],[23.696855400000061,37.947929100000067]]]},"properties":{"fid":120,"leisure":"playground","name":null,"shapearea_m":194.20732441191737}},{"type":"Feature","id":121,"geometry":{"type":"Polygon","coordinates":[[[23.689100500000052,37.949513100000047],[23.689281200000039,37.949640200000033],[23.689190000000053,37.949722400000041],[23.688976700000069,37.949546500000054],[23.689100500000052,37.949513100000047]]]},"properties":{"fid":121,"leisure":"playground","name":null,"shapearea_m":269.96739010043984}},{"type":"Feature","id":122,"geometry":{"type":"Polygon","coordinates":[[[23.856129800000076,38.029447100000027],[23.856604400000037,38.02932450000003],[23.856713600000035,38.029593900000066],[23.856301900000062,38.029703400000074],[23.856298700000025,38.029693200000054],[23.856285100000036,38.02968130000005],[23.856267000000059,38.029674400000033],[23.856250300000056,38.029671200000053],[23.856230800000048,38.029676000000052],[23.856129800000076,38.029447100000027]]]},"properties":{"fid":122,"leisure":"playground","name":null,"shapearea_m":1352.0697114525954}},{"type":"Feature","id":123,"geometry":{"type":"Polygon","coordinates":[[[23.858306900000059,38.026189900000077],[23.858143900000073,38.025872400000026],[23.858299500000044,38.02583130000005],[23.85847190000004,38.026147200000025],[23.858306900000059,38.026189900000077]]]},"properties":{"fid":123,"leisure":"playground","name":null,"shapearea_m":563.23903674741439}},{"type":"Feature","id":124,"geometry":{"type":"Polygon","coordinates":[[[23.761493600000051,37.989859700000068],[23.761406700000066,37.98992400000003],[23.761147000000051,37.989706000000069],[23.761233900000036,37.98964170000005],[23.761493600000051,37.989859700000068]]]},"properties":{"fid":124,"leisure":"playground","name":"Παιδική χαρά","shapearea_m":347.53366909864565}},{"type":"Feature","id":125,"geometry":{"type":"Polygon","coordinates":[[[23.730928000000063,38.095836000000077],[23.730930000000058,38.095759800000053],[23.730967500000077,38.095694500000036],[23.731140200000027,38.095535600000062],[23.731265000000064,38.095493400000066],[23.731255100000055,38.095828700000027],[23.730928000000063,38.095836000000077]]]},"properties":{"fid":125,"leisure":"playground","name":"Παιδική Χαρά","shapearea_m":774.18797149324871}},{"type":"Feature","id":126,"geometry":{"type":"Polygon","coordinates":[[[23.67019380000005,37.951403800000037],[23.669810300000051,37.95104740000005],[23.670187100000078,37.951115100000038],[23.670211300000062,37.951124600000071],[23.670235400000024,37.951134100000047],[23.670243400000061,37.951142600000026],[23.670240800000045,37.951380500000027],[23.670238100000063,37.951405900000054],[23.67019380000005,37.951403800000037]]]},"properties":{"fid":126,"leisure":"playground","name":null,"shapearea_m":667.80691531101218}},{"type":"Feature","id":127,"geometry":{"type":"Polygon","coordinates":[[[23.707411600000057,37.992762600000049],[23.70732060000006,37.992606200000068],[23.70758010000003,37.992512400000066],[23.707671100000027,37.992668900000069],[23.707411600000057,37.992762600000049]]]},"properties":{"fid":127,"leisure":"playground","name":null,"shapearea_m":479.02049840767171}},{"type":"Feature","id":128,"geometry":{"type":"Polygon","coordinates":[[[23.766667100000063,38.005953600000055],[23.766529700000035,38.005562400000031],[23.766804900000068,38.005483900000058],[23.766923800000029,38.005753600000048],[23.766998100000023,38.005943900000034],[23.767015700000059,38.005989100000079],[23.766959700000029,38.006026200000065],[23.766667100000063,38.005953600000055]]]},"properties":{"fid":128,"leisure":"playground","name":null,"shapearea_m":1487.6899484006658}},{"type":"Feature","id":129,"geometry":{"type":"Polygon","coordinates":[[[23.674499800000035,37.952039500000069],[23.674497900000063,37.951988100000051],[23.674548300000026,37.951987600000052],[23.674715700000036,37.951983000000041],[23.674800400000038,37.951981800000056],[23.674804300000062,37.952041100000031],[23.674499800000035,37.952039500000069]]]},"properties":{"fid":129,"leisure":"playground","name":null,"shapearea_m":164.05374937793655}},{"type":"Feature","id":130,"geometry":{"type":"Polygon","coordinates":[[[23.679560400000071,37.951931100000024],[23.679532700000038,37.951845000000048],[23.679750900000045,37.951793700000053],[23.679780200000039,37.951883600000031],[23.679560400000071,37.951931100000024]]]},"properties":{"fid":130,"leisure":"playground","name":null,"shapearea_m":201.74034052410974}},{"type":"Feature","id":131,"geometry":{"type":"Polygon","coordinates":[[[23.687271700000053,37.942535500000076],[23.687195600000052,37.942575600000055],[23.687103700000023,37.942624400000057],[23.687086300000033,37.942603000000076],[23.687026900000035,37.942535500000076],[23.686964900000078,37.94246030000005],[23.686928900000055,37.942419400000063],[23.686855100000059,37.94233550000007],[23.68703000000005,37.94224330000003],[23.687153600000045,37.942395900000065],[23.687271700000053,37.942535500000076]]]},"properties":{"fid":131,"leisure":"playground","name":null,"shapearea_m":696.1500625819483}},{"type":"Feature","id":132,"geometry":{"type":"Polygon","coordinates":[[[22.91096790000006,36.805931100000066],[22.910627300000044,36.805880500000058],[22.910270600000047,36.805903800000067],[22.910236700000041,36.805860300000063],[22.91063470000006,36.805658400000027],[22.91096790000006,36.805931100000066]]]},"properties":{"fid":132,"leisure":"playground","name":null,"shapearea_m":887.46011960601447}},{"type":"Feature","id":133,"geometry":{"type":"Polygon","coordinates":[[[23.714411200000029,37.967171200000053],[23.714442200000065,37.966981200000077],[23.714518700000042,37.966983700000071],[23.714515400000039,37.967008100000044],[23.714657100000068,37.967017100000078],[23.714634300000057,37.967141600000048],[23.714494300000069,37.967128800000069],[23.714482900000064,37.967175000000054],[23.714411200000029,37.967171200000053]]]},"properties":{"fid":133,"leisure":"playground","name":null,"shapearea_m":312.70884984251592}},{"type":"Feature","id":134,"geometry":{"type":"Polygon","coordinates":[[[23.826986300000044,38.006050600000037],[23.827158000000054,38.005877600000076],[23.827294100000074,38.00595670000007],[23.827201400000035,38.006043700000077],[23.827266300000076,38.006076900000039],[23.827203800000063,38.006215100000077],[23.826986300000044,38.006050600000037]]]},"properties":{"fid":134,"leisure":"playground","name":null,"shapearea_m":502.66994890458096}},{"type":"Feature","id":135,"geometry":{"type":"Polygon","coordinates":[[[23.455401400000028,37.502869200000077],[23.45598190000004,37.503924600000062],[23.455712300000073,37.503971600000057],[23.455604000000051,37.503986900000029],[23.455401400000028,37.502869200000077]]]},"properties":{"fid":135,"leisure":"playground","name":null,"shapearea_m":2139.2010712306328}},{"type":"Feature","id":136,"geometry":{"type":"Polygon","coordinates":[[[23.631229400000052,37.930797300000052],[23.631017900000074,37.930758500000024],[23.631093000000078,37.930503600000065],[23.631304500000056,37.930542400000036],[23.631259700000044,37.930704500000047],[23.631229400000052,37.930797300000052]]]},"properties":{"fid":136,"leisure":"playground","name":null,"shapearea_m":558.188981798604}},{"type":"Feature","id":137,"geometry":{"type":"Polygon","coordinates":[[[23.678396400000054,37.945717700000046],[23.678192100000047,37.945766900000081],[23.677888600000074,37.945840500000031],[23.677862100000027,37.945535900000039],[23.67847050000006,37.945498400000076],[23.678486200000066,37.945536000000061],[23.678497600000071,37.945585400000027],[23.678511800000024,37.945689900000048],[23.678396400000054,37.945717700000046]]]},"properties":{"fid":137,"leisure":"playground","name":null,"shapearea_m":1530.0635223040695}},{"type":"Feature","id":138,"geometry":{"type":"Polygon","coordinates":[[[23.708995200000061,37.961746900000037],[23.709289700000056,37.961478500000055],[23.709419800000035,37.961567200000047],[23.709125200000074,37.961835600000029],[23.708995200000061,37.961746900000037]]]},"properties":{"fid":138,"leisure":"playground","name":null,"shapearea_m":595.31251108916115}},{"type":"Feature","id":139,"geometry":{"type":"Polygon","coordinates":[[[23.706965600000046,37.961003100000028],[23.707756400000051,37.960278500000072],[23.70779820000007,37.960306900000035],[23.707863100000054,37.960350900000037],[23.707072400000072,37.961075500000049],[23.707004100000063,37.961029200000041],[23.706965600000046,37.961003100000028]]]},"properties":{"fid":139,"leisure":"playground","name":null,"shapearea_m":1312.9138428255987}},{"type":"Feature","id":140,"geometry":{"type":"Polygon","coordinates":[[[23.680483700000025,37.946087500000033],[23.680517300000076,37.946170800000061],[23.680274800000063,37.946248500000024],[23.680210800000054,37.946021200000075],[23.680296400000032,37.946006300000079],[23.680483700000025,37.946087500000033]]]},"properties":{"fid":140,"leisure":"playground","name":null,"shapearea_m":440.68171486127676}},{"type":"Feature","id":141,"geometry":{"type":"Polygon","coordinates":[[[23.613172900000052,37.952532500000075],[23.612986200000023,37.952531100000044],[23.612991600000043,37.952074800000048],[23.613178300000072,37.952076200000079],[23.613172900000052,37.952532500000075]]]},"properties":{"fid":141,"leisure":"playground","name":null,"shapearea_m":831.14171454830603}},{"type":"Feature","id":142,"geometry":{"type":"Polygon","coordinates":[[[23.832858200000032,38.045707300000061],[23.83303600000005,38.045654100000036],[23.83327010000005,38.045806500000026],[23.833283600000073,38.045937700000025],[23.833119300000078,38.046029900000065],[23.832858200000032,38.045707300000061]]]},"properties":{"fid":142,"leisure":"playground","name":null,"shapearea_m":824.897194841177}},{"type":"Feature","id":143,"geometry":{"type":"Polygon","coordinates":[[[23.667486100000076,38.106679100000065],[23.666957300000036,38.107328300000063],[23.666875800000071,38.107348100000024],[23.666743200000042,38.107306900000026],[23.667144300000075,38.106596300000035],[23.667486100000076,38.106679100000065]]]},"properties":{"fid":143,"leisure":"playground","name":"Παιδική Χαρά Φυλής","shapearea_m":2104.666694660375}},{"type":"Feature","id":144,"geometry":{"type":"Polygon","coordinates":[[[23.700358700000038,38.09381540000004],[23.700690200000054,38.093743700000061],[23.700553800000023,38.09389120000003],[23.700432700000079,38.093989100000044],[23.700358700000038,38.09381540000004]]]},"properties":{"fid":144,"leisure":"playground","name":null,"shapearea_m":328.11128538136188}},{"type":"Feature","id":145,"geometry":{"type":"Polygon","coordinates":[[[23.685034500000029,37.927899400000058],[23.685220100000038,37.928161400000079],[23.685086600000034,37.928251300000056],[23.684990200000072,37.928205700000035],[23.684923800000035,37.92817430000008],[23.684904200000062,37.92814670000007],[23.684800000000052,37.927999600000078],[23.685034500000029,37.927899400000058]]]},"properties":{"fid":145,"leisure":"playground","name":null,"shapearea_m":772.47373541717764}},{"type":"Feature","id":146,"geometry":{"type":"Polygon","coordinates":[[[23.696682800000076,37.944074800000067],[23.696995000000072,37.944299500000056],[23.696399100000065,37.944304700000032],[23.696682800000076,37.944074800000067]]]},"properties":{"fid":146,"leisure":"playground","name":null,"shapearea_m":661.1028879841524}},{"type":"Feature","id":147,"geometry":{"type":"Polygon","coordinates":[[[23.693272900000068,37.95499140000004],[23.693223000000046,37.955037600000026],[23.693149700000049,37.955105500000059],[23.693041200000039,37.955032800000026],[23.693164400000057,37.954918600000042],[23.693253900000059,37.954978600000061],[23.693272900000068,37.95499140000004]]]},"properties":{"fid":147,"leisure":"playground","name":null,"shapearea_m":208.26864374621152}},{"type":"Feature","id":148,"geometry":{"type":"Polygon","coordinates":[[[23.691349900000034,37.95520300000004],[23.691370300000074,37.95518990000005],[23.691423900000075,37.955155600000069],[23.691610400000059,37.955303600000036],[23.691546500000072,37.955354600000078],[23.691349900000034,37.95520300000004]]]},"properties":{"fid":148,"leisure":"playground","name":null,"shapearea_m":192.70093885919692}},{"type":"Feature","id":149,"geometry":{"type":"Polygon","coordinates":[[[23.693722600000058,37.956827800000042],[23.69361200000003,37.956753400000025],[23.693515900000023,37.956688700000029],[23.693581000000052,37.956630200000063],[23.693791800000042,37.956764000000078],[23.693722600000058,37.956827800000042]]]},"properties":{"fid":149,"leisure":"playground","name":null,"shapearea_m":213.92814708937181}},{"type":"Feature","id":150,"geometry":{"type":"Polygon","coordinates":[[[23.318571100000042,38.306352000000061],[23.31872530000004,38.306139400000063],[23.318838000000028,38.306189000000074],[23.318687800000077,38.306400100000076],[23.318571100000042,38.306352000000061]]]},"properties":{"fid":150,"leisure":"playground","name":null,"shapearea_m":308.10434969116733}},{"type":"Feature","id":151,"geometry":{"type":"Polygon","coordinates":[[[22.931858200000079,37.938499000000036],[22.931747200000075,37.938579200000049],[22.931410200000073,37.938243000000057],[22.931481700000063,37.938199300000065],[22.93151940000007,37.938176800000065],[22.931858200000079,37.938499000000036]]]},"properties":{"fid":151,"leisure":"playground","name":null,"shapearea_m":595.1718016308871}},{"type":"Feature","id":152,"geometry":{"type":"Polygon","coordinates":[[[22.918993800000067,37.934751700000049],[22.919133200000033,37.934449400000062],[22.919330400000035,37.934486800000059],[22.919192000000066,37.934797100000026],[22.918993800000067,37.934751700000049]]]},"properties":{"fid":152,"leisure":"playground","name":null,"shapearea_m":646.98936549729308}},{"type":"Feature","id":153,"geometry":{"type":"Polygon","coordinates":[[[22.933729300000039,37.941406000000029],[22.933658200000025,37.94132710000008],[22.933740900000032,37.941281600000025],[22.933781300000078,37.941310500000043],[22.933844700000066,37.941340800000035],[22.933729300000039,37.941406000000029]]]},"properties":{"fid":153,"leisure":"playground","name":null,"shapearea_m":110.98983732888206}},{"type":"Feature","id":154,"geometry":{"type":"Polygon","coordinates":[[[22.932293000000072,37.937676600000032],[22.932192400000076,37.937740800000029],[22.931938700000046,37.937522200000046],[22.93203630000005,37.937455300000067],[22.932293000000072,37.937676600000032]]]},"properties":{"fid":154,"leisure":"playground","name":null,"shapearea_m":375.90181969650251}},{"type":"Feature","id":155,"geometry":{"type":"Polygon","coordinates":[[[23.680836600000077,37.951229400000045],[23.680779200000075,37.951054600000077],[23.681182800000045,37.950980800000025],[23.681189600000039,37.95100380000008],[23.681213700000058,37.951081600000066],[23.681232200000068,37.951147700000035],[23.681110100000069,37.951172400000075],[23.681050400000061,37.951185700000053],[23.680836600000077,37.951229400000045]]]},"properties":{"fid":155,"leisure":"playground","name":null,"shapearea_m":707.41804671657417}},{"type":"Feature","id":156,"geometry":{"type":"Polygon","coordinates":[[[22.916910400000063,37.934668300000055],[22.916910400000063,37.934548000000063],[22.916987600000027,37.934548000000063],[22.91699170000004,37.934621800000059],[22.916989700000045,37.934665100000075],[22.916910400000063,37.934668300000055]]]},"properties":{"fid":156,"leisure":"playground","name":null,"shapearea_m":92.234244918602343}},{"type":"Feature","id":157,"geometry":{"type":"Polygon","coordinates":[[[23.765278900000055,37.945862700000077],[23.765324100000043,37.945765400000028],[23.765489600000024,37.945641900000055],[23.765872500000057,37.945970100000068],[23.765639100000044,37.946108400000071],[23.765420900000038,37.945893000000069],[23.765278900000055,37.945862700000077]]]},"properties":{"fid":157,"leisure":"playground","name":"Παιδική Χαρά","shapearea_m":1206.8556376265749}},{"type":"Feature","id":158,"geometry":{"type":"Polygon","coordinates":[[[22.918317800000068,37.936250100000052],[22.918405700000051,37.936122600000033],[22.918668000000025,37.936197600000071],[22.918565900000033,37.936403300000052],[22.918550300000049,37.936405500000035],[22.918320700000038,37.936266900000078],[22.918317800000068,37.936250100000052]]]},"properties":{"fid":158,"leisure":"playground","name":null,"shapearea_m":551.79541381296963}},{"type":"Feature","id":159,"geometry":{"type":"Polygon","coordinates":[[[22.923720400000036,37.931611300000043],[22.923763100000031,37.931526400000052],[22.923838300000057,37.931539200000032],[22.923905400000024,37.931552000000067],[22.923897200000056,37.93157130000003],[22.923925700000041,37.931661100000042],[22.923848400000054,37.93167550000004],[22.923828100000037,37.931662700000061],[22.923807800000077,37.931657800000039],[22.923767100000077,37.931654600000059],[22.923720400000036,37.931611300000043]]]},"properties":{"fid":159,"leisure":"playground","name":null,"shapearea_m":204.8123674103729}},{"type":"Feature","id":160,"geometry":{"type":"Polygon","coordinates":[[[22.924338200000022,37.932148100000063],[22.924435500000072,37.932187200000044],[22.924375400000031,37.93228350000004],[22.924325800000076,37.932287700000074],[22.924279800000022,37.932300300000065],[22.924244400000077,37.932308700000078],[22.924249700000075,37.932272400000045],[22.924292200000025,37.932205400000043],[22.924338200000022,37.932148100000063]]]},"properties":{"fid":160,"leisure":"playground","name":null,"shapearea_m":160.78738151291597}},{"type":"Feature","id":161,"geometry":{"type":"Polygon","coordinates":[[[23.719169800000032,37.961580000000026],[23.718883000000062,37.961848800000041],[23.718677700000057,37.961722900000041],[23.719034200000067,37.961498600000027],[23.719169800000032,37.961580000000026]]]},"properties":{"fid":161,"leisure":"playground","name":null,"shapearea_m":735.10296881704357}},{"type":"Feature","id":162,"geometry":{"type":"Polygon","coordinates":[[[23.667417900000032,37.950185300000044],[23.66734880000007,37.95007830000003],[23.667395900000031,37.950059400000043],[23.667484100000024,37.950024000000042],[23.667553200000043,37.950131000000056],[23.667417900000032,37.950185300000044]]]},"properties":{"fid":162,"leisure":"playground","name":null,"shapearea_m":177.83554641789388}},{"type":"Feature","id":163,"geometry":{"type":"Polygon","coordinates":[[[22.948141900000053,37.93890330000005],[22.948228700000072,37.938999400000057],[22.948139900000058,37.939049300000079],[22.948053100000038,37.938953200000071],[22.948141900000053,37.93890330000005]]]},"properties":{"fid":163,"leisure":"playground","name":null,"shapearea_m":125.5246448763211}},{"type":"Feature","id":164,"geometry":{"type":"Polygon","coordinates":[[[23.741029500000025,37.918697200000054],[23.741042400000026,37.919003400000065],[23.740750500000047,37.919011100000034],[23.740644600000053,37.918896200000063],[23.740431200000046,37.919018600000072],[23.740223800000024,37.919023500000037],[23.74022130000003,37.918957700000078],[23.740695100000039,37.918684300000052],[23.740705300000059,37.918705700000032],[23.741029500000025,37.918697200000054]]]},"properties":{"fid":164,"leisure":"playground","name":null,"shapearea_m":1747.9748477253879}},{"type":"Feature","id":165,"geometry":{"type":"Polygon","coordinates":[[[23.734179700000027,37.918925900000033],[23.734164000000078,37.918956300000048],[23.734136500000034,37.918981000000031],[23.734100300000023,37.918997300000058],[23.734059300000069,37.919003400000065],[23.734018100000071,37.918998500000043],[23.733981700000072,37.918983600000047],[23.733953300000053,37.918960300000037],[23.733936000000028,37.918931000000043],[23.73393150000004,37.918898900000045],[23.733940300000029,37.918867300000045],[23.733961600000043,37.918839600000069],[23.733993000000055,37.918818800000054],[23.734031200000061,37.918807100000038],[23.734072800000035,37.91880580000003],[23.734112700000026,37.918815300000063],[23.734146500000065,37.91883450000006],[23.734170500000062,37.918861400000026],[23.734181900000067,37.918893000000025],[23.734179700000027,37.918925900000033]]]},"properties":{"fid":165,"leisure":"playground","name":null,"shapearea_m":375.41774590949359}},{"type":"Feature","id":166,"geometry":{"type":"Polygon","coordinates":[[[22.946042300000045,37.94109270000007],[22.946085100000062,37.940953500000035],[22.946133300000042,37.940957900000058],[22.946192600000074,37.940989400000035],[22.946229900000048,37.941022000000032],[22.946250500000076,37.941073200000062],[22.946254700000054,37.941130800000053],[22.94618440000005,37.94114060000004],[22.946111300000041,37.94114170000006],[22.946114000000023,37.94112430000007],[22.946035400000028,37.941117700000063],[22.946042300000045,37.94109270000007]]]},"properties":{"fid":166,"leisure":"playground","name":null,"shapearea_m":286.56639009980313}},{"type":"Feature","id":167,"geometry":{"type":"Polygon","coordinates":[[[23.641547200000048,37.929178500000035],[23.64151350000003,37.929137800000035],[23.641481200000044,37.929098600000032],[23.641465400000072,37.929079500000057],[23.641516300000035,37.929053400000043],[23.641525900000033,37.929048500000079],[23.641538700000069,37.929042000000038],[23.641595900000027,37.929012500000056],[23.641682500000059,37.929117400000052],[23.641699900000049,37.929138500000079],[23.641629100000046,37.929174900000078],[23.641606800000034,37.929147900000032],[23.641568800000073,37.92916740000004],[23.641547200000048,37.929178500000035]]]},"properties":{"fid":167,"leisure":"playground","name":null,"shapearea_m":206.03964615826223}},{"type":"Feature","id":168,"geometry":{"type":"Polygon","coordinates":[[[23.676680100000056,37.953769800000032],[23.676771300000041,37.953796200000056],[23.676799800000026,37.953824600000075],[23.676814000000036,37.953852300000051],[23.676816500000029,37.953874100000064],[23.676816500000029,37.953897200000029],[23.676807300000064,37.953911700000049],[23.676782200000048,37.953954600000031],[23.676762100000076,37.953986900000075],[23.676757100000032,37.953994800000032],[23.676589700000022,37.953940100000068],[23.676680100000056,37.953769800000032]]]},"properties":{"fid":168,"leisure":"playground","name":null,"shapearea_m":315.11950423875453}},{"type":"Feature","id":169,"geometry":{"type":"Polygon","coordinates":[[[23.672945600000048,37.961640300000056],[23.67277370000005,37.96137340000007],[23.67307500000004,37.96121880000004],[23.673305700000071,37.961509600000056],[23.672945600000048,37.961640300000056]]]},"properties":{"fid":169,"leisure":"playground","name":null,"shapearea_m":1179.5783796431433}},{"type":"Feature","id":170,"geometry":{"type":"Polygon","coordinates":[[[23.655591000000072,37.943563800000049],[23.655468900000074,37.94362730000006],[23.655439400000034,37.943592100000046],[23.65539700000005,37.943541500000038],[23.655519200000072,37.943477900000062],[23.655591000000072,37.943563800000049]]]},"properties":{"fid":170,"leisure":"playground","name":"Παιδική Χαρά Τζαβέλλα","shapearea_m":146.86172042117002}},{"type":"Feature","id":171,"geometry":{"type":"Polygon","coordinates":[[[23.857728100000031,38.057725800000071],[23.857657000000074,38.05740650000007],[23.858028600000068,38.057404500000075],[23.858089000000064,38.05767110000005],[23.857728100000031,38.057725800000071]]]},"properties":{"fid":171,"leisure":"playground","name":null,"shapearea_m":1063.3595580901338}},{"type":"Feature","id":172,"geometry":{"type":"Polygon","coordinates":[[[23.716168800000048,37.952449500000057],[23.716146500000036,37.952240700000061],[23.716380900000047,37.952225200000044],[23.716403200000059,37.952433900000074],[23.716168800000048,37.952449500000057]]]},"properties":{"fid":172,"leisure":"playground","name":null,"shapearea_m":480.72040978076279}},{"type":"Feature","id":173,"geometry":{"type":"Polygon","coordinates":[[[23.649743700000045,37.939055200000041],[23.649815700000033,37.939137000000073],[23.649581900000044,37.939265100000057],[23.649509900000055,37.939183400000047],[23.649743700000045,37.939055200000041]]]},"properties":{"fid":173,"leisure":"playground","name":null,"shapearea_m":276.5140620276083}},{"type":"Feature","id":174,"geometry":{"type":"Polygon","coordinates":[[[23.697772100000066,37.957307000000071],[23.697558500000071,37.957173000000068],[23.697621800000036,37.95710820000005],[23.697611000000052,37.957055300000036],[23.697578800000031,37.957032000000027],[23.697683200000029,37.956934000000047],[23.697858500000052,37.957048400000076],[23.697930400000075,37.957095500000037],[23.697963900000047,37.957115600000066],[23.697857800000065,37.957222400000035],[23.697772100000066,37.957307000000071]]]},"properties":{"fid":174,"leisure":"playground","name":null,"shapearea_m":779.17048564418224}},{"type":"Feature","id":175,"geometry":{"type":"Polygon","coordinates":[[[23.730793100000028,37.965305000000058],[23.730593100000078,37.965322100000037],[23.73058240000006,37.965201600000057],[23.730760300000043,37.965188600000033],[23.730793100000028,37.965305000000058]]]},"properties":{"fid":175,"leisure":"playground","name":null,"shapearea_m":221.49005129922548}},{"type":"Feature","id":176,"geometry":{"type":"Polygon","coordinates":[[[23.967934700000058,37.82736390000008],[23.967865700000061,37.827267900000038],[23.968011600000068,37.827188300000046],[23.968187400000033,37.827146900000059],[23.968201100000044,37.827216300000032],[23.96804590000005,37.82727280000006],[23.968052800000066,37.827287900000044],[23.968011600000068,37.827328100000045],[23.967934700000058,37.82736390000008]]]},"properties":{"fid":176,"leisure":"playground","name":null,"shapearea_m":311.53969185143063}},{"type":"Feature","id":177,"geometry":{"type":"Polygon","coordinates":[[[23.910955000000058,37.980888500000049],[23.910796700000049,37.980666500000041],[23.91086910000007,37.980622100000062],[23.910922800000037,37.980512100000055],[23.910992500000077,37.980419100000063],[23.911019300000078,37.980429700000059],[23.911064900000042,37.980503700000042],[23.911129300000027,37.980607300000031],[23.91123390000007,37.980763700000068],[23.910955000000058,37.980888500000049]]]},"properties":{"fid":177,"leisure":"playground","name":"Παιδότοπος","shapearea_m":1012.1370346708094}},{"type":"Feature","id":178,"geometry":{"type":"Polygon","coordinates":[[[23.686014600000078,37.953934600000025],[23.685745900000029,37.953995100000043],[23.685732600000051,37.953958200000045],[23.685699200000045,37.95386620000005],[23.685660400000074,37.953759000000048],[23.685710000000029,37.953747800000031],[23.685888100000057,37.953707700000052],[23.685929100000067,37.95369850000003],[23.686014600000078,37.953934600000025]]]},"properties":{"fid":178,"leisure":"playground","name":null,"shapearea_m":669.37669279258887}},{"type":"Feature","id":179,"geometry":{"type":"Polygon","coordinates":[[[23.700707900000054,38.056747100000052],[23.700528200000065,38.056609900000069],[23.700793800000042,38.056355400000029],[23.70098820000004,38.056484200000057],[23.700707900000054,38.056747100000052]]]},"properties":{"fid":179,"leisure":"playground","name":null,"shapearea_m":825.04557355363681}},{"type":"Feature","id":180,"geometry":{"type":"Polygon","coordinates":[[[23.701061700000025,38.056527700000061],[23.701166100000023,38.056446200000039],[23.701204200000063,38.056433000000027],[23.701249300000029,38.056444100000078],[23.701363400000048,38.056478200000072],[23.701204200000063,38.056611300000043],[23.701061700000025,38.056527700000061]]]},"properties":{"fid":180,"leisure":"playground","name":null,"shapearea_m":271.75245387608004}},{"type":"Feature","id":181,"geometry":{"type":"Polygon","coordinates":[[[23.712517800000057,37.937924700000053],[23.712477600000057,37.937931000000049],[23.712426600000072,37.937774500000046],[23.712568800000042,37.937749100000076],[23.712619800000027,37.937905700000044],[23.712517800000057,37.937924700000053]]]},"properties":{"fid":181,"leisure":"playground","name":null,"shapearea_m":230.41523246239259}},{"type":"Feature","id":182,"geometry":{"type":"Polygon","coordinates":[[[23.714883400000076,37.959408300000064],[23.714889300000038,37.959281200000078],[23.71523140000005,37.959270300000071],[23.715228400000058,37.959393400000067],[23.714883400000076,37.959408300000064]]]},"properties":{"fid":182,"leisure":"playground","name":null,"shapearea_m":418.66595969714797}},{"type":"Feature","id":183,"geometry":{"type":"Polygon","coordinates":[[[23.715646500000048,37.961834300000078],[23.715572800000075,37.961866800000053],[23.715537300000051,37.961863500000049],[23.715505200000052,37.961852900000054],[23.715420800000061,37.961795900000027],[23.715531600000077,37.961728200000039],[23.715646500000048,37.961834300000078]]]},"properties":{"fid":183,"leisure":"playground","name":null,"shapearea_m":159.23713491403097}},{"type":"Feature","id":184,"geometry":{"type":"Polygon","coordinates":[[[23.687233000000049,37.928470400000037],[23.687183700000048,37.928474200000039],[23.686924500000032,37.928372900000056],[23.686872900000026,37.928191100000049],[23.687069700000052,37.928098300000045],[23.687068500000066,37.928148500000077],[23.687109300000031,37.928221400000041],[23.687327800000048,37.928364300000055],[23.687233000000049,37.928470400000037]]]},"properties":{"fid":184,"leisure":"playground","name":null,"shapearea_m":852.12770449440802}},{"type":"Feature","id":185,"geometry":{"type":"Polygon","coordinates":[[[23.82827640000005,38.025153400000079],[23.828084300000057,38.024959700000068],[23.828294300000039,38.024841700000025],[23.828473400000064,38.025045700000078],[23.82827640000005,38.025153400000079]]]},"properties":{"fid":185,"leisure":"playground","name":null,"shapearea_m":598.50021703680341}},{"type":"Feature","id":186,"geometry":{"type":"Polygon","coordinates":[[[23.803086300000075,38.025882200000069],[23.802776700000038,38.025982600000077],[23.802585500000077,38.025714900000025],[23.803086300000075,38.025882200000069]]]},"properties":{"fid":186,"leisure":"playground","name":null,"shapearea_m":497.40361007270207}},{"type":"Feature","id":187,"geometry":{"type":"Polygon","coordinates":[[[23.808616200000074,38.029989800000067],[23.808538100000078,38.029866100000049],[23.808700000000044,38.029803700000059],[23.808775900000057,38.029930600000057],[23.808616200000074,38.029989800000067]]]},"properties":{"fid":187,"leisure":"playground","name":null,"shapearea_m":241.97136237560412}},{"type":"Feature","id":188,"geometry":{"type":"Polygon","coordinates":[[[23.814350600000068,38.033048600000029],[23.814663600000074,38.032918100000074],[23.814822400000025,38.033154300000035],[23.814509400000077,38.033284800000047],[23.814350600000068,38.033048600000029]]]},"properties":{"fid":188,"leisure":"playground","name":null,"shapearea_m":922.38098164969961}},{"type":"Feature","id":189,"geometry":{"type":"Polygon","coordinates":[[[23.831191900000078,38.028575900000078],[23.831333400000062,38.02874120000007],[23.831286100000057,38.028767100000039],[23.831124000000045,38.028855700000065],[23.830979800000023,38.028691500000036],[23.831191900000078,38.028575900000078]]]},"properties":{"fid":189,"leisure":"playground","name":null,"shapearea_m":498.56918631340346}},{"type":"Feature","id":190,"geometry":{"type":"Polygon","coordinates":[[[23.835530700000049,38.037724200000071],[23.835765900000069,38.03751770000008],[23.836122600000067,38.037769800000035],[23.835887400000047,38.037976300000025],[23.835530700000049,38.037724200000071]]]},"properties":{"fid":190,"leisure":"playground","name":null,"shapearea_m":1295.5097648997239}},{"type":"Feature","id":191,"geometry":{"type":"Polygon","coordinates":[[[23.671531600000037,37.960684700000058],[23.671415100000047,37.960449500000038],[23.671543900000074,37.960280200000057],[23.671582900000033,37.960298700000067],[23.671614100000056,37.960313000000042],[23.671765900000025,37.960604100000069],[23.671769600000061,37.960611500000027],[23.671531600000037,37.960684700000058]]]},"properties":{"fid":191,"leisure":"playground","name":null,"shapearea_m":786.52901545503607}},{"type":"Feature","id":192,"geometry":{"type":"Polygon","coordinates":[[[23.673643000000027,37.96336690000004],[23.673388500000044,37.963303500000052],[23.673432200000036,37.963194500000043],[23.673686600000053,37.963257900000031],[23.673643000000027,37.96336690000004]]]},"properties":{"fid":192,"leisure":"playground","name":null,"shapearea_m":297.51769214523307}},{"type":"Feature","id":193,"geometry":{"type":"Polygon","coordinates":[[[23.740316500000063,37.909341700000027],[23.740189200000032,37.909123600000044],[23.740339400000039,37.909069100000067],[23.74046670000007,37.909287100000029],[23.740316500000063,37.909341700000027]]]},"properties":{"fid":193,"leisure":"playground","name":null,"shapearea_m":387.46409073019635}},{"type":"Feature","id":194,"geometry":{"type":"Polygon","coordinates":[[[23.839743000000055,38.04013290000006],[23.839631200000042,38.040050700000052],[23.839825900000051,38.039886400000057],[23.839937700000064,38.039968500000043],[23.839743000000055,38.04013290000006]]]},"properties":{"fid":194,"leisure":"playground","name":null,"shapearea_m":334.88613007436931}},{"type":"Feature","id":195,"geometry":{"type":"Polygon","coordinates":[[[23.843515400000058,38.03692060000003],[23.84364880000004,38.036819700000081],[23.843770100000029,38.036913200000072],[23.843639400000029,38.037013100000024],[23.843515400000058,38.03692060000003]]]},"properties":{"fid":195,"leisure":"playground","name":null,"shapearea_m":239.65739207660258}},{"type":"Feature","id":196,"geometry":{"type":"Polygon","coordinates":[[[23.718569600000023,37.921825900000044],[23.718341200000054,37.921725200000026],[23.718371700000034,37.921682100000055],[23.71860010000006,37.921782900000039],[23.718569600000023,37.921825900000044]]]},"properties":{"fid":196,"leisure":"playground","name":null,"shapearea_m":125.94876525140778}},{"type":"Feature","id":197,"geometry":{"type":"Polygon","coordinates":[[[23.803065700000047,38.034275500000035],[23.803062700000055,38.034184700000026],[23.803142700000024,38.034087600000078],[23.803182400000026,38.034047000000044],[23.803226100000074,38.034028300000045],[23.803266400000041,38.034023400000081],[23.803280500000028,38.034028600000056],[23.80328940000004,38.034064000000058],[23.803298700000028,38.034269900000027],[23.803065700000047,38.034275500000035]]]},"properties":{"fid":197,"leisure":"playground","name":null,"shapearea_m":444.8151085832373}},{"type":"Feature","id":198,"geometry":{"type":"Polygon","coordinates":[[[23.82874970000006,38.040840700000047],[23.828889300000071,38.040722500000072],[23.829165700000033,38.040925100000038],[23.829026100000078,38.041043300000069],[23.82874970000006,38.040840700000047]]]},"properties":{"fid":198,"leisure":"playground","name":null,"shapearea_m":593.91489050837879}},{"type":"Feature","id":199,"geometry":{"type":"Polygon","coordinates":[[[23.710478500000079,38.019001500000059],[23.710288500000047,38.019069000000059],[23.71022430000005,38.018956800000069],[23.710414300000025,38.018889300000069],[23.710478500000079,38.019001500000059]]]},"properties":{"fid":199,"leisure":"playground","name":"Παιδική Χαρά","shapearea_m":250.01522191204324}},{"type":"Feature","id":200,"geometry":{"type":"Polygon","coordinates":[[[23.831271500000071,38.009213700000032],[23.831429800000024,38.009317200000055],[23.83143780000006,38.009336300000029],[23.83143780000006,38.009361600000034],[23.831272900000045,38.009469400000057],[23.831126700000027,38.009356300000036],[23.831107900000063,38.009328900000071],[23.831114600000035,38.009304600000064],[23.831168300000058,38.009263400000066],[23.831234000000052,38.009221100000047],[23.831271500000071,38.009213700000032]]]},"properties":{"fid":200,"leisure":"playground","name":null,"shapearea_m":479.97957002315127}},{"type":"Feature","id":201,"geometry":{"type":"Polygon","coordinates":[[[23.801969000000042,38.010465900000042],[23.801757800000075,38.010442700000056],[23.801845300000025,38.010132500000054],[23.802036800000053,38.010157400000026],[23.801969000000042,38.010465900000042]]]},"properties":{"fid":201,"leisure":"playground","name":null,"shapearea_m":625.36772238538322}},{"type":"Feature","id":202,"geometry":{"type":"Polygon","coordinates":[[[23.721084400000052,37.905651000000034],[23.720788600000049,37.905638500000066],[23.720804300000054,37.905482600000028],[23.721077600000058,37.905493500000034],[23.721072400000025,37.905600700000036],[23.721092700000042,37.905615500000067],[23.721096000000045,37.905634100000043],[23.721084400000052,37.905651000000034]]]},"properties":{"fid":202,"leisure":"playground","name":null,"shapearea_m":433.64719214206309}},{"type":"Feature","id":203,"geometry":{"type":"Polygon","coordinates":[[[23.803314900000032,37.819002500000067],[23.803229700000031,37.818868500000065],[23.802890300000058,37.818592900000056],[23.80333550000006,37.818464900000038],[23.803526200000078,37.818927600000052],[23.803314900000032,37.819002500000067]]]},"properties":{"fid":203,"leisure":"playground","name":null,"shapearea_m":1596.6519439703009}},{"type":"Feature","id":204,"geometry":{"type":"Polygon","coordinates":[[[23.859056200000055,38.050528100000065],[23.859222500000044,38.050325300000054],[23.859386100000052,38.050456300000064],[23.859230500000024,38.050576700000079],[23.859056200000055,38.050528100000065]]]},"properties":{"fid":204,"leisure":"playground","name":null,"shapearea_m":406.80393022607893}},{"type":"Feature","id":205,"geometry":{"type":"Polygon","coordinates":[[[23.831298000000061,38.043842900000072],[23.831472200000064,38.04370300000005],[23.831614600000023,38.043800000000033],[23.831697500000075,38.043905800000061],[23.831660600000077,38.043924700000048],[23.83162290000007,38.043916200000069],[23.831629000000078,38.043900600000029],[23.831417900000076,38.043852600000037],[23.831411200000048,38.043868400000065],[23.831298000000061,38.043842900000072]]]},"properties":{"fid":205,"leisure":"playground","name":null,"shapearea_m":372.5933987320409}},{"type":"Feature","id":206,"geometry":{"type":"Polygon","coordinates":[[[23.831327200000032,38.014487900000063],[23.831541100000038,38.014620500000035],[23.831190400000025,38.014686600000061],[23.831177000000025,38.014680700000042],[23.831178300000033,38.014671200000066],[23.831327200000032,38.014487900000063]]]},"properties":{"fid":206,"leisure":"playground","name":null,"shapearea_m":318.18500761798526}},{"type":"Feature","id":207,"geometry":{"type":"Polygon","coordinates":[[[23.756895400000076,38.130002500000046],[23.756826700000033,38.129919500000028],[23.756823700000041,38.129818300000068],[23.756786200000079,38.129738000000032],[23.756790400000057,38.129698500000075],[23.756806700000027,38.129658900000038],[23.756940600000064,38.129739800000038],[23.757058200000074,38.129828600000053],[23.756895400000076,38.130002500000046]]]},"properties":{"fid":207,"leisure":"playground","name":null,"shapearea_m":456.58346551113203}},{"type":"Feature","id":208,"geometry":{"type":"Polygon","coordinates":[[[23.757228100000077,38.130184800000052],[23.757355500000074,38.13007900000008],[23.757497100000023,38.130088800000067],[23.757454600000074,38.130222400000036],[23.757228100000077,38.130184800000052]]]},"properties":{"fid":208,"leisure":"playground","name":null,"shapearea_m":233.99849834796117}},{"type":"Feature","id":209,"geometry":{"type":"Polygon","coordinates":[[[23.783652600000039,38.249088100000051],[23.78362020000003,38.248979900000052],[23.78381870000004,38.24893540000005],[23.783879500000069,38.249030800000071],[23.783652600000039,38.249088100000051]]]},"properties":{"fid":209,"leisure":"playground","name":"Open Ground","shapearea_m":233.43574974143283}},{"type":"Feature","id":210,"geometry":{"type":"Polygon","coordinates":[[[23.78390980000006,38.241871400000036],[23.78390580000007,38.241788700000029],[23.784047600000065,38.241779100000031],[23.784047600000065,38.241865000000075],[23.78390980000006,38.241871400000036]]]},"properties":{"fid":210,"leisure":"playground","name":"Playground","shapearea_m":114.6763232215291}},{"type":"Feature","id":211,"geometry":{"type":"Polygon","coordinates":[[[23.784189400000059,38.242135500000074],[23.784193500000072,38.241928700000074],[23.784465300000022,38.241937200000052],[23.784801200000061,38.241947800000048],[23.784776900000054,38.242151400000068],[23.784189400000059,38.242135500000074]]]},"properties":{"fid":211,"leisure":"playground","name":"Capacity Area","shapearea_m":1194.1571819353185}},{"type":"Feature","id":212,"geometry":{"type":"Polygon","coordinates":[[[23.782593100000042,38.24477660000008],[23.782605200000035,38.244681200000059],[23.782730800000024,38.244684300000074],[23.78271060000003,38.244786200000078],[23.782593100000042,38.24477660000008]]]},"properties":{"fid":212,"leisure":"playground","name":"Open Ground","shapearea_m":117.51229222989274}},{"type":"Feature","id":213,"geometry":{"type":"Polygon","coordinates":[[[23.782479600000045,38.244754300000068],[23.782479600000045,38.244690700000035],[23.782528300000024,38.244693900000073],[23.782520200000079,38.244754300000068],[23.782479600000045,38.244754300000068]]]},"properties":{"fid":213,"leisure":"playground","name":"Open Ground","shapearea_m":26.962573111092237}},{"type":"Feature","id":214,"geometry":{"type":"Polygon","coordinates":[[[23.783820700000035,38.244929400000046],[23.783857200000057,38.244827500000042],[23.784108400000036,38.244853000000035],[23.78408410000003,38.244951600000036],[23.783820700000035,38.244929400000046]]]},"properties":{"fid":214,"leisure":"playground","name":"Open Ground","shapearea_m":257.68842546252529}},{"type":"Feature","id":215,"geometry":{"type":"Polygon","coordinates":[[[23.784665500000074,38.249002200000064],[23.784665500000074,38.248887600000046],[23.784746700000028,38.248888800000032],[23.784880200000032,38.248890800000027],[23.784904500000039,38.249005400000044],[23.784665500000074,38.249002200000064]]]},"properties":{"fid":215,"leisure":"playground","name":"Open Ground","shapearea_m":252.23175383990079}},{"type":"Feature","id":216,"geometry":{"type":"Polygon","coordinates":[[[23.78390980000006,38.241702800000041],[23.783873400000061,38.241639100000043],[23.784015200000056,38.241629600000067],[23.784019200000046,38.241686800000025],[23.78390980000006,38.241702800000041]]]},"properties":{"fid":216,"leisure":"playground","name":"Playground","shapearea_m":76.282387952914448}},{"type":"Feature","id":217,"geometry":{"type":"Polygon","coordinates":[[[23.780842800000073,38.239992400000062],[23.780745600000046,38.239877800000045],[23.780648300000053,38.239690000000053],[23.78063620000006,38.239467300000058],[23.78063620000006,38.23934950000006],[23.780736500000046,38.239359100000058],[23.780889300000069,38.23934150000008],[23.780952200000058,38.239301800000078],[23.781454600000075,38.239308200000039],[23.781462700000077,38.239448200000027],[23.781434300000058,38.239801400000033],[23.781389800000056,38.239900100000057],[23.781264200000066,38.239963700000033],[23.780842800000073,38.239992400000062]]]},"properties":{"fid":217,"leisure":"playground","name":"Playground","shapearea_m":4794.4823073489342}},{"type":"Feature","id":218,"geometry":{"type":"Polygon","coordinates":[[[23.787062000000049,38.246089200000029],[23.787045700000078,38.245856900000035],[23.787224900000069,38.245828800000027],[23.787369900000044,38.245806000000073],[23.787386100000049,38.246066900000073],[23.787062000000049,38.246089200000029]]]},"properties":{"fid":218,"leisure":"playground","name":null,"shapearea_m":782.44466265735377}},{"type":"Feature","id":219,"geometry":{"type":"Polygon","coordinates":[[[23.787398200000041,38.247425600000042],[23.787349600000027,38.247186900000031],[23.787722400000064,38.247129700000073],[23.787775000000067,38.247381000000075],[23.787398200000041,38.247425600000042]]]},"properties":{"fid":219,"leisure":"playground","name":null,"shapearea_m":917.26923432759872}},{"type":"Feature","id":220,"geometry":{"type":"Polygon","coordinates":[[[23.787244300000054,38.246760600000073],[23.787191600000028,38.24653150000006],[23.787515700000029,38.24647420000008],[23.787568400000055,38.246712800000068],[23.787244300000054,38.246760600000073]]]},"properties":{"fid":220,"leisure":"playground","name":null,"shapearea_m":763.35059366522717}},{"type":"Feature","id":221,"geometry":{"type":"Polygon","coordinates":[[[23.787503600000036,38.248049200000025],[23.787442800000065,38.24779790000008],[23.787514900000076,38.247785600000043],[23.787835800000039,38.247731000000044],[23.78787630000005,38.247982400000069],[23.787503600000036,38.248049200000025]]]},"properties":{"fid":221,"leisure":"playground","name":null,"shapearea_m":967.9722603097922}},{"type":"Feature","id":222,"geometry":{"type":"Polygon","coordinates":[[[23.781597400000067,38.243697900000029],[23.781581200000062,38.243604100000027],[23.781783800000028,38.243548400000066],[23.781824300000039,38.243634300000053],[23.781597400000067,38.243697900000029]]]},"properties":{"fid":222,"leisure":"playground","name":null,"shapearea_m":203.92781507508437}},{"type":"Feature","id":223,"geometry":{"type":"Polygon","coordinates":[[[23.775523100000044,38.242401200000074],[23.775417800000071,38.242340800000079],[23.775442100000078,38.242312100000049],[23.775502900000049,38.242258000000049],[23.775656800000036,38.242184800000075],[23.775713500000052,38.24226120000003],[23.775523100000044,38.242401200000074]]]},"properties":{"fid":223,"leisure":"playground","name":null,"shapearea_m":292.93330194140196}},{"type":"Feature","id":224,"geometry":{"type":"Polygon","coordinates":[[[23.778812000000073,38.243147400000055],[23.778880800000024,38.243069500000047],[23.778909200000044,38.24308220000006],[23.778943800000036,38.24308700000006],[23.779047000000048,38.243101300000035],[23.779044900000031,38.243145800000036],[23.779036800000029,38.24319040000006],[23.779008500000032,38.243196700000055],[23.778812000000073,38.243147400000055]]]},"properties":{"fid":224,"leisure":"playground","name":null,"shapearea_m":181.20106525005824}},{"type":"Feature","id":225,"geometry":{"type":"Polygon","coordinates":[[[23.804222200000027,38.003518800000052],[23.804033300000071,38.003460200000063],[23.804063500000041,38.003404100000068],[23.804003200000068,38.00338140000008],[23.80404290000007,38.003291800000056],[23.803988100000026,38.003275700000074],[23.804028200000062,38.003196200000048],[23.804235400000039,38.003261800000075],[23.804196300000058,38.003331800000069],[23.804240200000038,38.003382500000043],[23.804251100000045,38.003399800000068],[23.804260700000043,38.003450500000042],[23.804222200000027,38.003518800000052]]]},"properties":{"fid":225,"leisure":"playground","name":null,"shapearea_m":532.41863020566848}},{"type":"Feature","id":226,"geometry":{"type":"Polygon","coordinates":[[[23.810031500000036,38.005023700000038],[23.809961600000065,38.005256900000063],[23.809857500000078,38.005223400000034],[23.810001300000067,38.005012900000054],[23.810031500000036,38.005023700000038]]]},"properties":{"fid":226,"leisure":"playground","name":null,"shapearea_m":168.29629331138156}},{"type":"Feature","id":227,"geometry":{"type":"Polygon","coordinates":[[[23.812698600000033,38.003736300000071],[23.812722700000052,38.003723600000058],[23.812736100000052,38.003709900000047],[23.812741500000072,38.003690900000038],[23.812741500000072,38.003668700000048],[23.812730800000054,38.003634800000043],[23.812710700000025,38.003615800000034],[23.812667700000077,38.003587300000049],[23.812667700000077,38.003575700000056],[23.812678500000061,38.00356830000004],[23.81270660000007,38.003569300000038],[23.812761600000044,38.003591500000027],[23.812809900000047,38.003637000000026],[23.81283540000004,38.003690900000038],[23.812840700000038,38.003730000000076],[23.812840700000038,38.003763800000058],[23.812819300000058,38.003798600000039],[23.812785800000029,38.003822900000046],[23.812756300000046,38.003828200000044],[23.812725400000033,38.003818700000068],[23.812705300000061,38.003798600000039],[23.812698600000033,38.003768000000036],[23.812698600000033,38.003736300000071]]]},"properties":{"fid":227,"leisure":"playground","name":null,"shapearea_m":245.28811007686093}},{"type":"Feature","id":228,"geometry":{"type":"Polygon","coordinates":[[[23.635558900000035,37.978904900000032],[23.635557800000072,37.978779700000075],[23.635625700000048,37.978746000000058],[23.635785600000077,37.978809400000046],[23.635738600000025,37.978949400000033],[23.635558900000035,37.978904900000032]]]},"properties":{"fid":228,"leisure":"playground","name":null,"shapearea_m":319.03633195083756}},{"type":"Feature","id":229,"geometry":{"type":"Polygon","coordinates":[[[23.767998200000022,38.013074700000061],[23.767996900000071,38.013055700000052],[23.768023700000072,38.013028200000065],[23.768057200000044,38.012974300000053],[23.76814440000004,38.012768300000062],[23.768187300000022,38.012729200000024],[23.768240900000023,38.012711200000069],[23.768318700000066,38.012719700000048],[23.768389800000023,38.012752500000033],[23.768412600000033,38.012789400000031],[23.768418200000042,38.012988900000039],[23.768372700000043,38.013077900000042],[23.768316600000048,38.013135100000056],[23.768255200000056,38.01317060000008],[23.76818970000005,38.013188200000059],[23.768156500000032,38.013182100000051],[23.768081300000063,38.013128600000073],[23.768037100000072,38.013090600000055],[23.767998200000022,38.013074700000061]]]},"properties":{"fid":229,"leisure":"playground","name":null,"shapearea_m":1337.1512559692987}},{"type":"Feature","id":230,"geometry":{"type":"Polygon","coordinates":[[[23.787343800000031,38.004060200000026],[23.787146600000028,38.003864600000043],[23.787375100000077,38.003732400000047],[23.787435900000048,38.003792000000033],[23.787547700000061,38.003881400000068],[23.787580600000069,38.003908600000045],[23.787343800000031,38.004060200000026]]]},"properties":{"fid":230,"leisure":"playground","name":null,"shapearea_m":693.15975581626969}},{"type":"Feature","id":231,"geometry":{"type":"Polygon","coordinates":[[[23.776432500000055,37.99516200000005],[23.776556300000038,37.995029800000054],[23.777085800000066,37.995337600000028],[23.776962000000026,37.99546980000008],[23.776432500000055,37.99516200000005]]]},"properties":{"fid":231,"leisure":"playground","name":null,"shapearea_m":1053.9981655329766}},{"type":"Feature","id":232,"geometry":{"type":"Polygon","coordinates":[[[23.795480800000064,37.981528200000071],[23.796068200000036,37.981743800000061],[23.795904600000028,37.981936200000064],[23.795480800000064,37.981528200000071]]]},"properties":{"fid":232,"leisure":"playground","name":null,"shapearea_m":723.01339611477658}},{"type":"Feature","id":233,"geometry":{"type":"Polygon","coordinates":[[[23.795376000000033,37.979724000000033],[23.795206600000029,37.979779200000053],[23.795151300000043,37.979682900000057],[23.795143100000075,37.979647000000057],[23.795149600000059,37.979627700000037],[23.795162700000049,37.979614900000058],[23.79528810000005,37.979568700000073],[23.795376000000033,37.979724000000033]]]},"properties":{"fid":233,"leisure":"playground","name":null,"shapearea_m":291.50910771519693}},{"type":"Feature","id":234,"geometry":{"type":"Polygon","coordinates":[[[23.784462400000052,38.047098500000061],[23.784395300000028,38.047080100000073],[23.784386900000072,38.047053600000027],[23.784350000000074,38.047024600000043],[23.784437300000036,38.046867400000053],[23.78453120000006,38.046903000000043],[23.784542900000076,38.046924200000035],[23.784548000000029,38.046953200000075],[23.784462400000052,38.047098500000061]]]},"properties":{"fid":234,"leisure":"playground","name":null,"shapearea_m":263.31829063024037}},{"type":"Feature","id":235,"geometry":{"type":"Polygon","coordinates":[[[23.780382100000054,38.240230700000041],[23.780414500000063,38.240231100000074],[23.780445300000054,38.240239400000064],[23.780471200000022,38.240254800000059],[23.780490800000052,38.240277500000047],[23.780499600000041,38.240304000000037],[23.780496700000072,38.240331300000037],[23.780482500000062,38.24035630000003],[23.780458400000043,38.240376100000049],[23.780427300000042,38.240388500000051],[23.78039270000005,38.240392100000065],[23.780358500000034,38.240386400000034],[23.780328800000063,38.240372100000059],[23.78030670000004,38.240350900000067],[23.780295000000024,38.240325100000064],[23.780294800000036,38.240297700000042],[23.780305100000078,38.240273500000058],[23.780324500000063,38.240253000000052],[23.780351000000053,38.240238200000078],[23.780382100000054,38.240230700000041]]]},"properties":{"fid":235,"leisure":"playground","name":null,"shapearea_m":251.24024761614785}},{"type":"Feature","id":236,"geometry":{"type":"Polygon","coordinates":[[[23.843323400000031,38.028317500000071],[23.843379700000071,38.028360300000031],[23.843431300000077,38.028435300000069],[23.843393800000058,38.028477000000066],[23.843366300000071,38.028462200000035],[23.843342300000074,38.028485900000078],[23.843210700000043,38.028411500000061],[23.843260300000054,38.028346500000055],[23.843287100000055,38.028356600000052],[23.843323400000031,38.028317500000071]]]},"properties":{"fid":236,"leisure":"playground","name":null,"shapearea_m":198.65312128663555}},{"type":"Feature","id":237,"geometry":{"type":"Polygon","coordinates":[[[23.848701800000072,38.026151800000036],[23.84865620000005,38.025990200000024],[23.848715200000072,38.025948000000028],[23.848935200000028,38.026006100000075],[23.848966000000075,38.02610640000006],[23.848701800000072,38.026151800000036]]]},"properties":{"fid":237,"leisure":"playground","name":null,"shapearea_m":414.04961016575521}},{"type":"Feature","id":238,"geometry":{"type":"Polygon","coordinates":[[[23.853774400000077,38.032502600000043],[23.853723100000025,38.032419000000061],[23.853900000000067,38.032351700000049],[23.853951300000062,38.032435300000031],[23.853774400000077,38.032502600000043]]]},"properties":{"fid":238,"leisure":"playground","name":null,"shapearea_m":177.75908237738705}},{"type":"Feature","id":239,"geometry":{"type":"Polygon","coordinates":[[[23.660865800000067,37.954415100000062],[23.660781100000065,37.954386800000066],[23.660924400000056,37.954236600000058],[23.66098960000005,37.954119800000058],[23.661251700000037,37.95420450000006],[23.661235400000066,37.954244300000028],[23.661158900000032,37.954234100000065],[23.661071000000049,37.95424950000006],[23.660991200000069,37.954273900000032],[23.660924400000056,37.954334200000062],[23.660865800000067,37.954415100000062]]]},"properties":{"fid":239,"leisure":"playground","name":"Royal Park","shapearea_m":405.17816436117346}},{"type":"Feature","id":240,"geometry":{"type":"Polygon","coordinates":[[[23.660303400000032,37.956556800000044],[23.660411900000042,37.956652500000075],[23.660262000000046,37.956758100000059],[23.660153500000035,37.956662400000027],[23.660303400000032,37.956556800000044]]]},"properties":{"fid":240,"leisure":"playground","name":null,"shapearea_m":251.70228063189694}},{"type":"Feature","id":241,"geometry":{"type":"Polygon","coordinates":[[[23.665760000000034,37.954254700000035],[23.66556520000006,37.954226600000027],[23.665640400000029,37.953891400000032],[23.665677900000048,37.953896100000065],[23.665760000000034,37.954254700000035]]]},"properties":{"fid":241,"leisure":"playground","name":null,"shapearea_m":392.50438172714496}},{"type":"Feature","id":242,"geometry":{"type":"Polygon","coordinates":[[[23.82121120000005,38.037724300000036],[23.821175000000039,38.037723800000037],[23.82113350000003,38.03771480000006],[23.821101300000066,38.037689500000056],[23.821089200000074,38.037667800000065],[23.821115400000053,38.037657800000034],[23.821114000000023,38.037626100000068],[23.821127400000023,38.037600200000043],[23.821154900000067,38.037585900000067],[23.821181700000068,38.037578500000052],[23.821202500000027,38.037577000000056],[23.821215900000027,38.037557400000026],[23.821232700000053,38.037560100000064],[23.821283700000038,38.03758810000005],[23.821299800000077,38.037613900000053],[23.821305100000075,38.037647200000038],[23.821292400000061,38.03767890000006],[23.821264900000074,38.037706900000046],[23.821236700000043,38.037719000000038],[23.82121120000005,38.037724300000036]]]},"properties":{"fid":242,"leisure":"playground","name":null,"shapearea_m":243.29960312318451}},{"type":"Feature","id":243,"geometry":{"type":"Polygon","coordinates":[[[23.815756800000031,38.040485700000033],[23.815361100000075,38.040676900000051],[23.815190800000039,38.040472000000079],[23.815598500000078,38.040273400000046],[23.815756800000031,38.040485700000033]]]},"properties":{"fid":243,"leisure":"playground","name":null,"shapearea_m":1128.4946719622365}},{"type":"Feature","id":244,"geometry":{"type":"Polygon","coordinates":[[[23.726982500000076,38.017095600000061],[23.726658000000043,38.017200700000046],[23.726599000000078,38.01704490000003],[23.726951100000065,38.01700900000003],[23.726982500000076,38.017095600000061]]]},"properties":{"fid":244,"leisure":"playground","name":null,"shapearea_m":430.69966852267396}},{"type":"Feature","id":245,"geometry":{"type":"Polygon","coordinates":[[[23.745300800000052,38.021491000000026],[23.745348200000024,38.021561200000065],[23.745413600000063,38.021657800000071],[23.745267100000035,38.021719400000052],[23.745154100000036,38.021552700000029],[23.745300800000052,38.021491000000026]]]},"properties":{"fid":245,"leisure":"playground","name":"Παιδότοπος Play Park","shapearea_m":306.0300600912895}},{"type":"Feature","id":246,"geometry":{"type":"Polygon","coordinates":[[[23.815001400000028,38.051248100000066],[23.815076500000032,38.051396900000043],[23.815080500000079,38.051417000000072],[23.81507380000005,38.051437100000044],[23.815044300000068,38.05145710000005],[23.814790900000048,38.05157440000005],[23.814784200000076,38.051513100000079],[23.814796200000046,38.051452900000072],[23.814843100000076,38.051382100000069],[23.814927600000033,38.051296600000057],[23.815001400000028,38.051248100000066]]]},"properties":{"fid":246,"leisure":"playground","name":null,"shapearea_m":490.87951514904063}},{"type":"Feature","id":247,"geometry":{"type":"Polygon","coordinates":[[[23.820041100000026,38.048996500000044],[23.819939000000034,38.048845400000062],[23.820174200000054,38.04874680000006],[23.820276300000046,38.048898000000065],[23.820041100000026,38.048996500000044]]]},"properties":{"fid":247,"leisure":"playground","name":null,"shapearea_m":444.38833814074349}},{"type":"Feature","id":248,"geometry":{"type":"Polygon","coordinates":[[[23.748042400000031,38.029807100000028],[23.748119200000076,38.02977130000005],[23.748191400000053,38.029869100000042],[23.748114500000042,38.029905500000041],[23.748042400000031,38.029807100000028]]]},"properties":{"fid":248,"leisure":"playground","name":null,"shapearea_m":98.85132785555507}},{"type":"Feature","id":249,"geometry":{"type":"Polygon","coordinates":[[[23.74848650000007,38.027587400000073],[23.748507300000028,38.02757820000005],[23.748683600000049,38.027500800000041],[23.748768400000074,38.027634600000056],[23.748519100000067,38.027757400000041],[23.74848650000007,38.027587400000073]]]},"properties":{"fid":249,"leisure":"playground","name":null,"shapearea_m":390.36490982934623}},{"type":"Feature","id":250,"geometry":{"type":"Polygon","coordinates":[[[23.752680200000043,38.01843370000006],[23.752870900000062,38.018380900000068],[23.75293060000007,38.018525700000055],[23.752739000000076,38.01858100000004],[23.752680200000043,38.01843370000006]]]},"properties":{"fid":250,"leisure":"playground","name":null,"shapearea_m":303.31582021084455}},{"type":"Feature","id":251,"geometry":{"type":"Polygon","coordinates":[[[23.830219100000079,38.05300660000006],[23.830161500000031,38.052932700000042],[23.830211100000042,38.052856600000041],[23.830355900000029,38.052790100000038],[23.830441800000074,38.052908400000035],[23.830219100000079,38.05300660000006]]]},"properties":{"fid":251,"leisure":"playground","name":null,"shapearea_m":317.01809788524952}},{"type":"Feature","id":252,"geometry":{"type":"Polygon","coordinates":[[[23.830503700000065,38.055119900000079],[23.830501000000027,38.05495940000003],[23.830524500000024,38.054957300000069],[23.830570800000032,38.054907700000058],[23.830637800000034,38.054907100000037],[23.830736900000034,38.05490530000003],[23.830763800000057,38.055003500000055],[23.830723500000033,38.05500660000007],[23.830718200000035,38.05506900000006],[23.830643100000032,38.055076300000053],[23.830636500000026,38.055118900000025],[23.830503700000065,38.055119900000079]]]},"properties":{"fid":252,"leisure":"playground","name":null,"shapearea_m":421.80326102683125}},{"type":"Feature","id":253,"geometry":{"type":"Polygon","coordinates":[[[23.694628100000045,37.942459000000042],[23.694411900000034,37.942635100000075],[23.693933400000049,37.942269600000031],[23.694149700000025,37.942093500000055],[23.694628100000045,37.942459000000042]]]},"properties":{"fid":253,"leisure":"playground","name":"Μουσικός κήπος","shapearea_m":1593.2020936600029}},{"type":"Feature","id":254,"geometry":{"type":"Polygon","coordinates":[[[23.815773700000022,38.054888900000037],[23.815874300000075,38.054838200000063],[23.815974900000072,38.055004000000054],[23.815854100000024,38.055032800000049],[23.815773700000022,38.054888900000037]]]},"properties":{"fid":254,"leisure":"playground","name":null,"shapearea_m":202.04004201715216}},{"type":"Feature","id":255,"geometry":{"type":"Polygon","coordinates":[[[23.842145200000061,38.064798400000029],[23.84224910000006,38.064754600000072],[23.842330300000071,38.06473660000006],[23.842378500000052,38.064737100000059],[23.842397300000073,38.064744500000074],[23.842443600000024,38.064808400000061],[23.842488500000059,38.064902400000051],[23.842487800000072,38.064948300000026],[23.842364500000031,38.064943000000028],[23.842274600000053,38.064935100000071],[23.842229700000075,38.064909800000066],[23.842145200000061,38.064798400000029]]]},"properties":{"fid":255,"leisure":"playground","name":null,"shapearea_m":489.32020583235902}},{"type":"Feature","id":256,"geometry":{"type":"Polygon","coordinates":[[[23.77094610000006,37.994221100000061],[23.770939400000032,37.993899800000065],[23.771217000000036,37.993887100000052],[23.771376600000053,37.994208400000048],[23.77094610000006,37.994221100000061]]]},"properties":{"fid":256,"leisure":"playground","name":null,"shapearea_m":1119.4046407961739}},{"type":"Feature","id":257,"geometry":{"type":"Polygon","coordinates":[[[23.763123900000039,37.994367600000032],[23.763140800000031,37.994302600000026],[23.763584700000024,37.994375500000046],[23.763578600000073,37.994443700000033],[23.763123900000039,37.994367600000032]]]},"properties":{"fid":257,"leisure":"playground","name":null,"shapearea_m":300.10101294720943}},{"type":"Feature","id":258,"geometry":{"type":"Polygon","coordinates":[[[23.765443000000062,37.994726400000047],[23.765298200000075,37.994598500000052],[23.765408400000069,37.994520900000055],[23.765553300000079,37.99464880000005],[23.765443000000062,37.994726400000047]]]},"properties":{"fid":258,"leisure":"playground","name":null,"shapearea_m":247.07285867358809}},{"type":"Feature","id":259,"geometry":{"type":"Polygon","coordinates":[[[23.773123600000076,38.040093100000036],[23.773279000000059,38.040275200000053],[23.772909000000027,38.040518600000041],[23.772725700000024,38.040352000000041],[23.773123600000076,38.040093100000036]]]},"properties":{"fid":259,"leisure":"playground","name":null,"shapearea_m":1066.6945336905967}},{"type":"Feature","id":260,"geometry":{"type":"Polygon","coordinates":[[[23.753181700000027,37.986214600000039],[23.753189700000064,37.986136400000078],[23.753075700000068,37.986139500000036],[23.75309580000004,37.985824500000035],[23.753370800000027,37.98579490000003],[23.753480700000068,37.986214600000039],[23.753181700000027,37.986214600000039]]]},"properties":{"fid":260,"leisure":"playground","name":null,"shapearea_m":1274.0551684994109}},{"type":"Feature","id":261,"geometry":{"type":"Polygon","coordinates":[[[23.748535100000026,38.031935400000066],[23.748541100000068,38.031692500000077],[23.748996800000043,38.031699600000024],[23.748990700000036,38.031942500000071],[23.748535100000026,38.031935400000066]]]},"properties":{"fid":261,"leisure":"playground","name":null,"shapearea_m":1078.9622861862802}},{"type":"Feature","id":262,"geometry":{"type":"Polygon","coordinates":[[[23.669886200000064,38.025178800000049],[23.670436400000028,38.024871300000029],[23.670693100000051,38.025261500000056],[23.670001400000046,38.025331300000062],[23.669886200000064,38.025178800000049]]]},"properties":{"fid":262,"leisure":"playground","name":null,"shapearea_m":1983.9950506434498}},{"type":"Feature","id":263,"geometry":{"type":"Polygon","coordinates":[[[23.776656400000036,37.988208800000052],[23.776541000000066,37.988211000000035],[23.776401600000042,37.98818140000003],[23.776119900000026,37.988024900000028],[23.775913400000036,37.987904400000048],[23.775851700000032,37.98784100000006],[23.775824900000032,37.98774590000005],[23.775843700000053,37.987663400000031],[23.775889300000074,37.987636000000066],[23.775964400000078,37.987644400000079],[23.776248700000053,37.987735300000054],[23.776538400000049,37.987883300000078],[23.776675200000057,37.987938300000053],[23.776747600000078,37.987946700000066],[23.776860200000044,37.98794040000007],[23.77695680000005,37.987942500000031],[23.776998500000047,37.987940700000024],[23.777080600000033,37.988044000000059],[23.777090900000076,37.988079900000059],[23.776962100000048,37.988234200000079],[23.776911200000029,37.988261700000066],[23.776830700000062,37.988265900000044],[23.776723400000037,37.988242700000058],[23.776656400000036,37.988208800000052]]]},"properties":{"fid":263,"leisure":"playground","name":null,"shapearea_m":3697.5332406577791}},{"type":"Feature","id":264,"geometry":{"type":"Polygon","coordinates":[[[23.724451100000067,37.988864400000068],[23.72411180000006,37.988857000000053],[23.724080900000047,37.988732200000072],[23.724448400000028,37.988734300000033],[23.724451100000067,37.988864400000068]]]},"properties":{"fid":264,"leisure":"playground","name":null,"shapearea_m":438.39513618316374}},{"type":"Feature","id":265,"geometry":{"type":"Polygon","coordinates":[[[23.802011800000059,38.052280000000053],[23.801944800000058,38.052328600000067],[23.801660500000025,38.052404600000045],[23.801655100000062,38.052379300000041],[23.801740900000027,38.05230540000008],[23.801971600000059,38.052244100000053],[23.802011800000059,38.052280000000053]]]},"properties":{"fid":265,"leisure":"playground","name":null,"shapearea_m":228.32078487755049}},{"type":"Feature","id":266,"geometry":{"type":"Polygon","coordinates":[[[23.789076300000033,38.046079400000053],[23.788846300000046,38.045736600000055],[23.789230300000042,38.045593000000054],[23.789209000000028,38.04554150000007],[23.789421400000037,38.045485700000029],[23.789458600000046,38.045476000000065],[23.789377200000047,38.045275300000071],[23.789403700000037,38.045223700000065],[23.789587700000027,38.045156800000029],[23.789909800000032,38.045718400000055],[23.789483300000029,38.045903800000076],[23.789076300000033,38.046079400000053]]]},"properties":{"fid":266,"leisure":"playground","name":null,"shapearea_m":4249.8278024977462}},{"type":"Feature","id":267,"geometry":{"type":"Polygon","coordinates":[[[23.672805800000049,37.959292100000027],[23.672713100000067,37.959133000000065],[23.672874400000069,37.959074600000065],[23.672967100000051,37.959233700000027],[23.672805800000049,37.959292100000027]]]},"properties":{"fid":267,"leisure":"playground","name":null,"shapearea_m":303.13354380303485}},{"type":"Feature","id":268,"geometry":{"type":"Polygon","coordinates":[[[23.858951500000046,38.008703600000047],[23.858830900000044,38.008571200000063],[23.85905230000003,38.008449700000028],[23.859143300000028,38.00850580000008],[23.858951500000046,38.008703600000047]]]},"properties":{"fid":268,"leisure":"playground","name":null,"shapearea_m":354.46576629187052}},{"type":"Feature","id":269,"geometry":{"type":"Polygon","coordinates":[[[23.754436400000031,37.906349200000079],[23.754421000000036,37.90617050000003],[23.75471200000004,37.906157400000041],[23.754742600000043,37.906155800000079],[23.754754000000048,37.906328100000053],[23.754436400000031,37.906349200000079]]]},"properties":{"fid":269,"leisure":"playground","name":null,"shapearea_m":549.53674172399644}},{"type":"Feature","id":270,"geometry":{"type":"Polygon","coordinates":[[[23.708285500000045,37.968567000000064],[23.708257500000059,37.968517000000077],[23.708234800000071,37.968476600000031],[23.708224400000063,37.968458000000055],[23.708317300000033,37.968424200000072],[23.708383800000036,37.968533200000024],[23.708285500000045,37.968567000000064]]]},"properties":{"fid":270,"leisure":"playground","name":null,"shapearea_m":122.65998393385712}},{"type":"Feature","id":271,"geometry":{"type":"Polygon","coordinates":[[[23.707910000000027,37.970043000000032],[23.708077700000047,37.96998700000006],[23.708118300000024,37.97006250000004],[23.707950600000061,37.970118500000069],[23.707910000000027,37.970043000000032]]]},"properties":{"fid":271,"leisure":"playground","name":null,"shapearea_m":145.66067402606706}},{"type":"Feature","id":272,"geometry":{"type":"Polygon","coordinates":[[[23.702884400000073,37.964506100000051],[23.703012700000045,37.964452800000061],[23.703057200000046,37.96443430000005],[23.703107500000044,37.964509600000042],[23.703053900000043,37.964531900000054],[23.702934700000071,37.964581400000043],[23.702884400000073,37.964506100000051]]]},"properties":{"fid":272,"leisure":"playground","name":null,"shapearea_m":162.15588267506752}},{"type":"Feature","id":273,"geometry":{"type":"Polygon","coordinates":[[[23.70104850000007,37.962559600000077],[23.70106590000006,37.962474100000065],[23.701073700000052,37.962423600000079],[23.701079200000038,37.962387900000067],[23.701418200000035,37.962414600000045],[23.701386200000059,37.962582100000077],[23.70104850000007,37.962559600000077]]]},"properties":{"fid":273,"leisure":"playground","name":null,"shapearea_m":565.47472267347666}},{"type":"Feature","id":274,"geometry":{"type":"Polygon","coordinates":[[[23.702292300000067,37.966056000000037],[23.702160900000024,37.965918600000066],[23.702126000000078,37.965881600000046],[23.702221200000054,37.965826600000071],[23.702293600000075,37.965783200000033],[23.702445200000057,37.965921700000024],[23.702447800000073,37.965947100000051],[23.702292300000067,37.966056000000037]]]},"properties":{"fid":274,"leisure":"playground","name":null,"shapearea_m":445.1499069771989}},{"type":"Feature","id":275,"geometry":{"type":"Polygon","coordinates":[[[23.696651400000064,37.968938700000024],[23.696733300000062,37.968720900000051],[23.696964000000037,37.968774800000062],[23.696882100000039,37.968992600000036],[23.696651400000064,37.968938700000024]]]},"properties":{"fid":275,"leisure":"playground","name":null,"shapearea_m":533.11639527029831}},{"type":"Feature","id":276,"geometry":{"type":"Polygon","coordinates":[[[23.763274500000023,37.996431400000063],[23.763172600000075,37.996245400000078],[23.763601700000038,37.99614710000003],[23.763615100000038,37.996255400000052],[23.763628600000061,37.996364800000038],[23.763274500000023,37.996431400000063]]]},"properties":{"fid":276,"leisure":"playground","name":"Παιδική Χαρά ΚΑΠΑΨ","shapearea_m":822.43732368119754}},{"type":"Feature","id":277,"geometry":{"type":"Polygon","coordinates":[[[23.996323500000074,37.940866300000039],[23.996992900000066,37.940619200000071],[23.997028700000044,37.940681200000029],[23.996814400000062,37.940745600000071],[23.996664900000042,37.940843600000051],[23.996559000000047,37.94093330000004],[23.996436700000061,37.941060200000038],[23.996394600000031,37.941103500000054],[23.996323500000074,37.940866300000039]]]},"properties":{"fid":277,"leisure":"playground","name":"παιδική χαρά","shapearea_m":807.49371538755156}},{"type":"Feature","id":278,"geometry":{"type":"Polygon","coordinates":[[[24.007993800000065,37.933488300000079],[24.00768510000006,37.932890000000043],[24.007510400000058,37.932608400000049],[24.007582800000023,37.932611400000042],[24.008360800000048,37.932663600000069],[24.008586800000046,37.932679000000064],[24.008998500000075,37.932708300000058],[24.008884800000033,37.93295210000008],[24.008781500000055,37.933105800000078],[24.00874390000007,37.93316690000006],[24.00873260000003,37.933224900000027],[24.008701900000062,37.93328710000003],[24.008304100000032,37.933400100000028],[24.007993800000065,37.933488300000079]]]},"properties":{"fid":278,"leisure":"playground","name":null,"shapearea_m":7793.1813839095157}},{"type":"Feature","id":279,"geometry":{"type":"Polygon","coordinates":[[[24.010734500000069,37.983234200000027],[24.010577400000045,37.983037900000056],[24.010481000000027,37.982917400000076],[24.010664600000041,37.98285240000007],[24.010935600000039,37.98321930000003],[24.010864200000071,37.983252500000049],[24.010734500000069,37.983234200000027]]]},"properties":{"fid":279,"leisure":"playground","name":null,"shapearea_m":770.7597525716119}},{"type":"Feature","id":280,"geometry":{"type":"Polygon","coordinates":[[[23.755185900000072,37.92347170000005],[23.755139400000076,37.923084700000061],[23.755375500000071,37.92307420000003],[23.755409300000053,37.923459100000059],[23.755185900000072,37.92347170000005]]]},"properties":{"fid":280,"leisure":"playground","name":"ΠΑΙΔΙΚΗ ΧΑΡΑ","shapearea_m":869.88599499193833}},{"type":"Feature","id":281,"geometry":{"type":"Polygon","coordinates":[[[23.66548430000006,37.99359080000005],[23.665151500000036,37.993547100000058],[23.665157700000066,37.993522800000051],[23.665387200000055,37.99344270000006],[23.66548430000006,37.99359080000005]]]},"properties":{"fid":281,"leisure":"playground","name":null,"shapearea_m":244.35611956991391}},{"type":"Feature","id":282,"geometry":{"type":"Polygon","coordinates":[[[23.696804100000065,37.936605100000065],[23.696821500000055,37.936373400000036],[23.696970300000032,37.936366000000078],[23.696955600000024,37.936612500000024],[23.696804100000065,37.936605100000065]]]},"properties":{"fid":282,"leisure":"playground","name":null,"shapearea_m":350.2987361450086}},{"type":"Feature","id":283,"geometry":{"type":"Polygon","coordinates":[[[23.741329600000029,37.949774800000057],[23.741329900000039,37.949767800000075],[23.741334300000062,37.949677400000041],[23.741336500000045,37.949631600000032],[23.741421000000059,37.949654300000077],[23.741514900000027,37.949679600000024],[23.741539100000068,37.949686100000065],[23.741539800000055,37.949779700000079],[23.741329600000029,37.949774800000057]]]},"properties":{"fid":283,"leisure":"playground","name":null,"shapearea_m":239.33899708640865}},{"type":"Feature","id":284,"geometry":{"type":"Polygon","coordinates":[[[23.70455400000003,37.943839800000035],[23.704853400000047,37.943661000000077],[23.704988400000047,37.94383700000003],[23.704678900000033,37.944045100000039],[23.70455400000003,37.943839800000035]]]},"properties":{"fid":284,"leisure":"playground","name":null,"shapearea_m":811.56144642816264}},{"type":"Feature","id":285,"geometry":{"type":"Polygon","coordinates":[[[23.712041700000043,37.94362140000004],[23.71200360000006,37.943505500000072],[23.711954300000059,37.943355600000075],[23.712131100000079,37.943319400000064],[23.712218600000028,37.94358520000003],[23.712041700000043,37.94362140000004]]]},"properties":{"fid":285,"leisure":"playground","name":null,"shapearea_m":489.49306796732748}},{"type":"Feature","id":286,"geometry":{"type":"Polygon","coordinates":[[[22.980969000000073,38.253060600000026],[22.980903300000023,38.252985800000033],[22.980876000000023,38.252953700000035],[22.980836300000078,38.25290700000005],[22.98108220000006,38.252771200000041],[22.981100500000025,38.253015300000072],[22.980969000000073,38.253060600000026]]]},"properties":{"fid":286,"leisure":"playground","name":"ΠΑΙΔΙΚΗ ΧΑΡΑ","shapearea_m":431.80109100947243}},{"type":"Feature","id":287,"geometry":{"type":"Polygon","coordinates":[[[23.760133800000062,37.892817500000035],[23.760140700000022,37.892678700000033],[23.760201000000052,37.892690800000025],[23.760247500000048,37.892714500000068],[23.760278000000028,37.892745200000036],[23.760291300000063,37.892780500000072],[23.760295300000053,37.89281230000006],[23.76029090000003,37.892823200000066],[23.760133800000062,37.892817500000035]]]},"properties":{"fid":287,"leisure":"playground","name":null,"shapearea_m":173.36928111022289}},{"type":"Feature","id":288,"geometry":{"type":"Polygon","coordinates":[[[23.765011000000072,37.891352300000051],[23.76496620000006,37.891361500000073],[23.764728000000048,37.891195100000061],[23.764580300000034,37.891103600000065],[23.764567900000031,37.891090700000063],[23.764561000000072,37.891071800000077],[23.764560300000028,37.891060800000048],[23.764568100000076,37.891049200000054],[23.76457890000006,37.891037200000028],[23.764595300000053,37.891026600000032],[23.764604900000052,37.891022500000076],[23.764673000000073,37.891020500000025],[23.764825900000062,37.891016300000047],[23.764917100000048,37.891012000000046],[23.764948100000026,37.891052300000069],[23.764999000000046,37.891119600000025],[23.765064100000075,37.891218700000024],[23.765063700000042,37.89122640000005],[23.765066400000023,37.891233900000032],[23.765071900000066,37.891240400000072],[23.765069400000073,37.891279000000054],[23.765070300000048,37.891300900000033],[23.765011000000072,37.891352300000051]]]},"properties":{"fid":288,"leisure":"playground","name":null,"shapearea_m":980.86325589406556}},{"type":"Feature","id":289,"geometry":{"type":"Polygon","coordinates":[[[23.747372200000029,37.98048620000003],[23.747423000000026,37.980349000000047],[23.747677400000043,37.980407500000069],[23.747626600000046,37.980544800000075],[23.747372200000029,37.98048620000003]]]},"properties":{"fid":289,"leisure":"playground","name":null,"shapearea_m":369.49720324147864}},{"type":"Feature","id":290,"geometry":{"type":"Polygon","coordinates":[[[23.857943900000066,38.016796200000044],[23.857966700000077,38.016958800000054],[23.857891600000073,38.016964700000074],[23.857851500000038,38.016886900000031],[23.857825800000057,38.016808800000035],[23.857943900000066,38.016796200000044]]]},"properties":{"fid":290,"leisure":"playground","name":null,"shapearea_m":159.45420027688345}},{"type":"Feature","id":291,"geometry":{"type":"Polygon","coordinates":[[[23.704124800000045,37.925230100000078],[23.70426290000006,37.925176100000044],[23.704319200000043,37.925267100000042],[23.704477500000053,37.925320000000056],[23.704402400000049,37.925504000000046],[23.704292400000043,37.925506200000029],[23.704124800000045,37.925230100000078]]]},"properties":{"fid":291,"leisure":"playground","name":null,"shapearea_m":597.3484558004393}},{"type":"Feature","id":292,"geometry":{"type":"Polygon","coordinates":[[[23.786987200000056,37.990156200000058],[23.786991000000057,37.990090000000066],[23.787236700000051,37.990088200000059],[23.787235200000055,37.990156800000079],[23.787108500000045,37.990157400000044],[23.786987200000056,37.990156200000058]]]},"properties":{"fid":292,"leisure":"playground","name":"Παιδική Χαρά","shapearea_m":163.30441562471071}},{"type":"Feature","id":293,"geometry":{"type":"Polygon","coordinates":[[[23.787354700000037,37.988821800000039],[23.787358200000028,37.988642800000036],[23.787688200000048,37.988646700000061],[23.787684700000057,37.988825700000064],[23.787354700000037,37.988821800000039]]]},"properties":{"fid":293,"leisure":"playground","name":"Παιδική Χαρά","shapearea_m":576.09904112577249}},{"type":"Feature","id":294,"geometry":{"type":"Polygon","coordinates":[[[23.704391900000076,37.930316600000026],[23.704321500000049,37.930295500000057],[23.704416800000047,37.930147400000067],[23.704917000000023,37.93018550000005],[23.704902200000049,37.930241600000045],[23.704880800000069,37.930289200000061],[23.704844600000058,37.930325200000027],[23.704782900000055,37.930359000000067],[23.704722500000059,37.930379100000039],[23.704668100000049,37.930388300000061],[23.704391900000076,37.930316600000026]]]},"properties":{"fid":294,"leisure":"playground","name":null,"shapearea_m":963.74301084249294}},{"type":"Feature","id":295,"geometry":{"type":"Polygon","coordinates":[[[23.855714000000035,38.010447600000077],[23.855648100000053,38.010193300000026],[23.85608730000007,38.010170000000073],[23.856077900000059,38.01019430000008],[23.856120300000043,38.010195800000076],[23.855714000000035,38.010447600000077]]]},"properties":{"fid":295,"leisure":"playground","name":null,"shapearea_m":638.33902142511829}},{"type":"Feature","id":296,"geometry":{"type":"Polygon","coordinates":[[[23.707676000000049,37.923865800000044],[23.707566800000052,37.924040000000048],[23.707383100000072,37.92397120000004],[23.707476200000031,37.923785400000043],[23.707676000000049,37.923865800000044]]]},"properties":{"fid":296,"leisure":"playground","name":null,"shapearea_m":410.47255996522364}},{"type":"Feature","id":297,"geometry":{"type":"Polygon","coordinates":[[[23.706558200000075,37.922925300000031],[23.70632420000004,37.92281580000008],[23.706482400000027,37.922613800000079],[23.706708400000025,37.922749200000055],[23.706701900000041,37.922756200000038],[23.706566000000066,37.922915300000057],[23.706558200000075,37.922925300000031]]]},"properties":{"fid":297,"leisure":"playground","name":null,"shapearea_m":607.58365490648362}},{"type":"Feature","id":298,"geometry":{"type":"Polygon","coordinates":[[[23.713227600000039,37.933982700000058],[23.713454100000035,37.933937600000036],[23.713480600000025,37.934020400000065],[23.713254200000051,37.934065500000031],[23.713227600000039,37.933982700000058]]]},"properties":{"fid":298,"leisure":"playground","name":null,"shapearea_m":194.6416713198725}},{"type":"Feature","id":299,"geometry":{"type":"Polygon","coordinates":[[[24.011045400000057,37.975096600000029],[24.011048500000072,37.975514300000043],[24.010889900000052,37.975551500000051],[24.010896900000034,37.975095000000067],[24.011045400000057,37.975096600000029]]]},"properties":{"fid":299,"leisure":"playground","name":null,"shapearea_m":654.20504399229651}},{"type":"Feature","id":300,"geometry":{"type":"Polygon","coordinates":[[[23.982711300000062,37.962674100000072],[23.982606900000064,37.962610000000041],[23.982799000000057,37.962514200000044],[23.982711300000062,37.962674100000072]]]},"properties":{"fid":300,"leisure":"playground","name":null,"shapearea_m":108.8306737314583}},{"type":"Feature","id":301,"geometry":{"type":"Polygon","coordinates":[[[23.720608900000059,37.946777500000053],[23.720401100000061,37.946618900000033],[23.72038770000006,37.946590300000025],[23.72039570000004,37.946567100000038],[23.720417200000043,37.94656180000004],[23.72045520000006,37.946567400000049],[23.720673800000043,37.946722900000054],[23.720608900000059,37.946777500000053]]]},"properties":{"fid":301,"leisure":"playground","name":null,"shapearea_m":220.73786641318267}},{"type":"Feature","id":302,"geometry":{"type":"Polygon","coordinates":[[[23.720916900000077,37.945273400000076],[23.72103450000003,37.945170100000041],[23.721142100000066,37.945246300000065],[23.721024500000055,37.945349600000043],[23.720916900000077,37.945273400000076]]]},"properties":{"fid":302,"leisure":"playground","name":null,"shapearea_m":195.86832533125016}},{"type":"Feature","id":303,"geometry":{"type":"Polygon","coordinates":[[[23.720811500000025,37.95348800000005],[23.721160100000077,37.953180300000042],[23.721376500000076,37.953332700000033],[23.721027800000059,37.95364040000004],[23.720811500000025,37.95348800000005]]]},"properties":{"fid":303,"leisure":"playground","name":null,"shapearea_m":1167.7454253878191}},{"type":"Feature","id":304,"geometry":{"type":"Polygon","coordinates":[[[23.72526380000005,37.95848790000008],[23.725168600000075,37.958285700000033],[23.725339700000063,37.95823560000008],[23.725434900000039,37.95843780000007],[23.72526380000005,37.95848790000008]]]},"properties":{"fid":304,"leisure":"playground","name":null,"shapearea_m":383.99640645654961}},{"type":"Feature","id":305,"geometry":{"type":"Polygon","coordinates":[[[23.973239100000058,37.812453800000071],[23.97306720000006,37.812175400000058],[23.973301400000025,37.812077800000054],[23.973239100000058,37.812453800000071]]]},"properties":{"fid":305,"leisure":"playground","name":null,"shapearea_m":400.61302071696974}},{"type":"Feature","id":306,"geometry":{"type":"Polygon","coordinates":[[[23.726905400000078,37.961765400000047],[23.726776000000029,37.961864300000059],[23.726724400000023,37.961856400000045],[23.726680000000044,37.961839500000053],[23.726547000000039,37.961738700000069],[23.726701600000069,37.961614300000065],[23.726905400000078,37.961765400000047]]]},"properties":{"fid":306,"leisure":"playground","name":null,"shapearea_m":460.94521637669885}},{"type":"Feature","id":307,"geometry":{"type":"Polygon","coordinates":[[[23.739743600000054,37.961545300000068],[23.73963370000007,37.961488400000064],[23.739715200000035,37.961390600000072],[23.739825000000053,37.961447500000077],[23.739809900000068,37.961465600000054],[23.739743600000054,37.961545300000068]]]},"properties":{"fid":307,"leisure":"playground","name":null,"shapearea_m":149.98060129071558}},{"type":"Feature","id":308,"geometry":{"type":"Polygon","coordinates":[[[23.848279800000057,38.019498500000054],[23.848011800000052,38.019611500000053],[23.847906900000055,38.019354900000053],[23.847953600000039,38.019340300000067],[23.848224400000049,38.019313400000044],[23.848279800000057,38.019498500000054]]]},"properties":{"fid":308,"leisure":"playground","name":null,"shapearea_m":703.64399691156143}},{"type":"Feature","id":309,"geometry":{"type":"Polygon","coordinates":[[[23.75595480000004,37.971493500000065],[23.756382600000052,37.971429000000057],[23.756412800000078,37.97155360000005],[23.755985000000067,37.971618100000057],[23.75595480000004,37.971493500000065]]]},"properties":{"fid":309,"leisure":"playground","name":null,"shapearea_m":538.86038897690787}},{"type":"Feature","id":310,"geometry":{"type":"Polygon","coordinates":[[[23.771363800000074,37.981239400000049],[23.771548800000062,37.981170700000064],[23.771551500000044,37.981252100000063],[23.771370500000046,37.981267900000034],[23.771363800000074,37.981239400000049]]]},"properties":{"fid":310,"leisure":"playground","name":null,"shapearea_m":99.996506976187874}},{"type":"Feature","id":311,"geometry":{"type":"Polygon","coordinates":[[[23.771610500000065,37.981260500000076],[23.771613200000047,37.981149500000072],[23.771783500000026,37.981136900000024],[23.771927000000062,37.981241500000067],[23.771610500000065,37.981260500000076]]]},"properties":{"fid":311,"leisure":"playground","name":null,"shapearea_m":266.71309619563471}},{"type":"Feature","id":312,"geometry":{"type":"Polygon","coordinates":[[[23.769175700000062,37.982132600000057],[23.76893160000003,37.982036400000027],[23.768997300000024,37.981826000000069],[23.769218600000045,37.981853500000057],[23.769175700000062,37.982132600000057]]]},"properties":{"fid":312,"leisure":"playground","name":null,"shapearea_m":588.12734349837308}},{"type":"Feature","id":313,"geometry":{"type":"Polygon","coordinates":[[[23.771092000000067,37.973734000000036],[23.770771900000057,37.973875100000043],[23.770664900000043,37.973663000000045],[23.771011700000031,37.97358360000004],[23.771092000000067,37.973734000000036]]]},"properties":{"fid":313,"leisure":"playground","name":null,"shapearea_m":690.11548723308476}},{"type":"Feature","id":314,"geometry":{"type":"Polygon","coordinates":[[[23.765242900000032,37.97530370000004],[23.765193400000044,37.975317200000063],[23.765162500000031,37.975325600000076],[23.764984200000072,37.975373900000079],[23.764956300000051,37.975309800000048],[23.764958900000067,37.975278100000025],[23.764976900000079,37.975268400000061],[23.764939100000049,37.975195300000053],[23.765011600000037,37.975178400000061],[23.76508380000007,37.975229600000034],[23.765242900000032,37.97530370000004]]]},"properties":{"fid":314,"leisure":"playground","name":null,"shapearea_m":288.45712006512531}},{"type":"Feature","id":315,"geometry":{"type":"Polygon","coordinates":[[[23.763966800000048,37.976763000000062],[23.763748900000053,37.976835000000051],[23.763701300000037,37.976558500000067],[23.763752900000043,37.976518800000065],[23.763859500000024,37.97650770000007],[23.763966800000048,37.976763000000062]]]},"properties":{"fid":315,"leisure":"playground","name":null,"shapearea_m":551.84991965423205}},{"type":"Feature","id":316,"geometry":{"type":"Polygon","coordinates":[[[23.772098000000028,37.966836400000034],[23.772289800000067,37.966592100000071],[23.772418500000072,37.966645000000028],[23.772495000000049,37.966690400000061],[23.772397100000035,37.966784500000074],[23.772312600000078,37.966836400000034],[23.772253600000056,37.96685640000004],[23.772158400000023,37.966855400000043],[23.772098000000028,37.966836400000034]]]},"properties":{"fid":316,"leisure":"playground","name":null,"shapearea_m":541.42746233802825}},{"type":"Feature","id":317,"geometry":{"type":"Polygon","coordinates":[[[23.767175300000076,38.042429100000049],[23.767291800000066,38.042394800000068],[23.767449700000043,38.042393100000027],[23.767396700000063,38.042462800000067],[23.767371300000036,38.042520400000058],[23.767386300000055,38.042575300000067],[23.767274900000075,38.042667600000073],[23.767340400000023,38.042743300000041],[23.767376600000034,38.042746900000054],[23.767404200000044,38.042756600000075],[23.767572800000039,38.042924400000061],[23.767489300000022,38.042953400000044],[23.767408000000046,38.042972200000065],[23.767332400000043,38.042978800000071],[23.767226500000049,38.042967300000043],[23.767144600000051,38.042937600000073],[23.767040500000064,38.042863800000077],[23.76699560000003,38.042774100000031],[23.766978100000074,38.042675400000064],[23.767000800000062,38.042579500000045],[23.767085400000042,38.042492300000049],[23.767175300000076,38.042429100000049]]]},"properties":{"fid":317,"leisure":"playground","name":null,"shapearea_m":1988.0614639093799}},{"type":"Feature","id":318,"geometry":{"type":"Polygon","coordinates":[[[23.767418300000031,38.04205630000007],[23.767488200000059,38.041980100000046],[23.76761700000003,38.042129000000045],[23.767536900000039,38.042218600000069],[23.767486000000076,38.042189600000029],[23.767498600000067,38.042177500000037],[23.767515900000035,38.042188400000043],[23.767572800000039,38.042128000000048],[23.767533600000036,38.042103600000075],[23.767520000000047,38.042116000000078],[23.767418300000031,38.04205630000007]]]},"properties":{"fid":318,"leisure":"playground","name":null,"shapearea_m":159.07967829259812}},{"type":"Feature","id":319,"geometry":{"type":"Polygon","coordinates":[[[23.766040300000043,38.037145800000076],[23.766206200000056,38.037059500000055],[23.76628020000004,38.037147800000071],[23.766114300000027,38.037234100000035],[23.766040300000043,38.037145800000076]]]},"properties":{"fid":319,"leisure":"playground","name":null,"shapearea_m":204.97165456414606}},{"type":"Feature","id":320,"geometry":{"type":"Polygon","coordinates":[[[23.724077000000023,37.949625000000026],[23.724217300000078,37.949532500000032],[23.724271300000055,37.94960100000003],[23.724156700000037,37.949673000000075],[23.724077000000023,37.949625000000026]]]},"properties":{"fid":320,"leisure":"playground","name":null,"shapearea_m":126.06652247328479}},{"type":"Feature","id":321,"geometry":{"type":"Polygon","coordinates":[[[23.723839700000042,37.950924600000064],[23.723710900000071,37.950963100000024],[23.723656700000049,37.950885200000073],[23.723761700000068,37.95084520000006],[23.723839700000042,37.950924600000064]]]},"properties":{"fid":321,"leisure":"playground","name":null,"shapearea_m":115.00387771320061}},{"type":"Feature","id":322,"geometry":{"type":"Polygon","coordinates":[[[23.747980100000063,38.005741800000067],[23.748032000000023,38.005664200000069],[23.748069200000032,38.005663200000072],[23.748212400000057,38.005724300000054],[23.748152800000071,38.005813500000045],[23.748121000000026,38.005800400000055],[23.748037000000068,38.005765500000052],[23.747980100000063,38.005741800000067]]]},"properties":{"fid":322,"leisure":"playground","name":null,"shapearea_m":191.2390676873656}},{"type":"Feature","id":323,"geometry":{"type":"Polygon","coordinates":[[[23.748354200000051,38.005958300000032],[23.748408300000051,38.00587390000004],[23.748555600000032,38.005932400000063],[23.748501600000054,38.006016800000054],[23.748443300000076,38.005993700000033],[23.748354200000051,38.005958300000032]]]},"properties":{"fid":323,"leisure":"playground","name":null,"shapearea_m":152.0841674975423}},{"type":"Feature","id":324,"geometry":{"type":"Polygon","coordinates":[[[23.723948300000075,38.042920600000059],[23.724174700000049,38.042839500000071],[23.724210300000038,38.042762100000061],[23.724272000000042,38.042732600000079],[23.724284100000034,38.042700900000057],[23.724345800000037,38.04267660000005],[23.724390100000051,38.042630600000052],[23.724386700000025,38.042590800000028],[23.724434300000041,38.042538200000024],[23.724768200000028,38.042419900000027],[23.724796400000059,38.042501200000061],[23.724766500000044,38.04253390000008],[23.724384300000054,38.042667000000051],[23.724540200000035,38.042944900000066],[23.724058800000023,38.043111700000054],[23.723948300000075,38.042920600000059]]]},"properties":{"fid":324,"leisure":"playground","name":null,"shapearea_m":1704.184646041442}},{"type":"Feature","id":325,"geometry":{"type":"Polygon","coordinates":[[[23.742139700000052,38.007609700000046],[23.742115600000034,38.007397300000036],[23.742163900000037,38.007379300000025],[23.742178600000045,38.007394700000077],[23.742232300000069,38.007428000000061],[23.742278500000054,38.007454400000029],[23.74233490000006,38.007472300000074],[23.742410000000064,38.007495600000027],[23.742474300000026,38.007513500000073],[23.742471000000023,38.007577500000025],[23.742139700000052,38.007609700000046]]]},"properties":{"fid":325,"leisure":"playground","name":null,"shapearea_m":475.29162762422305}},{"type":"Feature","id":326,"geometry":{"type":"Polygon","coordinates":[[[23.765737200000046,38.029806800000074],[23.765168900000049,38.029265900000041],[23.764979000000039,38.029085200000054],[23.765230700000075,38.028819500000054],[23.764890000000037,38.028611500000068],[23.76487910000003,38.028592700000047],[23.764883200000043,38.028570800000068],[23.765200800000059,38.028361200000063],[23.76530340000005,38.028341300000079],[23.765403000000049,38.028363900000045],[23.766120300000068,38.02883520000006],[23.766276400000038,38.029057800000032],[23.766316500000073,38.029215500000078],[23.766324500000053,38.029363100000069],[23.765953400000058,38.029651200000046],[23.765929100000051,38.029700200000036],[23.765737200000046,38.029806800000074]]]},"properties":{"fid":326,"leisure":"playground","name":null,"shapearea_m":11579.822189623903}},{"type":"Feature","id":327,"geometry":{"type":"Polygon","coordinates":[[[23.744612200000063,38.042710600000078],[23.744629900000064,38.042642400000034],[23.744636100000037,38.042598500000054],[23.744629000000032,38.042572000000064],[23.744617500000061,38.042528100000027],[23.744603400000074,38.042502300000081],[23.745168800000044,38.04223120000006],[23.745207700000037,38.042219400000079],[23.745233400000075,38.042238200000043],[23.745243100000039,38.042277200000058],[23.745289100000036,38.042608200000075],[23.745307700000069,38.042694600000061],[23.745320100000072,38.042819300000076],[23.744612200000063,38.042710600000078]]]},"properties":{"fid":327,"leisure":"playground","name":null,"shapearea_m":2699.5570356049434}},{"type":"Feature","id":328,"geometry":{"type":"Polygon","coordinates":[[[23.759095700000046,37.965880100000049],[23.759047400000043,37.965924600000051],[23.758973800000035,37.965976100000034],[23.758891000000062,37.965974300000028],[23.758825600000023,37.965930100000037],[23.758750900000052,37.96583430000004],[23.758985400000029,37.965688100000079],[23.759020700000065,37.965722800000037],[23.759033400000078,37.965715300000056],[23.759078100000067,37.965764400000069],[23.759100500000045,37.965823500000056],[23.759103700000026,37.965863800000079],[23.759095700000046,37.965880100000049]]]},"properties":{"fid":328,"leisure":"playground","name":null,"shapearea_m":617.73636208189521}},{"type":"Feature","id":329,"geometry":{"type":"Polygon","coordinates":[[[23.750913500000024,38.006443600000068],[23.750830800000074,38.006561100000056],[23.750557300000025,38.006439600000078],[23.75064100000003,38.006322600000033],[23.750913500000024,38.006443600000068]]]},"properties":{"fid":329,"leisure":"playground","name":null,"shapearea_m":410.37458308172046}},{"type":"Feature","id":330,"geometry":{"type":"Polygon","coordinates":[[[23.755979600000046,37.962603900000033],[23.75593310000005,37.962538800000061],[23.756089800000041,37.962489900000037],[23.755979600000046,37.962603900000033]]]},"properties":{"fid":330,"leisure":"playground","name":"Παιδική Χαρά Πλατείας Βαρουτίδη","shapearea_m":60.840597159921224}},{"type":"Feature","id":331,"geometry":{"type":"Polygon","coordinates":[[[23.807086100000049,38.083277300000077],[23.806993600000055,38.083231100000035],[23.806927800000039,38.083176700000024],[23.806871400000034,38.083126500000049],[23.807096600000023,38.083114900000055],[23.807253700000047,38.083089100000052],[23.807439000000045,38.083041800000046],[23.807678500000065,38.083409800000027],[23.80724900000007,38.08332130000008],[23.807086100000049,38.083277300000077]]]},"properties":{"fid":331,"leisure":"playground","name":null,"shapearea_m":1381.1426247703496}},{"type":"Feature","id":332,"geometry":{"type":"Polygon","coordinates":[[[23.749309800000049,38.011949300000026],[23.749197500000037,38.011707300000069],[23.749311900000066,38.011690300000055],[23.749497700000063,38.011734200000035],[23.749565400000051,38.011875700000076],[23.749309800000049,38.011949300000026]]]},"properties":{"fid":332,"leisure":"playground","name":null,"shapearea_m":579.77650156807795}},{"type":"Feature","id":333,"geometry":{"type":"Polygon","coordinates":[[[23.714753300000041,37.973125300000049],[23.714743400000032,37.973157300000025],[23.714721100000077,37.973185200000046],[23.714688800000033,37.973206100000027],[23.714649700000052,37.973217800000043],[23.714608000000055,37.973219200000074],[23.714567800000054,37.973210100000074],[23.71453340000005,37.973191400000076],[23.714507200000071,37.973163500000055],[23.714494300000069,37.973130300000037],[23.714496200000042,37.973095600000079],[23.714512600000035,37.973063400000058],[23.714541700000041,37.973037400000067],[23.714580200000057,37.973020500000075],[23.714623600000039,37.973014700000078],[23.714667000000077,37.973020600000041],[23.714705400000071,37.973037600000055],[23.714733300000034,37.973062200000072],[23.71474980000005,37.973092400000041],[23.714753300000041,37.973125300000049]]]},"properties":{"fid":333,"leisure":"playground","name":null,"shapearea_m":401.99582014459975}},{"type":"Feature","id":334,"geometry":{"type":"Polygon","coordinates":[[[23.757818500000042,38.012691400000051],[23.757715700000062,38.01248430000004],[23.75790980000005,38.012425200000052],[23.757922500000063,38.012446900000043],[23.757939300000032,38.01245270000004],[23.757964100000038,38.012457900000072],[23.757980800000041,38.012476400000025],[23.758003600000052,38.012502900000072],[23.758003600000052,38.012533500000075],[23.758006300000034,38.012554600000044],[23.758022400000073,38.012570000000039],[23.75805390000005,38.012589000000048],[23.758071400000063,38.012615400000072],[23.757818500000042,38.012691400000051]]]},"properties":{"fid":334,"leisure":"playground","name":null,"shapearea_m":533.60291740689468}},{"type":"Feature","id":335,"geometry":{"type":"Polygon","coordinates":[[[23.753627000000051,38.013151600000072],[23.753527800000029,38.012951900000076],[23.753701700000079,38.012898200000052],[23.753801000000067,38.01309800000007],[23.753627000000051,38.013151600000072]]]},"properties":{"fid":335,"leisure":"playground","name":null,"shapearea_m":390.5903774490526}},{"type":"Feature","id":336,"geometry":{"type":"Polygon","coordinates":[[[23.755701000000045,38.012856800000066],[23.755785500000059,38.012831200000051],[23.756007400000044,38.013001300000042],[23.755799500000023,38.013066800000047],[23.75576680000006,38.013001400000064],[23.755701000000045,38.012856800000066]]]},"properties":{"fid":336,"leisure":"playground","name":null,"shapearea_m":344.03419944754705}},{"type":"Feature","id":337,"geometry":{"type":"Polygon","coordinates":[[[23.760203700000034,38.015423600000076],[23.760174200000051,38.015395000000069],[23.760120500000028,38.01539930000007],[23.760109800000066,38.015337500000044],[23.760170200000061,38.01530050000008],[23.760277400000064,38.015371300000027],[23.760203700000034,38.015423600000076]]]},"properties":{"fid":337,"leisure":"playground","name":null,"shapearea_m":110.71879698831546}},{"type":"Feature","id":338,"geometry":{"type":"Polygon","coordinates":[[[23.758517300000051,38.015828700000043],[23.758389900000054,38.01587150000006],[23.758344300000033,38.015857800000049],[23.758283900000038,38.015732600000035],[23.758446900000024,38.015684500000077],[23.758517300000051,38.015828700000043]]]},"properties":{"fid":338,"leisure":"playground","name":null,"shapearea_m":263.19487149178934}},{"type":"Feature","id":339,"geometry":{"type":"Polygon","coordinates":[[[23.754523600000027,38.020603900000026],[23.754418900000076,38.020452500000033],[23.754669500000034,38.020345000000077],[23.754774100000077,38.020496500000036],[23.754523600000027,38.020603900000026]]]},"properties":{"fid":339,"leisure":"playground","name":null,"shapearea_m":479.43052104482672}},{"type":"Feature","id":340,"geometry":{"type":"Polygon","coordinates":[[[23.752759900000058,38.014726200000041],[23.75269220000007,38.014587800000072],[23.752920900000049,38.014521700000046],[23.752985200000069,38.014654300000075],[23.752759900000058,38.014726200000041]]]},"properties":{"fid":340,"leisure":"playground","name":null,"shapearea_m":344.19735964690096}},{"type":"Feature","id":341,"geometry":{"type":"Polygon","coordinates":[[[23.857965900000067,38.013516700000025],[23.85803020000003,38.013558000000046],[23.858041200000059,38.013605600000062],[23.857883800000025,38.013626500000044],[23.857874200000026,38.013592200000062],[23.857965900000067,38.013516700000025]]]},"properties":{"fid":341,"leisure":"playground","name":null,"shapearea_m":107.43065341156891}},{"type":"Feature","id":342,"geometry":{"type":"Polygon","coordinates":[[[23.748454300000049,38.015813900000069],[23.748540800000058,38.01574370000003],[23.748695700000042,38.015858300000048],[23.748634000000038,38.015917000000059],[23.748617200000069,38.015921200000037],[23.748595800000032,38.015916400000037],[23.748584400000027,38.015904300000045],[23.748580400000037,38.015885300000036],[23.748567000000037,38.015858300000048],[23.748549500000024,38.015849900000035],[23.748524000000032,38.015849900000035],[23.748497200000031,38.015846200000055],[23.748477100000059,38.015838200000076],[23.748459700000069,38.015826100000027],[23.748454300000049,38.015813900000069]]]},"properties":{"fid":342,"leisure":"playground","name":null,"shapearea_m":187.64955247071433}},{"type":"Feature","id":343,"geometry":{"type":"Polygon","coordinates":[[[23.754853100000048,38.025192300000072],[23.754824900000074,38.025202400000069],[23.754807500000027,38.025193900000033],[23.754787400000055,38.025165400000049],[23.754747100000031,38.025149500000055],[23.754722300000026,38.025158000000033],[23.754616400000032,38.02499320000004],[23.754653900000051,38.024976800000047],[23.754688800000054,38.02500370000007],[23.754713600000059,38.024981000000025],[23.754688100000067,38.024964100000034],[23.754706200000044,38.024946200000045],[23.754746500000067,38.024963100000036],[23.75476320000007,38.024959400000057],[23.754827600000056,38.024992600000076],[23.754874500000028,38.025111500000037],[23.754872500000033,38.025162700000067],[23.754853100000048,38.025192300000072]]]},"properties":{"fid":343,"leisure":"playground","name":null,"shapearea_m":363.4166912403353}},{"type":"Feature","id":344,"geometry":{"type":"Polygon","coordinates":[[[23.744215700000041,38.027928400000064],[23.74416750000006,38.027913100000035],[23.744110500000033,38.027759400000036],[23.744132600000057,38.027726100000052],[23.744328400000029,38.027679600000056],[23.744372600000077,38.027696000000049],[23.744431000000077,38.02784760000003],[23.744413500000064,38.027881900000068],[23.744215700000041,38.027928400000064]]]},"properties":{"fid":344,"leisure":"playground","name":"acqua potabile","shapearea_m":552.67963118542491}},{"type":"Feature","id":345,"geometry":{"type":"Polygon","coordinates":[[[23.536045100000024,37.932016700000077],[23.536062400000048,37.931806000000051],[23.536235600000055,37.931823500000064],[23.536213300000043,37.932055700000035],[23.536045100000024,37.932016700000077]]]},"properties":{"fid":345,"leisure":"playground","name":null,"shapearea_m":374.32476922203512}},{"type":"Feature","id":346,"geometry":{"type":"Polygon","coordinates":[[[23.527539400000023,37.923098800000048],[23.52746540000004,37.923154800000077],[23.527344700000071,37.923055600000055],[23.527418600000033,37.922999600000026],[23.527539400000023,37.923098800000048]]]},"properties":{"fid":346,"leisure":"playground","name":null,"shapearea_m":137.58279919829297}},{"type":"Feature","id":347,"geometry":{"type":"Polygon","coordinates":[[[23.734049500000026,38.022085000000061],[23.733904700000039,38.022130400000037],[23.733856400000036,38.022050100000058],[23.733923400000037,38.022026900000071],[23.733970400000032,38.021996200000046],[23.734049500000026,38.022085000000061]]]},"properties":{"fid":347,"leisure":"playground","name":null,"shapearea_m":132.7455499332294}},{"type":"Feature","id":348,"geometry":{"type":"Polygon","coordinates":[[[23.735177000000078,37.927942200000075],[23.735305500000038,37.927809000000025],[23.735664200000031,37.928013500000077],[23.735657500000059,37.928027000000043],[23.735455500000057,37.928135400000031],[23.735367100000076,37.928079900000057],[23.735376500000029,37.928056100000049],[23.735177000000078,37.927942200000075]]]},"properties":{"fid":348,"leisure":"playground","name":null,"shapearea_m":713.01058863851392}},{"type":"Feature","id":349,"geometry":{"type":"Polygon","coordinates":[[[23.692810800000075,37.942446500000074],[23.692805000000078,37.942463500000031],[23.692794100000071,37.942478900000026],[23.692778700000076,37.942491700000062],[23.692759900000055,37.942501200000038],[23.692742500000065,37.942506000000037],[23.692724300000066,37.942508100000055],[23.692706000000044,37.94250720000008],[23.692688300000043,37.942503400000078],[23.692671800000028,37.942496900000037],[23.69265740000003,37.94248790000006],[23.692645600000048,37.942476800000065],[23.692636800000059,37.94246400000003],[23.692631500000061,37.942450200000053],[23.692629800000077,37.942435700000033],[23.692631800000072,37.942421300000035],[23.692637500000046,37.942407500000058],[23.692646600000046,37.942394900000068],[23.692658700000038,37.942384000000061],[23.69267670000005,37.942373600000053],[23.692697500000065,37.942367000000047],[23.692719600000032,37.942364700000041],[23.692741800000078,37.942366600000071],[23.692762800000025,37.942372800000044],[23.69278120000007,37.942382800000075],[23.692796000000044,37.942396000000031],[23.692806200000064,37.942411700000036],[23.692811200000051,37.942428900000039],[23.692810800000075,37.942446500000074]]]},"properties":{"fid":349,"leisure":"playground","name":null,"shapearea_m":198.32185492470526}},{"type":"Feature","id":350,"geometry":{"type":"Polygon","coordinates":[[[23.692485900000065,37.942836800000066],[23.692465200000072,37.942856500000062],[23.692434900000023,37.942874600000039],[23.692399900000055,37.942886300000055],[23.69236490000003,37.942890800000043],[23.692329500000028,37.942889000000037],[23.692295600000023,37.942880900000034],[23.692264900000055,37.94286690000007],[23.692239000000029,37.942847700000073],[23.692219400000056,37.942824400000063],[23.692206900000031,37.942798200000027],[23.692202400000042,37.942770500000051],[23.692206000000056,37.942742700000053],[23.692217500000027,37.942716200000064],[23.692236300000047,37.942692500000078],[23.692261500000029,37.942672800000025],[23.692291700000055,37.942658100000074],[23.69232530000005,37.942649300000028],[23.692360600000029,37.942646700000068],[23.692395800000043,37.94265050000007],[23.692421800000034,37.942657700000041],[23.69244580000003,37.942668600000047],[23.692467000000079,37.942682600000069],[23.692484700000023,37.942699300000072],[23.692498300000068,37.942718300000024],[23.692507500000033,37.942738800000029],[23.692512100000044,37.942764100000034],[23.692509900000061,37.942789600000026],[23.692501100000072,37.942814200000043],[23.692485900000065,37.942836800000066]]]},"properties":{"fid":350,"leisure":"playground","name":"Παιδότοπος","shapearea_m":575.40260568314704}},{"type":"Feature","id":351,"geometry":{"type":"Polygon","coordinates":[[[23.692986100000041,37.94269950000006],[23.692957600000057,37.942703800000061],[23.692929800000059,37.942695300000025],[23.692909800000052,37.942674000000068],[23.692899800000077,37.942647300000033],[23.69290060000003,37.942626000000075],[23.692904200000044,37.942611500000055],[23.692908300000056,37.942594400000075],[23.692922900000042,37.942561600000033],[23.692942900000048,37.942534300000034],[23.692966000000069,37.942520900000034],[23.692994500000054,37.942519100000027],[23.693016100000023,37.942525200000034],[23.693031500000075,37.942537900000048],[23.693040000000053,37.942557400000055],[23.693043100000068,37.942579200000068],[23.693043100000068,37.942602300000033],[23.693038400000034,37.942629100000033],[23.693033000000071,37.94264940000005],[23.69302360000006,37.942669700000067],[23.693009000000075,37.942686400000071],[23.692986100000041,37.94269950000006]]]},"properties":{"fid":351,"leisure":"playground","name":null,"shapearea_m":200.61765219149342}},{"type":"Feature","id":352,"geometry":{"type":"Polygon","coordinates":[[[23.692647800000032,37.94288750000004],[23.692610800000068,37.942884200000037],[23.692579500000022,37.942864500000042],[23.692547400000024,37.942836000000057],[23.692538600000034,37.94281170000005],[23.692540000000065,37.942786100000035],[23.692559200000062,37.942762900000048],[23.69260040000006,37.942753700000026],[23.692646000000025,37.942750200000035],[23.692675400000041,37.942749000000049],[23.692697400000043,37.94275250000004],[23.69271660000004,37.94276990000003],[23.692712100000051,37.942802400000062],[23.692707000000041,37.942821600000059],[23.692702300000064,37.942839100000072],[23.692684600000064,37.942871500000024],[23.692647800000032,37.94288750000004]]]},"properties":{"fid":352,"leisure":"playground","name":null,"shapearea_m":186.18373917505471}},{"type":"Feature","id":353,"geometry":{"type":"Polygon","coordinates":[[[23.702778300000034,37.998055100000045],[23.702995700000031,37.997901800000079],[23.703107000000045,37.997974200000044],[23.702889400000061,37.998156600000073],[23.702778300000034,37.998055100000045]]]},"properties":{"fid":353,"leisure":"playground","name":null,"shapearea_m":366.34696017491279}},{"type":"Feature","id":354,"geometry":{"type":"Polygon","coordinates":[[[23.730133600000045,38.014909900000077],[23.730355700000075,38.014902600000028],[23.730362700000057,38.015035100000034],[23.730371700000035,38.015205200000025],[23.730149600000061,38.015212500000075],[23.730133600000045,38.014909900000077]]]},"properties":{"fid":354,"leisure":"playground","name":null,"shapearea_m":656.20920575625109}},{"type":"Feature","id":355,"geometry":{"type":"Polygon","coordinates":[[[23.127700300000072,37.766347200000041],[23.127637700000037,37.766370100000074],[23.127560600000038,37.766381300000035],[23.127419900000064,37.766377500000033],[23.127342400000032,37.766367000000059],[23.127267800000027,37.766344300000071],[23.127286900000058,37.766253400000039],[23.127585400000044,37.766200600000047],[23.127620700000023,37.766245600000047],[23.127700300000072,37.766347200000041]]]},"properties":{"fid":355,"leisure":"playground","name":null,"shapearea_m":540.26206993282574}},{"type":"Feature","id":356,"geometry":{"type":"Polygon","coordinates":[[[23.433925100000067,38.01690080000003],[23.434104000000048,38.016582700000072],[23.434327100000075,38.016672100000051],[23.434148200000038,38.016920500000026],[23.433979000000022,38.016925100000037],[23.433925100000067,38.01690080000003]]]},"properties":{"fid":356,"leisure":"playground","name":null,"shapearea_m":732.30243208342756}},{"type":"Feature","id":357,"geometry":{"type":"Polygon","coordinates":[[[23.441029700000058,38.02020200000004],[23.440900200000044,38.020364800000038],[23.440782100000035,38.020303900000044],[23.440904700000033,38.020148300000074],[23.441029700000058,38.02020200000004]]]},"properties":{"fid":357,"leisure":"playground","name":null,"shapearea_m":258.99643373533337}},{"type":"Feature","id":358,"geometry":{"type":"Polygon","coordinates":[[[23.728423300000031,38.005737300000078],[23.728110900000047,38.005797900000061],[23.728079900000068,38.005698500000051],[23.72839220000003,38.005637900000067],[23.728423300000031,38.005737300000078]]]},"properties":{"fid":358,"leisure":"playground","name":null,"shapearea_m":321.00543669653092}},{"type":"Feature","id":359,"geometry":{"type":"Polygon","coordinates":[[[23.717230000000029,38.006300800000076],[23.717125700000054,38.006427700000074],[23.717077700000061,38.006486000000052],[23.716973100000075,38.006432600000039],[23.717136900000071,38.006233400000042],[23.717241600000023,38.006286800000055],[23.717230000000029,38.006300800000076]]]},"properties":{"fid":359,"leisure":"playground","name":null,"shapearea_m":288.48095962256161}},{"type":"Feature","id":360,"geometry":{"type":"Polygon","coordinates":[[[23.748478700000078,37.895265100000074],[23.748538600000074,37.895086200000037],[23.748674900000026,37.89510080000008],[23.748588400000074,37.895279000000073],[23.748478700000078,37.895265100000074]]]},"properties":{"fid":360,"leisure":"playground","name":null,"shapearea_m":224.59030284200708}},{"type":"Feature","id":361,"geometry":{"type":"Polygon","coordinates":[[[23.748478700000078,37.895265100000074],[23.748588400000074,37.895279000000073],[23.748611700000026,37.895281200000056],[23.748541000000046,37.895422400000029],[23.748432800000046,37.895398300000068],[23.748478700000078,37.895265100000074]]]},"properties":{"fid":361,"leisure":"playground","name":null,"shapearea_m":172.57516142771948}},{"type":"Feature","id":362,"geometry":{"type":"Polygon","coordinates":[[[23.452725600000065,37.692503900000077],[23.452648800000077,37.692293500000062],[23.45301610000007,37.692214600000057],[23.453077900000039,37.692442800000038],[23.452725600000065,37.692503900000077]]]},"properties":{"fid":362,"leisure":"playground","name":null,"shapearea_m":819.89299346508471}},{"type":"Feature","id":363,"geometry":{"type":"Polygon","coordinates":[[[23.180952500000046,37.432307000000037],[23.180956600000059,37.432155700000067],[23.181157700000028,37.432169600000066],[23.181155100000069,37.432328300000052],[23.180952500000046,37.432307000000037]]]},"properties":{"fid":363,"leisure":"playground","name":null,"shapearea_m":307.90347110064243}},{"type":"Feature","id":364,"geometry":{"type":"Polygon","coordinates":[[[23.942788200000052,38.038892300000043],[23.942782000000022,38.038722500000063],[23.943225700000028,38.038721200000055],[23.943227300000046,38.038889900000072],[23.942788200000052,38.038892300000043]]]},"properties":{"fid":364,"leisure":"playground","name":null,"shapearea_m":728.01621181596693}},{"type":"Feature","id":365,"geometry":{"type":"Polygon","coordinates":[[[23.958685900000035,38.026317800000072],[23.958577000000048,38.026278400000081],[23.958506400000033,38.026252900000031],[23.958641800000066,38.025991100000056],[23.958927100000039,38.026106900000059],[23.958947700000067,38.026130100000046],[23.958953600000029,38.026157900000044],[23.958947700000067,38.026188000000047],[23.958915400000024,38.026218200000073],[23.958853600000054,38.026250600000026],[23.958727100000033,38.026301300000057],[23.958685900000035,38.026317800000072]]]},"properties":{"fid":365,"leisure":"playground","name":null,"shapearea_m":849.3974076315717}},{"type":"Feature","id":366,"geometry":{"type":"Polygon","coordinates":[[[23.729819400000054,38.026569600000073],[23.729723900000067,38.026552700000025],[23.729747300000042,38.026470900000049],[23.729842700000063,38.026487800000041],[23.729819400000054,38.026569600000073]]]},"properties":{"fid":366,"leisure":"playground","name":null,"shapearea_m":79.937765147417934}},{"type":"Feature","id":367,"geometry":{"type":"Polygon","coordinates":[[[23.718133900000055,37.992289200000073],[23.718150700000024,37.992280700000038],[23.718188300000065,37.99227540000004],[23.718230500000061,37.992285500000037],[23.718260000000043,37.992306600000063],[23.718270700000062,37.992326700000035],[23.718278100000077,37.992338300000029],[23.718301600000075,37.992346300000065],[23.718335800000034,37.992332000000033],[23.718371300000058,37.99233090000007],[23.718411500000059,37.992341000000067],[23.718429700000058,37.992354700000078],[23.718443100000059,37.992379000000028],[23.718437000000051,37.992403900000056],[23.718421600000056,37.992426600000044],[23.718392100000074,37.992445100000054],[23.718354600000055,37.992448300000035],[23.718321700000047,37.992441900000074],[23.718300900000031,37.992431900000042],[23.718295500000067,37.992426600000044],[23.718286200000023,37.992406000000074],[23.718285500000036,37.992392800000061],[23.71824730000003,37.992384800000025],[23.718229800000074,37.992392800000061],[23.718185600000027,37.992402300000037],[23.718156100000044,37.992400700000076],[23.718132600000047,37.992391700000042],[23.71811450000007,37.99237590000007],[23.718108500000028,37.992350500000043],[23.718109100000049,37.992322500000057],[23.718117200000052,37.992301300000065],[23.718133900000055,37.992289200000073]]]},"properties":{"fid":367,"leisure":"playground","name":null,"shapearea_m":318.06281962746834}},{"type":"Feature","id":368,"geometry":{"type":"Polygon","coordinates":[[[23.71000470000007,38.000691200000063],[23.709871000000078,38.000589800000057],[23.709889100000055,38.000575000000026],[23.709596600000054,38.000353300000029],[23.709739700000057,38.000236100000052],[23.709763300000077,38.000254100000063],[23.709917800000028,38.000127500000076],[23.710028900000054,38.000211700000079],[23.709944900000039,38.000280500000031],[23.710236300000076,38.000501500000041],[23.71000470000007,38.000691200000063]]]},"properties":{"fid":368,"leisure":"playground","name":null,"shapearea_m":1554.2879439311164}},{"type":"Feature","id":369,"geometry":{"type":"Polygon","coordinates":[[[23.713627200000076,37.991829400000029],[23.713674100000048,37.991796700000066],[23.713828300000046,37.991867500000069],[23.713538600000049,37.992282800000055],[23.713465100000064,37.992251500000066],[23.713459400000033,37.992259900000079],[23.713366600000029,37.992220400000065],[23.71337230000006,37.992212000000052],[23.713627200000076,37.991829400000029]]]},"properties":{"fid":369,"leisure":"playground","name":null,"shapearea_m":909.68026784868027}},{"type":"Feature","id":370,"geometry":{"type":"Polygon","coordinates":[[[23.813570100000049,38.097820600000034],[23.813496500000042,38.097590900000057],[23.813758000000064,38.097538500000041],[23.813826900000038,38.09777100000008],[23.813570100000049,38.097820600000034]]]},"properties":{"fid":370,"leisure":"playground","name":null,"shapearea_m":618.48271203107095}},{"type":"Feature","id":371,"geometry":{"type":"Polygon","coordinates":[[[23.760865600000045,37.962157700000034],[23.76104730000003,37.962265000000059],[23.760828700000047,37.962525700000072],[23.760714000000064,37.962474900000075],[23.760821300000032,37.962248100000068],[23.760865600000045,37.962157700000034]]]},"properties":{"fid":371,"leisure":"playground","name":"Παιδική χαρά Δήμου Καισαριανής","shapearea_m":562.10633096868924}},{"type":"Feature","id":372,"geometry":{"type":"Polygon","coordinates":[[[23.76628160000007,37.959230400000024],[23.766358000000025,37.959165900000073],[23.766391600000077,37.959203500000058],[23.766323500000055,37.959262600000045],[23.76628160000007,37.959230400000024]]]},"properties":{"fid":372,"leisure":"playground","name":null,"shapearea_m":47.352600981134479}},{"type":"Feature","id":373,"geometry":{"type":"Polygon","coordinates":[[[23.765188800000033,37.952386200000035],[23.765052300000036,37.952310600000033],[23.76505990000004,37.952301500000033],[23.765061200000048,37.952294100000074],[23.765050500000029,37.952284100000043],[23.764902300000074,37.952209000000039],[23.764892900000063,37.952199500000063],[23.764888900000074,37.952189400000066],[23.76489360000005,37.952176700000052],[23.764952600000072,37.95210110000005],[23.765228200000024,37.952253900000073],[23.765260400000045,37.95228190000006],[23.765263700000048,37.952298900000073],[23.765247600000066,37.952333800000076],[23.765197300000068,37.952389800000049],[23.765188800000033,37.952386200000035]]]},"properties":{"fid":373,"leisure":"playground","name":null,"shapearea_m":450.73491259068049}},{"type":"Feature","id":374,"geometry":{"type":"Polygon","coordinates":[[[23.765387800000042,37.953969800000039],[23.765293000000042,37.954006800000059],[23.765234500000076,37.953913600000078],[23.765329300000076,37.953876600000058],[23.765387800000042,37.953969800000039]]]},"properties":{"fid":374,"leisure":"playground","name":null,"shapearea_m":107.30485941683956}},{"type":"Feature","id":375,"geometry":{"type":"Polygon","coordinates":[[[23.761567600000035,37.956408600000032],[23.761503900000037,37.956468400000063],[23.761493200000075,37.956471600000043],[23.761479800000075,37.956470600000046],[23.761475800000028,37.95645200000007],[23.761465700000031,37.956438800000058],[23.761446900000067,37.956432500000062],[23.761426800000038,37.956430900000043],[23.76140330000004,37.956438300000059],[23.761327600000072,37.956397600000059],[23.761317500000075,37.956382800000029],[23.761402700000076,37.956299100000024],[23.761567600000035,37.956408600000032]]]},"properties":{"fid":375,"leisure":"playground","name":null,"shapearea_m":203.67468913045241}},{"type":"Feature","id":376,"geometry":{"type":"Polygon","coordinates":[[[23.752514900000051,37.960001500000033],[23.752519900000038,37.960009700000057],[23.75251650000007,37.960047800000041],[23.752391100000068,37.960095900000056],[23.75232740000007,37.960013900000035],[23.752485200000024,37.959954200000027],[23.752500100000077,37.960004200000071],[23.752514900000051,37.960001500000033]]]},"properties":{"fid":376,"leisure":"playground","name":null,"shapearea_m":149.84113232689361}},{"type":"Feature","id":377,"geometry":{"type":"Polygon","coordinates":[[[23.752202000000068,37.959858500000053],[23.752127600000051,37.959768100000076],[23.752320700000041,37.95970090000003],[23.752369000000044,37.95980510000004],[23.752202000000068,37.959858500000053]]]},"properties":{"fid":377,"leisure":"playground","name":null,"shapearea_m":206.97040487931417}},{"type":"Feature","id":378,"geometry":{"type":"Polygon","coordinates":[[[23.746071100000052,37.960324300000025],[23.745961500000078,37.96026420000004],[23.746040900000025,37.960174100000074],[23.746047600000054,37.960177800000054],[23.746138500000029,37.96022750000003],[23.746150500000056,37.960234100000037],[23.746116700000073,37.960272500000031],[23.746071100000052,37.960324300000025]]]},"properties":{"fid":378,"leisure":"playground","name":null,"shapearea_m":142.88587783996715}},{"type":"Feature","id":379,"geometry":{"type":"Polygon","coordinates":[[[23.747996100000023,37.957641900000056],[23.747840100000076,37.957551200000069],[23.747887000000048,37.957513200000051],[23.747925900000041,37.957500500000037],[23.74797760000007,37.957490200000052],[23.747996100000023,37.957641900000056]]]},"properties":{"fid":379,"leisure":"playground","name":null,"shapearea_m":120.01752202885865}},{"type":"Feature","id":380,"geometry":{"type":"Polygon","coordinates":[[[23.751332700000034,37.954878200000053],[23.751125000000059,37.954762100000039],[23.751171300000067,37.954698000000064],[23.751347700000053,37.954683500000044],[23.751266600000065,37.954770200000041],[23.751377900000023,37.954828900000052],[23.751332700000034,37.954878200000053]]]},"properties":{"fid":380,"leisure":"playground","name":null,"shapearea_m":226.6440408281151}},{"type":"Feature","id":381,"geometry":{"type":"Polygon","coordinates":[[[23.755107000000066,37.955809600000066],[23.755099200000075,37.955742300000054],[23.755092300000058,37.955683100000044],[23.755223900000033,37.955674700000031],[23.755237900000054,37.955800100000033],[23.755107000000066,37.955809600000066]]]},"properties":{"fid":381,"leisure":"playground","name":null,"shapearea_m":162.49736350476186}},{"type":"Feature","id":382,"geometry":{"type":"Polygon","coordinates":[[[23.588448700000072,38.276705400000026],[23.588487200000031,38.276843800000051],[23.588502100000028,38.276898800000026],[23.588283500000045,38.276915700000075],[23.588236600000073,38.276730400000076],[23.588340000000073,38.276717000000076],[23.588448700000072,38.276705400000026]]]},"properties":{"fid":382,"leisure":"playground","name":null,"shapearea_m":407.77611601076609}},{"type":"Feature","id":383,"geometry":{"type":"Polygon","coordinates":[[[23.586880000000065,38.062135800000078],[23.586781600000052,38.06186880000007],[23.586918300000036,38.061837600000047],[23.587016800000072,38.062104500000032],[23.586880000000065,38.062135800000078]]]},"properties":{"fid":383,"leisure":"playground","name":"Αγίας Μαρίνας","shapearea_m":385.56741943149029}},{"type":"Feature","id":384,"geometry":{"type":"Polygon","coordinates":[[[23.780007800000078,37.973138100000028],[23.779758900000047,37.972995300000036],[23.779932000000031,37.972837600000048],[23.780155400000069,37.972995300000036],[23.780007800000078,37.973138100000028]]]},"properties":{"fid":384,"leisure":"playground","name":null,"shapearea_m":581.0040046309033}},{"type":"Feature","id":385,"geometry":{"type":"Polygon","coordinates":[[[23.753787900000077,37.883929500000079],[23.753778800000077,37.884182600000031],[23.753079600000035,37.884094100000027],[23.753294800000049,37.883922900000073],[23.753787900000077,37.883929500000079]]]},"properties":{"fid":385,"leisure":"playground","name":null,"shapearea_m":1286.9839213644118}},{"type":"Feature","id":386,"geometry":{"type":"Polygon","coordinates":[[[23.773532500000044,37.984621100000027],[23.773482700000045,37.98459390000005],[23.773582300000044,37.984511400000031],[23.773651500000028,37.984566700000073],[23.773532500000044,37.984621100000027]]]},"properties":{"fid":386,"leisure":"playground","name":null,"shapearea_m":83.678178786790838}},{"type":"Feature","id":387,"geometry":{"type":"Polygon","coordinates":[[[23.756878500000028,37.932094200000051],[23.756860200000062,37.932088400000055],[23.756874800000048,37.932018700000071],[23.756898900000067,37.931998600000043],[23.756880500000022,37.931940000000054],[23.756919700000026,37.931930700000066],[23.756925300000034,37.931937700000049],[23.756940900000075,37.931934700000056],[23.756956700000046,37.931931700000064],[23.756959900000027,37.931902200000025],[23.757195800000034,37.931853300000057],[23.757271900000035,37.931837500000029],[23.757283900000061,37.931957100000034],[23.757266500000071,37.932095000000061],[23.757238400000062,37.932225500000072],[23.757079600000054,37.932175100000052],[23.757072400000027,37.932162700000049],[23.757079500000032,37.932136900000046],[23.757066800000075,37.932136100000037],[23.757023000000061,37.932133100000044],[23.757007900000076,37.932138000000066],[23.756988600000057,37.932133200000067],[23.756973000000073,37.932091300000025],[23.756895600000064,37.932073600000024],[23.756878500000028,37.932094200000051]]]},"properties":{"fid":387,"leisure":"playground","name":null,"shapearea_m":1033.8364014609119}},{"type":"Feature","id":388,"geometry":{"type":"Polygon","coordinates":[[[23.753897800000061,37.929666600000076],[23.753762400000028,37.929890900000032],[23.753572500000075,37.929826700000035],[23.753488800000071,37.929633800000033],[23.753548800000033,37.929570500000068],[23.753596600000037,37.929554400000029],[23.753897800000061,37.929666600000076]]]},"properties":{"fid":388,"leisure":"playground","name":"Ilioupoli Playground","shapearea_m":807.53705251228189}},{"type":"Feature","id":389,"geometry":{"type":"Polygon","coordinates":[[[23.71617660000004,37.93688590000005],[23.716155100000037,37.936912900000038],[23.716143100000068,37.936919700000033],[23.716033800000048,37.936913400000037],[23.71600490000003,37.93690550000008],[23.71599690000005,37.936891200000048],[23.715993500000025,37.936870600000077],[23.71600090000004,37.936851500000046],[23.71601430000004,37.93684090000005],[23.716026400000032,37.936825100000078],[23.716027700000041,37.936803900000029],[23.716013700000076,37.936770100000047],[23.716009000000042,37.936745200000075],[23.716023000000064,37.936711900000034],[23.716037800000038,37.936693400000024],[23.716059900000062,37.936685500000067],[23.716080700000077,37.936688100000026],[23.716116200000045,37.936706100000038],[23.716155800000024,37.936735700000042],[23.716169200000024,37.936752600000034],[23.716180000000065,37.936776400000042],[23.71618600000005,37.936828200000036],[23.716182600000025,37.936867900000038],[23.71617660000004,37.93688590000005]]]},"properties":{"fid":389,"leisure":"playground","name":null,"shapearea_m":335.58836363664216}},{"type":"Feature","id":390,"geometry":{"type":"Polygon","coordinates":[[[23.72056230000004,37.938332500000058],[23.720379600000058,37.938461300000029],[23.720240800000056,37.938285200000053],[23.720250900000053,37.938246100000072],[23.720227400000056,37.938221200000044],[23.72020260000005,37.938219700000047],[23.720047700000066,37.938023500000043],[23.720154300000047,37.937970000000064],[23.72056230000004,37.938332500000058]]]},"properties":{"fid":390,"leisure":"playground","name":null,"shapearea_m":878.80718509298651}},{"type":"Feature","id":391,"geometry":{"type":"Polygon","coordinates":[[[23.69746200000003,38.077267500000062],[23.697536400000047,38.077103900000054],[23.697702000000049,38.077155100000027],[23.697612200000037,38.077311900000041],[23.69746200000003,38.077267500000062]]]},"properties":{"fid":391,"leisure":"playground","name":null,"shapearea_m":284.57295339118912}},{"type":"Feature","id":392,"geometry":{"type":"Polygon","coordinates":[[[23.746540000000039,37.947687600000052],[23.746567200000072,37.947699600000078],[23.746512500000051,37.947776700000077],[23.746504500000071,37.947773100000063],[23.746366700000067,37.947712400000057],[23.74631990000006,37.947691700000064],[23.746343400000057,37.947658700000034],[23.746374600000024,37.947614600000065],[23.746449100000063,37.947647500000073],[23.746540000000039,37.947687600000052]]]},"properties":{"fid":392,"leisure":"playground","name":null,"shapearea_m":190.17008898387391}},{"type":"Feature","id":393,"geometry":{"type":"Polygon","coordinates":[[[23.876535500000045,37.902045100000066],[23.876443600000073,37.901569100000074],[23.876555000000053,37.901551600000062],[23.876597100000026,37.901602300000036],[23.876657800000032,37.901633600000025],[23.876761700000031,37.901666800000044],[23.876785000000041,37.901699000000065],[23.876762900000074,37.901752500000043],[23.876750000000072,37.90180040000007],[23.876745400000061,37.901838100000077],[23.876752400000044,37.901900800000078],[23.876750000000072,37.90194960000008],[23.876733700000045,37.901994700000046],[23.876676500000031,37.902020500000049],[23.876604100000066,37.902048200000024],[23.876535500000045,37.902045100000066]]]},"properties":{"fid":393,"leisure":"playground","name":null,"shapearea_m":1099.2800676470715}},{"type":"Feature","id":394,"geometry":{"type":"Polygon","coordinates":[[[23.703851000000043,38.075031600000045],[23.703883900000051,38.074955800000055],[23.704105900000059,38.075015500000063],[23.704073100000073,38.075091300000054],[23.703851000000043,38.075031600000045]]]},"properties":{"fid":394,"leisure":"playground","name":"Παιδική Χαρά Νήπιο","shapearea_m":183.02572203859413}},{"type":"Feature","id":395,"geometry":{"type":"Polygon","coordinates":[[[23.867806300000041,37.898587700000064],[23.868073300000049,37.89853800000003],[23.868112100000076,37.898648600000058],[23.867855400000053,37.89870140000005],[23.867806300000041,37.898587700000064]]]},"properties":{"fid":395,"leisure":"playground","name":null,"shapearea_m":308.67431564719061}},{"type":"Feature","id":396,"geometry":{"type":"Polygon","coordinates":[[[23.872618700000032,37.908330300000046],[23.872591200000045,37.908223700000065],[23.872724400000038,37.908088200000066],[23.87276600000007,37.908083300000044],[23.872856500000069,37.908134700000062],[23.872867700000029,37.908213200000034],[23.872796500000049,37.90829750000006],[23.872618700000032,37.908330300000046]]]},"properties":{"fid":396,"leisure":"playground","name":null,"shapearea_m":443.7129250499234}},{"type":"Feature","id":397,"geometry":{"type":"Polygon","coordinates":[[[23.860023200000057,37.900404700000024],[23.859866100000033,37.899962200000061],[23.860392900000022,37.899850400000048],[23.860543900000039,37.900288000000046],[23.860023200000057,37.900404700000024]]]},"properties":{"fid":397,"leisure":"playground","name":null,"shapearea_m":2421.7551726680485}},{"type":"Feature","id":398,"geometry":{"type":"Polygon","coordinates":[[[23.676491500000054,38.035184100000038],[23.676679000000036,38.035035100000073],[23.677004400000044,38.035289300000045],[23.676817000000028,38.035438200000044],[23.676491500000054,38.035184100000038]]]},"properties":{"fid":398,"leisure":"playground","name":null,"shapearea_m":936.60287923539852}},{"type":"Feature","id":399,"geometry":{"type":"Polygon","coordinates":[[[23.763833400000067,37.947256000000039],[23.763797200000056,37.947247600000026],[23.763854900000069,37.947080500000027],[23.763973600000043,37.947104300000035],[23.763833400000067,37.947256000000039]]]},"properties":{"fid":399,"leisure":"playground","name":null,"shapearea_m":135.98518551855901}},{"type":"Feature","id":400,"geometry":{"type":"Polygon","coordinates":[[[24.012687600000049,37.935386200000039],[24.012607100000025,37.935397900000055],[24.012569600000063,37.935175800000025],[24.012615600000061,37.935170000000028],[24.012654100000077,37.935165200000029],[24.012687600000049,37.935386200000039]]]},"properties":{"fid":400,"leisure":"playground","name":null,"shapearea_m":182.22171572307494}},{"type":"Feature","id":401,"geometry":{"type":"Polygon","coordinates":[[[23.761892300000056,37.925218900000061],[23.761867700000039,37.925220400000057],[23.761853700000074,37.925203000000067],[23.761769400000048,37.924942700000031],[23.76212380000004,37.925097600000072],[23.761892300000056,37.925218900000061]]]},"properties":{"fid":401,"leisure":"playground","name":"Παιδική Χαρά, Κριεζή & Δαμασκηνού","shapearea_m":429.41169455336887}},{"type":"Feature","id":402,"geometry":{"type":"Polygon","coordinates":[[[23.744136600000047,37.939285300000051],[23.743840200000022,37.939076400000033],[23.743849700000055,37.939067900000055],[23.743936800000029,37.938990700000033],[23.744231200000058,37.939201700000069],[23.74414900000005,37.939274300000079],[23.744136600000047,37.939285300000051]]]},"properties":{"fid":402,"leisure":"playground","name":null,"shapearea_m":439.83120764613204}},{"type":"Feature","id":403,"geometry":{"type":"Polygon","coordinates":[[[23.749319300000025,37.914969500000041],[23.749300800000071,37.914707000000078],[23.749686000000054,37.914681500000029],[23.749712200000033,37.914959800000076],[23.749319300000025,37.914969500000041]]]},"properties":{"fid":403,"leisure":"playground","name":null,"shapearea_m":1030.6054621352425}},{"type":"Feature","id":404,"geometry":{"type":"Polygon","coordinates":[[[23.730476600000031,37.919775700000059],[23.730472000000077,37.919660000000079],[23.730722000000071,37.919579300000066],[23.73074930000007,37.91971170000005],[23.730476600000031,37.919775700000059]]]},"properties":{"fid":404,"leisure":"playground","name":null,"shapearea_m":327.6726467426538}},{"type":"Feature","id":405,"geometry":{"type":"Polygon","coordinates":[[[23.754954600000076,37.942416500000036],[23.755053200000077,37.942434400000025],[23.755215500000077,37.94244290000006],[23.755206800000053,37.942519600000026],[23.755192000000022,37.942563500000063],[23.755112900000029,37.942560800000024],[23.755101500000023,37.942568200000039],[23.755092800000057,37.942581500000074],[23.755074000000036,37.942585200000053],[23.755051900000069,37.942577800000038],[23.755037800000025,37.942550800000049],[23.755029100000058,37.942526500000042],[23.755013000000076,37.942514800000026],[23.754931200000044,37.942499500000054],[23.754954600000076,37.942416500000036]]]},"properties":{"fid":405,"leisure":"playground","name":null,"shapearea_m":298.29125724410864}},{"type":"Feature","id":406,"geometry":{"type":"Polygon","coordinates":[[[23.91349660000003,37.984958000000063],[23.913607300000024,37.984901200000024],[23.913734000000034,37.98483630000004],[23.913913400000069,37.985068100000035],[23.913660200000038,37.985183600000028],[23.91349660000003,37.984958000000063]]]},"properties":{"fid":406,"leisure":"playground","name":null,"shapearea_m":745.42970473851699}},{"type":"Feature","id":407,"geometry":{"type":"Polygon","coordinates":[[[23.763034700000048,37.940132800000072],[23.76303420000005,37.939982100000066],[23.763271000000032,37.939981600000067],[23.76327150000003,37.940132300000073],[23.763034700000048,37.940132800000072]]]},"properties":{"fid":407,"leisure":"playground","name":null,"shapearea_m":348.18569380351522}},{"type":"Feature","id":408,"geometry":{"type":"Polygon","coordinates":[[[23.827944100000025,38.056323500000076],[23.828162300000031,38.056595200000061],[23.828030400000046,38.056653200000028],[23.828005000000076,38.056575300000077],[23.827906000000041,38.056501300000036],[23.827802000000077,38.056447400000025],[23.827944100000025,38.056323500000076]]]},"properties":{"fid":408,"leisure":"playground","name":null,"shapearea_m":443.78739505311103}},{"type":"Feature","id":409,"geometry":{"type":"Polygon","coordinates":[[[24.013692900000024,37.950862200000074],[24.01387660000006,37.950869400000045],[24.013854500000036,37.951130000000035],[24.013689300000067,37.951124200000038],[24.013692900000024,37.950862200000074]]]},"properties":{"fid":409,"leisure":"playground","name":null,"shapearea_m":445.50727225570421}},{"type":"Feature","id":410,"geometry":{"type":"Polygon","coordinates":[[[23.758160500000031,37.924051500000076],[23.758131900000024,37.923721700000044],[23.758139400000061,37.923715300000026],[23.758150100000023,37.923715200000061],[23.75839220000006,37.923979300000042],[23.758299100000045,37.924048500000026],[23.758160500000031,37.924051500000076]]]},"properties":{"fid":410,"leisure":"playground","name":"Παιδική χαρά. Θεσσαλίας και Μακεδονίας","shapearea_m":459.84258016807814}},{"type":"Feature","id":411,"geometry":{"type":"Polygon","coordinates":[[[23.753340500000036,37.925007000000051],[23.753381000000047,37.924870600000077],[23.75353640000003,37.924869000000058],[23.753702700000076,37.92503430000005],[23.753657200000077,37.925072900000032],[23.753573300000028,37.925144500000044],[23.753529700000058,37.925181400000042],[23.753340500000036,37.925007000000051]]]},"properties":{"fid":411,"leisure":"playground","name":null,"shapearea_m":656.17083492358302}},{"type":"Feature","id":412,"geometry":{"type":"Polygon","coordinates":[[[23.83078450000005,38.042906500000072],[23.83048180000003,38.042774300000076],[23.830698000000041,38.04260800000003],[23.830916800000068,38.042781300000058],[23.83078450000005,38.042906500000072]]]},"properties":{"fid":412,"leisure":"playground","name":null,"shapearea_m":629.63476254778573}},{"type":"Feature","id":413,"geometry":{"type":"Polygon","coordinates":[[[23.849294400000076,38.05644280000007],[23.849766400000078,38.056476600000053],[23.849455300000045,38.056755400000043],[23.849294400000076,38.05644280000007]]]},"properties":{"fid":413,"leisure":"playground","name":null,"shapearea_m":692.19022789296298}},{"type":"Feature","id":414,"geometry":{"type":"Polygon","coordinates":[[[23.747020000000077,37.924313900000072],[23.746973700000069,37.924317600000052],[23.746965700000032,37.924077400000044],[23.747170900000071,37.924093800000037],[23.747178900000051,37.924301200000059],[23.747074300000065,37.924309700000038],[23.747020000000077,37.924313900000072]]]},"properties":{"fid":414,"leisure":"playground","name":null,"shapearea_m":448.27856641701055}},{"type":"Feature","id":415,"geometry":{"type":"Polygon","coordinates":[[[23.641170800000054,37.934756100000072],[23.641205400000047,37.934620600000073],[23.641389500000059,37.934647300000051],[23.641377100000057,37.934703300000081],[23.641369500000053,37.93473060000008],[23.641360600000041,37.934750000000065],[23.641347800000062,37.934764600000051],[23.641329600000063,37.934775000000059],[23.64131320000007,37.934780700000033],[23.641293300000029,37.934780000000046],[23.641270600000041,37.934777200000042],[23.641239100000064,37.934771600000033],[23.641170800000054,37.934756100000072]]]},"properties":{"fid":415,"leisure":"playground","name":null,"shapearea_m":254.79481369187687}},{"type":"Feature","id":416,"geometry":{"type":"Polygon","coordinates":[[[23.761275000000069,37.922559500000034],[23.761294400000054,37.922283100000072],[23.761390000000063,37.922295700000063],[23.761451900000054,37.922270500000025],[23.761588200000062,37.922327800000062],[23.761408600000038,37.922581800000046],[23.761354800000049,37.922609800000032],[23.761286900000073,37.922598600000072],[23.761275000000069,37.922559500000034]]]},"properties":{"fid":416,"leisure":"playground","name":null,"shapearea_m":658.88533405116164}},{"type":"Feature","id":417,"geometry":{"type":"Polygon","coordinates":[[[23.765044800000055,37.935112200000049],[23.764775200000031,37.935018700000057],[23.764896900000053,37.934817000000066],[23.76508640000003,37.934951800000078],[23.765131000000054,37.935063600000035],[23.765091000000041,37.935128000000077],[23.765044800000055,37.935112200000049]]]},"properties":{"fid":417,"leisure":"playground","name":null,"shapearea_m":571.66160504817583}},{"type":"Feature","id":418,"geometry":{"type":"Polygon","coordinates":[[[23.76821330000007,37.936872300000061],[23.768081900000027,37.936869800000068],[23.768085700000029,37.93669680000005],[23.768231800000024,37.936701500000026],[23.76823040000005,37.936714900000027],[23.76821330000007,37.936872300000061]]]},"properties":{"fid":418,"leisure":"playground","name":null,"shapearea_m":233.15830548998534}},{"type":"Feature","id":419,"geometry":{"type":"Polygon","coordinates":[[[23.705511900000033,37.941722200000072],[23.705235400000049,37.941727100000037],[23.705213100000037,37.941706400000044],[23.705209000000025,37.941681500000072],[23.705384400000071,37.941576800000064],[23.705430500000034,37.941582800000049],[23.70552820000006,37.941652900000065],[23.705527500000073,37.941687000000059],[23.705511900000033,37.941722200000072]]]},"properties":{"fid":419,"leisure":"playground","name":null,"shapearea_m":324.01593832823806}},{"type":"Feature","id":420,"geometry":{"type":"Polygon","coordinates":[[[23.749494200000072,37.919245900000078],[23.749367600000028,37.919276600000046],[23.749349500000051,37.919226800000047],[23.749287800000047,37.919241100000079],[23.74913360000005,37.918856000000062],[23.749359100000049,37.918800300000044],[23.749494200000072,37.919245900000078]]]},"properties":{"fid":420,"leisure":"playground","name":null,"shapearea_m":928.94969332161077}},{"type":"Feature","id":421,"geometry":{"type":"Polygon","coordinates":[[[23.747266800000034,37.911661400000071],[23.747304500000041,37.911679200000037],[23.747161700000049,37.911832900000036],[23.746983800000066,37.911819600000058],[23.746901300000047,37.911766700000044],[23.74694420000003,37.911723300000062],[23.747232600000075,37.911698500000057],[23.747266800000034,37.911661400000071]]]},"properties":{"fid":421,"leisure":"playground","name":null,"shapearea_m":340.45061694040083}},{"type":"Feature","id":422,"geometry":{"type":"Polygon","coordinates":[[[23.748680900000068,37.907155000000046],[23.748672200000044,37.90716180000004],[23.748570200000074,37.907200200000034],[23.748557500000061,37.907192800000075],[23.748555600000032,37.907157600000062],[23.74844360000003,37.907093600000053],[23.748398100000031,37.907099600000038],[23.748380500000053,37.907089300000052],[23.748370500000078,37.907078800000079],[23.748380600000075,37.907065300000056],[23.748704900000064,37.906951200000037],[23.748680900000068,37.907155000000046]]]},"properties":{"fid":422,"leisure":"playground","name":null,"shapearea_m":405.14025556097096}},{"type":"Feature","id":423,"geometry":{"type":"Polygon","coordinates":[[[23.756659400000046,37.911236000000031],[23.756495900000061,37.911244600000032],[23.756495200000074,37.911236000000031],[23.756485100000077,37.911116500000048],[23.756475100000046,37.910999500000059],[23.756592500000068,37.91099330000003],[23.756638600000031,37.910990800000036],[23.756651600000055,37.911144300000046],[23.756657500000074,37.911214500000028],[23.756659400000046,37.911236000000031]]]},"properties":{"fid":423,"leisure":"playground","name":null,"shapearea_m":392.78948457565338}},{"type":"Feature","id":424,"geometry":{"type":"Polygon","coordinates":[[[23.819665500000042,38.025276100000042],[23.819821000000047,38.025459000000069],[23.819521000000066,38.025617300000079],[23.81936550000006,38.025434300000029],[23.819665500000042,38.025276100000042]]]},"properties":{"fid":424,"leisure":"playground","name":null,"shapearea_m":774.71898061265097}},{"type":"Feature","id":425,"geometry":{"type":"Polygon","coordinates":[[[23.755125000000078,37.899404200000049],[23.754945200000066,37.899353900000051],[23.755051900000069,37.899114200000042],[23.755158300000062,37.89915760000008],[23.755217600000037,37.899182800000062],[23.755226900000025,37.899186200000031],[23.755125000000078,37.899404200000049]]]},"properties":{"fid":425,"leisure":"playground","name":null,"shapearea_m":458.75204793068156}},{"type":"Feature","id":426,"geometry":{"type":"Polygon","coordinates":[[[23.749472200000071,37.899727000000041],[23.749252600000034,37.89973180000004],[23.749255100000028,37.899636900000075],[23.749466900000073,37.899483000000032],[23.749469600000054,37.899608400000034],[23.749472200000071,37.899727000000041]]]},"properties":{"fid":426,"leisure":"playground","name":null,"shapearea_m":357.86797359781889}},{"type":"Feature","id":427,"geometry":{"type":"Polygon","coordinates":[[[23.752132000000074,37.897876200000042],[23.751928100000043,37.897873300000072],[23.751930800000025,37.897756500000071],[23.751932800000077,37.897671900000034],[23.752136600000028,37.897674900000027],[23.752134100000035,37.897783000000061],[23.752132000000074,37.897876200000042]]]},"properties":{"fid":427,"leisure":"playground","name":null,"shapearea_m":400.83129020269757}},{"type":"Feature","id":428,"geometry":{"type":"Polygon","coordinates":[[[23.760171100000036,37.940055200000074],[23.760222600000077,37.939929600000028],[23.760384500000043,37.939970900000048],[23.76033300000006,37.940096500000038],[23.760171100000036,37.940055200000074]]]},"properties":{"fid":428,"leisure":"playground","name":null,"shapearea_m":219.15616006029236}},{"type":"Feature","id":429,"geometry":{"type":"Polygon","coordinates":[[[23.752410200000043,37.895997300000033],[23.752398800000037,37.896353500000032],[23.751958700000046,37.896344700000043],[23.751950600000043,37.896344600000077],[23.751952200000062,37.89629380000008],[23.751962000000049,37.895988300000056],[23.752410200000043,37.895997300000033]]]},"properties":{"fid":429,"leisure":"playground","name":null,"shapearea_m":1559.7216710830912}},{"type":"Feature","id":430,"geometry":{"type":"Polygon","coordinates":[[[23.756646500000045,37.89554000000004],[23.757136800000069,37.895553600000028],[23.757270000000062,37.895560400000079],[23.757254600000067,37.895834600000057],[23.756639000000064,37.895815600000049],[23.756646500000045,37.89554000000004]]]},"properties":{"fid":430,"leisure":"playground","name":null,"shapearea_m":1672.3637442489257}},{"type":"Feature","id":431,"geometry":{"type":"Polygon","coordinates":[[[23.754650800000036,37.892972000000043],[23.75465360000004,37.892926900000077],[23.754659600000025,37.892894600000034],[23.754673700000069,37.892880300000058],[23.754678400000046,37.892870800000026],[23.754675700000064,37.892857000000049],[23.754662300000064,37.892849100000035],[23.754654900000048,37.892836900000077],[23.754654900000048,37.892799300000036],[23.754660300000069,37.892769200000032],[23.75466700000004,37.892767100000071],[23.754729300000065,37.892791400000078],[23.754781600000058,37.892807800000071],[23.75484670000003,37.892818400000067],[23.754914400000075,37.892821600000048],[23.754940600000054,37.892822100000046],[23.754976800000065,37.892815700000028],[23.755006300000048,37.892795100000058],[23.755020300000069,37.892786600000079],[23.755032400000061,37.892793500000039],[23.755048500000044,37.892793500000039],[23.755057900000054,37.892783500000064],[23.755064600000026,37.892778700000065],[23.755106900000044,37.892787200000043],[23.755157100000076,37.892794000000038],[23.755197400000043,37.892788800000062],[23.755224200000043,37.892776600000047],[23.755249700000036,37.892754900000057],[23.755263100000036,37.892728400000067],[23.755268500000057,37.892724200000032],[23.755310700000052,37.89272950000003],[23.755322800000044,37.892733700000065],[23.755322100000058,37.892743800000062],[23.75533420000005,37.892749600000059],[23.755346200000076,37.89274800000004],[23.75535160000004,37.892738000000065],[23.755366400000071,37.892739000000063],[23.755410600000062,37.892745900000079],[23.755426000000057,37.892752800000039],[23.755440100000044,37.892763400000035],[23.755382500000053,37.892961600000035],[23.755350900000053,37.892962300000079],[23.755330800000024,37.892967600000077],[23.755314700000042,37.892985100000033],[23.754650800000036,37.892972000000043]]]},"properties":{"fid":431,"leisure":"playground","name":null,"shapearea_m":1414.0796447807863}},{"type":"Feature","id":432,"geometry":{"type":"Polygon","coordinates":[[[23.773925900000052,37.944282100000066],[23.773774100000026,37.94418150000007],[23.773754500000052,37.944161500000064],[23.773752000000059,37.944142400000032],[23.77380960000005,37.944059700000025],[23.773955400000034,37.944137400000045],[23.773984900000073,37.944193300000052],[23.773925900000052,37.944282100000066]]]},"properties":{"fid":432,"leisure":"playground","name":null,"shapearea_m":272.06584214984503}},{"type":"Feature","id":433,"geometry":{"type":"Polygon","coordinates":[[[23.72949710000006,37.884453800000074],[23.72969960000006,37.884131000000025],[23.730010800000059,37.884253200000046],[23.730002700000057,37.884263300000043],[23.729824200000053,37.884530300000051],[23.729770700000074,37.884558100000049],[23.729746600000055,37.884557000000029],[23.729701500000033,37.884543700000052],[23.729645300000072,37.884522300000071],[23.729515900000024,37.884465400000067],[23.72949710000006,37.884453800000074]]]},"properties":{"fid":433,"leisure":"playground","name":null,"shapearea_m":1208.805077184817}},{"type":"Feature","id":434,"geometry":{"type":"Polygon","coordinates":[[[23.793786100000034,38.060135800000069],[23.793882600000074,38.060106200000064],[23.79397380000006,38.060325800000044],[23.793837000000053,38.060368100000062],[23.793786100000034,38.060135800000069]]]},"properties":{"fid":434,"leisure":"playground","name":null,"shapearea_m":281.63129069395433}},{"type":"Feature","id":435,"geometry":{"type":"Polygon","coordinates":[[[23.692954300000054,37.933773900000062],[23.693082900000036,37.933708900000056],[23.693233700000064,37.933894400000042],[23.693178200000034,37.933922400000029],[23.693164900000056,37.933906200000024],[23.693109900000024,37.933934000000079],[23.693078800000023,37.933895800000073],[23.693060800000069,37.933904900000073],[23.692954300000054,37.933773900000062]]]},"properties":{"fid":435,"leisure":"playground","name":"παιδική χαρά Ριζαρίου","shapearea_m":302.53689594917211}},{"type":"Feature","id":436,"geometry":{"type":"Polygon","coordinates":[[[23.692992100000026,37.933873900000037],[23.692947100000026,37.933916800000077],[23.692769400000032,37.933801000000074],[23.692814400000032,37.933758000000068],[23.692856400000039,37.933785400000033],[23.692992100000026,37.933873900000037]]]},"properties":{"fid":436,"leisure":"playground","name":null,"shapearea_m":125.33690009450827}},{"type":"Feature","id":437,"geometry":{"type":"Polygon","coordinates":[[[23.727315100000055,37.905849900000078],[23.726993900000025,37.905993800000033],[23.726787000000058,37.905708900000036],[23.727108100000066,37.90556250000003],[23.727315100000055,37.905849900000078]]]},"properties":{"fid":437,"leisure":"playground","name":null,"shapearea_m":1190.2644124214255}},{"type":"Feature","id":438,"geometry":{"type":"Polygon","coordinates":[[[23.723391700000036,37.911392700000079],[23.723383700000056,37.911402200000055],[23.723368300000061,37.911407000000054],[23.723314600000037,37.911399000000074],[23.723091300000078,37.911349800000039],[23.723030300000062,37.911325500000032],[23.722997500000076,37.91130430000004],[23.722981400000037,37.911279500000035],[23.722978700000056,37.911256200000025],[23.72302030000003,37.911138200000039],[23.723051100000077,37.91108580000008],[23.723077900000078,37.911064700000054],[23.723110100000042,37.911058900000057],[23.723161100000027,37.911059900000055],[23.723246900000049,37.911073100000067],[23.723298500000055,37.911091700000043],[23.723459500000047,37.911159400000031],[23.723476900000037,37.911181100000078],[23.723484300000052,37.911204300000065],[23.723480300000062,37.911221800000078],[23.72346280000005,37.911264700000061],[23.723391700000036,37.911392700000079]]]},"properties":{"fid":438,"leisure":"playground","name":null,"shapearea_m":1232.1329900197516}},{"type":"Feature","id":439,"geometry":{"type":"Polygon","coordinates":[[[23.730115400000045,37.910266400000069],[23.730051700000047,37.910246200000074],[23.73000200000007,37.910213400000032],[23.729956400000049,37.910146800000064],[23.72993230000003,37.910086500000034],[23.729929600000048,37.910029300000076],[23.729952400000059,37.909982300000024],[23.729990600000065,37.909957400000053],[23.730053000000055,37.909957900000052],[23.730093900000043,37.909971700000028],[23.730144200000041,37.910014500000045],[23.730179700000065,37.910065800000041],[23.730197200000077,37.910085400000071],[23.730217300000049,37.91010870000008],[23.730224000000078,37.910136200000068],[23.730232000000058,37.910151000000042],[23.730231400000037,37.910180600000047],[23.730217300000049,37.910219300000051],[23.730186400000036,37.910251000000073],[23.730152900000064,37.910265800000047],[23.730115400000045,37.910266400000069]]]},"properties":{"fid":439,"leisure":"playground","name":null,"shapearea_m":649.37076782845884}},{"type":"Feature","id":440,"geometry":{"type":"Polygon","coordinates":[[[23.49523460000006,37.963475000000074],[23.495246200000054,37.963356100000055],[23.495515000000069,37.963374300000055],[23.495502000000045,37.963492400000064],[23.495277600000065,37.963478100000032],[23.49523460000006,37.963475000000074]]]},"properties":{"fid":440,"leisure":"playground","name":null,"shapearea_m":312.40835721668003}},{"type":"Feature","id":441,"geometry":{"type":"Polygon","coordinates":[[[23.499197000000038,37.964164100000062],[23.499142600000027,37.964327200000071],[23.499121700000046,37.964383200000043],[23.498636900000065,37.964289300000075],[23.498710000000074,37.964063600000031],[23.499197000000038,37.964164100000062]]]},"properties":{"fid":441,"leisure":"playground","name":null,"shapearea_m":1126.1466429462009}},{"type":"Feature","id":442,"geometry":{"type":"Polygon","coordinates":[[[23.48003170000004,37.961700300000075],[23.480034700000033,37.961973700000044],[23.479280900000049,37.961978800000054],[23.479277900000056,37.961705400000028],[23.48003170000004,37.961700300000075]]]},"properties":{"fid":442,"leisure":"playground","name":null,"shapearea_m":2010.3570400061456}},{"type":"Feature","id":443,"geometry":{"type":"Polygon","coordinates":[[[23.733494300000075,37.91486100000003],[23.733594200000027,37.914861200000075],[23.733749800000055,37.914861500000029],[23.733763800000077,37.914866800000027],[23.73377320000003,37.914879000000042],[23.733776600000056,37.914898000000051],[23.73377320000003,37.914999100000045],[23.73376520000005,37.915015500000038],[23.733752400000071,37.915025000000071],[23.733623700000066,37.915067300000032],[23.733601800000031,37.915069200000062],[23.733580800000027,37.915071000000069],[23.733543200000042,37.915062500000033],[23.733526500000039,37.915049900000042],[23.733486900000059,37.914973700000075],[23.733483600000056,37.914957800000025],[23.733483600000056,37.914877900000079],[23.733485600000051,37.914867300000026],[23.733494300000075,37.91486100000003]]]},"properties":{"fid":443,"leisure":"playground","name":null,"shapearea_m":519.37958281595763}},{"type":"Feature","id":444,"geometry":{"type":"Polygon","coordinates":[[[23.736865800000032,37.926689900000042],[23.736726300000043,37.926622700000053],[23.736766800000055,37.92657040000006],[23.736906300000044,37.926637600000049],[23.736865800000032,37.926689900000042]]]},"properties":{"fid":444,"leisure":"playground","name":null,"shapearea_m":97.757055905256252}},{"type":"Feature","id":445,"geometry":{"type":"Polygon","coordinates":[[[23.736613700000078,37.926564000000042],[23.736500400000068,37.926506900000049],[23.736543700000027,37.926453400000071],[23.736657000000037,37.926510600000029],[23.736613700000078,37.926564000000042]]]},"properties":{"fid":445,"leisure":"playground","name":null,"shapearea_m":83.246331595498049}},{"type":"Feature","id":446,"geometry":{"type":"Polygon","coordinates":[[[23.915712900000074,37.75041420000008],[23.915420500000039,37.750263700000062],[23.915847900000074,37.749951300000077],[23.915992800000026,37.750008500000035],[23.915712900000074,37.75041420000008]]]},"properties":{"fid":446,"leisure":"playground","name":null,"shapearea_m":1127.1680131050159}},{"type":"Feature","id":447,"geometry":{"type":"Polygon","coordinates":[[[23.486580400000037,37.772900800000059],[23.486624400000039,37.772876600000075],[23.486731700000064,37.772832100000073],[23.486790300000052,37.772816400000067],[23.48684970000005,37.772889300000031],[23.486653900000078,37.772980500000074],[23.486580400000037,37.772900800000059]]]},"properties":{"fid":447,"leisure":"playground","name":null,"shapearea_m":219.59350456968232}},{"type":"Feature","id":448,"geometry":{"type":"Polygon","coordinates":[[[23.430240600000047,37.741681200000073],[23.430090700000051,37.741269800000055],[23.430106800000033,37.741187100000047],[23.430224800000076,37.741148900000042],[23.43043670000003,37.741638900000055],[23.430240600000047,37.741681200000073]]]},"properties":{"fid":448,"leisure":"playground","name":null,"shapearea_m":917.07630728891866}},{"type":"Feature","id":449,"geometry":{"type":"Polygon","coordinates":[[[23.861829200000045,38.024778900000058],[23.861793200000022,38.024686600000052],[23.862085000000036,38.024615100000062],[23.862123100000076,38.024707400000068],[23.861829200000045,38.024778900000058]]]},"properties":{"fid":449,"leisure":"playground","name":null,"shapearea_m":289.248774521852}},{"type":"Feature","id":450,"geometry":{"type":"Polygon","coordinates":[[[23.707359600000075,38.090514100000064],[23.707311200000049,38.090451800000039],[23.707370500000025,38.090430000000026],[23.707414000000028,38.090489200000036],[23.707359600000075,38.090514100000064]]]},"properties":{"fid":450,"leisure":"playground","name":null,"shapearea_m":44.076365279554722}},{"type":"Feature","id":451,"geometry":{"type":"Polygon","coordinates":[[[23.768171400000028,37.866825500000061],[23.768309000000045,37.866592500000024],[23.768458500000065,37.866647800000067],[23.76845940000004,37.86665000000005],[23.768460700000048,37.866652400000078],[23.768462200000045,37.866654800000049],[23.768464600000073,37.866657900000064],[23.768467500000042,37.866660900000056],[23.768469900000071,37.866663000000074],[23.768472200000076,37.866664800000081],[23.768474500000025,37.866666400000042],[23.768477000000075,37.866667800000073],[23.76847900000007,37.866668900000036],[23.768738100000064,37.866771400000061],[23.768610600000045,37.86698720000004],[23.768171400000028,37.866825500000061]]]},"properties":{"fid":451,"leisure":"playground","name":"Παιδική Χαρά Ηφαίστου","shapearea_m":1169.7169725008205}},{"type":"Feature","id":452,"geometry":{"type":"Polygon","coordinates":[[[23.730968300000029,37.916824700000063],[23.730877400000054,37.916891500000077],[23.730776900000023,37.916806300000076],[23.730867700000033,37.916739500000062],[23.730968300000029,37.916824700000063]]]},"properties":{"fid":452,"leisure":"playground","name":null,"shapearea_m":141.10126553950408}},{"type":"Feature","id":453,"geometry":{"type":"Polygon","coordinates":[[[23.701486300000056,38.087424300000066],[23.701281100000074,38.087306400000045],[23.701440700000035,38.087134700000036],[23.701644300000055,38.087239800000077],[23.701486300000056,38.087424300000066]]]},"properties":{"fid":453,"leisure":"playground","name":null,"shapearea_m":526.90393481034096}},{"type":"Feature","id":454,"geometry":{"type":"Polygon","coordinates":[[[23.700156900000025,38.089830400000039],[23.699766200000056,38.089474700000039],[23.699779900000067,38.089447900000039],[23.700220500000057,38.089498000000049],[23.700156900000025,38.089830400000039]]]},"properties":{"fid":454,"leisure":"playground","name":null,"shapearea_m":803.26316051843651}},{"type":"Feature","id":455,"geometry":{"type":"Polygon","coordinates":[[[23.529976700000077,38.057665100000065],[23.529939100000036,38.057461300000057],[23.530379000000039,38.057369400000027],[23.530417900000032,38.057623900000067],[23.529976700000077,38.057665100000065]]]},"properties":{"fid":455,"leisure":"playground","name":null,"shapearea_m":1008.228664141228}},{"type":"Feature","id":456,"geometry":{"type":"Polygon","coordinates":[[[23.713054800000066,37.921827500000063],[23.713118300000076,37.92179340000007],[23.713203400000054,37.921892000000071],[23.713219800000047,37.921883200000025],[23.713239300000055,37.921905700000025],[23.713261300000056,37.921893900000043],[23.713283700000034,37.921919800000069],[23.71312400000005,37.922005600000034],[23.71310120000004,37.921979200000067],[23.713109400000064,37.921974800000044],[23.71305760000007,37.921914700000059],[23.713075200000048,37.921905300000049],[23.713051900000039,37.92187830000006],[23.713063500000032,37.92187210000003],[23.713050800000076,37.921857500000044],[23.713071200000059,37.921846500000072],[23.713054800000066,37.921827500000063]]]},"properties":{"fid":456,"leisure":"playground","name":null,"shapearea_m":233.74815800295573}},{"type":"Feature","id":457,"geometry":{"type":"Polygon","coordinates":[[[23.852721100000053,38.024947600000075],[23.852650600000061,38.024775400000067],[23.852993300000037,38.024685600000055],[23.853048300000069,38.024855200000047],[23.852721100000053,38.024947600000075]]]},"properties":{"fid":457,"leisure":"playground","name":null,"shapearea_m":613.59357355399334}},{"type":"Feature","id":458,"geometry":{"type":"Polygon","coordinates":[[[23.712360500000045,37.91677020000003],[23.712336300000061,37.916760700000054],[23.712231700000075,37.916629500000056],[23.712301500000024,37.916594000000032],[23.712322300000039,37.916622100000041],[23.712404700000036,37.91661890000006],[23.712407400000075,37.916649000000064],[23.712402100000077,37.916688700000066],[23.712394000000074,37.916717300000073],[23.712379300000066,37.916747400000077],[23.712360500000045,37.91677020000003]]]},"properties":{"fid":458,"leisure":"playground","name":null,"shapearea_m":168.9752924723656}},{"type":"Feature","id":459,"geometry":{"type":"Polygon","coordinates":[[[23.706550700000037,37.921136100000069],[23.706588400000044,37.921042000000057],[23.706832100000042,37.921079300000031],[23.706755300000054,37.921193000000073],[23.706550700000037,37.921136100000069]]]},"properties":{"fid":459,"leisure":"playground","name":null,"shapearea_m":253.60436480592494}},{"type":"Feature","id":460,"geometry":{"type":"Polygon","coordinates":[[[23.432553900000073,37.742976200000044],[23.432357000000025,37.742887200000041],[23.432430700000054,37.742785200000071],[23.432461400000022,37.742799000000048],[23.432627700000069,37.742874200000074],[23.432553900000073,37.742976200000044]]]},"properties":{"fid":460,"leisure":"playground","name":null,"shapearea_m":260.79936910427307}},{"type":"Feature","id":461,"geometry":{"type":"Polygon","coordinates":[[[23.718582500000025,37.917107200000032],[23.718559700000071,37.916982300000029],[23.718608700000061,37.916945800000065],[23.718726000000061,37.917062200000032],[23.718582500000025,37.917107200000032]]]},"properties":{"fid":461,"leisure":"playground","name":null,"shapearea_m":141.19787081513098}},{"type":"Feature","id":462,"geometry":{"type":"Polygon","coordinates":[[[23.714295700000037,37.920046700000057],[23.714234700000077,37.919865300000026],[23.714427200000046,37.91982500000006],[23.714488200000062,37.920006500000056],[23.714295700000037,37.920046700000057]]]},"properties":{"fid":462,"leisure":"playground","name":null,"shapearea_m":364.85468636621727}},{"type":"Feature","id":463,"geometry":{"type":"Polygon","coordinates":[[[23.611640900000054,37.949686800000052],[23.611647600000026,37.949636600000076],[23.613045700000043,37.949739700000066],[23.613045300000067,37.949759800000038],[23.613045100000022,37.949771700000042],[23.612769800000024,37.949760900000058],[23.612713100000065,37.949806800000033],[23.612481500000058,37.949770300000068],[23.612425300000041,37.949775400000078],[23.612131700000077,37.949741200000062],[23.612057600000071,37.949733000000037],[23.611640900000054,37.949686800000052]]]},"properties":{"fid":463,"leisure":"playground","name":null,"shapearea_m":862.96152591757982}},{"type":"Feature","id":464,"geometry":{"type":"Polygon","coordinates":[[[23.719892800000025,37.920484200000033],[23.719772400000068,37.920561900000052],[23.719586500000048,37.920382800000027],[23.719706900000062,37.920305100000064],[23.719892800000025,37.920484200000033]]]},"properties":{"fid":464,"leisure":"playground","name":null,"shapearea_m":351.42023045534347}},{"type":"Feature","id":465,"geometry":{"type":"Polygon","coordinates":[[[23.657347700000059,37.953867600000081],[23.657434100000046,37.953743100000054],[23.65745830000003,37.953708200000051],[23.657544900000062,37.953755500000057],[23.657543500000031,37.953771900000049],[23.657552200000055,37.953794100000039],[23.65757700000006,37.953816300000028],[23.657487900000035,37.953939000000048],[23.657347700000059,37.953867600000081]]]},"properties":{"fid":465,"leisure":"playground","name":null,"shapearea_m":279.07675285388592}},{"type":"Feature","id":466,"geometry":{"type":"Polygon","coordinates":[[[23.546589200000028,38.176877900000079],[23.546540300000061,38.17673300000007],[23.546724600000061,38.176794900000061],[23.546712500000069,38.176852800000063],[23.546589200000028,38.176877900000079]]]},"properties":{"fid":466,"leisure":"playground","name":null,"shapearea_m":148.38623339135535}},{"type":"Feature","id":467,"geometry":{"type":"Polygon","coordinates":[[[23.716620500000033,37.926162500000032],[23.716449500000067,37.925943000000075],[23.716452200000049,37.925922900000046],[23.716469000000075,37.925911800000051],[23.716778800000043,37.925775400000077],[23.716813600000023,37.925776900000074],[23.716837100000077,37.925788100000034],[23.716850500000078,37.925862600000073],[23.716845800000044,37.926054600000043],[23.716840400000024,37.926070000000038],[23.716620500000033,37.926162500000032]]]},"properties":{"fid":467,"leisure":"playground","name":null,"shapearea_m":975.77174450610801}},{"type":"Feature","id":468,"geometry":{"type":"Polygon","coordinates":[[[23.713514500000031,37.926990800000056],[23.713264400000071,37.927105100000063],[23.713204000000076,37.926977600000043],[23.713400500000034,37.926892500000065],[23.713514500000031,37.926990800000056]]]},"properties":{"fid":468,"leisure":"playground","name":null,"shapearea_m":330.86056529067582}},{"type":"Feature","id":469,"geometry":{"type":"Polygon","coordinates":[[[23.747053600000072,37.968939100000057],[23.747159800000077,37.969592000000034],[23.746945700000026,37.969615700000077],[23.74675650000006,37.968970100000035],[23.747053600000072,37.968939100000057]]]},"properties":{"fid":469,"leisure":"playground","name":"Pagrati Grove Playground","shapearea_m":1657.9107192204531}},{"type":"Feature","id":470,"geometry":{"type":"Polygon","coordinates":[[[23.720289100000059,37.924905800000033],[23.720170400000029,37.924856600000055],[23.720191900000032,37.92482590000003],[23.72000950000006,37.924747100000047],[23.720177800000044,37.92451120000004],[23.720464100000072,37.92463280000004],[23.720289100000059,37.924905800000033]]]},"properties":{"fid":470,"leisure":"playground","name":null,"shapearea_m":926.58214989420082}},{"type":"Feature","id":471,"geometry":{"type":"Polygon","coordinates":[[[23.724488800000074,37.928131200000053],[23.724325800000031,37.928065600000025],[23.724458600000048,37.927969400000052],[23.724569900000063,37.92807090000008],[23.724488800000074,37.928131200000053]]]},"properties":{"fid":471,"leisure":"playground","name":null,"shapearea_m":191.92667554767533}},{"type":"Feature","id":472,"geometry":{"type":"Polygon","coordinates":[[[23.721783800000026,37.927615500000059],[23.721613400000024,37.927511300000049],[23.721668400000055,37.927451000000076],[23.721780400000057,37.927482700000041],[23.721879000000058,37.927508100000068],[23.721783800000026,37.927615500000059]]]},"properties":{"fid":472,"leisure":"playground","name":null,"shapearea_m":213.61321622628404}},{"type":"Feature","id":473,"geometry":{"type":"Polygon","coordinates":[[[23.720502300000078,37.936513000000048],[23.720399100000066,37.936255000000074],[23.720403800000042,37.93624600000004],[23.720682700000054,37.936289300000055],[23.720698800000036,37.936351700000046],[23.720513100000062,37.936513600000069],[23.720502300000078,37.936513000000048]]]},"properties":{"fid":473,"leisure":"playground","name":null,"shapearea_m":434.50280433533965}},{"type":"Feature","id":474,"geometry":{"type":"Polygon","coordinates":[[[23.724637500000028,37.941252700000064],[23.724656400000072,37.941236700000047],[23.724836400000072,37.941216200000042],[23.724969800000054,37.941207500000075],[23.72497020000003,37.941236100000026],[23.724850700000047,37.941412600000035],[23.724637500000028,37.941252700000064]]]},"properties":{"fid":474,"leisure":"playground","name":null,"shapearea_m":350.71141103858287}},{"type":"Feature","id":475,"geometry":{"type":"Polygon","coordinates":[[[23.70099840000006,37.957699000000048],[23.701078800000062,37.957620800000029],[23.701344400000039,37.957809000000054],[23.701255900000035,37.957889300000033],[23.70099840000006,37.957699000000048]]]},"properties":{"fid":475,"leisure":"playground","name":"Fun Park","shapearea_m":358.09185629420944}},{"type":"Feature","id":476,"geometry":{"type":"Polygon","coordinates":[[[23.728630800000076,37.921050500000035],[23.728667600000051,37.92105070000008],[23.728777600000058,37.921036500000071],[23.729104800000073,37.920998900000029],[23.729121600000042,37.920994700000051],[23.729145100000039,37.921069800000055],[23.728646200000071,37.921198900000036],[23.728630800000076,37.921050500000035]]]},"properties":{"fid":476,"leisure":"playground","name":null,"shapearea_m":544.51559036342144}},{"type":"Feature","id":477,"geometry":{"type":"Polygon","coordinates":[[[23.735256500000048,37.922647300000051],[23.735296000000062,37.922713400000077],[23.735267900000053,37.922721200000069],[23.735222300000032,37.92267940000005],[23.735136500000067,37.922753500000056],[23.734966800000052,37.922773600000028],[23.734870900000033,37.92272330000003],[23.734854600000062,37.922735100000068],[23.734847600000023,37.922666700000036],[23.735256500000048,37.922647300000051]]]},"properties":{"fid":477,"leisure":"playground","name":null,"shapearea_m":353.11815618545228}},{"type":"Feature","id":478,"geometry":{"type":"Polygon","coordinates":[[[23.726967100000024,37.925673800000027],[23.727203200000076,37.925628800000027],[23.727229300000033,37.926346100000046],[23.727129400000024,37.926353000000063],[23.726967100000024,37.925673800000027]]]},"properties":{"fid":478,"leisure":"playground","name":null,"shapearea_m":1168.616908429432}},{"type":"Feature","id":479,"geometry":{"type":"Polygon","coordinates":[[[23.912744600000053,37.750076600000057],[23.912763100000063,37.75010050000003],[23.912570500000072,37.750193300000035],[23.912635900000055,37.750127900000052],[23.912744600000053,37.750076600000057]]]},"properties":{"fid":479,"leisure":"playground","name":null,"shapearea_m":49.269751010073506}},{"type":"Feature","id":480,"geometry":{"type":"Polygon","coordinates":[[[23.844743600000072,37.978244600000039],[23.845009100000027,37.978208700000039],[23.845086300000048,37.978563000000065],[23.844820800000036,37.978599000000031],[23.844743600000072,37.978244600000039]]]},"properties":{"fid":480,"leisure":"playground","name":"Ανεμομυλος","shapearea_m":944.52441953016387}},{"type":"Feature","id":481,"geometry":{"type":"Polygon","coordinates":[[[23.732056700000044,37.926691300000073],[23.731976200000076,37.92658890000007],[23.731976800000041,37.926575600000035],[23.732017100000064,37.926511600000026],[23.732046600000047,37.926501100000053],[23.73211630000003,37.926515900000027],[23.732191500000056,37.926666900000043],[23.732056700000044,37.926691300000073]]]},"properties":{"fid":481,"leisure":"playground","name":null,"shapearea_m":253.34750445899459}},{"type":"Feature","id":482,"geometry":{"type":"Polygon","coordinates":[[[23.746228700000074,38.021997500000055],[23.746614900000054,38.021822200000031],[23.746724900000061,38.021989100000042],[23.746330600000078,38.022156000000052],[23.746228700000074,38.021997500000055]]]},"properties":{"fid":482,"leisure":"playground","name":null,"shapearea_m":795.50310374922537}},{"type":"Feature","id":483,"geometry":{"type":"Polygon","coordinates":[[[23.772616800000037,38.04266860000007],[23.772451500000045,38.042489300000057],[23.772661700000072,38.042374400000028],[23.772820300000035,38.042548000000068],[23.772616800000037,38.04266860000007]]]},"properties":{"fid":483,"leisure":"playground","name":"Παιδική χαρά Μπομποτίνου","shapearea_m":541.4314948646587}},{"type":"Feature","id":484,"geometry":{"type":"Polygon","coordinates":[[[23.730844900000022,37.92750280000007],[23.730773900000031,37.927429200000063],[23.730902000000071,37.92735840000006],[23.730972300000076,37.927432000000067],[23.730844900000022,37.92750280000007]]]},"properties":{"fid":484,"leisure":"playground","name":null,"shapearea_m":140.56657323202472}},{"type":"Feature","id":485,"geometry":{"type":"Polygon","coordinates":[[[23.741996800000038,37.929205800000034],[23.741918800000064,37.929230700000062],[23.741869400000041,37.929134100000056],[23.741947400000072,37.92910930000005],[23.741996800000038,37.929205800000034]]]},"properties":{"fid":485,"leisure":"playground","name":null,"shapearea_m":85.468369213089304}},{"type":"Feature","id":486,"geometry":{"type":"Polygon","coordinates":[[[23.742253100000028,37.929126300000064],[23.742122400000028,37.929168300000072],[23.742071200000055,37.92906940000006],[23.742201900000055,37.929027400000052],[23.742253100000028,37.929126300000064]]]},"properties":{"fid":486,"leisure":"playground","name":null,"shapearea_m":147.12310255749122}},{"type":"Feature","id":487,"geometry":{"type":"Polygon","coordinates":[[[23.739340700000071,37.930060800000035],[23.739438600000028,37.929997700000058],[23.739453500000025,37.929987200000028],[23.739523900000052,37.930046900000036],[23.739498100000048,37.930114100000026],[23.739446500000042,37.93014880000004],[23.739441200000044,37.93015280000003],[23.739340700000071,37.930060800000035]]]},"properties":{"fid":487,"leisure":"playground","name":null,"shapearea_m":160.43463574065953}},{"type":"Feature","id":488,"geometry":{"type":"Polygon","coordinates":[[[23.739458200000058,37.930932300000052],[23.739668100000074,37.930740300000025],[23.739894700000036,37.930859300000066],[23.739699600000051,37.931040200000041],[23.739458200000058,37.930932300000052]]]},"properties":{"fid":488,"leisure":"playground","name":null,"shapearea_m":649.91936292417824}},{"type":"Feature","id":489,"geometry":{"type":"Polygon","coordinates":[[[23.750784900000042,37.909424400000034],[23.750706900000068,37.90950840000005],[23.750765900000033,37.909542600000066],[23.750742600000024,37.909567800000048],[23.750708100000054,37.909600600000033],[23.750602800000024,37.909621400000049],[23.750476300000059,37.909548200000074],[23.750662200000079,37.909349300000031],[23.750784900000042,37.909424400000034]]]},"properties":{"fid":489,"leisure":"playground","name":null,"shapearea_m":447.94913304850036}},{"type":"Feature","id":490,"geometry":{"type":"Polygon","coordinates":[[[23.741302100000041,37.912143600000036],[23.741205500000035,37.912093300000038],[23.741155900000024,37.911958000000027],[23.741440100000034,37.911885200000029],[23.741520600000058,37.911933200000078],[23.741302100000041,37.912143600000036]]]},"properties":{"fid":490,"leisure":"playground","name":null,"shapearea_m":494.81864384211491}},{"type":"Feature","id":491,"geometry":{"type":"Polygon","coordinates":[[[23.753546300000039,37.888551200000052],[23.753666800000076,37.888448200000028],[23.753841500000078,37.888535300000058],[23.753682800000036,37.888625700000034],[23.753546300000039,37.888551200000052]]]},"properties":{"fid":491,"leisure":"playground","name":null,"shapearea_m":257.03968452394184}},{"type":"Feature","id":492,"geometry":{"type":"Polygon","coordinates":[[[23.738071500000046,37.931354400000032],[23.738042000000064,37.931326900000045],[23.738149900000053,37.93124540000008],[23.738237100000049,37.931329500000061],[23.738071500000046,37.931354400000032]]]},"properties":{"fid":492,"leisure":"playground","name":null,"shapearea_m":104.75156991283724}},{"type":"Feature","id":493,"geometry":{"type":"Polygon","coordinates":[[[23.801890600000036,38.015116100000057],[23.802011300000061,38.014866700000027],[23.802105200000028,38.014864600000067],[23.802097100000026,38.015082300000074],[23.801890600000036,38.015116100000057]]]},"properties":{"fid":493,"leisure":"playground","name":null,"shapearea_m":330.65423440050824}},{"type":"Feature","id":494,"geometry":{"type":"Polygon","coordinates":[[[23.689398400000073,37.993417000000079],[23.689577400000076,37.993374300000028],[23.689662400000032,37.993595400000061],[23.689483300000063,37.993638100000055],[23.689398400000073,37.993417000000079]]]},"properties":{"fid":494,"leisure":"playground","name":null,"shapearea_m":421.34688643561617}},{"type":"Feature","id":495,"geometry":{"type":"Polygon","coordinates":[[[23.731122500000026,37.933421300000077],[23.731268000000057,37.933354100000031],[23.731429700000035,37.933531800000026],[23.731302200000073,37.933580500000062],[23.731122500000026,37.933421300000077]]]},"properties":{"fid":495,"leisure":"playground","name":null,"shapearea_m":320.88951288097331}},{"type":"Feature","id":496,"geometry":{"type":"Polygon","coordinates":[[[23.738813300000061,37.932854600000042],[23.738836100000071,37.932441200000028],[23.739063300000055,37.932448900000054],[23.739040500000044,37.932862400000033],[23.738813300000061,37.932854600000042]]]},"properties":{"fid":496,"leisure":"playground","name":null,"shapearea_m":918.33988966665811}},{"type":"Feature","id":497,"geometry":{"type":"Polygon","coordinates":[[[23.734790500000031,37.934098200000051],[23.734524200000067,37.934107800000049],[23.734423700000036,37.934064400000068],[23.734400200000039,37.934037900000078],[23.734371400000043,37.933984500000065],[23.734373400000038,37.933969700000034],[23.734385400000065,37.933957600000042],[23.734755600000028,37.933994000000041],[23.734795800000029,37.934032100000024],[23.734790500000031,37.934098200000051]]]},"properties":{"fid":497,"leisure":"playground","name":null,"shapearea_m":457.32494295951733}},{"type":"Feature","id":498,"geometry":{"type":"Polygon","coordinates":[[[23.75848730000007,38.035029100000031],[23.758670300000063,38.034685900000056],[23.75886980000007,38.034748600000057],[23.758880700000077,38.034780200000057],[23.758719000000042,38.035084400000073],[23.75848730000007,38.035029100000031]]]},"properties":{"fid":498,"leisure":"playground","name":null,"shapearea_m":850.26929058967846}},{"type":"Feature","id":499,"geometry":{"type":"Polygon","coordinates":[[[23.717948100000058,38.023342100000036],[23.71794280000006,38.02305890000008],[23.718127800000048,38.023054700000046],[23.718133200000068,38.023340000000076],[23.717948100000058,38.023342100000036]]]},"properties":{"fid":499,"leisure":"playground","name":null,"shapearea_m":512.81152346920442}},{"type":"Feature","id":500,"geometry":{"type":"Polygon","coordinates":[[[23.740584300000023,37.93793560000006],[23.740681300000062,37.93798380000004],[23.740692000000024,37.938022400000079],[23.740737600000045,37.938013400000045],[23.740738900000053,37.937956300000053],[23.740780500000028,37.937951500000054],[23.740810700000054,37.937916100000052],[23.740905200000043,37.937956800000052],[23.740809300000024,37.938077900000053],[23.740755700000022,37.938107500000058],[23.740673900000047,37.938134000000048],[23.740637700000036,37.938111200000037],[23.740630300000078,37.938119200000074],[23.740492800000027,37.938055200000065],[23.740584300000023,37.93793560000006]]]},"properties":{"fid":500,"leisure":"playground","name":null,"shapearea_m":460.66904734535797}},{"type":"Feature","id":501,"geometry":{"type":"Polygon","coordinates":[[[23.73557500000004,37.936629400000072],[23.735574300000053,37.936619900000039],[23.735582400000055,37.936619300000075],[23.73598400000003,37.936802900000032],[23.735991400000046,37.936811300000045],[23.735986100000048,37.93681980000008],[23.73581310000003,37.93702600000006],[23.735800300000051,37.93703030000006],[23.735788200000059,37.937023400000044],[23.73557500000004,37.936629400000072]]]},"properties":{"fid":501,"leisure":"playground","name":null,"shapearea_m":679.36497019203205}},{"type":"Feature","id":502,"geometry":{"type":"Polygon","coordinates":[[[23.725844600000073,37.933479400000067],[23.725899000000027,37.933434700000078],[23.725925800000027,37.933414000000027],[23.726072600000066,37.933306500000072],[23.726108100000033,37.933320800000047],[23.726130300000023,37.933343000000036],[23.72595860000007,37.933556700000054],[23.725923700000067,37.933538200000044],[23.725844600000073,37.933479400000067]]]},"properties":{"fid":502,"leisure":"playground","name":null,"shapearea_m":282.66143566835649}},{"type":"Feature","id":503,"geometry":{"type":"Polygon","coordinates":[[[23.724034800000027,37.936686000000066],[23.724045500000045,37.936642100000029],[23.724229300000047,37.936601400000029],[23.724279600000045,37.936804400000028],[23.724197100000026,37.936843600000032],[23.724034800000027,37.936686000000066]]]},"properties":{"fid":503,"leisure":"playground","name":null,"shapearea_m":345.10013670872814}},{"type":"Feature","id":504,"geometry":{"type":"Polygon","coordinates":[[[23.69303130000003,38.004358100000047],[23.693417300000078,38.004507700000033],[23.693411300000037,38.004569500000059],[23.692989700000055,38.004776200000038],[23.692798700000026,38.004420800000048],[23.69303130000003,38.004358100000047]]]},"properties":{"fid":504,"leisure":"playground","name":null,"shapearea_m":1399.2332584477988}},{"type":"Feature","id":505,"geometry":{"type":"Polygon","coordinates":[[[23.704011200000025,38.076922400000058],[23.704167300000051,38.076707800000065],[23.704344900000024,38.076787900000056],[23.704188800000054,38.077002500000049],[23.704011200000025,38.076922400000058]]]},"properties":{"fid":505,"leisure":"playground","name":null,"shapearea_m":492.95670453858708}},{"type":"Feature","id":506,"geometry":{"type":"Polygon","coordinates":[[[23.691442100000074,38.018101200000046],[23.691729700000053,38.018008800000075],[23.691861200000062,38.018212300000073],[23.691959100000076,38.018228600000043],[23.691960400000028,38.018308300000058],[23.691557400000079,38.018310500000041],[23.691442100000074,38.018101200000046]]]},"properties":{"fid":506,"leisure":"playground","name":null,"shapearea_m":937.01358388188044}},{"type":"Feature","id":507,"geometry":{"type":"Polygon","coordinates":[[[23.629158800000027,37.937653500000067],[23.629293000000075,37.937600300000042],[23.629404400000055,37.937619700000027],[23.629855200000065,37.937704800000063],[23.629774100000077,37.937982300000044],[23.62963110000004,37.938086300000066],[23.629158800000027,37.937653500000067]]]},"properties":{"fid":507,"leisure":"playground","name":null,"shapearea_m":1722.5812266301994}},{"type":"Feature","id":508,"geometry":{"type":"Polygon","coordinates":[[[23.745082800000034,38.03276580000005],[23.745053900000073,38.03276690000007],[23.745029800000054,38.032760000000053],[23.745013700000072,38.03274840000006],[23.745000300000072,38.032728800000029],[23.744999600000028,38.032698200000027],[23.745013000000029,38.032673400000078],[23.745029800000054,38.032654900000068],[23.745035200000075,38.032641700000056],[23.745031100000062,38.032630100000063],[23.745019700000057,38.032621600000027],[23.745058000000029,38.032587300000046],[23.745087500000068,38.032625300000063],[23.745114300000068,38.03265330000005],[23.745131700000059,38.03266700000006],[23.745149800000036,38.03269030000007],[23.745149800000036,38.032712500000059],[23.745141800000056,38.032731000000069],[23.74512500000003,38.032745700000078],[23.745108200000061,38.032757900000036],[23.745082800000034,38.03276580000005]]]},"properties":{"fid":508,"leisure":"playground","name":null,"shapearea_m":167.60502994830395}},{"type":"Feature","id":509,"geometry":{"type":"Polygon","coordinates":[[[23.792922500000032,38.039582300000063],[23.793139200000041,38.039416700000061],[23.793268000000069,38.039537100000075],[23.793026600000076,38.039695000000052],[23.792922500000032,38.039582300000063]]]},"properties":{"fid":509,"leisure":"playground","name":"Παιδική χαρά Αμαρυσίας Αρτέμιδος & Ολυμπιονικών (ΟΑΚΑ)","shapearea_m":443.65594632615807}},{"type":"Feature","id":510,"geometry":{"type":"Polygon","coordinates":[[[23.750233300000048,38.035336400000062],[23.750315800000067,38.035275600000034],[23.750445800000023,38.035444100000063],[23.750407000000052,38.035467900000071],[23.750233300000048,38.035336400000062]]]},"properties":{"fid":510,"leisure":"playground","name":null,"shapearea_m":151.24150081880899}},{"type":"Feature","id":511,"geometry":{"type":"Polygon","coordinates":[[[23.749328000000048,38.034901200000036],[23.749545300000023,38.035063300000047],[23.749408200000062,38.035177300000043],[23.749191000000053,38.035015100000066],[23.749328000000048,38.034901200000036]]]},"properties":{"fid":511,"leisure":"playground","name":null,"shapearea_m":457.78053307943532}},{"type":"Feature","id":512,"geometry":{"type":"Polygon","coordinates":[[[23.777238700000055,37.887082300000031],[23.77738800000003,37.88703380000004],[23.777511200000049,37.887270500000056],[23.77733610000007,37.887269100000026],[23.777238700000055,37.887082300000031]]]},"properties":{"fid":512,"leisure":"playground","name":null,"shapearea_m":360.70903251041028}},{"type":"Feature","id":513,"geometry":{"type":"Polygon","coordinates":[[[23.758060000000057,38.03242460000007],[23.758013700000049,38.032418800000073],[23.757903700000043,38.032385500000032],[23.757844700000078,38.032339100000058],[23.757838700000036,38.032301000000075],[23.757889600000055,38.03225720000006],[23.757950700000038,38.032241900000031],[23.75803250000007,38.032259300000078],[23.758083400000032,38.032282500000065],[23.758060000000057,38.03242460000007]]]},"properties":{"fid":513,"leisure":"playground","name":"Παιδική χαρά","shapearea_m":307.82760483270755}},{"type":"Feature","id":514,"geometry":{"type":"Polygon","coordinates":[[[23.753164300000037,38.037220800000057],[23.753081800000075,38.037355400000024],[23.753049600000054,38.037356000000045],[23.752953700000035,38.037179600000059],[23.752979200000027,38.037164300000029],[23.753012700000056,38.037164300000029],[23.753164300000037,38.037220800000057]]]},"properties":{"fid":514,"leisure":"playground","name":null,"shapearea_m":212.6623429184875}},{"type":"Feature","id":515,"geometry":{"type":"Polygon","coordinates":[[[23.75650360000003,38.037466300000062],[23.756367500000067,38.03739980000006],[23.756468700000028,38.037313200000028],[23.75655990000007,38.03734860000003],[23.756594100000029,38.037413000000072],[23.75650360000003,38.037466300000062]]]},"properties":{"fid":515,"leisure":"playground","name":null,"shapearea_m":189.49738263776638}},{"type":"Feature","id":516,"geometry":{"type":"Polygon","coordinates":[[[23.637900700000046,37.986804000000063],[23.638046900000063,37.986730800000032],[23.638083000000051,37.986775600000044],[23.63798120000007,37.986825600000031],[23.637936800000034,37.986847400000045],[23.637900700000046,37.986804000000063]]]},"properties":{"fid":516,"leisure":"playground","name":null,"shapearea_m":88.391674320047599}},{"type":"Feature","id":517,"geometry":{"type":"Polygon","coordinates":[[[23.758956500000068,38.035135100000048],[23.758963200000039,38.035127700000032],[23.758936400000039,38.035111900000061],[23.758997400000055,38.035048000000074],[23.759105400000067,38.035111900000061],[23.759101300000054,38.035118800000077],[23.759116800000072,38.03513090000007],[23.75912210000007,38.035143100000028],[23.759116100000028,38.035160500000075],[23.759096000000056,38.03518420000006],[23.759077200000036,38.035183700000061],[23.758956500000068,38.035135100000048]]]},"properties":{"fid":517,"leisure":"playground","name":null,"shapearea_m":133.53128163737583}},{"type":"Feature","id":518,"geometry":{"type":"Polygon","coordinates":[[[23.764325600000063,38.035554000000047],[23.764271300000075,38.03548580000006],[23.764243800000031,38.035498500000074],[23.764200900000048,38.035438800000065],[23.764220300000034,38.035432000000071],[23.764235700000029,38.035420300000055],[23.764245100000039,38.035407100000043],[23.764510700000073,38.035430900000051],[23.764504000000045,38.035487900000078],[23.764325600000063,38.035554000000047]]]},"properties":{"fid":518,"leisure":"playground","name":null,"shapearea_m":269.92715988751519}},{"type":"Feature","id":519,"geometry":{"type":"Polygon","coordinates":[[[23.946452500000078,37.717940400000032],[23.946769200000062,37.718251700000053],[23.946731400000033,37.718307700000025],[23.946408600000041,37.718326300000058],[23.946199200000024,37.717934000000071],[23.946210600000029,37.717917000000057],[23.946452500000078,37.717940400000032]]]},"properties":{"fid":519,"leisure":"playground","name":"Παιδική Χαρά Ευαγγέλου Μοσχονησιώτη","shapearea_m":1250.9351140103247}},{"type":"Feature","id":520,"geometry":{"type":"Polygon","coordinates":[[[23.734808000000044,38.332228400000076],[23.734752100000037,38.332109900000034],[23.735026800000071,38.332030200000077],[23.735082700000078,38.332148700000062],[23.734808000000044,38.332228400000076]]]},"properties":{"fid":520,"leisure":"playground","name":"Peter's Pan playground","shapearea_m":359.17359603486432}},{"type":"Feature","id":521,"geometry":{"type":"Polygon","coordinates":[[[23.709718200000054,38.323939600000074],[23.70925120000004,38.323683800000026],[23.709413900000072,38.323504600000035],[23.709814400000027,38.323700400000064],[23.709826100000043,38.323729700000058],[23.709866700000077,38.323772800000029],[23.709718200000054,38.323939600000074]]]},"properties":{"fid":521,"leisure":"playground","name":null,"shapearea_m":1255.698441313315}},{"type":"Feature","id":522,"geometry":{"type":"Polygon","coordinates":[[[23.694216700000027,38.032050100000049],[23.694270300000028,38.031812500000058],[23.69462500000003,38.031903800000066],[23.694581500000027,38.032028000000025],[23.69453720000007,38.032017900000028],[23.694529200000034,38.032038800000066],[23.694496800000024,38.032124100000033],[23.694216700000027,38.032050100000049]]]},"properties":{"fid":522,"leisure":"playground","name":null,"shapearea_m":787.31434907006417}},{"type":"Feature","id":523,"geometry":{"type":"Polygon","coordinates":[[[23.768894700000033,38.033828000000028],[23.768912900000032,38.033735000000036],[23.769097300000055,38.033737100000053],[23.769094600000074,38.033830600000044],[23.768894700000033,38.033828000000028]]]},"properties":{"fid":523,"leisure":"playground","name":null,"shapearea_m":174.84428319005457}},{"type":"Feature","id":524,"geometry":{"type":"Polygon","coordinates":[[[23.763819500000068,38.037367500000073],[23.763946900000064,38.037299800000028],[23.764020800000026,38.037386100000049],[23.763893400000029,38.037453800000037],[23.763819500000068,38.037367500000073]]]},"properties":{"fid":524,"leisure":"playground","name":null,"shapearea_m":155.8843909326184}},{"type":"Feature","id":525,"geometry":{"type":"Polygon","coordinates":[[[23.74171670000004,38.083416200000045],[23.741715300000067,38.083503700000051],[23.741484600000035,38.083500400000048],[23.741488700000048,38.083417200000042],[23.74171670000004,38.083416200000045]]]},"properties":{"fid":525,"leisure":"playground","name":null,"shapearea_m":190.65575629672122}},{"type":"Feature","id":526,"geometry":{"type":"Polygon","coordinates":[[[23.619546500000069,37.941375200000039],[23.619548700000053,37.94146870000003],[23.619183000000078,37.941474000000028],[23.619180800000038,37.941380400000071],[23.619546500000069,37.941375200000039]]]},"properties":{"fid":526,"leisure":"playground","name":null,"shapearea_m":333.9030094688128}},{"type":"Feature","id":527,"geometry":{"type":"Polygon","coordinates":[[[23.70351960000005,38.027885600000047],[23.703274800000031,38.02788490000006],[23.703288300000054,38.027767500000039],[23.703517900000065,38.027767600000061],[23.70351960000005,38.027885600000047]]]},"properties":{"fid":527,"leisure":"playground","name":null,"shapearea_m":272.10089784013792}},{"type":"Feature","id":528,"geometry":{"type":"Polygon","coordinates":[[[23.75161600000007,37.962347100000045],[23.751663300000075,37.962284500000067],[23.752004900000031,37.962444900000037],[23.751957600000026,37.962507500000072],[23.75161600000007,37.962347100000045]]]},"properties":{"fid":528,"leisure":"playground","name":null,"shapearea_m":282.58412502206204}},{"type":"Feature","id":529,"geometry":{"type":"Polygon","coordinates":[[[23.644725100000073,37.959106700000063],[23.645030700000063,37.959091700000045],[23.645040200000039,37.959342000000049],[23.644737000000077,37.959358800000075],[23.644725100000073,37.959106700000063]]]},"properties":{"fid":529,"leisure":"playground","name":null,"shapearea_m":747.53408832567288}},{"type":"Feature","id":530,"geometry":{"type":"Polygon","coordinates":[[[23.693688200000054,37.943290800000057],[23.693623600000024,37.943237600000032],[23.693776700000058,37.943126800000073],[23.693841300000031,37.943182200000024],[23.693688200000054,37.943290800000057]]]},"properties":{"fid":530,"leisure":"playground","name":null,"shapearea_m":150.24980786056301}},{"type":"Feature","id":531,"geometry":{"type":"Polygon","coordinates":[[[23.755871400000046,38.04264500000005],[23.755896800000073,38.042635000000075],[23.755878700000039,38.042606500000034],[23.755865800000038,38.042554700000039],[23.756078500000058,38.04267980000003],[23.756033400000035,38.042726500000072],[23.755994700000031,38.042732700000045],[23.755955100000051,38.042727400000047],[23.755918200000053,38.042710000000056],[23.755888000000027,38.042679400000054],[23.755871400000046,38.04264500000005]]]},"properties":{"fid":531,"leisure":"playground","name":null,"shapearea_m":180.55018998756475}},{"type":"Feature","id":532,"geometry":{"type":"Polygon","coordinates":[[[23.696929700000055,38.037116800000035],[23.696615100000031,38.036874400000045],[23.696760200000028,38.036769100000072],[23.697044400000038,38.036994200000038],[23.696929700000055,38.037116800000035]]]},"properties":{"fid":532,"leisure":"playground","name":"Παιδική Χαρά (Ανδρέα Καρκαβίτσα)","shapearea_m":628.31742920857971}},{"type":"Feature","id":533,"geometry":{"type":"Polygon","coordinates":[[[23.697664000000032,38.034785000000056],[23.697702400000026,38.034680700000024],[23.697796100000062,38.034728500000028],[23.697857700000043,38.034760100000028],[23.697836300000063,38.034824100000037],[23.69779740000007,38.034816100000057],[23.697664000000032,38.034785000000056]]]},"properties":{"fid":533,"leisure":"playground","name":"Παιδική Χαρά","shapearea_m":152.35464264451855}},{"type":"Feature","id":534,"geometry":{"type":"Polygon","coordinates":[[[23.701881300000025,37.963585800000033],[23.701781500000038,37.963340500000072],[23.702264000000071,37.963292000000024],[23.702337300000067,37.963467500000036],[23.701881300000025,37.963585800000033]]]},"properties":{"fid":534,"leisure":"playground","name":"Παιδική Χαρά Αναξαγόρα","shapearea_m":1033.4079240405965}},{"type":"Feature","id":535,"geometry":{"type":"Polygon","coordinates":[[[23.735097000000053,37.941830800000048],[23.735206300000073,37.941975200000059],[23.734804300000064,37.942198500000075],[23.734730800000023,37.942105900000058],[23.735097000000053,37.941830800000048]]]},"properties":{"fid":535,"leisure":"playground","name":null,"shapearea_m":666.30950085855807}},{"type":"Feature","id":536,"geometry":{"type":"Polygon","coordinates":[[[23.774948300000062,38.011937100000068],[23.775187600000038,38.011996000000067],[23.775227000000029,38.011935100000073],[23.775678900000059,38.012030700000025],[23.775580600000069,38.012302700000077],[23.775660100000039,38.012427900000034],[23.775505200000055,38.012884500000041],[23.774651700000049,38.012675200000047],[23.774948300000062,38.011937100000068]]]},"properties":{"fid":536,"leisure":"playground","name":"Παιδική Χαρά Μάνθου Μεταλληνού","shapearea_m":6636.8390827403291}},{"type":"Feature","id":537,"geometry":{"type":"Polygon","coordinates":[[[23.765825000000063,38.03852100000006],[23.765973200000076,38.038537400000052],[23.76595100000003,38.038639800000055],[23.76594300000005,38.038653000000068],[23.765928900000063,38.038662600000066],[23.765871900000036,38.038657300000068],[23.765814900000066,38.038565900000037],[23.765825000000063,38.03852100000006]]]},"properties":{"fid":537,"leisure":"playground","name":null,"shapearea_m":156.63716922336434}},{"type":"Feature","id":538,"geometry":{"type":"Polygon","coordinates":[[[23.796659000000034,38.045800500000041],[23.797200200000077,38.04564570000008],[23.797305600000072,38.045937600000059],[23.796793200000025,38.046087200000045],[23.796659000000034,38.045800500000041]]]},"properties":{"fid":538,"leisure":"playground","name":"Παιδική Χαρά Ολυμπίας, Δραγατσας, Αμφιτρίτης & Εφήβων","shapearea_m":1662.5305087811882}},{"type":"Feature","id":539,"geometry":{"type":"Polygon","coordinates":[[[23.771976500000051,37.900995700000067],[23.771945300000027,37.900977000000069],[23.771881600000029,37.900930500000072],[23.771854800000028,37.900899100000061],[23.77171050000004,37.900799500000062],[23.771686200000033,37.900747600000045],[23.771672800000033,37.900719000000038],[23.771609200000057,37.900731500000063],[23.771455100000026,37.900684200000057],[23.771413700000039,37.900728300000026],[23.771374600000058,37.900740700000028],[23.771332000000029,37.900739600000065],[23.771294100000034,37.900719400000071],[23.771277300000065,37.900697000000036],[23.771283200000028,37.900667300000066],[23.771749400000033,37.900257800000077],[23.771781800000042,37.90024260000007],[23.77181900000005,37.900242000000048],[23.771854400000052,37.900255300000026],[23.771883400000036,37.900278400000047],[23.771920300000033,37.900318500000026],[23.771897100000047,37.900334000000043],[23.771939900000064,37.900379000000044],[23.771961200000078,37.900366600000041],[23.77200490000007,37.900428900000065],[23.772039800000073,37.900505600000031],[23.772063500000058,37.90059210000004],[23.772072300000048,37.900681000000077],[23.772069600000066,37.900766000000033],[23.772050800000045,37.900848500000052],[23.772022200000038,37.900923700000078],[23.771976500000051,37.900995700000067]]]},"properties":{"fid":539,"leisure":"playground","name":null,"shapearea_m":2982.5569102697004}},{"type":"Feature","id":540,"geometry":{"type":"Polygon","coordinates":[[[23.689927900000043,38.008338900000069],[23.689572500000054,38.007723400000032],[23.689577100000065,38.007692600000041],[23.689587200000062,38.007673100000034],[23.689861500000063,38.007581800000025],[23.689873600000055,38.007605000000069],[23.689891000000046,38.007904600000074],[23.690072000000043,38.008293400000071],[23.689927900000043,38.008338900000069]]]},"properties":{"fid":540,"leisure":"playground","name":null,"shapearea_m":1507.3629127457696}},{"type":"Feature","id":541,"geometry":{"type":"Polygon","coordinates":[[[23.811744400000066,38.041488800000025],[23.811664600000029,38.041314900000032],[23.811974200000066,38.041228800000056],[23.812053200000037,38.041400900000042],[23.811744400000066,38.041488800000025]]]},"properties":{"fid":541,"leisure":"playground","name":null,"shapearea_m":588.51270686187047}},{"type":"Feature","id":542,"geometry":{"type":"Polygon","coordinates":[[[23.770606600000065,38.037113000000033],[23.770713500000056,38.037056700000051],[23.770764200000031,38.037116500000025],[23.770657400000061,38.037172800000064],[23.770606600000065,38.037113000000033]]]},"properties":{"fid":542,"leisure":"playground","name":null,"shapearea_m":90.103573426214851}},{"type":"Feature","id":543,"geometry":{"type":"Polygon","coordinates":[[[23.770504100000039,38.036979900000063],[23.770600000000059,38.036929200000031],[23.770628700000032,38.036962900000049],[23.770532800000069,38.03701360000008],[23.770504100000039,38.036979900000063]]]},"properties":{"fid":543,"leisure":"playground","name":null,"shapearea_m":45.670560798711044}},{"type":"Feature","id":544,"geometry":{"type":"Polygon","coordinates":[[[23.35521220000004,37.977881700000069],[23.355221700000072,37.977833400000065],[23.355468200000075,37.977838100000042],[23.355526600000076,37.977846300000067],[23.355516900000055,37.977865800000075],[23.355558700000074,37.977874700000029],[23.35557330000006,37.977853900000071],[23.355694500000027,37.977887200000055],[23.355610400000046,37.978042200000061],[23.355311700000073,37.97790260000005],[23.35521220000004,37.977881700000069]]]},"properties":{"fid":544,"leisure":"playground","name":null,"shapearea_m":495.50095252281557}},{"type":"Feature","id":545,"geometry":{"type":"Polygon","coordinates":[[[23.780494000000033,38.047663900000032],[23.780356900000072,38.047690200000034],[23.780288100000064,38.047584100000051],[23.780456400000048,38.047547200000054],[23.780494000000033,38.047663900000032]]]},"properties":{"fid":545,"leisure":"playground","name":null,"shapearea_m":182.11266541656445}},{"type":"Feature","id":546,"geometry":{"type":"Polygon","coordinates":[[[23.781619800000044,38.048591700000031],[23.781550700000025,38.048425900000041],[23.781700200000046,38.048387300000059],[23.781769200000042,38.048553100000049],[23.781619800000044,38.048591700000031]]]},"properties":{"fid":546,"leisure":"playground","name":null,"shapearea_m":267.38143609559688}},{"type":"Feature","id":547,"geometry":{"type":"Polygon","coordinates":[[[23.781118200000037,38.051014300000077],[23.781156500000066,38.050842200000034],[23.781251000000054,38.050834300000076],[23.781305300000042,38.050929800000063],[23.781197400000053,38.051022800000055],[23.781118200000037,38.051014300000077]]]},"properties":{"fid":547,"leisure":"playground","name":null,"shapearea_m":227.48594402124411}},{"type":"Feature","id":548,"geometry":{"type":"Polygon","coordinates":[[[23.775812200000075,38.048329300000034],[23.775611100000049,38.048401800000079],[23.775469600000065,38.048186100000066],[23.77567410000006,38.048107200000061],[23.775812200000075,38.048329300000034]]]},"properties":{"fid":548,"leisure":"playground","name":null,"shapearea_m":535.61704694180321}},{"type":"Feature","id":549,"geometry":{"type":"Polygon","coordinates":[[[23.77028480000007,38.047360300000037],[23.770427000000041,38.047308500000042],[23.770488000000057,38.047401400000069],[23.770616100000041,38.047589900000048],[23.770483300000024,38.047647500000039],[23.77028480000007,38.047360300000037]]]},"properties":{"fid":549,"leisure":"playground","name":null,"shapearea_m":482.18619822734547}},{"type":"Feature","id":550,"geometry":{"type":"Polygon","coordinates":[[[23.771021100000041,38.048953200000028],[23.771195600000055,38.048875800000076],[23.771250300000077,38.048952300000053],[23.771075800000062,38.04902960000004],[23.771021100000041,38.048953200000028]]]},"properties":{"fid":550,"leisure":"playground","name":null,"shapearea_m":171.19437472170782}},{"type":"Feature","id":551,"geometry":{"type":"Polygon","coordinates":[[[23.770775600000036,38.049059200000045],[23.770934700000055,38.048991200000046],[23.77096860000006,38.049042500000041],[23.770807400000024,38.04910840000008],[23.770775600000036,38.049059200000045]]]},"properties":{"fid":551,"leisure":"playground","name":null,"shapearea_m":99.831712755578465}},{"type":"Feature","id":552,"geometry":{"type":"Polygon","coordinates":[[[23.77052580000003,38.049165100000039],[23.770691600000077,38.049096300000031],[23.770734800000071,38.049160800000038],[23.770569000000023,38.049229600000047],[23.77052580000003,38.049165100000039]]]},"properties":{"fid":552,"leisure":"playground","name":null,"shapearea_m":133.14577066837805}},{"type":"Feature","id":553,"geometry":{"type":"Polygon","coordinates":[[[23.775293400000066,38.050007300000061],[23.775415600000031,38.050182200000052],[23.775308000000052,38.050230200000044],[23.775263900000027,38.050168800000051],[23.775211700000057,38.050192000000038],[23.775130200000035,38.050078500000041],[23.775293400000066,38.050007300000061]]]},"properties":{"fid":553,"leisure":"playground","name":null,"shapearea_m":319.99459089152384}},{"type":"Feature","id":554,"geometry":{"type":"Polygon","coordinates":[[[23.768359000000032,38.051701300000047],[23.768235600000025,38.051491700000042],[23.76849640000006,38.051382900000078],[23.768554800000061,38.051472700000033],[23.768464900000026,38.05151010000003],[23.768543400000055,38.051632700000027],[23.768404300000043,38.051684400000056],[23.768359000000032,38.051701300000047]]]},"properties":{"fid":554,"leisure":"playground","name":null,"shapearea_m":554.23373969359488}},{"type":"Feature","id":555,"geometry":{"type":"Polygon","coordinates":[[[23.77637210000006,38.054805500000043],[23.776266100000043,38.05468570000005],[23.776312100000041,38.054660500000068],[23.776270400000044,38.054613300000028],[23.776323400000024,38.054584300000045],[23.776289400000053,38.054545900000051],[23.77636670000004,38.054503500000067],[23.776461400000073,38.054610700000069],[23.776484900000071,38.054597900000033],[23.776602700000069,38.054731100000026],[23.776532800000041,38.054769400000055],[23.776567200000045,38.054808300000047],[23.776486500000033,38.054852600000061],[23.77642110000005,38.054778700000043],[23.77637210000006,38.054805500000043]]]},"properties":{"fid":555,"leisure":"playground","name":null,"shapearea_m":592.21899788880182}},{"type":"Feature","id":556,"geometry":{"type":"Polygon","coordinates":[[[23.84812990000006,38.018017400000076],[23.848180200000058,38.017917000000068],[23.848370400000078,38.017969500000049],[23.848402700000065,38.018074800000079],[23.848326400000076,38.018083500000046],[23.84812990000006,38.018017400000076]]]},"properties":{"fid":556,"leisure":"playground","name":null,"shapearea_m":269.79769628024263}},{"type":"Feature","id":557,"geometry":{"type":"Polygon","coordinates":[[[23.851790700000038,38.01377640000004],[23.851940900000045,38.013537600000063],[23.852047500000026,38.013561700000025],[23.851943100000028,38.013811100000055],[23.851790700000038,38.01377640000004]]]},"properties":{"fid":557,"leisure":"playground","name":null,"shapearea_m":344.60203966261878}},{"type":"Feature","id":558,"geometry":{"type":"Polygon","coordinates":[[[23.848757100000057,38.014459100000067],[23.848697500000071,38.014460000000042],[23.848254600000075,38.014480500000047],[23.84824720000006,38.014358500000071],[23.848739400000056,38.014324200000033],[23.848772900000029,38.014458300000058],[23.848757100000057,38.014459100000067]]]},"properties":{"fid":558,"leisure":"playground","name":null,"shapearea_m":632.5483315973853}},{"type":"Feature","id":559,"geometry":{"type":"Polygon","coordinates":[[[23.688384100000064,37.927426700000069],[23.688363300000049,37.927419200000031],[23.688064800000063,37.927252000000067],[23.687973600000078,37.927180800000031],[23.687972200000047,37.927166400000033],[23.68798490000006,37.927150100000063],[23.688472200000035,37.927002000000073],[23.688751300000035,37.92719290000008],[23.688757100000032,37.927209600000026],[23.688749500000029,37.927226800000028],[23.688415000000077,37.927423200000078],[23.688384100000064,37.927426700000069]]]},"properties":{"fid":559,"leisure":"playground","name":null,"shapearea_m":1805.5361176014303}},{"type":"Feature","id":560,"geometry":{"type":"Polygon","coordinates":[[[23.689181700000063,37.926989200000037],[23.688814000000036,37.92682590000004],[23.688812000000041,37.92680990000008],[23.688822800000025,37.926796700000068],[23.689131900000064,37.926570600000048],[23.689254600000027,37.926503800000035],[23.689329400000076,37.926469100000077],[23.689465400000074,37.92641100000003],[23.68958710000004,37.926369200000067],[23.689878400000055,37.926568300000042],[23.689181700000063,37.926989200000037]]]},"properties":{"fid":560,"leisure":"playground","name":null,"shapearea_m":3042.1236696261449}},{"type":"Feature","id":561,"geometry":{"type":"Polygon","coordinates":[[[23.844357400000035,38.013702300000034],[23.844624900000042,38.013649000000044],[23.844623600000034,38.013927900000056],[23.844371400000057,38.013940600000069],[23.844357400000035,38.013702300000034]]]},"properties":{"fid":561,"leisure":"playground","name":null,"shapearea_m":657.03317256557875}},{"type":"Feature","id":562,"geometry":{"type":"Polygon","coordinates":[[[23.840590700000064,38.021571600000073],[23.84053670000003,38.021418100000062],[23.840924100000052,38.021333300000038],[23.840978200000052,38.02148690000007],[23.840590700000064,38.021571600000073]]]},"properties":{"fid":562,"leisure":"playground","name":"Γ. Ρίτσου","shapearea_m":624.48063183190925}},{"type":"Feature","id":563,"geometry":{"type":"Polygon","coordinates":[[[23.844527000000028,38.011411100000032],[23.844420400000047,38.011556900000073],[23.844179100000076,38.011463900000024],[23.844173300000023,38.011316100000045],[23.844278200000076,38.011307900000077],[23.844527000000028,38.011411100000032]]]},"properties":{"fid":563,"leisure":"playground","name":null,"shapearea_m":534.59270352435374}},{"type":"Feature","id":564,"geometry":{"type":"Polygon","coordinates":[[[23.86163410000006,38.018134700000076],[23.861608700000033,38.017940800000076],[23.861775300000033,38.017927200000031],[23.861800800000026,38.01812110000003],[23.86163410000006,38.018134700000076]]]},"properties":{"fid":564,"leisure":"playground","name":null,"shapearea_m":318.32406585630565}},{"type":"Feature","id":565,"geometry":{"type":"Polygon","coordinates":[[[23.853550000000041,38.019071300000064],[23.853461400000072,38.018740100000059],[23.85367130000003,38.018693100000064],[23.853801400000066,38.019021600000031],[23.853550000000041,38.019071300000064]]]},"properties":{"fid":565,"leisure":"playground","name":null,"shapearea_m":793.05333751056332}},{"type":"Feature","id":566,"geometry":{"type":"Polygon","coordinates":[[[23.692862900000023,37.943016300000068],[23.692836700000043,37.94302760000005],[23.692810000000065,37.943029900000056],[23.692795700000033,37.94302440000007],[23.692788700000051,37.943021700000031],[23.692773500000044,37.943003300000044],[23.692766800000072,37.94297860000006],[23.692771300000061,37.942950800000062],[23.692779100000052,37.942928000000052],[23.692799900000068,37.942909900000075],[23.692828200000065,37.942899200000056],[23.69284650000003,37.942898100000036],[23.692871800000034,37.942904700000042],[23.692894200000069,37.942930200000035],[23.692902700000047,37.942957900000067],[23.692900800000075,37.942967500000066],[23.692898500000069,37.942978900000071],[23.692883000000052,37.94300000000004],[23.692862900000023,37.943016300000068]]]},"properties":{"fid":566,"leisure":"playground","name":null,"shapearea_m":132.51378084773634}},{"type":"Feature","id":567,"geometry":{"type":"Polygon","coordinates":[[[23.851019300000075,38.023834000000079],[23.850947500000075,38.023576200000036],[23.851064200000053,38.023550800000066],[23.851195000000075,38.023802300000057],[23.851019300000075,38.023834000000079]]]},"properties":{"fid":567,"leisure":"playground","name":null,"shapearea_m":391.02826976717728}},{"type":"Feature","id":568,"geometry":{"type":"Polygon","coordinates":[[[23.855503300000066,38.029191600000047],[23.855527400000028,38.029041600000028],[23.855856700000061,38.029088100000024],[23.855503300000066,38.029191600000047]]]},"properties":{"fid":568,"leisure":"playground","name":null,"shapearea_m":246.14476574528652}},{"type":"Feature","id":569,"geometry":{"type":"Polygon","coordinates":[[[23.69218660000007,37.932374100000061],[23.692116800000065,37.932179200000064],[23.692333400000052,37.932122600000071],[23.692427800000075,37.93234190000004],[23.69218660000007,37.932374100000061]]]},"properties":{"fid":569,"leisure":"playground","name":null,"shapearea_m":498.14716569577303}},{"type":"Feature","id":570,"geometry":{"type":"Polygon","coordinates":[[[23.764206900000033,38.032003100000054],[23.764229700000044,38.031918300000029],[23.76443880000005,38.031953300000055],[23.76441600000004,38.032038100000079],[23.764206900000033,38.032003100000054]]]},"properties":{"fid":570,"leisure":"playground","name":null,"shapearea_m":180.57009914065745}},{"type":"Feature","id":571,"geometry":{"type":"Polygon","coordinates":[[[23.980660700000044,38.035962400000074],[23.980416600000069,38.035799700000041],[23.98066330000006,38.035643400000026],[23.980802800000049,38.035742600000049],[23.980660700000044,38.035962400000074]]]},"properties":{"fid":571,"leisure":"playground","name":null,"shapearea_m":599.521768163709}},{"type":"Feature","id":572,"geometry":{"type":"Polygon","coordinates":[[[23.039204000000041,36.687109500000076],[23.039113800000052,36.687044900000046],[23.039189800000031,36.686891900000035],[23.039259500000071,36.686917900000026],[23.039305500000069,36.686871800000063],[23.039409700000078,36.686908300000027],[23.039204000000041,36.687109500000076]]]},"properties":{"fid":572,"leisure":"playground","name":null,"shapearea_m":338.38597204405585}},{"type":"Feature","id":573,"geometry":{"type":"Polygon","coordinates":[[[23.658151000000032,38.008562600000062],[23.658054200000038,38.008420200000046],[23.65822600000007,38.008345000000077],[23.658297300000072,38.008422200000041],[23.658317700000055,38.008533500000055],[23.658151000000032,38.008562600000062]]]},"properties":{"fid":573,"leisure":"playground","name":null,"shapearea_m":351.88242265337925}},{"type":"Feature","id":574,"geometry":{"type":"Polygon","coordinates":[[[23.981404200000043,38.061835400000064],[23.981396200000063,38.061683400000049],[23.981581300000073,38.061681200000066],[23.981589300000053,38.061829100000068],[23.981404200000043,38.061835400000064]]]},"properties":{"fid":574,"leisure":"playground","name":null,"shapearea_m":270.70031999309157}},{"type":"Feature","id":575,"geometry":{"type":"Polygon","coordinates":[[[23.738477000000046,37.972332200000039],[23.738403400000038,37.972333500000047],[23.738406500000053,37.972259600000029],[23.73840720000004,37.97224360000007],[23.738407900000027,37.972227900000064],[23.738571600000057,37.971841100000063],[23.738886600000058,37.971951100000069],[23.73906640000007,37.972006000000079],[23.739165800000023,37.972034700000052],[23.739165900000046,37.972035800000072],[23.739166100000034,37.97203920000004],[23.739166300000022,37.972044500000038],[23.739166600000033,37.972051500000077],[23.739166900000043,37.972060000000056],[23.739167200000054,37.972069800000043],[23.739167400000042,37.972080600000027],[23.739167500000065,37.972092300000043],[23.739167500000065,37.972104500000057],[23.739167200000054,37.972117000000026],[23.739166800000078,37.972129800000062],[23.739166100000034,37.972142400000052],[23.739165100000037,37.972154600000067],[23.739163800000028,37.972166300000026],[23.739162100000044,37.972177300000055],[23.739160000000027,37.972187200000064],[23.739157500000033,37.972195900000031],[23.739154500000041,37.972203100000058],[23.739151000000049,37.972208600000044],[23.73914700000006,37.972212200000058],[23.739134100000058,37.972219500000051],[23.739120000000071,37.972227100000055],[23.739104400000031,37.972234900000046],[23.739087100000063,37.97224280000006],[23.739067800000043,37.972250700000075],[23.739046400000063,37.972258600000032],[23.739022700000078,37.97226640000008],[23.738996400000076,37.97227410000005],[23.73896730000007,37.972281500000065],[23.738935300000037,37.972288800000058],[23.738900000000058,37.972295700000075],[23.738890200000071,37.972297300000037],[23.738861300000053,37.972302200000058],[23.738819000000035,37.972308300000066],[23.738772900000072,37.972313800000052],[23.738722700000039,37.972318900000062],[23.738668200000063,37.972323300000028],[23.738609200000042,37.972327000000064],[23.738545600000066,37.972330000000056],[23.738477000000046,37.972332200000039]]]},"properties":{"fid":575,"leisure":"playground","name":null,"shapearea_m":2493.1182352630244}},{"type":"Feature","id":576,"geometry":{"type":"Polygon","coordinates":[[[23.734466600000076,38.025833000000034],[23.734655000000032,38.02583750000008],[23.734697900000072,38.025892500000054],[23.734522200000072,38.026178800000025],[23.734281500000066,38.026021400000047],[23.734401600000069,38.025924800000041],[23.734466600000076,38.025833000000034]]]},"properties":{"fid":576,"leisure":"playground","name":null,"shapearea_m":762.99411294474476}},{"type":"Feature","id":577,"geometry":{"type":"Polygon","coordinates":[[[23.856200400000034,37.983946300000071],[23.856223900000032,37.983864900000071],[23.856405500000051,37.983897500000069],[23.856382100000076,37.983978900000068],[23.856200400000034,37.983946300000071]]]},"properties":{"fid":577,"leisure":"playground","name":null,"shapearea_m":151.63868961770189}},{"type":"Feature","id":578,"geometry":{"type":"Polygon","coordinates":[[[23.637155300000074,37.955446300000062],[23.63715650000006,37.955561200000034],[23.636669200000028,37.955556600000079],[23.636668000000043,37.955443700000046],[23.637155300000074,37.955446300000062]]]},"properties":{"fid":578,"leisure":"playground","name":null,"shapearea_m":541.38908177969483}},{"type":"Feature","id":579,"geometry":{"type":"Polygon","coordinates":[[[23.847355700000037,37.98782360000007],[23.847355700000037,37.987721600000043],[23.848067000000071,37.987740600000052],[23.848043000000075,37.987845400000026],[23.847355700000037,37.98782360000007]]]},"properties":{"fid":579,"leisure":"playground","name":null,"shapearea_m":707.43619825073233}},{"type":"Feature","id":580,"geometry":{"type":"Polygon","coordinates":[[[23.842041700000038,37.988721800000064],[23.841880800000069,37.988595000000032],[23.841832500000066,37.988396300000034],[23.841848600000048,37.988343400000076],[23.842186500000025,37.988146800000038],[23.842226800000049,37.988165800000047],[23.842234800000028,37.988180600000078],[23.842068500000039,37.988719700000047],[23.842041700000038,37.988721800000064]]]},"properties":{"fid":580,"leisure":"playground","name":null,"shapearea_m":1244.1201938213637}},{"type":"Feature","id":581,"geometry":{"type":"Polygon","coordinates":[[[23.74613990000006,38.038672100000042],[23.746221200000036,38.038640300000054],[23.746359300000051,38.038859900000034],[23.746278000000075,38.038891600000056],[23.74613990000006,38.038672100000042]]]},"properties":{"fid":581,"leisure":"playground","name":null,"shapearea_m":216.64950343912022}},{"type":"Feature","id":582,"geometry":{"type":"Polygon","coordinates":[[[23.748028700000077,38.036606400000039],[23.748320900000067,38.036845800000037],[23.748255800000038,38.036900200000048],[23.748036500000069,38.036750700000027],[23.747970800000076,38.036750700000027],[23.747844800000053,38.036666700000069],[23.748011700000063,38.036592800000051],[23.748028700000077,38.036606400000039]]]},"properties":{"fid":582,"leisure":"playground","name":null,"shapearea_m":477.52651285916647}},{"type":"Feature","id":583,"geometry":{"type":"Polygon","coordinates":[[[23.710517500000037,37.998786100000075],[23.710593700000061,37.998844900000051],[23.710672700000032,37.998905900000068],[23.710488800000064,37.999054300000068],[23.710363600000051,37.998913400000049],[23.710517500000037,37.998786100000075]]]},"properties":{"fid":583,"leisure":"playground","name":null,"shapearea_m":403.07418935635565}},{"type":"Feature","id":584,"geometry":{"type":"Polygon","coordinates":[[[23.744096100000036,38.011773800000071],[23.744052700000054,38.011787200000072],[23.744016500000043,38.011787200000072],[23.743958500000076,38.011775700000044],[23.743907800000045,38.011762400000066],[23.743866800000035,38.011733900000024],[23.74380640000004,38.011665400000027],[23.743753300000037,38.011541800000032],[23.743772700000022,38.011515200000076],[23.743903000000046,38.011509500000045],[23.744018900000071,38.011535300000048],[23.744089600000052,38.011588500000073],[23.744132300000047,38.011669500000039],[23.744125100000076,38.011741500000028],[23.744096100000036,38.011773800000071]]]},"properties":{"fid":584,"leisure":"playground","name":null,"shapearea_m":726.95438449426297}},{"type":"Feature","id":585,"geometry":{"type":"Polygon","coordinates":[[[23.852464400000031,37.987594000000058],[23.85235810000006,37.987469000000033],[23.852539000000036,37.987310800000046],[23.852610700000071,37.987286800000049],[23.852720100000056,37.98744350000004],[23.852464400000031,37.987594000000058]]]},"properties":{"fid":585,"leisure":"playground","name":null,"shapearea_m":558.11790430583483}},{"type":"Feature","id":586,"geometry":{"type":"Polygon","coordinates":[[[23.453397900000027,37.495621300000039],[23.453306600000076,37.495414700000026],[23.453409600000043,37.495392100000061],[23.453563200000076,37.495358400000043],[23.453624600000069,37.495540800000072],[23.453397900000027,37.495621300000039]]]},"properties":{"fid":586,"leisure":"playground","name":null,"shapearea_m":512.55494894348442}},{"type":"Feature","id":587,"geometry":{"type":"Polygon","coordinates":[[[23.722929800000031,37.933578900000043],[23.722846700000048,37.933521600000063],[23.722914600000024,37.933460300000036],[23.722998100000041,37.93351720000004],[23.722929800000031,37.933578900000043]]]},"properties":{"fid":587,"leisure":"playground","name":null,"shapearea_m":87.931822127634462}},{"type":"Feature","id":588,"geometry":{"type":"Polygon","coordinates":[[[23.723163800000066,37.933591100000058],[23.723086300000034,37.933435900000063],[23.723271600000032,37.933378300000072],[23.723349800000051,37.933533100000034],[23.72321560000006,37.933574900000053],[23.723163800000066,37.933591100000058]]]},"properties":{"fid":588,"leisure":"playground","name":null,"shapearea_m":324.65194912635252}},{"type":"Feature","id":589,"geometry":{"type":"Polygon","coordinates":[[[23.82968580000005,38.034337100000073],[23.829890700000078,38.034503900000061],[23.829543900000033,38.034766600000069],[23.829344900000024,38.034604900000033],[23.82968580000005,38.034337100000073]]]},"properties":{"fid":589,"leisure":"playground","name":null,"shapearea_m":1072.3378720726967}},{"type":"Feature","id":590,"geometry":{"type":"Polygon","coordinates":[[[23.825439000000074,38.035293400000057],[23.825625500000058,38.03515120000003],[23.82577340000006,38.035268300000041],[23.82567240000003,38.035346400000037],[23.825632700000028,38.035343100000034],[23.825592400000062,38.035343200000057],[23.825554300000078,38.035346200000049],[23.825516100000073,38.035353100000066],[23.825439000000074,38.035293400000057]]]},"properties":{"fid":590,"leisure":"playground","name":null,"shapearea_m":365.31252189626758}},{"type":"Feature","id":591,"geometry":{"type":"Polygon","coordinates":[[[23.829843800000049,38.037274400000058],[23.829657500000053,38.037417100000027],[23.82949590000004,38.037283100000025],[23.829593200000033,38.037209500000074],[23.829756800000041,38.037201800000048],[23.829843800000049,38.037274400000058]]]},"properties":{"fid":591,"leisure":"playground","name":null,"shapearea_m":415.74047265998939}},{"type":"Feature","id":592,"geometry":{"type":"Polygon","coordinates":[[[23.665882300000078,37.991638200000068],[23.665713900000071,37.99160610000007],[23.665948700000058,37.990914300000043],[23.666132400000038,37.990968600000031],[23.666201300000068,37.990829800000029],[23.666553500000077,37.990924300000074],[23.666453900000079,37.991073100000051],[23.66617320000006,37.991045000000042],[23.665882300000078,37.991638200000068]]]},"properties":{"fid":592,"leisure":"playground","name":"Παιδική Χαρά Λοιμωδών","shapearea_m":2149.8919185637219}},{"type":"Feature","id":593,"geometry":{"type":"Polygon","coordinates":[[[23.664823600000034,37.993424100000027],[23.664856100000065,37.993509800000027],[23.664515700000038,37.993606200000045],[23.664363200000025,37.993506600000046],[23.664823600000034,37.993424100000027]]]},"properties":{"fid":593,"leisure":"playground","name":"Παιδική Χαρά Θεραπευτηρίου Λοιμωδών","shapearea_m":442.36640800778679}},{"type":"Feature","id":594,"geometry":{"type":"Polygon","coordinates":[[[23.661564300000066,37.993836900000076],[23.661345900000072,37.99347240000003],[23.661600300000032,37.99341940000005],[23.661833800000068,37.993370700000071],[23.661887400000069,37.993473300000062],[23.661971600000072,37.993503400000066],[23.661971600000072,37.993561800000066],[23.662150200000042,37.993652300000065],[23.662193400000035,37.993755700000065],[23.66173260000005,37.993818000000033],[23.661564300000066,37.993836900000076]]]},"properties":{"fid":594,"leisure":"playground","name":"Παιδική Χαρά Άλσους Μητέρα","shapearea_m":2306.4872060499188}},{"type":"Feature","id":595,"geometry":{"type":"Polygon","coordinates":[[[23.662377900000024,37.991899900000078],[23.662440000000061,37.99188840000005],[23.662503400000048,37.991893900000036],[23.662560800000051,37.991915900000038],[23.662605500000041,37.991951700000072],[23.662632500000029,37.991997300000037],[23.662635700000067,37.992033800000058],[23.66267380000005,37.992031800000063],[23.662668000000053,37.992066300000033],[23.66263710000004,37.992108900000062],[23.662589100000048,37.992141500000059],[23.662536500000044,37.992168000000049],[23.66247560000005,37.99218280000008],[23.662416000000064,37.99218140000005],[23.662360000000035,37.992165300000067],[23.662313200000028,37.992136300000027],[23.662293100000056,37.992118500000061],[23.662277600000039,37.992099200000041],[23.662265000000048,37.992075700000044],[23.662257900000043,37.992049200000054],[23.66221580000007,37.99203870000008],[23.662234400000045,37.992003600000032],[23.662279100000035,37.991953900000055],[23.66232750000006,37.991924900000072],[23.662377900000024,37.991899900000078]]]},"properties":{"fid":595,"leisure":"playground","name":"Παιδική Χαρά Αγίας Σοφίας","shapearea_m":899.64682193186957}},{"type":"Feature","id":596,"geometry":{"type":"Polygon","coordinates":[[[23.711665100000062,38.023490300000049],[23.711853200000064,38.023447700000077],[23.711897800000031,38.023570100000029],[23.711709800000051,38.023612700000058],[23.711665100000062,38.023490300000049]]]},"properties":{"fid":596,"leisure":"playground","name":null,"shapearea_m":242.86499212464045}},{"type":"Feature","id":597,"geometry":{"type":"Polygon","coordinates":[[[23.748206900000071,38.048370900000066],[23.748145800000032,38.048224800000071],[23.74834160000006,38.04817410000004],[23.748402700000042,38.048320200000035],[23.748206900000071,38.048370900000066]]]},"properties":{"fid":597,"leisure":"playground","name":null,"shapearea_m":308.88655524964543}},{"type":"Feature","id":598,"geometry":{"type":"Polygon","coordinates":[[[23.846435600000063,38.045844400000078],[23.846618100000057,38.045728000000054],[23.846738900000048,38.045841100000075],[23.84655390000006,38.045955500000048],[23.846435600000063,38.045844400000078]]]},"properties":{"fid":598,"leisure":"playground","name":null,"shapearea_m":335.10844659909742}},{"type":"Feature","id":599,"geometry":{"type":"Polygon","coordinates":[[[23.362594500000057,37.709257500000035],[23.36226060000007,37.709259300000042],[23.362428600000044,37.709089500000061],[23.362607800000035,37.709103500000026],[23.362594500000057,37.709257500000035]]]},"properties":{"fid":599,"leisure":"playground","name":null,"shapearea_m":411.91852690103821}},{"type":"Feature","id":600,"geometry":{"type":"Polygon","coordinates":[[[23.341163700000038,37.680075200000033],[23.341167000000041,37.680012800000043],[23.341378900000052,37.680021200000056],[23.341365900000028,37.680066000000068],[23.341324300000053,37.680103400000064],[23.341163700000038,37.680075200000033]]]},"properties":{"fid":600,"leisure":"playground","name":null,"shapearea_m":143.77149163472779}},{"type":"Feature","id":601,"geometry":{"type":"Polygon","coordinates":[[[23.740885100000071,38.044799100000034],[23.740751400000079,38.044647100000077],[23.741079800000023,38.044466300000067],[23.741196200000047,38.044403600000066],[23.741326700000059,38.044556600000078],[23.740885100000071,38.044799100000034]]]},"properties":{"fid":601,"leisure":"playground","name":null,"shapearea_m":973.5029201465486}},{"type":"Feature","id":602,"geometry":{"type":"Polygon","coordinates":[[[23.604781500000058,37.963354800000047],[23.604825700000049,37.963262300000054],[23.605273600000032,37.96321370000004],[23.605103100000065,37.963465800000051],[23.604781500000058,37.963354800000047]]]},"properties":{"fid":602,"leisure":"playground","name":null,"shapearea_m":679.27763136051374}},{"type":"Feature","id":603,"geometry":{"type":"Polygon","coordinates":[[[23.685583400000041,37.93016010000008],[23.685708500000032,37.930110600000035],[23.68633740000007,37.931099200000062],[23.686212500000067,37.931148600000029],[23.685583400000041,37.93016010000008]]]},"properties":{"fid":603,"leisure":"playground","name":null,"shapearea_m":1509.3211192461742}},{"type":"Feature","id":604,"geometry":{"type":"Polygon","coordinates":[[[23.739413900000045,38.032120900000052],[23.739576900000031,38.032364900000061],[23.739717000000041,38.032538700000032],[23.73959560000003,38.032606800000053],[23.739264900000023,38.032218700000044],[23.739413900000045,38.032120900000052]]]},"properties":{"fid":604,"leisure":"playground","name":null,"shapearea_m":758.522430264999}},{"type":"Feature","id":605,"geometry":{"type":"Polygon","coordinates":[[[23.208725600000037,38.134332100000051],[23.208665000000053,38.134255900000028],[23.208732800000064,38.134222500000078],[23.208793400000047,38.134298700000045],[23.208725600000037,38.134332100000051]]]},"properties":{"fid":605,"leisure":"playground","name":null,"shapearea_m":69.973474716540053}},{"type":"Feature","id":606,"geometry":{"type":"Polygon","coordinates":[[[23.842994600000054,38.041298100000063],[23.842655400000069,38.041041600000028],[23.842727300000035,38.04098520000008],[23.843064000000027,38.041242400000044],[23.842994600000054,38.041298100000063]]]},"properties":{"fid":606,"leisure":"playground","name":null,"shapearea_m":361.38018887794453}},{"type":"Feature","id":607,"geometry":{"type":"Polygon","coordinates":[[[23.838562600000046,38.034622100000036],[23.838460100000077,38.034543600000063],[23.838577500000042,38.034450100000072],[23.838681200000053,38.034529700000064],[23.838562600000046,38.034622100000036]]]},"properties":{"fid":607,"leisure":"playground","name":null,"shapearea_m":184.2801386882125}},{"type":"Feature","id":608,"geometry":{"type":"Polygon","coordinates":[[[23.746903600000053,38.051260600000035],[23.746767700000078,38.051323700000069],[23.746710600000029,38.051247600000067],[23.746846500000061,38.051184400000068],[23.746903600000053,38.051260600000035]]]},"properties":{"fid":608,"leisure":"playground","name":null,"shapearea_m":135.95163831723821}},{"type":"Feature","id":609,"geometry":{"type":"Polygon","coordinates":[[[23.746580000000051,38.05112900000006],[23.746639800000025,38.051099700000066],[23.746663300000023,38.051129400000036],[23.746603500000049,38.05115870000003],[23.746580000000051,38.05112900000006]]]},"properties":{"fid":609,"leisure":"playground","name":null,"shapearea_m":24.011231311584339}},{"type":"Feature","id":610,"geometry":{"type":"Polygon","coordinates":[[[23.617633200000057,37.964943500000061],[23.617669500000034,37.964895400000046],[23.618085600000029,37.964939100000038],[23.618053100000054,37.965290800000048],[23.617633200000057,37.964943500000061]]]},"properties":{"fid":610,"leisure":"playground","name":null,"shapearea_m":880.59373768060891}},{"type":"Feature","id":611,"geometry":{"type":"Polygon","coordinates":[[[23.844673500000056,38.047536100000059],[23.844703000000038,38.04757440000003],[23.844655300000056,38.047710500000051],[23.844561200000044,38.047613600000034],[23.844673500000056,38.047536100000059]]]},"properties":{"fid":611,"leisure":"playground","name":null,"shapearea_m":116.99466952081956}},{"type":"Feature","id":612,"geometry":{"type":"Polygon","coordinates":[[[23.834814000000051,38.050619200000028],[23.835055100000034,38.050625100000047],[23.83507110000005,38.050746600000025],[23.834923100000026,38.05080810000004],[23.834814000000051,38.050619200000028]]]},"properties":{"fid":612,"leisure":"playground","name":null,"shapearea_m":311.10654633126177}},{"type":"Feature","id":613,"geometry":{"type":"Polygon","coordinates":[[[23.753888400000051,38.045502700000043],[23.754015500000037,38.04542200000003],[23.754048500000067,38.045454200000052],[23.753921400000024,38.045534900000064],[23.753888400000051,38.045502700000043]]]},"properties":{"fid":613,"leisure":"playground","name":null,"shapearea_m":65.821963200255269}},{"type":"Feature","id":614,"geometry":{"type":"Polygon","coordinates":[[[23.749970200000064,38.049243300000057],[23.750024900000028,38.049127200000044],[23.750192900000059,38.049176200000034],[23.75013830000006,38.049292300000047],[23.749970200000064,38.049243300000057]]]},"properties":{"fid":614,"leisure":"playground","name":null,"shapearea_m":216.17451173166955}},{"type":"Feature","id":615,"geometry":{"type":"Polygon","coordinates":[[[23.664590800000042,37.990698000000066],[23.664586200000031,37.990658800000062],[23.664609000000041,37.990656700000045],[23.664708000000076,37.990646800000036],[23.664868600000034,37.990630400000043],[23.664866800000027,37.990614100000073],[23.664862300000038,37.990567100000078],[23.664893000000063,37.99056360000003],[23.664922800000056,37.990560000000073],[23.664920100000074,37.990536600000041],[23.664919200000043,37.990500300000065],[23.665015700000026,37.990488200000073],[23.665018400000065,37.990502400000025],[23.665031000000056,37.990651700000058],[23.664929100000052,37.990664500000037],[23.664746800000046,37.990680900000029],[23.664590800000042,37.990698000000066]]]},"properties":{"fid":615,"leisure":"playground","name":"Παιδική Χαρά Άλσους Ειρήνης","shapearea_m":327.73699696828925}},{"type":"Feature","id":616,"geometry":{"type":"Polygon","coordinates":[[[23.664508700000056,37.990528700000027],[23.664501400000063,37.990483200000028],[23.664695400000028,37.990466200000071],[23.66470350000003,37.990510200000074],[23.664508700000056,37.990528700000027]]]},"properties":{"fid":616,"leisure":"playground","name":"Παιδική Χαρά Άλσους Ειρήνης","shapearea_m":86.154698492600644}},{"type":"Feature","id":617,"geometry":{"type":"Polygon","coordinates":[[[23.628255700000068,37.966593200000034],[23.628384500000038,37.96646220000008],[23.628613500000029,37.966424600000039],[23.628765400000077,37.966433500000051],[23.629045500000075,37.966514400000051],[23.629170400000078,37.966521400000033],[23.629328400000077,37.966518300000075],[23.629327900000078,37.96660410000004],[23.628978700000062,37.966595700000028],[23.628255700000068,37.966593200000034]]]},"properties":{"fid":617,"leisure":"playground","name":null,"shapearea_m":1222.0954952579962}},{"type":"Feature","id":618,"geometry":{"type":"Polygon","coordinates":[[[23.757973500000048,38.049712200000045],[23.757911100000058,38.049697900000069],[23.757824600000049,38.04960820000008],[23.757820800000047,38.049577100000079],[23.757944300000077,38.049501100000043],[23.757988900000043,38.049510500000054],[23.758076100000039,38.049596000000065],[23.758072000000027,38.049652000000037],[23.757973500000048,38.049712200000045]]]},"properties":{"fid":618,"leisure":"playground","name":null,"shapearea_m":341.96870539312266}},{"type":"Feature","id":619,"geometry":{"type":"Polygon","coordinates":[[[23.755107900000041,38.052501000000063],[23.75503180000004,38.052389600000026],[23.754951400000039,38.052272900000048],[23.755066600000077,38.052223300000037],[23.755221600000027,38.05245350000007],[23.755107900000041,38.052501000000063]]]},"properties":{"fid":619,"leisure":"playground","name":null,"shapearea_m":328.80109807051394}},{"type":"Feature","id":620,"geometry":{"type":"Polygon","coordinates":[[[23.756496100000049,38.051997000000028],[23.756408000000079,38.051860800000043],[23.756562100000053,38.051799000000074],[23.75660060000007,38.051858500000037],[23.756560600000057,38.051874500000054],[23.756581900000072,38.051907500000027],[23.756527500000061,38.05192930000004],[23.756555800000058,38.051973100000055],[23.756496100000049,38.051997000000028]]]},"properties":{"fid":620,"leisure":"playground","name":null,"shapearea_m":190.68431284316742}},{"type":"Feature","id":621,"geometry":{"type":"Polygon","coordinates":[[[23.758333700000037,38.055527500000039],[23.758438300000023,38.05548420000008],[23.75849020000004,38.055559100000039],[23.758482400000048,38.055587500000058],[23.758412000000078,38.055620200000078],[23.758354300000065,38.05560440000005],[23.758323500000074,38.055562700000053],[23.758333700000037,38.055527500000039]]]},"properties":{"fid":621,"leisure":"playground","name":null,"shapearea_m":143.59710525658329}},{"type":"Feature","id":622,"geometry":{"type":"Polygon","coordinates":[[[23.757660600000065,38.055382900000041],[23.757499500000051,38.055163100000073],[23.757727200000033,38.05505960000005],[23.757888300000047,38.055279300000052],[23.757660600000065,38.055382900000041]]]},"properties":{"fid":622,"leisure":"playground","name":null,"shapearea_m":649.96766014856451}},{"type":"Feature","id":623,"geometry":{"type":"Polygon","coordinates":[[[23.757436300000052,38.060328300000037],[23.757206300000064,38.060343000000046],[23.756967300000042,38.060352500000079],[23.756967300000042,38.060268600000029],[23.756906800000024,38.06026810000003],[23.756908100000032,38.060194100000047],[23.757075900000075,38.060194300000035],[23.757075900000075,38.060186000000044],[23.757146000000034,38.060186100000067],[23.757234900000071,38.060186100000067],[23.757234800000049,38.06024350000007],[23.757436400000074,38.060243600000035],[23.757436300000052,38.060328300000037]]]},"properties":{"fid":623,"leisure":"playground","name":null,"shapearea_m":633.40981705509409}},{"type":"Feature","id":624,"geometry":{"type":"Polygon","coordinates":[[[23.760011200000065,38.05893350000008],[23.75996200000003,38.058863000000031],[23.760162500000035,38.058776400000056],[23.76021170000007,38.058846900000049],[23.760011200000065,38.05893350000008]]]},"properties":{"fid":624,"leisure":"playground","name":null,"shapearea_m":179.20240704693629}},{"type":"Feature","id":625,"geometry":{"type":"Polygon","coordinates":[[[23.761986700000023,38.055738500000075],[23.761952500000064,38.055679400000031],[23.762331400000051,38.055570600000067],[23.76242730000007,38.055734800000039],[23.761986700000023,38.055738500000075]]]},"properties":{"fid":625,"leisure":"playground","name":null,"shapearea_m":481.31998227008557}},{"type":"Feature","id":626,"geometry":{"type":"Polygon","coordinates":[[[23.732714100000067,37.963174800000047],[23.732592200000056,37.963232800000071],[23.732471800000042,37.963151500000038],[23.732322300000078,37.963049800000078],[23.732362200000068,37.96292950000003],[23.732457400000044,37.963013400000079],[23.732511400000078,37.963072300000078],[23.732602300000053,37.96313710000004],[23.732714100000067,37.963174800000047]]]},"properties":{"fid":626,"leisure":"playground","name":null,"shapearea_m":359.82038788872234}},{"type":"Feature","id":627,"geometry":{"type":"Polygon","coordinates":[[[23.750722100000075,38.054851500000041],[23.750719400000037,38.05486570000005],[23.750712100000044,38.054918500000042],[23.750699300000065,38.054989800000044],[23.750696600000026,38.055010400000072],[23.750679900000023,38.055020400000046],[23.75065440000003,38.055022500000064],[23.750634900000023,38.05501570000007],[23.750617500000033,38.054996100000039],[23.750577300000032,38.054920100000061],[23.750556500000073,38.054892100000075],[23.750544400000024,38.054885800000079],[23.750518900000031,38.054884700000059],[23.750452500000051,38.054897400000073],[23.750432400000022,38.054900600000053],[23.750415000000032,38.054888900000037],[23.750407600000074,38.05487050000005],[23.750447200000053,38.05479390000005],[23.75046530000003,38.054774900000041],[23.750486100000046,38.05477170000006],[23.75053900000006,38.054779600000074],[23.750606100000027,38.054783300000054],[23.750677200000041,38.05477650000006],[23.750736900000049,38.054769100000044],[23.750771100000065,38.054770700000063],[23.750786500000061,38.054788600000052],[23.750796500000035,38.054816100000039],[23.750791200000037,38.054838300000029],[23.750774400000068,38.054850400000078],[23.750746900000024,38.054853600000058],[23.750722100000075,38.054851500000041]]]},"properties":{"fid":627,"leisure":"playground","name":null,"shapearea_m":512.62051967168986}},{"type":"Feature","id":628,"geometry":{"type":"Polygon","coordinates":[[[23.748371100000043,38.055089500000065],[23.74827810000005,38.054988600000058],[23.748355600000025,38.054944300000045],[23.748448600000074,38.055045200000052],[23.748371100000043,38.055089500000065]]]},"properties":{"fid":628,"leisure":"playground","name":null,"shapearea_m":116.31484296941491}},{"type":"Feature","id":629,"geometry":{"type":"Polygon","coordinates":[[[23.753061700000046,38.060371600000053],[23.753014700000051,38.060296100000073],[23.753076200000066,38.060271600000078],[23.753154400000028,38.060237200000074],[23.753195800000071,38.060221100000035],[23.753258100000039,38.060318800000061],[23.753061700000046,38.060371600000053]]]},"properties":{"fid":629,"leisure":"playground","name":null,"shapearea_m":193.19421349439961}},{"type":"Feature","id":630,"geometry":{"type":"Polygon","coordinates":[[[23.793318700000043,38.050905800000066],[23.793232300000057,38.050782300000037],[23.79371580000003,38.050665700000025],[23.793769700000041,38.050789400000042],[23.793318700000043,38.050905800000066]]]},"properties":{"fid":630,"leisure":"playground","name":null,"shapearea_m":642.26694088190015}},{"type":"Feature","id":631,"geometry":{"type":"Polygon","coordinates":[[[23.792586700000072,38.05760760000004],[23.792577300000062,38.057566400000042],[23.792592100000036,38.057560100000046],[23.792478100000039,38.057366800000068],[23.792413000000067,38.057360000000074],[23.792303700000048,38.057210000000055],[23.792673900000068,38.05711180000003],[23.792787200000078,38.057700000000068],[23.792668500000048,38.057715300000041],[23.792586700000072,38.05760760000004]]]},"properties":{"fid":631,"leisure":"playground","name":null,"shapearea_m":1338.2394723318789}},{"type":"Feature","id":632,"geometry":{"type":"Polygon","coordinates":[[[23.788742400000046,38.053450100000077],[23.789042800000061,38.053325000000029],[23.789053600000045,38.053346100000056],[23.789054200000066,38.053706200000079],[23.789048900000068,38.05372310000007],[23.788972400000034,38.05374420000004],[23.78895360000007,38.053740000000062],[23.788742400000046,38.053450100000077]]]},"properties":{"fid":632,"leisure":"playground","name":null,"shapearea_m":771.36190026830968}},{"type":"Feature","id":633,"geometry":{"type":"Polygon","coordinates":[[[23.787824400000034,38.057796100000076],[23.787776800000074,38.05781090000005],[23.787656100000049,38.057598100000064],[23.787857300000042,38.057522100000028],[23.787952500000074,38.057750700000042],[23.787929000000076,38.057758600000057],[23.787824400000034,38.057796100000076]]]},"properties":{"fid":633,"leisure":"playground","name":null,"shapearea_m":477.79805118486485}},{"type":"Feature","id":634,"geometry":{"type":"Polygon","coordinates":[[[23.780349300000069,38.055396100000053],[23.780481200000054,38.055457600000068],[23.780402800000047,38.055561100000034],[23.780274700000064,38.055500900000027],[23.780349300000069,38.055396100000053]]]},"properties":{"fid":634,"leisure":"playground","name":null,"shapearea_m":177.2480923987242}},{"type":"Feature","id":635,"geometry":{"type":"Polygon","coordinates":[[[23.778804800000046,38.053823900000054],[23.778961700000025,38.053688800000032],[23.779075100000057,38.053726800000049],[23.778957100000071,38.05389260000004],[23.778804800000046,38.053823900000054]]]},"properties":{"fid":635,"leisure":"playground","name":null,"shapearea_m":266.15536410352058}},{"type":"Feature","id":636,"geometry":{"type":"Polygon","coordinates":[[[23.77713650000004,38.06186960000008],[23.776742900000045,38.06190840000005],[23.776652400000046,38.06169570000003],[23.776671900000053,38.061638300000027],[23.777132800000061,38.061786700000027],[23.77713650000004,38.06186960000008]]]},"properties":{"fid":636,"leisure":"playground","name":null,"shapearea_m":760.13019507074557}},{"type":"Feature","id":637,"geometry":{"type":"Polygon","coordinates":[[[23.777118700000074,38.055056400000069],[23.777398700000049,38.05491040000004],[23.777550600000041,38.054982600000073],[23.777267300000062,38.055149200000074],[23.777118700000074,38.055056400000069]]]},"properties":{"fid":637,"leisure":"playground","name":null,"shapearea_m":455.14332626944048}},{"type":"Feature","id":638,"geometry":{"type":"Polygon","coordinates":[[[23.761067400000059,38.064324300000067],[23.760991600000068,38.06435440000007],[23.76074280000006,38.064280500000052],[23.76079720000007,38.064139600000033],[23.760883200000023,38.064106400000071],[23.761067400000059,38.064324300000067]]]},"properties":{"fid":638,"leisure":"playground","name":null,"shapearea_m":419.16232817952874}},{"type":"Feature","id":639,"geometry":{"type":"Polygon","coordinates":[[[23.766564100000039,38.103019500000073],[23.766540500000076,38.102865500000064],[23.766638600000078,38.102856200000076],[23.766635400000041,38.102835500000026],[23.766742700000066,38.102825300000063],[23.766766700000062,38.102981400000033],[23.76667180000004,38.102990400000067],[23.766674700000067,38.103009000000043],[23.766564100000039,38.103019500000073]]]},"properties":{"fid":639,"leisure":"playground","name":null,"shapearea_m":316.96118252119436}},{"type":"Feature","id":640,"geometry":{"type":"Polygon","coordinates":[[[23.766031800000064,38.104194200000052],[23.766019100000051,38.104037900000037],[23.766133700000069,38.10403210000004],[23.766141700000048,38.104130200000043],[23.766152000000034,38.104129600000078],[23.766156800000033,38.104187900000056],[23.766031800000064,38.104194200000052]]]},"properties":{"fid":640,"leisure":"playground","name":null,"shapearea_m":181.03018623322237}},{"type":"Feature","id":641,"geometry":{"type":"Polygon","coordinates":[[[23.770397500000058,38.103964400000052],[23.770431700000074,38.10393700000003],[23.770471900000075,38.10391530000004],[23.770512800000063,38.103899500000068],[23.770569800000033,38.103884200000039],[23.770638900000051,38.103872600000045],[23.77069380000006,38.103868900000066],[23.77070660000004,38.104025600000057],[23.770579200000043,38.104031400000054],[23.770575800000074,38.104000800000051],[23.770444400000031,38.10400450000003],[23.770397500000058,38.103964400000052]]]},"properties":{"fid":641,"leisure":"playground","name":null,"shapearea_m":331.83276060919576}},{"type":"Feature","id":642,"geometry":{"type":"Polygon","coordinates":[[[24.049064400000077,37.834420900000055],[24.049080400000037,37.834441100000049],[24.049086700000032,37.834464300000036],[24.049082700000042,37.834487900000056],[24.049068700000078,37.834509000000025],[24.049046400000066,37.834525000000042],[24.049018600000068,37.834534100000042],[24.048988500000064,37.834535200000062],[24.048959700000069,37.834528100000057],[24.048938200000066,37.834515700000054],[24.04892250000006,37.83449870000004],[24.048913900000059,37.834478800000056],[24.04891340000006,37.83445770000003],[24.048921000000064,37.834437500000035],[24.048936000000026,37.834420100000045],[24.048956900000064,37.834407100000078],[24.048981900000058,37.834399700000063],[24.049012000000062,37.834398900000053],[24.049040600000069,37.834406300000069],[24.049064400000077,37.834420900000055]]]},"properties":{"fid":642,"leisure":"playground","name":"Παιδική Χαρά","shapearea_m":180.47502614396808}},{"type":"Feature","id":643,"geometry":{"type":"Polygon","coordinates":[[[23.768874000000039,38.106689700000061],[23.769137500000056,38.106671200000051],[23.769145500000036,38.106763000000058],[23.768920900000069,38.106772000000035],[23.768874000000039,38.106689700000061]]]},"properties":{"fid":643,"leisure":"playground","name":null,"shapearea_m":210.49278637638159}},{"type":"Feature","id":644,"geometry":{"type":"Polygon","coordinates":[[[23.766983700000026,38.105467200000078],[23.766718100000048,38.105435500000056],[23.766718800000035,38.105323100000078],[23.766887100000076,38.105346900000029],[23.766903900000045,38.105287200000078],[23.766993100000036,38.105304600000068],[23.766983700000026,38.105467200000078]]]},"properties":{"fid":644,"leisure":"playground","name":null,"shapearea_m":342.0915586520083}},{"type":"Feature","id":645,"geometry":{"type":"Polygon","coordinates":[[[23.774327500000027,37.895678700000076],[23.774298500000043,37.89567240000008],[23.774719100000027,37.895260700000051],[23.774837700000035,37.895162700000071],[23.774680200000034,37.895473700000025],[23.774556100000041,37.895780400000035],[23.774327500000027,37.895678700000076]]]},"properties":{"fid":645,"leisure":"playground","name":null,"shapearea_m":907.55282623808409}},{"type":"Feature","id":646,"geometry":{"type":"Polygon","coordinates":[[[23.766717500000027,38.106932400000062],[23.766803300000049,38.106933500000025],[23.766810700000065,38.10686910000004],[23.766900500000077,38.106873800000074],[23.766952200000048,38.106866500000081],[23.766955500000051,38.10702740000005],[23.766725500000064,38.107031100000029],[23.766724600000032,38.107020100000057],[23.766717500000027,38.106932400000062]]]},"properties":{"fid":646,"leisure":"playground","name":null,"shapearea_m":306.62905004084644}},{"type":"Feature","id":647,"geometry":{"type":"Polygon","coordinates":[[[23.771001600000034,38.108536400000048],[23.770990100000063,38.108447000000069],[23.771174100000053,38.108432200000038],[23.77117910000004,38.108470600000032],[23.771146600000066,38.108473200000049],[23.771153200000072,38.108524300000056],[23.771001600000034,38.108536400000048]]]},"properties":{"fid":647,"leisure":"playground","name":null,"shapearea_m":145.60686649123875}},{"type":"Feature","id":648,"geometry":{"type":"Polygon","coordinates":[[[23.770759600000076,38.109332000000052],[23.770753500000069,38.109275700000069],[23.770770300000038,38.109274600000049],[23.770767600000056,38.109249100000056],[23.770913000000064,38.109239400000035],[23.770919100000071,38.109296200000074],[23.77086010000005,38.109300100000041],[23.770862800000032,38.109325200000058],[23.770759600000076,38.109332000000052]]]},"properties":{"fid":648,"leisure":"playground","name":null,"shapearea_m":111.45015414981032}},{"type":"Feature","id":649,"geometry":{"type":"Polygon","coordinates":[[[23.771386500000062,38.111086300000068],[23.771557700000074,38.111060500000065],[23.771588200000053,38.111167800000032],[23.771467600000051,38.111183900000071],[23.771460800000057,38.111154100000078],[23.771404100000041,38.111162200000024],[23.771386500000062,38.111086300000068]]]},"properties":{"fid":649,"leisure":"playground","name":null,"shapearea_m":169.99403897006189}},{"type":"Feature","id":650,"geometry":{"type":"Polygon","coordinates":[[[23.771372400000075,38.113295400000027],[23.771360400000049,38.113197200000059],[23.771431300000074,38.113191800000038],[23.771443400000067,38.113290000000063],[23.771372400000075,38.113295400000027]]]},"properties":{"fid":650,"leisure":"playground","name":null,"shapearea_m":68.454897436171947}},{"type":"Feature","id":651,"geometry":{"type":"Polygon","coordinates":[[[23.772783300000071,38.116753600000038],[23.773071600000037,38.116735700000049],[23.773079400000029,38.116813000000036],[23.773040300000048,38.116815400000064],[23.77304440000006,38.116856700000028],[23.772984800000074,38.116860400000064],[23.772981800000025,38.116830600000071],[23.772792200000026,38.116842400000053],[23.772783300000071,38.116753600000038]]]},"properties":{"fid":651,"leisure":"playground","name":null,"shapearea_m":263.72354931980095}},{"type":"Feature","id":652,"geometry":{"type":"Polygon","coordinates":[[[23.771319800000072,38.116703400000063],[23.771488400000067,38.11669130000007],[23.771503300000063,38.116820200000063],[23.771334600000046,38.116832200000033],[23.771319800000072,38.116703400000063]]]},"properties":{"fid":652,"leisure":"playground","name":null,"shapearea_m":213.26285701799242}},{"type":"Feature","id":653,"geometry":{"type":"Polygon","coordinates":[[[23.769245400000045,38.10991400000006],[23.769324600000061,38.109909200000061],[23.769327900000064,38.109948800000041],[23.76939230000005,38.109947200000079],[23.769397000000026,38.110007400000029],[23.769250100000079,38.109972000000027],[23.769245400000045,38.10991400000006]]]},"properties":{"fid":653,"leisure":"playground","name":null,"shapearea_m":86.737165162479442}},{"type":"Feature","id":654,"geometry":{"type":"Polygon","coordinates":[[[23.766748200000052,38.10991290000004],[23.766730900000027,38.109747800000036],[23.766839000000061,38.109740800000054],[23.766850500000032,38.109850300000062],[23.766977600000075,38.109842000000071],[23.766988600000047,38.109946300000047],[23.766862600000024,38.109954500000072],[23.766857500000071,38.109905800000035],[23.766748200000052,38.10991290000004]]]},"properties":{"fid":654,"leisure":"playground","name":null,"shapearea_m":304.32864773616006}},{"type":"Feature","id":655,"geometry":{"type":"Polygon","coordinates":[[[23.766058300000054,38.112039700000025],[23.766015400000072,38.111878300000058],[23.76609650000006,38.111848700000053],[23.766189100000076,38.112001700000064],[23.766058300000054,38.112039700000025]]]},"properties":{"fid":655,"leisure":"playground","name":null,"shapearea_m":184.42180297183512}},{"type":"Feature","id":656,"geometry":{"type":"Polygon","coordinates":[[[23.753641000000073,38.062149200000079],[23.753603500000054,38.062083200000075],[23.753719500000045,38.062039900000059],[23.753778500000067,38.06213020000007],[23.753677900000071,38.062159800000074],[23.75366850000006,38.062141300000064],[23.753641000000073,38.062149200000079]]]},"properties":{"fid":656,"leisure":"playground","name":null,"shapearea_m":118.8037393715947}},{"type":"Feature","id":657,"geometry":{"type":"Polygon","coordinates":[[[23.650216600000078,37.976997500000039],[23.650350700000047,37.976936200000068],[23.65042580000005,37.976938300000029],[23.650683300000026,37.977185700000064],[23.650535800000057,37.977282900000034],[23.650216600000078,37.976997500000039]]]},"properties":{"fid":657,"leisure":"playground","name":null,"shapearea_m":707.06561122474216}},{"type":"Feature","id":658,"geometry":{"type":"Polygon","coordinates":[[[23.757285800000034,38.063146500000073],[23.756979300000069,38.063272100000063],[23.756843300000071,38.063104700000054],[23.757015200000069,38.062915300000043],[23.757113100000026,38.062876700000061],[23.757285800000034,38.063146500000073]]]},"properties":{"fid":658,"leisure":"playground","name":null,"shapearea_m":937.38188938310805}},{"type":"Feature","id":659,"geometry":{"type":"Polygon","coordinates":[[[23.698268000000041,38.021093300000075],[23.698278900000048,38.021613700000046],[23.698253600000044,38.02163610000008],[23.697965700000054,38.021381700000063],[23.697927200000038,38.021349000000043],[23.697701100000074,38.021149000000037],[23.697747200000038,38.021114000000068],[23.698268000000041,38.021093300000075]]]},"properties":{"fid":659,"leisure":"playground","name":null,"shapearea_m":1645.0887688912965}},{"type":"Feature","id":660,"geometry":{"type":"Polygon","coordinates":[[[23.75509210000007,38.064526000000058],[23.754884200000049,38.064599400000077],[23.75484270000004,38.064527600000076],[23.755063900000039,38.064467400000069],[23.75509210000007,38.064526000000058]]]},"properties":{"fid":660,"leisure":"playground","name":null,"shapearea_m":158.93470803095568}},{"type":"Feature","id":661,"geometry":{"type":"Polygon","coordinates":[[[23.770153400000027,38.06674380000004],[23.770064200000036,38.066661000000067],[23.770161400000063,38.066606600000057],[23.770188200000064,38.066631900000061],[23.770185600000048,38.066652500000032],[23.770201000000043,38.066662000000065],[23.770204300000046,38.06666830000006],[23.770199000000048,38.066716400000075],[23.770153400000027,38.06674380000004]]]},"properties":{"fid":661,"leisure":"playground","name":null,"shapearea_m":104.88344021716152}},{"type":"Feature","id":662,"geometry":{"type":"Polygon","coordinates":[[[23.772605600000077,38.06783930000006],[23.772872500000062,38.067884100000072],[23.772843700000067,38.067981000000032],[23.772581500000058,38.067928700000039],[23.772605600000077,38.06783930000006]]]},"properties":{"fid":662,"leisure":"playground","name":null,"shapearea_m":252.53421911637406}},{"type":"Feature","id":663,"geometry":{"type":"Polygon","coordinates":[[[23.660151900000074,37.990262700000073],[23.660105000000044,37.990198200000066],[23.660362400000054,37.990005800000063],[23.660425500000031,37.990220400000055],[23.660151900000074,37.990262700000073]]]},"properties":{"fid":663,"leisure":"playground","name":"Παιδική Χαρά Αθηνάς","shapearea_m":424.18807807992522}},{"type":"Feature","id":664,"geometry":{"type":"Polygon","coordinates":[[[23.693967900000075,38.015338300000053],[23.693891300000075,38.015181900000073],[23.693991100000062,38.015151500000059],[23.694067800000028,38.015307900000039],[23.693967900000075,38.015338300000053]]]},"properties":{"fid":664,"leisure":"playground","name":null,"shapearea_m":174.92828857804093}},{"type":"Feature","id":665,"geometry":{"type":"Polygon","coordinates":[[[23.765144900000053,38.065272500000049],[23.76512340000005,38.065278300000045],[23.765132100000073,38.065293600000075],[23.76511940000006,38.065298900000073],[23.76512740000004,38.065312600000027],[23.765064400000028,38.065335300000072],[23.765041600000075,38.065335300000072],[23.765013400000043,38.065288900000041],[23.765031500000077,38.065249800000061],[23.765069700000026,38.06523610000005],[23.765122100000042,38.065239200000065],[23.765144900000053,38.065272500000049]]]},"properties":{"fid":665,"leisure":"playground","name":null,"shapearea_m":89.247381284443151}},{"type":"Feature","id":666,"geometry":{"type":"Polygon","coordinates":[[[23.779459600000052,38.070358400000032],[23.779419000000075,38.070268000000056],[23.779508900000053,38.070243000000062],[23.77954950000003,38.070333400000038],[23.779459600000052,38.070358400000032]]]},"properties":{"fid":666,"leisure":"playground","name":null,"shapearea_m":89.041743074019053}},{"type":"Feature","id":667,"geometry":{"type":"Polygon","coordinates":[[[23.781698900000038,38.064733000000047],[23.781666800000039,38.064575600000069],[23.781702300000063,38.064559300000042],[23.781832400000042,38.064617300000066],[23.781862600000068,38.064610000000073],[23.78188670000003,38.06462950000008],[23.781859200000042,38.064648000000034],[23.78186050000005,38.064711800000055],[23.781698900000038,38.064733000000047]]]},"properties":{"fid":667,"leisure":"playground","name":null,"shapearea_m":236.44531778938529}},{"type":"Feature","id":668,"geometry":{"type":"Polygon","coordinates":[[[23.011120300000073,37.487740000000031],[23.011117800000022,37.487645300000054],[23.01123860000007,37.487643300000059],[23.011241100000063,37.48773790000007],[23.011120300000073,37.487740000000031]]]},"properties":{"fid":668,"leisure":"playground","name":null,"shapearea_m":112.27990704261633}},{"type":"Feature","id":669,"geometry":{"type":"Polygon","coordinates":[[[23.970069200000069,38.070290800000066],[23.970097800000076,38.070231000000035],[23.970207500000072,38.070263400000044],[23.970178800000042,38.070323300000041],[23.970069200000069,38.070290800000066]]]},"properties":{"fid":669,"leisure":"playground","name":null,"shapearea_m":72.97371310098255}},{"type":"Feature","id":670,"geometry":{"type":"Polygon","coordinates":[[[23.985805600000049,38.083997400000044],[23.985853400000053,38.083924900000056],[23.985784100000046,38.083860000000072],[23.985835400000042,38.083795100000032],[23.986023300000056,38.083876200000077],[23.985892300000046,38.084036400000059],[23.985805600000049,38.083997400000044]]]},"properties":{"fid":670,"leisure":"playground","name":null,"shapearea_m":290.90079641955464}},{"type":"Feature","id":671,"geometry":{"type":"Polygon","coordinates":[[[23.809151200000031,38.023047000000076],[23.809014400000024,38.022925500000042],[23.80912040000004,38.022829400000035],[23.809265200000027,38.022945600000071],[23.809151200000031,38.023047000000076]]]},"properties":{"fid":671,"leisure":"playground","name":null,"shapearea_m":262.92526377754058}},{"type":"Feature","id":672,"geometry":{"type":"Polygon","coordinates":[[[23.792783800000052,38.066354800000056],[23.792649100000062,38.066386400000056],[23.792571300000077,38.066183200000069],[23.792608800000039,38.066164700000058],[23.79265440000006,38.066149400000029],[23.79269800000003,38.066141500000072],[23.792783800000052,38.066354800000056]]]},"properties":{"fid":672,"leisure":"playground","name":null,"shapearea_m":299.61317720188748}},{"type":"Feature","id":673,"geometry":{"type":"Polygon","coordinates":[[[23.785725200000059,38.064558200000079],[23.785581900000068,38.064554700000031],[23.785588200000063,38.064398900000072],[23.785731500000054,38.064402500000028],[23.785725200000059,38.064558200000079]]]},"properties":{"fid":673,"leisure":"playground","name":null,"shapearea_m":217.61936663410395}},{"type":"Feature","id":674,"geometry":{"type":"Polygon","coordinates":[[[23.784860600000059,38.067103900000063],[23.784872700000051,38.067115500000057],[23.784869300000025,38.067139300000065],[23.784856600000069,38.067184700000041],[23.784859300000051,38.06721900000008],[23.784589700000026,38.067265400000053],[23.784546800000044,38.067149800000038],[23.784860600000059,38.067103900000063]]]},"properties":{"fid":674,"leisure":"playground","name":null,"shapearea_m":341.06480237470811}},{"type":"Feature","id":675,"geometry":{"type":"Polygon","coordinates":[[[23.785744700000066,38.068919200000039],[23.785824000000048,38.068900700000029],[23.785914000000048,38.068881900000065],[23.786023300000068,38.069147400000077],[23.785811600000045,38.069161300000076],[23.785744700000066,38.068919200000039]]]},"properties":{"fid":675,"leisure":"playground","name":null,"shapearea_m":493.73682877943162}},{"type":"Feature","id":676,"geometry":{"type":"Polygon","coordinates":[[[23.801332000000059,38.066549000000066],[23.801320600000054,38.066566500000079],[23.80130790000004,38.066574400000036],[23.801090600000066,38.066616100000033],[23.800852600000042,38.066202200000077],[23.800857300000075,38.066188500000067],[23.800875400000052,38.066182100000049],[23.801197300000069,38.066121900000041],[23.801226100000065,38.066128300000059],[23.801267000000053,38.066162600000041],[23.801338700000031,38.066516300000046],[23.801332000000059,38.066549000000066]]]},"properties":{"fid":676,"leisure":"playground","name":null,"shapearea_m":1527.3563772911905}},{"type":"Feature","id":677,"geometry":{"type":"Polygon","coordinates":[[[23.797485800000061,38.067327200000079],[23.797413300000073,38.067177800000024],[23.79753530000005,38.067150600000048],[23.797603000000038,38.067295200000046],[23.797485800000061,38.067327200000079]]]},"properties":{"fid":677,"leisure":"playground","name":null,"shapearea_m":191.45684488305201}},{"type":"Feature","id":678,"geometry":{"type":"Polygon","coordinates":[[[23.789044200000035,38.072989900000039],[23.788812800000073,38.072856400000035],[23.788959000000034,38.072693300000026],[23.78907300000003,38.07295460000006],[23.789044200000035,38.072989900000039]]]},"properties":{"fid":678,"leisure":"playground","name":null,"shapearea_m":335.08321334204931}},{"type":"Feature","id":679,"geometry":{"type":"Polygon","coordinates":[[[23.807815100000028,38.060656200000039],[23.807964500000026,38.061169800000073],[23.806954300000029,38.061270100000058],[23.806960900000036,38.060861000000045],[23.806977000000074,38.060836000000052],[23.80701490000007,38.060817000000043],[23.807815100000028,38.060656200000039]]]},"properties":{"fid":679,"leisure":"playground","name":null,"shapearea_m":4427.7866705475844}},{"type":"Feature","id":680,"geometry":{"type":"Polygon","coordinates":[[[23.81191380000007,38.069821700000034],[23.811949300000038,38.06972090000005],[23.812026400000036,38.069555100000059],[23.812063600000045,38.069533300000046],[23.812461000000042,38.069435800000065],[23.812488700000074,38.06945630000007],[23.81253300000003,38.069664300000056],[23.81191380000007,38.069821700000034]]]},"properties":{"fid":680,"leisure":"playground","name":null,"shapearea_m":1300.4181993765162}},{"type":"Feature","id":681,"geometry":{"type":"Polygon","coordinates":[[[23.820683400000064,38.067596000000037],[23.820807400000035,38.06804470000003],[23.820442800000023,38.068136600000059],[23.820249300000057,38.067668100000049],[23.820683400000064,38.067596000000037]]]},"properties":{"fid":681,"leisure":"playground","name":null,"shapearea_m":1910.6351098561854}},{"type":"Feature","id":682,"geometry":{"type":"Polygon","coordinates":[[[23.671839900000066,37.992113900000049],[23.671654100000069,37.992395600000066],[23.671555000000069,37.992262400000072],[23.671455000000037,37.992127800000048],[23.671339100000068,37.991973700000074],[23.67135410000003,37.991956300000027],[23.671839900000066,37.992113900000049]]]},"properties":{"fid":682,"leisure":"playground","name":"Παιδική Χαρά Λέλας Καραγιάννη","shapearea_m":865.82811389316987}},{"type":"Feature","id":683,"geometry":{"type":"Polygon","coordinates":[[[23.011124800000061,37.487409200000059],[23.01112390000003,37.487377300000048],[23.01116410000003,37.487376600000061],[23.011165000000062,37.487408500000072],[23.011124800000061,37.487409200000059]]]},"properties":{"fid":683,"leisure":"playground","name":null,"shapearea_m":12.593649962841651}},{"type":"Feature","id":684,"geometry":{"type":"Polygon","coordinates":[[[23.829246500000067,38.072382900000036],[23.829234400000075,38.072436200000027],[23.829206900000031,38.072439400000064],[23.829052000000047,38.072427700000048],[23.82906470000006,38.072366500000044],[23.829125100000056,38.072285200000067],[23.82924040000006,38.072287900000049],[23.829245800000024,38.072322700000029],[23.829246500000067,38.072382900000036]]]},"properties":{"fid":684,"leisure":"playground","name":null,"shapearea_m":238.54920228256637}},{"type":"Feature","id":685,"geometry":{"type":"Polygon","coordinates":[[[23.828763000000038,38.072609300000067],[23.828673800000047,38.072633100000076],[23.828601400000025,38.072638400000073],[23.828555800000061,38.072634100000073],[23.828496800000039,38.072617300000047],[23.828427000000033,38.072582900000043],[23.828427000000033,38.07257130000005],[23.828480700000057,38.07249580000007],[23.828498800000034,38.072493700000052],[23.828557100000069,38.072519600000078],[23.828602700000033,38.072531200000071],[23.828651700000023,38.072531200000071],[23.82873950000004,38.072525900000073],[23.828763700000025,38.072547000000043],[23.828777100000025,38.072598300000038],[23.828763000000038,38.072609300000067]]]},"properties":{"fid":685,"leisure":"playground","name":null,"shapearea_m":327.01253191135555}},{"type":"Feature","id":686,"geometry":{"type":"Polygon","coordinates":[[[23.766010600000072,38.331253500000059],[23.766115200000058,38.333195200000034],[23.76555170000006,38.333213800000067],[23.765447600000073,38.331272100000035],[23.766010600000072,38.331253500000059]]]},"properties":{"fid":686,"leisure":"playground","name":null,"shapearea_m":10633.376210332442}},{"type":"Feature","id":687,"geometry":{"type":"Polygon","coordinates":[[[23.759763700000065,38.333665400000029],[23.759727800000064,38.333147600000075],[23.75998160000006,38.333122100000026],[23.760607600000071,38.333103600000072],[23.76057650000007,38.333673800000042],[23.76018920000007,38.333645600000068],[23.759763700000065,38.333665400000029]]]},"properties":{"fid":687,"leisure":"playground","name":null,"shapearea_m":4427.8693924019226}},{"type":"Feature","id":688,"geometry":{"type":"Polygon","coordinates":[[[23.749757700000032,38.328058000000055],[23.749598800000058,38.327956700000072],[23.749679400000048,38.327878800000065],[23.749838400000044,38.32798020000007],[23.749757700000032,38.328058000000055]]]},"properties":{"fid":688,"leisure":"playground","name":null,"shapearea_m":199.44141350037629}},{"type":"Feature","id":689,"geometry":{"type":"Polygon","coordinates":[[[23.002383800000075,36.844337900000028],[23.002224900000044,36.844517600000074],[23.00203440000007,36.844379200000049],[23.002073300000063,36.844338400000026],[23.002383800000075,36.844337900000028]]]},"properties":{"fid":689,"leisure":"playground","name":"Παιδική χαρά Ρειχέας","shapearea_m":340.8599963868844}},{"type":"Feature","id":690,"geometry":{"type":"Polygon","coordinates":[[[23.74106880000005,37.905538100000058],[23.741153500000053,37.905512400000077],[23.741251800000043,37.905606400000067],[23.741161200000079,37.905644600000073],[23.741089500000044,37.905649800000049],[23.741078500000071,37.905589200000065],[23.74106880000005,37.905538100000058]]]},"properties":{"fid":690,"leisure":"playground","name":null,"shapearea_m":154.99918584325547}},{"type":"Feature","id":691,"geometry":{"type":"Polygon","coordinates":[[[23.801158300000054,38.093033500000047],[23.801303800000028,38.092763800000057],[23.801495500000044,38.092766400000073],[23.801617200000067,38.092718000000048],[23.801808900000026,38.09299720000007],[23.801768600000059,38.093019000000027],[23.801716900000031,38.093034900000077],[23.801625100000024,38.093056000000047],[23.801493100000073,38.093069600000035],[23.801382300000057,38.09306760000004],[23.801254400000062,38.09305530000006],[23.801158300000054,38.093033500000047]]]},"properties":{"fid":691,"leisure":"playground","name":null,"shapearea_m":1483.499047166081}},{"type":"Feature","id":692,"geometry":{"type":"Polygon","coordinates":[[[23.75321260000004,38.030810100000053],[23.753189500000076,38.030543400000056],[23.753400500000055,38.030532100000073],[23.753423600000076,38.030798800000071],[23.75321260000004,38.030810100000053]]]},"properties":{"fid":692,"leisure":"playground","name":null,"shapearea_m":550.93562985680921}},{"type":"Feature","id":693,"geometry":{"type":"Polygon","coordinates":[[[23.56032840000006,38.082975100000056],[23.561162700000068,38.083452300000033],[23.561019500000043,38.083607500000028],[23.560185100000069,38.083130400000073],[23.56032840000006,38.082975100000056]]]},"properties":{"fid":693,"leisure":"playground","name":null,"shapearea_m":1927.0386214816995}},{"type":"Feature","id":694,"geometry":{"type":"Polygon","coordinates":[[[23.66443380000004,38.004911600000071],[23.664403800000059,38.004685700000039],[23.664738300000067,38.004658100000029],[23.664768300000048,38.004884000000061],[23.66443380000004,38.004911600000071]]]},"properties":{"fid":694,"leisure":"playground","name":null,"shapearea_m":744.70059499015838}},{"type":"Feature","id":695,"geometry":{"type":"Polygon","coordinates":[[[23.803692400000045,38.077849400000048],[23.803531500000076,38.077808800000071],[23.803633400000024,38.077710100000047],[23.803792300000055,38.077747500000044],[23.803692400000045,38.077849400000048]]]},"properties":{"fid":695,"leisure":"playground","name":null,"shapearea_m":194.51607303230827}},{"type":"Feature","id":696,"geometry":{"type":"Polygon","coordinates":[[[23.799166200000059,38.078470700000025],[23.799480600000038,38.078482300000076],[23.79949270000003,38.078573100000028],[23.799205000000029,38.078609000000029],[23.799193000000059,38.078605800000048],[23.799184300000036,38.078597900000034],[23.799166200000059,38.078470700000025]]]},"properties":{"fid":696,"leisure":"playground","name":null,"shapearea_m":351.02635190571351}},{"type":"Feature","id":697,"geometry":{"type":"Polygon","coordinates":[[[23.796896300000071,38.081392700000038],[23.796781700000054,38.081138300000077],[23.797189400000036,38.081050700000048],[23.797293300000035,38.081322500000056],[23.796896300000071,38.081392700000038]]]},"properties":{"fid":697,"leisure":"playground","name":null,"shapearea_m":1114.8411665413589}},{"type":"Feature","id":698,"geometry":{"type":"Polygon","coordinates":[[[23.784206100000063,38.072894400000052],[23.784108900000035,38.072863200000029],[23.784107600000027,38.072847900000056],[23.784047900000076,38.072830500000066],[23.784064000000058,38.072799900000064],[23.784073400000068,38.072781400000054],[23.784091500000045,38.072767200000044],[23.784160500000041,38.07275240000007],[23.784193400000049,38.072739200000058],[23.784224900000027,38.072731800000042],[23.784263800000076,38.072731800000042],[23.784279200000071,38.072736000000077],[23.784268500000053,38.072789900000032],[23.784269800000061,38.072820000000036],[23.784281900000053,38.072859000000051],[23.784206100000063,38.072894400000052]]]},"properties":{"fid":698,"leisure":"playground","name":null,"shapearea_m":249.06845559380312}},{"type":"Feature","id":699,"geometry":{"type":"Polygon","coordinates":[[[23.797573500000055,38.087812100000065],[23.797782000000041,38.087722100000065],[23.797874700000023,38.08785510000007],[23.797666100000072,38.08794510000007],[23.797573500000055,38.087812100000065]]]},"properties":{"fid":699,"leisure":"playground","name":null,"shapearea_m":351.29025896679741}},{"type":"Feature","id":700,"geometry":{"type":"Polygon","coordinates":[[[23.807435400000031,38.093127200000026],[23.807241600000054,38.093151000000034],[23.807216100000062,38.093151000000034],[23.807188600000075,38.093142500000056],[23.80714770000003,38.093110300000035],[23.80711690000004,38.093064900000059],[23.807100800000057,38.093033300000059],[23.807100100000071,38.093013800000051],[23.807113500000071,38.092990000000043],[23.807135000000073,38.092973100000052],[23.807170500000041,38.092956800000024],[23.807212800000059,38.092948300000046],[23.807399200000077,38.092925600000058],[23.807418000000041,38.09292830000004],[23.807431400000041,38.09293880000007],[23.80744210000006,38.092960500000061],[23.807462900000075,38.093080300000054],[23.807460200000037,38.093098200000043],[23.807452200000057,38.093112400000052],[23.807435400000031,38.093127200000026]]]},"properties":{"fid":700,"leisure":"playground","name":null,"shapearea_m":626.74493464696479}},{"type":"Feature","id":701,"geometry":{"type":"Polygon","coordinates":[[[23.726389700000027,38.076705600000025],[23.726337100000023,38.076509300000055],[23.726589900000079,38.076467300000047],[23.726642500000025,38.076663600000074],[23.726389700000027,38.076705600000025]]]},"properties":{"fid":701,"leisure":"playground","name":null,"shapearea_m":504.81356737060412}},{"type":"Feature","id":702,"geometry":{"type":"Polygon","coordinates":[[[23.813874700000042,38.091796800000054],[23.813871400000039,38.091849000000025],[23.813817100000051,38.091881200000046],[23.813652000000047,38.091911800000048],[23.813658400000065,38.091862800000058],[23.813670300000069,38.091771300000062],[23.813681200000076,38.091687200000024],[23.813997400000062,38.091718700000058],[23.814012200000036,38.091730300000052],[23.814017500000034,38.09174930000006],[23.814016200000026,38.091767800000071],[23.814004100000034,38.091783100000043],[23.813983400000041,38.091797900000074],[23.813965900000028,38.09180420000007],[23.813874700000042,38.091796800000054]]]},"properties":{"fid":702,"leisure":"playground","name":null,"shapearea_m":498.46330896929186}},{"type":"Feature","id":703,"geometry":{"type":"Polygon","coordinates":[[[23.470357200000024,37.349015700000052],[23.47036380000003,37.348885100000075],[23.470445500000039,37.348824400000069],[23.470679100000041,37.348839400000031],[23.470669200000032,37.349013200000059],[23.470357200000024,37.349015700000052]]]},"properties":{"fid":703,"leisure":"playground","name":null,"shapearea_m":543.21803824849894}},{"type":"Feature","id":704,"geometry":{"type":"Polygon","coordinates":[[[23.817373500000031,38.094170000000076],[23.817564100000027,38.094090900000026],[23.817601600000046,38.094146700000067],[23.81741100000005,38.094225900000026],[23.817373500000031,38.094170000000076]]]},"properties":{"fid":704,"leisure":"playground","name":null,"shapearea_m":132.54798820029737}},{"type":"Feature","id":705,"geometry":{"type":"Polygon","coordinates":[[[23.821698400000059,38.092736400000035],[23.821609100000046,38.092626000000052],[23.821795800000075,38.092532500000061],[23.821885100000031,38.092642900000044],[23.821698400000059,38.092736400000035]]]},"properties":{"fid":705,"leisure":"playground","name":null,"shapearea_m":281.99466765247104}},{"type":"Feature","id":706,"geometry":{"type":"Polygon","coordinates":[[[23.817210800000055,38.099205400000073],[23.816975600000035,38.099253700000077],[23.816866300000072,38.098931700000037],[23.816906500000073,38.098885500000051],[23.817139100000077,38.098983400000066],[23.817210800000055,38.099205400000073]]]},"properties":{"fid":706,"leisure":"playground","name":null,"shapearea_m":742.6231052004988}},{"type":"Feature","id":707,"geometry":{"type":"Polygon","coordinates":[[[23.833073300000024,38.086308600000052],[23.832984800000077,38.086482300000057],[23.832953900000064,38.086554000000035],[23.832908300000042,38.086608900000044],[23.832636100000059,38.086486000000036],[23.83268570000007,38.08640360000004],[23.832724600000063,38.086330800000042],[23.832607900000028,38.086244200000067],[23.832741400000032,38.086017300000037],[23.832916400000045,38.086084300000039],[23.832895600000029,38.086125000000038],[23.832895600000029,38.086161400000037],[23.832907700000078,38.086196200000074],[23.832931100000053,38.086216800000045],[23.833091400000058,38.086256400000025],[23.833073300000024,38.086308600000052]]]},"properties":{"fid":707,"leisure":"playground","name":null,"shapearea_m":1555.7646873976653}},{"type":"Feature","id":708,"geometry":{"type":"Polygon","coordinates":[[[23.831384200000059,38.086236800000052],[23.831311800000037,38.086208900000031],[23.831391600000075,38.086122800000055],[23.831592700000044,38.086197800000036],[23.831543100000033,38.086268500000074],[23.831401600000049,38.086215200000026],[23.831384200000059,38.086236800000052]]]},"properties":{"fid":708,"leisure":"playground","name":null,"shapearea_m":198.47219535390542}},{"type":"Feature","id":709,"geometry":{"type":"Polygon","coordinates":[[[23.847894800000063,38.112742500000024],[23.847628900000075,38.112738700000079],[23.847631100000058,38.112644800000055],[23.847896900000023,38.112648600000057],[23.847894800000063,38.112742500000024]]]},"properties":{"fid":709,"leisure":"playground","name":null,"shapearea_m":243.081000056281}},{"type":"Feature","id":710,"geometry":{"type":"Polygon","coordinates":[[[23.677201400000058,38.038980500000036],[23.676932500000078,38.038795100000073],[23.676994200000024,38.038717000000076],[23.677432100000033,38.038873800000033],[23.677383100000043,38.038946700000054],[23.677306700000031,38.038931400000024],[23.677201400000058,38.038980500000036]]]},"properties":{"fid":710,"leisure":"playground","name":null,"shapearea_m":592.26719053045599}},{"type":"Feature","id":711,"geometry":{"type":"Polygon","coordinates":[[[23.671265900000037,38.038854900000047],[23.671542300000056,38.039031300000033],[23.671255500000029,38.03931010000008],[23.670979000000045,38.039133700000036],[23.671265900000037,38.038854900000047]]]},"properties":{"fid":711,"leisure":"playground","name":null,"shapearea_m":1244.0590610370757}},{"type":"Feature","id":712,"geometry":{"type":"Polygon","coordinates":[[[23.69024840000003,38.050617200000033],[23.690149800000029,38.050474700000052],[23.690259800000035,38.050416600000062],[23.690387200000032,38.050539600000036],[23.69024840000003,38.050617200000033]]]},"properties":{"fid":712,"leisure":"playground","name":null,"shapearea_m":235.58452571859257}},{"type":"Feature","id":713,"geometry":{"type":"Polygon","coordinates":[[[23.680159900000035,38.049921300000051],[23.679602700000032,38.049645600000076],[23.679841700000054,38.049509000000057],[23.679960100000073,38.049441300000069],[23.680004300000064,38.049460800000077],[23.680171400000063,38.04939870000004],[23.680214900000067,38.049380600000063],[23.68027660000007,38.049353100000076],[23.680382500000064,38.049502000000075],[23.680481100000065,38.049575900000036],[23.680316800000071,38.049768700000072],[23.680159900000035,38.049921300000051]]]},"properties":{"fid":713,"leisure":"playground","name":null,"shapearea_m":2490.1623203038585}},{"type":"Feature","id":714,"geometry":{"type":"Polygon","coordinates":[[[23.915953400000035,37.961241200000075],[23.91600260000007,37.961178800000027],[23.915956900000026,37.961167000000046],[23.915987700000073,37.961130300000036],[23.916097600000057,37.961173300000041],[23.916023700000039,37.961273100000028],[23.915953400000035,37.961241200000075]]]},"properties":{"fid":714,"leisure":"playground","name":null,"shapearea_m":106.12934711528148}},{"type":"Feature","id":715,"geometry":{"type":"Polygon","coordinates":[[[24.062510400000065,38.19072280000006],[24.062280400000077,38.190566600000068],[24.062700100000029,38.190184900000077],[24.062930100000074,38.190341200000034],[24.062510400000065,38.19072280000006]]]},"properties":{"fid":715,"leisure":"playground","name":null,"shapearea_m":1491.2714036817824}},{"type":"Feature","id":716,"geometry":{"type":"Polygon","coordinates":[[[24.03098250000005,38.180482500000039],[24.030960300000061,38.180435200000034],[24.03087400000004,38.180250900000033],[24.031372800000042,38.180346300000053],[24.03098250000005,38.180482500000039]]]},"properties":{"fid":716,"leisure":"playground","name":null,"shapearea_m":511.46550540354616}},{"type":"Feature","id":717,"geometry":{"type":"Polygon","coordinates":[[[23.741967300000056,37.903380100000049],[23.741737400000034,37.903380000000027],[23.741735300000073,37.90329840000004],[23.741676200000029,37.903268500000024],[23.741676200000029,37.903195200000027],[23.74198240000004,37.903208900000038],[23.741967300000056,37.903380100000049]]]},"properties":{"fid":717,"leisure":"playground","name":null,"shapearea_m":462.87110495194929}},{"type":"Feature","id":718,"geometry":{"type":"Polygon","coordinates":[[[23.420001400000046,38.001023800000041],[23.419935400000043,38.001012900000035],[23.419733800000074,38.000907400000074],[23.419597800000076,38.000844100000052],[23.419486200000051,38.000784000000067],[23.419794100000047,38.00044470000006],[23.42028890000006,38.00077900000008],[23.420001400000046,38.001023800000041]]]},"properties":{"fid":718,"leisure":"playground","name":"Κουνιες","shapearea_m":2320.047098538495}},{"type":"Feature","id":719,"geometry":{"type":"Polygon","coordinates":[[[23.417924800000037,37.999788800000033],[23.418081500000028,37.999605100000053],[23.41829400000006,37.999720000000025],[23.418108000000075,37.999877600000048],[23.417924800000037,37.999788800000033]]]},"properties":{"fid":719,"leisure":"playground","name":"Κούνιες","shapearea_m":499.30251723277325}},{"type":"Feature","id":720,"geometry":{"type":"Polygon","coordinates":[[[23.507186700000034,37.968505100000073],[23.507182000000057,37.968341300000077],[23.507450600000027,37.968330200000025],[23.507457600000066,37.96849590000005],[23.507186700000034,37.968505100000073]]]},"properties":{"fid":720,"leisure":"playground","name":null,"shapearea_m":434.02504908579829}},{"type":"Feature","id":721,"geometry":{"type":"Polygon","coordinates":[[[23.766327200000035,37.880735800000025],[23.766195800000048,37.88118460000004],[23.765896700000042,37.881020600000056],[23.766229300000077,37.880595000000028],[23.766278300000067,37.880617900000061],[23.766331200000025,37.880642700000067],[23.766327200000035,37.880735800000025]]]},"properties":{"fid":721,"leisure":"playground","name":null,"shapearea_m":1239.9311643518481}},{"type":"Feature","id":722,"geometry":{"type":"Polygon","coordinates":[[[23.759694100000047,37.883357700000033],[23.760176900000033,37.883732400000042],[23.760125900000048,37.88376420000003],[23.760026700000026,37.883747300000039],[23.75976380000003,37.883787500000039],[23.759653900000046,37.883392700000059],[23.759694100000047,37.883357700000033]]]},"properties":{"fid":722,"leisure":"playground","name":null,"shapearea_m":991.09440095645743}},{"type":"Feature","id":723,"geometry":{"type":"Polygon","coordinates":[[[23.83886810000007,38.040503200000046],[23.838845700000036,38.040494400000057],[23.838824100000068,38.04048320000004],[23.83881260000004,38.040466200000026],[23.838810500000022,38.040447500000028],[23.838817100000028,38.04043050000007],[23.838831000000027,38.040419200000031],[23.838849500000038,38.04040880000008],[23.838870200000031,38.040403500000025],[23.838895900000068,38.040406300000029],[23.838914100000068,38.040415600000074],[23.838925400000051,38.040428100000042],[23.838933900000029,38.040443300000049],[23.83894250000003,38.040459500000054],[23.838958300000058,38.040474500000073],[23.838976800000069,38.040489900000068],[23.838999300000069,38.040503400000034],[23.839023700000041,38.040514800000039],[23.839044900000033,38.040526000000057],[23.839061300000026,38.040540800000031],[23.839071200000035,38.040560200000073],[23.839073800000051,38.040574700000036],[23.83907060000007,38.040593800000067],[23.839059000000077,38.040607100000045],[23.839040900000043,38.04061930000006],[23.839020700000049,38.040627000000029],[23.838997600000027,38.040629600000045],[23.838954900000033,38.040617600000076],[23.838918400000068,38.040590000000066],[23.838884700000051,38.040537900000061],[23.838866100000075,38.040518400000053],[23.83886810000007,38.040503200000046]]]},"properties":{"fid":723,"leisure":"playground","name":null,"shapearea_m":291.82663657729671}},{"type":"Feature","id":724,"geometry":{"type":"Polygon","coordinates":[[[23.812402500000076,38.029212200000075],[23.812629900000047,38.02938800000004],[23.812526700000035,38.029457600000057],[23.812305700000024,38.029387100000065],[23.812402500000076,38.029212200000075]]]},"properties":{"fid":724,"leisure":"playground","name":null,"shapearea_m":387.11516512553078}},{"type":"Feature","id":725,"geometry":{"type":"Polygon","coordinates":[[[23.814839200000051,38.032486600000027],[23.814596900000026,38.032163600000047],[23.814986600000054,38.03221300000007],[23.814945800000032,38.032444600000076],[23.814839200000051,38.032486600000027]]]},"properties":{"fid":725,"leisure":"playground","name":null,"shapearea_m":666.93125707951481}},{"type":"Feature","id":726,"geometry":{"type":"Polygon","coordinates":[[[23.818927500000029,38.033716200000072],[23.818911200000059,38.033939400000065],[23.818875200000036,38.03395050000006],[23.818730400000049,38.033767700000055],[23.818927500000029,38.033716200000072]]]},"properties":{"fid":726,"leisure":"playground","name":null,"shapearea_m":250.15228019102557}},{"type":"Feature","id":727,"geometry":{"type":"Polygon","coordinates":[[[23.773774900000035,37.97043780000007],[23.773898300000042,37.970539300000041],[23.773748000000069,37.970651300000043],[23.773627300000044,37.970545600000037],[23.773774900000035,37.97043780000007]]]},"properties":{"fid":727,"leisure":"playground","name":null,"shapearea_m":281.31891031379229}},{"type":"Feature","id":728,"geometry":{"type":"Polygon","coordinates":[[[23.810286900000051,38.026978800000052],[23.810415500000033,38.026884400000029],[23.810467000000074,38.026708300000053],[23.810561300000074,38.026587800000073],[23.81088550000004,38.026755700000024],[23.810919400000046,38.02691690000006],[23.81067900000005,38.027126400000043],[23.810286900000051,38.026978800000052]]]},"properties":{"fid":728,"leisure":"playground","name":null,"shapearea_m":1854.2943966631533}},{"type":"Feature","id":729,"geometry":{"type":"Polygon","coordinates":[[[23.806617200000062,38.029943900000035],[23.806867000000068,38.029860000000042],[23.80692920000007,38.029962700000056],[23.806683400000054,38.030047400000058],[23.806617200000062,38.029943900000035]]]},"properties":{"fid":729,"leisure":"playground","name":null,"shapearea_m":301.71301126576907}},{"type":"Feature","id":730,"geometry":{"type":"Polygon","coordinates":[[[23.819212200000038,38.027506900000049],[23.819070200000056,38.027587600000061],[23.818869500000062,38.027368300000035],[23.819017300000041,38.027286400000037],[23.819212200000038,38.027506900000049]]]},"properties":{"fid":730,"leisure":"playground","name":null,"shapearea_m":467.24487286595598}},{"type":"Feature","id":731,"geometry":{"type":"Polygon","coordinates":[[[23.840333800000053,38.018029400000046],[23.840199600000062,38.018068600000049],[23.84015080000006,38.017966900000033],[23.840224000000035,38.01794330000007],[23.840220500000044,38.017921000000058],[23.840336400000069,38.017922300000066],[23.840333800000053,38.018029400000046]]]},"properties":{"fid":731,"leisure":"playground","name":null,"shapearea_m":190.15093837682724}},{"type":"Feature","id":732,"geometry":{"type":"Polygon","coordinates":[[[23.843387000000064,38.017847000000074],[23.843337000000076,38.017754100000047],[23.843741500000078,38.017614200000025],[23.843792400000041,38.01770700000003],[23.843387000000064,38.017847000000074]]]},"properties":{"fid":732,"leisure":"playground","name":null,"shapearea_m":435.29182009139299}},{"type":"Feature","id":733,"geometry":{"type":"Polygon","coordinates":[[[23.838711400000022,38.048138900000026],[23.838517300000035,38.04802740000008],[23.83863180000003,38.047914200000037],[23.838828900000067,38.048026800000059],[23.838711400000022,38.048138900000026]]]},"properties":{"fid":733,"leisure":"playground","name":null,"shapearea_m":341.31155605456246}},{"type":"Feature","id":734,"geometry":{"type":"Polygon","coordinates":[[[23.826359600000046,38.043392500000039],[23.826231700000051,38.043108200000063],[23.826465000000042,38.04302940000008],[23.826760500000034,38.043230000000051],[23.826359600000046,38.043392500000039]]]},"properties":{"fid":734,"leisure":"playground","name":null,"shapearea_m":997.94783170807193}},{"type":"Feature","id":735,"geometry":{"type":"Polygon","coordinates":[[[23.847009600000035,38.032035200000053],[23.846912000000032,38.03192480000007],[23.846885500000042,38.031894800000032],[23.847060500000055,38.031798900000069],[23.847110500000042,38.031771500000048],[23.847137100000054,38.031801600000051],[23.847234600000036,38.031911900000068],[23.847090100000059,38.031991100000027],[23.847009600000035,38.032035200000053]]]},"properties":{"fid":735,"leisure":"playground","name":null,"shapearea_m":456.97757804647944}},{"type":"Feature","id":736,"geometry":{"type":"Polygon","coordinates":[[[23.812706100000071,38.021166000000051],[23.812698800000078,38.02106880000008],[23.812815500000056,38.021065900000053],[23.812821600000063,38.021161200000051],[23.812706100000071,38.021166000000051]]]},"properties":{"fid":736,"leisure":"playground","name":null,"shapearea_m":109.16302052774628}},{"type":"Feature","id":737,"geometry":{"type":"Polygon","coordinates":[[[23.794657800000039,38.024410700000033],[23.794566600000053,38.024273300000061],[23.794690700000046,38.024223100000029],[23.794782600000076,38.024361000000056],[23.794657800000039,38.024410700000033]]]},"properties":{"fid":737,"leisure":"playground","name":null,"shapearea_m":211.52010415522298}},{"type":"Feature","id":738,"geometry":{"type":"Polygon","coordinates":[[[23.792964400000074,38.025405700000078],[23.79222290000007,38.025721300000043],[23.792142800000079,38.025613200000066],[23.792347800000073,38.025492900000074],[23.792774300000076,38.025162900000055],[23.792880900000057,38.025312100000065],[23.792964400000074,38.025405700000078]]]},"properties":{"fid":738,"leisure":"playground","name":null,"shapearea_m":1586.3350427850446}},{"type":"Feature","id":739,"geometry":{"type":"Polygon","coordinates":[[[23.795048400000042,38.02970810000005],[23.794655700000078,38.02991570000006],[23.794546300000036,38.029788500000052],[23.794940100000076,38.029577600000039],[23.795048400000042,38.02970810000005]]]},"properties":{"fid":739,"leisure":"playground","name":null,"shapearea_m":715.75719821202802}},{"type":"Feature","id":740,"geometry":{"type":"Polygon","coordinates":[[[23.797659800000076,38.021775500000047],[23.797760800000049,38.021751100000074],[23.797852100000057,38.021741800000029],[23.79789640000007,38.021706000000052],[23.79796280000005,38.021690700000079],[23.798001200000044,38.021709200000032],[23.798010400000067,38.021760900000061],[23.797984900000074,38.021904900000038],[23.797945500000026,38.02196420000007],[23.797856000000024,38.022015700000054],[23.797765100000049,38.022007200000075],[23.797679800000026,38.02193520000003],[23.797631900000056,38.021841100000074],[23.797659800000076,38.021775500000047]]]},"properties":{"fid":740,"leisure":"playground","name":null,"shapearea_m":819.77335897510443}},{"type":"Feature","id":741,"geometry":{"type":"Polygon","coordinates":[[[23.792936800000064,38.029140200000029],[23.792817800000023,38.028998900000033],[23.793397300000038,38.02868090000004],[23.793518100000028,38.028818200000046],[23.792936800000064,38.029140200000029]]]},"properties":{"fid":741,"leisure":"playground","name":null,"shapearea_m":1161.8140275737483}},{"type":"Feature","id":742,"geometry":{"type":"Polygon","coordinates":[[[23.793813100000023,38.020752400000049],[23.79391030000005,38.020614700000067],[23.794127300000071,38.020708700000057],[23.794024800000045,38.020845800000075],[23.793813100000023,38.020752400000049]]]},"properties":{"fid":742,"leisure":"playground","name":null,"shapearea_m":378.23407996274261}},{"type":"Feature","id":743,"geometry":{"type":"Polygon","coordinates":[[[23.789698900000076,38.018956900000035],[23.789813200000026,38.01887940000006],[23.789965800000061,38.019033000000036],[23.789859700000022,38.019152200000065],[23.789698900000076,38.018956900000035]]]},"properties":{"fid":743,"leisure":"playground","name":null,"shapearea_m":337.58191640434052}},{"type":"Feature","id":744,"geometry":{"type":"Polygon","coordinates":[[[23.789060200000051,38.016377900000066],[23.788638800000058,38.01664210000007],[23.788541700000053,38.016539100000045],[23.788873300000034,38.016207000000065],[23.789060200000051,38.016377900000066]]]},"properties":{"fid":744,"leisure":"playground","name":null,"shapearea_m":915.22821933412411}},{"type":"Feature","id":745,"geometry":{"type":"Polygon","coordinates":[[[23.790798700000039,38.017967500000054],[23.790710700000034,38.017625300000077],[23.790963700000077,38.017873300000076],[23.790798700000039,38.017967500000054]]]},"properties":{"fid":745,"leisure":"playground","name":null,"shapearea_m":315.56413876895823}},{"type":"Feature","id":746,"geometry":{"type":"Polygon","coordinates":[[[23.792202400000065,38.008948900000064],[23.792069400000059,38.008756100000028],[23.792599400000029,38.008538000000044],[23.792736700000034,38.008732500000065],[23.792202400000065,38.008948900000064]]]},"properties":{"fid":746,"leisure":"playground","name":null,"shapearea_m":1290.7474376835198}},{"type":"Feature","id":747,"geometry":{"type":"Polygon","coordinates":[[[23.79773890000007,38.012278600000059],[23.79789020000004,38.012469200000055],[23.797729700000048,38.012483000000032],[23.797615000000064,38.012340100000074],[23.79773890000007,38.012278600000059]]]},"properties":{"fid":747,"leisure":"playground","name":null,"shapearea_m":279.94061852870311}},{"type":"Feature","id":748,"geometry":{"type":"Polygon","coordinates":[[[23.807122400000026,38.015440800000079],[23.807340300000078,38.015437400000053],[23.807374100000061,38.015615100000048],[23.807181200000059,38.015755900000045],[23.807122400000026,38.015440800000079]]]},"properties":{"fid":748,"leisure":"playground","name":null,"shapearea_m":525.84201504280657}},{"type":"Feature","id":749,"geometry":{"type":"Polygon","coordinates":[[[23.802469500000029,38.016896300000042],[23.802544700000055,38.017106900000044],[23.802369900000031,38.017070800000056],[23.802404800000033,38.016910600000074],[23.802469500000029,38.016896300000042]]]},"properties":{"fid":749,"leisure":"playground","name":null,"shapearea_m":214.25583562161313}},{"type":"Feature","id":750,"geometry":{"type":"Polygon","coordinates":[[[23.824436800000058,38.05672450000003],[23.824323600000071,38.056598300000076],[23.824513300000035,38.056499900000063],[23.824620700000025,38.056627300000059],[23.824436800000058,38.05672450000003]]]},"properties":{"fid":750,"leisure":"playground","name":null,"shapearea_m":335.83087349236479}},{"type":"Feature","id":751,"geometry":{"type":"Polygon","coordinates":[[[23.82535770000004,38.053209600000059],[23.825791500000037,38.053143800000043],[23.825803300000075,38.053299600000059],[23.825457400000062,38.053352700000062],[23.82535770000004,38.053209600000059]]]},"properties":{"fid":751,"leisure":"playground","name":null,"shapearea_m":599.89514708089678}},{"type":"Feature","id":752,"geometry":{"type":"Polygon","coordinates":[[[23.823896800000057,38.049750600000039],[23.823799800000074,38.049099100000035],[23.823920800000053,38.049160800000038],[23.824013700000023,38.049710400000038],[23.823896800000057,38.049750600000039]]]},"properties":{"fid":752,"leisure":"playground","name":null,"shapearea_m":686.024306367603}},{"type":"Feature","id":753,"geometry":{"type":"Polygon","coordinates":[[[23.825239400000044,38.051696600000071],[23.825165300000037,38.051564800000051],[23.82533600000005,38.051498200000026],[23.82540670000003,38.051627300000064],[23.825239400000044,38.051696600000071]]]},"properties":{"fid":753,"leisure":"playground","name":null,"shapearea_m":262.70846630586203}},{"type":"Feature","id":754,"geometry":{"type":"Polygon","coordinates":[[[23.809325100000024,38.04753020000004],[23.809156200000075,38.047298600000033],[23.809603600000059,38.047410100000036],[23.809325100000024,38.04753020000004]]]},"properties":{"fid":754,"leisure":"playground","name":null,"shapearea_m":413.02795222312358}},{"type":"Feature","id":755,"geometry":{"type":"Polygon","coordinates":[[[23.819179100000042,38.047460000000058],[23.819069900000045,38.047304700000041],[23.819457100000022,38.047129400000074],[23.81956770000005,38.047280200000046],[23.819179100000042,38.047460000000058]]]},"properties":{"fid":755,"leisure":"playground","name":null,"shapearea_m":768.52876331972095}},{"type":"Feature","id":756,"geometry":{"type":"Polygon","coordinates":[[[23.813750200000072,38.052839800000072],[23.813851800000066,38.052788000000078],[23.813923700000032,38.052812200000062],[23.813941200000045,38.052995700000054],[23.813750200000072,38.052839800000072]]]},"properties":{"fid":756,"leisure":"playground","name":null,"shapearea_m":187.553439598929}},{"type":"Feature","id":757,"geometry":{"type":"Polygon","coordinates":[[[23.799430100000052,38.050298000000055],[23.79934030000004,38.050139700000045],[23.799513500000046,38.050081600000055],[23.799600100000077,38.05024080000004],[23.799430100000052,38.050298000000055]]]},"properties":{"fid":757,"leisure":"playground","name":null,"shapearea_m":314.93923255936483}},{"type":"Feature","id":758,"geometry":{"type":"Polygon","coordinates":[[[23.800601200000074,38.046329600000035],[23.800501800000063,38.046163400000069],[23.800698700000055,38.046032300000036],[23.800844900000072,38.046168200000068],[23.800601200000074,38.046329600000035]]]},"properties":{"fid":758,"leisure":"playground","name":null,"shapearea_m":499.19332536233134}},{"type":"Feature","id":759,"geometry":{"type":"Polygon","coordinates":[[[23.804952700000058,38.047007500000063],[23.805074700000034,38.046941600000025],[23.805139000000054,38.047015000000044],[23.805018500000074,38.04708190000008],[23.804952700000058,38.047007500000063]]]},"properties":{"fid":759,"leisure":"playground","name":null,"shapearea_m":129.38333681967401}},{"type":"Feature","id":760,"geometry":{"type":"Polygon","coordinates":[[[23.797903800000029,38.047633700000063],[23.797656300000028,38.047089400000061],[23.797727200000054,38.047065400000065],[23.797986900000069,38.047610600000041],[23.797903800000029,38.047633700000063]]]},"properties":{"fid":760,"leisure":"playground","name":null,"shapearea_m":466.86056775760215}},{"type":"Feature","id":761,"geometry":{"type":"Polygon","coordinates":[[[23.796428800000058,38.039934900000048],[23.796255000000031,38.039645900000039],[23.796500200000025,38.03957100000008],[23.796760200000051,38.039820200000065],[23.796428800000058,38.039934900000048]]]},"properties":{"fid":761,"leisure":"playground","name":null,"shapearea_m":956.301424137406}},{"type":"Feature","id":762,"geometry":{"type":"Polygon","coordinates":[[[23.783890900000074,38.030186900000047],[23.784041200000047,38.03009430000003],[23.784287200000051,38.030357500000036],[23.784172500000068,38.030428900000061],[23.784107600000027,38.030420200000037],[23.783890900000074,38.030186900000047]]]},"properties":{"fid":762,"leisure":"playground","name":null,"shapearea_m":601.5578473850951}},{"type":"Feature","id":763,"geometry":{"type":"Polygon","coordinates":[[[23.792619600000023,38.047478900000044],[23.792674000000034,38.04732690000003],[23.792849200000035,38.047298700000056],[23.792779500000051,38.047511100000065],[23.792619600000023,38.047478900000044]]]},"properties":{"fid":763,"leisure":"playground","name":null,"shapearea_m":298.63634609800727}},{"type":"Feature","id":764,"geometry":{"type":"Polygon","coordinates":[[[23.798670400000049,38.054133600000057],[23.798827700000061,38.054471700000079],[23.798741200000052,38.054500000000075],[23.798589200000038,38.054449600000055],[23.798539100000028,38.054364200000066],[23.798569400000076,38.054354700000033],[23.798485500000027,38.054185300000029],[23.798670400000049,38.054133600000057]]]},"properties":{"fid":764,"leisure":"playground","name":null,"shapearea_m":674.66997845527192}},{"type":"Feature","id":765,"geometry":{"type":"Polygon","coordinates":[[[23.810627800000077,38.053445100000033],[23.810668500000077,38.053531200000066],[23.810034300000041,38.053716400000042],[23.809990700000071,38.05362910000008],[23.810627800000077,38.053445100000033]]]},"properties":{"fid":765,"leisure":"playground","name":null,"shapearea_m":612.69673656613065}},{"type":"Feature","id":766,"geometry":{"type":"Polygon","coordinates":[[[23.805532800000037,38.056649300000061],[23.805749900000023,38.056831700000032],[23.805631900000037,38.056885400000056],[23.805507100000057,38.056777700000055],[23.805532800000037,38.056649300000061]]]},"properties":{"fid":766,"leisure":"playground","name":null,"shapearea_m":253.15511899310886}},{"type":"Feature","id":767,"geometry":{"type":"Polygon","coordinates":[[[23.803415100000052,38.055755900000065],[23.80350240000007,38.055662600000062],[23.803723000000048,38.055795300000057],[23.803638900000067,38.055887400000074],[23.803415100000052,38.055755900000065]]]},"properties":{"fid":767,"leisure":"playground","name":null,"shapearea_m":310.94757236594256}},{"type":"Feature","id":768,"geometry":{"type":"Polygon","coordinates":[[[23.840041600000063,38.056704100000047],[23.840302200000053,38.057111200000065],[23.840220700000032,38.057247500000074],[23.839976400000069,38.056954200000064],[23.839958700000068,38.056845500000065],[23.840041600000063,38.056704100000047]]]},"properties":{"fid":768,"leisure":"playground","name":null,"shapearea_m":781.45015828205669}},{"type":"Feature","id":769,"geometry":{"type":"Polygon","coordinates":[[[23.851961900000049,38.055708800000048],[23.851862700000027,38.055655000000058],[23.851810300000068,38.055616900000075],[23.851800300000036,38.055596300000047],[23.851816400000075,38.05556450000006],[23.852058000000056,38.055339200000049],[23.852119300000027,38.055311400000051],[23.852187100000037,38.055304400000068],[23.852239500000053,38.055318600000078],[23.852397200000041,38.055396400000063],[23.852381000000037,38.055415400000072],[23.852293100000054,38.055411000000049],[23.852094900000054,38.055556900000056],[23.851961900000049,38.055708800000048]]]},"properties":{"fid":769,"leisure":"playground","name":null,"shapearea_m":954.60055874004843}},{"type":"Feature","id":770,"geometry":{"type":"Polygon","coordinates":[[[23.848617500000046,38.054373100000078],[23.848466700000074,38.054295900000056],[23.848662700000034,38.054226100000051],[23.848617500000046,38.054373100000078]]]},"properties":{"fid":770,"leisure":"playground","name":null,"shapearea_m":124.97532956955996}},{"type":"Feature","id":771,"geometry":{"type":"Polygon","coordinates":[[[23.624459400000035,37.947502000000043],[23.62443520000005,37.947364500000049],[23.624577400000078,37.947330700000066],[23.624668600000064,37.947400500000072],[23.624746400000049,37.947387800000058],[23.624749100000031,37.94740470000005],[23.624829500000033,37.947398400000054],[23.624834900000053,37.947358200000053],[23.624888500000054,37.947351800000035],[23.624877800000036,37.947169900000063],[23.62497970000004,37.947189000000037],[23.62496630000004,37.947502000000043],[23.624459400000035,37.947502000000043]]]},"properties":{"fid":771,"leisure":"playground","name":null,"shapearea_m":841.17558711197569}},{"type":"Feature","id":772,"geometry":{"type":"Polygon","coordinates":[[[23.329346800000053,38.314834200000064],[23.32977690000007,38.315002900000025],[23.329520900000034,38.315252000000044],[23.329101100000059,38.315059100000042],[23.329346800000053,38.314834200000064]]]},"properties":{"fid":772,"leisure":"playground","name":"Παιδική χαρά The Thebes","shapearea_m":1417.9819958258918}},{"type":"Feature","id":773,"geometry":{"type":"Polygon","coordinates":[[[23.644866400000069,37.984772100000043],[23.644960200000071,37.984725100000048],[23.645082900000034,37.98485990000006],[23.644947800000068,37.984880300000043],[23.644866400000069,37.984772100000043]]]},"properties":{"fid":773,"leisure":"playground","name":"Παιδική Χαρά","shapearea_m":169.13012567820169}},{"type":"Feature","id":774,"geometry":{"type":"Polygon","coordinates":[[[23.686638500000072,38.016369400000031],[23.686671400000023,38.015899800000057],[23.686707800000079,38.015882600000054],[23.686752300000023,38.01587980000005],[23.686698600000057,38.016371000000049],[23.686638500000072,38.016369400000031]]]},"properties":{"fid":774,"leisure":"playground","name":null,"shapearea_m":329.46354321440111}},{"type":"Feature","id":775,"geometry":{"type":"Polygon","coordinates":[[[23.685386000000051,38.017210400000067],[23.685246600000028,38.016980500000045],[23.685371000000032,38.016831700000068],[23.685686400000066,38.01711060000008],[23.685566300000062,38.017191800000035],[23.685386000000051,38.017210400000067]]]},"properties":{"fid":775,"leisure":"playground","name":null,"shapearea_m":862.63291715881383}},{"type":"Feature","id":776,"geometry":{"type":"Polygon","coordinates":[[[23.684673600000053,38.017394600000046],[23.684587800000031,38.017286500000068],[23.684617800000069,38.017222200000049],[23.684733700000038,38.017168100000049],[23.684828100000061,38.01734730000004],[23.684673600000053,38.017394600000046]]]},"properties":{"fid":776,"leisure":"playground","name":null,"shapearea_m":311.46688166287856}},{"type":"Feature","id":777,"geometry":{"type":"Polygon","coordinates":[[[23.685424300000022,38.017784200000051],[23.685471500000062,38.017856900000027],[23.685267600000032,38.017916100000036],[23.685216100000048,38.017846800000029],[23.685424300000022,38.017784200000051]]]},"properties":{"fid":777,"leisure":"playground","name":null,"shapearea_m":171.88376683379582}},{"type":"Feature","id":778,"geometry":{"type":"Polygon","coordinates":[[[23.634561800000029,37.985103200000026],[23.634564600000033,37.985071300000072],[23.634589600000027,37.984782700000039],[23.634764800000028,37.984997400000054],[23.634561800000029,37.985103200000026]]]},"properties":{"fid":778,"leisure":"playground","name":null,"shapearea_m":302.81758616371593}},{"type":"Feature","id":779,"geometry":{"type":"Polygon","coordinates":[[[23.76870770000005,38.060358500000063],[23.768651100000056,38.060281200000077],[23.768768800000032,38.060216400000058],[23.768844800000068,38.060311200000058],[23.768773200000055,38.060337600000025],[23.76870770000005,38.060358500000063]]]},"properties":{"fid":779,"leisure":"playground","name":"Παιδική χαρά Αχιλλέως & Σεφέρη","shapearea_m":144.12373591764094}},{"type":"Feature","id":780,"geometry":{"type":"Polygon","coordinates":[[[23.795696300000031,38.239671600000065],[23.795618900000022,38.239377900000079],[23.795857800000078,38.239333100000067],[23.795938900000067,38.239630800000043],[23.795696300000031,38.239671600000065]]]},"properties":{"fid":780,"leisure":"playground","name":null,"shapearea_m":724.76226320413105}},{"type":"Feature","id":781,"geometry":{"type":"Polygon","coordinates":[[[23.67215120000003,38.033012500000041],[23.67226370000003,38.032921000000044],[23.672425900000064,38.033044700000062],[23.672258400000032,38.03318100000007],[23.672096200000055,38.033057300000053],[23.67215120000003,38.033012500000041]]]},"properties":{"fid":781,"leisure":"playground","name":null,"shapearea_m":417.38181858371399}},{"type":"Feature","id":782,"geometry":{"type":"Polygon","coordinates":[[[23.674248500000033,38.030621100000076],[23.67440890000006,38.030740000000037],[23.674286400000028,38.030842500000063],[23.674126000000058,38.030723600000044],[23.674194700000044,38.030666200000041],[23.674248500000033,38.030621100000076]]]},"properties":{"fid":782,"leisure":"playground","name":null,"shapearea_m":302.10828654176908}},{"type":"Feature","id":783,"geometry":{"type":"Polygon","coordinates":[[[23.724325800000031,38.004302100000075],[23.724163100000055,38.004321000000061],[23.724130100000025,38.004144300000064],[23.724292700000035,38.004125400000078],[23.724325800000031,38.004302100000075]]]},"properties":{"fid":783,"leisure":"playground","name":null,"shapearea_m":286.26494960835532}},{"type":"Feature","id":784,"geometry":{"type":"Polygon","coordinates":[[[23.684535900000071,38.02965590000008],[23.684522500000071,38.02947370000004],[23.684574100000077,38.029442000000074],[23.684786000000031,38.029423000000065],[23.684808800000042,38.029645300000027],[23.684535900000071,38.02965590000008]]]},"properties":{"fid":784,"leisure":"playground","name":null,"shapearea_m":561.97458995608906}},{"type":"Feature","id":785,"geometry":{"type":"Polygon","coordinates":[[[23.677335500000027,38.032297000000028],[23.677505100000076,38.032419000000061],[23.677473500000076,38.032446200000038],[23.677432600000031,38.032481500000074],[23.677396700000031,38.032512500000053],[23.677294400000051,38.032600700000046],[23.677124800000058,38.032478800000035],[23.677335500000027,38.032297000000028]]]},"properties":{"fid":785,"leisure":"playground","name":null,"shapearea_m":550.76310498856924}},{"type":"Feature","id":786,"geometry":{"type":"Polygon","coordinates":[[[23.683332900000039,38.031629200000054],[23.683371800000032,38.031629200000054],[23.683501900000067,38.031724800000063],[23.683376700000053,38.031828800000028],[23.683310800000072,38.031775500000037],[23.683322200000077,38.031764400000043],[23.68324240000004,38.031705300000056],[23.683332900000039,38.031629200000054]]]},"properties":{"fid":786,"leisure":"playground","name":null,"shapearea_m":263.51248906357648}},{"type":"Feature","id":787,"geometry":{"type":"Polygon","coordinates":[[[23.762606700000049,37.969907900000067],[23.762550400000066,37.969734500000072],[23.762995600000067,37.969637200000079],[23.762606700000049,37.969907900000067]]]},"properties":{"fid":787,"leisure":"playground","name":null,"shapearea_m":403.16978150267187}},{"type":"Feature","id":788,"geometry":{"type":"Polygon","coordinates":[[[23.679238000000055,38.036591000000044],[23.679272000000026,38.036562600000025],[23.67940260000006,38.036453600000073],[23.679437800000073,38.036424300000078],[23.679609300000038,38.036551800000041],[23.679409500000077,38.036718500000063],[23.679238000000055,38.036591000000044]]]},"properties":{"fid":788,"leisure":"playground","name":null,"shapearea_m":526.89360426344308}},{"type":"Feature","id":789,"geometry":{"type":"Polygon","coordinates":[[[23.679036000000053,38.036759600000039],[23.679238000000055,38.036591000000044],[23.679409500000077,38.036718500000063],[23.679207500000075,38.036887100000058],[23.679036000000053,38.036759600000039]]]},"properties":{"fid":789,"leisure":"playground","name":null,"shapearea_m":532.71930822735101}},{"type":"Feature","id":790,"geometry":{"type":"Polygon","coordinates":[[[23.683539500000052,38.033783300000039],[23.683604900000034,38.033715200000074],[23.683635700000025,38.033683000000053],[23.683730000000025,38.033739000000025],[23.68371570000005,38.033753900000079],[23.683627100000024,38.03384630000005],[23.683602500000063,38.033872000000031],[23.683508300000028,38.033815900000036],[23.683539500000052,38.033783300000039]]]},"properties":{"fid":790,"leisure":"playground","name":null,"shapearea_m":191.6799795449856}},{"type":"Feature","id":791,"geometry":{"type":"Polygon","coordinates":[[[23.687451200000055,38.034526100000051],[23.687384300000076,38.03443320000008],[23.687432700000045,38.034411600000055],[23.687562800000023,38.034353500000066],[23.687591000000054,38.034340900000075],[23.687657900000033,38.034433700000079],[23.687451200000055,38.034526100000051]]]},"properties":{"fid":791,"leisure":"playground","name":null,"shapearea_m":247.20652589975094}},{"type":"Feature","id":792,"geometry":{"type":"Polygon","coordinates":[[[23.688458000000026,38.029717700000049],[23.688272900000072,38.029709800000035],[23.688305100000036,38.02952810000005],[23.688325200000065,38.029515400000037],[23.688351400000045,38.029508000000078],[23.688471400000026,38.029510100000039],[23.688458000000026,38.029717700000049]]]},"properties":{"fid":792,"leisure":"playground","name":null,"shapearea_m":345.28760666681097}},{"type":"Feature","id":793,"geometry":{"type":"Polygon","coordinates":[[[23.763893100000075,37.941326600000025],[23.763975900000048,37.941318900000056],[23.764402100000041,37.941382300000043],[23.764363100000025,37.941519600000049],[23.763900400000068,37.94146870000003],[23.763893100000075,37.941326600000025]]]},"properties":{"fid":793,"leisure":"playground","name":null,"shapearea_m":712.08326212833867}},{"type":"Feature","id":794,"geometry":{"type":"Polygon","coordinates":[[[23.693729200000064,38.028914900000075],[23.693881400000066,38.02885150000003],[23.693963900000028,38.028852000000029],[23.693973300000039,38.029267200000049],[23.693763400000023,38.029274000000044],[23.693729200000064,38.028914900000075]]]},"properties":{"fid":794,"leisure":"playground","name":null,"shapearea_m":871.97444434879549}},{"type":"Feature","id":795,"geometry":{"type":"Polygon","coordinates":[[[23.693684000000076,38.024939600000039],[23.694165200000043,38.024899400000038],[23.694168400000024,38.024909500000035],[23.694185200000049,38.025030800000025],[23.693690300000071,38.025098000000071],[23.693684000000076,38.024939600000039]]]},"properties":{"fid":795,"leisure":"playground","name":null,"shapearea_m":697.15632998171418}},{"type":"Feature","id":796,"geometry":{"type":"Polygon","coordinates":[[[23.693387900000062,38.040904400000045],[23.693297400000063,38.040846300000055],[23.693290000000047,38.040834700000062],[23.693291300000055,38.040822000000048],[23.693440800000076,38.040688700000032],[23.693551500000069,38.040766000000076],[23.693387900000062,38.040904400000045]]]},"properties":{"fid":796,"leisure":"playground","name":null,"shapearea_m":268.52111562503967}},{"type":"Feature","id":797,"geometry":{"type":"Polygon","coordinates":[[[23.692629300000078,38.039111100000071],[23.692802900000061,38.038923600000032],[23.693058600000029,38.039096100000052],[23.692815300000063,38.039338100000066],[23.692629300000078,38.039111100000071]]]},"properties":{"fid":797,"leisure":"playground","name":null,"shapearea_m":867.85148485442596}},{"type":"Feature","id":798,"geometry":{"type":"Polygon","coordinates":[[[23.699227500000063,38.037877500000036],[23.699094700000046,38.037792100000047],[23.699245100000041,38.037641500000063],[23.699382000000071,38.037730100000033],[23.699314900000047,38.037797500000067],[23.699287500000025,38.03782410000008],[23.699227500000063,38.037877500000036]]]},"properties":{"fid":798,"leisure":"playground","name":null,"shapearea_m":328.21823396863107}},{"type":"Feature","id":799,"geometry":{"type":"Polygon","coordinates":[[[23.767910400000062,37.943105800000069],[23.76809460000004,37.94297970000008],[23.768239300000062,37.943092900000067],[23.768060900000023,37.943218800000068],[23.767910400000062,37.943105800000069]]]},"properties":{"fid":799,"leisure":"playground","name":null,"shapearea_m":381.50586690952997}},{"type":"Feature","id":800,"geometry":{"type":"Polygon","coordinates":[[[23.70108840000006,38.035035100000073],[23.701078600000073,38.03503390000003],[23.701082400000075,38.035017500000038],[23.701096900000039,38.034933700000067],[23.70130910000006,38.034956100000045],[23.701264200000026,38.035151000000042],[23.701069700000062,38.035127700000032],[23.701072700000054,38.035117200000059],[23.70108840000006,38.035035100000073]]]},"properties":{"fid":800,"leisure":"playground","name":null,"shapearea_m":392.03654948010524}},{"type":"Feature","id":801,"geometry":{"type":"Polygon","coordinates":[[[23.699660200000039,38.033135500000071],[23.699768200000051,38.032896300000061],[23.700032400000055,38.032903100000055],[23.700017600000024,38.033149300000048],[23.699660200000039,38.033135500000071]]]},"properties":{"fid":801,"leisure":"playground","name":null,"shapearea_m":741.22244744088323}},{"type":"Feature","id":802,"geometry":{"type":"Polygon","coordinates":[[[23.688340800000049,38.027197800000067],[23.688373800000022,38.027409100000057],[23.688301100000047,38.027416900000048],[23.688271400000076,38.027361600000063],[23.688117400000067,38.027378800000065],[23.688089900000023,38.027225800000053],[23.688340800000049,38.027197800000067]]]},"properties":{"fid":802,"leisure":"playground","name":null,"shapearea_m":426.41935013470641}},{"type":"Feature","id":803,"geometry":{"type":"Polygon","coordinates":[[[23.746302800000024,37.94809680000003],[23.74626660000007,37.94808160000008],[23.746194200000048,37.948051200000066],[23.746099300000026,37.948011500000064],[23.746147200000053,37.947940500000072],[23.746197300000063,37.947961500000076],[23.746323800000027,37.948014600000079],[23.746350600000028,37.948025900000061],[23.746302800000024,37.94809680000003]]]},"properties":{"fid":803,"leisure":"playground","name":null,"shapearea_m":180.65479149985595}},{"type":"Feature","id":804,"geometry":{"type":"Polygon","coordinates":[[[23.857178900000065,38.001248300000043],[23.857452400000057,38.001209200000062],[23.857520800000032,38.001907800000026],[23.857330400000023,38.001944700000024],[23.857178900000065,38.001248300000043]]]},"properties":{"fid":804,"leisure":"playground","name":null,"shapearea_m":1617.9572491868107}},{"type":"Feature","id":805,"geometry":{"type":"Polygon","coordinates":[[[23.856384700000035,37.998573700000065],[23.856639500000028,37.998537700000043],[23.856757500000072,37.998823100000038],[23.85651880000006,37.998884400000065],[23.856384700000035,37.998573700000065]]]},"properties":{"fid":805,"leisure":"playground","name":null,"shapearea_m":776.78393998957552}},{"type":"Feature","id":806,"geometry":{"type":"Polygon","coordinates":[[[23.859418300000073,37.998563100000069],[23.859394100000031,37.997973400000035],[23.859995000000026,37.997804300000041],[23.860013700000025,37.998275600000056],[23.859418300000073,37.998563100000069]]]},"properties":{"fid":806,"leisure":"playground","name":null,"shapearea_m":3141.3877486097208}},{"type":"Feature","id":807,"geometry":{"type":"Polygon","coordinates":[[[23.852229400000056,38.00279960000006],[23.852355500000044,38.002774200000033],[23.852334000000042,38.002958100000058],[23.852210700000057,38.002958100000058],[23.852229400000056,38.00279960000006]]]},"properties":{"fid":807,"leisure":"playground","name":"Παιδική χαρά Μεσσότοπου","shapearea_m":205.63332027844589}},{"type":"Feature","id":808,"geometry":{"type":"Polygon","coordinates":[[[23.685200400000042,38.025440300000071],[23.685196400000052,38.02530930000006],[23.685730200000023,38.025251700000069],[23.685738900000047,38.025383300000044],[23.685200400000042,38.025440300000071]]]},"properties":{"fid":808,"leisure":"playground","name":null,"shapearea_m":689.61476278164923}},{"type":"Feature","id":809,"geometry":{"type":"Polygon","coordinates":[[[23.688057000000072,38.024352200000067],[23.688189600000044,38.024338200000045],[23.688225600000067,38.024334300000078],[23.688356700000043,38.024320500000044],[23.688381200000038,38.024464400000056],[23.688207400000067,38.024482800000044],[23.688204000000042,38.024463200000071],[23.688175100000024,38.024466200000063],[23.688150800000074,38.024468800000079],[23.688078200000064,38.024476500000048],[23.688057000000072,38.024352200000067]]]},"properties":{"fid":809,"leisure":"playground","name":null,"shapearea_m":403.41102814675349}},{"type":"Feature","id":810,"geometry":{"type":"Polygon","coordinates":[[[23.707725000000039,37.935244200000056],[23.707850400000041,37.935342500000047],[23.707553300000029,37.935569900000075],[23.707456800000045,37.935451500000056],[23.707725000000039,37.935244200000056]]]},"properties":{"fid":810,"leisure":"playground","name":null,"shapearea_m":534.1283615460336}},{"type":"Feature","id":811,"geometry":{"type":"Polygon","coordinates":[[[23.674771600000042,38.023103200000037],[23.674888100000032,38.023087800000042],[23.674947800000041,38.023079900000027],[23.674993500000028,38.023073800000077],[23.675041600000043,38.023299500000064],[23.674659000000077,38.023350100000073],[23.674639800000023,38.02325970000004],[23.67480050000006,38.023238400000025],[23.674771600000042,38.023103200000037]]]},"properties":{"fid":811,"leisure":"playground","name":null,"shapearea_m":647.28283133021773}},{"type":"Feature","id":812,"geometry":{"type":"Polygon","coordinates":[[[23.675445500000023,38.026670600000045],[23.674954900000046,38.026715100000047],[23.674915800000065,38.026491900000053],[23.675384800000074,38.026455300000066],[23.675445500000023,38.026670600000045]]]},"properties":{"fid":812,"leisure":"playground","name":null,"shapearea_m":1044.9211603454055}},{"type":"Feature","id":813,"geometry":{"type":"Polygon","coordinates":[[[23.677507200000036,38.027868500000068],[23.677821800000061,38.027836400000069],[23.677861900000039,38.027897000000053],[23.677611800000022,38.028008500000055],[23.677507200000036,38.027868500000068]]]},"properties":{"fid":813,"leisure":"playground","name":null,"shapearea_m":326.61306382539857}},{"type":"Feature","id":814,"geometry":{"type":"Polygon","coordinates":[[[23.745233000000042,37.934262200000035],[23.745473100000027,37.934305000000052],[23.745442700000069,37.934411300000079],[23.745202600000027,37.934368500000062],[23.745233000000042,37.934262200000035]]]},"properties":{"fid":814,"leisure":"playground","name":null,"shapearea_m":261.73732458145435}},{"type":"Feature","id":815,"geometry":{"type":"Polygon","coordinates":[[[23.675560000000075,38.025335600000062],[23.675716800000032,38.025320400000055],[23.675786600000038,38.02531410000006],[23.675832800000023,38.025695400000075],[23.675840200000039,38.025751400000047],[23.675620900000069,38.025780500000053],[23.675551900000073,38.025336800000048],[23.675560000000075,38.025335600000062]]]},"properties":{"fid":815,"leisure":"playground","name":null,"shapearea_m":989.67548464146012}},{"type":"Feature","id":816,"geometry":{"type":"Polygon","coordinates":[[[23.67675760000003,38.024525200000028],[23.676777600000037,38.024518600000079],[23.676773600000047,38.024505900000065],[23.677021700000068,38.024448800000073],[23.677083800000048,38.024598800000035],[23.676863400000059,38.024668200000065],[23.676831200000038,38.024677700000041],[23.676811600000065,38.024636800000053],[23.67675760000003,38.024525200000028]]]},"properties":{"fid":816,"leisure":"playground","name":null,"shapearea_m":450.26926376474376}},{"type":"Feature","id":817,"geometry":{"type":"Polygon","coordinates":[[[23.747717800000032,38.04932400000007],[23.747871900000064,38.049224600000059],[23.748085400000036,38.049412400000051],[23.747934300000054,38.049516600000061],[23.747717800000032,38.04932400000007]]]},"properties":{"fid":817,"leisure":"playground","name":null,"shapearea_m":496.01242302827734}},{"type":"Feature","id":818,"geometry":{"type":"Polygon","coordinates":[[[23.680126400000063,38.020814600000051],[23.680084100000045,38.021168000000046],[23.679872200000034,38.021199100000047],[23.679964600000062,38.020841700000062],[23.679975300000024,38.020802200000048],[23.680025800000067,38.020808000000045],[23.680126400000063,38.020814600000051]]]},"properties":{"fid":818,"leisure":"playground","name":null,"shapearea_m":656.63168034489831}},{"type":"Feature","id":819,"geometry":{"type":"Polygon","coordinates":[[[23.740404000000069,38.090656800000033],[23.740415100000064,38.090789600000051],[23.739907600000038,38.090814600000044],[23.739840800000025,38.09031710000005],[23.739853500000038,38.090284700000041],[23.739875700000027,38.090256100000033],[23.739897800000051,38.090236100000027],[23.740102200000024,38.090224900000067],[23.740152200000068,38.090665000000058],[23.740404000000069,38.090656800000033]]]},"properties":{"fid":819,"leisure":"playground","name":"Παιδική χαρά Αριστοτέλους","shapearea_m":1809.1561308940063}},{"type":"Feature","id":820,"geometry":{"type":"Polygon","coordinates":[[[23.683135800000059,38.020746400000064],[23.683438900000056,38.020732700000053],[23.683453000000043,38.020882200000074],[23.683155300000067,38.020906500000081],[23.683135800000059,38.020746400000064]]]},"properties":{"fid":820,"leisure":"playground","name":null,"shapearea_m":456.33604456722293}},{"type":"Feature","id":821,"geometry":{"type":"Polygon","coordinates":[[[23.680035400000065,38.017581700000051],[23.680008900000075,38.017530700000066],[23.680004200000042,38.017521700000032],[23.680174000000022,38.017467100000033],[23.680205100000023,38.017527100000052],[23.680103100000053,38.017559900000037],[23.680035400000065,38.017581700000051]]]},"properties":{"fid":821,"leisure":"playground","name":null,"shapearea_m":115.82778342336607}},{"type":"Feature","id":822,"geometry":{"type":"Polygon","coordinates":[[[23.682145400000024,38.016510800000049],[23.681915400000037,38.016579400000069],[23.681806100000074,38.016381900000056],[23.682029400000033,38.016291500000079],[23.682145400000024,38.016510800000049]]]},"properties":{"fid":822,"leisure":"playground","name":null,"shapearea_m":547.67626400163317}},{"type":"Feature","id":823,"geometry":{"type":"Polygon","coordinates":[[[23.68413460000005,38.014300000000048],[23.684070700000063,38.014192100000059],[23.684294500000078,38.014109800000028],[23.684358400000065,38.014217700000074],[23.68413460000005,38.014300000000048]]]},"properties":{"fid":823,"leisure":"playground","name":null,"shapearea_m":286.6368864750109}},{"type":"Feature","id":824,"geometry":{"type":"Polygon","coordinates":[[[23.678446000000065,38.013867700000048],[23.678513100000032,38.014072200000044],[23.678256200000078,38.014045200000055],[23.67820990000007,38.013925800000038],[23.678382300000067,38.013868800000068],[23.678387000000043,38.013886200000059],[23.678446000000065,38.013867700000048]]]},"properties":{"fid":824,"leisure":"playground","name":null,"shapearea_m":409.05588836799922}},{"type":"Feature","id":825,"geometry":{"type":"Polygon","coordinates":[[[23.673995500000046,38.014723500000059],[23.673896300000024,38.01455500000003],[23.674047600000051,38.014499700000044],[23.674091900000064,38.014575000000036],[23.674068800000043,38.014583400000049],[23.674082000000055,38.014605900000049],[23.674105100000077,38.014597400000071],[23.674146800000074,38.014668200000074],[23.673995500000046,38.014723500000059]]]},"properties":{"fid":825,"leisure":"playground","name":null,"shapearea_m":295.80079220549032}},{"type":"Feature","id":826,"geometry":{"type":"Polygon","coordinates":[[[23.674562600000058,38.018841300000076],[23.674511700000039,38.018738900000073],[23.674698600000056,38.01868120000006],[23.674749600000041,38.018783600000063],[23.674562600000058,38.018841300000076]]]},"properties":{"fid":826,"leisure":"playground","name":null,"shapearea_m":215.23989028770558}},{"type":"Feature","id":827,"geometry":{"type":"Polygon","coordinates":[[[23.674390500000072,38.019757500000026],[23.674401200000034,38.019754300000045],[23.674437400000045,38.019839900000079],[23.674108200000035,38.019946600000026],[23.674086700000032,38.019927100000075],[23.674260400000037,38.019685100000061],[23.674304000000063,38.019778600000052],[23.674390500000072,38.019757500000026]]]},"properties":{"fid":827,"leisure":"playground","name":null,"shapearea_m":379.06549199589529}},{"type":"Feature","id":828,"geometry":{"type":"Polygon","coordinates":[[[23.672663100000022,38.01668090000004],[23.672740900000065,38.016792300000077],[23.67245390000005,38.016958700000032],[23.672355300000049,38.016796600000077],[23.672663100000022,38.01668090000004]]]},"properties":{"fid":828,"leisure":"playground","name":null,"shapearea_m":517.65821256359209}},{"type":"Feature","id":829,"geometry":{"type":"Polygon","coordinates":[[[23.675095900000031,38.01631320000007],[23.675177700000063,38.016304200000036],[23.675252100000023,38.016295200000059],[23.675389600000074,38.016280400000028],[23.675423100000046,38.016389200000049],[23.675142200000039,38.016453200000058],[23.675095900000031,38.01631320000007]]]},"properties":{"fid":829,"leisure":"playground","name":null,"shapearea_m":367.65123275516362}},{"type":"Feature","id":830,"geometry":{"type":"Polygon","coordinates":[[[23.673968900000034,38.017719500000055],[23.674080600000025,38.017684400000064],[23.674153100000069,38.017665600000043],[23.674272400000063,38.017650300000071],[23.674334800000054,38.01776650000005],[23.674047800000039,38.017864200000076],[23.673968900000034,38.017719500000055]]]},"properties":{"fid":830,"leisure":"playground","name":null,"shapearea_m":452.63531848262147}},{"type":"Feature","id":831,"geometry":{"type":"Polygon","coordinates":[[[23.676324400000055,38.015067800000054],[23.676209700000072,38.015087000000051],[23.676135700000032,38.014842600000065],[23.676248000000044,38.014826400000061],[23.676229900000067,38.014748700000041],[23.676230500000031,38.014744200000052],[23.676261400000044,38.014740200000062],[23.676377600000023,38.014721500000064],[23.676425600000073,38.014923800000076],[23.676419200000055,38.01492630000007],[23.676291100000071,38.01494850000006],[23.676320300000043,38.015053200000068],[23.676324400000055,38.015067800000054]]]},"properties":{"fid":831,"leisure":"playground","name":null,"shapearea_m":586.26995022096469}},{"type":"Feature","id":832,"geometry":{"type":"Polygon","coordinates":[[[23.046414000000027,37.604967100000067],[23.04641300000003,37.604824800000074],[23.046412400000065,37.60473090000005],[23.046578200000056,37.604732800000079],[23.046572600000047,37.604916900000035],[23.046414000000027,37.604967100000067]]]},"properties":{"fid":832,"leisure":"playground","name":null,"shapearea_m":333.6319777588082}},{"type":"Feature","id":833,"geometry":{"type":"Polygon","coordinates":[[[23.669068300000049,38.015754800000025],[23.669077000000073,38.015693500000054],[23.669286900000031,38.01567870000008],[23.669330500000058,38.015696700000035],[23.669355300000063,38.015845100000035],[23.669068300000049,38.015754800000025]]]},"properties":{"fid":833,"leisure":"playground","name":null,"shapearea_m":294.07890945144152}},{"type":"Feature","id":834,"geometry":{"type":"Polygon","coordinates":[[[23.659199800000067,38.01405950000003],[23.659148800000025,38.013935900000035],[23.659360000000049,38.01387770000008],[23.659417700000063,38.014008800000056],[23.659199800000067,38.01405950000003]]]},"properties":{"fid":834,"leisure":"playground","name":null,"shapearea_m":295.16966882936578}},{"type":"Feature","id":835,"geometry":{"type":"Polygon","coordinates":[[[23.818428700000027,38.067012000000034],[23.818442900000036,38.067065000000071],[23.817798800000048,38.067176400000051],[23.817745700000046,38.06697580000008],[23.818382700000029,38.066847600000074],[23.818428700000027,38.067012000000034]]]},"properties":{"fid":835,"leisure":"playground","name":null,"shapearea_m":1370.594266909523}},{"type":"Feature","id":836,"geometry":{"type":"Polygon","coordinates":[[[23.647823500000072,38.022914600000036],[23.647809300000063,38.022874200000047],[23.647835600000064,38.022837700000025],[23.64788690000006,38.022826500000065],[23.647933200000068,38.02284730000008],[23.647947400000078,38.022887700000069],[23.647921100000076,38.022924200000034],[23.647869800000024,38.022935300000029],[23.647823500000072,38.022914600000036]]]},"properties":{"fid":836,"leisure":"playground","name":null,"shapearea_m":105.09358086115131}},{"type":"Feature","id":837,"geometry":{"type":"Polygon","coordinates":[[[23.651842500000043,38.014400800000033],[23.651858200000049,38.014367800000059],[23.65210200000007,38.014469400000053],[23.652275200000076,38.014508800000044],[23.652397400000041,38.014536700000065],[23.651951100000076,38.014636400000029],[23.651842500000043,38.014400800000033]]]},"properties":{"fid":837,"leisure":"playground","name":null,"shapearea_m":598.64220101610397}},{"type":"Feature","id":838,"geometry":{"type":"Polygon","coordinates":[[[23.738224900000034,38.100522700000056],[23.738237600000048,38.100375400000075],[23.738476500000047,38.100388100000032],[23.738463800000034,38.100535500000035],[23.738224900000034,38.100522700000056]]]},"properties":{"fid":838,"leisure":"playground","name":null,"shapearea_m":344.30046244867862}},{"type":"Feature","id":839,"geometry":{"type":"Polygon","coordinates":[[[23.73823740000006,38.105223700000067],[23.738264400000048,38.105026400000042],[23.738371000000029,38.105035400000077],[23.738343900000075,38.105232700000045],[23.73823740000006,38.105223700000067]]]},"properties":{"fid":839,"leisure":"playground","name":null,"shapearea_m":207.02933087536414}},{"type":"Feature","id":840,"geometry":{"type":"Polygon","coordinates":[[[23.789237100000037,38.096028200000035],[23.788815600000078,38.095645900000079],[23.789052800000036,38.095483900000033],[23.78947450000004,38.09586610000008],[23.789237100000037,38.096028200000035]]]},"properties":{"fid":840,"leisure":"playground","name":null,"shapearea_m":1548.3880466258788}},{"type":"Feature","id":841,"geometry":{"type":"Polygon","coordinates":[[[23.70999130000007,38.078559300000052],[23.710481200000061,38.078360400000065],[23.710641400000043,38.078593200000057],[23.71063520000007,38.078901200000075],[23.710428800000045,38.079529400000069],[23.710367200000064,38.07962880000008],[23.710117600000046,38.079510000000028],[23.71002210000006,38.07917290000006],[23.709834100000023,38.078753300000074],[23.709926600000074,38.078719300000046],[23.70999130000007,38.078559300000052]]]},"properties":{"fid":841,"leisure":"playground","name":null,"shapearea_m":6257.1785274363447}},{"type":"Feature","id":842,"geometry":{"type":"Polygon","coordinates":[[[23.725193800000056,38.085325300000079],[23.725187700000049,38.085232500000075],[23.725353300000052,38.085227700000075],[23.725356400000067,38.08531970000007],[23.725193800000056,38.085325300000079]]]},"properties":{"fid":842,"leisure":"playground","name":null,"shapearea_m":147.88768546654944}},{"type":"Feature","id":843,"geometry":{"type":"Polygon","coordinates":[[[23.647443700000053,38.015312600000073],[23.647537500000055,38.015512300000069],[23.647478800000044,38.015529400000048],[23.647458000000029,38.015485200000057],[23.647390100000052,38.015505000000076],[23.647317000000044,38.01534950000007],[23.647443700000053,38.015312600000073]]]},"properties":{"fid":843,"leisure":"playground","name":null,"shapearea_m":247.02170106877031}},{"type":"Feature","id":844,"geometry":{"type":"Polygon","coordinates":[[[23.644643400000064,38.015904300000045],[23.644644800000037,38.015936500000066],[23.644628700000055,38.015960300000074],[23.644450300000074,38.016012600000067],[23.644416100000058,38.015998800000034],[23.644382600000029,38.015966100000071],[23.644326300000046,38.015839800000037],[23.644329600000049,38.015808100000072],[23.644358400000044,38.015774300000032],[23.644420800000034,38.015745800000047],[23.644479800000056,38.015729900000053],[23.644528800000046,38.015732100000037],[23.644577000000027,38.01576010000008],[23.644643400000064,38.015904300000045]]]},"properties":{"fid":844,"leisure":"playground","name":null,"shapearea_m":629.67199240096352}},{"type":"Feature","id":845,"geometry":{"type":"Polygon","coordinates":[[[23.636759600000062,38.013913400000035],[23.636519200000066,38.013958900000034],[23.63648070000005,38.013832900000068],[23.636721100000045,38.013787300000047],[23.636759600000062,38.013913400000035]]]},"properties":{"fid":845,"leisure":"playground","name":null,"shapearea_m":312.45973006467187}},{"type":"Feature","id":846,"geometry":{"type":"Polygon","coordinates":[[[23.810687200000075,37.834011900000064],[23.810684800000047,37.833935100000076],[23.810788200000047,37.833933100000024],[23.81081910000006,37.83393250000006],[23.810878600000024,37.833931300000074],[23.810880900000029,37.834008200000028],[23.810687200000075,37.834011900000064]]]},"properties":{"fid":846,"leisure":"playground","name":null,"shapearea_m":145.53687404043083}},{"type":"Feature","id":847,"geometry":{"type":"Polygon","coordinates":[[[23.682520900000043,38.011205000000075],[23.682522900000038,38.011040200000025],[23.682983600000057,38.011096700000053],[23.682984900000065,38.011210800000072],[23.68266570000003,38.011204500000076],[23.682520900000043,38.011205000000075]]]},"properties":{"fid":847,"leisure":"playground","name":"Παιδικη χαρα","shapearea_m":623.358409410077}},{"type":"Feature","id":848,"geometry":{"type":"Polygon","coordinates":[[[23.686559600000066,38.008001200000024],[23.68653420000004,38.007915100000048],[23.686496600000055,38.007840100000067],[23.686613300000033,38.007799900000066],[23.686654900000065,38.007877000000065],[23.686711900000034,38.007946300000071],[23.686559600000066,38.008001200000024]]]},"properties":{"fid":848,"leisure":"playground","name":null,"shapearea_m":225.17362478292065}},{"type":"Feature","id":849,"geometry":{"type":"Polygon","coordinates":[[[23.68368410000005,38.005061700000056],[23.683648000000062,38.004972700000053],[23.683631300000059,38.004910800000061],[23.683614600000055,38.004830000000027],[23.683764800000063,38.004787200000067],[23.683872100000031,38.005016000000069],[23.68368410000005,38.005061700000056]]]},"properties":{"fid":849,"leisure":"playground","name":null,"shapearea_m":429.85032308326907}},{"type":"Feature","id":850,"geometry":{"type":"Polygon","coordinates":[[[23.681006500000024,38.00576570000004],[23.680953700000032,38.005785500000059],[23.680948600000079,38.005787400000031],[23.680910200000028,38.005801800000029],[23.680885100000069,38.005760100000032],[23.680861200000038,38.00572040000003],[23.680847000000028,38.005696900000032],[23.680775900000071,38.005578900000046],[23.680877800000076,38.005540800000063],[23.68101420000005,38.00576360000008],[23.681006500000024,38.00576570000004]]]},"properties":{"fid":850,"leisure":"playground","name":null,"shapearea_m":273.59301440107646}},{"type":"Feature","id":851,"geometry":{"type":"Polygon","coordinates":[[[23.677445900000066,38.007726200000036],[23.677483400000028,38.007712200000071],[23.677692000000036,38.007634100000075],[23.677818600000023,38.007844000000034],[23.677572600000076,38.007936100000052],[23.677445900000066,38.007726200000036]]]},"properties":{"fid":851,"leisure":"playground","name":null,"shapearea_m":617.11349798171557}},{"type":"Feature","id":852,"geometry":{"type":"Polygon","coordinates":[[[23.677191400000027,38.011214500000051],[23.677428100000043,38.01113840000005],[23.677464900000075,38.011203400000056],[23.677265800000043,38.011329200000034],[23.677252400000043,38.011319700000058],[23.677191400000027,38.011214500000051]]]},"properties":{"fid":852,"leisure":"playground","name":null,"shapearea_m":249.59990169445655}},{"type":"Feature","id":853,"geometry":{"type":"Polygon","coordinates":[[[23.67272550000007,38.010245000000054],[23.672681700000055,38.010257800000034],[23.67250690000003,38.010309000000063],[23.672465700000032,38.010213400000055],[23.67244850000003,38.010173700000053],[23.672683900000038,38.010116700000026],[23.67272550000007,38.010245000000054]]]},"properties":{"fid":853,"leisure":"playground","name":null,"shapearea_m":321.05900604832402}},{"type":"Feature","id":854,"geometry":{"type":"Polygon","coordinates":[[[23.671086700000046,38.012898800000073],[23.670850600000051,38.012917800000025],[23.670852600000046,38.012876600000027],[23.670876100000044,38.012847500000078],[23.670954600000073,38.012827500000071],[23.671031700000071,38.012826400000051],[23.671086700000046,38.012898800000073]]]},"properties":{"fid":854,"leisure":"playground","name":null,"shapearea_m":150.62147339201891}},{"type":"Feature","id":855,"geometry":{"type":"Polygon","coordinates":[[[23.669921200000033,38.011954200000048],[23.67000390000004,38.011949900000047],[23.66999160000006,38.012280700000076],[23.669773700000064,38.012365200000033],[23.669721400000071,38.012256400000069],[23.669862900000055,38.012208300000054],[23.669865600000037,38.012110000000064],[23.669881700000076,38.012109000000066],[23.669921200000033,38.011954200000048]]]},"properties":{"fid":855,"leisure":"playground","name":null,"shapearea_m":542.84731762489378}},{"type":"Feature","id":856,"geometry":{"type":"Polygon","coordinates":[[[23.670977400000027,38.011037000000044],[23.671070600000064,38.011009000000058],[23.671126900000047,38.011133600000051],[23.671161100000063,38.011209200000053],[23.671032300000036,38.011244100000056],[23.670958600000063,38.01106980000003],[23.670977400000027,38.011037000000044]]]},"properties":{"fid":856,"leisure":"playground","name":null,"shapearea_m":270.36192170104039}},{"type":"Feature","id":857,"geometry":{"type":"Polygon","coordinates":[[[23.738237100000049,37.98758070000008],[23.738191800000038,37.987571000000059],[23.73821920000006,37.987509400000079],[23.738414500000033,37.987468300000046],[23.738308800000027,37.98758040000007],[23.738237100000049,37.98758070000008]]]},"properties":{"fid":857,"leisure":"playground","name":null,"shapearea_m":125.4074672770703}},{"type":"Feature","id":858,"geometry":{"type":"Polygon","coordinates":[[[23.693606500000044,37.997741100000042],[23.693664100000035,37.997590500000058],[23.693677600000058,37.997578300000043],[23.693700400000068,37.997572000000048],[23.693743300000051,37.99756780000007],[23.69378480000006,37.997572500000047],[23.693814400000065,37.997593700000039],[23.693829100000073,37.997612700000047],[23.69383380000005,37.997632200000055],[23.693829100000073,37.997650700000065],[23.693817700000068,37.997663900000077],[23.693772800000033,37.997679300000073],[23.693750000000023,37.99768720000003],[23.693731900000046,37.997699300000079],[23.693719800000054,37.99772310000003],[23.693707700000061,37.997755900000072],[23.693686300000024,37.997777000000042],[23.693663500000071,37.997788600000035],[23.693642700000055,37.997791300000074],[23.693623200000047,37.997786500000075],[23.693609200000026,37.997774900000024],[23.693603100000075,37.997761700000069],[23.693606500000044,37.997741100000042]]]},"properties":{"fid":858,"leisure":"playground","name":null,"shapearea_m":282.27599803451233}},{"type":"Feature","id":859,"geometry":{"type":"Polygon","coordinates":[[[23.695632900000078,38.000037000000077],[23.695620100000042,38.000005900000076],[23.695488700000055,37.999894900000072],[23.695374700000059,37.999836200000061],[23.695453900000075,37.999798700000042],[23.695580600000028,37.99976120000008],[23.69565300000005,37.99976810000004],[23.695696600000076,37.999762300000043],[23.695762300000069,37.999735300000054],[23.695829400000036,37.999693600000057],[23.695909200000074,37.999631700000066],[23.696092900000053,37.999570400000039],[23.696094200000061,37.999542400000053],[23.696086900000068,37.999509700000033],[23.696137800000031,37.999498100000039],[23.696150600000067,37.999531900000079],[23.696175400000072,37.999556200000029],[23.696196200000031,37.999562500000025],[23.696219000000042,37.999566200000061],[23.695977600000049,37.999781300000052],[23.695632900000078,38.000037000000077]]]},"properties":{"fid":859,"leisure":"playground","name":null,"shapearea_m":1294.9379689828259}},{"type":"Feature","id":860,"geometry":{"type":"Polygon","coordinates":[[[23.69563960000005,38.003053100000045],[23.695557800000074,38.002963800000032],[23.695606700000042,38.00292840000003],[23.695651000000055,38.002890300000047],[23.695682500000032,38.002849100000049],[23.695703300000048,38.002814300000068],[23.695854200000042,38.00296220000007],[23.69563960000005,38.003053100000045]]]},"properties":{"fid":860,"leisure":"playground","name":null,"shapearea_m":326.1193546715553}},{"type":"Feature","id":861,"geometry":{"type":"Polygon","coordinates":[[[23.713978100000077,37.957552700000065],[23.714071800000056,37.957479400000068],[23.714210900000069,37.957590000000039],[23.714117100000067,37.957663300000036],[23.713978100000077,37.957552700000065]]]},"properties":{"fid":861,"leisure":"playground","name":null,"shapearea_m":200.56622097278265}},{"type":"Feature","id":862,"geometry":{"type":"Polygon","coordinates":[[[23.791778300000033,37.993237200000067],[23.791569600000059,37.993049900000074],[23.791451800000061,37.992818600000078],[23.79156340000003,37.992595400000027],[23.792020200000024,37.993119900000067],[23.791778300000033,37.993237200000067]]]},"properties":{"fid":862,"leisure":"playground","name":null,"shapearea_m":1590.5107881424453}},{"type":"Feature","id":863,"geometry":{"type":"Polygon","coordinates":[[[23.728379700000062,37.992504500000052],[23.72823980000004,37.992527500000051],[23.728183400000034,37.992292100000043],[23.728258100000062,37.992281300000059],[23.728323500000045,37.992272200000059],[23.728337000000067,37.992320200000051],[23.728379700000062,37.992504500000052]]]},"properties":{"fid":863,"leisure":"playground","name":null,"shapearea_m":333.24954865603956}},{"type":"Feature","id":864,"geometry":{"type":"Polygon","coordinates":[[[23.693448200000034,38.008319300000039],[23.693406700000025,38.008233700000062],[23.693514600000071,38.008196200000043],[23.693552800000077,38.008279600000037],[23.693448200000034,38.008319300000039]]]},"properties":{"fid":864,"leisure":"playground","name":null,"shapearea_m":102.51338299859651}},{"type":"Feature","id":865,"geometry":{"type":"Polygon","coordinates":[[[23.702076200000079,38.013550700000053],[23.702070900000024,38.013046200000076],[23.702752100000055,38.013027200000067],[23.702754800000037,38.01354230000004],[23.702076200000079,38.013550700000053]]]},"properties":{"fid":865,"leisure":"playground","name":null,"shapearea_m":3379.09463969116}},{"type":"Feature","id":866,"geometry":{"type":"Polygon","coordinates":[[[23.698305000000062,38.010201700000039],[23.698314400000072,38.010232400000064],[23.69781080000007,38.010345800000039],[23.697729500000037,38.010265100000026],[23.697793300000058,38.010111700000039],[23.698102700000049,38.010189500000024],[23.698140800000033,38.010198600000024],[23.698158200000023,38.010161000000039],[23.698305000000062,38.010201700000039]]]},"properties":{"fid":866,"leisure":"playground","name":null,"shapearea_m":707.92114833583707}},{"type":"Feature","id":867,"geometry":{"type":"Polygon","coordinates":[[[23.836829500000078,38.025643200000047],[23.83677810000006,38.025471200000027],[23.836858300000074,38.025457900000049],[23.836941700000068,38.025486300000068],[23.837073700000076,38.025554500000055],[23.83714290000006,38.025602800000058],[23.836873100000048,38.025668500000052],[23.836829500000078,38.025643200000047]]]},"properties":{"fid":867,"leisure":"playground","name":null,"shapearea_m":422.6544964851949}},{"type":"Feature","id":868,"geometry":{"type":"Polygon","coordinates":[[[23.703136400000062,38.009297200000049],[23.703238300000066,38.009381800000028],[23.703080000000057,38.00946950000008],[23.702941900000042,38.009309900000062],[23.703007000000071,38.009309400000063],[23.703080000000057,38.009305100000063],[23.703112200000078,38.009302000000048],[23.703136400000062,38.009297200000049]]]},"properties":{"fid":868,"leisure":"playground","name":null,"shapearea_m":263.10296993848209}},{"type":"Feature","id":869,"geometry":{"type":"Polygon","coordinates":[[[23.840229500000078,38.027302700000064],[23.840282800000068,38.027225000000044],[23.840491000000043,38.027313700000036],[23.840579600000069,38.027351500000066],[23.840526300000079,38.027429200000029],[23.840437200000054,38.027391200000068],[23.840229500000078,38.027302700000064]]]},"properties":{"fid":869,"leisure":"playground","name":null,"shapearea_m":290.47259094869145}},{"type":"Feature","id":870,"geometry":{"type":"Polygon","coordinates":[[[23.664545500000031,37.966838900000027],[23.664243700000043,37.966404000000068],[23.664600600000028,37.966260600000055],[23.664811100000065,37.966586800000073],[23.664877300000057,37.966699000000062],[23.664545500000031,37.966838900000027]]]},"properties":{"fid":870,"leisure":"playground","name":null,"shapearea_m":1876.025527473596}},{"type":"Feature","id":871,"geometry":{"type":"Polygon","coordinates":[[[23.698329200000046,37.965577600000074],[23.698417000000063,37.965693400000077],[23.69815090000003,37.965818900000045],[23.69806310000007,37.965703100000042],[23.698329200000046,37.965577600000074]]]},"properties":{"fid":871,"leisure":"playground","name":null,"shapearea_m":408.02407374225862}},{"type":"Feature","id":872,"geometry":{"type":"Polygon","coordinates":[[[23.850822600000072,38.032406600000058],[23.850963400000069,38.032636800000034],[23.850914600000067,38.03265250000004],[23.850862200000051,38.032659700000067],[23.850802800000054,38.032661400000052],[23.850741500000026,38.03265470000008],[23.85065510000004,38.032612200000074],[23.850711200000035,38.032552500000065],[23.850695200000075,38.032516100000066],[23.85069610000005,38.032478200000071],[23.850708500000053,38.03245430000004],[23.850729000000058,38.032437500000071],[23.850822600000072,38.032406600000058]]]},"properties":{"fid":872,"leisure":"playground","name":null,"shapearea_m":464.76648066187141}},{"type":"Feature","id":873,"geometry":{"type":"Polygon","coordinates":[[[23.850503400000036,38.03219480000007],[23.850709800000061,38.032286500000055],[23.850591000000065,38.032452400000068],[23.850384600000041,38.032360700000027],[23.850503400000036,38.03219480000007]]]},"properties":{"fid":873,"leisure":"playground","name":null,"shapearea_m":439.8415753725584}},{"type":"Feature","id":874,"geometry":{"type":"Polygon","coordinates":[[[23.703753500000062,38.004405100000042],[23.703603700000031,38.004511000000036],[23.703562100000056,38.004476400000044],[23.703472300000044,38.00441150000006],[23.703636600000038,38.004271500000073],[23.703778800000066,38.004387200000053],[23.703753500000062,38.004405100000042]]]},"properties":{"fid":874,"leisure":"playground","name":null,"shapearea_m":351.93222375439234}},{"type":"Feature","id":875,"geometry":{"type":"Polygon","coordinates":[[[23.997320300000069,38.05349700000005],[23.997086100000047,38.053533900000048],[23.997051800000065,38.053362500000048],[23.997236200000032,38.053333800000075],[23.997320300000069,38.05349700000005]]]},"properties":{"fid":875,"leisure":"playground","name":null,"shapearea_m":360.04527845213266}},{"type":"Feature","id":876,"geometry":{"type":"Polygon","coordinates":[[[23.995747800000061,38.060882500000048],[23.99606840000007,38.060873300000026],[23.996065700000031,38.061087800000053],[23.995797200000027,38.061104300000068],[23.995747800000061,38.060882500000048]]]},"properties":{"fid":876,"leisure":"playground","name":null,"shapearea_m":628.84876013508767}},{"type":"Feature","id":877,"geometry":{"type":"Polygon","coordinates":[[[23.997316500000068,38.059293400000058],[23.997574800000052,38.059305400000028],[23.997626600000046,38.059581600000058],[23.997368100000074,38.059605800000043],[23.997316500000068,38.059293400000058]]]},"properties":{"fid":877,"leisure":"playground","name":null,"shapearea_m":743.87124442978654}},{"type":"Feature","id":878,"geometry":{"type":"Polygon","coordinates":[[[23.708661000000063,38.008648400000027],[23.708532900000023,38.008688800000073],[23.708421000000044,38.008479400000056],[23.708571600000028,38.008446500000048],[23.708616800000073,38.008551700000055],[23.708638300000075,38.008602500000052],[23.708661000000063,38.008648400000027]]]},"properties":{"fid":878,"leisure":"playground","name":null,"shapearea_m":313.13899757666053}},{"type":"Feature","id":879,"geometry":{"type":"Polygon","coordinates":[[[23.666925900000024,37.998338100000069],[23.667073100000039,37.998233200000072],[23.667146500000058,37.998304900000051],[23.667015100000071,37.998394700000063],[23.666925900000024,37.998338100000069]]]},"properties":{"fid":879,"leisure":"playground","name":null,"shapearea_m":164.28227367037016}},{"type":"Feature","id":880,"geometry":{"type":"Polygon","coordinates":[[[23.746798800000079,38.016615800000068],[23.746892600000024,38.016777300000058],[23.746763200000032,38.016836400000045],[23.746626900000024,38.016672000000028],[23.746798800000079,38.016615800000068]]]},"properties":{"fid":880,"leisure":"playground","name":null,"shapearea_m":303.91880137320879}},{"type":"Feature","id":881,"geometry":{"type":"Polygon","coordinates":[[[23.793915300000037,38.020638600000041],[23.794090200000028,38.020712500000059],[23.794015000000059,38.020817300000033],[23.79384390000007,38.020743800000048],[23.793915300000037,38.020638600000041]]]},"properties":{"fid":881,"leisure":"playground","name":null,"shapearea_m":229.69506548565369}},{"type":"Feature","id":882,"geometry":{"type":"Polygon","coordinates":[[[23.698591400000055,38.027424300000064],[23.698494800000049,38.027309700000046],[23.699033900000074,38.027267900000027],[23.699048000000062,38.027345000000025],[23.698591400000055,38.027424300000064]]]},"properties":{"fid":882,"leisure":"playground","name":null,"shapearea_m":497.70720588092121}},{"type":"Feature","id":883,"geometry":{"type":"Polygon","coordinates":[[[23.701900100000046,38.026571900000079],[23.701754700000038,38.026581000000078],[23.701619700000037,38.026589500000057],[23.701517100000046,38.026595900000075],[23.701504300000067,38.026596700000027],[23.701395500000046,38.026603500000078],[23.701345900000035,38.026606700000059],[23.701136100000042,38.026620300000047],[23.701069600000039,38.026363200000048],[23.701138400000048,38.026359600000035],[23.70118350000007,38.026357200000064],[23.701247700000067,38.026353800000038],[23.701284200000032,38.026351900000066],[23.701414600000078,38.026345000000049],[23.701424600000053,38.02634450000005],[23.701530400000024,38.026338900000042],[23.701547800000071,38.026338000000067],[23.701772300000073,38.026326100000063],[23.701894400000072,38.026319700000045],[23.701988300000039,38.026314700000057],[23.701968900000054,38.026423300000033],[23.701936800000055,38.026423300000033],[23.701938100000064,38.026461400000073],[23.701960900000074,38.026462400000071],[23.701945500000022,38.026569600000073],[23.701900100000046,38.026571900000079]]]},"properties":{"fid":883,"leisure":"playground","name":null,"shapearea_m":2144.7352332174828}},{"type":"Feature","id":884,"geometry":{"type":"Polygon","coordinates":[[[23.652512700000045,37.939050300000076],[23.652589100000057,37.939137600000038],[23.65244210000003,37.939217600000063],[23.652365800000041,37.939130300000045],[23.652382200000034,37.939121400000033],[23.652512700000045,37.939050300000076]]]},"properties":{"fid":884,"leisure":"playground","name":null,"shapearea_m":184.74417745038599}},{"type":"Feature","id":885,"geometry":{"type":"Polygon","coordinates":[[[23.755697100000077,37.975205200000062],[23.755929200000026,37.975298200000054],[23.755845100000045,37.97544570000008],[23.755830300000071,37.975441300000057],[23.755757200000062,37.975571400000035],[23.755529900000056,37.975495400000057],[23.755649100000028,37.975288600000056],[23.755697100000077,37.975205200000062]]]},"properties":{"fid":885,"leisure":"playground","name":"Παιδική Χαρά - Άγιος Χαράλαμπος Άλσος Ιλισίων","shapearea_m":771.44310881023239}},{"type":"Feature","id":886,"geometry":{"type":"Polygon","coordinates":[[[23.752727600000071,37.939200500000027],[23.75284860000005,37.939060300000051],[23.753044000000045,37.939260700000034],[23.752997300000061,37.939311000000032],[23.752727600000071,37.939200500000027]]]},"properties":{"fid":886,"leisure":"playground","name":null,"shapearea_m":343.30006400996484}},{"type":"Feature","id":887,"geometry":{"type":"Polygon","coordinates":[[[23.706900200000064,38.013920300000052],[23.707038900000043,38.01388490000005],[23.70713870000003,38.014094100000079],[23.70700990000006,38.014125300000046],[23.706900200000064,38.013920300000052]]]},"properties":{"fid":887,"leisure":"playground","name":null,"shapearea_m":303.99567884137588}},{"type":"Feature","id":888,"geometry":{"type":"Polygon","coordinates":[[[23.74890970000007,37.96892930000007],[23.748964600000079,37.968817900000033],[23.749220300000047,37.968793100000028],[23.749342900000045,37.968887000000052],[23.74890970000007,37.96892930000007]]]},"properties":{"fid":888,"leisure":"playground","name":"Παιδική Χαρά Πλατείας Μεσολογγίου","shapearea_m":355.92665624386285}},{"type":"Feature","id":889,"geometry":{"type":"Polygon","coordinates":[[[23.706233600000076,38.022538200000042],[23.705530900000042,38.022513900000035],[23.705529600000034,38.02229520000003],[23.706250400000044,38.022328500000071],[23.706233600000076,38.022538200000042]]]},"properties":{"fid":889,"leisure":"playground","name":null,"shapearea_m":1488.0445566373603}},{"type":"Feature","id":890,"geometry":{"type":"Polygon","coordinates":[[[23.820902500000045,38.012954100000059],[23.820603500000061,38.012943800000073],[23.820562600000073,38.012942300000077],[23.820411200000024,38.012937900000054],[23.820414800000037,38.012864600000057],[23.820695800000067,38.01287080000003],[23.820714500000065,38.01283200000006],[23.820908800000041,38.01284510000005],[23.820902500000045,38.012954100000059]]]},"properties":{"fid":890,"leisure":"playground","name":null,"shapearea_m":432.6461735944161}},{"type":"Feature","id":891,"geometry":{"type":"Polygon","coordinates":[[[23.719434100000058,37.983105100000046],[23.719515900000033,37.982987700000081],[23.71978260000003,37.983103200000073],[23.719700800000055,37.983220600000038],[23.719434100000058,37.983105100000046]]]},"properties":{"fid":891,"leisure":"playground","name":null,"shapearea_m":397.44824534962567}},{"type":"Feature","id":892,"geometry":{"type":"Polygon","coordinates":[[[23.704958900000065,38.019700500000056],[23.704859700000043,38.019563100000028],[23.704984400000058,38.019431600000075],[23.705026700000076,38.019416300000046],[23.705162800000039,38.01943840000007],[23.705093000000033,38.019496000000061],[23.705044100000066,38.019550400000071],[23.704958900000065,38.019700500000056]]]},"properties":{"fid":892,"leisure":"playground","name":null,"shapearea_m":351.29428887452855}},{"type":"Feature","id":893,"geometry":{"type":"Polygon","coordinates":[[[23.709286000000077,38.017866300000037],[23.709395800000038,38.017941400000041],[23.709304600000053,38.01802420000007],[23.709283300000038,38.018009600000028],[23.709263100000044,38.018028000000072],[23.709248200000047,38.01801770000003],[23.709232000000043,38.018032400000038],[23.70921560000005,38.018021200000078],[23.709200400000043,38.018035000000054],[23.709181000000058,38.018021800000042],[23.709164900000076,38.018036400000028],[23.709127100000046,38.018010500000059],[23.709286000000077,38.017866300000037]]]},"properties":{"fid":893,"leisure":"playground","name":null,"shapearea_m":224.52012567710869}},{"type":"Feature","id":894,"geometry":{"type":"Polygon","coordinates":[[[23.704130100000043,38.015640200000064],[23.703861300000028,38.015784300000064],[23.703766600000051,38.015674700000034],[23.703878400000065,38.015614800000037],[23.703968800000041,38.015619500000071],[23.704066900000043,38.015567000000033],[23.704130100000043,38.015640200000064]]]},"properties":{"fid":894,"leisure":"playground","name":null,"shapearea_m":353.99019721748795}},{"type":"Feature","id":895,"geometry":{"type":"Polygon","coordinates":[[[23.711136700000054,38.011399400000073],[23.711081100000058,38.011380400000064],[23.711050900000032,38.011363500000073],[23.711031500000047,38.011345500000061],[23.711022700000058,38.011325500000055],[23.711020700000063,38.011299600000029],[23.711031500000047,38.011263100000065],[23.71104420000006,38.011244100000056],[23.71107440000003,38.011214000000052],[23.711086400000056,38.011196600000062],[23.711086400000056,38.011184400000047],[23.711081700000022,38.011171200000035],[23.711068300000022,38.01115690000006],[23.711044900000047,38.011137400000052],[23.711026100000026,38.011109900000065],[23.711019400000055,38.011093000000074],[23.711020100000042,38.011082400000078],[23.71103480000005,38.011063400000069],[23.711056900000074,38.01104440000006],[23.711068300000022,38.011021700000072],[23.711083100000053,38.010999000000027],[23.711108600000045,38.010965200000044],[23.711121300000059,38.010957200000064],[23.711297700000046,38.011302800000067],[23.711297300000069,38.011317800000029],[23.711283600000058,38.011330200000032],[23.711136700000054,38.011399400000073]]]},"properties":{"fid":895,"leisure":"playground","name":null,"shapearea_m":687.42790642964542}},{"type":"Feature","id":896,"geometry":{"type":"Polygon","coordinates":[[[23.715538200000026,38.017423600000029],[23.715530200000046,38.017386100000067],[23.715913700000044,38.01732480000004],[23.715932500000065,38.017408300000056],[23.715900300000044,38.017421500000069],[23.715877500000033,38.017450000000053],[23.715538200000026,38.017423600000029]]]},"properties":{"fid":896,"leisure":"playground","name":null,"shapearea_m":307.35333072904803}},{"type":"Feature","id":897,"geometry":{"type":"Polygon","coordinates":[[[23.712949200000025,38.020056500000067],[23.712970700000028,38.020255700000064],[23.712855000000047,38.020255200000065],[23.712826800000073,38.020058200000051],[23.712949200000025,38.020056500000067]]]},"properties":{"fid":897,"leisure":"playground","name":null,"shapearea_m":230.00389226800161}},{"type":"Feature","id":898,"geometry":{"type":"Polygon","coordinates":[[[23.714192900000057,38.026621900000066],[23.714352500000075,38.026619900000071],[23.714356900000041,38.026839100000075],[23.714197400000046,38.02684110000007],[23.714192900000057,38.026621900000066]]]},"properties":{"fid":898,"leisure":"playground","name":null,"shapearea_m":340.92305552481969}},{"type":"Feature","id":899,"geometry":{"type":"Polygon","coordinates":[[[23.715137900000059,38.02792130000006],[23.71523650000006,38.02796150000006],[23.715211500000066,38.027999500000078],[23.715112900000065,38.027959400000043],[23.715137900000059,38.02792130000006]]]},"properties":{"fid":899,"leisure":"playground","name":null,"shapearea_m":46.344232994156116}},{"type":"Feature","id":900,"geometry":{"type":"Polygon","coordinates":[[[23.712022000000047,38.028508500000044],[23.711942600000043,38.028514700000073],[23.711932200000035,38.028431400000045],[23.712011600000039,38.028425300000038],[23.712022000000047,38.028508500000044]]]},"properties":{"fid":900,"leisure":"playground","name":null,"shapearea_m":65.040702315306888}},{"type":"Feature","id":901,"geometry":{"type":"Polygon","coordinates":[[[23.710371000000066,38.028690400000073],[23.710342100000048,38.02882720000008],[23.70996660000003,38.028782800000045],[23.70997200000005,38.028636500000061],[23.710371000000066,38.028690400000073]]]},"properties":{"fid":901,"leisure":"playground","name":null,"shapearea_m":542.40749123292437}},{"type":"Feature","id":902,"geometry":{"type":"Polygon","coordinates":[[[23.710487000000057,38.028713100000061],[23.710768600000051,38.028751600000078],[23.710745700000075,38.028855400000054],[23.710464100000024,38.028816800000072],[23.710487000000057,38.028713100000061]]]},"properties":{"fid":902,"leisure":"playground","name":null,"shapearea_m":293.32268125193798}},{"type":"Feature","id":903,"geometry":{"type":"Polygon","coordinates":[[[23.735019300000033,38.055529300000046],[23.73489550000005,38.055322800000056],[23.735380600000042,38.055154100000038],[23.735436800000059,38.055235100000061],[23.735511100000053,38.055354900000054],[23.735019300000033,38.055529300000046]]]},"properties":{"fid":903,"leisure":"playground","name":"Καλλισθενικό Πάρκο","shapearea_m":1185.0250884006202}},{"type":"Feature","id":904,"geometry":{"type":"Polygon","coordinates":[[[23.536215500000026,38.03717510000007],[23.536342400000024,38.037156800000048],[23.536400800000024,38.037294700000075],[23.536235800000043,38.03731920000007],[23.536215500000026,38.03717510000007]]]},"properties":{"fid":904,"leisure":"playground","name":null,"shapearea_m":208.73140293713618}},{"type":"Feature","id":905,"geometry":{"type":"Polygon","coordinates":[[[23.54330710000005,38.035716900000068],[23.543332000000078,38.035483300000067],[23.54336150000006,38.035410400000046],[23.543544500000053,38.03561330000008],[23.543314400000042,38.035721400000057],[23.54330710000005,38.035716900000068]]]},"properties":{"fid":905,"leisure":"playground","name":null,"shapearea_m":360.67990060063352}},{"type":"Feature","id":906,"geometry":{"type":"Polygon","coordinates":[[[22.990389300000061,36.973876300000029],[22.99038360000003,36.974091400000077],[22.990172600000051,36.974087800000063],[22.990178300000025,36.973872800000038],[22.990389300000061,36.973876300000029]]]},"properties":{"fid":906,"leisure":"playground","name":null,"shapearea_m":448.58420538751983}},{"type":"Feature","id":907,"geometry":{"type":"Polygon","coordinates":[[[23.737350700000036,38.059894400000076],[23.737265500000035,38.059664400000031],[23.737408100000039,38.059631600000046],[23.737493400000062,38.059861600000033],[23.737350700000036,38.059894400000076]]]},"properties":{"fid":907,"leisure":"playground","name":null,"shapearea_m":346.84494946541196}},{"type":"Feature","id":908,"geometry":{"type":"Polygon","coordinates":[[[23.707285100000036,38.034135400000025],[23.707783600000027,38.034205300000053],[23.707657700000027,38.034394000000077],[23.707569500000034,38.03445750000003],[23.707448000000056,38.034501200000079],[23.707344100000057,38.03450950000007],[23.707273800000053,38.034498500000041],[23.707189200000073,38.034470200000044],[23.707274900000073,38.034171400000048],[23.707283000000075,38.034137600000065],[23.707285100000036,38.034135400000025]]]},"properties":{"fid":908,"leisure":"playground","name":null,"shapearea_m":1446.889229866204}},{"type":"Feature","id":909,"geometry":{"type":"Polygon","coordinates":[[[22.994449200000076,36.915581800000041],[22.994363600000042,36.915603600000054],[22.994291700000076,36.915613200000053],[22.994151300000055,36.915620100000069],[22.994105300000058,36.91558660000004],[22.994078200000047,36.915400100000056],[22.994056400000034,36.915338000000077],[22.99414790000003,36.915313500000025],[22.994262700000036,36.915263000000039],[22.994332200000031,36.915260000000046],[22.994414900000038,36.915320400000041],[22.994454300000029,36.915446300000042],[22.994449200000076,36.915581800000041]]]},"properties":{"fid":909,"leisure":"playground","name":null,"shapearea_m":1114.2292985451281}},{"type":"Feature","id":910,"geometry":{"type":"Polygon","coordinates":[[[23.544807400000025,38.048982600000045],[23.544819100000041,38.048838500000045],[23.544912500000066,38.048842800000045],[23.544912500000066,38.048828700000058],[23.544921800000054,38.048820700000078],[23.544938100000024,38.048817700000029],[23.544960700000047,38.048818900000072],[23.544970800000044,38.048825000000079],[23.544979400000045,38.04883790000008],[23.544983300000069,38.048850200000061],[23.544980900000041,38.048863600000061],[23.544964600000071,38.048875300000077],[23.544931900000051,38.048990500000059],[23.544807400000025,38.048982600000045]]]},"properties":{"fid":910,"leisure":"playground","name":null,"shapearea_m":215.60145256303153}}]}