{"type":"FeatureCollection","features":[{"type":"Feature","id":13,"geometry":{"type":"Point","coordinates":[23.728378600000042,37.981133000000057]},"properties":{"OBJECTID":13,"amenity":"bank","name":"Εθνική Τράπεζα","name_en":"National Bank of Greece"}},{"type":"Feature","id":16,"geometry":{"type":"Point","coordinates":[23.730401000000029,37.980462300000056]},"properties":{"OBJECTID":16,"amenity":"bank","name":"Eurobank","name_en":null}},{"type":"Feature","id":39,"geometry":{"type":"Point","coordinates":[23.736000800000056,37.979988400000025]},"properties":{"OBJECTID":39,"amenity":"bank","name":"Ταμείο Παρακαταθηκών & Δανείων","name_en":"Consignment Deposits and Loans Fund"}},{"type":"Feature","id":95,"geometry":{"type":"Point","coordinates":[23.729437100000041,37.981494000000055]},"properties":{"OBJECTID":95,"amenity":"bank","name":"Εθνική Τράπεζα","name_en":"National Bank of Greece"}},{"type":"Feature","id":96,"geometry":{"type":"Point","coordinates":[23.729686600000036,37.980950800000073]},"properties":{"OBJECTID":96,"amenity":"bank","name":"Εθνική Τράπεζα","name_en":"National Bank of Greece"}},{"type":"Feature","id":104,"geometry":{"type":"Point","coordinates":[23.733513900000048,37.978696500000069]},"properties":{"OBJECTID":104,"amenity":"bank","name":"Τράπεζα της Ελλάδος","name_en":"Bank of Greece"}},{"type":"Feature","id":125,"geometry":{"type":"Point","coordinates":[24.055144100000064,37.714043500000059]},"properties":{"OBJECTID":125,"amenity":"bank","name":"Εθνική Τράπεζα","name_en":"National Bank of Greece"}},{"type":"Feature","id":822,"geometry":{"type":"Point","coordinates":[23.749055000000055,37.86367910000007]},"properties":{"OBJECTID":822,"amenity":"bank","name":"Εθνική Τράπεζα","name_en":"National Bank of Greece"}},{"type":"Feature","id":830,"geometry":{"type":"Point","coordinates":[23.731372000000079,37.98084700000004]},"properties":{"OBJECTID":830,"amenity":"bank","name":"Alpha Bank","name_en":null}},{"type":"Feature","id":831,"geometry":{"type":"Point","coordinates":[23.731699300000059,37.980348500000048]},"properties":{"OBJECTID":831,"amenity":"bank","name":"Εθνική Τράπεζα","name_en":"National Bank of Greece"}},{"type":"Feature","id":840,"geometry":{"type":"Point","coordinates":[23.756432700000062,37.874827100000061]},"properties":{"OBJECTID":840,"amenity":"bank","name":"Alpha Bank","name_en":null}},{"type":"Feature","id":882,"geometry":{"type":"Point","coordinates":[23.765026000000034,37.985383600000034]},"properties":{"OBJECTID":882,"amenity":"bank","name":"Τράπεζα Πειραιώς","name_en":"Piraeus Bank"}},{"type":"Feature","id":885,"geometry":{"type":"Point","coordinates":[23.732477600000038,38.08238440000008]},"properties":{"OBJECTID":885,"amenity":"bank","name":"Εθνική Τράπεζα","name_en":"National Bank of Greece"}},{"type":"Feature","id":886,"geometry":{"type":"Point","coordinates":[23.751737100000071,38.094427400000029]},"properties":{"OBJECTID":886,"amenity":"bank","name":"Τράπεζα Πειραιώς","name_en":"Piraeus Bank"}},{"type":"Feature","id":1008,"geometry":{"type":"Point","coordinates":[23.730465600000059,37.970799600000078]},"properties":{"OBJECTID":1008,"amenity":"bank","name":"Alpha Bank","name_en":null}},{"type":"Feature","id":1055,"geometry":{"type":"Point","coordinates":[23.645944900000075,37.942032200000028]},"properties":{"OBJECTID":1055,"amenity":"bank","name":"Attica","name_en":null}},{"type":"Feature","id":1115,"geometry":{"type":"Point","coordinates":[23.734442700000045,37.974825400000043]},"properties":{"OBJECTID":1115,"amenity":"bank","name":"Παγκρήτια Τράπεζα","name_en":null}},{"type":"Feature","id":1116,"geometry":{"type":"Point","coordinates":[23.734812000000034,37.974730500000078]},"properties":{"OBJECTID":1116,"amenity":"bank","name":"Eurobank","name_en":null}},{"type":"Feature","id":1403,"geometry":{"type":"Point","coordinates":[23.730752900000027,37.978258900000071]},"properties":{"OBJECTID":1403,"amenity":"bank","name":"Εθνική Τράπεζα","name_en":"National Bank of Greece"}},{"type":"Feature","id":1420,"geometry":{"type":"Point","coordinates":[23.728770100000077,37.980364800000075]},"properties":{"OBJECTID":1420,"amenity":"bank","name":"Alpha Bank","name_en":null}},{"type":"Feature","id":1421,"geometry":{"type":"Point","coordinates":[23.728777700000023,37.980705600000078]},"properties":{"OBJECTID":1421,"amenity":"bank","name":"Alpha Bank","name_en":null}},{"type":"Feature","id":1422,"geometry":{"type":"Point","coordinates":[23.729013900000041,37.980668300000048]},"properties":{"OBJECTID":1422,"amenity":"bank","name":"Alpha Bank","name_en":null}},{"type":"Feature","id":1423,"geometry":{"type":"Point","coordinates":[23.728742400000044,37.980568900000037]},"properties":{"OBJECTID":1423,"amenity":"bank","name":"Alpha Bank","name_en":null}},{"type":"Feature","id":1434,"geometry":{"type":"Point","coordinates":[23.730057500000044,37.979732400000046]},"properties":{"OBJECTID":1434,"amenity":"bank","name":"Τράπεζα Πειραιώς","name_en":"Piraeus Bank"}},{"type":"Feature","id":1524,"geometry":{"type":"Point","coordinates":[23.728995300000065,37.981024500000046]},"properties":{"OBJECTID":1524,"amenity":"bank","name":"Εθνική Τράπεζα","name_en":"National Bank of Greece"}},{"type":"Feature","id":1645,"geometry":{"type":"Point","coordinates":[23.81198020000005,38.073267000000044]},"properties":{"OBJECTID":1645,"amenity":"bank","name":"Εθνική Τράπεζα","name_en":"National Bank of Greece"}},{"type":"Feature","id":1903,"geometry":{"type":"Point","coordinates":[23.75642490000007,37.987122800000066]},"properties":{"OBJECTID":1903,"amenity":"bank","name":"Τράπεζα Πειραιώς","name_en":"Piraeus Bank"}},{"type":"Feature","id":2465,"geometry":{"type":"Point","coordinates":[23.709837200000038,38.032305300000075]},"properties":{"OBJECTID":2465,"amenity":"bank","name":"Εθνική Τράπεζα","name_en":"National Bank of Greece"}},{"type":"Feature","id":2466,"geometry":{"type":"Point","coordinates":[23.709482700000024,38.031896500000073]},"properties":{"OBJECTID":2466,"amenity":"bank","name":"Alpha Bank","name_en":null}},{"type":"Feature","id":2927,"geometry":{"type":"Point","coordinates":[23.854260000000068,38.138395700000046]},"properties":{"OBJECTID":2927,"amenity":"bank","name":"Alpha Bank","name_en":null}},{"type":"Feature","id":3108,"geometry":{"type":"Point","coordinates":[23.773925400000053,38.002163400000029]},"properties":{"OBJECTID":3108,"amenity":"bank","name":"Alpha Bank","name_en":null}},{"type":"Feature","id":3110,"geometry":{"type":"Point","coordinates":[23.776508600000057,38.004730400000028]},"properties":{"OBJECTID":3110,"amenity":"bank","name":"Eurobank","name_en":null}},{"type":"Feature","id":3139,"geometry":{"type":"Point","coordinates":[23.751684900000043,37.909874700000046]},"properties":{"OBJECTID":3139,"amenity":"bank","name":"Εθνική Τράπεζα","name_en":"National Bank of Greece"}},{"type":"Feature","id":3168,"geometry":{"type":"Point","coordinates":[23.752634800000067,37.907488800000067]},"properties":{"OBJECTID":3168,"amenity":"bank","name":"Eurobank","name_en":null}},{"type":"Feature","id":3183,"geometry":{"type":"Point","coordinates":[23.747097200000042,37.897904700000026]},"properties":{"OBJECTID":3183,"amenity":"bank","name":"Alpha Bank","name_en":null}},{"type":"Feature","id":3255,"geometry":{"type":"Point","coordinates":[23.838277700000049,38.05173620000005]},"properties":{"OBJECTID":3255,"amenity":"bank","name":"Alpha Bank","name_en":null}},{"type":"Feature","id":3494,"geometry":{"type":"Point","coordinates":[23.859505600000034,38.00760930000007]},"properties":{"OBJECTID":3494,"amenity":"bank","name":"Τράπεζα Πειραιώς","name_en":"Piraeus Bank"}},{"type":"Feature","id":3748,"geometry":{"type":"Point","coordinates":[23.976678800000059,37.809280800000067]},"properties":{"OBJECTID":3748,"amenity":"bank","name":"Alpha Bank","name_en":null}},{"type":"Feature","id":4163,"geometry":{"type":"Point","coordinates":[24.054457900000045,37.716437300000052]},"properties":{"OBJECTID":4163,"amenity":"bank","name":"Alpha Bank","name_en":null}},{"type":"Feature","id":4178,"geometry":{"type":"Point","coordinates":[24.054799200000048,37.711384700000053]},"properties":{"OBJECTID":4178,"amenity":"bank","name":"Τράπεζα Πειραιώς","name_en":"Piraeus Bank"}},{"type":"Feature","id":4180,"geometry":{"type":"Point","coordinates":[23.73541750000004,38.012946200000044]},"properties":{"OBJECTID":4180,"amenity":"bank","name":"Εθνική Τράπεζα","name_en":"National Bank of Greece"}},{"type":"Feature","id":4216,"geometry":{"type":"Point","coordinates":[24.054341100000045,37.717204800000047]},"properties":{"OBJECTID":4216,"amenity":"bank","name":"Eurobank","name_en":null}},{"type":"Feature","id":4929,"geometry":{"type":"Point","coordinates":[23.427694900000063,37.746512800000062]},"properties":{"OBJECTID":4929,"amenity":"bank","name":"Alpha Bank","name_en":null}},{"type":"Feature","id":4930,"geometry":{"type":"Point","coordinates":[23.427581200000077,37.746512900000027]},"properties":{"OBJECTID":4930,"amenity":"bank","name":"Eurobank","name_en":null}},{"type":"Feature","id":4931,"geometry":{"type":"Point","coordinates":[23.427318000000071,37.746513600000071]},"properties":{"OBJECTID":4931,"amenity":"bank","name":"Τράπεζα Πειραιώς","name_en":"Piraeus Bank"}},{"type":"Feature","id":4935,"geometry":{"type":"Point","coordinates":[23.429224600000055,37.745833100000027]},"properties":{"OBJECTID":4935,"amenity":"bank","name":"Εθνική Τράπεζα","name_en":"National Bank of Greece"}},{"type":"Feature","id":5056,"geometry":{"type":"Point","coordinates":[23.650462100000027,37.967167300000028]},"properties":{"OBJECTID":5056,"amenity":"bank","name":"Eurobank","name_en":null}},{"type":"Feature","id":5063,"geometry":{"type":"Point","coordinates":[23.570646700000054,37.964086900000041]},"properties":{"OBJECTID":5063,"amenity":"bank","name":"Alpha Bank","name_en":null}},{"type":"Feature","id":5067,"geometry":{"type":"Point","coordinates":[23.676473400000077,37.96257120000007]},"properties":{"OBJECTID":5067,"amenity":"bank","name":"Eurobank","name_en":null}},{"type":"Feature","id":5089,"geometry":{"type":"Point","coordinates":[23.713588300000026,38.058893200000057]},"properties":{"OBJECTID":5089,"amenity":"bank","name":"Τράπεζα Πειραιώς","name_en":"Piraeus Bank"}},{"type":"Feature","id":5123,"geometry":{"type":"Point","coordinates":[24.008692500000052,38.020117400000061]},"properties":{"OBJECTID":5123,"amenity":"bank","name":"National Bank","name_en":null}},{"type":"Feature","id":5127,"geometry":{"type":"Point","coordinates":[23.850430500000073,37.985792100000026]},"properties":{"OBJECTID":5127,"amenity":"bank","name":"Alpha Bank","name_en":null}},{"type":"Feature","id":5141,"geometry":{"type":"Point","coordinates":[23.857748500000071,38.134652700000061]},"properties":{"OBJECTID":5141,"amenity":"bank","name":"National Bank","name_en":"National Bank"}},{"type":"Feature","id":5143,"geometry":{"type":"Point","coordinates":[23.853702500000054,38.138959600000078]},"properties":{"OBJECTID":5143,"amenity":"bank","name":"Τράπεζα Πειραιώς","name_en":"Piraeus Bank"}},{"type":"Feature","id":5147,"geometry":{"type":"Point","coordinates":[23.851706600000057,37.953210200000058]},"properties":{"OBJECTID":5147,"amenity":"bank","name":"Alpha Bank","name_en":null}},{"type":"Feature","id":5157,"geometry":{"type":"Point","coordinates":[23.686654000000033,38.041335300000071]},"properties":{"OBJECTID":5157,"amenity":"bank","name":"Alpha Bank","name_en":null}},{"type":"Feature","id":5207,"geometry":{"type":"Point","coordinates":[23.767641900000058,37.839617100000055]},"properties":{"OBJECTID":5207,"amenity":"bank","name":null,"name_en":null}},{"type":"Feature","id":5215,"geometry":{"type":"Point","coordinates":[23.817602600000043,38.08771020000006]},"properties":{"OBJECTID":5215,"amenity":"bank","name":"Alpha Bank","name_en":null}},{"type":"Feature","id":5229,"geometry":{"type":"Point","coordinates":[23.932935100000066,37.882714100000044]},"properties":{"OBJECTID":5229,"amenity":"bank","name":"Alpha Bank","name_en":null}},{"type":"Feature","id":5230,"geometry":{"type":"Point","coordinates":[23.933129600000029,37.88338600000003]},"properties":{"OBJECTID":5230,"amenity":"bank","name":"Eurobank","name_en":null}},{"type":"Feature","id":5234,"geometry":{"type":"Point","coordinates":[23.833905400000049,38.106902300000058]},"properties":{"OBJECTID":5234,"amenity":"bank","name":"Eurobank","name_en":null}},{"type":"Feature","id":5235,"geometry":{"type":"Point","coordinates":[23.817135000000064,38.087194100000033]},"properties":{"OBJECTID":5235,"amenity":"bank","name":"Eurobank","name_en":null}},{"type":"Feature","id":5293,"geometry":{"type":"Point","coordinates":[23.755019700000048,38.04187120000006]},"properties":{"OBJECTID":5293,"amenity":"bank","name":"Alpha Bank","name_en":null}},{"type":"Feature","id":5294,"geometry":{"type":"Point","coordinates":[23.756355800000051,38.045003200000053]},"properties":{"OBJECTID":5294,"amenity":"bank","name":"Alpha Bank","name_en":null}},{"type":"Feature","id":5295,"geometry":{"type":"Point","coordinates":[23.753505100000041,38.04295170000006]},"properties":{"OBJECTID":5295,"amenity":"bank","name":"Εθνική Τράπεζα","name_en":"National Bank of Greece"}},{"type":"Feature","id":5324,"geometry":{"type":"Point","coordinates":[23.691966900000068,37.925291700000059]},"properties":{"OBJECTID":5324,"amenity":"bank","name":"Alpha Bank","name_en":"Alpha Bank"}},{"type":"Feature","id":5325,"geometry":{"type":"Point","coordinates":[23.692093900000032,37.925498700000048]},"properties":{"OBJECTID":5325,"amenity":"bank","name":"Optima Bank","name_en":"Optima Bank"}},{"type":"Feature","id":5326,"geometry":{"type":"Point","coordinates":[23.691663900000037,37.926006200000074]},"properties":{"OBJECTID":5326,"amenity":"bank","name":"Εθνική Τράπεζα","name_en":"National Bank of Greece"}},{"type":"Feature","id":5428,"geometry":{"type":"Point","coordinates":[23.763762800000052,37.879854500000079]},"properties":{"OBJECTID":5428,"amenity":"bank","name":"Εθνική Τράπεζα","name_en":"National Bank of Greece"}},{"type":"Feature","id":5543,"geometry":{"type":"Point","coordinates":[23.751509200000044,37.905742600000053]},"properties":{"OBJECTID":5543,"amenity":"bank","name":"Τράπεζα Πειραιώς","name_en":"Piraeus Bank"}},{"type":"Feature","id":5642,"geometry":{"type":"Point","coordinates":[22.986986900000034,36.149762200000055]},"properties":{"OBJECTID":5642,"amenity":"bank","name":null,"name_en":null}},{"type":"Feature","id":5670,"geometry":{"type":"Point","coordinates":[22.986979000000076,36.149581000000069]},"properties":{"OBJECTID":5670,"amenity":"bank","name":"Τράπεζα Πειραιώς","name_en":"Piraeus Bank"}},{"type":"Feature","id":5860,"geometry":{"type":"Point","coordinates":[23.76697310000003,37.992746200000056]},"properties":{"OBJECTID":5860,"amenity":"bank","name":"Eurobank","name_en":null}},{"type":"Feature","id":5910,"geometry":{"type":"Point","coordinates":[23.746097300000031,37.989090600000054]},"properties":{"OBJECTID":5910,"amenity":"bank","name":"Εθνική Τράπεζα","name_en":"National Bank of Greece"}},{"type":"Feature","id":5917,"geometry":{"type":"Point","coordinates":[23.760892900000044,37.98534710000007]},"properties":{"OBJECTID":5917,"amenity":"bank","name":"Εθνική Τράπεζα","name_en":"National Bank of Greece"}},{"type":"Feature","id":5918,"geometry":{"type":"Point","coordinates":[23.760632100000066,37.984811200000024]},"properties":{"OBJECTID":5918,"amenity":"bank","name":"Alpha Bank","name_en":null}},{"type":"Feature","id":6035,"geometry":{"type":"Point","coordinates":[23.748390400000062,37.988694700000053]},"properties":{"OBJECTID":6035,"amenity":"bank","name":"Eurobank","name_en":null}},{"type":"Feature","id":6042,"geometry":{"type":"Point","coordinates":[23.804056600000024,37.821853100000055]},"properties":{"OBJECTID":6042,"amenity":"bank","name":"Εθνική Τράπεζα","name_en":"National Bank of Greece"}},{"type":"Feature","id":6220,"geometry":{"type":"Point","coordinates":[23.718883800000071,38.001980700000047]},"properties":{"OBJECTID":6220,"amenity":"bank","name":"Εθνική Τράπεζα","name_en":"National Bank of Greece"}},{"type":"Feature","id":6381,"geometry":{"type":"Point","coordinates":[23.73724610000005,38.033225400000049]},"properties":{"OBJECTID":6381,"amenity":"bank","name":"Eurobank","name_en":null}},{"type":"Feature","id":6892,"geometry":{"type":"Point","coordinates":[23.815052500000036,38.073614000000077]},"properties":{"OBJECTID":6892,"amenity":"bank","name":"Alpha Bank","name_en":null}},{"type":"Feature","id":7026,"geometry":{"type":"Point","coordinates":[23.79431100000005,38.092053100000044]},"properties":{"OBJECTID":7026,"amenity":"bank","name":"Alpha Bank","name_en":null}},{"type":"Feature","id":7291,"geometry":{"type":"Point","coordinates":[23.862401600000055,37.873576700000058]},"properties":{"OBJECTID":7291,"amenity":"bank","name":"Alpha","name_en":null}},{"type":"Feature","id":7471,"geometry":{"type":"Point","coordinates":[23.807880600000033,38.055936000000031]},"properties":{"OBJECTID":7471,"amenity":"bank","name":"Eurobank","name_en":null}},{"type":"Feature","id":7963,"geometry":{"type":"Point","coordinates":[23.736033000000077,37.956887800000061]},"properties":{"OBJECTID":7963,"amenity":"bank","name":"Τράπεζα Πειραιώς","name_en":"Piraeus Bank"}},{"type":"Feature","id":8071,"geometry":{"type":"Point","coordinates":[23.343975800000067,37.995012100000054]},"properties":{"OBJECTID":8071,"amenity":"bank","name":"Εθνική Τράπεζα","name_en":"National Bank of Greece"}},{"type":"Feature","id":8087,"geometry":{"type":"Point","coordinates":[23.344140000000039,37.996053300000028]},"properties":{"OBJECTID":8087,"amenity":"bank","name":"Τράπεζα Πειραιώς","name_en":"Piraeus Bank"}},{"type":"Feature","id":8088,"geometry":{"type":"Point","coordinates":[23.341834600000027,37.994515800000045]},"properties":{"OBJECTID":8088,"amenity":"bank","name":"Alpha Bank","name_en":null}},{"type":"Feature","id":8106,"geometry":{"type":"Point","coordinates":[23.678951900000072,37.952296600000068]},"properties":{"OBJECTID":8106,"amenity":"bank","name":"Τράπεζα Πειραιώς","name_en":"Piraeus Bank"}},{"type":"Feature","id":8115,"geometry":{"type":"Point","coordinates":[23.742017900000064,38.00230890000006]},"properties":{"OBJECTID":8115,"amenity":"bank","name":"Εθνική Τράπεζα","name_en":"National Bank of Greece"}},{"type":"Feature","id":8116,"geometry":{"type":"Point","coordinates":[23.741574400000047,38.003291900000079]},"properties":{"OBJECTID":8116,"amenity":"bank","name":"Alpha Bank","name_en":null}},{"type":"Feature","id":8117,"geometry":{"type":"Point","coordinates":[23.741714200000047,38.003203300000052]},"properties":{"OBJECTID":8117,"amenity":"bank","name":"Eurobank","name_en":null}},{"type":"Feature","id":8140,"geometry":{"type":"Point","coordinates":[23.730769600000031,37.990404200000057]},"properties":{"OBJECTID":8140,"amenity":"bank","name":"Eurobank","name_en":null}},{"type":"Feature","id":8146,"geometry":{"type":"Point","coordinates":[23.770603400000027,37.99128550000006]},"properties":{"OBJECTID":8146,"amenity":"bank","name":"HSBC","name_en":null}},{"type":"Feature","id":8148,"geometry":{"type":"Point","coordinates":[23.727398000000051,38.000973100000067]},"properties":{"OBJECTID":8148,"amenity":"bank","name":"Εθνική Τράπεζα","name_en":"National Bank of Greece"}},{"type":"Feature","id":8149,"geometry":{"type":"Point","coordinates":[23.727089500000034,37.979767000000038]},"properties":{"OBJECTID":8149,"amenity":"bank","name":"Εθνική Τράπεζα","name_en":"National Bank of Greece"}},{"type":"Feature","id":8179,"geometry":{"type":"Point","coordinates":[23.805747800000063,38.044209800000033]},"properties":{"OBJECTID":8179,"amenity":"bank","name":"Alpha Bank","name_en":null}},{"type":"Feature","id":8205,"geometry":{"type":"Point","coordinates":[23.766074800000069,37.97461880000003]},"properties":{"OBJECTID":8205,"amenity":"bank","name":"Εθνική Τράπεζα","name_en":"National Bank of Greece"}},{"type":"Feature","id":8240,"geometry":{"type":"Point","coordinates":[23.724991100000068,38.027060600000027]},"properties":{"OBJECTID":8240,"amenity":"bank","name":"Eurobank","name_en":null}},{"type":"Feature","id":8245,"geometry":{"type":"Point","coordinates":[23.737487400000077,38.032406800000047]},"properties":{"OBJECTID":8245,"amenity":"bank","name":"Εθνική Τράπεζα","name_en":"National Bank of Greece"}},{"type":"Feature","id":8246,"geometry":{"type":"Point","coordinates":[23.737376100000063,38.033347500000048]},"properties":{"OBJECTID":8246,"amenity":"bank","name":"Τράπεζα Πειραιώς","name_en":"Piraeus Bank"}},{"type":"Feature","id":8260,"geometry":{"type":"Point","coordinates":[23.745199500000069,37.865784800000029]},"properties":{"OBJECTID":8260,"amenity":"bank","name":null,"name_en":null}},{"type":"Feature","id":8282,"geometry":{"type":"Point","coordinates":[23.452480000000037,37.498707800000034]},"properties":{"OBJECTID":8282,"amenity":"bank","name":"Alpha Bank","name_en":null}},{"type":"Feature","id":8312,"geometry":{"type":"Point","coordinates":[23.452150800000027,37.500323700000024]},"properties":{"OBJECTID":8312,"amenity":"bank","name":"Εθνική Τράπεζα","name_en":"National Bank of Greece"}},{"type":"Feature","id":8352,"geometry":{"type":"Point","coordinates":[23.763814800000034,37.979632000000038]},"properties":{"OBJECTID":8352,"amenity":"bank","name":"Alpha Bank","name_en":"Alpha Bank"}},{"type":"Feature","id":8353,"geometry":{"type":"Point","coordinates":[23.769516600000031,37.978110100000038]},"properties":{"OBJECTID":8353,"amenity":"bank","name":"Εθνική Τράπεζα","name_en":"National Bank of Greece"}},{"type":"Feature","id":8354,"geometry":{"type":"Point","coordinates":[23.741613500000028,37.925652600000035]},"properties":{"OBJECTID":8354,"amenity":"bank","name":"Alpha Bank","name_en":null}},{"type":"Feature","id":8373,"geometry":{"type":"Point","coordinates":[23.768750400000044,37.978077000000042]},"properties":{"OBJECTID":8373,"amenity":"bank","name":"Eurobank","name_en":"Eurobank"}},{"type":"Feature","id":8415,"geometry":{"type":"Point","coordinates":[23.736285800000076,38.023359600000049]},"properties":{"OBJECTID":8415,"amenity":"bank","name":"Alpha Bank","name_en":null}},{"type":"Feature","id":8416,"geometry":{"type":"Point","coordinates":[23.735689200000024,38.02213880000005]},"properties":{"OBJECTID":8416,"amenity":"bank","name":"Eurobank","name_en":null}},{"type":"Feature","id":8417,"geometry":{"type":"Point","coordinates":[23.736239100000034,38.023122900000033]},"properties":{"OBJECTID":8417,"amenity":"bank","name":"Εθνική Τράπεζα","name_en":"National Bank of Greece"}},{"type":"Feature","id":8422,"geometry":{"type":"Point","coordinates":[23.825058400000046,38.036045900000033]},"properties":{"OBJECTID":8422,"amenity":"bank","name":"Εθνική Τράπεζα","name_en":"National Bank of Greece"}},{"type":"Feature","id":8423,"geometry":{"type":"Point","coordinates":[23.828104300000064,38.037985700000036]},"properties":{"OBJECTID":8423,"amenity":"bank","name":"Eurobank","name_en":null}},{"type":"Feature","id":8424,"geometry":{"type":"Point","coordinates":[23.827645700000062,38.037635100000045]},"properties":{"OBJECTID":8424,"amenity":"bank","name":null,"name_en":null}},{"type":"Feature","id":8430,"geometry":{"type":"Point","coordinates":[23.739053900000044,38.05963760000003]},"properties":{"OBJECTID":8430,"amenity":"bank","name":"Alpha Bank","name_en":null}},{"type":"Feature","id":8523,"geometry":{"type":"Point","coordinates":[23.736202200000037,37.977647300000058]},"properties":{"OBJECTID":8523,"amenity":"bank","name":"Παγκρήτια τράπεζα","name_en":null}},{"type":"Feature","id":8610,"geometry":{"type":"Point","coordinates":[23.789066900000023,38.028007000000059]},"properties":{"OBJECTID":8610,"amenity":"bank","name":"Alpha Bank","name_en":null}},{"type":"Feature","id":8613,"geometry":{"type":"Point","coordinates":[23.775052500000072,38.003591400000062]},"properties":{"OBJECTID":8613,"amenity":"bank","name":"Alpha Bank","name_en":null}},{"type":"Feature","id":8626,"geometry":{"type":"Point","coordinates":[23.77919090000006,38.03027110000005]},"properties":{"OBJECTID":8626,"amenity":"bank","name":"Eurobank","name_en":null}},{"type":"Feature","id":8671,"geometry":{"type":"Point","coordinates":[23.838652700000068,38.051270900000077]},"properties":{"OBJECTID":8671,"amenity":"bank","name":"Eurobank","name_en":null}},{"type":"Feature","id":8672,"geometry":{"type":"Point","coordinates":[23.83855600000004,38.051430700000026]},"properties":{"OBJECTID":8672,"amenity":"bank","name":"Alpha Bank","name_en":null}},{"type":"Feature","id":8677,"geometry":{"type":"Point","coordinates":[23.836227200000053,38.051344500000027]},"properties":{"OBJECTID":8677,"amenity":"bank","name":"Τράπεζα Πειραιώς","name_en":"Piraeus Bank"}},{"type":"Feature","id":8678,"geometry":{"type":"Point","coordinates":[23.839411900000073,38.053213000000028]},"properties":{"OBJECTID":8678,"amenity":"bank","name":"Τράπεζα Πειραιώς","name_en":"Piraeus Bank"}},{"type":"Feature","id":8680,"geometry":{"type":"Point","coordinates":[23.737152600000059,38.083665100000076]},"properties":{"OBJECTID":8680,"amenity":"bank","name":"Alpha Bank","name_en":null}},{"type":"Feature","id":8681,"geometry":{"type":"Point","coordinates":[23.759287400000062,38.033831400000054]},"properties":{"OBJECTID":8681,"amenity":"bank","name":"Alpha Bank","name_en":null}},{"type":"Feature","id":8689,"geometry":{"type":"Point","coordinates":[23.754959000000042,38.041324800000041]},"properties":{"OBJECTID":8689,"amenity":"bank","name":"Eurobank","name_en":null}},{"type":"Feature","id":8694,"geometry":{"type":"Point","coordinates":[23.817065200000059,38.087986500000056]},"properties":{"OBJECTID":8694,"amenity":"bank","name":"Τράπεζα Πειραιώς","name_en":"Piraeus Bank"}},{"type":"Feature","id":8695,"geometry":{"type":"Point","coordinates":[23.817361300000073,38.088212100000078]},"properties":{"OBJECTID":8695,"amenity":"bank","name":"Εθνική Τράπεζα","name_en":"National Bank of Greece"}},{"type":"Feature","id":8696,"geometry":{"type":"Point","coordinates":[23.81807230000004,38.087992300000053]},"properties":{"OBJECTID":8696,"amenity":"bank","name":"Attica","name_en":null}},{"type":"Feature","id":8700,"geometry":{"type":"Point","coordinates":[23.727499500000079,37.996377700000039]},"properties":{"OBJECTID":8700,"amenity":"bank","name":"Eurobank","name_en":null}},{"type":"Feature","id":8736,"geometry":{"type":"Point","coordinates":[23.766638600000078,37.993273000000045]},"properties":{"OBJECTID":8736,"amenity":"bank","name":"Alpha Bank","name_en":null}},{"type":"Feature","id":8737,"geometry":{"type":"Point","coordinates":[23.761114900000052,37.976161000000047]},"properties":{"OBJECTID":8737,"amenity":"bank","name":"Τράπεζα Πειραιώς","name_en":"Piraeus Bank"}},{"type":"Feature","id":8742,"geometry":{"type":"Point","coordinates":[23.796657100000061,38.090929300000028]},"properties":{"OBJECTID":8742,"amenity":"bank","name":"Eurobank","name_en":null}},{"type":"Feature","id":8743,"geometry":{"type":"Point","coordinates":[23.748667700000055,37.862692000000038]},"properties":{"OBJECTID":8743,"amenity":"bank","name":"Eurobank","name_en":null}},{"type":"Feature","id":8825,"geometry":{"type":"Point","coordinates":[23.857671800000048,38.007887400000072]},"properties":{"OBJECTID":8825,"amenity":"bank","name":"Alpha Bank","name_en":null}},{"type":"Feature","id":8830,"geometry":{"type":"Point","coordinates":[23.768449700000076,37.983291000000065]},"properties":{"OBJECTID":8830,"amenity":"bank","name":"Alpha Bank","name_en":null}},{"type":"Feature","id":8832,"geometry":{"type":"Point","coordinates":[23.767561900000032,37.982925300000034]},"properties":{"OBJECTID":8832,"amenity":"bank","name":"Τράπεζα Πειραιώς","name_en":"Piraeus Bank"}},{"type":"Feature","id":8838,"geometry":{"type":"Point","coordinates":[23.743898200000046,37.927717200000075]},"properties":{"OBJECTID":8838,"amenity":"bank","name":"Τράπεζα Πειραιώς","name_en":"Piraeus Bank"}},{"type":"Feature","id":8845,"geometry":{"type":"Point","coordinates":[23.749236100000076,37.993381200000044]},"properties":{"OBJECTID":8845,"amenity":"bank","name":"Alpha Bank","name_en":null}},{"type":"Feature","id":8848,"geometry":{"type":"Point","coordinates":[23.761135700000068,37.992588600000033]},"properties":{"OBJECTID":8848,"amenity":"bank","name":"Eurobank","name_en":null}},{"type":"Feature","id":8852,"geometry":{"type":"Point","coordinates":[23.781132900000046,38.010536200000047]},"properties":{"OBJECTID":8852,"amenity":"bank","name":"Εθνική Τράπεζα","name_en":"National Bank of Greece"}},{"type":"Feature","id":8866,"geometry":{"type":"Point","coordinates":[23.857084000000043,38.008101900000042]},"properties":{"OBJECTID":8866,"amenity":"bank","name":"Εθνική Τράπεζα","name_en":"National Bank of Greece"}},{"type":"Feature","id":8883,"geometry":{"type":"Point","coordinates":[23.794029600000044,37.98988920000005]},"properties":{"OBJECTID":8883,"amenity":"bank","name":"Τράπεζα Πειραιώς","name_en":"Piraeus Bank"}},{"type":"Feature","id":8884,"geometry":{"type":"Point","coordinates":[23.792983200000037,37.989664800000071]},"properties":{"OBJECTID":8884,"amenity":"bank","name":"Eurobank","name_en":null}},{"type":"Feature","id":8896,"geometry":{"type":"Point","coordinates":[23.799290500000041,37.993411800000047]},"properties":{"OBJECTID":8896,"amenity":"bank","name":"Alpha Bank","name_en":null}},{"type":"Feature","id":8930,"geometry":{"type":"Point","coordinates":[23.739978400000041,37.996016100000077]},"properties":{"OBJECTID":8930,"amenity":"bank","name":"Εθνική Τράπεζα","name_en":"National Bank of Greece"}},{"type":"Feature","id":8946,"geometry":{"type":"Point","coordinates":[23.728444700000068,38.017187400000068]},"properties":{"OBJECTID":8946,"amenity":"bank","name":"Alpha Bank","name_en":null}},{"type":"Feature","id":8948,"geometry":{"type":"Point","coordinates":[23.737537700000075,38.081498800000077]},"properties":{"OBJECTID":8948,"amenity":"bank","name":"Τράπεζα Πειραιώς","name_en":"Piraeus Bank"}},{"type":"Feature","id":8951,"geometry":{"type":"Point","coordinates":[23.736696600000073,38.082697800000062]},"properties":{"OBJECTID":8951,"amenity":"bank","name":"Τράπεζα Πειραιώς","name_en":"Piraeus Bank"}},{"type":"Feature","id":8959,"geometry":{"type":"Point","coordinates":[23.851858900000025,37.98091050000005]},"properties":{"OBJECTID":8959,"amenity":"bank","name":"Eurobank","name_en":null}},{"type":"Feature","id":8961,"geometry":{"type":"Point","coordinates":[23.713442800000053,37.912171800000067]},"properties":{"OBJECTID":8961,"amenity":"bank","name":"Τράπεζα Πειραιώς","name_en":"Piraeus Bank"}},{"type":"Feature","id":8969,"geometry":{"type":"Point","coordinates":[23.72218440000006,37.99808610000008]},"properties":{"OBJECTID":8969,"amenity":"bank","name":"Alpha Bank","name_en":null}},{"type":"Feature","id":8970,"geometry":{"type":"Point","coordinates":[23.723004100000026,37.996197800000061]},"properties":{"OBJECTID":8970,"amenity":"bank","name":"Τράπεζα Πειραιώς","name_en":"Piraeus Bank"}},{"type":"Feature","id":8972,"geometry":{"type":"Point","coordinates":[23.683552600000041,37.991163000000029]},"properties":{"OBJECTID":8972,"amenity":"bank","name":"Alpha Bank","name_en":null}},{"type":"Feature","id":8979,"geometry":{"type":"Point","coordinates":[23.768778300000065,37.99412760000007]},"properties":{"OBJECTID":8979,"amenity":"bank","name":"Τράπεζα Πειραιώς","name_en":"Piraeus Bank"}},{"type":"Feature","id":8986,"geometry":{"type":"Point","coordinates":[23.65044510000007,37.941261800000063]},"properties":{"OBJECTID":8986,"amenity":"bank","name":"Τράπεζα Πειραιώς","name_en":"Piraeus Bank"}},{"type":"Feature","id":8991,"geometry":{"type":"Point","coordinates":[23.763726800000029,38.049974900000052]},"properties":{"OBJECTID":8991,"amenity":"bank","name":"Alpha Bank","name_en":null}},{"type":"Feature","id":8992,"geometry":{"type":"Point","coordinates":[23.76704060000003,38.047614800000076]},"properties":{"OBJECTID":8992,"amenity":"bank","name":"Εθνική Τράπεζα","name_en":"National Bank of Greece"}},{"type":"Feature","id":8993,"geometry":{"type":"Point","coordinates":[23.759165900000028,38.046978700000068]},"properties":{"OBJECTID":8993,"amenity":"bank","name":"Τράπεζα Πειραιώς","name_en":"Piraeus Bank"}},{"type":"Feature","id":8999,"geometry":{"type":"Point","coordinates":[23.730460600000072,38.000560200000052]},"properties":{"OBJECTID":8999,"amenity":"bank","name":"Τράπεζα Πειραιώς","name_en":"Piraeus Bank"}},{"type":"Feature","id":9032,"geometry":{"type":"Point","coordinates":[23.685123800000042,37.990778200000079]},"properties":{"OBJECTID":9032,"amenity":"bank","name":"Τράπεζα Πειραιώς","name_en":"Piraeus Bank"}},{"type":"Feature","id":9033,"geometry":{"type":"Point","coordinates":[23.684641000000056,37.990905000000055]},"properties":{"OBJECTID":9033,"amenity":"bank","name":null,"name_en":null}},{"type":"Feature","id":9034,"geometry":{"type":"Point","coordinates":[23.683214100000043,37.990953700000034]},"properties":{"OBJECTID":9034,"amenity":"bank","name":"Εθνική Τράπεζα","name_en":"National Bank of Greece"}},{"type":"Feature","id":9035,"geometry":{"type":"Point","coordinates":[23.683420600000034,37.990913500000033]},"properties":{"OBJECTID":9035,"amenity":"bank","name":"Eurobank","name_en":null}},{"type":"Feature","id":9036,"geometry":{"type":"Point","coordinates":[23.677914000000044,37.992710300000056]},"properties":{"OBJECTID":9036,"amenity":"bank","name":"Eurobank","name_en":null}},{"type":"Feature","id":9038,"geometry":{"type":"Point","coordinates":[23.709165100000064,37.913608400000044]},"properties":{"OBJECTID":9038,"amenity":"bank","name":"Τράπεζα Πειραιώς","name_en":"Piraeus Bank"}},{"type":"Feature","id":9041,"geometry":{"type":"Point","coordinates":[23.750130500000068,37.910903900000051]},"properties":{"OBJECTID":9041,"amenity":"bank","name":"Τράπεζα Πειραιώς","name_en":"Piraeus Bank"}},{"type":"Feature","id":9042,"geometry":{"type":"Point","coordinates":[23.762798500000031,37.894072100000074]},"properties":{"OBJECTID":9042,"amenity":"bank","name":"Alpha Bank","name_en":null}},{"type":"Feature","id":9050,"geometry":{"type":"Point","coordinates":[23.658110500000078,37.963607000000025]},"properties":{"OBJECTID":9050,"amenity":"bank","name":"Εθνική Τράπεζα","name_en":"National Bank of Greece"}},{"type":"Feature","id":9104,"geometry":{"type":"Point","coordinates":[23.644948600000077,37.94501230000003]},"properties":{"OBJECTID":9104,"amenity":"bank","name":"Εθνική Τράπεζα","name_en":"National Bank of Greece"}},{"type":"Feature","id":9105,"geometry":{"type":"Point","coordinates":[23.649715300000025,37.940859200000034]},"properties":{"OBJECTID":9105,"amenity":"bank","name":"Eurobank","name_en":null}},{"type":"Feature","id":9111,"geometry":{"type":"Point","coordinates":[23.648623200000031,37.939577100000065]},"properties":{"OBJECTID":9111,"amenity":"bank","name":"Alpha Bank","name_en":null}},{"type":"Feature","id":9113,"geometry":{"type":"Point","coordinates":[23.753301900000054,38.020926800000041]},"properties":{"OBJECTID":9113,"amenity":"bank","name":"Εθνική Τράπεζα","name_en":"National Bank of Greece"}},{"type":"Feature","id":9139,"geometry":{"type":"Point","coordinates":[23.728957500000035,37.966604300000029]},"properties":{"OBJECTID":9139,"amenity":"bank","name":"Εθνική Τράπεζα","name_en":"National Bank of Greece"}},{"type":"Feature","id":9141,"geometry":{"type":"Point","coordinates":[23.728542900000036,37.966312300000027]},"properties":{"OBJECTID":9141,"amenity":"bank","name":"Τράπεζα Πειραιώς","name_en":"Piraeus Bank"}},{"type":"Feature","id":9149,"geometry":{"type":"Point","coordinates":[23.845883000000072,38.043020100000035]},"properties":{"OBJECTID":9149,"amenity":"bank","name":"Alpha Bank","name_en":null}},{"type":"Feature","id":9166,"geometry":{"type":"Point","coordinates":[23.745955200000026,37.910929000000067]},"properties":{"OBJECTID":9166,"amenity":"bank","name":"Alpha Bank","name_en":null}},{"type":"Feature","id":9172,"geometry":{"type":"Point","coordinates":[23.765986300000066,38.045984700000076]},"properties":{"OBJECTID":9172,"amenity":"bank","name":"Τράπεζα Πειραιώς","name_en":"Piraeus Bank"}},{"type":"Feature","id":9188,"geometry":{"type":"Point","coordinates":[23.640691900000036,37.939400500000033]},"properties":{"OBJECTID":9188,"amenity":"bank","name":"Εθνική Τράπεζα","name_en":"National Bank of Greece"}},{"type":"Feature","id":9189,"geometry":{"type":"Point","coordinates":[23.641377800000043,37.940316100000075]},"properties":{"OBJECTID":9189,"amenity":"bank","name":"Alpha","name_en":null}},{"type":"Feature","id":9190,"geometry":{"type":"Point","coordinates":[23.642715200000055,37.941913400000033]},"properties":{"OBJECTID":9190,"amenity":"bank","name":"Τράπεζα Πειραιώς","name_en":"Piraeus Bank"}},{"type":"Feature","id":9192,"geometry":{"type":"Point","coordinates":[23.646013700000026,37.94620180000004]},"properties":{"OBJECTID":9192,"amenity":"bank","name":"Τράπεζα Πειραιώς","name_en":"Piraeus Bank"}},{"type":"Feature","id":9196,"geometry":{"type":"Point","coordinates":[23.643111100000056,37.94236090000004]},"properties":{"OBJECTID":9196,"amenity":"bank","name":"Εθνική Τράπεζα","name_en":"National Bank of Greece"}},{"type":"Feature","id":9201,"geometry":{"type":"Point","coordinates":[23.719372000000078,37.943919900000026]},"properties":{"OBJECTID":9201,"amenity":"bank","name":"NBG","name_en":null}},{"type":"Feature","id":9202,"geometry":{"type":"Point","coordinates":[23.87620000000004,38.21469710000008]},"properties":{"OBJECTID":9202,"amenity":"bank","name":"Τράπεζα Πειραιώς","name_en":"Piraeus Bank"}},{"type":"Feature","id":9206,"geometry":{"type":"Point","coordinates":[23.87657820000004,38.217219600000078]},"properties":{"OBJECTID":9206,"amenity":"bank","name":"Alpha Bank","name_en":null}},{"type":"Feature","id":9213,"geometry":{"type":"Point","coordinates":[23.748412700000074,38.049803600000075]},"properties":{"OBJECTID":9213,"amenity":"bank","name":"Εθνική Τράπεζα","name_en":"National Bank of Greece"}},{"type":"Feature","id":9224,"geometry":{"type":"Point","coordinates":[23.717472800000053,38.005959100000041]},"properties":{"OBJECTID":9224,"amenity":"bank","name":"Eurobank","name_en":null}},{"type":"Feature","id":9249,"geometry":{"type":"Point","coordinates":[23.719367200000079,38.028642600000069]},"properties":{"OBJECTID":9249,"amenity":"bank","name":"Alpha Bank","name_en":null}},{"type":"Feature","id":9278,"geometry":{"type":"Point","coordinates":[23.738583600000027,38.077961800000026]},"properties":{"OBJECTID":9278,"amenity":"bank","name":"Eurobank","name_en":null}},{"type":"Feature","id":9296,"geometry":{"type":"Point","coordinates":[23.72456580000005,37.925409200000047]},"properties":{"OBJECTID":9296,"amenity":"bank","name":"Εθνική Τράπεζα","name_en":"National Bank of Greece"}},{"type":"Feature","id":9299,"geometry":{"type":"Point","coordinates":[23.728536200000065,37.933291600000075]},"properties":{"OBJECTID":9299,"amenity":"bank","name":"Alpha Bank","name_en":null}},{"type":"Feature","id":9300,"geometry":{"type":"Point","coordinates":[23.728340900000035,37.932990700000062]},"properties":{"OBJECTID":9300,"amenity":"bank","name":"Eurobank","name_en":null}},{"type":"Feature","id":9301,"geometry":{"type":"Point","coordinates":[23.729456400000061,37.935175300000026]},"properties":{"OBJECTID":9301,"amenity":"bank","name":"Τράπεζα Πειραιώς","name_en":"Piraeus Bank"}},{"type":"Feature","id":9304,"geometry":{"type":"Point","coordinates":[23.655490500000042,37.952979400000061]},"properties":{"OBJECTID":9304,"amenity":"bank","name":"Τράπεζα Πειραιώς","name_en":"Piraeus Bank"}},{"type":"Feature","id":9318,"geometry":{"type":"Point","coordinates":[23.732638700000052,37.980376300000046]},"properties":{"OBJECTID":9318,"amenity":"bank","name":"Eurobank","name_en":null}},{"type":"Feature","id":9319,"geometry":{"type":"Point","coordinates":[23.733114700000044,37.979854100000068]},"properties":{"OBJECTID":9319,"amenity":"bank","name":"Τράπεζα Πειραιώς","name_en":"Piraeus Bank"}},{"type":"Feature","id":9320,"geometry":{"type":"Point","coordinates":[23.754334100000051,37.967608600000062]},"properties":{"OBJECTID":9320,"amenity":"bank","name":"Eurobank","name_en":null}},{"type":"Feature","id":9326,"geometry":{"type":"Point","coordinates":[23.737812900000051,38.034361900000079]},"properties":{"OBJECTID":9326,"amenity":"bank","name":"Alpha Bank","name_en":null}},{"type":"Feature","id":9331,"geometry":{"type":"Point","coordinates":[23.734028000000023,38.028667100000064]},"properties":{"OBJECTID":9331,"amenity":"bank","name":"Τράπεζα Πειραιώς","name_en":"Piraeus Bank"}},{"type":"Feature","id":9346,"geometry":{"type":"Point","coordinates":[23.712911400000053,37.91018930000007]},"properties":{"OBJECTID":9346,"amenity":"bank","name":"Alpha Bank","name_en":null}},{"type":"Feature","id":9353,"geometry":{"type":"Point","coordinates":[23.755424000000062,38.058508800000027]},"properties":{"OBJECTID":9353,"amenity":"bank","name":"Τράπεζα Πειραιώς","name_en":"Piraeus Bank"}},{"type":"Feature","id":9358,"geometry":{"type":"Point","coordinates":[23.82811410000005,38.114900900000066]},"properties":{"OBJECTID":9358,"amenity":"bank","name":"Eurobank","name_en":null}},{"type":"Feature","id":9370,"geometry":{"type":"Point","coordinates":[23.645479500000079,37.94558260000008]},"properties":{"OBJECTID":9370,"amenity":"bank","name":"Alpha Bank","name_en":null}},{"type":"Feature","id":9377,"geometry":{"type":"Point","coordinates":[23.808246300000064,38.101051900000073]},"properties":{"OBJECTID":9377,"amenity":"bank","name":"Eurobank","name_en":null}},{"type":"Feature","id":9378,"geometry":{"type":"Point","coordinates":[23.809348800000066,38.101418700000067]},"properties":{"OBJECTID":9378,"amenity":"bank","name":null,"name_en":null}},{"type":"Feature","id":9411,"geometry":{"type":"Point","coordinates":[23.714008600000057,38.05921550000005]},"properties":{"OBJECTID":9411,"amenity":"bank","name":"Alpha Bank","name_en":null}},{"type":"Feature","id":9414,"geometry":{"type":"Point","coordinates":[23.713621200000034,38.058580300000074]},"properties":{"OBJECTID":9414,"amenity":"bank","name":"Εθνική Τράπεζα","name_en":"National Bank of Greece"}},{"type":"Feature","id":9419,"geometry":{"type":"Point","coordinates":[23.709770800000058,37.912448700000027]},"properties":{"OBJECTID":9419,"amenity":"bank","name":"Eurobank","name_en":null}},{"type":"Feature","id":9422,"geometry":{"type":"Point","coordinates":[23.690971300000058,38.016021600000045]},"properties":{"OBJECTID":9422,"amenity":"bank","name":"Τράπεζα Πειραιώς","name_en":"Piraeus Bank"}},{"type":"Feature","id":9444,"geometry":{"type":"Point","coordinates":[23.65353760000005,37.970615600000031]},"properties":{"OBJECTID":9444,"amenity":"bank","name":"Τράπεζα Πειραιώς","name_en":"Piraeus Bank"}},{"type":"Feature","id":9445,"geometry":{"type":"Point","coordinates":[23.653394800000058,37.97088130000003]},"properties":{"OBJECTID":9445,"amenity":"bank","name":"Τράπεζα Πειραιώς","name_en":"Piraeus Bank"}},{"type":"Feature","id":9455,"geometry":{"type":"Point","coordinates":[23.723058800000047,38.004383400000052]},"properties":{"OBJECTID":9455,"amenity":"bank","name":"Εθνική","name_en":null}},{"type":"Feature","id":9472,"geometry":{"type":"Point","coordinates":[23.641389700000047,37.936397600000078]},"properties":{"OBJECTID":9472,"amenity":"bank","name":"Eurobank","name_en":null}},{"type":"Feature","id":9478,"geometry":{"type":"Point","coordinates":[23.644428900000037,37.945736600000032]},"properties":{"OBJECTID":9478,"amenity":"bank","name":"Eurobank","name_en":null}},{"type":"Feature","id":9503,"geometry":{"type":"Point","coordinates":[23.643753600000025,37.94776070000006]},"properties":{"OBJECTID":9503,"amenity":"bank","name":"Παγκρήτια Συνεταιριστική Τράπεζα","name_en":null}},{"type":"Feature","id":9517,"geometry":{"type":"Point","coordinates":[23.733713700000067,38.000020000000063]},"properties":{"OBJECTID":9517,"amenity":"bank","name":"Εθνική Τράπεζα","name_en":"National Bank of Greece"}},{"type":"Feature","id":9574,"geometry":{"type":"Point","coordinates":[23.691119100000037,38.039241600000025]},"properties":{"OBJECTID":9574,"amenity":"bank","name":"Εθνική Τράπεζα","name_en":"National Bank of Greece"}},{"type":"Feature","id":9634,"geometry":{"type":"Point","coordinates":[23.860035000000039,38.140406200000029]},"properties":{"OBJECTID":9634,"amenity":"bank","name":"Εθνική Τράπεζα","name_en":"National Bank of Greece"}},{"type":"Feature","id":9640,"geometry":{"type":"Point","coordinates":[23.959335400000043,38.157392200000061]},"properties":{"OBJECTID":9640,"amenity":"bank","name":null,"name_en":null}},{"type":"Feature","id":9641,"geometry":{"type":"Point","coordinates":[23.95928420000007,38.157471500000042]},"properties":{"OBJECTID":9641,"amenity":"bank","name":"Alpha Bank","name_en":null}},{"type":"Feature","id":9672,"geometry":{"type":"Point","coordinates":[23.707503700000075,38.073764200000028]},"properties":{"OBJECTID":9672,"amenity":"bank","name":"Εθνική Τράπεζα","name_en":"National Bank of Greece"}},{"type":"Feature","id":9682,"geometry":{"type":"Point","coordinates":[23.41944970000003,38.002270200000055]},"properties":{"OBJECTID":9682,"amenity":"bank","name":null,"name_en":null}},{"type":"Feature","id":9703,"geometry":{"type":"Point","coordinates":[23.733813700000042,37.974343200000078]},"properties":{"OBJECTID":9703,"amenity":"bank","name":"Alpha Bank","name_en":null}},{"type":"Feature","id":9724,"geometry":{"type":"Point","coordinates":[23.740138800000068,37.977731100000028]},"properties":{"OBJECTID":9724,"amenity":"bank","name":"Εθνική Τράπεζα","name_en":"National Bank of Greece"}},{"type":"Feature","id":9782,"geometry":{"type":"Point","coordinates":[23.466250000000059,37.349755800000025]},"properties":{"OBJECTID":9782,"amenity":"bank","name":"Εθνική Τράπεζα","name_en":"National Bank of Greece"}},{"type":"Feature","id":9790,"geometry":{"type":"Point","coordinates":[23.798493500000063,38.021874000000025]},"properties":{"OBJECTID":9790,"amenity":"bank","name":"Εθνική Τράπεζα","name_en":"National Bank of Greece"}},{"type":"Feature","id":9803,"geometry":{"type":"Point","coordinates":[23.752595400000075,37.987897500000031]},"properties":{"OBJECTID":9803,"amenity":"bank","name":"Alpha Bank","name_en":null}},{"type":"Feature","id":9840,"geometry":{"type":"Point","coordinates":[23.701793000000066,38.004750000000058]},"properties":{"OBJECTID":9840,"amenity":"bank","name":"Εθνική Τράπεζα","name_en":"National Bank of Greece"}},{"type":"Feature","id":9844,"geometry":{"type":"Point","coordinates":[23.703215900000032,37.957004200000029]},"properties":{"OBJECTID":9844,"amenity":"bank","name":"Εθνική Τράπεζα","name_en":"National Bank of Greece"}},{"type":"Feature","id":9867,"geometry":{"type":"Point","coordinates":[23.655628500000034,37.952654600000074]},"properties":{"OBJECTID":9867,"amenity":"bank","name":"Eurobank","name_en":null}},{"type":"Feature","id":9868,"geometry":{"type":"Point","coordinates":[23.656821000000036,37.950829800000065]},"properties":{"OBJECTID":9868,"amenity":"bank","name":"Εθνική Τράπεζα","name_en":"National Bank of Greece"}},{"type":"Feature","id":9869,"geometry":{"type":"Point","coordinates":[23.656981700000074,37.949408000000062]},"properties":{"OBJECTID":9869,"amenity":"bank","name":"Alpha Bank","name_en":null}},{"type":"Feature","id":9884,"geometry":{"type":"Point","coordinates":[23.794203100000061,38.059183000000075]},"properties":{"OBJECTID":9884,"amenity":"bank","name":"Eurobank","name_en":null}},{"type":"Feature","id":9925,"geometry":{"type":"Point","coordinates":[23.158434100000022,37.265187900000058]},"properties":{"OBJECTID":9925,"amenity":"bank","name":"Εθνική Τράπεζα","name_en":"National Bank of Greece"}},{"type":"Feature","id":9928,"geometry":{"type":"Point","coordinates":[23.156134800000075,37.266816500000061]},"properties":{"OBJECTID":9928,"amenity":"bank","name":"Τράπεζα Πειραιώς","name_en":"Piraeus Bank"}},{"type":"Feature","id":9930,"geometry":{"type":"Point","coordinates":[23.155876500000034,37.267318400000079]},"properties":{"OBJECTID":9930,"amenity":"bank","name":null,"name_en":null}},{"type":"Feature","id":9963,"geometry":{"type":"Point","coordinates":[23.69924130000004,37.942680800000062]},"properties":{"OBJECTID":9963,"amenity":"bank","name":"Τράπεζα Πειραιώς","name_en":"Piraeus Bank"}},{"type":"Feature","id":9964,"geometry":{"type":"Point","coordinates":[23.70177700000005,37.945639400000061]},"properties":{"OBJECTID":9964,"amenity":"bank","name":null,"name_en":null}},{"type":"Feature","id":9965,"geometry":{"type":"Point","coordinates":[23.710761400000024,37.95270910000005]},"properties":{"OBJECTID":9965,"amenity":"bank","name":null,"name_en":null}},{"type":"Feature","id":9968,"geometry":{"type":"Point","coordinates":[23.805735300000038,38.100858000000073]},"properties":{"OBJECTID":9968,"amenity":"bank","name":null,"name_en":null}},{"type":"Feature","id":9977,"geometry":{"type":"Point","coordinates":[23.76179970000004,38.041918500000065]},"properties":{"OBJECTID":9977,"amenity":"bank","name":"Eurobank","name_en":null}},{"type":"Feature","id":9979,"geometry":{"type":"Point","coordinates":[23.752175200000067,38.044099200000062]},"properties":{"OBJECTID":9979,"amenity":"bank","name":"Πειραιώς","name_en":"Piraeus Bank"}},{"type":"Feature","id":9984,"geometry":{"type":"Point","coordinates":[23.701017200000024,38.004779100000064]},"properties":{"OBJECTID":9984,"amenity":"bank","name":"Τράπεζα Πειραιώς","name_en":"Piraeus Bank"}},{"type":"Feature","id":9986,"geometry":{"type":"Point","coordinates":[23.700778300000025,38.005545200000029]},"properties":{"OBJECTID":9986,"amenity":"bank","name":null,"name_en":null}},{"type":"Feature","id":9988,"geometry":{"type":"Point","coordinates":[23.753396300000077,38.013027900000054]},"properties":{"OBJECTID":9988,"amenity":"bank","name":"Τράπεζα Πειραιώς","name_en":"Piraeus Bank"}},{"type":"Feature","id":10002,"geometry":{"type":"Point","coordinates":[23.877487600000052,38.003602500000056]},"properties":{"OBJECTID":10002,"amenity":"bank","name":"Eurobank","name_en":null}},{"type":"Feature","id":10003,"geometry":{"type":"Point","coordinates":[23.877106100000049,38.003635000000031]},"properties":{"OBJECTID":10003,"amenity":"bank","name":"Τράπεζα Πειραιώς","name_en":"Piraeus Bank"}},{"type":"Feature","id":10015,"geometry":{"type":"Point","coordinates":[23.818992600000058,38.012987200000055]},"properties":{"OBJECTID":10015,"amenity":"bank","name":"Τράπεζα Πειραιώς","name_en":"Piraeus Bank"}},{"type":"Feature","id":10017,"geometry":{"type":"Point","coordinates":[23.828109100000063,38.038500200000044]},"properties":{"OBJECTID":10017,"amenity":"bank","name":"Alpha Bank","name_en":null}},{"type":"Feature","id":10018,"geometry":{"type":"Point","coordinates":[23.832502500000032,38.041282300000034]},"properties":{"OBJECTID":10018,"amenity":"bank","name":"Τράπεζα Πειραιώς","name_en":"Piraeus Bank"}},{"type":"Feature","id":10021,"geometry":{"type":"Point","coordinates":[23.776462700000025,38.001924000000031]},"properties":{"OBJECTID":10021,"amenity":"bank","name":"HSBC","name_en":null}},{"type":"Feature","id":10038,"geometry":{"type":"Point","coordinates":[23.679258100000027,37.991921800000057]},"properties":{"OBJECTID":10038,"amenity":"bank","name":"Τράπεζα Πειραιώς","name_en":"Piraeus Bank"}},{"type":"Feature","id":10039,"geometry":{"type":"Point","coordinates":[23.750979100000052,37.971245100000033]},"properties":{"OBJECTID":10039,"amenity":"bank","name":"Εθνική Τράπεζα","name_en":"National Bank of Greece"}},{"type":"Feature","id":10040,"geometry":{"type":"Point","coordinates":[23.757385700000043,37.96871550000003]},"properties":{"OBJECTID":10040,"amenity":"bank","name":"Τράπεζα Πειραιώς","name_en":"Piraeus Bank"}},{"type":"Feature","id":10041,"geometry":{"type":"Point","coordinates":[23.757915100000048,37.968588900000043]},"properties":{"OBJECTID":10041,"amenity":"bank","name":"Eurobank","name_en":null}},{"type":"Feature","id":10126,"geometry":{"type":"Point","coordinates":[23.727612100000044,37.986187800000039]},"properties":{"OBJECTID":10126,"amenity":"bank","name":"Eurobank","name_en":null}},{"type":"Feature","id":10131,"geometry":{"type":"Point","coordinates":[23.800326700000028,38.024011300000041]},"properties":{"OBJECTID":10131,"amenity":"bank","name":"Alpha Bank","name_en":null}},{"type":"Feature","id":10134,"geometry":{"type":"Point","coordinates":[23.800471500000072,38.022722400000077]},"properties":{"OBJECTID":10134,"amenity":"bank","name":"Eurobank","name_en":null}},{"type":"Feature","id":10135,"geometry":{"type":"Point","coordinates":[23.774497100000076,38.002853400000049]},"properties":{"OBJECTID":10135,"amenity":"bank","name":"Τράπεζα Πειραιώς","name_en":"Piraeus Bank"}},{"type":"Feature","id":10136,"geometry":{"type":"Point","coordinates":[23.779859200000033,38.009096200000045]},"properties":{"OBJECTID":10136,"amenity":"bank","name":"Eurobank","name_en":null}},{"type":"Feature","id":10137,"geometry":{"type":"Point","coordinates":[23.784030700000073,38.013881000000026]},"properties":{"OBJECTID":10137,"amenity":"bank","name":"Alpha Bank","name_en":null}},{"type":"Feature","id":10156,"geometry":{"type":"Point","coordinates":[23.638474400000064,37.935941100000036]},"properties":{"OBJECTID":10156,"amenity":"bank","name":"Τράπεζα Πειραιώς","name_en":"Piraeus Bank"}},{"type":"Feature","id":10159,"geometry":{"type":"Point","coordinates":[23.641954100000078,37.937338800000077]},"properties":{"OBJECTID":10159,"amenity":"bank","name":"Alpha Bank","name_en":null}},{"type":"Feature","id":10261,"geometry":{"type":"Point","coordinates":[23.752783500000078,37.975966300000039]},"properties":{"OBJECTID":10261,"amenity":"bank","name":"Eurobank","name_en":null}},{"type":"Feature","id":10276,"geometry":{"type":"Point","coordinates":[23.647447500000055,37.941940600000066]},"properties":{"OBJECTID":10276,"amenity":"bank","name":"Eurobank","name_en":null}},{"type":"Feature","id":10289,"geometry":{"type":"Point","coordinates":[23.714101200000073,37.975322600000027]},"properties":{"OBJECTID":10289,"amenity":"bank","name":"Eurobank","name_en":null}},{"type":"Feature","id":10293,"geometry":{"type":"Point","coordinates":[23.713262500000042,37.973774500000047]},"properties":{"OBJECTID":10293,"amenity":"bank","name":"Alpha Bank","name_en":null}},{"type":"Feature","id":10311,"geometry":{"type":"Point","coordinates":[23.732753000000059,37.975152900000069]},"properties":{"OBJECTID":10311,"amenity":"bank","name":"Τράπεζα Πειραιώς","name_en":"Piraeus Bank"}},{"type":"Feature","id":10520,"geometry":{"type":"Point","coordinates":[23.739384900000061,37.984563900000069]},"properties":{"OBJECTID":10520,"amenity":"bank","name":"Τράπεζα Πειραιώς","name_en":"Piraeus Bank"}},{"type":"Feature","id":10649,"geometry":{"type":"Point","coordinates":[23.977565900000059,38.084855400000038]},"properties":{"OBJECTID":10649,"amenity":"bank","name":"Τράπεζα Πειραιώς","name_en":"Piraeus Bank"}},{"type":"Feature","id":10650,"geometry":{"type":"Point","coordinates":[23.979239000000064,38.081726100000026]},"properties":{"OBJECTID":10650,"amenity":"bank","name":"Alpha Bank","name_en":null}},{"type":"Feature","id":10651,"geometry":{"type":"Point","coordinates":[23.980320500000062,38.080603200000041]},"properties":{"OBJECTID":10651,"amenity":"bank","name":"Εθνική Τράπεζα","name_en":"National Bank of Greece"}},{"type":"Feature","id":10677,"geometry":{"type":"Point","coordinates":[23.678964500000063,37.951446300000043]},"properties":{"OBJECTID":10677,"amenity":"bank","name":"Εθνική Τράπεζα","name_en":"National Bank of Greece"}},{"type":"Feature","id":10706,"geometry":{"type":"Point","coordinates":[23.701334100000054,37.944273000000067]},"properties":{"OBJECTID":10706,"amenity":"bank","name":"Alpha Bank","name_en":null}},{"type":"Feature","id":10707,"geometry":{"type":"Point","coordinates":[23.70178100000004,37.955518400000074]},"properties":{"OBJECTID":10707,"amenity":"bank","name":"Τράπεζα Πειραιώς","name_en":"Piraeus Bank"}},{"type":"Feature","id":10708,"geometry":{"type":"Point","coordinates":[23.701665800000058,37.955459000000076]},"properties":{"OBJECTID":10708,"amenity":"bank","name":"Alpha Bank","name_en":null}},{"type":"Feature","id":10721,"geometry":{"type":"Point","coordinates":[23.74753110000006,37.86291650000004]},"properties":{"OBJECTID":10721,"amenity":"bank","name":"Τράπεζα Πειραιώς","name_en":"Piraeus Bank"}},{"type":"Feature","id":10797,"geometry":{"type":"Point","coordinates":[23.689422100000058,37.928271800000061]},"properties":{"OBJECTID":10797,"amenity":"bank","name":"Eurobank","name_en":null}},{"type":"Feature","id":10798,"geometry":{"type":"Point","coordinates":[23.710821100000032,37.933918100000028]},"properties":{"OBJECTID":10798,"amenity":"bank","name":"Alpha Bank","name_en":null}},{"type":"Feature","id":10799,"geometry":{"type":"Point","coordinates":[23.641539200000068,37.939171300000055]},"properties":{"OBJECTID":10799,"amenity":"bank","name":"Τράπεζα Πειραιώς","name_en":"Piraeus Bank"}},{"type":"Feature","id":10835,"geometry":{"type":"Point","coordinates":[23.709878200000048,37.93090200000006]},"properties":{"OBJECTID":10835,"amenity":"bank","name":"Eurobank","name_en":null}},{"type":"Feature","id":10918,"geometry":{"type":"Point","coordinates":[23.751947600000051,37.859551000000067]},"properties":{"OBJECTID":10918,"amenity":"bank","name":"Aegean Baltic","name_en":null}},{"type":"Feature","id":10960,"geometry":{"type":"Point","coordinates":[23.679212000000064,37.950887700000067]},"properties":{"OBJECTID":10960,"amenity":"bank","name":"Alpha Bank","name_en":null}},{"type":"Feature","id":10997,"geometry":{"type":"Point","coordinates":[23.766631500000074,38.047113100000047]},"properties":{"OBJECTID":10997,"amenity":"bank","name":"Eurobank","name_en":null}},{"type":"Feature","id":11018,"geometry":{"type":"Point","coordinates":[23.666075300000045,37.951954600000079]},"properties":{"OBJECTID":11018,"amenity":"bank","name":"Alpha","name_en":null}},{"type":"Feature","id":11050,"geometry":{"type":"Point","coordinates":[23.819805300000041,38.075865200000067]},"properties":{"OBJECTID":11050,"amenity":"bank","name":null,"name_en":null}},{"type":"Feature","id":11080,"geometry":{"type":"Point","coordinates":[23.640213500000073,37.949555200000077]},"properties":{"OBJECTID":11080,"amenity":"bank","name":"Eurobank","name_en":null}},{"type":"Feature","id":11105,"geometry":{"type":"Point","coordinates":[23.628068900000073,37.964192600000047]},"properties":{"OBJECTID":11105,"amenity":"bank","name":"Τράπεζα Πειραιώς","name_en":"Piraeus Bank"}},{"type":"Feature","id":11161,"geometry":{"type":"Point","coordinates":[23.651248100000032,37.942645900000059]},"properties":{"OBJECTID":11161,"amenity":"bank","name":"Τράπεζα Πειραιώς","name_en":"Piraeus Bank"}},{"type":"Feature","id":11171,"geometry":{"type":"Point","coordinates":[23.627187100000071,37.964308000000074]},"properties":{"OBJECTID":11171,"amenity":"bank","name":"Τράπεζα Πειραιώς","name_en":"Piraeus Bank"}},{"type":"Feature","id":11271,"geometry":{"type":"Point","coordinates":[23.707390300000043,37.987757200000033]},"properties":{"OBJECTID":11271,"amenity":"bank","name":"Τράπεζα Πειραιώς","name_en":"Piraeus Bank"}},{"type":"Feature","id":11314,"geometry":{"type":"Point","coordinates":[23.712871500000062,37.995035400000063]},"properties":{"OBJECTID":11314,"amenity":"bank","name":"Τράπεζα Πειραιώς","name_en":"Piraeus Bank"}},{"type":"Feature","id":11539,"geometry":{"type":"Point","coordinates":[23.72603950000007,37.96425830000004]},"properties":{"OBJECTID":11539,"amenity":"bank","name":"Alpha Bank","name_en":null}},{"type":"Feature","id":11545,"geometry":{"type":"Point","coordinates":[23.641044500000078,37.950326100000041]},"properties":{"OBJECTID":11545,"amenity":"bank","name":"Τράπεζα Πειραιώς","name_en":"Piraeus Bank"}},{"type":"Feature","id":11548,"geometry":{"type":"Point","coordinates":[23.674286900000027,37.961085500000024]},"properties":{"OBJECTID":11548,"amenity":"bank","name":"Alpha Bank","name_en":null}},{"type":"Feature","id":11549,"geometry":{"type":"Point","coordinates":[23.675310100000047,37.961531300000047]},"properties":{"OBJECTID":11549,"amenity":"bank","name":"Τράπεζα Πειραιώς","name_en":"Piraeus Bank"}},{"type":"Feature","id":11550,"geometry":{"type":"Point","coordinates":[23.675374800000043,37.961622700000078]},"properties":{"OBJECTID":11550,"amenity":"bank","name":"Εθνική Τράπεζα","name_en":"National Bank of Greece"}},{"type":"Feature","id":11679,"geometry":{"type":"Point","coordinates":[23.811201800000049,38.072085000000072]},"properties":{"OBJECTID":11679,"amenity":"bank","name":"EFG Eurobank ergasias AE","name_en":null}},{"type":"Feature","id":11695,"geometry":{"type":"Point","coordinates":[23.734415100000035,37.978334600000039]},"properties":{"OBJECTID":11695,"amenity":"bank","name":"Optima Bank","name_en":null}},{"type":"Feature","id":11697,"geometry":{"type":"Point","coordinates":[23.857690000000048,38.058608100000072]},"properties":{"OBJECTID":11697,"amenity":"bank","name":"Alpha Bank","name_en":null}},{"type":"Feature","id":11700,"geometry":{"type":"Point","coordinates":[23.831796000000054,38.040769900000043]},"properties":{"OBJECTID":11700,"amenity":"bank","name":"Τράπεζα Πειραιώς","name_en":"Piraeus Bank"}},{"type":"Feature","id":11807,"geometry":{"type":"Point","coordinates":[23.729406400000073,37.979471100000069]},"properties":{"OBJECTID":11807,"amenity":"bank","name":"Eurobank","name_en":null}},{"type":"Feature","id":11821,"geometry":{"type":"Point","coordinates":[23.758733300000074,37.989707600000031]},"properties":{"OBJECTID":11821,"amenity":"bank","name":"Εθνική Τράπεζα","name_en":"National Bank of Greece"}},{"type":"Feature","id":11940,"geometry":{"type":"Point","coordinates":[23.73510820000007,37.978111200000058]},"properties":{"OBJECTID":11940,"amenity":"bank","name":"Alpha Bank","name_en":null}},{"type":"Feature","id":11949,"geometry":{"type":"Point","coordinates":[23.735009500000047,37.978234600000064]},"properties":{"OBJECTID":11949,"amenity":"bank","name":"Τράπεζα Πειραιώς","name_en":"Piraeus Bank"}},{"type":"Feature","id":11960,"geometry":{"type":"Point","coordinates":[24.006252800000027,38.019710500000031]},"properties":{"OBJECTID":11960,"amenity":"bank","name":"Alpha Bank","name_en":null}},{"type":"Feature","id":11968,"geometry":{"type":"Point","coordinates":[23.687223600000038,38.005065700000046]},"properties":{"OBJECTID":11968,"amenity":"bank","name":"Εθνική Τράπεζα","name_en":"National Bank of Greece"}},{"type":"Feature","id":11969,"geometry":{"type":"Point","coordinates":[23.692013000000031,38.017706600000054]},"properties":{"OBJECTID":11969,"amenity":"bank","name":"Attica","name_en":"Attica"}},{"type":"Feature","id":11972,"geometry":{"type":"Point","coordinates":[23.819722900000045,38.012302800000043]},"properties":{"OBJECTID":11972,"amenity":"bank","name":"Εθνική Τράπεζα","name_en":"National Bank of Greece"}},{"type":"Feature","id":11973,"geometry":{"type":"Point","coordinates":[23.822218600000042,38.013909200000057]},"properties":{"OBJECTID":11973,"amenity":"bank","name":"Attica Bank","name_en":null}},{"type":"Feature","id":11975,"geometry":{"type":"Point","coordinates":[23.81941340000003,38.014229000000057]},"properties":{"OBJECTID":11975,"amenity":"bank","name":"Συνεταιριστική Τράπεζα Χανίων","name_en":null}},{"type":"Feature","id":12008,"geometry":{"type":"Point","coordinates":[23.686789900000065,37.946307800000056]},"properties":{"OBJECTID":12008,"amenity":"bank","name":"Alpha Bank","name_en":null}},{"type":"Feature","id":12050,"geometry":{"type":"Point","coordinates":[23.715385100000049,37.946702600000037]},"properties":{"OBJECTID":12050,"amenity":"bank","name":"Εθνική Τράπεζα","name_en":"National Bank of Greece"}},{"type":"Feature","id":12052,"geometry":{"type":"Point","coordinates":[23.714368500000035,37.94707070000004]},"properties":{"OBJECTID":12052,"amenity":"bank","name":"Alpha Bank","name_en":null}},{"type":"Feature","id":12053,"geometry":{"type":"Point","coordinates":[23.713529000000051,37.947248300000069]},"properties":{"OBJECTID":12053,"amenity":"bank","name":"Τράπεζα Πειραιώς","name_en":"Piraeus Bank"}},{"type":"Feature","id":12058,"geometry":{"type":"Point","coordinates":[23.714936100000045,37.945246300000065]},"properties":{"OBJECTID":12058,"amenity":"bank","name":"Attica","name_en":"Attica"}},{"type":"Feature","id":12060,"geometry":{"type":"Point","coordinates":[23.719254400000068,37.943875700000035]},"properties":{"OBJECTID":12060,"amenity":"bank","name":"Εθνική Τράπεζα","name_en":"National Bank of Greece"}},{"type":"Feature","id":12064,"geometry":{"type":"Point","coordinates":[23.70663200000007,37.922051800000077]},"properties":{"OBJECTID":12064,"amenity":"bank","name":"Εθνική Τράπεζα","name_en":"National Bank of Greece"}},{"type":"Feature","id":12065,"geometry":{"type":"Point","coordinates":[23.731342200000029,37.965950700000064]},"properties":{"OBJECTID":12065,"amenity":"bank","name":"Eurobank","name_en":null}},{"type":"Feature","id":12090,"geometry":{"type":"Point","coordinates":[23.711162200000047,37.948688400000037]},"properties":{"OBJECTID":12090,"amenity":"bank","name":"HSBC","name_en":null}},{"type":"Feature","id":12091,"geometry":{"type":"Point","coordinates":[23.714109900000039,37.945634200000029]},"properties":{"OBJECTID":12091,"amenity":"bank","name":"Τράπεζα Πειραιώς","name_en":"Piraeus Bank"}},{"type":"Feature","id":12092,"geometry":{"type":"Point","coordinates":[23.710864500000071,37.947533600000042]},"properties":{"OBJECTID":12092,"amenity":"bank","name":"Eurobank","name_en":null}},{"type":"Feature","id":12269,"geometry":{"type":"Point","coordinates":[23.725160600000038,37.980700700000057]},"properties":{"OBJECTID":12269,"amenity":"bank","name":"Alpha Bank","name_en":null}},{"type":"Feature","id":12767,"geometry":{"type":"Point","coordinates":[23.734252500000025,37.976426100000026]},"properties":{"OBJECTID":12767,"amenity":"bank","name":"Εθνική Τράπεζα","name_en":"National Bank of Greece"}},{"type":"Feature","id":12772,"geometry":{"type":"Point","coordinates":[23.733593100000064,37.976431000000048]},"properties":{"OBJECTID":12772,"amenity":"bank","name":"Εθνική Τράπεζα","name_en":"National Bank of Greece"}},{"type":"Feature","id":12778,"geometry":{"type":"Point","coordinates":[23.736663600000043,37.977646500000048]},"properties":{"OBJECTID":12778,"amenity":"bank","name":"Eurobank","name_en":null}},{"type":"Feature","id":12820,"geometry":{"type":"Point","coordinates":[23.740258600000061,37.977162000000078]},"properties":{"OBJECTID":12820,"amenity":"bank","name":"Τράπεζα Πειραιώς","name_en":"Piraeus Bank"}},{"type":"Feature","id":12821,"geometry":{"type":"Point","coordinates":[23.74013750000006,37.977121700000055]},"properties":{"OBJECTID":12821,"amenity":"bank","name":"Eurobank","name_en":null}},{"type":"Feature","id":12822,"geometry":{"type":"Point","coordinates":[23.73845220000004,37.976636700000029]},"properties":{"OBJECTID":12822,"amenity":"bank","name":"Alpha Bank","name_en":null}},{"type":"Feature","id":13134,"geometry":{"type":"Point","coordinates":[23.745417900000064,37.910855000000026]},"properties":{"OBJECTID":13134,"amenity":"bank","name":"Eurobank","name_en":null}},{"type":"Feature","id":13223,"geometry":{"type":"Point","coordinates":[23.872788000000071,37.900101600000028]},"properties":{"OBJECTID":13223,"amenity":"bank","name":"Alpha Bank","name_en":null}},{"type":"Feature","id":13292,"geometry":{"type":"Point","coordinates":[23.569079600000066,37.964292000000057]},"properties":{"OBJECTID":13292,"amenity":"bank","name":"Εθνική Τράπεζα","name_en":"National Bank of Greece"}},{"type":"Feature","id":13296,"geometry":{"type":"Point","coordinates":[23.807237900000075,38.046774900000059]},"properties":{"OBJECTID":13296,"amenity":"bank","name":"Eurobank","name_en":null}},{"type":"Feature","id":13297,"geometry":{"type":"Point","coordinates":[23.805121800000052,38.043672300000026]},"properties":{"OBJECTID":13297,"amenity":"bank","name":"Eurobank","name_en":null}},{"type":"Feature","id":13300,"geometry":{"type":"Point","coordinates":[23.701285900000073,37.944230400000038]},"properties":{"OBJECTID":13300,"amenity":"bank","name":"Εθνική Τράπεζα","name_en":"National Bank of Greece"}},{"type":"Feature","id":13301,"geometry":{"type":"Point","coordinates":[23.721237600000052,38.027665300000081]},"properties":{"OBJECTID":13301,"amenity":"bank","name":"Τράπεζα Πειραιώς","name_en":"Piraeus Bank"}},{"type":"Feature","id":13615,"geometry":{"type":"Point","coordinates":[23.711076400000024,37.96982150000008]},"properties":{"OBJECTID":13615,"amenity":"bank","name":"Τράπεζα Πειραιώς","name_en":"Piraeus Bank"}},{"type":"Feature","id":13767,"geometry":{"type":"Point","coordinates":[23.734277000000077,37.97850980000004]},"properties":{"OBJECTID":13767,"amenity":"bank","name":"Attica","name_en":null}},{"type":"Feature","id":14113,"geometry":{"type":"Point","coordinates":[23.751675100000057,37.862876200000073]},"properties":{"OBJECTID":14113,"amenity":"bank","name":"Alpha Bank","name_en":null}},{"type":"Feature","id":14137,"geometry":{"type":"Point","coordinates":[23.697821000000033,38.00922630000008]},"properties":{"OBJECTID":14137,"amenity":"bank","name":"Pancretan","name_en":null}},{"type":"Feature","id":14287,"geometry":{"type":"Point","coordinates":[23.648176700000079,37.939798300000064]},"properties":{"OBJECTID":14287,"amenity":"bank","name":"Pancreta","name_en":null}},{"type":"Feature","id":14584,"geometry":{"type":"Point","coordinates":[23.770420200000046,37.990859400000033]},"properties":{"OBJECTID":14584,"amenity":"bank","name":"Τράπεζα Πειραιώς","name_en":"Piraeus Bank"}},{"type":"Feature","id":14833,"geometry":{"type":"Point","coordinates":[23.927553400000079,37.839305900000056]},"properties":{"OBJECTID":14833,"amenity":"bank","name":"Εθνική Τράπεζα","name_en":"National Bank of Greece"}},{"type":"Feature","id":14893,"geometry":{"type":"Point","coordinates":[23.753873900000031,37.960072700000069]},"properties":{"OBJECTID":14893,"amenity":"bank","name":"Τράπεζα Πειραιώς","name_en":"Piraeus Bank"}},{"type":"Feature","id":14945,"geometry":{"type":"Point","coordinates":[23.973330700000076,37.810227200000043]},"properties":{"OBJECTID":14945,"amenity":"bank","name":"Εθνική Τράπεζα","name_en":"National Bank of Greece"}},{"type":"Feature","id":15008,"geometry":{"type":"Point","coordinates":[23.71928980000007,37.974816500000031]},"properties":{"OBJECTID":15008,"amenity":"bank","name":"Εθνική","name_en":null}},{"type":"Feature","id":15147,"geometry":{"type":"Point","coordinates":[23.721604700000057,37.924361600000054]},"properties":{"OBJECTID":15147,"amenity":"bank","name":"Alpha Bank","name_en":null}},{"type":"Feature","id":15149,"geometry":{"type":"Point","coordinates":[23.702685700000075,37.930505700000026]},"properties":{"OBJECTID":15149,"amenity":"bank","name":"Τράπεζα Πειραιώς","name_en":"Piraeus Bank"}},{"type":"Feature","id":15169,"geometry":{"type":"Point","coordinates":[23.711141400000031,37.969529200000068]},"properties":{"OBJECTID":15169,"amenity":"bank","name":"Εθνική Τράπεζα","name_en":"National Bank of Greece"}},{"type":"Feature","id":15311,"geometry":{"type":"Point","coordinates":[23.744538600000055,37.978190400000074]},"properties":{"OBJECTID":15311,"amenity":"bank","name":"Eurobank","name_en":null}},{"type":"Feature","id":15393,"geometry":{"type":"Point","coordinates":[23.753494800000055,38.013303300000075]},"properties":{"OBJECTID":15393,"amenity":"bank","name":"Εθνική Τράπεζα","name_en":"National Bank of Greece"}},{"type":"Feature","id":15489,"geometry":{"type":"Point","coordinates":[23.644353900000056,37.939624200000026]},"properties":{"OBJECTID":15489,"amenity":"bank","name":"Εθνική Τράπεζα","name_en":"National Bank of Greece"}},{"type":"Feature","id":15515,"geometry":{"type":"Point","coordinates":[23.655695600000058,37.980642700000033]},"properties":{"OBJECTID":15515,"amenity":"bank","name":"Τράπεζα Πειραιώς","name_en":"Piraeus Bank"}},{"type":"Feature","id":15633,"geometry":{"type":"Point","coordinates":[23.654307300000028,37.98074100000008]},"properties":{"OBJECTID":15633,"amenity":"bank","name":"Εθνική Τράπεζα","name_en":"National Bank of Greece"}},{"type":"Feature","id":15751,"geometry":{"type":"Point","coordinates":[23.763577300000065,37.984322900000052]},"properties":{"OBJECTID":15751,"amenity":"bank","name":"Τράπεζα Πειραιώς","name_en":"Piraeus Bank"}},{"type":"Feature","id":15856,"geometry":{"type":"Point","coordinates":[23.761219200000028,37.888297200000068]},"properties":{"OBJECTID":15856,"amenity":"bank","name":"Alpha Bank","name_en":null}},{"type":"Feature","id":15941,"geometry":{"type":"Point","coordinates":[23.774855000000059,38.003409900000065]},"properties":{"OBJECTID":15941,"amenity":"bank","name":"Εθνική Τράπεζα","name_en":"National Bank of Greece"}},{"type":"Feature","id":15965,"geometry":{"type":"Point","coordinates":[23.799522700000068,38.036991900000032]},"properties":{"OBJECTID":15965,"amenity":"bank","name":"Τράπεζα Πειραιώς","name_en":"Piraeus Bank"}},{"type":"Feature","id":15966,"geometry":{"type":"Point","coordinates":[23.812094400000035,38.07247760000007]},"properties":{"OBJECTID":15966,"amenity":"bank","name":"HSBC","name_en":null}},{"type":"Feature","id":15969,"geometry":{"type":"Point","coordinates":[23.778698800000029,38.008096400000056]},"properties":{"OBJECTID":15969,"amenity":"bank","name":"Optima Bank","name_en":null}},{"type":"Feature","id":15970,"geometry":{"type":"Point","coordinates":[23.796586700000034,38.034385600000064]},"properties":{"OBJECTID":15970,"amenity":"bank","name":"Εθνική Τράπεζα","name_en":"National Bank of Greece"}},{"type":"Feature","id":15981,"geometry":{"type":"Point","coordinates":[23.737533000000042,38.001328400000034]},"properties":{"OBJECTID":15981,"amenity":"bank","name":"Τράπεζα Πειραιώς","name_en":"Piraeus Bank"}},{"type":"Feature","id":16056,"geometry":{"type":"Point","coordinates":[23.760843200000068,37.986809700000038]},"properties":{"OBJECTID":16056,"amenity":"bank","name":"Τράπεζα Πειραιώς","name_en":"Piraeus Bank"}},{"type":"Feature","id":16225,"geometry":{"type":"Point","coordinates":[23.761406700000066,37.986136200000033]},"properties":{"OBJECTID":16225,"amenity":"bank","name":"Optima Bank","name_en":null}},{"type":"Feature","id":16361,"geometry":{"type":"Point","coordinates":[23.642483600000048,37.946470300000044]},"properties":{"OBJECTID":16361,"amenity":"bank","name":"Western Union","name_en":null}},{"type":"Feature","id":16391,"geometry":{"type":"Point","coordinates":[23.765464000000065,37.990346500000044]},"properties":{"OBJECTID":16391,"amenity":"bank","name":"Τράπεζα Πειραιώς","name_en":"Piraeus Bank"}},{"type":"Feature","id":16413,"geometry":{"type":"Point","coordinates":[23.734103300000072,37.977334300000052]},"properties":{"OBJECTID":16413,"amenity":"bank","name":"Τράπεζα Πειραιώς","name_en":"Piraeus Bank"}},{"type":"Feature","id":16436,"geometry":{"type":"Point","coordinates":[23.796109800000067,38.005503300000044]},"properties":{"OBJECTID":16436,"amenity":"bank","name":"Τράπεζα Πειραιώς","name_en":"Piraeus Bank"}},{"type":"Feature","id":16534,"geometry":{"type":"Point","coordinates":[23.75669460000006,37.944216300000051]},"properties":{"OBJECTID":16534,"amenity":"bank","name":"lakouva","name_en":null}},{"type":"Feature","id":16894,"geometry":{"type":"Point","coordinates":[23.668922900000041,37.946090900000058]},"properties":{"OBJECTID":16894,"amenity":"bank","name":"Εθνική Τράπεζα","name_en":"National Bank of Greece"}},{"type":"Feature","id":17016,"geometry":{"type":"Point","coordinates":[23.704409200000043,38.075676200000032]},"properties":{"OBJECTID":17016,"amenity":"bank","name":"Τράπεζα Πειραιώς","name_en":"Piraeus Bank"}},{"type":"Feature","id":17022,"geometry":{"type":"Point","coordinates":[23.706838800000071,38.074763800000028]},"properties":{"OBJECTID":17022,"amenity":"bank","name":"Eurobank","name_en":null}},{"type":"Feature","id":17243,"geometry":{"type":"Point","coordinates":[23.857935600000076,38.12037440000006]},"properties":{"OBJECTID":17243,"amenity":"bank","name":"Pireaus Bank","name_en":null}},{"type":"Feature","id":17249,"geometry":{"type":"Point","coordinates":[23.858660400000076,38.120788300000072]},"properties":{"OBJECTID":17249,"amenity":"bank","name":"Alpha Bank","name_en":null}},{"type":"Feature","id":17292,"geometry":{"type":"Point","coordinates":[23.749976300000071,37.93988580000007]},"properties":{"OBJECTID":17292,"amenity":"bank","name":"Τράπεζα Πειραιώς","name_en":"Piraeus Bank"}},{"type":"Feature","id":17440,"geometry":{"type":"Point","coordinates":[23.727205500000025,37.981343000000038]},"properties":{"OBJECTID":17440,"amenity":"bank","name":"Piraeus","name_en":null}},{"type":"Feature","id":17468,"geometry":{"type":"Point","coordinates":[23.808716300000071,38.053722200000038]},"properties":{"OBJECTID":17468,"amenity":"bank","name":"Τράπεζα Πειραιώς","name_en":"Piraeus Bank"}},{"type":"Feature","id":17493,"geometry":{"type":"Point","coordinates":[23.685331000000076,37.958263600000066]},"properties":{"OBJECTID":17493,"amenity":"bank","name":"Eurobank","name_en":null}},{"type":"Feature","id":17635,"geometry":{"type":"Point","coordinates":[23.741429000000039,37.977312200000028]},"properties":{"OBJECTID":17635,"amenity":"bank","name":"Alpha Bank","name_en":null}},{"type":"Feature","id":17705,"geometry":{"type":"Point","coordinates":[23.696673200000077,37.941657200000066]},"properties":{"OBJECTID":17705,"amenity":"bank","name":"Eurobank","name_en":null}},{"type":"Feature","id":17732,"geometry":{"type":"Point","coordinates":[23.493796400000065,37.963370800000064]},"properties":{"OBJECTID":17732,"amenity":"bank","name":"Εθνική Τράπεζα","name_en":"National Bank of Greece"}},{"type":"Feature","id":17802,"geometry":{"type":"Point","coordinates":[23.757937000000027,37.937288700000067]},"properties":{"OBJECTID":17802,"amenity":"bank","name":"Εθνική Τράπεζα","name_en":"National Bank of Greece"}},{"type":"Feature","id":17873,"geometry":{"type":"Point","coordinates":[23.345173000000045,37.99527820000003]},"properties":{"OBJECTID":17873,"amenity":"bank","name":"Τράπεζα Πειραιώς","name_en":"Piraeus Bank"}},{"type":"Feature","id":17894,"geometry":{"type":"Point","coordinates":[23.732418400000029,37.985017500000026]},"properties":{"OBJECTID":17894,"amenity":"bank","name":"FairSpot","name_en":null}},{"type":"Feature","id":18111,"geometry":{"type":"Point","coordinates":[23.685266600000034,37.944192300000054]},"properties":{"OBJECTID":18111,"amenity":"bank","name":"Εθνική","name_en":null}},{"type":"Feature","id":18114,"geometry":{"type":"Point","coordinates":[23.76178120000003,37.986237900000049]},"properties":{"OBJECTID":18114,"amenity":"bank","name":"Eurobank","name_en":null}},{"type":"Feature","id":18221,"geometry":{"type":"Point","coordinates":[23.650243200000034,37.977685700000052]},"properties":{"OBJECTID":18221,"amenity":"bank","name":"Alpha Bank","name_en":"Alpha Bank"}},{"type":"Feature","id":18337,"geometry":{"type":"Point","coordinates":[23.750586700000042,38.022027900000069]},"properties":{"OBJECTID":18337,"amenity":"bank","name":"ΤΡΑΠΕΖΑ ΠΕΙΡΑΙΩΣ","name_en":null}},{"type":"Feature","id":18415,"geometry":{"type":"Point","coordinates":[23.92821680000003,37.840229400000055]},"properties":{"OBJECTID":18415,"amenity":"bank","name":"Alpha Bank","name_en":null}},{"type":"Feature","id":18765,"geometry":{"type":"Point","coordinates":[23.933656700000029,37.883431100000053]},"properties":{"OBJECTID":18765,"amenity":"bank","name":"Τράπεζα Πειραιώς","name_en":"Piraeus Bank"}},{"type":"Feature","id":18795,"geometry":{"type":"Point","coordinates":[23.798154100000033,38.097790100000054]},"properties":{"OBJECTID":18795,"amenity":"bank","name":"Τράπεζα Πειραιώς","name_en":"Piraeus Bank"}},{"type":"Feature","id":18893,"geometry":{"type":"Point","coordinates":[23.698220900000024,37.953631600000051]},"properties":{"OBJECTID":18893,"amenity":"bank","name":"Eurobank","name_en":null}},{"type":"Feature","id":18942,"geometry":{"type":"Point","coordinates":[23.710112200000026,37.97219890000008]},"properties":{"OBJECTID":18942,"amenity":"bank","name":"Alpha Bank","name_en":null}},{"type":"Feature","id":19028,"geometry":{"type":"Point","coordinates":[23.729008400000055,38.012609800000064]},"properties":{"OBJECTID":19028,"amenity":"bank","name":"Εθνική Τράπεζα","name_en":"National Bank of Greece"}},{"type":"Feature","id":19105,"geometry":{"type":"Point","coordinates":[23.750989100000027,37.88529630000005]},"properties":{"OBJECTID":19105,"amenity":"bank","name":"Alpha","name_en":null}},{"type":"Feature","id":19232,"geometry":{"type":"Point","coordinates":[23.763798800000075,38.063365100000055]},"properties":{"OBJECTID":19232,"amenity":"bank","name":"Alpha Bank","name_en":null}},{"type":"Feature","id":19236,"geometry":{"type":"Point","coordinates":[23.734362000000033,37.959185500000046]},"properties":{"OBJECTID":19236,"amenity":"bank","name":"attica bank","name_en":null}},{"type":"Feature","id":19247,"geometry":{"type":"Point","coordinates":[23.71758740000007,38.026929300000063]},"properties":{"OBJECTID":19247,"amenity":"bank","name":"Εθνική Τράπεζα","name_en":"National Bank of Greece"}},{"type":"Feature","id":19434,"geometry":{"type":"Point","coordinates":[23.628957800000023,37.948726400000055]},"properties":{"OBJECTID":19434,"amenity":"bank","name":"Alpha Bank","name_en":null}},{"type":"Feature","id":19438,"geometry":{"type":"Point","coordinates":[23.629293300000029,37.948917900000026]},"properties":{"OBJECTID":19438,"amenity":"bank","name":"Τράπεζα Πειραιώς","name_en":"Piraeus Bank"}},{"type":"Feature","id":19854,"geometry":{"type":"Point","coordinates":[23.714322500000037,37.992415400000027]},"properties":{"OBJECTID":19854,"amenity":"bank","name":"Εθνική","name_en":null}},{"type":"Feature","id":19954,"geometry":{"type":"Point","coordinates":[23.725461400000029,37.983971800000063]},"properties":{"OBJECTID":19954,"amenity":"bank","name":"Western Union","name_en":null}},{"type":"Feature","id":20005,"geometry":{"type":"Point","coordinates":[23.639779600000054,37.95566800000006]},"properties":{"OBJECTID":20005,"amenity":"bank","name":"Eurobank","name_en":null}},{"type":"Feature","id":20006,"geometry":{"type":"Point","coordinates":[23.652897300000063,37.969834700000035]},"properties":{"OBJECTID":20006,"amenity":"bank","name":"Eurobank","name_en":null}},{"type":"Feature","id":20015,"geometry":{"type":"Point","coordinates":[23.623418400000048,37.958405200000072]},"properties":{"OBJECTID":20015,"amenity":"bank","name":"Eurobank","name_en":null}},{"type":"Feature","id":20061,"geometry":{"type":"Point","coordinates":[23.878108300000065,38.00364490000004]},"properties":{"OBJECTID":20061,"amenity":"bank","name":"Alpha Bank","name_en":null}},{"type":"Feature","id":20063,"geometry":{"type":"Point","coordinates":[23.636865000000057,37.936463900000035]},"properties":{"OBJECTID":20063,"amenity":"bank","name":"Alpha Bank","name_en":null}},{"type":"Feature","id":20080,"geometry":{"type":"Point","coordinates":[23.641027500000064,37.955066300000055]},"properties":{"OBJECTID":20080,"amenity":"bank","name":"Εθνική Τράπεζα","name_en":"National Bank of Greece"}},{"type":"Feature","id":20130,"geometry":{"type":"Point","coordinates":[23.69861080000004,37.968049000000065]},"properties":{"OBJECTID":20130,"amenity":"bank","name":"Alpha Bank","name_en":null}},{"type":"Feature","id":20142,"geometry":{"type":"Point","coordinates":[23.626885900000048,37.957679700000028]},"properties":{"OBJECTID":20142,"amenity":"bank","name":"Τράπεζα Πειραιώς","name_en":"Piraeus Bank"}},{"type":"Feature","id":20151,"geometry":{"type":"Point","coordinates":[23.683680300000049,37.961381600000038]},"properties":{"OBJECTID":20151,"amenity":"bank","name":"Τράπεζα Πειραιώς","name_en":"Piraeus Bank"}},{"type":"Feature","id":20156,"geometry":{"type":"Point","coordinates":[23.697064500000067,37.967784700000038]},"properties":{"OBJECTID":20156,"amenity":"bank","name":"National Bank","name_en":null}},{"type":"Feature","id":20160,"geometry":{"type":"Point","coordinates":[23.623191100000042,37.965870000000052]},"properties":{"OBJECTID":20160,"amenity":"bank","name":"Eurobank","name_en":null}},{"type":"Feature","id":20173,"geometry":{"type":"Point","coordinates":[23.651617100000067,37.969158700000037]},"properties":{"OBJECTID":20173,"amenity":"bank","name":"Alpha Bank","name_en":null}},{"type":"Feature","id":20216,"geometry":{"type":"Point","coordinates":[23.850725500000067,37.988356600000031]},"properties":{"OBJECTID":20216,"amenity":"bank","name":"Eurobank","name_en":null}},{"type":"Feature","id":20230,"geometry":{"type":"Point","coordinates":[23.853949600000078,37.954304400000069]},"properties":{"OBJECTID":20230,"amenity":"bank","name":"Εθνική Τράπεζα","name_en":"National Bank of Greece"}},{"type":"Feature","id":20246,"geometry":{"type":"Point","coordinates":[23.854439100000036,38.138896200000033]},"properties":{"OBJECTID":20246,"amenity":"bank","name":"Eurobank","name_en":null}},{"type":"Feature","id":20321,"geometry":{"type":"Point","coordinates":[23.792201000000034,38.321113000000025]},"properties":{"OBJECTID":20321,"amenity":"bank","name":"Τράπεζα Πειραιώς","name_en":"Piraeus Bank"}},{"type":"Feature","id":20425,"geometry":{"type":"Point","coordinates":[23.803162000000043,37.819813900000042]},"properties":{"OBJECTID":20425,"amenity":"bank","name":"Alpha Bank","name_en":null}},{"type":"Feature","id":20466,"geometry":{"type":"Point","coordinates":[23.744465900000023,37.934634000000074]},"properties":{"OBJECTID":20466,"amenity":"bank","name":"Volkswagen Band","name_en":null}},{"type":"Feature","id":20499,"geometry":{"type":"Point","coordinates":[23.767172100000039,37.854168500000071]},"properties":{"OBJECTID":20499,"amenity":"bank","name":"Eurobank","name_en":null}},{"type":"Feature","id":20513,"geometry":{"type":"Point","coordinates":[23.758491100000072,37.936412000000075]},"properties":{"OBJECTID":20513,"amenity":"bank","name":"Eurobank","name_en":null}},{"type":"Feature","id":20518,"geometry":{"type":"Point","coordinates":[23.754769500000066,37.859872600000074]},"properties":{"OBJECTID":20518,"amenity":"bank","name":null,"name_en":null}},{"type":"Feature","id":20558,"geometry":{"type":"Point","coordinates":[23.737831400000061,37.950626400000033]},"properties":{"OBJECTID":20558,"amenity":"bank","name":"Εθνική Τράπεζα","name_en":null}},{"type":"Feature","id":20662,"geometry":{"type":"Point","coordinates":[23.748294700000031,37.967552100000034]},"properties":{"OBJECTID":20662,"amenity":"bank","name":"Alpha Bank","name_en":null}},{"type":"Feature","id":20664,"geometry":{"type":"Point","coordinates":[23.746497600000055,37.967741400000079]},"properties":{"OBJECTID":20664,"amenity":"bank","name":"Eurobank","name_en":null}},{"type":"Feature","id":20672,"geometry":{"type":"Point","coordinates":[23.858116400000029,38.120875800000078]},"properties":{"OBJECTID":20672,"amenity":"bank","name":"Eurobank","name_en":null}},{"type":"Feature","id":20766,"geometry":{"type":"Point","coordinates":[23.759864400000026,37.892539500000055]},"properties":{"OBJECTID":20766,"amenity":"bank","name":"Τράπεζα Πειραιώς","name_en":"Piraeus Bank"}},{"type":"Feature","id":20770,"geometry":{"type":"Point","coordinates":[23.758453600000053,37.892553300000031]},"properties":{"OBJECTID":20770,"amenity":"bank","name":"Εθνική Τράπεζα","name_en":"National Bank of Greece"}},{"type":"Feature","id":20772,"geometry":{"type":"Point","coordinates":[23.756657500000074,37.892229500000042]},"properties":{"OBJECTID":20772,"amenity":"bank","name":"Eurobank","name_en":null}},{"type":"Feature","id":20791,"geometry":{"type":"Point","coordinates":[23.756445300000053,37.98203060000003]},"properties":{"OBJECTID":20791,"amenity":"bank","name":"Τράπεζα Πειραιώς","name_en":"Piraeus Bank"}},{"type":"Feature","id":20792,"geometry":{"type":"Point","coordinates":[23.762854400000037,37.98372820000003]},"properties":{"OBJECTID":20792,"amenity":"bank","name":"Eurobank","name_en":null}},{"type":"Feature","id":20837,"geometry":{"type":"Point","coordinates":[23.731910000000028,37.981251300000054]},"properties":{"OBJECTID":20837,"amenity":"bank","name":"Alpha Bank","name_en":null}},{"type":"Feature","id":20840,"geometry":{"type":"Point","coordinates":[23.773856800000033,37.976691500000072]},"properties":{"OBJECTID":20840,"amenity":"bank","name":"Τράπεζα Πειραιώς","name_en":"Piraeus Bank"}},{"type":"Feature","id":20861,"geometry":{"type":"Point","coordinates":[23.806179500000042,38.018925000000024]},"properties":{"OBJECTID":20861,"amenity":"bank","name":"Eurobank","name_en":null}},{"type":"Feature","id":20889,"geometry":{"type":"Point","coordinates":[23.792727900000045,38.003007500000024]},"properties":{"OBJECTID":20889,"amenity":"bank","name":"Εθνική Τράπεζα","name_en":"National Bank of Greece"}},{"type":"Feature","id":20890,"geometry":{"type":"Point","coordinates":[23.792135600000051,38.002592600000071]},"properties":{"OBJECTID":20890,"amenity":"bank","name":"Eurobank","name_en":null}},{"type":"Feature","id":20927,"geometry":{"type":"Point","coordinates":[23.734069300000044,38.002186600000073]},"properties":{"OBJECTID":20927,"amenity":"bank","name":"Alpha Bank","name_en":null}},{"type":"Feature","id":20950,"geometry":{"type":"Point","coordinates":[23.767079600000045,38.037125700000047]},"properties":{"OBJECTID":20950,"amenity":"bank","name":"Εθνικη Τραπεζα","name_en":null}},{"type":"Feature","id":21062,"geometry":{"type":"Point","coordinates":[23.747654500000067,38.032015600000079]},"properties":{"OBJECTID":21062,"amenity":"bank","name":"Eurobank","name_en":null}},{"type":"Feature","id":21180,"geometry":{"type":"Point","coordinates":[23.713333500000033,38.056300200000067]},"properties":{"OBJECTID":21180,"amenity":"bank","name":"Eurobank","name_en":null}},{"type":"Feature","id":21181,"geometry":{"type":"Point","coordinates":[23.713354300000049,38.056356600000072]},"properties":{"OBJECTID":21181,"amenity":"bank","name":"Alpha Bank","name_en":null}},{"type":"Feature","id":21475,"geometry":{"type":"Point","coordinates":[23.644472700000051,37.946642300000065]},"properties":{"OBJECTID":21475,"amenity":"bank","name":"Τράπεζα Πειραιώς","name_en":"Piraeus Bank"}},{"type":"Feature","id":22068,"geometry":{"type":"Point","coordinates":[23.697038000000077,38.011631700000066]},"properties":{"OBJECTID":22068,"amenity":"bank","name":"Alpha Bank","name_en":null}},{"type":"Feature","id":22186,"geometry":{"type":"Point","coordinates":[23.701600900000074,37.955402200000037]},"properties":{"OBJECTID":22186,"amenity":"bank","name":"Eurobank","name_en":null}},{"type":"Feature","id":22210,"geometry":{"type":"Point","coordinates":[23.744019600000058,37.961982500000033]},"properties":{"OBJECTID":22210,"amenity":"bank","name":"Εθνική Τράπεζα","name_en":"National Bank of Greece"}},{"type":"Feature","id":22211,"geometry":{"type":"Point","coordinates":[23.736849100000029,37.949681000000055]},"properties":{"OBJECTID":22211,"amenity":"bank","name":"Τράπεζα Πειραιώς","name_en":"Piraeus Bank"}},{"type":"Feature","id":22399,"geometry":{"type":"Point","coordinates":[23.756672200000025,38.044893100000024]},"properties":{"OBJECTID":22399,"amenity":"bank","name":"Attica","name_en":"Attica"}},{"type":"Feature","id":22438,"geometry":{"type":"Point","coordinates":[23.730080000000044,38.022811800000056]},"properties":{"OBJECTID":22438,"amenity":"bank","name":"Τράπεζα Πειραιώς","name_en":"Piraeus Bank"}},{"type":"Feature","id":22484,"geometry":{"type":"Point","coordinates":[23.363992900000028,37.709186000000045]},"properties":{"OBJECTID":22484,"amenity":"bank","name":"Alpha Bank","name_en":"Alpha Bank"}},{"type":"Feature","id":22698,"geometry":{"type":"Point","coordinates":[23.767220000000066,38.04621990000004]},"properties":{"OBJECTID":22698,"amenity":"bank","name":"Alpha Bank","name_en":null}},{"type":"Feature","id":22919,"geometry":{"type":"Point","coordinates":[23.737552000000051,38.000781700000061]},"properties":{"OBJECTID":22919,"amenity":"bank","name":"Alpha Bank","name_en":"Alpha Bank"}},{"type":"Feature","id":22997,"geometry":{"type":"Point","coordinates":[23.729821300000026,37.991866800000025]},"properties":{"OBJECTID":22997,"amenity":"bank","name":"Εθνική Τράπεζα","name_en":"National Bank of Greece"}},{"type":"Feature","id":23034,"geometry":{"type":"Point","coordinates":[23.710775700000056,37.962505500000077]},"properties":{"OBJECTID":23034,"amenity":"bank","name":"Eurobank","name_en":null}},{"type":"Feature","id":23270,"geometry":{"type":"Point","coordinates":[23.757405300000073,38.045304300000055]},"properties":{"OBJECTID":23270,"amenity":"bank","name":"Eurobank","name_en":null}},{"type":"Feature","id":23346,"geometry":{"type":"Point","coordinates":[23.715243400000077,37.946354100000065]},"properties":{"OBJECTID":23346,"amenity":"bank","name":"Eurobank","name_en":null}},{"type":"Feature","id":23403,"geometry":{"type":"Point","coordinates":[23.729333300000064,37.98756700000007]},"properties":{"OBJECTID":23403,"amenity":"bank","name":"Alpha Bank","name_en":null}},{"type":"Feature","id":23404,"geometry":{"type":"Point","coordinates":[23.72882130000005,37.986751300000037]},"properties":{"OBJECTID":23404,"amenity":"bank","name":"Τράπεζα Πειραιώς","name_en":"Piraeus Bank"}},{"type":"Feature","id":23419,"geometry":{"type":"Point","coordinates":[23.934831100000054,37.883582600000068]},"properties":{"OBJECTID":23419,"amenity":"bank","name":"Εθνική Τράπεζα","name_en":"National Bank of Greece"}},{"type":"Feature","id":23420,"geometry":{"type":"Point","coordinates":[23.749169600000073,37.967668300000071]},"properties":{"OBJECTID":23420,"amenity":"bank","name":"Εθνική Τράπεζα","name_en":"National Bank of Greece"}},{"type":"Feature","id":23452,"geometry":{"type":"Point","coordinates":[23.720516000000032,37.985006100000078]},"properties":{"OBJECTID":23452,"amenity":"bank","name":"Εθνική Τράπεζα","name_en":"National Bank of Greece"}},{"type":"Feature","id":23454,"geometry":{"type":"Point","coordinates":[23.701491800000042,37.99184230000003]},"properties":{"OBJECTID":23454,"amenity":"bank","name":"Εθνική Τράπεζα","name_en":"National Bank of Greece"}},{"type":"Feature","id":23485,"geometry":{"type":"Point","coordinates":[23.807907600000078,38.054467000000045]},"properties":{"OBJECTID":23485,"amenity":"bank","name":"Alpha Bank","name_en":null}},{"type":"Feature","id":23492,"geometry":{"type":"Point","coordinates":[23.729165400000056,37.983710900000062]},"properties":{"OBJECTID":23492,"amenity":"bank","name":"Eurobank","name_en":null}},{"type":"Feature","id":23493,"geometry":{"type":"Point","coordinates":[23.731587300000058,37.985370400000079]},"properties":{"OBJECTID":23493,"amenity":"bank","name":"Τράπεζα Πειραιώς","name_en":"Piraeus Bank"}},{"type":"Feature","id":23523,"geometry":{"type":"Point","coordinates":[23.738921700000049,37.977906000000075]},"properties":{"OBJECTID":23523,"amenity":"bank","name":"Τράπεζα Πειραιώς","name_en":"Piraeus Bank"}},{"type":"Feature","id":23528,"geometry":{"type":"Point","coordinates":[23.787951100000043,38.059705600000029]},"properties":{"OBJECTID":23528,"amenity":"bank","name":"Εθνική Τράπεζα","name_en":"National Bank of Greece"}},{"type":"Feature","id":23529,"geometry":{"type":"Point","coordinates":[23.737392200000045,38.089635700000031]},"properties":{"OBJECTID":23529,"amenity":"bank","name":"Eurobank","name_en":null}},{"type":"Feature","id":23531,"geometry":{"type":"Point","coordinates":[23.678198400000042,37.949848600000053]},"properties":{"OBJECTID":23531,"amenity":"bank","name":"Eurobank","name_en":null}},{"type":"Feature","id":23547,"geometry":{"type":"Point","coordinates":[23.682845400000076,37.993191800000034]},"properties":{"OBJECTID":23547,"amenity":"bank","name":"Τράπεζα Πειραιώς","name_en":"Piraeus Bank"}},{"type":"Feature","id":23551,"geometry":{"type":"Point","coordinates":[23.711737200000073,37.952443500000072]},"properties":{"OBJECTID":23551,"amenity":"bank","name":"Τράπεζα Πειραιώς","name_en":"Piraeus Bank"}},{"type":"Feature","id":23572,"geometry":{"type":"Point","coordinates":[23.844629200000043,38.016990800000031]},"properties":{"OBJECTID":23572,"amenity":"bank","name":"Eurobank","name_en":null}},{"type":"Feature","id":23573,"geometry":{"type":"Point","coordinates":[23.821259100000077,38.013827400000025]},"properties":{"OBJECTID":23573,"amenity":"bank","name":"Eurobank","name_en":null}},{"type":"Feature","id":23574,"geometry":{"type":"Point","coordinates":[23.467050400000062,37.350004500000068]},"properties":{"OBJECTID":23574,"amenity":"bank","name":"Alpha Bank","name_en":null}},{"type":"Feature","id":23650,"geometry":{"type":"Point","coordinates":[23.466785100000038,37.349922000000049]},"properties":{"OBJECTID":23650,"amenity":"bank","name":"Πειραιώς","name_en":null}},{"type":"Feature","id":23652,"geometry":{"type":"Point","coordinates":[23.466929200000038,37.350103200000035]},"properties":{"OBJECTID":23652,"amenity":"bank","name":"Alpha","name_en":null}},{"type":"Feature","id":23675,"geometry":{"type":"Point","coordinates":[23.711252400000035,37.913727200000039]},"properties":{"OBJECTID":23675,"amenity":"bank","name":"Εθνική Τράπεζα","name_en":"National Bank of Greece"}},{"type":"Feature","id":23727,"geometry":{"type":"Point","coordinates":[23.83262140000005,38.013614700000062]},"properties":{"OBJECTID":23727,"amenity":"bank","name":"Τράπεζα Πειραιώς","name_en":"Piraeus Bank"}},{"type":"Feature","id":23757,"geometry":{"type":"Point","coordinates":[23.699399400000061,37.968552800000055]},"properties":{"OBJECTID":23757,"amenity":"bank","name":"Τράπεζα Πειραιώς","name_en":"Piraeus Bank"}},{"type":"Feature","id":23973,"geometry":{"type":"Point","coordinates":[24.008647400000029,38.020321700000068]},"properties":{"OBJECTID":23973,"amenity":"bank","name":"Τράπεζα Πειραιώς","name_en":"Piraeus Bank"}},{"type":"Feature","id":24190,"geometry":{"type":"Point","coordinates":[24.008595800000023,38.020381000000043]},"properties":{"OBJECTID":24190,"amenity":"bank","name":"Eurobank","name_en":null}},{"type":"Feature","id":24575,"geometry":{"type":"Point","coordinates":[23.807081400000072,38.054395400000033]},"properties":{"OBJECTID":24575,"amenity":"bank","name":"Optima","name_en":null}},{"type":"Feature","id":24583,"geometry":{"type":"Point","coordinates":[23.807045300000027,38.055355300000031]},"properties":{"OBJECTID":24583,"amenity":"bank","name":"Συνεταιριστική Τράπεζα Χανίων","name_en":null}},{"type":"Feature","id":25067,"geometry":{"type":"Point","coordinates":[23.809020700000076,38.063381700000036]},"properties":{"OBJECTID":25067,"amenity":"bank","name":"Optima","name_en":null}},{"type":"Feature","id":25087,"geometry":{"type":"Point","coordinates":[23.724139000000037,37.919516500000043]},"properties":{"OBJECTID":25087,"amenity":"bank","name":"Eurobank","name_en":null}},{"type":"Feature","id":25187,"geometry":{"type":"Point","coordinates":[23.731842100000051,37.99325470000008]},"properties":{"OBJECTID":25187,"amenity":"bank","name":"Τράπεζα Πειραιώς","name_en":"Piraeus Bank"}},{"type":"Feature","id":25530,"geometry":{"type":"Point","coordinates":[23.502244500000074,37.964992800000061]},"properties":{"OBJECTID":25530,"amenity":"bank","name":"Τράπεζα Πειραιώς","name_en":"Piraeus Bank"}},{"type":"Feature","id":25961,"geometry":{"type":"Point","coordinates":[23.728013200000078,37.97554910000008]},"properties":{"OBJECTID":25961,"amenity":"bank","name":null,"name_en":null}},{"type":"Feature","id":25963,"geometry":{"type":"Point","coordinates":[23.726650200000051,37.978048900000033]},"properties":{"OBJECTID":25963,"amenity":"bank","name":"Alpha Bank","name_en":null}},{"type":"Feature","id":26498,"geometry":{"type":"Point","coordinates":[23.750307900000053,37.862723600000038]},"properties":{"OBJECTID":26498,"amenity":"bank","name":"Attica","name_en":null}},{"type":"Feature","id":26499,"geometry":{"type":"Point","coordinates":[23.805837100000076,38.055504900000074]},"properties":{"OBJECTID":26499,"amenity":"bank","name":"Attica","name_en":null}},{"type":"Feature","id":26500,"geometry":{"type":"Point","coordinates":[23.735229700000048,38.01563120000003]},"properties":{"OBJECTID":26500,"amenity":"bank","name":"Attica","name_en":null}},{"type":"Feature","id":26628,"geometry":{"type":"Point","coordinates":[24.008317600000055,37.973393300000055]},"properties":{"OBJECTID":26628,"amenity":"bank","name":"Alpha Bank","name_en":null}},{"type":"Feature","id":26815,"geometry":{"type":"Point","coordinates":[23.748168900000053,37.863738100000035]},"properties":{"OBJECTID":26815,"amenity":"bank","name":"Alpha Bank","name_en":null}},{"type":"Feature","id":26838,"geometry":{"type":"Point","coordinates":[23.636694100000057,37.936458900000048]},"properties":{"OBJECTID":26838,"amenity":"bank","name":"Aegean Baltic Bank","name_en":null}},{"type":"Feature","id":27065,"geometry":{"type":"Point","coordinates":[23.716509200000075,38.06884000000008]},"properties":{"OBJECTID":27065,"amenity":"bank","name":"Εθνική Τράπεζα","name_en":"National Bank of Greece"}},{"type":"Feature","id":27076,"geometry":{"type":"Point","coordinates":[23.70755280000003,38.011935600000072]},"properties":{"OBJECTID":27076,"amenity":"bank","name":"Alpha Bank","name_en":null}},{"type":"Feature","id":27171,"geometry":{"type":"Point","coordinates":[23.69427920000004,38.014205600000025]},"properties":{"OBJECTID":27171,"amenity":"bank","name":"Εθνική Τράπεζα","name_en":"National Bank of Greece"}},{"type":"Feature","id":27174,"geometry":{"type":"Point","coordinates":[23.692690900000059,38.015525600000046]},"properties":{"OBJECTID":27174,"amenity":"bank","name":"Eurobank","name_en":null}},{"type":"Feature","id":27193,"geometry":{"type":"Point","coordinates":[23.698570700000062,38.006722900000057]},"properties":{"OBJECTID":27193,"amenity":"bank","name":"Eurobank","name_en":null}},{"type":"Feature","id":27207,"geometry":{"type":"Point","coordinates":[23.689711400000078,38.011354700000027]},"properties":{"OBJECTID":27207,"amenity":"bank","name":"Eurobank","name_en":null}},{"type":"Feature","id":27336,"geometry":{"type":"Point","coordinates":[23.747407300000077,37.967591300000038]},"properties":{"OBJECTID":27336,"amenity":"bank","name":"Τράπεζα Πειραιώς","name_en":"Piraeus Bank"}},{"type":"Feature","id":27984,"geometry":{"type":"Point","coordinates":[23.750319400000024,37.939562400000057]},"properties":{"OBJECTID":27984,"amenity":"bank","name":"Εθνική Τράπεζα","name_en":"National Bank of Greece"}},{"type":"Feature","id":27985,"geometry":{"type":"Point","coordinates":[23.750032100000055,37.940113800000063]},"properties":{"OBJECTID":27985,"amenity":"bank","name":"Attica","name_en":"Attica"}},{"type":"Feature","id":28074,"geometry":{"type":"Point","coordinates":[23.814914500000043,38.072975800000052]},"properties":{"OBJECTID":28074,"amenity":"bank","name":"Alpha Bank","name_en":null}},{"type":"Feature","id":28080,"geometry":{"type":"Point","coordinates":[23.812495900000044,38.073152800000059]},"properties":{"OBJECTID":28080,"amenity":"bank","name":"Τράπεζα Πειραιώς","name_en":"Piraeus Bank"}},{"type":"Feature","id":28094,"geometry":{"type":"Point","coordinates":[23.812594500000046,38.073412500000074]},"properties":{"OBJECTID":28094,"amenity":"bank","name":"Optima","name_en":null}},{"type":"Feature","id":28197,"geometry":{"type":"Point","coordinates":[23.741182400000071,37.996314700000028]},"properties":{"OBJECTID":28197,"amenity":"bank","name":"Eurobank","name_en":null}},{"type":"Feature","id":28256,"geometry":{"type":"Point","coordinates":[23.709518700000046,38.031905800000061]},"properties":{"OBJECTID":28256,"amenity":"bank","name":"Alpha Bank","name_en":null}},{"type":"Feature","id":28259,"geometry":{"type":"Point","coordinates":[23.736067600000069,38.022309500000063]},"properties":{"OBJECTID":28259,"amenity":"bank","name":"Optima bank","name_en":null}},{"type":"Feature","id":28260,"geometry":{"type":"Point","coordinates":[23.736167700000067,38.022771100000057]},"properties":{"OBJECTID":28260,"amenity":"bank","name":"Pireos","name_en":null}},{"type":"Feature","id":28269,"geometry":{"type":"Point","coordinates":[23.650454500000023,37.969613800000047]},"properties":{"OBJECTID":28269,"amenity":"bank","name":"Εθνική Τράπεζα","name_en":"National Bank of Greece"}},{"type":"Feature","id":28270,"geometry":{"type":"Point","coordinates":[23.648943700000075,37.964273200000036]},"properties":{"OBJECTID":28270,"amenity":"bank","name":"Εθνική Τράπεζα","name_en":"National Bank of Greece"}},{"type":"Feature","id":28498,"geometry":{"type":"Point","coordinates":[23.734553800000072,38.004795900000033]},"properties":{"OBJECTID":28498,"amenity":"bank","name":"Eurobank","name_en":null}},{"type":"Feature","id":28499,"geometry":{"type":"Point","coordinates":[23.73496190000003,38.008459100000039]},"properties":{"OBJECTID":28499,"amenity":"bank","name":"Τράπεζα Πειραιώς","name_en":"Piraeus Bank"}},{"type":"Feature","id":28509,"geometry":{"type":"Point","coordinates":[23.692317700000046,37.926385700000026]},"properties":{"OBJECTID":28509,"amenity":"bank","name":null,"name_en":null}},{"type":"Feature","id":28517,"geometry":{"type":"Point","coordinates":[23.701348200000041,37.933374800000024]},"properties":{"OBJECTID":28517,"amenity":"bank","name":"Eurobank","name_en":null}},{"type":"Feature","id":28650,"geometry":{"type":"Point","coordinates":[23.740544700000044,37.998036600000034]},"properties":{"OBJECTID":28650,"amenity":"bank","name":"Τράπεζα Πειραιώς","name_en":"Piraeus Bank"}},{"type":"Feature","id":28744,"geometry":{"type":"Point","coordinates":[23.748107800000071,37.96777650000007]},"properties":{"OBJECTID":28744,"amenity":"bank","name":"Τράπεζα Χανίων","name_en":null}},{"type":"Feature","id":28873,"geometry":{"type":"Point","coordinates":[23.65153330000004,37.970331700000031]},"properties":{"OBJECTID":28873,"amenity":"bank","name":"Attica","name_en":"Attica"}},{"type":"Feature","id":28874,"geometry":{"type":"Point","coordinates":[23.651742400000046,37.970385600000043]},"properties":{"OBJECTID":28874,"amenity":"bank","name":"Optima Bank","name_en":null}},{"type":"Feature","id":29112,"geometry":{"type":"Point","coordinates":[23.694727700000044,37.966306700000075]},"properties":{"OBJECTID":29112,"amenity":"bank","name":"Eurobank","name_en":null}},{"type":"Feature","id":29118,"geometry":{"type":"Point","coordinates":[23.72875270000003,37.976677400000028]},"properties":{"OBJECTID":29118,"amenity":"bank","name":"Eurobank","name_en":null}},{"type":"Feature","id":29132,"geometry":{"type":"Point","coordinates":[23.699901100000034,37.954744300000073]},"properties":{"OBJECTID":29132,"amenity":"bank","name":"Optima","name_en":null}},{"type":"Feature","id":29193,"geometry":{"type":"Point","coordinates":[23.701639500000056,37.918527900000072]},"properties":{"OBJECTID":29193,"amenity":"bank","name":"Alpha","name_en":null}},{"type":"Feature","id":30712,"geometry":{"type":"Point","coordinates":[23.788532800000041,38.019007800000054]},"properties":{"OBJECTID":30712,"amenity":"bank","name":"Τράπεζα Πειραιώς","name_en":"Piraeus bank"}},{"type":"Feature","id":30896,"geometry":{"type":"Point","coordinates":[23.766420400000072,38.046884200000079]},"properties":{"OBJECTID":30896,"amenity":"bank","name":"Eurobank","name_en":null}},{"type":"Feature","id":31512,"geometry":{"type":"Point","coordinates":[23.696770500000071,38.012055800000041]},"properties":{"OBJECTID":31512,"amenity":"bank","name":"Optima Bank","name_en":null}},{"type":"Feature","id":31541,"geometry":{"type":"Point","coordinates":[23.648243000000036,37.942406800000072]},"properties":{"OBJECTID":31541,"amenity":"bank","name":"Optima Bank","name_en":null}},{"type":"Feature","id":32247,"geometry":{"type":"Point","coordinates":[23.747151400000064,37.989408000000026]},"properties":{"OBJECTID":32247,"amenity":"bank","name":"Τράπεζα Πειραιώς","name_en":"Piraeus Bank"}},{"type":"Feature","id":32513,"geometry":{"type":"Point","coordinates":[23.753019300000062,38.013316800000041]},"properties":{"OBJECTID":32513,"amenity":"bank","name":"Eurobank","name_en":null}},{"type":"Feature","id":32608,"geometry":{"type":"Point","coordinates":[23.748884000000032,37.862819200000047]},"properties":{"OBJECTID":32608,"amenity":"bank","name":"Τράπεζα Πειραιώς","name_en":"Piraeus Bank"}},{"type":"Feature","id":32692,"geometry":{"type":"Point","coordinates":[23.825247500000046,38.00899650000008]},"properties":{"OBJECTID":32692,"amenity":"bank","name":"Alpha Bank","name_en":null}},{"type":"Feature","id":32699,"geometry":{"type":"Point","coordinates":[23.824658000000056,38.009679500000061]},"properties":{"OBJECTID":32699,"amenity":"bank","name":"Τράπεζα Πειραιώς","name_en":"Piraeus Bank"}},{"type":"Feature","id":32702,"geometry":{"type":"Point","coordinates":[23.825843100000043,38.008759000000055]},"properties":{"OBJECTID":32702,"amenity":"bank","name":"Eurobank","name_en":null}},{"type":"Feature","id":32840,"geometry":{"type":"Point","coordinates":[23.801832800000057,38.022938600000032]},"properties":{"OBJECTID":32840,"amenity":"bank","name":"Τράπεζα Πειραιώς","name_en":"Piraeus Bank"}},{"type":"Feature","id":32869,"geometry":{"type":"Point","coordinates":[23.79827240000003,38.020645300000069]},"properties":{"OBJECTID":32869,"amenity":"bank","name":"Attica","name_en":null}},{"type":"Feature","id":33146,"geometry":{"type":"Point","coordinates":[23.540189700000042,38.042997700000058]},"properties":{"OBJECTID":33146,"amenity":"bank","name":"Εθνική Τράπεζα","name_en":"National Bank of Greece"}},{"type":"Feature","id":33153,"geometry":{"type":"Point","coordinates":[24.006535700000029,38.020984300000066]},"properties":{"OBJECTID":33153,"amenity":"bank","name":null,"name_en":null}},{"type":"Feature","id":33175,"geometry":{"type":"Point","coordinates":[23.732074800000078,37.980045600000039]},"properties":{"OBJECTID":33175,"amenity":"bank","name":"Alpha Bank","name_en":null}},{"type":"Feature","id":33176,"geometry":{"type":"Point","coordinates":[23.733425300000079,37.978049000000055]},"properties":{"OBJECTID":33176,"amenity":"bank","name":"Eurobank","name_en":null}},{"type":"Feature","id":33216,"geometry":{"type":"Point","coordinates":[23.727025800000035,37.965011900000036]},"properties":{"OBJECTID":33216,"amenity":"bank","name":"Τράπεζα Χανίων","name_en":null}},{"type":"Feature","id":33289,"geometry":{"type":"Point","coordinates":[23.748528900000053,37.862566100000038]},"properties":{"OBJECTID":33289,"amenity":"bank","name":"Συνεταιριστική Τράπεζα Χανίων","name_en":null}},{"type":"Feature","id":33409,"geometry":{"type":"Point","coordinates":[23.728803900000059,37.983536700000059]},"properties":{"OBJECTID":33409,"amenity":"bank","name":"Eurobank","name_en":null}},{"type":"Feature","id":33534,"geometry":{"type":"Point","coordinates":[23.707846500000073,38.031716800000027]},"properties":{"OBJECTID":33534,"amenity":"bank","name":"Eurobank","name_en":null}},{"type":"Feature","id":33793,"geometry":{"type":"Point","coordinates":[23.770656900000063,37.990931300000057]},"properties":{"OBJECTID":33793,"amenity":"bank","name":"Pancreta Bank","name_en":null}},{"type":"Feature","id":33841,"geometry":{"type":"Point","coordinates":[23.797555300000056,38.005912500000079]},"properties":{"OBJECTID":33841,"amenity":"bank","name":"Alpha Bank","name_en":null}},{"type":"Feature","id":34120,"geometry":{"type":"Point","coordinates":[23.819826500000033,38.014072300000066]},"properties":{"OBJECTID":34120,"amenity":"bank","name":"Optima Bank","name_en":null}}]}
