{"type":"FeatureCollection","features":[{"type":"Feature","id":5,"geometry":{"type":"Point","coordinates":[23.777953500000024,37.974664100000041]},"properties":{"OBJECTID":5,"amenity":"fuel","name":"BP","name_en":null}},{"type":"Feature","id":26,"geometry":{"type":"Point","coordinates":[23.605897200000072,38.09245210000006]},"properties":{"OBJECTID":26,"amenity":"fuel","name":"EKO","name_en":null}},{"type":"Feature","id":62,"geometry":{"type":"Point","coordinates":[23.736547500000029,37.940990900000031]},"properties":{"OBJECTID":62,"amenity":"fuel","name":"ΕΤΕΚΑ","name_en":null}},{"type":"Feature","id":187,"geometry":{"type":"Point","coordinates":[23.60428150000007,38.093467200000077]},"properties":{"OBJECTID":187,"amenity":"fuel","name":"EKO","name_en":null}},{"type":"Feature","id":419,"geometry":{"type":"Point","coordinates":[23.750309900000047,37.886518600000045]},"properties":{"OBJECTID":419,"amenity":"fuel","name":"BP","name_en":null}},{"type":"Feature","id":428,"geometry":{"type":"Point","coordinates":[23.759148800000048,37.882947200000046]},"properties":{"OBJECTID":428,"amenity":"fuel","name":"SHELL","name_en":null}},{"type":"Feature","id":734,"geometry":{"type":"Point","coordinates":[23.855023600000038,38.213061400000072]},"properties":{"OBJECTID":734,"amenity":"fuel","name":"BP","name_en":null}},{"type":"Feature","id":784,"geometry":{"type":"Point","coordinates":[23.753942100000074,37.883026200000074]},"properties":{"OBJECTID":784,"amenity":"fuel","name":"EKO","name_en":null}},{"type":"Feature","id":884,"geometry":{"type":"Point","coordinates":[23.782538500000044,38.045959800000048]},"properties":{"OBJECTID":884,"amenity":"fuel","name":"EKO","name_en":null}},{"type":"Feature","id":895,"geometry":{"type":"Point","coordinates":[23.739100500000063,38.077743200000043]},"properties":{"OBJECTID":895,"amenity":"fuel","name":"ΕΤΕΚΑ","name_en":null}},{"type":"Feature","id":907,"geometry":{"type":"Point","coordinates":[23.764072800000065,37.876075700000058]},"properties":{"OBJECTID":907,"amenity":"fuel","name":"BP","name_en":null}},{"type":"Feature","id":913,"geometry":{"type":"Point","coordinates":[23.764504600000066,37.871215100000029]},"properties":{"OBJECTID":913,"amenity":"fuel","name":"AVIN","name_en":null}},{"type":"Feature","id":916,"geometry":{"type":"Point","coordinates":[23.765002600000059,37.870941300000027]},"properties":{"OBJECTID":916,"amenity":"fuel","name":"SILKOIL","name_en":null}},{"type":"Feature","id":974,"geometry":{"type":"Point","coordinates":[23.680626300000029,37.960047800000041]},"properties":{"OBJECTID":974,"amenity":"fuel","name":"BP","name_en":null}},{"type":"Feature","id":985,"geometry":{"type":"Point","coordinates":[23.792176100000063,38.029345700000079]},"properties":{"OBJECTID":985,"amenity":"fuel","name":"SHELL","name_en":null}},{"type":"Feature","id":997,"geometry":{"type":"Point","coordinates":[23.932627100000047,37.925619900000072]},"properties":{"OBJECTID":997,"amenity":"fuel","name":"SHELL","name_en":null}},{"type":"Feature","id":1272,"geometry":{"type":"Point","coordinates":[24.014249000000063,37.725191300000063]},"properties":{"OBJECTID":1272,"amenity":"fuel","name":"ΕΚΟ","name_en":null}},{"type":"Feature","id":1445,"geometry":{"type":"Point","coordinates":[23.811892700000044,38.054533100000071]},"properties":{"OBJECTID":1445,"amenity":"fuel","name":"SHELL","name_en":null}},{"type":"Feature","id":1498,"geometry":{"type":"Point","coordinates":[23.739775100000031,38.076622100000066]},"properties":{"OBJECTID":1498,"amenity":"fuel","name":"BP","name_en":null}},{"type":"Feature","id":1518,"geometry":{"type":"Point","coordinates":[23.717072600000051,37.950983700000052]},"properties":{"OBJECTID":1518,"amenity":"fuel","name":"ΕΚΟ","name_en":null}},{"type":"Feature","id":1617,"geometry":{"type":"Point","coordinates":[23.775077500000066,37.99394760000007]},"properties":{"OBJECTID":1617,"amenity":"fuel","name":"BP","name_en":null}},{"type":"Feature","id":1805,"geometry":{"type":"Point","coordinates":[23.661746500000049,37.943964300000061]},"properties":{"OBJECTID":1805,"amenity":"fuel","name":"BP","name_en":null}},{"type":"Feature","id":1807,"geometry":{"type":"Point","coordinates":[23.661759700000061,37.943889200000058]},"properties":{"OBJECTID":1807,"amenity":"fuel","name":"Κουφός Δημήτριος και ΣΙΑ ΑΕ","name_en":null}},{"type":"Feature","id":1838,"geometry":{"type":"Point","coordinates":[23.756596000000059,38.061626600000068]},"properties":{"OBJECTID":1838,"amenity":"fuel","name":"BP","name_en":null}},{"type":"Feature","id":1848,"geometry":{"type":"Point","coordinates":[23.842104600000027,38.140663000000075]},"properties":{"OBJECTID":1848,"amenity":"fuel","name":"ΕΛΙΝΟΙΛ","name_en":null}},{"type":"Feature","id":1929,"geometry":{"type":"Point","coordinates":[23.881388600000037,37.892423400000041]},"properties":{"OBJECTID":1929,"amenity":"fuel","name":"Avin","name_en":null}},{"type":"Feature","id":2050,"geometry":{"type":"Point","coordinates":[23.745177300000023,37.972629200000029]},"properties":{"OBJECTID":2050,"amenity":"fuel","name":"BP","name_en":null}},{"type":"Feature","id":2105,"geometry":{"type":"Point","coordinates":[23.798969600000078,37.991133500000046]},"properties":{"OBJECTID":2105,"amenity":"fuel","name":"SILKOIL","name_en":null}},{"type":"Feature","id":2184,"geometry":{"type":"Point","coordinates":[23.856247100000076,38.136982400000079]},"properties":{"OBJECTID":2184,"amenity":"fuel","name":"BP","name_en":null}},{"type":"Feature","id":2267,"geometry":{"type":"Point","coordinates":[23.702206200000035,37.970192100000077]},"properties":{"OBJECTID":2267,"amenity":"fuel","name":"EKO","name_en":null}},{"type":"Feature","id":2294,"geometry":{"type":"Point","coordinates":[23.791152300000078,38.015847400000041]},"properties":{"OBJECTID":2294,"amenity":"fuel","name":"EKO","name_en":null}},{"type":"Feature","id":2302,"geometry":{"type":"Point","coordinates":[23.794331600000078,38.019470500000068]},"properties":{"OBJECTID":2302,"amenity":"fuel","name":"EKO","name_en":null}},{"type":"Feature","id":2304,"geometry":{"type":"Point","coordinates":[23.79329690000003,38.020805000000053]},"properties":{"OBJECTID":2304,"amenity":"fuel","name":"Shell","name_en":null}},{"type":"Feature","id":2370,"geometry":{"type":"Point","coordinates":[23.928761500000064,37.844297500000039]},"properties":{"OBJECTID":2370,"amenity":"fuel","name":null,"name_en":null}},{"type":"Feature","id":2371,"geometry":{"type":"Point","coordinates":[23.920298600000024,37.836129700000072]},"properties":{"OBJECTID":2371,"amenity":"fuel","name":null,"name_en":null}},{"type":"Feature","id":2397,"geometry":{"type":"Point","coordinates":[23.785791800000027,38.01156270000007]},"properties":{"OBJECTID":2397,"amenity":"fuel","name":"BP","name_en":null}},{"type":"Feature","id":2460,"geometry":{"type":"Point","coordinates":[23.710798200000056,38.03468550000008]},"properties":{"OBJECTID":2460,"amenity":"fuel","name":"AVIN","name_en":null}},{"type":"Feature","id":2725,"geometry":{"type":"Point","coordinates":[23.701805100000058,37.917260500000054]},"properties":{"OBJECTID":2725,"amenity":"fuel","name":"Shell","name_en":null}},{"type":"Feature","id":2726,"geometry":{"type":"Point","coordinates":[23.701761900000065,37.917330400000026]},"properties":{"OBJECTID":2726,"amenity":"fuel","name":"SHELL","name_en":null}},{"type":"Feature","id":2824,"geometry":{"type":"Point","coordinates":[23.794643000000065,38.023053200000049]},"properties":{"OBJECTID":2824,"amenity":"fuel","name":"ΕΤΕΚΑ","name_en":null}},{"type":"Feature","id":2826,"geometry":{"type":"Point","coordinates":[23.795371500000044,38.022781400000042]},"properties":{"OBJECTID":2826,"amenity":"fuel","name":"EKO","name_en":null}},{"type":"Feature","id":2829,"geometry":{"type":"Point","coordinates":[23.811829500000044,38.026756800000044]},"properties":{"OBJECTID":2829,"amenity":"fuel","name":"SHELL","name_en":null}},{"type":"Feature","id":2917,"geometry":{"type":"Point","coordinates":[23.824738300000035,38.035828600000059]},"properties":{"OBJECTID":2917,"amenity":"fuel","name":"BP","name_en":null}},{"type":"Feature","id":2934,"geometry":{"type":"Point","coordinates":[23.787270800000044,38.000218100000041]},"properties":{"OBJECTID":2934,"amenity":"fuel","name":"AEGEAN","name_en":null}},{"type":"Feature","id":2950,"geometry":{"type":"Point","coordinates":[23.838131500000031,38.011482400000034]},"properties":{"OBJECTID":2950,"amenity":"fuel","name":"BP","name_en":null}},{"type":"Feature","id":2968,"geometry":{"type":"Point","coordinates":[23.800796900000023,38.01014680000003]},"properties":{"OBJECTID":2968,"amenity":"fuel","name":"AVIN","name_en":null}},{"type":"Feature","id":2972,"geometry":{"type":"Point","coordinates":[23.797386000000074,38.00651460000006]},"properties":{"OBJECTID":2972,"amenity":"fuel","name":"EKO","name_en":null}},{"type":"Feature","id":2977,"geometry":{"type":"Point","coordinates":[23.788982400000066,38.009649700000068]},"properties":{"OBJECTID":2977,"amenity":"fuel","name":"BP","name_en":null}},{"type":"Feature","id":2978,"geometry":{"type":"Point","coordinates":[23.788704800000062,38.00976490000005]},"properties":{"OBJECTID":2978,"amenity":"fuel","name":"BP","name_en":null}},{"type":"Feature","id":3016,"geometry":{"type":"Point","coordinates":[23.835762800000055,38.013039400000025]},"properties":{"OBJECTID":3016,"amenity":"fuel","name":"SHELL","name_en":null}},{"type":"Feature","id":3034,"geometry":{"type":"Point","coordinates":[23.814729400000033,38.011885500000062]},"properties":{"OBJECTID":3034,"amenity":"fuel","name":null,"name_en":null}},{"type":"Feature","id":3081,"geometry":{"type":"Point","coordinates":[23.812766900000042,38.011357700000076]},"properties":{"OBJECTID":3081,"amenity":"fuel","name":"SHELL","name_en":null}},{"type":"Feature","id":3097,"geometry":{"type":"Point","coordinates":[23.805706100000066,38.008781200000044]},"properties":{"OBJECTID":3097,"amenity":"fuel","name":"SHELL","name_en":null}},{"type":"Feature","id":3098,"geometry":{"type":"Point","coordinates":[23.809625400000073,38.010685600000045]},"properties":{"OBJECTID":3098,"amenity":"fuel","name":"EKO","name_en":null}},{"type":"Feature","id":3109,"geometry":{"type":"Point","coordinates":[23.772603500000059,38.000384200000042]},"properties":{"OBJECTID":3109,"amenity":"fuel","name":"REVOIL","name_en":null}},{"type":"Feature","id":3111,"geometry":{"type":"Point","coordinates":[23.77684430000005,38.005902300000059]},"properties":{"OBJECTID":3111,"amenity":"fuel","name":"SHELL","name_en":null}},{"type":"Feature","id":3131,"geometry":{"type":"Point","coordinates":[23.778849800000046,37.995466100000044]},"properties":{"OBJECTID":3131,"amenity":"fuel","name":"EKO","name_en":null}},{"type":"Feature","id":3143,"geometry":{"type":"Point","coordinates":[23.843898100000047,38.015295200000025]},"properties":{"OBJECTID":3143,"amenity":"fuel","name":"EKO","name_en":null}},{"type":"Feature","id":3144,"geometry":{"type":"Point","coordinates":[23.785703400000045,38.026613100000077]},"properties":{"OBJECTID":3144,"amenity":"fuel","name":"BP","name_en":null}},{"type":"Feature","id":3145,"geometry":{"type":"Point","coordinates":[23.782881000000032,38.028323000000057]},"properties":{"OBJECTID":3145,"amenity":"fuel","name":"EKO","name_en":null}},{"type":"Feature","id":3153,"geometry":{"type":"Point","coordinates":[23.773160100000041,38.036283500000025]},"properties":{"OBJECTID":3153,"amenity":"fuel","name":"BP","name_en":null}},{"type":"Feature","id":3167,"geometry":{"type":"Point","coordinates":[23.752971600000023,37.907128700000044]},"properties":{"OBJECTID":3167,"amenity":"fuel","name":"AEGEAN","name_en":null}},{"type":"Feature","id":3170,"geometry":{"type":"Point","coordinates":[23.751656500000024,37.909557000000063]},"properties":{"OBJECTID":3170,"amenity":"fuel","name":"AEGEAN","name_en":null}},{"type":"Feature","id":3203,"geometry":{"type":"Point","coordinates":[23.843720700000063,38.027355000000057]},"properties":{"OBJECTID":3203,"amenity":"fuel","name":"EKO","name_en":null}},{"type":"Feature","id":3227,"geometry":{"type":"Point","coordinates":[23.819636900000035,38.036176900000044]},"properties":{"OBJECTID":3227,"amenity":"fuel","name":"SHELL","name_en":null}},{"type":"Feature","id":3240,"geometry":{"type":"Point","coordinates":[23.810517700000048,38.04471060000003]},"properties":{"OBJECTID":3240,"amenity":"fuel","name":"BP","name_en":null}},{"type":"Feature","id":3293,"geometry":{"type":"Point","coordinates":[23.794511700000044,38.059278900000038]},"properties":{"OBJECTID":3293,"amenity":"fuel","name":"REVOIL","name_en":null}},{"type":"Feature","id":3296,"geometry":{"type":"Point","coordinates":[23.768912500000056,37.994373400000029]},"properties":{"OBJECTID":3296,"amenity":"fuel","name":"SHELL","name_en":null}},{"type":"Feature","id":3302,"geometry":{"type":"Point","coordinates":[23.760864100000049,38.000769000000048]},"properties":{"OBJECTID":3302,"amenity":"fuel","name":"BP","name_en":null}},{"type":"Feature","id":3309,"geometry":{"type":"Point","coordinates":[23.795808600000043,38.075148600000034]},"properties":{"OBJECTID":3309,"amenity":"fuel","name":"AVIN","name_en":null}},{"type":"Feature","id":3336,"geometry":{"type":"Point","coordinates":[23.747678000000064,37.894258400000069]},"properties":{"OBJECTID":3336,"amenity":"fuel","name":"Πετρογκαζ","name_en":null}},{"type":"Feature","id":3352,"geometry":{"type":"Point","coordinates":[23.738531400000056,37.990427100000034]},"properties":{"OBJECTID":3352,"amenity":"fuel","name":"EKO","name_en":null}},{"type":"Feature","id":3362,"geometry":{"type":"Point","coordinates":[23.696431700000062,37.997385100000031]},"properties":{"OBJECTID":3362,"amenity":"fuel","name":"ΕΤΕΚΑ","name_en":null}},{"type":"Feature","id":3399,"geometry":{"type":"Point","coordinates":[23.759188100000074,37.981621500000074]},"properties":{"OBJECTID":3399,"amenity":"fuel","name":"SHELL","name_en":null}},{"type":"Feature","id":3528,"geometry":{"type":"Point","coordinates":[23.700192900000047,37.963159200000064]},"properties":{"OBJECTID":3528,"amenity":"fuel","name":"ΕΤΕΚΑ","name_en":null}},{"type":"Feature","id":3532,"geometry":{"type":"Point","coordinates":[23.699759500000027,37.963114100000041]},"properties":{"OBJECTID":3532,"amenity":"fuel","name":"REVOIL","name_en":null}},{"type":"Feature","id":3561,"geometry":{"type":"Point","coordinates":[23.748314500000049,38.097670600000072]},"properties":{"OBJECTID":3561,"amenity":"fuel","name":"Α.Π.","name_en":null}},{"type":"Feature","id":3594,"geometry":{"type":"Point","coordinates":[23.680331500000023,37.949272800000074]},"properties":{"OBJECTID":3594,"amenity":"fuel","name":"REVOIL","name_en":null}},{"type":"Feature","id":3600,"geometry":{"type":"Point","coordinates":[23.677345200000047,37.955621200000053]},"properties":{"OBJECTID":3600,"amenity":"fuel","name":"EKO","name_en":null}},{"type":"Feature","id":3607,"geometry":{"type":"Point","coordinates":[23.701390200000048,37.933649500000058]},"properties":{"OBJECTID":3607,"amenity":"fuel","name":"EKO","name_en":null}},{"type":"Feature","id":3609,"geometry":{"type":"Point","coordinates":[23.698869300000069,37.936654100000055]},"properties":{"OBJECTID":3609,"amenity":"fuel","name":"AEGEAN","name_en":null}},{"type":"Feature","id":3611,"geometry":{"type":"Point","coordinates":[23.700659600000051,37.938018900000031]},"properties":{"OBJECTID":3611,"amenity":"fuel","name":"BP","name_en":null}},{"type":"Feature","id":3647,"geometry":{"type":"Point","coordinates":[23.761992000000077,37.893272400000058]},"properties":{"OBJECTID":3647,"amenity":"fuel","name":null,"name_en":null}},{"type":"Feature","id":3653,"geometry":{"type":"Point","coordinates":[23.701078600000073,37.938520100000062]},"properties":{"OBJECTID":3653,"amenity":"fuel","name":"SHELL","name_en":null}},{"type":"Feature","id":3659,"geometry":{"type":"Point","coordinates":[23.701548400000036,37.935378000000071]},"properties":{"OBJECTID":3659,"amenity":"fuel","name":"BP","name_en":null}},{"type":"Feature","id":3660,"geometry":{"type":"Point","coordinates":[23.701459500000055,37.936231700000064]},"properties":{"OBJECTID":3660,"amenity":"fuel","name":"ΕΤΕΚΑ","name_en":null}},{"type":"Feature","id":3674,"geometry":{"type":"Point","coordinates":[23.765138700000023,38.050747700000045]},"properties":{"OBJECTID":3674,"amenity":"fuel","name":"BP","name_en":null}},{"type":"Feature","id":3675,"geometry":{"type":"Point","coordinates":[23.703973900000051,37.933440800000028]},"properties":{"OBJECTID":3675,"amenity":"fuel","name":"REVOIL","name_en":null}},{"type":"Feature","id":3678,"geometry":{"type":"Point","coordinates":[23.710260600000026,37.93225620000004]},"properties":{"OBJECTID":3678,"amenity":"fuel","name":"AEGEAN","name_en":null}},{"type":"Feature","id":3679,"geometry":{"type":"Point","coordinates":[23.702789400000029,37.930092800000068]},"properties":{"OBJECTID":3679,"amenity":"fuel","name":"EKO","name_en":null}},{"type":"Feature","id":3686,"geometry":{"type":"Point","coordinates":[23.709711500000026,37.930383800000072]},"properties":{"OBJECTID":3686,"amenity":"fuel","name":"BP","name_en":null}},{"type":"Feature","id":3706,"geometry":{"type":"Point","coordinates":[23.755322900000067,37.986772500000029]},"properties":{"OBJECTID":3706,"amenity":"fuel","name":"BP","name_en":null}},{"type":"Feature","id":3709,"geometry":{"type":"Point","coordinates":[23.707803400000046,37.928664200000071]},"properties":{"OBJECTID":3709,"amenity":"fuel","name":"SHELL","name_en":null}},{"type":"Feature","id":3715,"geometry":{"type":"Point","coordinates":[23.712949700000024,37.930347200000028]},"properties":{"OBJECTID":3715,"amenity":"fuel","name":"EKO","name_en":null}},{"type":"Feature","id":3724,"geometry":{"type":"Point","coordinates":[23.714519500000051,37.932777700000031]},"properties":{"OBJECTID":3724,"amenity":"fuel","name":"SHELL","name_en":null}},{"type":"Feature","id":3725,"geometry":{"type":"Point","coordinates":[23.716352100000051,37.940910000000031]},"properties":{"OBJECTID":3725,"amenity":"fuel","name":"REVOIL","name_en":null}},{"type":"Feature","id":3739,"geometry":{"type":"Point","coordinates":[23.721373000000028,37.948888700000055]},"properties":{"OBJECTID":3739,"amenity":"fuel","name":"BP","name_en":null}},{"type":"Feature","id":3742,"geometry":{"type":"Point","coordinates":[23.739514700000029,37.86913190000007]},"properties":{"OBJECTID":3742,"amenity":"fuel","name":"BP","name_en":null}},{"type":"Feature","id":3743,"geometry":{"type":"Point","coordinates":[23.738457900000071,37.870113200000048]},"properties":{"OBJECTID":3743,"amenity":"fuel","name":"ΕΚΟ","name_en":null}},{"type":"Feature","id":3757,"geometry":{"type":"Point","coordinates":[23.734008000000074,37.960909500000071]},"properties":{"OBJECTID":3757,"amenity":"fuel","name":"EKO","name_en":null}},{"type":"Feature","id":3758,"geometry":{"type":"Point","coordinates":[23.735215500000038,37.959078900000065]},"properties":{"OBJECTID":3758,"amenity":"fuel","name":"SHELL","name_en":null}},{"type":"Feature","id":3768,"geometry":{"type":"Point","coordinates":[23.76236380000006,38.03940330000006]},"properties":{"OBJECTID":3768,"amenity":"fuel","name":null,"name_en":null}},{"type":"Feature","id":3772,"geometry":{"type":"Point","coordinates":[23.742706200000043,37.963570200000049]},"properties":{"OBJECTID":3772,"amenity":"fuel","name":"BP","name_en":null}},{"type":"Feature","id":3776,"geometry":{"type":"Point","coordinates":[23.756145700000047,37.971143300000051]},"properties":{"OBJECTID":3776,"amenity":"fuel","name":"EKO","name_en":null}},{"type":"Feature","id":3865,"geometry":{"type":"Point","coordinates":[23.748908500000027,38.005203400000028]},"properties":{"OBJECTID":3865,"amenity":"fuel","name":"Α.Π.","name_en":null}},{"type":"Feature","id":3876,"geometry":{"type":"Point","coordinates":[23.73885260000003,38.012167700000077]},"properties":{"OBJECTID":3876,"amenity":"fuel","name":"Aegean","name_en":null}},{"type":"Feature","id":3882,"geometry":{"type":"Point","coordinates":[23.739599700000042,38.015611000000035]},"properties":{"OBJECTID":3882,"amenity":"fuel","name":"Avin","name_en":null}},{"type":"Feature","id":3888,"geometry":{"type":"Point","coordinates":[23.748068200000034,38.013866800000073]},"properties":{"OBJECTID":3888,"amenity":"fuel","name":"EKO","name_en":null}},{"type":"Feature","id":3899,"geometry":{"type":"Point","coordinates":[23.751079300000072,38.013370400000042]},"properties":{"OBJECTID":3899,"amenity":"fuel","name":"BP","name_en":null}},{"type":"Feature","id":3901,"geometry":{"type":"Point","coordinates":[23.749266900000066,38.01394380000005]},"properties":{"OBJECTID":3901,"amenity":"fuel","name":"REVOIL","name_en":null}},{"type":"Feature","id":3911,"geometry":{"type":"Point","coordinates":[23.755311800000072,38.012115400000027]},"properties":{"OBJECTID":3911,"amenity":"fuel","name":"SHELL","name_en":null}},{"type":"Feature","id":3916,"geometry":{"type":"Point","coordinates":[23.755223100000023,38.016871700000024]},"properties":{"OBJECTID":3916,"amenity":"fuel","name":"BP","name_en":null}},{"type":"Feature","id":3937,"geometry":{"type":"Point","coordinates":[23.74661750000007,38.014582800000028]},"properties":{"OBJECTID":3937,"amenity":"fuel","name":"ΕΤΕΚΑ","name_en":null}},{"type":"Feature","id":4071,"geometry":{"type":"Point","coordinates":[23.729986300000064,38.021180800000025]},"properties":{"OBJECTID":4071,"amenity":"fuel","name":"BP","name_en":null}},{"type":"Feature","id":4133,"geometry":{"type":"Point","coordinates":[23.721899200000053,38.005128600000035]},"properties":{"OBJECTID":4133,"amenity":"fuel","name":"ETEKA","name_en":null}},{"type":"Feature","id":4162,"geometry":{"type":"Point","coordinates":[24.054649200000028,37.716046500000061]},"properties":{"OBJECTID":4162,"amenity":"fuel","name":"SHELL","name_en":null}},{"type":"Feature","id":4192,"geometry":{"type":"Point","coordinates":[23.722443500000054,38.015668800000071]},"properties":{"OBJECTID":4192,"amenity":"fuel","name":"ΕΤΕΚΑ","name_en":null}},{"type":"Feature","id":4200,"geometry":{"type":"Point","coordinates":[23.729277500000023,38.020684700000061]},"properties":{"OBJECTID":4200,"amenity":"fuel","name":"SHELL","name_en":null}},{"type":"Feature","id":4213,"geometry":{"type":"Point","coordinates":[23.729790900000069,38.029997600000058]},"properties":{"OBJECTID":4213,"amenity":"fuel","name":"REVOIL","name_en":null}},{"type":"Feature","id":4326,"geometry":{"type":"Point","coordinates":[23.760432700000024,37.955455400000062]},"properties":{"OBJECTID":4326,"amenity":"fuel","name":"BP","name_en":null}},{"type":"Feature","id":4331,"geometry":{"type":"Point","coordinates":[23.758211900000049,37.962945600000069]},"properties":{"OBJECTID":4331,"amenity":"fuel","name":"SHELL","name_en":null}},{"type":"Feature","id":4366,"geometry":{"type":"Point","coordinates":[23.751250800000037,37.956094600000029]},"properties":{"OBJECTID":4366,"amenity":"fuel","name":"Shell","name_en":null}},{"type":"Feature","id":4371,"geometry":{"type":"Point","coordinates":[23.740486300000043,37.959735200000068]},"properties":{"OBJECTID":4371,"amenity":"fuel","name":"AVIN","name_en":null}},{"type":"Feature","id":4374,"geometry":{"type":"Point","coordinates":[23.739013600000078,37.953199000000041]},"properties":{"OBJECTID":4374,"amenity":"fuel","name":"BP","name_en":null}},{"type":"Feature","id":4376,"geometry":{"type":"Point","coordinates":[23.748244700000043,37.952782900000045]},"properties":{"OBJECTID":4376,"amenity":"fuel","name":"ΕΤΕΚΑ","name_en":null}},{"type":"Feature","id":4377,"geometry":{"type":"Point","coordinates":[23.750182500000051,37.954259800000045]},"properties":{"OBJECTID":4377,"amenity":"fuel","name":"Olympic Fuels","name_en":null}},{"type":"Feature","id":4378,"geometry":{"type":"Point","coordinates":[23.75242060000005,37.953833200000076]},"properties":{"OBJECTID":4378,"amenity":"fuel","name":"ΕΤΕΚΑ","name_en":null}},{"type":"Feature","id":4418,"geometry":{"type":"Point","coordinates":[23.729702400000065,37.95216320000003]},"properties":{"OBJECTID":4418,"amenity":"fuel","name":"BP","name_en":null}},{"type":"Feature","id":4460,"geometry":{"type":"Point","coordinates":[23.738442300000031,37.948033000000066]},"properties":{"OBJECTID":4460,"amenity":"fuel","name":"BP","name_en":null}},{"type":"Feature","id":4467,"geometry":{"type":"Point","coordinates":[23.739992100000052,37.941561200000081]},"properties":{"OBJECTID":4467,"amenity":"fuel","name":"REVOIL","name_en":null}},{"type":"Feature","id":4471,"geometry":{"type":"Point","coordinates":[23.740284900000063,37.940439500000025]},"properties":{"OBJECTID":4471,"amenity":"fuel","name":"SHELL","name_en":null}},{"type":"Feature","id":4479,"geometry":{"type":"Point","coordinates":[23.742889400000024,37.948837300000037]},"properties":{"OBJECTID":4479,"amenity":"fuel","name":"SHELL","name_en":null}},{"type":"Feature","id":4519,"geometry":{"type":"Point","coordinates":[23.767902800000059,37.948030900000049]},"properties":{"OBJECTID":4519,"amenity":"fuel","name":"AEGEAN","name_en":null}},{"type":"Feature","id":4529,"geometry":{"type":"Point","coordinates":[23.766715800000043,37.946374100000071]},"properties":{"OBJECTID":4529,"amenity":"fuel","name":"BP","name_en":null}},{"type":"Feature","id":4536,"geometry":{"type":"Point","coordinates":[23.748187300000041,37.943724400000065]},"properties":{"OBJECTID":4536,"amenity":"fuel","name":"BP","name_en":null}},{"type":"Feature","id":4545,"geometry":{"type":"Point","coordinates":[23.744555400000024,37.934486900000024]},"properties":{"OBJECTID":4545,"amenity":"fuel","name":"EKO","name_en":null}},{"type":"Feature","id":4546,"geometry":{"type":"Point","coordinates":[23.747729900000024,37.945767300000057]},"properties":{"OBJECTID":4546,"amenity":"fuel","name":"REVOIL","name_en":null}},{"type":"Feature","id":4547,"geometry":{"type":"Point","coordinates":[23.748573100000044,37.944173400000068]},"properties":{"OBJECTID":4547,"amenity":"fuel","name":"SHELL","name_en":null}},{"type":"Feature","id":4548,"geometry":{"type":"Point","coordinates":[23.749148800000057,37.94265020000006]},"properties":{"OBJECTID":4548,"amenity":"fuel","name":"ΕΤΕΚΑ","name_en":null}},{"type":"Feature","id":4550,"geometry":{"type":"Point","coordinates":[23.733462600000053,37.875248200000044]},"properties":{"OBJECTID":4550,"amenity":"fuel","name":"SHELL","name_en":null}},{"type":"Feature","id":4553,"geometry":{"type":"Point","coordinates":[23.762260300000037,37.894529700000078]},"properties":{"OBJECTID":4553,"amenity":"fuel","name":"AVIN","name_en":null}},{"type":"Feature","id":4557,"geometry":{"type":"Point","coordinates":[23.755828800000074,37.940111500000057]},"properties":{"OBJECTID":4557,"amenity":"fuel","name":"SHELL","name_en":null}},{"type":"Feature","id":4558,"geometry":{"type":"Point","coordinates":[23.760418900000047,37.93951190000007]},"properties":{"OBJECTID":4558,"amenity":"fuel","name":"SHELL","name_en":null}},{"type":"Feature","id":4560,"geometry":{"type":"Point","coordinates":[23.758951300000035,37.937270000000069]},"properties":{"OBJECTID":4560,"amenity":"fuel","name":"REVOIL","name_en":null}},{"type":"Feature","id":4572,"geometry":{"type":"Point","coordinates":[23.759032300000058,37.933176700000047]},"properties":{"OBJECTID":4572,"amenity":"fuel","name":"ΕΚΟ","name_en":null}},{"type":"Feature","id":4581,"geometry":{"type":"Point","coordinates":[23.75486520000004,37.93180140000004]},"properties":{"OBJECTID":4581,"amenity":"fuel","name":"EKO","name_en":null}},{"type":"Feature","id":4591,"geometry":{"type":"Point","coordinates":[23.750129600000037,37.935243300000025]},"properties":{"OBJECTID":4591,"amenity":"fuel","name":"ΕΛΙΝΟΙΛ","name_en":null}},{"type":"Feature","id":4658,"geometry":{"type":"Point","coordinates":[23.755101900000057,37.915387600000031]},"properties":{"OBJECTID":4658,"amenity":"fuel","name":"EKO","name_en":null}},{"type":"Feature","id":4666,"geometry":{"type":"Point","coordinates":[23.754604500000028,37.915195800000049]},"properties":{"OBJECTID":4666,"amenity":"fuel","name":"SHELL","name_en":null}},{"type":"Feature","id":4667,"geometry":{"type":"Point","coordinates":[23.747960400000068,37.913485700000024]},"properties":{"OBJECTID":4667,"amenity":"fuel","name":"SHELL","name_en":null}},{"type":"Feature","id":4670,"geometry":{"type":"Point","coordinates":[23.747358200000065,37.908903400000042]},"properties":{"OBJECTID":4670,"amenity":"fuel","name":"REVOIL","name_en":null}},{"type":"Feature","id":4676,"geometry":{"type":"Point","coordinates":[23.754316200000062,37.911888600000054]},"properties":{"OBJECTID":4676,"amenity":"fuel","name":"ΕΚΟ","name_en":null}},{"type":"Feature","id":4680,"geometry":{"type":"Point","coordinates":[23.75438070000007,37.913117800000066]},"properties":{"OBJECTID":4680,"amenity":"fuel","name":"BP","name_en":null}},{"type":"Feature","id":4701,"geometry":{"type":"Point","coordinates":[23.756332300000054,37.900269200000025]},"properties":{"OBJECTID":4701,"amenity":"fuel","name":"ΕΚΟ","name_en":null}},{"type":"Feature","id":4708,"geometry":{"type":"Point","coordinates":[23.74670210000005,37.900680400000056]},"properties":{"OBJECTID":4708,"amenity":"fuel","name":"EKO","name_en":null}},{"type":"Feature","id":4712,"geometry":{"type":"Point","coordinates":[23.747217200000023,37.89701720000005]},"properties":{"OBJECTID":4712,"amenity":"fuel","name":"BP","name_en":null}},{"type":"Feature","id":4717,"geometry":{"type":"Point","coordinates":[23.747240100000056,37.89601440000007]},"properties":{"OBJECTID":4717,"amenity":"fuel","name":"REVOIL","name_en":null}},{"type":"Feature","id":4795,"geometry":{"type":"Point","coordinates":[23.724559800000065,37.907287100000076]},"properties":{"OBJECTID":4795,"amenity":"fuel","name":"SHELL","name_en":null}},{"type":"Feature","id":4824,"geometry":{"type":"Point","coordinates":[23.739225600000054,37.909569500000032]},"properties":{"OBJECTID":4824,"amenity":"fuel","name":"REVOIL","name_en":null}},{"type":"Feature","id":4959,"geometry":{"type":"Point","coordinates":[23.717740500000048,37.916170900000054]},"properties":{"OBJECTID":4959,"amenity":"fuel","name":"EKO","name_en":null}},{"type":"Feature","id":4995,"geometry":{"type":"Point","coordinates":[23.714778700000068,37.922087600000054]},"properties":{"OBJECTID":4995,"amenity":"fuel","name":"Shell","name_en":null}},{"type":"Feature","id":5000,"geometry":{"type":"Point","coordinates":[23.71682190000007,38.005204900000024]},"properties":{"OBJECTID":5000,"amenity":"fuel","name":"SHELL","name_en":null}},{"type":"Feature","id":5001,"geometry":{"type":"Point","coordinates":[23.715669700000035,38.007904900000028]},"properties":{"OBJECTID":5001,"amenity":"fuel","name":"BP","name_en":null}},{"type":"Feature","id":5024,"geometry":{"type":"Point","coordinates":[23.720070000000078,38.012511700000061]},"properties":{"OBJECTID":5024,"amenity":"fuel","name":null,"name_en":null}},{"type":"Feature","id":5045,"geometry":{"type":"Point","coordinates":[23.670310100000052,37.975214700000038]},"properties":{"OBJECTID":5045,"amenity":"fuel","name":"Fisikon","name_en":null}},{"type":"Feature","id":5046,"geometry":{"type":"Point","coordinates":[23.655796100000032,37.960906100000045]},"properties":{"OBJECTID":5046,"amenity":"fuel","name":"ΕΤΕΚΑ","name_en":null}},{"type":"Feature","id":5047,"geometry":{"type":"Point","coordinates":[23.65614590000007,37.96846400000004]},"properties":{"OBJECTID":5047,"amenity":"fuel","name":"ΕΤΕΚΑ","name_en":null}},{"type":"Feature","id":5050,"geometry":{"type":"Point","coordinates":[23.618634400000076,37.95905920000007]},"properties":{"OBJECTID":5050,"amenity":"fuel","name":"Open","name_en":null}},{"type":"Feature","id":5051,"geometry":{"type":"Point","coordinates":[23.847090100000059,38.020944900000075]},"properties":{"OBJECTID":5051,"amenity":"fuel","name":"Revoil","name_en":null}},{"type":"Feature","id":5052,"geometry":{"type":"Point","coordinates":[23.846952300000055,38.02078750000004]},"properties":{"OBJECTID":5052,"amenity":"fuel","name":"Α.Π.","name_en":null}},{"type":"Feature","id":5053,"geometry":{"type":"Point","coordinates":[23.61963170000007,37.958768300000031]},"properties":{"OBJECTID":5053,"amenity":"fuel","name":"ΕΤΕΚΑ","name_en":null}},{"type":"Feature","id":5060,"geometry":{"type":"Point","coordinates":[23.724716500000056,37.925041200000067]},"properties":{"OBJECTID":5060,"amenity":"fuel","name":"ΕΤΕΚΑ","name_en":null}},{"type":"Feature","id":5062,"geometry":{"type":"Point","coordinates":[23.860403100000042,38.016092600000036]},"properties":{"OBJECTID":5062,"amenity":"fuel","name":"EKO","name_en":null}},{"type":"Feature","id":5064,"geometry":{"type":"Point","coordinates":[23.577697400000034,37.961731500000042]},"properties":{"OBJECTID":5064,"amenity":"fuel","name":null,"name_en":null}},{"type":"Feature","id":5065,"geometry":{"type":"Point","coordinates":[23.842938900000036,38.014255800000058]},"properties":{"OBJECTID":5065,"amenity":"fuel","name":"AVIN","name_en":null}},{"type":"Feature","id":5068,"geometry":{"type":"Point","coordinates":[23.669175400000029,37.95906640000004]},"properties":{"OBJECTID":5068,"amenity":"fuel","name":"REVOIL","name_en":null}},{"type":"Feature","id":5069,"geometry":{"type":"Point","coordinates":[23.671527000000026,37.958839500000067]},"properties":{"OBJECTID":5069,"amenity":"fuel","name":"REVOIL","name_en":null}},{"type":"Feature","id":5070,"geometry":{"type":"Point","coordinates":[23.620609900000034,37.970713700000033]},"properties":{"OBJECTID":5070,"amenity":"fuel","name":"Aegean","name_en":null}},{"type":"Feature","id":5071,"geometry":{"type":"Point","coordinates":[23.664398000000062,37.957764600000075]},"properties":{"OBJECTID":5071,"amenity":"fuel","name":"SHELL","name_en":null}},{"type":"Feature","id":5073,"geometry":{"type":"Point","coordinates":[23.703583200000025,37.970669000000044]},"properties":{"OBJECTID":5073,"amenity":"fuel","name":"SHELL","name_en":null}},{"type":"Feature","id":5076,"geometry":{"type":"Point","coordinates":[23.801243600000078,38.048783400000048]},"properties":{"OBJECTID":5076,"amenity":"fuel","name":"BP","name_en":null}},{"type":"Feature","id":5077,"geometry":{"type":"Point","coordinates":[23.701495100000045,38.02426440000005]},"properties":{"OBJECTID":5077,"amenity":"fuel","name":"AVIN","name_en":null}},{"type":"Feature","id":5079,"geometry":{"type":"Point","coordinates":[23.740533700000071,38.089608300000066]},"properties":{"OBJECTID":5079,"amenity":"fuel","name":"ΕΤΕΚΑ","name_en":null}},{"type":"Feature","id":5081,"geometry":{"type":"Point","coordinates":[23.940108200000054,38.001981700000044]},"properties":{"OBJECTID":5081,"amenity":"fuel","name":"BP","name_en":null}},{"type":"Feature","id":5085,"geometry":{"type":"Point","coordinates":[23.79718390000005,38.074549700000034]},"properties":{"OBJECTID":5085,"amenity":"fuel","name":"BP","name_en":null}},{"type":"Feature","id":5087,"geometry":{"type":"Point","coordinates":[23.677393300000062,37.954054500000041]},"properties":{"OBJECTID":5087,"amenity":"fuel","name":"ΕΛΙΝΟΙΛ","name_en":null}},{"type":"Feature","id":5088,"geometry":{"type":"Point","coordinates":[23.738102000000026,38.05613100000005]},"properties":{"OBJECTID":5088,"amenity":"fuel","name":null,"name_en":null}},{"type":"Feature","id":5095,"geometry":{"type":"Point","coordinates":[23.785609700000066,38.071013100000073]},"properties":{"OBJECTID":5095,"amenity":"fuel","name":"EKO","name_en":null}},{"type":"Feature","id":5096,"geometry":{"type":"Point","coordinates":[23.797377500000039,38.060037700000066]},"properties":{"OBJECTID":5096,"amenity":"fuel","name":"ΕΤΕΚΑ","name_en":null}},{"type":"Feature","id":5097,"geometry":{"type":"Point","coordinates":[23.783920300000034,38.07041380000004]},"properties":{"OBJECTID":5097,"amenity":"fuel","name":"SHELL","name_en":null}},{"type":"Feature","id":5098,"geometry":{"type":"Point","coordinates":[23.784996200000023,38.060711200000071]},"properties":{"OBJECTID":5098,"amenity":"fuel","name":"ΑΡΓΩ","name_en":null}},{"type":"Feature","id":5099,"geometry":{"type":"Point","coordinates":[23.793754100000058,38.059352800000056]},"properties":{"OBJECTID":5099,"amenity":"fuel","name":"BP","name_en":null}},{"type":"Feature","id":5100,"geometry":{"type":"Point","coordinates":[23.972754700000053,38.00929670000005]},"properties":{"OBJECTID":5100,"amenity":"fuel","name":"REVOIL","name_en":null}},{"type":"Feature","id":5102,"geometry":{"type":"Point","coordinates":[23.817757100000051,38.088172800000052]},"properties":{"OBJECTID":5102,"amenity":"fuel","name":"SHELL","name_en":null}},{"type":"Feature","id":5104,"geometry":{"type":"Point","coordinates":[23.916049100000066,37.999520100000041]},"properties":{"OBJECTID":5104,"amenity":"fuel","name":"EKO","name_en":null}},{"type":"Feature","id":5107,"geometry":{"type":"Point","coordinates":[23.811901000000034,38.076082500000041]},"properties":{"OBJECTID":5107,"amenity":"fuel","name":"AEGEAN","name_en":null}},{"type":"Feature","id":5109,"geometry":{"type":"Point","coordinates":[23.734181100000058,38.097744200000079]},"properties":{"OBJECTID":5109,"amenity":"fuel","name":"AVIN","name_en":null}},{"type":"Feature","id":5122,"geometry":{"type":"Point","coordinates":[23.712209400000063,38.007990500000062]},"properties":{"OBJECTID":5122,"amenity":"fuel","name":"EGas","name_en":null}},{"type":"Feature","id":5126,"geometry":{"type":"Point","coordinates":[23.850936100000069,38.139322500000048]},"properties":{"OBJECTID":5126,"amenity":"fuel","name":"EKO","name_en":null}},{"type":"Feature","id":5130,"geometry":{"type":"Point","coordinates":[23.853898500000071,37.974857200000031]},"properties":{"OBJECTID":5130,"amenity":"fuel","name":"SHELL","name_en":null}},{"type":"Feature","id":5131,"geometry":{"type":"Point","coordinates":[23.85321870000007,37.973455500000057]},"properties":{"OBJECTID":5131,"amenity":"fuel","name":"ΕΛΙΝΟΙΛ","name_en":null}},{"type":"Feature","id":5132,"geometry":{"type":"Point","coordinates":[23.853611300000068,37.971666200000072]},"properties":{"OBJECTID":5132,"amenity":"fuel","name":"AVIN","name_en":null}},{"type":"Feature","id":5133,"geometry":{"type":"Point","coordinates":[23.796826500000066,38.081881200000055]},"properties":{"OBJECTID":5133,"amenity":"fuel","name":"Avin","name_en":null}},{"type":"Feature","id":5136,"geometry":{"type":"Point","coordinates":[23.902227800000048,38.003104900000039]},"properties":{"OBJECTID":5136,"amenity":"fuel","name":"Pearl Gas","name_en":null}},{"type":"Feature","id":5138,"geometry":{"type":"Point","coordinates":[23.858635700000036,38.133739700000035]},"properties":{"OBJECTID":5138,"amenity":"fuel","name":"ΑΠ","name_en":null}},{"type":"Feature","id":5139,"geometry":{"type":"Point","coordinates":[23.937856000000068,38.000744300000065]},"properties":{"OBJECTID":5139,"amenity":"fuel","name":"AVIN","name_en":null}},{"type":"Feature","id":5140,"geometry":{"type":"Point","coordinates":[23.932893100000058,37.998645400000044]},"properties":{"OBJECTID":5140,"amenity":"fuel","name":"AEGEAN","name_en":null}},{"type":"Feature","id":5142,"geometry":{"type":"Point","coordinates":[23.946138100000042,38.003809800000056]},"properties":{"OBJECTID":5142,"amenity":"fuel","name":"REVOIL","name_en":null}},{"type":"Feature","id":5144,"geometry":{"type":"Point","coordinates":[23.739922500000034,38.076179600000046]},"properties":{"OBJECTID":5144,"amenity":"fuel","name":null,"name_en":null}},{"type":"Feature","id":5149,"geometry":{"type":"Point","coordinates":[23.859251100000051,38.131215000000054]},"properties":{"OBJECTID":5149,"amenity":"fuel","name":"AEGEAN","name_en":null}},{"type":"Feature","id":5150,"geometry":{"type":"Point","coordinates":[23.763758300000063,38.103972500000054]},"properties":{"OBJECTID":5150,"amenity":"fuel","name":"AVIN","name_en":null}},{"type":"Feature","id":5151,"geometry":{"type":"Point","coordinates":[23.953243500000042,38.005351300000029]},"properties":{"OBJECTID":5151,"amenity":"fuel","name":"EKO","name_en":null}},{"type":"Feature","id":5152,"geometry":{"type":"Point","coordinates":[23.975267500000029,38.013393600000029]},"properties":{"OBJECTID":5152,"amenity":"fuel","name":"BP","name_en":null}},{"type":"Feature","id":5153,"geometry":{"type":"Point","coordinates":[23.764015000000029,38.084665700000073]},"properties":{"OBJECTID":5153,"amenity":"fuel","name":"REVOIL","name_en":null}},{"type":"Feature","id":5154,"geometry":{"type":"Point","coordinates":[23.97822670000005,38.015932100000043]},"properties":{"OBJECTID":5154,"amenity":"fuel","name":"REVOIL","name_en":null}},{"type":"Feature","id":5155,"geometry":{"type":"Point","coordinates":[23.974835100000064,38.012427800000069]},"properties":{"OBJECTID":5155,"amenity":"fuel","name":"SHELL","name_en":null}},{"type":"Feature","id":5159,"geometry":{"type":"Point","coordinates":[23.723389700000041,38.027417400000047]},"properties":{"OBJECTID":5159,"amenity":"fuel","name":null,"name_en":null}},{"type":"Feature","id":5160,"geometry":{"type":"Point","coordinates":[23.722033500000066,38.023567000000071]},"properties":{"OBJECTID":5160,"amenity":"fuel","name":"REVOIL","name_en":null}},{"type":"Feature","id":5161,"geometry":{"type":"Point","coordinates":[23.723511300000041,38.025480500000072]},"properties":{"OBJECTID":5161,"amenity":"fuel","name":"EKO","name_en":null}},{"type":"Feature","id":5162,"geometry":{"type":"Point","coordinates":[23.857556700000032,38.119159400000058]},"properties":{"OBJECTID":5162,"amenity":"fuel","name":"AEGEAN","name_en":null}},{"type":"Feature","id":5163,"geometry":{"type":"Point","coordinates":[23.760256000000027,38.066619800000069]},"properties":{"OBJECTID":5163,"amenity":"fuel","name":"BP","name_en":null}},{"type":"Feature","id":5165,"geometry":{"type":"Point","coordinates":[23.796921400000031,38.091373800000042]},"properties":{"OBJECTID":5165,"amenity":"fuel","name":"BP","name_en":null}},{"type":"Feature","id":5166,"geometry":{"type":"Point","coordinates":[23.767036700000062,38.066542000000027]},"properties":{"OBJECTID":5166,"amenity":"fuel","name":"REVOIL","name_en":null}},{"type":"Feature","id":5167,"geometry":{"type":"Point","coordinates":[23.771176300000036,38.068446100000074]},"properties":{"OBJECTID":5167,"amenity":"fuel","name":"EKO","name_en":null}},{"type":"Feature","id":5168,"geometry":{"type":"Point","coordinates":[23.772249000000045,38.05933390000007]},"properties":{"OBJECTID":5168,"amenity":"fuel","name":"EKO","name_en":null}},{"type":"Feature","id":5169,"geometry":{"type":"Point","coordinates":[23.710004200000071,38.031822000000034]},"properties":{"OBJECTID":5169,"amenity":"fuel","name":"ΕΤΕΚΑ","name_en":null}},{"type":"Feature","id":5170,"geometry":{"type":"Point","coordinates":[23.711077400000079,38.031241200000068]},"properties":{"OBJECTID":5170,"amenity":"fuel","name":null,"name_en":null}},{"type":"Feature","id":5171,"geometry":{"type":"Point","coordinates":[23.773194800000056,38.060386400000027]},"properties":{"OBJECTID":5171,"amenity":"fuel","name":"CYCLON","name_en":null}},{"type":"Feature","id":5172,"geometry":{"type":"Point","coordinates":[23.73268500000006,37.936149700000044]},"properties":{"OBJECTID":5172,"amenity":"fuel","name":"SHELL","name_en":null}},{"type":"Feature","id":5173,"geometry":{"type":"Point","coordinates":[23.729652000000044,37.936492100000066]},"properties":{"OBJECTID":5173,"amenity":"fuel","name":"BP","name_en":null}},{"type":"Feature","id":5176,"geometry":{"type":"Point","coordinates":[23.754527200000041,37.883008300000029]},"properties":{"OBJECTID":5176,"amenity":"fuel","name":"BP","name_en":null}},{"type":"Feature","id":5177,"geometry":{"type":"Point","coordinates":[23.756484800000067,37.876299800000027]},"properties":{"OBJECTID":5177,"amenity":"fuel","name":"AVIN","name_en":null}},{"type":"Feature","id":5178,"geometry":{"type":"Point","coordinates":[23.713326800000061,38.028175800000042]},"properties":{"OBJECTID":5178,"amenity":"fuel","name":null,"name_en":null}},{"type":"Feature","id":5179,"geometry":{"type":"Point","coordinates":[23.701061200000026,37.94068070000003]},"properties":{"OBJECTID":5179,"amenity":"fuel","name":null,"name_en":null}},{"type":"Feature","id":5180,"geometry":{"type":"Point","coordinates":[23.763093300000037,37.881786100000056]},"properties":{"OBJECTID":5180,"amenity":"fuel","name":"SHELL","name_en":null}},{"type":"Feature","id":5181,"geometry":{"type":"Point","coordinates":[23.744769000000076,37.865400800000032]},"properties":{"OBJECTID":5181,"amenity":"fuel","name":"EKO","name_en":null}},{"type":"Feature","id":5183,"geometry":{"type":"Point","coordinates":[23.763739700000031,37.878612100000055]},"properties":{"OBJECTID":5183,"amenity":"fuel","name":"Del","name_en":null}},{"type":"Feature","id":5184,"geometry":{"type":"Point","coordinates":[23.754942500000027,37.87445050000008]},"properties":{"OBJECTID":5184,"amenity":"fuel","name":"SHELL","name_en":null}},{"type":"Feature","id":5185,"geometry":{"type":"Point","coordinates":[23.727918600000066,37.932025900000042]},"properties":{"OBJECTID":5185,"amenity":"fuel","name":"EKO","name_en":null}},{"type":"Feature","id":5186,"geometry":{"type":"Point","coordinates":[23.726428000000055,37.928801600000043]},"properties":{"OBJECTID":5186,"amenity":"fuel","name":"EKO","name_en":null}},{"type":"Feature","id":5187,"geometry":{"type":"Point","coordinates":[23.706799700000033,37.919642100000033]},"properties":{"OBJECTID":5187,"amenity":"fuel","name":"AVIN","name_en":null}},{"type":"Feature","id":5188,"geometry":{"type":"Point","coordinates":[23.731390200000078,37.951503900000034]},"properties":{"OBJECTID":5188,"amenity":"fuel","name":"REVOIL","name_en":null}},{"type":"Feature","id":5193,"geometry":{"type":"Point","coordinates":[23.781749800000057,37.832848900000045]},"properties":{"OBJECTID":5193,"amenity":"fuel","name":"BP","name_en":null}},{"type":"Feature","id":5194,"geometry":{"type":"Point","coordinates":[23.738990900000033,37.949384700000053]},"properties":{"OBJECTID":5194,"amenity":"fuel","name":"ΕΤΕΚΑ","name_en":null}},{"type":"Feature","id":5196,"geometry":{"type":"Point","coordinates":[23.735583800000029,37.955758100000025]},"properties":{"OBJECTID":5196,"amenity":"fuel","name":"ΕΛΙΝΟΙΛ","name_en":null}},{"type":"Feature","id":5197,"geometry":{"type":"Point","coordinates":[23.76501520000005,37.858193100000051]},"properties":{"OBJECTID":5197,"amenity":"fuel","name":"EKO","name_en":null}},{"type":"Feature","id":5198,"geometry":{"type":"Point","coordinates":[23.757505500000036,37.874147300000061]},"properties":{"OBJECTID":5198,"amenity":"fuel","name":"EKO","name_en":null}},{"type":"Feature","id":5199,"geometry":{"type":"Point","coordinates":[23.73721450000005,37.929404700000077]},"properties":{"OBJECTID":5199,"amenity":"fuel","name":"REVOIL","name_en":null}},{"type":"Feature","id":5200,"geometry":{"type":"Point","coordinates":[23.774295300000063,37.833506500000055]},"properties":{"OBJECTID":5200,"amenity":"fuel","name":"AEGEAN","name_en":null}},{"type":"Feature","id":5203,"geometry":{"type":"Point","coordinates":[23.723259600000063,37.953772400000048]},"properties":{"OBJECTID":5203,"amenity":"fuel","name":"AVIN","name_en":null}},{"type":"Feature","id":5206,"geometry":{"type":"Point","coordinates":[23.867342600000029,37.877263000000028]},"properties":{"OBJECTID":5206,"amenity":"fuel","name":"SHELL","name_en":null}},{"type":"Feature","id":5208,"geometry":{"type":"Point","coordinates":[23.777539000000047,37.994695200000081]},"properties":{"OBJECTID":5208,"amenity":"fuel","name":"AEGEAN","name_en":null}},{"type":"Feature","id":5209,"geometry":{"type":"Point","coordinates":[23.713018000000034,37.939452300000028]},"properties":{"OBJECTID":5209,"amenity":"fuel","name":"AEGEAN","name_en":null}},{"type":"Feature","id":5210,"geometry":{"type":"Point","coordinates":[23.744040700000028,37.949402200000065]},"properties":{"OBJECTID":5210,"amenity":"fuel","name":"BP","name_en":null}},{"type":"Feature","id":5211,"geometry":{"type":"Point","coordinates":[23.751128400000027,37.92817610000003]},"properties":{"OBJECTID":5211,"amenity":"fuel","name":"AVIN","name_en":null}},{"type":"Feature","id":5213,"geometry":{"type":"Point","coordinates":[23.715890900000034,37.915058200000033]},"properties":{"OBJECTID":5213,"amenity":"fuel","name":null,"name_en":null}},{"type":"Feature","id":5214,"geometry":{"type":"Point","coordinates":[23.743985200000054,37.919619600000033]},"properties":{"OBJECTID":5214,"amenity":"fuel","name":"EKO","name_en":null}},{"type":"Feature","id":5216,"geometry":{"type":"Point","coordinates":[23.927791400000046,37.884676300000081]},"properties":{"OBJECTID":5216,"amenity":"fuel","name":"AVIN","name_en":null}},{"type":"Feature","id":5217,"geometry":{"type":"Point","coordinates":[23.84008810000006,38.025245400000074]},"properties":{"OBJECTID":5217,"amenity":"fuel","name":"Α.Π.","name_en":null}},{"type":"Feature","id":5218,"geometry":{"type":"Point","coordinates":[23.848594200000036,38.023112400000059]},"properties":{"OBJECTID":5218,"amenity":"fuel","name":"ΕΚΟ","name_en":null}},{"type":"Feature","id":5219,"geometry":{"type":"Point","coordinates":[23.929387800000029,37.842602500000055]},"properties":{"OBJECTID":5219,"amenity":"fuel","name":"BP","name_en":null}},{"type":"Feature","id":5220,"geometry":{"type":"Point","coordinates":[23.927321600000028,37.839380600000027]},"properties":{"OBJECTID":5220,"amenity":"fuel","name":"REVOIL","name_en":null}},{"type":"Feature","id":5221,"geometry":{"type":"Point","coordinates":[23.859285100000022,38.13958370000006]},"properties":{"OBJECTID":5221,"amenity":"fuel","name":"SHELL","name_en":null}},{"type":"Feature","id":5231,"geometry":{"type":"Point","coordinates":[23.943547700000067,37.887821200000076]},"properties":{"OBJECTID":5231,"amenity":"fuel","name":"AVIN","name_en":null}},{"type":"Feature","id":5238,"geometry":{"type":"Point","coordinates":[23.748031900000058,37.996156900000074]},"properties":{"OBJECTID":5238,"amenity":"fuel","name":"EKO","name_en":null}},{"type":"Feature","id":5239,"geometry":{"type":"Point","coordinates":[23.761359800000037,37.895300100000043]},"properties":{"OBJECTID":5239,"amenity":"fuel","name":"BP","name_en":null}},{"type":"Feature","id":5240,"geometry":{"type":"Point","coordinates":[23.756137300000034,37.901413000000048]},"properties":{"OBJECTID":5240,"amenity":"fuel","name":"EKO","name_en":null}},{"type":"Feature","id":5241,"geometry":{"type":"Point","coordinates":[23.760370800000032,37.892341700000031]},"properties":{"OBJECTID":5241,"amenity":"fuel","name":"REVOIL","name_en":null}},{"type":"Feature","id":5242,"geometry":{"type":"Point","coordinates":[23.763277900000048,37.983562200000051]},"properties":{"OBJECTID":5242,"amenity":"fuel","name":"EKO","name_en":null}},{"type":"Feature","id":5243,"geometry":{"type":"Point","coordinates":[23.758761900000025,37.981263200000058]},"properties":{"OBJECTID":5243,"amenity":"fuel","name":"AVIN","name_en":null}},{"type":"Feature","id":5244,"geometry":{"type":"Point","coordinates":[23.746728000000076,38.054390900000044]},"properties":{"OBJECTID":5244,"amenity":"fuel","name":"ΕΛΙΝΟΙΛ","name_en":null}},{"type":"Feature","id":5245,"geometry":{"type":"Point","coordinates":[23.747799100000066,38.05321500000008]},"properties":{"OBJECTID":5245,"amenity":"fuel","name":"AVIN","name_en":null}},{"type":"Feature","id":5247,"geometry":{"type":"Point","coordinates":[23.752414600000066,38.050010200000031]},"properties":{"OBJECTID":5247,"amenity":"fuel","name":"BP","name_en":null}},{"type":"Feature","id":5248,"geometry":{"type":"Point","coordinates":[23.762164000000041,38.04906550000004]},"properties":{"OBJECTID":5248,"amenity":"fuel","name":"ΕΚΟ","name_en":null}},{"type":"Feature","id":5249,"geometry":{"type":"Point","coordinates":[23.768834900000058,38.039348700000062]},"properties":{"OBJECTID":5249,"amenity":"fuel","name":"EKO","name_en":null}},{"type":"Feature","id":5253,"geometry":{"type":"Point","coordinates":[23.743393400000059,38.031390600000066]},"properties":{"OBJECTID":5253,"amenity":"fuel","name":"AEGEAN","name_en":null}},{"type":"Feature","id":5254,"geometry":{"type":"Point","coordinates":[23.737430800000027,38.046894500000064]},"properties":{"OBJECTID":5254,"amenity":"fuel","name":"EKO","name_en":null}},{"type":"Feature","id":5257,"geometry":{"type":"Point","coordinates":[23.75105620000005,38.051745100000062]},"properties":{"OBJECTID":5257,"amenity":"fuel","name":"BP","name_en":null}},{"type":"Feature","id":5258,"geometry":{"type":"Point","coordinates":[23.751338300000043,38.052498400000047]},"properties":{"OBJECTID":5258,"amenity":"fuel","name":"AEGEAN","name_en":null}},{"type":"Feature","id":5259,"geometry":{"type":"Point","coordinates":[23.755189700000074,38.058240100000035]},"properties":{"OBJECTID":5259,"amenity":"fuel","name":"SILKOIL","name_en":null}},{"type":"Feature","id":5264,"geometry":{"type":"Point","coordinates":[23.768116600000042,38.053712500000074]},"properties":{"OBJECTID":5264,"amenity":"fuel","name":"SHELL","name_en":null}},{"type":"Feature","id":5265,"geometry":{"type":"Point","coordinates":[23.769841600000063,38.055171100000052]},"properties":{"OBJECTID":5265,"amenity":"fuel","name":"SHELL","name_en":null}},{"type":"Feature","id":5266,"geometry":{"type":"Point","coordinates":[23.827554700000064,38.013697100000059]},"properties":{"OBJECTID":5266,"amenity":"fuel","name":"AEGEAN","name_en":null}},{"type":"Feature","id":5267,"geometry":{"type":"Point","coordinates":[23.696225200000072,37.99179520000007]},"properties":{"OBJECTID":5267,"amenity":"fuel","name":"ΕΤΕΚΑ","name_en":null}},{"type":"Feature","id":5268,"geometry":{"type":"Point","coordinates":[23.767766800000061,38.036499000000049]},"properties":{"OBJECTID":5268,"amenity":"fuel","name":"ΕΤΕΚΑ","name_en":null}},{"type":"Feature","id":5290,"geometry":{"type":"Point","coordinates":[23.761431400000049,38.031345700000031]},"properties":{"OBJECTID":5290,"amenity":"fuel","name":"ΕΚΟ","name_en":null}},{"type":"Feature","id":5291,"geometry":{"type":"Point","coordinates":[23.775862200000063,38.04138080000007]},"properties":{"OBJECTID":5291,"amenity":"fuel","name":"BP","name_en":null}},{"type":"Feature","id":5292,"geometry":{"type":"Point","coordinates":[23.755456200000026,38.047981200000038]},"properties":{"OBJECTID":5292,"amenity":"fuel","name":"SHELL","name_en":null}},{"type":"Feature","id":5300,"geometry":{"type":"Point","coordinates":[23.748422800000071,38.036557500000072]},"properties":{"OBJECTID":5300,"amenity":"fuel","name":"SHELL","name_en":null}},{"type":"Feature","id":5393,"geometry":{"type":"Point","coordinates":[23.750100800000041,38.050900500000068]},"properties":{"OBJECTID":5393,"amenity":"fuel","name":"SHELL","name_en":null}},{"type":"Feature","id":5416,"geometry":{"type":"Point","coordinates":[23.749009600000022,37.94286980000004]},"properties":{"OBJECTID":5416,"amenity":"fuel","name":null,"name_en":null}},{"type":"Feature","id":5751,"geometry":{"type":"Point","coordinates":[23.969765700000039,38.102916900000025]},"properties":{"OBJECTID":5751,"amenity":"fuel","name":"AVIN","name_en":null}},{"type":"Feature","id":5759,"geometry":{"type":"Point","coordinates":[23.738557400000047,37.924008100000037]},"properties":{"OBJECTID":5759,"amenity":"fuel","name":"ΕΛΙΝΟΙΛ","name_en":null}},{"type":"Feature","id":5767,"geometry":{"type":"Point","coordinates":[23.733478600000069,37.917866600000025]},"properties":{"OBJECTID":5767,"amenity":"fuel","name":"BP","name_en":null}},{"type":"Feature","id":5781,"geometry":{"type":"Point","coordinates":[23.879181000000074,37.971924700000045]},"properties":{"OBJECTID":5781,"amenity":"fuel","name":"EKO","name_en":null}},{"type":"Feature","id":5782,"geometry":{"type":"Point","coordinates":[23.878973600000052,37.970401800000047]},"properties":{"OBJECTID":5782,"amenity":"fuel","name":"EKO","name_en":null}},{"type":"Feature","id":5883,"geometry":{"type":"Point","coordinates":[23.550916200000074,38.040104300000053]},"properties":{"OBJECTID":5883,"amenity":"fuel","name":"AEGEAN","name_en":null}},{"type":"Feature","id":6001,"geometry":{"type":"Point","coordinates":[23.817507200000023,37.999505400000032]},"properties":{"OBJECTID":6001,"amenity":"fuel","name":"BP","name_en":null}},{"type":"Feature","id":6551,"geometry":{"type":"Point","coordinates":[23.68189540000003,37.957213700000068]},"properties":{"OBJECTID":6551,"amenity":"fuel","name":"ΕΤΕΚΑ","name_en":null}},{"type":"Feature","id":6606,"geometry":{"type":"Point","coordinates":[23.706271800000025,37.97607320000003]},"properties":{"OBJECTID":6606,"amenity":"fuel","name":"SHELL","name_en":null}},{"type":"Feature","id":6872,"geometry":{"type":"Point","coordinates":[23.794357500000046,38.095854800000041]},"properties":{"OBJECTID":6872,"amenity":"fuel","name":null,"name_en":null}},{"type":"Feature","id":6894,"geometry":{"type":"Point","coordinates":[23.879450200000065,37.934651300000041]},"properties":{"OBJECTID":6894,"amenity":"fuel","name":null,"name_en":null}},{"type":"Feature","id":6895,"geometry":{"type":"Point","coordinates":[23.867239000000041,37.945768000000044]},"properties":{"OBJECTID":6895,"amenity":"fuel","name":null,"name_en":null}},{"type":"Feature","id":6905,"geometry":{"type":"Point","coordinates":[23.337382400000024,38.00621760000007]},"properties":{"OBJECTID":6905,"amenity":"fuel","name":"SHELL","name_en":null}},{"type":"Feature","id":6968,"geometry":{"type":"Point","coordinates":[23.720929600000034,38.015412500000025]},"properties":{"OBJECTID":6968,"amenity":"fuel","name":"Revoil","name_en":null}},{"type":"Feature","id":7038,"geometry":{"type":"Point","coordinates":[23.73220340000006,38.002313400000048]},"properties":{"OBJECTID":7038,"amenity":"fuel","name":"Shell","name_en":null}},{"type":"Feature","id":7308,"geometry":{"type":"Point","coordinates":[23.917561400000068,37.720227900000054]},"properties":{"OBJECTID":7308,"amenity":"fuel","name":"ΕΤΕΚΑ","name_en":null}},{"type":"Feature","id":7311,"geometry":{"type":"Point","coordinates":[23.903820400000029,37.750764900000036]},"properties":{"OBJECTID":7311,"amenity":"fuel","name":"SHELL","name_en":null}},{"type":"Feature","id":7608,"geometry":{"type":"Point","coordinates":[23.499420000000043,38.078150300000061]},"properties":{"OBJECTID":7608,"amenity":"fuel","name":"EKO","name_en":null}},{"type":"Feature","id":7637,"geometry":{"type":"Point","coordinates":[23.750182600000073,37.917006300000025]},"properties":{"OBJECTID":7637,"amenity":"fuel","name":"BP","name_en":null}},{"type":"Feature","id":7638,"geometry":{"type":"Point","coordinates":[23.742633400000045,37.911044000000061]},"properties":{"OBJECTID":7638,"amenity":"fuel","name":"EKO","name_en":null}},{"type":"Feature","id":7887,"geometry":{"type":"Point","coordinates":[23.743313100000023,38.10715040000008]},"properties":{"OBJECTID":7887,"amenity":"fuel","name":null,"name_en":null}},{"type":"Feature","id":7993,"geometry":{"type":"Point","coordinates":[23.745800600000052,37.952203900000029]},"properties":{"OBJECTID":7993,"amenity":"fuel","name":"EKO","name_en":null}},{"type":"Feature","id":8080,"geometry":{"type":"Point","coordinates":[23.716995600000075,37.962400500000058]},"properties":{"OBJECTID":8080,"amenity":"fuel","name":"SHELL","name_en":null}},{"type":"Feature","id":8081,"geometry":{"type":"Point","coordinates":[23.680586500000061,37.976721000000055]},"properties":{"OBJECTID":8081,"amenity":"fuel","name":"EKO","name_en":null}},{"type":"Feature","id":8083,"geometry":{"type":"Point","coordinates":[23.36034120000005,37.999247000000025]},"properties":{"OBJECTID":8083,"amenity":"fuel","name":"BP","name_en":null}},{"type":"Feature","id":8090,"geometry":{"type":"Point","coordinates":[23.75566770000006,37.991038800000069]},"properties":{"OBJECTID":8090,"amenity":"fuel","name":"EKO","name_en":null}},{"type":"Feature","id":8094,"geometry":{"type":"Point","coordinates":[23.759054000000049,37.930358400000046]},"properties":{"OBJECTID":8094,"amenity":"fuel","name":"BP","name_en":null}},{"type":"Feature","id":8107,"geometry":{"type":"Point","coordinates":[23.682805900000062,37.945759000000066]},"properties":{"OBJECTID":8107,"amenity":"fuel","name":"ΕΤΕΚΑ","name_en":null}},{"type":"Feature","id":8145,"geometry":{"type":"Point","coordinates":[23.741227500000036,37.98551180000004]},"properties":{"OBJECTID":8145,"amenity":"fuel","name":"REVOIL","name_en":null}},{"type":"Feature","id":8171,"geometry":{"type":"Point","coordinates":[23.718240700000024,37.988640200000077]},"properties":{"OBJECTID":8171,"amenity":"fuel","name":"BP","name_en":null}},{"type":"Feature","id":8173,"geometry":{"type":"Point","coordinates":[23.721137100000078,37.997708500000044]},"properties":{"OBJECTID":8173,"amenity":"fuel","name":"ΕΤΕΚΑ","name_en":null}},{"type":"Feature","id":8254,"geometry":{"type":"Point","coordinates":[23.346592500000042,37.987974400000041]},"properties":{"OBJECTID":8254,"amenity":"fuel","name":"BP","name_en":null}},{"type":"Feature","id":8255,"geometry":{"type":"Point","coordinates":[23.808225600000071,38.053337200000044]},"properties":{"OBJECTID":8255,"amenity":"fuel","name":"Α.Π.","name_en":null}},{"type":"Feature","id":8301,"geometry":{"type":"Point","coordinates":[23.334647300000029,38.000811100000078]},"properties":{"OBJECTID":8301,"amenity":"fuel","name":"SHELL","name_en":null}},{"type":"Feature","id":8305,"geometry":{"type":"Point","coordinates":[23.339562400000034,37.99427170000007]},"properties":{"OBJECTID":8305,"amenity":"fuel","name":"REVOIL","name_en":null}},{"type":"Feature","id":8321,"geometry":{"type":"Point","coordinates":[23.458341000000075,37.507291500000065]},"properties":{"OBJECTID":8321,"amenity":"fuel","name":null,"name_en":null}},{"type":"Feature","id":8322,"geometry":{"type":"Point","coordinates":[23.46143150000006,37.507369700000027]},"properties":{"OBJECTID":8322,"amenity":"fuel","name":"AVIN","name_en":null}},{"type":"Feature","id":8369,"geometry":{"type":"Point","coordinates":[23.762590100000068,37.980023900000049]},"properties":{"OBJECTID":8369,"amenity":"fuel","name":"BP","name_en":null}},{"type":"Feature","id":8531,"geometry":{"type":"Point","coordinates":[23.744625700000029,38.015477500000031]},"properties":{"OBJECTID":8531,"amenity":"fuel","name":"SHELL","name_en":null}},{"type":"Feature","id":8532,"geometry":{"type":"Point","coordinates":[23.744046400000059,38.015246600000069]},"properties":{"OBJECTID":8532,"amenity":"fuel","name":"SHELL","name_en":null}},{"type":"Feature","id":8541,"geometry":{"type":"Point","coordinates":[23.774013100000047,37.974118800000042]},"properties":{"OBJECTID":8541,"amenity":"fuel","name":"Revoil","name_en":null}},{"type":"Feature","id":8575,"geometry":{"type":"Point","coordinates":[23.752143500000045,37.975429200000065]},"properties":{"OBJECTID":8575,"amenity":"fuel","name":"EKO","name_en":null}},{"type":"Feature","id":8655,"geometry":{"type":"Point","coordinates":[23.783759800000041,38.321701300000029]},"properties":{"OBJECTID":8655,"amenity":"fuel","name":"BP","name_en":null}},{"type":"Feature","id":8670,"geometry":{"type":"Point","coordinates":[23.849299300000041,38.145964500000048]},"properties":{"OBJECTID":8670,"amenity":"fuel","name":"JETOIL","name_en":null}},{"type":"Feature","id":8685,"geometry":{"type":"Point","coordinates":[23.756103500000052,38.033428400000048]},"properties":{"OBJECTID":8685,"amenity":"fuel","name":"SHELL","name_en":null}},{"type":"Feature","id":8686,"geometry":{"type":"Point","coordinates":[23.744369500000062,38.031823300000042]},"properties":{"OBJECTID":8686,"amenity":"fuel","name":"REVOIL","name_en":null}},{"type":"Feature","id":8697,"geometry":{"type":"Point","coordinates":[23.82932210000007,38.063668500000063]},"properties":{"OBJECTID":8697,"amenity":"fuel","name":"AEGEAN","name_en":null}},{"type":"Feature","id":8722,"geometry":{"type":"Point","coordinates":[22.964355000000069,36.294284900000036]},"properties":{"OBJECTID":8722,"amenity":"fuel","name":"BP","name_en":null}},{"type":"Feature","id":8728,"geometry":{"type":"Point","coordinates":[23.758532600000024,38.033950400000037]},"properties":{"OBJECTID":8728,"amenity":"fuel","name":"REVOIL","name_en":null}},{"type":"Feature","id":8780,"geometry":{"type":"Point","coordinates":[23.773492600000054,37.99174540000007]},"properties":{"OBJECTID":8780,"amenity":"fuel","name":"BP","name_en":null}},{"type":"Feature","id":8794,"geometry":{"type":"Point","coordinates":[23.747891700000025,38.086728400000027]},"properties":{"OBJECTID":8794,"amenity":"fuel","name":"ΕΛΙΝΟΙΛ","name_en":null}},{"type":"Feature","id":8797,"geometry":{"type":"Point","coordinates":[23.31464950000003,38.02833650000008]},"properties":{"OBJECTID":8797,"amenity":"fuel","name":"EKO","name_en":null}},{"type":"Feature","id":8798,"geometry":{"type":"Point","coordinates":[23.774587800000063,38.038614800000062]},"properties":{"OBJECTID":8798,"amenity":"fuel","name":"AVIN","name_en":null}},{"type":"Feature","id":8819,"geometry":{"type":"Point","coordinates":[23.786901900000032,38.238042500000063]},"properties":{"OBJECTID":8819,"amenity":"fuel","name":"SHELL","name_en":null}},{"type":"Feature","id":8837,"geometry":{"type":"Point","coordinates":[24.054141500000071,37.771738300000038]},"properties":{"OBJECTID":8837,"amenity":"fuel","name":"AEGEAN","name_en":null}},{"type":"Feature","id":8853,"geometry":{"type":"Point","coordinates":[23.755392000000029,38.104529300000024]},"properties":{"OBJECTID":8853,"amenity":"fuel","name":"REVOIL","name_en":null}},{"type":"Feature","id":8888,"geometry":{"type":"Point","coordinates":[23.685947300000066,37.942268500000068]},"properties":{"OBJECTID":8888,"amenity":"fuel","name":"ΕΤΕΚΑ","name_en":null}},{"type":"Feature","id":8889,"geometry":{"type":"Point","coordinates":[23.683557400000041,37.943192800000077]},"properties":{"OBJECTID":8889,"amenity":"fuel","name":"ΕΛΙΝΟΙΛ","name_en":null}},{"type":"Feature","id":8890,"geometry":{"type":"Point","coordinates":[23.689664100000073,37.947886500000038]},"properties":{"OBJECTID":8890,"amenity":"fuel","name":"BP","name_en":null}},{"type":"Feature","id":8894,"geometry":{"type":"Point","coordinates":[23.709190100000058,37.913316700000053]},"properties":{"OBJECTID":8894,"amenity":"fuel","name":"AEGEAN","name_en":null}},{"type":"Feature","id":8904,"geometry":{"type":"Point","coordinates":[23.775569100000041,37.822376100000042]},"properties":{"OBJECTID":8904,"amenity":"fuel","name":"SHELL","name_en":null}},{"type":"Feature","id":8913,"geometry":{"type":"Point","coordinates":[23.795203800000024,38.091985000000079]},"properties":{"OBJECTID":8913,"amenity":"fuel","name":"SHELL","name_en":null}},{"type":"Feature","id":8953,"geometry":{"type":"Point","coordinates":[23.718062100000054,38.014118300000064]},"properties":{"OBJECTID":8953,"amenity":"fuel","name":"EKO","name_en":null}},{"type":"Feature","id":8958,"geometry":{"type":"Point","coordinates":[23.738115400000027,38.091743700000052]},"properties":{"OBJECTID":8958,"amenity":"fuel","name":"Aegean","name_en":null}},{"type":"Feature","id":8963,"geometry":{"type":"Point","coordinates":[23.717483100000038,37.915504400000032]},"properties":{"OBJECTID":8963,"amenity":"fuel","name":"BP","name_en":null}},{"type":"Feature","id":8964,"geometry":{"type":"Point","coordinates":[23.721683100000064,37.920483600000068]},"properties":{"OBJECTID":8964,"amenity":"fuel","name":"AEGEAN","name_en":null}},{"type":"Feature","id":8966,"geometry":{"type":"Point","coordinates":[23.791876200000047,38.058970000000045]},"properties":{"OBJECTID":8966,"amenity":"fuel","name":"AVIN","name_en":null}},{"type":"Feature","id":8973,"geometry":{"type":"Point","coordinates":[23.67176470000004,37.981584400000031]},"properties":{"OBJECTID":8973,"amenity":"fuel","name":"EKO","name_en":null}},{"type":"Feature","id":8983,"geometry":{"type":"Point","coordinates":[23.665643700000032,37.95225570000008]},"properties":{"OBJECTID":8983,"amenity":"fuel","name":"AEGEAN","name_en":null}},{"type":"Feature","id":8984,"geometry":{"type":"Point","coordinates":[23.65432670000007,37.946214600000076]},"properties":{"OBJECTID":8984,"amenity":"fuel","name":"REVOIL","name_en":null}},{"type":"Feature","id":8985,"geometry":{"type":"Point","coordinates":[23.659117900000069,37.950100100000043]},"properties":{"OBJECTID":8985,"amenity":"fuel","name":"SHELL","name_en":null}},{"type":"Feature","id":8987,"geometry":{"type":"Point","coordinates":[23.792222500000037,38.015630700000031]},"properties":{"OBJECTID":8987,"amenity":"fuel","name":"AEGEAN","name_en":null}},{"type":"Feature","id":8988,"geometry":{"type":"Point","coordinates":[23.794116200000076,38.016554100000064]},"properties":{"OBJECTID":8988,"amenity":"fuel","name":"SHELL","name_en":null}},{"type":"Feature","id":8989,"geometry":{"type":"Point","coordinates":[23.794944900000075,38.017380400000036]},"properties":{"OBJECTID":8989,"amenity":"fuel","name":"BP","name_en":null}},{"type":"Feature","id":8998,"geometry":{"type":"Point","coordinates":[23.725544900000045,38.000984500000072]},"properties":{"OBJECTID":8998,"amenity":"fuel","name":"Aegean","name_en":null}},{"type":"Feature","id":9004,"geometry":{"type":"Point","coordinates":[23.720219600000064,38.013982500000054]},"properties":{"OBJECTID":9004,"amenity":"fuel","name":"Shell","name_en":null}},{"type":"Feature","id":9005,"geometry":{"type":"Point","coordinates":[23.803450800000064,38.047954300000072]},"properties":{"OBJECTID":9005,"amenity":"fuel","name":"Aegean","name_en":null}},{"type":"Feature","id":9006,"geometry":{"type":"Point","coordinates":[23.779144400000064,38.056348400000047]},"properties":{"OBJECTID":9006,"amenity":"fuel","name":"EKO","name_en":null}},{"type":"Feature","id":9020,"geometry":{"type":"Point","coordinates":[23.605795500000056,38.091932400000076]},"properties":{"OBJECTID":9020,"amenity":"fuel","name":"EKO","name_en":null}},{"type":"Feature","id":9023,"geometry":{"type":"Point","coordinates":[23.366408400000068,37.995114800000067]},"properties":{"OBJECTID":9023,"amenity":"fuel","name":"AVIN","name_en":null}},{"type":"Feature","id":9024,"geometry":{"type":"Point","coordinates":[23.365351500000031,37.99567710000008]},"properties":{"OBJECTID":9024,"amenity":"fuel","name":"AVIN","name_en":null}},{"type":"Feature","id":9027,"geometry":{"type":"Point","coordinates":[23.723342600000024,38.001801400000033]},"properties":{"OBJECTID":9027,"amenity":"fuel","name":"Aegean","name_en":null}},{"type":"Feature","id":9031,"geometry":{"type":"Point","coordinates":[23.738063500000067,38.04512950000003]},"properties":{"OBJECTID":9031,"amenity":"fuel","name":"BP","name_en":null}},{"type":"Feature","id":9040,"geometry":{"type":"Point","coordinates":[23.74939820000003,37.912146600000028]},"properties":{"OBJECTID":9040,"amenity":"fuel","name":"ΕΤΕΚΑ","name_en":null}},{"type":"Feature","id":9051,"geometry":{"type":"Point","coordinates":[23.653021300000034,37.956791400000043]},"properties":{"OBJECTID":9051,"amenity":"fuel","name":"EKO","name_en":null}},{"type":"Feature","id":9058,"geometry":{"type":"Point","coordinates":[23.668922000000066,38.104545800000039]},"properties":{"OBJECTID":9058,"amenity":"fuel","name":null,"name_en":null}},{"type":"Feature","id":9065,"geometry":{"type":"Point","coordinates":[23.68897400000003,38.091012300000045]},"properties":{"OBJECTID":9065,"amenity":"fuel","name":"EKO","name_en":null}},{"type":"Feature","id":9083,"geometry":{"type":"Point","coordinates":[23.600133600000049,38.071471900000063]},"properties":{"OBJECTID":9083,"amenity":"fuel","name":"REVOIL","name_en":null}},{"type":"Feature","id":9085,"geometry":{"type":"Point","coordinates":[23.595752200000049,38.06546000000003]},"properties":{"OBJECTID":9085,"amenity":"fuel","name":null,"name_en":null}},{"type":"Feature","id":9086,"geometry":{"type":"Point","coordinates":[23.595229000000074,38.064288800000043]},"properties":{"OBJECTID":9086,"amenity":"fuel","name":"AVIN","name_en":null}},{"type":"Feature","id":9087,"geometry":{"type":"Point","coordinates":[23.593181800000025,38.059203400000058]},"properties":{"OBJECTID":9087,"amenity":"fuel","name":"ΑΠ","name_en":null}},{"type":"Feature","id":9088,"geometry":{"type":"Point","coordinates":[23.588263100000063,38.055744300000072]},"properties":{"OBJECTID":9088,"amenity":"fuel","name":"ΕΤΕΚΑ","name_en":null}},{"type":"Feature","id":9089,"geometry":{"type":"Point","coordinates":[23.586774900000023,38.052587900000049]},"properties":{"OBJECTID":9089,"amenity":"fuel","name":null,"name_en":null}},{"type":"Feature","id":9090,"geometry":{"type":"Point","coordinates":[23.586722800000075,38.052212900000029]},"properties":{"OBJECTID":9090,"amenity":"fuel","name":"ΑΠ","name_en":null}},{"type":"Feature","id":9091,"geometry":{"type":"Point","coordinates":[23.554361300000039,38.048406800000066]},"properties":{"OBJECTID":9091,"amenity":"fuel","name":"Shell","name_en":null}},{"type":"Feature","id":9092,"geometry":{"type":"Point","coordinates":[23.526114900000039,38.050014900000065]},"properties":{"OBJECTID":9092,"amenity":"fuel","name":"AEGEAN","name_en":null}},{"type":"Feature","id":9122,"geometry":{"type":"Point","coordinates":[23.86595230000006,38.005966800000067]},"properties":{"OBJECTID":9122,"amenity":"fuel","name":"SHELL","name_en":null}},{"type":"Feature","id":9135,"geometry":{"type":"Point","coordinates":[23.734771700000067,38.04112230000004]},"properties":{"OBJECTID":9135,"amenity":"fuel","name":"EKO","name_en":null}},{"type":"Feature","id":9150,"geometry":{"type":"Point","coordinates":[23.984398500000054,38.033511400000066]},"properties":{"OBJECTID":9150,"amenity":"fuel","name":"SHELL","name_en":null}},{"type":"Feature","id":9155,"geometry":{"type":"Point","coordinates":[23.866285000000062,38.20652380000007]},"properties":{"OBJECTID":9155,"amenity":"fuel","name":null,"name_en":null}},{"type":"Feature","id":9156,"geometry":{"type":"Point","coordinates":[23.882292500000062,38.210527800000079]},"properties":{"OBJECTID":9156,"amenity":"fuel","name":"EKO","name_en":null}},{"type":"Feature","id":9167,"geometry":{"type":"Point","coordinates":[23.708810200000073,37.914043200000037]},"properties":{"OBJECTID":9167,"amenity":"fuel","name":"SHELL","name_en":null}},{"type":"Feature","id":9168,"geometry":{"type":"Point","coordinates":[23.69229260000003,37.924458700000059]},"properties":{"OBJECTID":9168,"amenity":"fuel","name":"BP","name_en":null}},{"type":"Feature","id":9187,"geometry":{"type":"Point","coordinates":[23.678680700000029,37.966327500000034]},"properties":{"OBJECTID":9187,"amenity":"fuel","name":"EKO","name_en":null}},{"type":"Feature","id":9191,"geometry":{"type":"Point","coordinates":[23.643263800000057,37.94056450000005]},"properties":{"OBJECTID":9191,"amenity":"fuel","name":"Εμμανουήλ και Αντωνία Τσερκάκη ΟΕ","name_en":null}},{"type":"Feature","id":9193,"geometry":{"type":"Point","coordinates":[23.650416200000052,37.956395300000054]},"properties":{"OBJECTID":9193,"amenity":"fuel","name":null,"name_en":null}},{"type":"Feature","id":9195,"geometry":{"type":"Point","coordinates":[23.656330500000024,37.943456600000047]},"properties":{"OBJECTID":9195,"amenity":"fuel","name":"ΕΤΕΚΑ","name_en":null}},{"type":"Feature","id":9203,"geometry":{"type":"Point","coordinates":[23.874943400000063,38.213891900000078]},"properties":{"OBJECTID":9203,"amenity":"fuel","name":"ΕΛΙΝΟΙΛ","name_en":null}},{"type":"Feature","id":9204,"geometry":{"type":"Point","coordinates":[23.872539900000049,38.210496000000035]},"properties":{"OBJECTID":9204,"amenity":"fuel","name":"AVIN","name_en":null}},{"type":"Feature","id":9207,"geometry":{"type":"Point","coordinates":[23.860854400000051,38.27495950000008]},"properties":{"OBJECTID":9207,"amenity":"fuel","name":"SHELL","name_en":null}},{"type":"Feature","id":9209,"geometry":{"type":"Point","coordinates":[23.870194100000049,38.28610580000003]},"properties":{"OBJECTID":9209,"amenity":"fuel","name":"EKO","name_en":null}},{"type":"Feature","id":9210,"geometry":{"type":"Point","coordinates":[23.899504700000023,38.294448100000068]},"properties":{"OBJECTID":9210,"amenity":"fuel","name":"ΕΛΙΝΟΙΛ","name_en":null}},{"type":"Feature","id":9211,"geometry":{"type":"Point","coordinates":[23.857203200000072,38.307473100000038]},"properties":{"OBJECTID":9211,"amenity":"fuel","name":null,"name_en":null}},{"type":"Feature","id":9212,"geometry":{"type":"Point","coordinates":[23.74128950000005,38.329098900000076]},"properties":{"OBJECTID":9212,"amenity":"fuel","name":"SILKOIL","name_en":null}},{"type":"Feature","id":9250,"geometry":{"type":"Point","coordinates":[23.728978700000027,38.04793230000007]},"properties":{"OBJECTID":9250,"amenity":"fuel","name":"SHELL","name_en":null}},{"type":"Feature","id":9265,"geometry":{"type":"Point","coordinates":[23.653195800000049,38.013764600000059]},"properties":{"OBJECTID":9265,"amenity":"fuel","name":"AEGEAN","name_en":null}},{"type":"Feature","id":9297,"geometry":{"type":"Point","coordinates":[23.722438800000077,37.922332900000072]},"properties":{"OBJECTID":9297,"amenity":"fuel","name":"REVOIL","name_en":null}},{"type":"Feature","id":9312,"geometry":{"type":"Point","coordinates":[23.688370300000031,38.00871740000008]},"properties":{"OBJECTID":9312,"amenity":"fuel","name":"EKO","name_en":null}},{"type":"Feature","id":9313,"geometry":{"type":"Point","coordinates":[23.687888600000065,38.007538300000078]},"properties":{"OBJECTID":9313,"amenity":"fuel","name":"ΕΤΕΚΑ","name_en":null}},{"type":"Feature","id":9314,"geometry":{"type":"Point","coordinates":[23.686889300000075,38.004233500000055]},"properties":{"OBJECTID":9314,"amenity":"fuel","name":"AEGEAN","name_en":null}},{"type":"Feature","id":9325,"geometry":{"type":"Point","coordinates":[23.738842400000067,38.039327800000081]},"properties":{"OBJECTID":9325,"amenity":"fuel","name":"REVOIL","name_en":null}},{"type":"Feature","id":9328,"geometry":{"type":"Point","coordinates":[23.735366400000032,38.019427800000074]},"properties":{"OBJECTID":9328,"amenity":"fuel","name":"BP","name_en":null}},{"type":"Feature","id":9329,"geometry":{"type":"Point","coordinates":[23.730834300000026,38.023307900000077]},"properties":{"OBJECTID":9329,"amenity":"fuel","name":"ΕΤΕΚΑ","name_en":null}},{"type":"Feature","id":9330,"geometry":{"type":"Point","coordinates":[23.733349900000064,38.02812920000008]},"properties":{"OBJECTID":9330,"amenity":"fuel","name":"ΕΛΙΝ","name_en":null}},{"type":"Feature","id":9342,"geometry":{"type":"Point","coordinates":[23.761183100000039,37.890473900000075]},"properties":{"OBJECTID":9342,"amenity":"fuel","name":"ΕΤΕΚΑ","name_en":null}},{"type":"Feature","id":9343,"geometry":{"type":"Point","coordinates":[23.760661500000026,37.888195900000028]},"properties":{"OBJECTID":9343,"amenity":"fuel","name":"AVIN","name_en":null}},{"type":"Feature","id":9344,"geometry":{"type":"Point","coordinates":[23.759997500000054,37.885917900000038]},"properties":{"OBJECTID":9344,"amenity":"fuel","name":"ΕΤΕΚΑ","name_en":null}},{"type":"Feature","id":9345,"geometry":{"type":"Point","coordinates":[23.742656900000043,37.910993700000063]},"properties":{"OBJECTID":9345,"amenity":"fuel","name":"EKO","name_en":null}},{"type":"Feature","id":9372,"geometry":{"type":"Point","coordinates":[23.658072600000025,37.937928600000077]},"properties":{"OBJECTID":9372,"amenity":"fuel","name":"ΕΚΟ","name_en":null}},{"type":"Feature","id":9373,"geometry":{"type":"Point","coordinates":[23.646828500000026,37.938558200000045]},"properties":{"OBJECTID":9373,"amenity":"fuel","name":"AEGEAN","name_en":null}},{"type":"Feature","id":9375,"geometry":{"type":"Point","coordinates":[23.79750000000007,38.09695570000008]},"properties":{"OBJECTID":9375,"amenity":"fuel","name":"CYCLON","name_en":null}},{"type":"Feature","id":9376,"geometry":{"type":"Point","coordinates":[23.805752200000029,38.099965600000075]},"properties":{"OBJECTID":9376,"amenity":"fuel","name":null,"name_en":null}},{"type":"Feature","id":9390,"geometry":{"type":"Point","coordinates":[23.732796600000029,38.079935400000068]},"properties":{"OBJECTID":9390,"amenity":"fuel","name":null,"name_en":null}},{"type":"Feature","id":9406,"geometry":{"type":"Point","coordinates":[23.687814200000048,38.006772700000056]},"properties":{"OBJECTID":9406,"amenity":"fuel","name":"AEGEAN","name_en":null}},{"type":"Feature","id":9412,"geometry":{"type":"Point","coordinates":[23.716401100000041,38.035009700000046]},"properties":{"OBJECTID":9412,"amenity":"fuel","name":"ΕΤΕΚΑ","name_en":null}},{"type":"Feature","id":9413,"geometry":{"type":"Point","coordinates":[23.716021400000045,38.037980400000038]},"properties":{"OBJECTID":9413,"amenity":"fuel","name":"SHELL","name_en":null}},{"type":"Feature","id":9423,"geometry":{"type":"Point","coordinates":[23.695532400000047,38.02911720000003]},"properties":{"OBJECTID":9423,"amenity":"fuel","name":"SHELL","name_en":null}},{"type":"Feature","id":9450,"geometry":{"type":"Point","coordinates":[23.720539500000029,37.990020100000038]},"properties":{"OBJECTID":9450,"amenity":"fuel","name":"BP","name_en":null}},{"type":"Feature","id":9452,"geometry":{"type":"Point","coordinates":[23.693112300000053,38.254415400000028]},"properties":{"OBJECTID":9452,"amenity":"fuel","name":"AEGEAN","name_en":null}},{"type":"Feature","id":9453,"geometry":{"type":"Point","coordinates":[23.688021900000024,38.258781500000055]},"properties":{"OBJECTID":9453,"amenity":"fuel","name":"EKO","name_en":null}},{"type":"Feature","id":9457,"geometry":{"type":"Point","coordinates":[23.724869900000044,38.012831900000037]},"properties":{"OBJECTID":9457,"amenity":"fuel","name":"BP","name_en":null}},{"type":"Feature","id":9492,"geometry":{"type":"Point","coordinates":[23.734852300000057,38.023692700000026]},"properties":{"OBJECTID":9492,"amenity":"fuel","name":"Shell","name_en":null}},{"type":"Feature","id":9535,"geometry":{"type":"Point","coordinates":[23.517418000000077,37.738233100000059]},"properties":{"OBJECTID":9535,"amenity":"fuel","name":"REVOIL","name_en":null}},{"type":"Feature","id":9539,"geometry":{"type":"Point","coordinates":[23.443338900000072,37.745796700000028]},"properties":{"OBJECTID":9539,"amenity":"fuel","name":"REVOIL","name_en":null}},{"type":"Feature","id":9543,"geometry":{"type":"Point","coordinates":[23.436056300000075,37.751374700000042]},"properties":{"OBJECTID":9543,"amenity":"fuel","name":"BP","name_en":null}},{"type":"Feature","id":9544,"geometry":{"type":"Point","coordinates":[23.433451700000035,37.75160690000007]},"properties":{"OBJECTID":9544,"amenity":"fuel","name":"Α.Π.","name_en":null}},{"type":"Feature","id":9545,"geometry":{"type":"Point","coordinates":[23.448014800000067,37.766400900000065]},"properties":{"OBJECTID":9545,"amenity":"fuel","name":"BP","name_en":null}},{"type":"Feature","id":9553,"geometry":{"type":"Point","coordinates":[23.809970700000065,38.085735000000057]},"properties":{"OBJECTID":9553,"amenity":"fuel","name":"EKO","name_en":null}},{"type":"Feature","id":9571,"geometry":{"type":"Point","coordinates":[23.457985700000052,37.691352700000039]},"properties":{"OBJECTID":9571,"amenity":"fuel","name":"ΕΛΙΝΟΙΛ","name_en":null}},{"type":"Feature","id":9601,"geometry":{"type":"Point","coordinates":[23.840894500000047,38.202473000000055]},"properties":{"OBJECTID":9601,"amenity":"fuel","name":"EKO","name_en":null}},{"type":"Feature","id":9613,"geometry":{"type":"Point","coordinates":[23.522005800000045,37.755353700000057]},"properties":{"OBJECTID":9613,"amenity":"fuel","name":"SHELL","name_en":null}},{"type":"Feature","id":9637,"geometry":{"type":"Point","coordinates":[23.856635400000073,38.150836900000058]},"properties":{"OBJECTID":9637,"amenity":"fuel","name":"AVIN","name_en":null}},{"type":"Feature","id":9639,"geometry":{"type":"Point","coordinates":[23.972365700000069,38.143795200000056]},"properties":{"OBJECTID":9639,"amenity":"fuel","name":"EKO","name_en":null}},{"type":"Feature","id":9663,"geometry":{"type":"Point","coordinates":[23.525458800000024,38.075177800000063]},"properties":{"OBJECTID":9663,"amenity":"fuel","name":"AVIN","name_en":null}},{"type":"Feature","id":9664,"geometry":{"type":"Point","coordinates":[23.586064500000077,38.047998500000062]},"properties":{"OBJECTID":9664,"amenity":"fuel","name":"EKO","name_en":null}},{"type":"Feature","id":9665,"geometry":{"type":"Point","coordinates":[23.600886500000058,38.055884100000071]},"properties":{"OBJECTID":9665,"amenity":"fuel","name":"ΕΛΙΝΟΙΛ","name_en":null}},{"type":"Feature","id":9666,"geometry":{"type":"Point","coordinates":[23.599834100000066,38.056407800000045]},"properties":{"OBJECTID":9666,"amenity":"fuel","name":"AVIN","name_en":null}},{"type":"Feature","id":9667,"geometry":{"type":"Point","coordinates":[23.635185900000067,38.064650800000038]},"properties":{"OBJECTID":9667,"amenity":"fuel","name":"AVIN","name_en":null}},{"type":"Feature","id":9668,"geometry":{"type":"Point","coordinates":[23.636083300000053,38.06489700000003]},"properties":{"OBJECTID":9668,"amenity":"fuel","name":"SHELL","name_en":null}},{"type":"Feature","id":9669,"geometry":{"type":"Point","coordinates":[23.628156900000079,38.066530500000056]},"properties":{"OBJECTID":9669,"amenity":"fuel","name":"REVOIL","name_en":null}},{"type":"Feature","id":9670,"geometry":{"type":"Point","coordinates":[23.694733100000064,38.071112600000049]},"properties":{"OBJECTID":9670,"amenity":"fuel","name":"SHELL","name_en":null}},{"type":"Feature","id":9671,"geometry":{"type":"Point","coordinates":[23.696361700000068,38.071163500000068]},"properties":{"OBJECTID":9671,"amenity":"fuel","name":"EKO","name_en":null}},{"type":"Feature","id":9673,"geometry":{"type":"Point","coordinates":[23.707327900000053,38.073763500000041]},"properties":{"OBJECTID":9673,"amenity":"fuel","name":"SHELL","name_en":null}},{"type":"Feature","id":9674,"geometry":{"type":"Point","coordinates":[23.713884500000063,38.079740300000026]},"properties":{"OBJECTID":9674,"amenity":"fuel","name":"CYCLON","name_en":null}},{"type":"Feature","id":9675,"geometry":{"type":"Point","coordinates":[23.715034100000025,38.079819400000076]},"properties":{"OBJECTID":9675,"amenity":"fuel","name":"ΕΤΕΚΑ","name_en":null}},{"type":"Feature","id":9679,"geometry":{"type":"Point","coordinates":[23.334648600000037,37.978920600000038]},"properties":{"OBJECTID":9679,"amenity":"fuel","name":null,"name_en":null}},{"type":"Feature","id":9681,"geometry":{"type":"Point","coordinates":[23.414759300000071,38.000061000000073]},"properties":{"OBJECTID":9681,"amenity":"fuel","name":"EKO","name_en":null}},{"type":"Feature","id":9683,"geometry":{"type":"Point","coordinates":[23.422171400000025,38.003714900000034]},"properties":{"OBJECTID":9683,"amenity":"fuel","name":"BP","name_en":"BP"}},{"type":"Feature","id":9684,"geometry":{"type":"Point","coordinates":[23.429832700000077,38.008854600000063]},"properties":{"OBJECTID":9684,"amenity":"fuel","name":"AEGEAN","name_en":null}},{"type":"Feature","id":9685,"geometry":{"type":"Point","coordinates":[23.440106700000058,38.013856800000042]},"properties":{"OBJECTID":9685,"amenity":"fuel","name":"AEGEAN","name_en":null}},{"type":"Feature","id":9686,"geometry":{"type":"Point","coordinates":[23.442521300000067,38.01635420000008]},"properties":{"OBJECTID":9686,"amenity":"fuel","name":"AVIN","name_en":null}},{"type":"Feature","id":9687,"geometry":{"type":"Point","coordinates":[23.470449300000041,38.025984600000072]},"properties":{"OBJECTID":9687,"amenity":"fuel","name":"REVOIL","name_en":null}},{"type":"Feature","id":9688,"geometry":{"type":"Point","coordinates":[23.524971500000049,38.055650000000071]},"properties":{"OBJECTID":9688,"amenity":"fuel","name":"AEGEAN","name_en":null}},{"type":"Feature","id":9693,"geometry":{"type":"Point","coordinates":[23.212391300000036,37.968753200000037]},"properties":{"OBJECTID":9693,"amenity":"fuel","name":"EKO","name_en":null}},{"type":"Feature","id":9826,"geometry":{"type":"Point","coordinates":[23.695108000000062,37.945106200000055]},"properties":{"OBJECTID":9826,"amenity":"fuel","name":"REVOIL","name_en":null}},{"type":"Feature","id":9827,"geometry":{"type":"Point","coordinates":[23.698626200000035,37.943922800000053]},"properties":{"OBJECTID":9827,"amenity":"fuel","name":"AEGEAN","name_en":null}},{"type":"Feature","id":9835,"geometry":{"type":"Point","coordinates":[23.703102900000033,38.003115100000059]},"properties":{"OBJECTID":9835,"amenity":"fuel","name":"BP","name_en":null}},{"type":"Feature","id":9863,"geometry":{"type":"Point","coordinates":[23.689743300000032,37.94372050000004]},"properties":{"OBJECTID":9863,"amenity":"fuel","name":"BP","name_en":null}},{"type":"Feature","id":9879,"geometry":{"type":"Point","coordinates":[23.746588400000064,38.022914700000058]},"properties":{"OBJECTID":9879,"amenity":"fuel","name":"REVOIL","name_en":null}},{"type":"Feature","id":9922,"geometry":{"type":"Point","coordinates":[23.352615400000047,37.52372820000005]},"properties":{"OBJECTID":9922,"amenity":"fuel","name":"EKO","name_en":null}},{"type":"Feature","id":9923,"geometry":{"type":"Point","coordinates":[23.300842800000055,37.539445400000034]},"properties":{"OBJECTID":9923,"amenity":"fuel","name":"REVOIL","name_en":null}},{"type":"Feature","id":9935,"geometry":{"type":"Point","coordinates":[23.769451900000035,37.99765670000005]},"properties":{"OBJECTID":9935,"amenity":"fuel","name":"SHELL","name_en":null}},{"type":"Feature","id":9936,"geometry":{"type":"Point","coordinates":[23.509768600000029,38.071711600000071]},"properties":{"OBJECTID":9936,"amenity":"fuel","name":"Aegean","name_en":null}},{"type":"Feature","id":9937,"geometry":{"type":"Point","coordinates":[23.494213400000035,38.078957000000059]},"properties":{"OBJECTID":9937,"amenity":"fuel","name":"REVOIL","name_en":null}},{"type":"Feature","id":9938,"geometry":{"type":"Point","coordinates":[23.493820200000073,38.079613900000027]},"properties":{"OBJECTID":9938,"amenity":"fuel","name":"AEGEAN","name_en":null}},{"type":"Feature","id":9939,"geometry":{"type":"Point","coordinates":[23.491938000000061,38.083341100000041]},"properties":{"OBJECTID":9939,"amenity":"fuel","name":"Revoil","name_en":null}},{"type":"Feature","id":9942,"geometry":{"type":"Point","coordinates":[23.428667100000041,38.106319600000063]},"properties":{"OBJECTID":9942,"amenity":"fuel","name":"AVIN","name_en":null}},{"type":"Feature","id":9948,"geometry":{"type":"Point","coordinates":[23.603606200000058,38.006034500000055]},"properties":{"OBJECTID":9948,"amenity":"fuel","name":"AEGEAN","name_en":null}},{"type":"Feature","id":9949,"geometry":{"type":"Point","coordinates":[23.604458400000055,38.010948800000051]},"properties":{"OBJECTID":9949,"amenity":"fuel","name":"REVOIL","name_en":null}},{"type":"Feature","id":9950,"geometry":{"type":"Point","coordinates":[23.602457900000047,38.012843300000043]},"properties":{"OBJECTID":9950,"amenity":"fuel","name":"ETEKA","name_en":null}},{"type":"Feature","id":9951,"geometry":{"type":"Point","coordinates":[23.59392420000006,38.035810900000058]},"properties":{"OBJECTID":9951,"amenity":"fuel","name":"EKO","name_en":null}},{"type":"Feature","id":9952,"geometry":{"type":"Point","coordinates":[23.593469700000071,38.036667900000054]},"properties":{"OBJECTID":9952,"amenity":"fuel","name":"SHELL","name_en":null}},{"type":"Feature","id":9953,"geometry":{"type":"Point","coordinates":[23.592153900000028,38.038092200000051]},"properties":{"OBJECTID":9953,"amenity":"fuel","name":"REVOIL","name_en":null}},{"type":"Feature","id":9954,"geometry":{"type":"Point","coordinates":[23.591345000000047,38.038161100000025]},"properties":{"OBJECTID":9954,"amenity":"fuel","name":"AEGEAN","name_en":null}},{"type":"Feature","id":9955,"geometry":{"type":"Point","coordinates":[23.58914290000007,38.040544500000067]},"properties":{"OBJECTID":9955,"amenity":"fuel","name":"ΕΤΕΚΑ","name_en":null}},{"type":"Feature","id":9957,"geometry":{"type":"Point","coordinates":[23.596403300000077,37.961945600000035]},"properties":{"OBJECTID":9957,"amenity":"fuel","name":"ΕΤΕΚΑ","name_en":null}},{"type":"Feature","id":9958,"geometry":{"type":"Point","coordinates":[23.594816300000048,37.962399400000038]},"properties":{"OBJECTID":9958,"amenity":"fuel","name":"AEGEAN","name_en":null}},{"type":"Feature","id":9960,"geometry":{"type":"Point","coordinates":[23.652452700000026,37.975072900000043]},"properties":{"OBJECTID":9960,"amenity":"fuel","name":"EKO","name_en":null}},{"type":"Feature","id":9961,"geometry":{"type":"Point","coordinates":[23.640640200000064,37.975434300000074]},"properties":{"OBJECTID":9961,"amenity":"fuel","name":"ΕΤΕΚΑ","name_en":null}},{"type":"Feature","id":9962,"geometry":{"type":"Point","coordinates":[23.639735400000063,37.980770500000062]},"properties":{"OBJECTID":9962,"amenity":"fuel","name":"ΕΛΙΝΟΙΛ","name_en":null}},{"type":"Feature","id":9985,"geometry":{"type":"Point","coordinates":[23.700881800000047,38.004971900000044]},"properties":{"OBJECTID":9985,"amenity":"fuel","name":"SHELL","name_en":null}},{"type":"Feature","id":9987,"geometry":{"type":"Point","coordinates":[23.757437100000061,38.010131600000079]},"properties":{"OBJECTID":9987,"amenity":"fuel","name":"BP","name_en":null}},{"type":"Feature","id":9990,"geometry":{"type":"Point","coordinates":[23.732874000000038,38.026037400000064]},"properties":{"OBJECTID":9990,"amenity":"fuel","name":"ΕΚΟ","name_en":null}},{"type":"Feature","id":10016,"geometry":{"type":"Point","coordinates":[23.818012100000033,38.014335100000039]},"properties":{"OBJECTID":10016,"amenity":"fuel","name":"AVIN","name_en":null}},{"type":"Feature","id":10020,"geometry":{"type":"Point","coordinates":[23.763231800000028,37.985827100000051]},"properties":{"OBJECTID":10020,"amenity":"fuel","name":"REVOIL","name_en":null}},{"type":"Feature","id":10036,"geometry":{"type":"Point","coordinates":[23.985981700000025,37.965131800000051]},"properties":{"OBJECTID":10036,"amenity":"fuel","name":"SHELL","name_en":null}},{"type":"Feature","id":10095,"geometry":{"type":"Point","coordinates":[23.965457700000059,38.142750300000046]},"properties":{"OBJECTID":10095,"amenity":"fuel","name":"SHELL","name_en":null}},{"type":"Feature","id":10096,"geometry":{"type":"Point","coordinates":[23.963645400000075,38.15412230000004]},"properties":{"OBJECTID":10096,"amenity":"fuel","name":"EKO","name_en":null}},{"type":"Feature","id":10172,"geometry":{"type":"Point","coordinates":[23.686913900000036,37.945551400000056]},"properties":{"OBJECTID":10172,"amenity":"fuel","name":"ΑΠ","name_en":null}},{"type":"Feature","id":10260,"geometry":{"type":"Point","coordinates":[23.753335600000071,37.97627360000007]},"properties":{"OBJECTID":10260,"amenity":"fuel","name":"SHELL","name_en":null}},{"type":"Feature","id":10264,"geometry":{"type":"Point","coordinates":[23.757641400000068,37.980692700000077]},"properties":{"OBJECTID":10264,"amenity":"fuel","name":"ΕΤΕΚΑ","name_en":null}},{"type":"Feature","id":10305,"geometry":{"type":"Point","coordinates":[23.72618790000007,37.968528100000071]},"properties":{"OBJECTID":10305,"amenity":"fuel","name":"BP","name_en":null}},{"type":"Feature","id":10411,"geometry":{"type":"Point","coordinates":[23.698437200000058,37.947219500000074]},"properties":{"OBJECTID":10411,"amenity":"fuel","name":"REVOIL","name_en":null}},{"type":"Feature","id":10412,"geometry":{"type":"Point","coordinates":[23.707282200000066,37.959292600000026]},"properties":{"OBJECTID":10412,"amenity":"fuel","name":"AEGEAN","name_en":null}},{"type":"Feature","id":10442,"geometry":{"type":"Point","coordinates":[23.693773000000078,37.950970600000062]},"properties":{"OBJECTID":10442,"amenity":"fuel","name":"EKO","name_en":null}},{"type":"Feature","id":10443,"geometry":{"type":"Point","coordinates":[23.692744000000062,37.950169000000074]},"properties":{"OBJECTID":10443,"amenity":"fuel","name":"ΕΤΕΚΑ","name_en":null}},{"type":"Feature","id":10634,"geometry":{"type":"Point","coordinates":[23.694570400000032,37.944194400000072]},"properties":{"OBJECTID":10634,"amenity":"fuel","name":"JETOIL","name_en":null}},{"type":"Feature","id":10647,"geometry":{"type":"Point","coordinates":[23.976179300000069,38.08809750000006]},"properties":{"OBJECTID":10647,"amenity":"fuel","name":"SHELL","name_en":null}},{"type":"Feature","id":10653,"geometry":{"type":"Point","coordinates":[23.970385200000067,38.087542900000074]},"properties":{"OBJECTID":10653,"amenity":"fuel","name":"BP","name_en":null}},{"type":"Feature","id":10654,"geometry":{"type":"Point","coordinates":[23.963125300000058,38.088032200000043]},"properties":{"OBJECTID":10654,"amenity":"fuel","name":"EKO","name_en":null}},{"type":"Feature","id":10686,"geometry":{"type":"Point","coordinates":[23.685819400000071,37.959054000000037]},"properties":{"OBJECTID":10686,"amenity":"fuel","name":"ΕΛΙΝΟΙΛ","name_en":null}},{"type":"Feature","id":10725,"geometry":{"type":"Point","coordinates":[23.839773200000025,37.857868600000074]},"properties":{"OBJECTID":10725,"amenity":"fuel","name":"EKO","name_en":null}},{"type":"Feature","id":10812,"geometry":{"type":"Point","coordinates":[23.702241500000071,37.926118300000041]},"properties":{"OBJECTID":10812,"amenity":"fuel","name":"EKO","name_en":null}},{"type":"Feature","id":10813,"geometry":{"type":"Point","coordinates":[23.641187200000047,37.938785000000053]},"properties":{"OBJECTID":10813,"amenity":"fuel","name":"Shell","name_en":null}},{"type":"Feature","id":10843,"geometry":{"type":"Point","coordinates":[23.744089100000053,37.911231500000042]},"properties":{"OBJECTID":10843,"amenity":"fuel","name":"ΕΤΕΚΑ","name_en":null}},{"type":"Feature","id":10848,"geometry":{"type":"Point","coordinates":[23.571782800000051,38.048201900000038]},"properties":{"OBJECTID":10848,"amenity":"fuel","name":"REVOIL","name_en":null}},{"type":"Feature","id":10849,"geometry":{"type":"Point","coordinates":[23.510054700000069,38.070671900000036]},"properties":{"OBJECTID":10849,"amenity":"fuel","name":null,"name_en":null}},{"type":"Feature","id":10855,"geometry":{"type":"Point","coordinates":[23.393104600000072,38.169148900000039]},"properties":{"OBJECTID":10855,"amenity":"fuel","name":null,"name_en":null}},{"type":"Feature","id":10858,"geometry":{"type":"Point","coordinates":[23.420156400000053,38.164817300000038]},"properties":{"OBJECTID":10858,"amenity":"fuel","name":"BP","name_en":null}},{"type":"Feature","id":10912,"geometry":{"type":"Point","coordinates":[23.752864200000033,37.852041500000041]},"properties":{"OBJECTID":10912,"amenity":"fuel","name":"AEGEAN","name_en":null}},{"type":"Feature","id":10954,"geometry":{"type":"Point","coordinates":[23.695199000000059,37.959144200000026]},"properties":{"OBJECTID":10954,"amenity":"fuel","name":"AEGEAN","name_en":null}},{"type":"Feature","id":10955,"geometry":{"type":"Point","coordinates":[23.688828800000067,37.956455400000038]},"properties":{"OBJECTID":10955,"amenity":"fuel","name":"SHELL","name_en":null}},{"type":"Feature","id":10987,"geometry":{"type":"Point","coordinates":[23.666667600000039,37.952181800000062]},"properties":{"OBJECTID":10987,"amenity":"fuel","name":"Avin","name_en":null}},{"type":"Feature","id":11060,"geometry":{"type":"Point","coordinates":[23.605610500000068,38.012212800000043]},"properties":{"OBJECTID":11060,"amenity":"fuel","name":"EKO","name_en":null}},{"type":"Feature","id":11086,"geometry":{"type":"Point","coordinates":[23.510109300000067,38.070701000000042]},"properties":{"OBJECTID":11086,"amenity":"fuel","name":null,"name_en":null}},{"type":"Feature","id":11087,"geometry":{"type":"Point","coordinates":[23.789985900000033,37.835217100000079]},"properties":{"OBJECTID":11087,"amenity":"fuel","name":"EKO","name_en":null}},{"type":"Feature","id":11088,"geometry":{"type":"Point","coordinates":[23.633706000000075,37.950677900000073]},"properties":{"OBJECTID":11088,"amenity":"fuel","name":"AEGEAN","name_en":null}},{"type":"Feature","id":11115,"geometry":{"type":"Point","coordinates":[23.627342400000032,37.964186900000072]},"properties":{"OBJECTID":11115,"amenity":"fuel","name":"ΕΤΕΚΑ","name_en":null}},{"type":"Feature","id":11119,"geometry":{"type":"Point","coordinates":[23.606855300000063,38.011964700000078]},"properties":{"OBJECTID":11119,"amenity":"fuel","name":"EKO","name_en":null}},{"type":"Feature","id":11120,"geometry":{"type":"Point","coordinates":[23.393076300000075,38.168893100000048]},"properties":{"OBJECTID":11120,"amenity":"fuel","name":"Revoil","name_en":null}},{"type":"Feature","id":11156,"geometry":{"type":"Point","coordinates":[23.633987800000057,37.964535900000044]},"properties":{"OBJECTID":11156,"amenity":"fuel","name":"REVOIL","name_en":null}},{"type":"Feature","id":11173,"geometry":{"type":"Point","coordinates":[23.630108900000039,37.963728300000071]},"properties":{"OBJECTID":11173,"amenity":"fuel","name":"EKO","name_en":null}},{"type":"Feature","id":11258,"geometry":{"type":"Point","coordinates":[23.71267000000006,37.99464770000003]},"properties":{"OBJECTID":11258,"amenity":"fuel","name":"ΕΤΕΚΑ","name_en":null}},{"type":"Feature","id":11270,"geometry":{"type":"Point","coordinates":[23.714910100000054,37.984862900000053]},"properties":{"OBJECTID":11270,"amenity":"fuel","name":"Eteka","name_en":null}},{"type":"Feature","id":11383,"geometry":{"type":"Point","coordinates":[23.643722500000024,37.938887700000066]},"properties":{"OBJECTID":11383,"amenity":"fuel","name":"Σταθμός Αυτοκινήτων Σπουρδαλάκη","name_en":null}},{"type":"Feature","id":11451,"geometry":{"type":"Point","coordinates":[23.688958600000035,37.94806600000004]},"properties":{"OBJECTID":11451,"amenity":"fuel","name":"ΑΠ","name_en":null}},{"type":"Feature","id":11706,"geometry":{"type":"Point","coordinates":[23.715535500000044,38.045511900000065]},"properties":{"OBJECTID":11706,"amenity":"fuel","name":"BP","name_en":null}},{"type":"Feature","id":11707,"geometry":{"type":"Point","coordinates":[23.719545100000062,38.074536200000068]},"properties":{"OBJECTID":11707,"amenity":"fuel","name":"VALIN","name_en":null}},{"type":"Feature","id":11794,"geometry":{"type":"Point","coordinates":[23.730428900000049,38.055784600000038]},"properties":{"OBJECTID":11794,"amenity":"fuel","name":"AVIN","name_en":null}},{"type":"Feature","id":11961,"geometry":{"type":"Point","coordinates":[23.981954400000063,38.062827800000036]},"properties":{"OBJECTID":11961,"amenity":"fuel","name":"EKO","name_en":null}},{"type":"Feature","id":11962,"geometry":{"type":"Point","coordinates":[23.982448200000078,38.069030700000042]},"properties":{"OBJECTID":11962,"amenity":"fuel","name":"ΕΛΙΝΟΙΛ","name_en":null}},{"type":"Feature","id":11966,"geometry":{"type":"Point","coordinates":[23.701846800000055,38.077601200000061]},"properties":{"OBJECTID":11966,"amenity":"fuel","name":"SHELL","name_en":null}},{"type":"Feature","id":11971,"geometry":{"type":"Point","coordinates":[23.773385400000052,38.042756000000054]},"properties":{"OBJECTID":11971,"amenity":"fuel","name":"ΕΛΙΝΟΙΛ","name_en":null}},{"type":"Feature","id":12020,"geometry":{"type":"Point","coordinates":[23.641762200000073,37.936294900000064]},"properties":{"OBJECTID":12020,"amenity":"fuel","name":"Revoil","name_en":null}},{"type":"Feature","id":12739,"geometry":{"type":"Point","coordinates":[23.739600000000053,37.909339100000068]},"properties":{"OBJECTID":12739,"amenity":"fuel","name":"Best Oil","name_en":null}},{"type":"Feature","id":12741,"geometry":{"type":"Point","coordinates":[23.737918000000036,37.905577600000072]},"properties":{"OBJECTID":12741,"amenity":"fuel","name":"BP","name_en":null}},{"type":"Feature","id":12976,"geometry":{"type":"Point","coordinates":[23.818314400000077,38.030727400000046]},"properties":{"OBJECTID":12976,"amenity":"fuel","name":"BP","name_en":null}},{"type":"Feature","id":12977,"geometry":{"type":"Point","coordinates":[23.810663400000067,38.019842600000061]},"properties":{"OBJECTID":12977,"amenity":"fuel","name":"AVIN","name_en":null}},{"type":"Feature","id":12995,"geometry":{"type":"Point","coordinates":[23.639958500000034,37.950120000000027]},"properties":{"OBJECTID":12995,"amenity":"fuel","name":"AEGEAN","name_en":null}},{"type":"Feature","id":12996,"geometry":{"type":"Point","coordinates":[23.641058700000031,37.950125900000046]},"properties":{"OBJECTID":12996,"amenity":"fuel","name":"EKO","name_en":null}},{"type":"Feature","id":13030,"geometry":{"type":"Point","coordinates":[23.751046000000031,37.963646900000072]},"properties":{"OBJECTID":13030,"amenity":"fuel","name":"ΕΤΕΚΑ","name_en":null}},{"type":"Feature","id":13132,"geometry":{"type":"Point","coordinates":[23.815722400000027,38.015233100000046]},"properties":{"OBJECTID":13132,"amenity":"fuel","name":"Aegean","name_en":null}},{"type":"Feature","id":13135,"geometry":{"type":"Point","coordinates":[23.736024900000075,37.907713300000069]},"properties":{"OBJECTID":13135,"amenity":"fuel","name":"AVIN","name_en":null}},{"type":"Feature","id":13137,"geometry":{"type":"Point","coordinates":[23.805424400000049,38.018311100000062]},"properties":{"OBJECTID":13137,"amenity":"fuel","name":null,"name_en":null}},{"type":"Feature","id":13138,"geometry":{"type":"Point","coordinates":[23.800949200000048,38.017455300000051]},"properties":{"OBJECTID":13138,"amenity":"fuel","name":null,"name_en":null}},{"type":"Feature","id":13143,"geometry":{"type":"Point","coordinates":[23.790744700000062,38.015226000000041]},"properties":{"OBJECTID":13143,"amenity":"fuel","name":"SHELL","name_en":null}},{"type":"Feature","id":13152,"geometry":{"type":"Point","coordinates":[23.799234600000034,38.007058100000052]},"properties":{"OBJECTID":13152,"amenity":"fuel","name":"Aegean","name_en":null}},{"type":"Feature","id":13177,"geometry":{"type":"Point","coordinates":[23.828685700000051,38.014103800000044]},"properties":{"OBJECTID":13177,"amenity":"fuel","name":"Revoil","name_en":null}},{"type":"Feature","id":13295,"geometry":{"type":"Point","coordinates":[23.807479200000046,38.047760600000061]},"properties":{"OBJECTID":13295,"amenity":"fuel","name":"SHELL","name_en":null}},{"type":"Feature","id":13337,"geometry":{"type":"Point","coordinates":[23.785448200000076,38.001972900000055]},"properties":{"OBJECTID":13337,"amenity":"fuel","name":"ΕΤΕΚΑ","name_en":null}},{"type":"Feature","id":13555,"geometry":{"type":"Point","coordinates":[23.775285300000064,38.038745200000051]},"properties":{"OBJECTID":13555,"amenity":"fuel","name":"AVIN","name_en":null}},{"type":"Feature","id":13753,"geometry":{"type":"Point","coordinates":[23.74628000000007,38.055722600000024]},"properties":{"OBJECTID":13753,"amenity":"fuel","name":"CNG","name_en":null}},{"type":"Feature","id":13754,"geometry":{"type":"Point","coordinates":[23.812965800000029,38.077360000000056]},"properties":{"OBJECTID":13754,"amenity":"fuel","name":"EKO","name_en":null}},{"type":"Feature","id":13755,"geometry":{"type":"Point","coordinates":[23.692554800000039,38.09382880000004]},"properties":{"OBJECTID":13755,"amenity":"fuel","name":"CNG ","name_en":null}},{"type":"Feature","id":13756,"geometry":{"type":"Point","coordinates":[23.868382500000052,38.012607700000046]},"properties":{"OBJECTID":13756,"amenity":"fuel","name":"CNG","name_en":null}},{"type":"Feature","id":14173,"geometry":{"type":"Point","coordinates":[23.752223000000072,37.855748700000049]},"properties":{"OBJECTID":14173,"amenity":"fuel","name":"EKO","name_en":null}},{"type":"Feature","id":14254,"geometry":{"type":"Point","coordinates":[23.473932500000046,37.968750800000066]},"properties":{"OBJECTID":14254,"amenity":"fuel","name":"SHELL","name_en":null}},{"type":"Feature","id":14583,"geometry":{"type":"Point","coordinates":[23.75428590000007,37.968358800000033]},"properties":{"OBJECTID":14583,"amenity":"fuel","name":"EKO","name_en":null}},{"type":"Feature","id":14765,"geometry":{"type":"Point","coordinates":[23.759660500000052,37.981081400000051]},"properties":{"OBJECTID":14765,"amenity":"fuel","name":"REVOIL","name_en":null}},{"type":"Feature","id":14810,"geometry":{"type":"Point","coordinates":[23.741464600000029,38.02489520000006]},"properties":{"OBJECTID":14810,"amenity":"fuel","name":"EKO","name_en":null}},{"type":"Feature","id":14961,"geometry":{"type":"Point","coordinates":[23.862087100000053,37.951451200000065]},"properties":{"OBJECTID":14961,"amenity":"fuel","name":"SHELL","name_en":null}},{"type":"Feature","id":15095,"geometry":{"type":"Point","coordinates":[23.681289600000071,37.976327800000035]},"properties":{"OBJECTID":15095,"amenity":"fuel","name":"REVOIL","name_en":null}},{"type":"Feature","id":15129,"geometry":{"type":"Point","coordinates":[23.763038800000061,38.000959100000046]},"properties":{"OBJECTID":15129,"amenity":"fuel","name":"AEGEAN","name_en":null}},{"type":"Feature","id":15135,"geometry":{"type":"Point","coordinates":[23.767416200000071,37.994817800000078]},"properties":{"OBJECTID":15135,"amenity":"fuel","name":"BP","name_en":null}},{"type":"Feature","id":15145,"geometry":{"type":"Point","coordinates":[23.716214100000059,37.922157500000026]},"properties":{"OBJECTID":15145,"amenity":"fuel","name":"EKO","name_en":null}},{"type":"Feature","id":15146,"geometry":{"type":"Point","coordinates":[23.71865020000007,37.922874200000024]},"properties":{"OBJECTID":15146,"amenity":"fuel","name":"AEGEAN","name_en":null}},{"type":"Feature","id":15148,"geometry":{"type":"Point","coordinates":[23.705107100000077,37.924610900000062]},"properties":{"OBJECTID":15148,"amenity":"fuel","name":"ΕΤΕΚΑ","name_en":null}},{"type":"Feature","id":15150,"geometry":{"type":"Point","coordinates":[23.697694200000058,37.932448800000031]},"properties":{"OBJECTID":15150,"amenity":"fuel","name":"AEGEAN","name_en":null}},{"type":"Feature","id":15170,"geometry":{"type":"Point","coordinates":[23.753005200000075,37.972086600000068]},"properties":{"OBJECTID":15170,"amenity":"fuel","name":"ΑΠ","name_en":null}},{"type":"Feature","id":15174,"geometry":{"type":"Point","coordinates":[23.936605100000065,37.846681600000068]},"properties":{"OBJECTID":15174,"amenity":"fuel","name":"AVIN","name_en":null}},{"type":"Feature","id":15175,"geometry":{"type":"Point","coordinates":[23.933961900000043,37.851617100000055]},"properties":{"OBJECTID":15175,"amenity":"fuel","name":"SHELL","name_en":null}},{"type":"Feature","id":15176,"geometry":{"type":"Point","coordinates":[23.929794300000026,37.88473440000007]},"properties":{"OBJECTID":15176,"amenity":"fuel","name":"AEGEAN","name_en":null}},{"type":"Feature","id":15194,"geometry":{"type":"Point","coordinates":[23.732884500000068,37.957202300000063]},"properties":{"OBJECTID":15194,"amenity":"fuel","name":"AEGEAN","name_en":null}},{"type":"Feature","id":15259,"geometry":{"type":"Point","coordinates":[23.729686300000026,38.04952250000008]},"properties":{"OBJECTID":15259,"amenity":"fuel","name":"ΕΤΕΚΑ","name_en":null}},{"type":"Feature","id":15285,"geometry":{"type":"Point","coordinates":[23.676268800000059,37.959725800000058]},"properties":{"OBJECTID":15285,"amenity":"fuel","name":"EKO","name_en":null}},{"type":"Feature","id":15379,"geometry":{"type":"Point","coordinates":[23.675137300000074,38.037031600000034]},"properties":{"OBJECTID":15379,"amenity":"fuel","name":"ΕΤΕΚΑ","name_en":null}},{"type":"Feature","id":15425,"geometry":{"type":"Point","coordinates":[23.709226800000067,37.966612300000065]},"properties":{"OBJECTID":15425,"amenity":"fuel","name":"SILKOIL","name_en":null}},{"type":"Feature","id":15485,"geometry":{"type":"Point","coordinates":[23.695320300000049,37.990450500000065]},"properties":{"OBJECTID":15485,"amenity":"fuel","name":"ΕΤΕΚΑ","name_en":null}},{"type":"Feature","id":15880,"geometry":{"type":"Point","coordinates":[23.700985600000024,37.936167700000055]},"properties":{"OBJECTID":15880,"amenity":"fuel","name":null,"name_en":null}},{"type":"Feature","id":15940,"geometry":{"type":"Point","coordinates":[23.763530200000048,37.944187500000055]},"properties":{"OBJECTID":15940,"amenity":"fuel","name":"SILKOIL","name_en":null}},{"type":"Feature","id":15956,"geometry":{"type":"Point","coordinates":[23.691003000000023,37.961882100000025]},"properties":{"OBJECTID":15956,"amenity":"fuel","name":"Revoil","name_en":null}},{"type":"Feature","id":15964,"geometry":{"type":"Point","coordinates":[23.70658700000007,37.93905570000004]},"properties":{"OBJECTID":15964,"amenity":"fuel","name":"EKO","name_en":null}},{"type":"Feature","id":16077,"geometry":{"type":"Point","coordinates":[23.703718400000071,37.927094000000068]},"properties":{"OBJECTID":16077,"amenity":"fuel","name":"ΕΤΕΚΑ","name_en":null}},{"type":"Feature","id":16170,"geometry":{"type":"Point","coordinates":[23.714524900000072,37.932764700000064]},"properties":{"OBJECTID":16170,"amenity":"fuel","name":"SHELL","name_en":null}},{"type":"Feature","id":16239,"geometry":{"type":"Point","coordinates":[23.971363300000064,37.810918500000071]},"properties":{"OBJECTID":16239,"amenity":"fuel","name":"AEGEAN","name_en":null}},{"type":"Feature","id":16242,"geometry":{"type":"Point","coordinates":[23.972790000000032,37.810588400000029]},"properties":{"OBJECTID":16242,"amenity":"fuel","name":"SHELL","name_en":null}},{"type":"Feature","id":16321,"geometry":{"type":"Point","coordinates":[23.72341410000007,37.962769900000069]},"properties":{"OBJECTID":16321,"amenity":"fuel","name":"ΕΛΙΝΟΙΛ","name_en":null}},{"type":"Feature","id":16437,"geometry":{"type":"Point","coordinates":[23.724976300000037,38.094692500000065]},"properties":{"OBJECTID":16437,"amenity":"fuel","name":"ΕΛΙΝΟΙΛ","name_en":null}},{"type":"Feature","id":16530,"geometry":{"type":"Point","coordinates":[23.792961900000023,38.003887300000031]},"properties":{"OBJECTID":16530,"amenity":"fuel","name":"Shell","name_en":"Shell"}},{"type":"Feature","id":16721,"geometry":{"type":"Point","coordinates":[23.808915500000069,38.01804530000004]},"properties":{"OBJECTID":16721,"amenity":"fuel","name":"ΕΤΕΚΑ","name_en":null}},{"type":"Feature","id":16804,"geometry":{"type":"Point","coordinates":[24.058304000000078,37.696783100000061]},"properties":{"OBJECTID":16804,"amenity":"fuel","name":"ΕΚΟ","name_en":null}},{"type":"Feature","id":16877,"geometry":{"type":"Point","coordinates":[23.742417000000046,38.026286200000072]},"properties":{"OBJECTID":16877,"amenity":"fuel","name":"BP","name_en":null}},{"type":"Feature","id":16885,"geometry":{"type":"Point","coordinates":[23.817015900000058,38.049521200000072]},"properties":{"OBJECTID":16885,"amenity":"fuel","name":null,"name_en":null}},{"type":"Feature","id":16886,"geometry":{"type":"Point","coordinates":[23.817237700000078,38.049452100000053]},"properties":{"OBJECTID":16886,"amenity":"fuel","name":null,"name_en":null}},{"type":"Feature","id":16890,"geometry":{"type":"Point","coordinates":[24.051053900000056,37.748635300000046]},"properties":{"OBJECTID":16890,"amenity":"fuel","name":"SHELL","name_en":null}},{"type":"Feature","id":16955,"geometry":{"type":"Point","coordinates":[23.696831600000053,37.992874700000073]},"properties":{"OBJECTID":16955,"amenity":"fuel","name":"ΑΠ","name_en":null}},{"type":"Feature","id":16956,"geometry":{"type":"Point","coordinates":[23.739377700000034,38.022768400000075]},"properties":{"OBJECTID":16956,"amenity":"fuel","name":"BP","name_en":null}},{"type":"Feature","id":16959,"geometry":{"type":"Point","coordinates":[23.74305970000006,38.021412000000055]},"properties":{"OBJECTID":16959,"amenity":"fuel","name":"AVIN","name_en":null}},{"type":"Feature","id":16968,"geometry":{"type":"Point","coordinates":[23.743087200000048,38.018403300000045]},"properties":{"OBJECTID":16968,"amenity":"fuel","name":"BP","name_en":null}},{"type":"Feature","id":17263,"geometry":{"type":"Point","coordinates":[23.693303700000058,37.997247000000073]},"properties":{"OBJECTID":17263,"amenity":"fuel","name":"EKO","name_en":null}},{"type":"Feature","id":17407,"geometry":{"type":"Point","coordinates":[23.760512800000072,37.96061560000004]},"properties":{"OBJECTID":17407,"amenity":"fuel","name":"BP","name_en":null}},{"type":"Feature","id":17425,"geometry":{"type":"Point","coordinates":[23.766897800000038,37.955163000000027]},"properties":{"OBJECTID":17425,"amenity":"fuel","name":"BP","name_en":null}},{"type":"Feature","id":17570,"geometry":{"type":"Point","coordinates":[23.727927400000056,38.001568000000077]},"properties":{"OBJECTID":17570,"amenity":"fuel","name":"SHELL","name_en":null}},{"type":"Feature","id":17676,"geometry":{"type":"Point","coordinates":[23.68117680000006,37.953597100000025]},"properties":{"OBJECTID":17676,"amenity":"fuel","name":"ΕΤΕΚΑ","name_en":null}},{"type":"Feature","id":17679,"geometry":{"type":"Point","coordinates":[23.679390500000068,37.946727200000055]},"properties":{"OBJECTID":17679,"amenity":"fuel","name":"ΕΤΕΚΑ","name_en":null}},{"type":"Feature","id":17743,"geometry":{"type":"Point","coordinates":[23.659721500000046,37.972843300000079]},"properties":{"OBJECTID":17743,"amenity":"fuel","name":"ΕΤΕΚΑ","name_en":null}},{"type":"Feature","id":17748,"geometry":{"type":"Point","coordinates":[23.733504500000038,38.075489600000026]},"properties":{"OBJECTID":17748,"amenity":"fuel","name":null,"name_en":null}},{"type":"Feature","id":17750,"geometry":{"type":"Point","coordinates":[23.72674180000007,37.944608900000048]},"properties":{"OBJECTID":17750,"amenity":"fuel","name":"SHELL","name_en":null}},{"type":"Feature","id":17759,"geometry":{"type":"Point","coordinates":[23.664332200000047,38.00431350000008]},"properties":{"OBJECTID":17759,"amenity":"fuel","name":"REVOIL","name_en":null}},{"type":"Feature","id":17790,"geometry":{"type":"Point","coordinates":[23.73513980000007,37.946168900000032]},"properties":{"OBJECTID":17790,"amenity":"fuel","name":"ΕΛΙΝΟΙΛ","name_en":null}},{"type":"Feature","id":17872,"geometry":{"type":"Point","coordinates":[23.740498100000025,37.944534000000033]},"properties":{"OBJECTID":17872,"amenity":"fuel","name":"SHELL","name_en":null}},{"type":"Feature","id":17944,"geometry":{"type":"Point","coordinates":[23.707826800000078,37.999250000000075]},"properties":{"OBJECTID":17944,"amenity":"fuel","name":"AEGEAN","name_en":null}},{"type":"Feature","id":17983,"geometry":{"type":"Point","coordinates":[23.723351800000046,37.997788700000058]},"properties":{"OBJECTID":17983,"amenity":"fuel","name":"REVOIL","name_en":null}},{"type":"Feature","id":18020,"geometry":{"type":"Point","coordinates":[23.690960600000039,38.016910400000029]},"properties":{"OBJECTID":18020,"amenity":"fuel","name":"ETEKA","name_en":null}},{"type":"Feature","id":18329,"geometry":{"type":"Point","coordinates":[23.688611800000047,38.027333200000044]},"properties":{"OBJECTID":18329,"amenity":"fuel","name":"VALIN","name_en":null}},{"type":"Feature","id":18330,"geometry":{"type":"Point","coordinates":[23.684064400000068,38.023851800000045]},"properties":{"OBJECTID":18330,"amenity":"fuel","name":"VALIN","name_en":null}},{"type":"Feature","id":18331,"geometry":{"type":"Point","coordinates":[23.633150500000056,38.013911600000029]},"properties":{"OBJECTID":18331,"amenity":"fuel","name":"AVIN","name_en":null}},{"type":"Feature","id":18333,"geometry":{"type":"Point","coordinates":[23.652512300000069,38.011143200000049]},"properties":{"OBJECTID":18333,"amenity":"fuel","name":"Agip","name_en":null}},{"type":"Feature","id":18382,"geometry":{"type":"Point","coordinates":[23.750458900000069,37.919387500000028]},"properties":{"OBJECTID":18382,"amenity":"fuel","name":"SHELL","name_en":null}},{"type":"Feature","id":18422,"geometry":{"type":"Point","coordinates":[23.960021300000051,37.820344800000044]},"properties":{"OBJECTID":18422,"amenity":"fuel","name":"REVOIL","name_en":null}},{"type":"Feature","id":18458,"geometry":{"type":"Point","coordinates":[23.745980000000031,37.907730600000036]},"properties":{"OBJECTID":18458,"amenity":"fuel","name":"REVOIL","name_en":null}},{"type":"Feature","id":18762,"geometry":{"type":"Point","coordinates":[23.979601900000034,38.081117600000027]},"properties":{"OBJECTID":18762,"amenity":"fuel","name":null,"name_en":"Las Gas (butane, LPG)"}},{"type":"Feature","id":18953,"geometry":{"type":"Point","coordinates":[23.70319070000005,38.078365600000041]},"properties":{"OBJECTID":18953,"amenity":"fuel","name":"REVOIL","name_en":null}},{"type":"Feature","id":19115,"geometry":{"type":"Point","coordinates":[23.705825800000071,37.948689400000035]},"properties":{"OBJECTID":19115,"amenity":"fuel","name":null,"name_en":null}},{"type":"Feature","id":19231,"geometry":{"type":"Point","coordinates":[23.763492300000053,38.063365900000065]},"properties":{"OBJECTID":19231,"amenity":"fuel","name":"BP","name_en":null}},{"type":"Feature","id":19903,"geometry":{"type":"Point","coordinates":[23.744467400000076,37.993271600000071]},"properties":{"OBJECTID":19903,"amenity":"fuel","name":"ΕΛΙΝΟΙΛ","name_en":null}},{"type":"Feature","id":19943,"geometry":{"type":"Point","coordinates":[23.735163300000067,37.93744010000006]},"properties":{"OBJECTID":19943,"amenity":"fuel","name":"ΕΤΕΚΑ","name_en":null}},{"type":"Feature","id":19975,"geometry":{"type":"Point","coordinates":[23.753742300000056,37.946367700000053]},"properties":{"OBJECTID":19975,"amenity":"fuel","name":"EKO","name_en":null}},{"type":"Feature","id":20004,"geometry":{"type":"Point","coordinates":[23.654890200000068,37.971039700000063]},"properties":{"OBJECTID":20004,"amenity":"fuel","name":"ΕΤΕΚΑ","name_en":null}},{"type":"Feature","id":20046,"geometry":{"type":"Point","coordinates":[23.746319100000051,37.979293300000052]},"properties":{"OBJECTID":20046,"amenity":"fuel","name":"REVOIL","name_en":null}},{"type":"Feature","id":20086,"geometry":{"type":"Point","coordinates":[23.645911200000057,37.979788500000041]},"properties":{"OBJECTID":20086,"amenity":"fuel","name":"EKO","name_en":null}},{"type":"Feature","id":20171,"geometry":{"type":"Point","coordinates":[23.637661100000059,37.966393200000027]},"properties":{"OBJECTID":20171,"amenity":"fuel","name":"EKO","name_en":null}},{"type":"Feature","id":20338,"geometry":{"type":"Point","coordinates":[23.729082000000062,38.039349100000038]},"properties":{"OBJECTID":20338,"amenity":"fuel","name":"REVOIL","name_en":null}},{"type":"Feature","id":20442,"geometry":{"type":"Point","coordinates":[23.729220000000055,38.010216000000071]},"properties":{"OBJECTID":20442,"amenity":"fuel","name":"REVOIL","name_en":null}},{"type":"Feature","id":20462,"geometry":{"type":"Point","coordinates":[23.751917100000071,37.930233900000076]},"properties":{"OBJECTID":20462,"amenity":"fuel","name":"ΕΚΟ","name_en":null}},{"type":"Feature","id":20525,"geometry":{"type":"Point","coordinates":[23.755898200000047,38.305269900000042]},"properties":{"OBJECTID":20525,"amenity":"fuel","name":"REVOIL","name_en":null}},{"type":"Feature","id":20555,"geometry":{"type":"Point","coordinates":[23.752583600000037,37.98754450000007]},"properties":{"OBJECTID":20555,"amenity":"fuel","name":"Ελιν","name_en":null}},{"type":"Feature","id":20559,"geometry":{"type":"Point","coordinates":[23.734048200000075,37.961155400000052]},"properties":{"OBJECTID":20559,"amenity":"fuel","name":"BP","name_en":null}},{"type":"Feature","id":20576,"geometry":{"type":"Point","coordinates":[23.695626300000072,37.966965900000048]},"properties":{"OBJECTID":20576,"amenity":"fuel","name":"ΕΤΕΚΑ","name_en":null}},{"type":"Feature","id":20609,"geometry":{"type":"Point","coordinates":[23.938226000000043,37.885796400000061]},"properties":{"OBJECTID":20609,"amenity":"fuel","name":"REVOIL","name_en":null}},{"type":"Feature","id":20843,"geometry":{"type":"Point","coordinates":[23.769024000000059,37.983360900000037]},"properties":{"OBJECTID":20843,"amenity":"fuel","name":"ΕΤΕΚΑ","name_en":null}},{"type":"Feature","id":20881,"geometry":{"type":"Point","coordinates":[23.707066500000053,37.999895400000071]},"properties":{"OBJECTID":20881,"amenity":"fuel","name":"Shell","name_en":null}},{"type":"Feature","id":20882,"geometry":{"type":"Point","coordinates":[23.706919600000049,37.999988900000062]},"properties":{"OBJECTID":20882,"amenity":"fuel","name":"Aegean","name_en":null}},{"type":"Feature","id":20932,"geometry":{"type":"Point","coordinates":[23.707664600000044,37.999884800000075]},"properties":{"OBJECTID":20932,"amenity":"fuel","name":"ΕΤΕΚΑ","name_en":null}},{"type":"Feature","id":20968,"geometry":{"type":"Point","coordinates":[23.728591700000038,38.015620400000046]},"properties":{"OBJECTID":20968,"amenity":"fuel","name":"REVOIL","name_en":null}},{"type":"Feature","id":20997,"geometry":{"type":"Point","coordinates":[23.739568100000042,38.000273800000059]},"properties":{"OBJECTID":20997,"amenity":"fuel","name":"REVOIL","name_en":null}},{"type":"Feature","id":21023,"geometry":{"type":"Point","coordinates":[23.697970600000076,38.02970890000006]},"properties":{"OBJECTID":21023,"amenity":"fuel","name":"ΕΚΟ","name_en":null}},{"type":"Feature","id":21113,"geometry":{"type":"Point","coordinates":[23.696685700000046,38.004049400000042]},"properties":{"OBJECTID":21113,"amenity":"fuel","name":"EKO","name_en":null}},{"type":"Feature","id":21159,"geometry":{"type":"Point","coordinates":[23.707999200000074,38.086686300000054]},"properties":{"OBJECTID":21159,"amenity":"fuel","name":"SHELL","name_en":null}},{"type":"Feature","id":21303,"geometry":{"type":"Point","coordinates":[23.837407100000064,38.020598500000062]},"properties":{"OBJECTID":21303,"amenity":"fuel","name":"BP","name_en":null}},{"type":"Feature","id":21308,"geometry":{"type":"Point","coordinates":[23.726717000000065,37.940873900000042]},"properties":{"OBJECTID":21308,"amenity":"fuel","name":"ΕΤΕΚΑ","name_en":null}},{"type":"Feature","id":21379,"geometry":{"type":"Point","coordinates":[23.795632300000022,38.07495300000005]},"properties":{"OBJECTID":21379,"amenity":"fuel","name":"My market","name_en":null}},{"type":"Feature","id":21384,"geometry":{"type":"Point","coordinates":[23.615652000000068,37.949450100000035]},"properties":{"OBJECTID":21384,"amenity":"fuel","name":"Café","name_en":null}},{"type":"Feature","id":21688,"geometry":{"type":"Point","coordinates":[24.052833100000043,37.706535600000052]},"properties":{"OBJECTID":21688,"amenity":"fuel","name":"BP","name_en":null}},{"type":"Feature","id":21693,"geometry":{"type":"Point","coordinates":[23.930945000000065,37.862194200000033]},"properties":{"OBJECTID":21693,"amenity":"fuel","name":"Revoil","name_en":null}},{"type":"Feature","id":22127,"geometry":{"type":"Point","coordinates":[23.673222800000076,38.014006400000028]},"properties":{"OBJECTID":22127,"amenity":"fuel","name":"EKO","name_en":null}},{"type":"Feature","id":22147,"geometry":{"type":"Point","coordinates":[23.749210900000037,38.256892700000037]},"properties":{"OBJECTID":22147,"amenity":"fuel","name":"EKO","name_en":null}},{"type":"Feature","id":22148,"geometry":{"type":"Point","coordinates":[23.750860500000044,38.255387400000075]},"properties":{"OBJECTID":22148,"amenity":"fuel","name":"EKO","name_en":null}},{"type":"Feature","id":22149,"geometry":{"type":"Point","coordinates":[23.823952900000052,38.11298400000004]},"properties":{"OBJECTID":22149,"amenity":"fuel","name":"BP","name_en":null}},{"type":"Feature","id":22207,"geometry":{"type":"Point","coordinates":[23.979454300000043,37.813214200000061]},"properties":{"OBJECTID":22207,"amenity":"fuel","name":"BP","name_en":null}},{"type":"Feature","id":22491,"geometry":{"type":"Point","coordinates":[23.355297200000052,37.709362100000078]},"properties":{"OBJECTID":22491,"amenity":"fuel","name":"ΕΛΙΝΟΙΛ","name_en":null}},{"type":"Feature","id":22959,"geometry":{"type":"Point","coordinates":[23.682108700000072,38.031603700000062]},"properties":{"OBJECTID":22959,"amenity":"fuel","name":"ETEKA","name_en":null}},{"type":"Feature","id":23052,"geometry":{"type":"Point","coordinates":[23.73136960000005,37.99717030000005]},"properties":{"OBJECTID":23052,"amenity":"fuel","name":"AEGEAN","name_en":null}},{"type":"Feature","id":23143,"geometry":{"type":"Point","coordinates":[22.983808900000042,36.182294200000058]},"properties":{"OBJECTID":23143,"amenity":"fuel","name":"SHELL","name_en":null}},{"type":"Feature","id":23144,"geometry":{"type":"Point","coordinates":[22.979012300000022,36.198566700000072]},"properties":{"OBJECTID":23144,"amenity":"fuel","name":"AVIN","name_en":null}},{"type":"Feature","id":23145,"geometry":{"type":"Point","coordinates":[22.964620800000034,36.290552400000024]},"properties":{"OBJECTID":23145,"amenity":"fuel","name":"AVIN","name_en":null}},{"type":"Feature","id":23164,"geometry":{"type":"Point","coordinates":[23.906296900000029,37.965338100000054]},"properties":{"OBJECTID":23164,"amenity":"fuel","name":"EKO","name_en":null}},{"type":"Feature","id":23413,"geometry":{"type":"Point","coordinates":[23.843670100000054,38.012880700000039]},"properties":{"OBJECTID":23413,"amenity":"fuel","name":"EKO - Temporarily Closed","name_en":null}},{"type":"Feature","id":23414,"geometry":{"type":"Point","coordinates":[23.843711100000064,38.013306000000057]},"properties":{"OBJECTID":23414,"amenity":"fuel","name":"SHELL","name_en":null}},{"type":"Feature","id":23415,"geometry":{"type":"Point","coordinates":[23.84596410000006,38.006348900000035]},"properties":{"OBJECTID":23415,"amenity":"fuel","name":"ΕΤΕΚΑ","name_en":null}},{"type":"Feature","id":23416,"geometry":{"type":"Point","coordinates":[23.994769800000029,37.891610700000058]},"properties":{"OBJECTID":23416,"amenity":"fuel","name":"BP","name_en":null}},{"type":"Feature","id":23448,"geometry":{"type":"Point","coordinates":[23.765371400000049,37.98621200000008]},"properties":{"OBJECTID":23448,"amenity":"fuel","name":"Aegean","name_en":null}},{"type":"Feature","id":23453,"geometry":{"type":"Point","coordinates":[23.723290200000065,37.984804300000064]},"properties":{"OBJECTID":23453,"amenity":"fuel","name":"SILKOIL","name_en":null}},{"type":"Feature","id":23455,"geometry":{"type":"Point","coordinates":[23.652275000000031,38.011590400000046]},"properties":{"OBJECTID":23455,"amenity":"fuel","name":"BP","name_en":null}},{"type":"Feature","id":23456,"geometry":{"type":"Point","coordinates":[23.594615500000032,38.034797300000037]},"properties":{"OBJECTID":23456,"amenity":"fuel","name":"BP","name_en":null}},{"type":"Feature","id":23458,"geometry":{"type":"Point","coordinates":[23.861289500000055,38.000062100000036]},"properties":{"OBJECTID":23458,"amenity":"fuel","name":"EKO","name_en":null}},{"type":"Feature","id":23459,"geometry":{"type":"Point","coordinates":[23.912339700000075,37.968049300000075]},"properties":{"OBJECTID":23459,"amenity":"fuel","name":"SHELL","name_en":null}},{"type":"Feature","id":23460,"geometry":{"type":"Point","coordinates":[23.907037400000036,37.967899700000032]},"properties":{"OBJECTID":23460,"amenity":"fuel","name":"AVIN","name_en":null}},{"type":"Feature","id":23461,"geometry":{"type":"Point","coordinates":[23.906403200000057,37.964608800000065]},"properties":{"OBJECTID":23461,"amenity":"fuel","name":"REVOIL","name_en":null}},{"type":"Feature","id":23924,"geometry":{"type":"Point","coordinates":[23.778628000000026,37.815962300000024]},"properties":{"OBJECTID":23924,"amenity":"fuel","name":"BP","name_en":null}},{"type":"Feature","id":23968,"geometry":{"type":"Point","coordinates":[23.734386400000062,37.974184200000025]},"properties":{"OBJECTID":23968,"amenity":"fuel","name":"Aegean","name_en":null}},{"type":"Feature","id":23970,"geometry":{"type":"Point","coordinates":[23.732877400000064,38.002791800000068]},"properties":{"OBJECTID":23970,"amenity":"fuel","name":"ΕΤΕΚΑ","name_en":null}},{"type":"Feature","id":23987,"geometry":{"type":"Point","coordinates":[23.416352500000073,38.165850400000068]},"properties":{"OBJECTID":23987,"amenity":"fuel","name":"SHELL","name_en":null}},{"type":"Feature","id":24048,"geometry":{"type":"Point","coordinates":[23.67852490000007,38.027882100000056]},"properties":{"OBJECTID":24048,"amenity":"fuel","name":"EKO","name_en":null}},{"type":"Feature","id":24050,"geometry":{"type":"Point","coordinates":[23.681501000000026,38.031849500000078]},"properties":{"OBJECTID":24050,"amenity":"fuel","name":"SILKOIL","name_en":null}},{"type":"Feature","id":24078,"geometry":{"type":"Point","coordinates":[24.003347100000042,37.887259000000029]},"properties":{"OBJECTID":24078,"amenity":"fuel","name":"SHELL","name_en":null}},{"type":"Feature","id":24482,"geometry":{"type":"Point","coordinates":[23.440490800000077,38.02538050000004]},"properties":{"OBJECTID":24482,"amenity":"fuel","name":"Shell","name_en":null}},{"type":"Feature","id":24718,"geometry":{"type":"Point","coordinates":[23.707284000000072,37.95098130000008]},"properties":{"OBJECTID":24718,"amenity":"fuel","name":"ΕΤΕΚΑ","name_en":null}},{"type":"Feature","id":24790,"geometry":{"type":"Point","coordinates":[23.596181400000035,38.072117800000058]},"properties":{"OBJECTID":24790,"amenity":"fuel","name":"EKO","name_en":null}},{"type":"Feature","id":24791,"geometry":{"type":"Point","coordinates":[23.642580000000066,38.06347930000004]},"properties":{"OBJECTID":24791,"amenity":"fuel","name":"SHELL","name_en":null}},{"type":"Feature","id":24809,"geometry":{"type":"Point","coordinates":[23.922300500000063,37.784567700000025]},"properties":{"OBJECTID":24809,"amenity":"fuel","name":"SHELL","name_en":null}},{"type":"Feature","id":24939,"geometry":{"type":"Point","coordinates":[23.712521400000071,38.010058100000037]},"properties":{"OBJECTID":24939,"amenity":"fuel","name":"Shell","name_en":null}},{"type":"Feature","id":24940,"geometry":{"type":"Point","coordinates":[23.709352300000035,38.012129500000071]},"properties":{"OBJECTID":24940,"amenity":"fuel","name":"ΕΤΕΚΑ","name_en":null}},{"type":"Feature","id":25583,"geometry":{"type":"Point","coordinates":[23.87952880000006,37.934683700000051]},"properties":{"OBJECTID":25583,"amenity":"fuel","name":"EKO","name_en":null}},{"type":"Feature","id":25672,"geometry":{"type":"Point","coordinates":[23.724821800000029,38.027399700000046]},"properties":{"OBJECTID":25672,"amenity":"fuel","name":"ΕΤΕΚΑ","name_en":null}},{"type":"Feature","id":25940,"geometry":{"type":"Point","coordinates":[23.800715600000046,38.320979900000054]},"properties":{"OBJECTID":25940,"amenity":"fuel","name":"SHELL","name_en":null}},{"type":"Feature","id":25941,"geometry":{"type":"Point","coordinates":[23.813575200000059,38.316233500000067]},"properties":{"OBJECTID":25941,"amenity":"fuel","name":"ΕΛΙΝΟΙΛ","name_en":null}},{"type":"Feature","id":25942,"geometry":{"type":"Point","coordinates":[23.809396100000072,38.316888900000038]},"properties":{"OBJECTID":25942,"amenity":"fuel","name":"EKO","name_en":null}},{"type":"Feature","id":25966,"geometry":{"type":"Point","coordinates":[23.162554600000078,37.256093000000078]},"properties":{"OBJECTID":25966,"amenity":"fuel","name":"REVOIL","name_en":null}},{"type":"Feature","id":25967,"geometry":{"type":"Point","coordinates":[23.44310930000006,37.497698600000035]},"properties":{"OBJECTID":25967,"amenity":"fuel","name":"AVIN","name_en":null}},{"type":"Feature","id":25968,"geometry":{"type":"Point","coordinates":[23.407540600000061,37.498703900000066]},"properties":{"OBJECTID":25968,"amenity":"fuel","name":"SHELL","name_en":null}},{"type":"Feature","id":25969,"geometry":{"type":"Point","coordinates":[23.395992600000056,37.501716700000031]},"properties":{"OBJECTID":25969,"amenity":"fuel","name":"AEGEAN","name_en":null}},{"type":"Feature","id":25970,"geometry":{"type":"Point","coordinates":[23.383614700000066,37.511350900000025]},"properties":{"OBJECTID":25970,"amenity":"fuel","name":"ΕΤΕΚΑ","name_en":null}},{"type":"Feature","id":25972,"geometry":{"type":"Point","coordinates":[23.392555400000049,37.582436500000028]},"properties":{"OBJECTID":25972,"amenity":"fuel","name":"AEGEAN","name_en":null}},{"type":"Feature","id":25973,"geometry":{"type":"Point","coordinates":[23.87606100000005,37.883231400000057]},"properties":{"OBJECTID":25973,"amenity":"fuel","name":"SHELL","name_en":null}},{"type":"Feature","id":25975,"geometry":{"type":"Point","coordinates":[23.321257200000048,38.223410200000046]},"properties":{"OBJECTID":25975,"amenity":"fuel","name":"REVOIL","name_en":null}},{"type":"Feature","id":25976,"geometry":{"type":"Point","coordinates":[23.344695300000069,38.16938220000003]},"properties":{"OBJECTID":25976,"amenity":"fuel","name":"SHELL","name_en":null}},{"type":"Feature","id":25977,"geometry":{"type":"Point","coordinates":[23.732240300000058,38.301797000000079]},"properties":{"OBJECTID":25977,"amenity":"fuel","name":"SHELL","name_en":null}},{"type":"Feature","id":25978,"geometry":{"type":"Point","coordinates":[23.728877900000043,38.305207000000053]},"properties":{"OBJECTID":25978,"amenity":"fuel","name":"BP","name_en":null}},{"type":"Feature","id":25979,"geometry":{"type":"Point","coordinates":[23.726120300000048,38.335031600000036]},"properties":{"OBJECTID":25979,"amenity":"fuel","name":"BP","name_en":null}},{"type":"Feature","id":26242,"geometry":{"type":"Point","coordinates":[23.983453000000054,37.806172500000059]},"properties":{"OBJECTID":26242,"amenity":"fuel","name":"SHELL","name_en":null}},{"type":"Feature","id":26243,"geometry":{"type":"Point","coordinates":[24.053891900000053,37.705202500000041]},"properties":{"OBJECTID":26243,"amenity":"fuel","name":"SHELL","name_en":null}},{"type":"Feature","id":26244,"geometry":{"type":"Point","coordinates":[24.057534700000076,37.786410400000079]},"properties":{"OBJECTID":26244,"amenity":"fuel","name":"AVIN","name_en":null}},{"type":"Feature","id":26245,"geometry":{"type":"Point","coordinates":[23.986959500000069,37.804260200000044]},"properties":{"OBJECTID":26245,"amenity":"fuel","name":"ΕΛΙΝΟΙΛ","name_en":null}},{"type":"Feature","id":26246,"geometry":{"type":"Point","coordinates":[23.957516300000066,37.823320600000045]},"properties":{"OBJECTID":26246,"amenity":"fuel","name":"BP","name_en":null}},{"type":"Feature","id":26247,"geometry":{"type":"Point","coordinates":[23.943723100000057,37.724703700000077]},"properties":{"OBJECTID":26247,"amenity":"fuel","name":"REVOIL","name_en":null}},{"type":"Feature","id":26248,"geometry":{"type":"Point","coordinates":[23.950307700000053,37.735298500000056]},"properties":{"OBJECTID":26248,"amenity":"fuel","name":"BP","name_en":null}},{"type":"Feature","id":26249,"geometry":{"type":"Point","coordinates":[23.951797100000078,37.73726060000007]},"properties":{"OBJECTID":26249,"amenity":"fuel","name":"EKO","name_en":null}},{"type":"Feature","id":26250,"geometry":{"type":"Point","coordinates":[23.847556900000029,37.821945500000027]},"properties":{"OBJECTID":26250,"amenity":"fuel","name":"BP","name_en":null}},{"type":"Feature","id":26251,"geometry":{"type":"Point","coordinates":[23.853899000000069,37.825051700000074]},"properties":{"OBJECTID":26251,"amenity":"fuel","name":"ΕΛΙΝΟΙΛ","name_en":null}},{"type":"Feature","id":26252,"geometry":{"type":"Point","coordinates":[23.793905900000027,37.834986400000048]},"properties":{"OBJECTID":26252,"amenity":"fuel","name":"AEGEAN","name_en":null}},{"type":"Feature","id":26253,"geometry":{"type":"Point","coordinates":[23.799675600000057,37.83398770000008]},"properties":{"OBJECTID":26253,"amenity":"fuel","name":"BP","name_en":null}},{"type":"Feature","id":26254,"geometry":{"type":"Point","coordinates":[23.805292100000031,37.834600400000056]},"properties":{"OBJECTID":26254,"amenity":"fuel","name":"AVIN","name_en":null}},{"type":"Feature","id":26255,"geometry":{"type":"Point","coordinates":[23.805596000000037,37.835184000000027]},"properties":{"OBJECTID":26255,"amenity":"fuel","name":"EKO","name_en":null}},{"type":"Feature","id":26256,"geometry":{"type":"Point","coordinates":[23.821043000000031,37.844437200000073]},"properties":{"OBJECTID":26256,"amenity":"fuel","name":"BP","name_en":null}},{"type":"Feature","id":26257,"geometry":{"type":"Point","coordinates":[23.871092700000077,37.932089800000028]},"properties":{"OBJECTID":26257,"amenity":"fuel","name":"BP","name_en":null}},{"type":"Feature","id":26258,"geometry":{"type":"Point","coordinates":[23.879825400000072,37.894280200000026]},"properties":{"OBJECTID":26258,"amenity":"fuel","name":"BP","name_en":null}},{"type":"Feature","id":26259,"geometry":{"type":"Point","coordinates":[23.87295430000006,37.906793400000026]},"properties":{"OBJECTID":26259,"amenity":"fuel","name":"ΕΛΙΝΟΙΛ","name_en":null}},{"type":"Feature","id":26260,"geometry":{"type":"Point","coordinates":[23.873802300000023,37.912098000000071]},"properties":{"OBJECTID":26260,"amenity":"fuel","name":"BP","name_en":null}},{"type":"Feature","id":26261,"geometry":{"type":"Point","coordinates":[23.867216800000051,37.945745400000078]},"properties":{"OBJECTID":26261,"amenity":"fuel","name":"REVOIL","name_en":null}},{"type":"Feature","id":26262,"geometry":{"type":"Point","coordinates":[23.867354000000034,37.945284600000036]},"properties":{"OBJECTID":26262,"amenity":"fuel","name":"BP","name_en":null}},{"type":"Feature","id":26263,"geometry":{"type":"Point","coordinates":[23.857410500000071,37.957214100000044]},"properties":{"OBJECTID":26263,"amenity":"fuel","name":"BP","name_en":null}},{"type":"Feature","id":26264,"geometry":{"type":"Point","coordinates":[23.906391600000063,37.966690200000073]},"properties":{"OBJECTID":26264,"amenity":"fuel","name":"ΕΤΕΚΑ","name_en":null}},{"type":"Feature","id":26265,"geometry":{"type":"Point","coordinates":[23.914215900000045,37.967689600000028]},"properties":{"OBJECTID":26265,"amenity":"fuel","name":"ΕΚΟ","name_en":null}},{"type":"Feature","id":26266,"geometry":{"type":"Point","coordinates":[23.923388800000055,37.88512460000004]},"properties":{"OBJECTID":26266,"amenity":"fuel","name":"SHELL","name_en":null}},{"type":"Feature","id":26267,"geometry":{"type":"Point","coordinates":[23.929115300000035,37.845848500000045]},"properties":{"OBJECTID":26267,"amenity":"fuel","name":"SHELL","name_en":null}},{"type":"Feature","id":26268,"geometry":{"type":"Point","coordinates":[24.008053300000029,37.944359100000042]},"properties":{"OBJECTID":26268,"amenity":"fuel","name":"Revoil","name_en":null}},{"type":"Feature","id":26269,"geometry":{"type":"Point","coordinates":[24.006535600000063,37.954005900000027]},"properties":{"OBJECTID":26269,"amenity":"fuel","name":"SHELL","name_en":null}},{"type":"Feature","id":26270,"geometry":{"type":"Point","coordinates":[23.999958000000049,37.968688000000043]},"properties":{"OBJECTID":26270,"amenity":"fuel","name":"BP","name_en":null}},{"type":"Feature","id":26271,"geometry":{"type":"Point","coordinates":[24.002350500000034,37.968982600000061]},"properties":{"OBJECTID":26271,"amenity":"fuel","name":"EKO","name_en":null}},{"type":"Feature","id":26272,"geometry":{"type":"Point","coordinates":[23.936399100000074,38.00044900000006]},"properties":{"OBJECTID":26272,"amenity":"fuel","name":"SHELL","name_en":null}},{"type":"Feature","id":26273,"geometry":{"type":"Point","coordinates":[23.915615200000047,37.978795600000069]},"properties":{"OBJECTID":26273,"amenity":"fuel","name":"BP","name_en":null}},{"type":"Feature","id":26274,"geometry":{"type":"Point","coordinates":[23.981021200000043,38.079105500000026]},"properties":{"OBJECTID":26274,"amenity":"fuel","name":"AVIN","name_en":null}},{"type":"Feature","id":26275,"geometry":{"type":"Point","coordinates":[23.976648500000067,38.183882600000061]},"properties":{"OBJECTID":26275,"amenity":"fuel","name":"REVOIL","name_en":null}},{"type":"Feature","id":26276,"geometry":{"type":"Point","coordinates":[23.971766400000035,38.097437600000035]},"properties":{"OBJECTID":26276,"amenity":"fuel","name":"EKO","name_en":null}},{"type":"Feature","id":26277,"geometry":{"type":"Point","coordinates":[23.969988600000079,38.113270400000033]},"properties":{"OBJECTID":26277,"amenity":"fuel","name":"ΕΛΙΝΟΙΛ","name_en":null}},{"type":"Feature","id":26278,"geometry":{"type":"Point","coordinates":[23.967235600000038,38.146466800000042]},"properties":{"OBJECTID":26278,"amenity":"fuel","name":"AVIN","name_en":null}},{"type":"Feature","id":26279,"geometry":{"type":"Point","coordinates":[23.854043700000034,38.174384800000041]},"properties":{"OBJECTID":26279,"amenity":"fuel","name":"SHELL","name_en":null}},{"type":"Feature","id":26280,"geometry":{"type":"Point","coordinates":[23.857092300000033,38.151461100000063]},"properties":{"OBJECTID":26280,"amenity":"fuel","name":"AVIN","name_en":null}},{"type":"Feature","id":26281,"geometry":{"type":"Point","coordinates":[23.858683400000075,38.13052330000005]},"properties":{"OBJECTID":26281,"amenity":"fuel","name":"REVOIL","name_en":null}},{"type":"Feature","id":26282,"geometry":{"type":"Point","coordinates":[23.864324300000078,38.121707600000036]},"properties":{"OBJECTID":26282,"amenity":"fuel","name":"AVIN","name_en":null}},{"type":"Feature","id":26283,"geometry":{"type":"Point","coordinates":[23.871951400000057,38.10434900000007]},"properties":{"OBJECTID":26283,"amenity":"fuel","name":"ΕΛΙΝΟΙΛ","name_en":null}},{"type":"Feature","id":26284,"geometry":{"type":"Point","coordinates":[23.868155000000058,38.105256300000065]},"properties":{"OBJECTID":26284,"amenity":"fuel","name":"AVIN","name_en":null}},{"type":"Feature","id":26285,"geometry":{"type":"Point","coordinates":[23.855074700000046,38.138913900000034]},"properties":{"OBJECTID":26285,"amenity":"fuel","name":"AVIN","name_en":null}},{"type":"Feature","id":26290,"geometry":{"type":"Point","coordinates":[23.814451500000075,38.081028600000025]},"properties":{"OBJECTID":26290,"amenity":"fuel","name":"SHELL","name_en":null}},{"type":"Feature","id":26291,"geometry":{"type":"Point","coordinates":[23.81109900000007,38.056390800000031]},"properties":{"OBJECTID":26291,"amenity":"fuel","name":"ΕΛΙΝΟΙΛ","name_en":null}},{"type":"Feature","id":26292,"geometry":{"type":"Point","coordinates":[23.812130300000035,38.056092000000035]},"properties":{"OBJECTID":26292,"amenity":"fuel","name":"EKO","name_en":null}},{"type":"Feature","id":26293,"geometry":{"type":"Point","coordinates":[23.809700600000042,38.087703000000033]},"properties":{"OBJECTID":26293,"amenity":"fuel","name":"AVIN","name_en":null}},{"type":"Feature","id":26294,"geometry":{"type":"Point","coordinates":[23.809128800000053,38.090883800000029]},"properties":{"OBJECTID":26294,"amenity":"fuel","name":"SHELL","name_en":null}},{"type":"Feature","id":26295,"geometry":{"type":"Point","coordinates":[23.80931430000004,38.089382700000044]},"properties":{"OBJECTID":26295,"amenity":"fuel","name":"EKO","name_en":null}},{"type":"Feature","id":26296,"geometry":{"type":"Point","coordinates":[23.809108700000024,38.063861800000041]},"properties":{"OBJECTID":26296,"amenity":"fuel","name":"AVIN","name_en":null}},{"type":"Feature","id":26297,"geometry":{"type":"Point","coordinates":[23.813369100000045,38.078026800000032]},"properties":{"OBJECTID":26297,"amenity":"fuel","name":"AEGEAN","name_en":null}},{"type":"Feature","id":26298,"geometry":{"type":"Point","coordinates":[23.82832540000004,38.038617700000032]},"properties":{"OBJECTID":26298,"amenity":"fuel","name":"EKO","name_en":null}},{"type":"Feature","id":26299,"geometry":{"type":"Point","coordinates":[23.827667600000041,38.052672600000051]},"properties":{"OBJECTID":26299,"amenity":"fuel","name":"SHELL","name_en":null}},{"type":"Feature","id":26300,"geometry":{"type":"Point","coordinates":[23.829101600000058,38.051821700000062]},"properties":{"OBJECTID":26300,"amenity":"fuel","name":"ΕΤΕΚΑ","name_en":null}},{"type":"Feature","id":26301,"geometry":{"type":"Point","coordinates":[23.831786400000055,38.051431000000036]},"properties":{"OBJECTID":26301,"amenity":"fuel","name":"BP","name_en":null}},{"type":"Feature","id":26302,"geometry":{"type":"Point","coordinates":[23.814626100000055,38.052989400000058]},"properties":{"OBJECTID":26302,"amenity":"fuel","name":"BP","name_en":null}},{"type":"Feature","id":26303,"geometry":{"type":"Point","coordinates":[23.83690960000007,38.051130700000044]},"properties":{"OBJECTID":26303,"amenity":"fuel","name":"EKO","name_en":null}},{"type":"Feature","id":26304,"geometry":{"type":"Point","coordinates":[23.837923600000067,38.058659600000055]},"properties":{"OBJECTID":26304,"amenity":"fuel","name":"EKO","name_en":null}},{"type":"Feature","id":26305,"geometry":{"type":"Point","coordinates":[23.837963400000035,38.04533680000003]},"properties":{"OBJECTID":26305,"amenity":"fuel","name":"EKO","name_en":null}},{"type":"Feature","id":26306,"geometry":{"type":"Point","coordinates":[23.85661650000003,38.03430510000004]},"properties":{"OBJECTID":26306,"amenity":"fuel","name":"SILKOIL","name_en":null}},{"type":"Feature","id":26307,"geometry":{"type":"Point","coordinates":[23.849675000000047,38.025113100000056]},"properties":{"OBJECTID":26307,"amenity":"fuel","name":"REVOIL","name_en":null}},{"type":"Feature","id":26308,"geometry":{"type":"Point","coordinates":[23.851027200000033,38.027081000000067]},"properties":{"OBJECTID":26308,"amenity":"fuel","name":"BP","name_en":null}},{"type":"Feature","id":26309,"geometry":{"type":"Point","coordinates":[23.84355910000005,38.043933200000026]},"properties":{"OBJECTID":26309,"amenity":"fuel","name":"SHELL","name_en":null}},{"type":"Feature","id":26310,"geometry":{"type":"Point","coordinates":[23.845091600000046,38.04345040000004]},"properties":{"OBJECTID":26310,"amenity":"fuel","name":"SHELL","name_en":null}},{"type":"Feature","id":26311,"geometry":{"type":"Point","coordinates":[23.844370200000071,38.029496300000062]},"properties":{"OBJECTID":26311,"amenity":"fuel","name":"AVIN","name_en":null}},{"type":"Feature","id":26312,"geometry":{"type":"Point","coordinates":[23.846703400000024,38.032515800000056]},"properties":{"OBJECTID":26312,"amenity":"fuel","name":"BP","name_en":null}},{"type":"Feature","id":26320,"geometry":{"type":"Point","coordinates":[23.349651800000061,37.988422900000046]},"properties":{"OBJECTID":26320,"amenity":"fuel","name":"ΕΛΙΝΟΙΛ","name_en":null}},{"type":"Feature","id":26321,"geometry":{"type":"Point","coordinates":[23.210412800000029,37.971659800000054]},"properties":{"OBJECTID":26321,"amenity":"fuel","name":"SHELL","name_en":null}},{"type":"Feature","id":26322,"geometry":{"type":"Point","coordinates":[23.339441000000022,38.003322600000047]},"properties":{"OBJECTID":26322,"amenity":"fuel","name":"EKO","name_en":null}},{"type":"Feature","id":26323,"geometry":{"type":"Point","coordinates":[23.351036300000032,37.995609100000024]},"properties":{"OBJECTID":26323,"amenity":"fuel","name":"SHELL","name_en":null}},{"type":"Feature","id":26324,"geometry":{"type":"Point","coordinates":[23.347632300000043,37.995764300000076]},"properties":{"OBJECTID":26324,"amenity":"fuel","name":"EKO","name_en":null}},{"type":"Feature","id":26325,"geometry":{"type":"Point","coordinates":[23.336564000000067,38.006786100000056]},"properties":{"OBJECTID":26325,"amenity":"fuel","name":"REVOIL","name_en":null}},{"type":"Feature","id":26326,"geometry":{"type":"Point","coordinates":[23.330989900000077,38.01081030000006]},"properties":{"OBJECTID":26326,"amenity":"fuel","name":"AEGEAN","name_en":null}},{"type":"Feature","id":26327,"geometry":{"type":"Point","coordinates":[23.190472500000055,38.083079600000076]},"properties":{"OBJECTID":26327,"amenity":"fuel","name":"REVOIL","name_en":null}},{"type":"Feature","id":26328,"geometry":{"type":"Point","coordinates":[23.534083700000053,38.045456300000069]},"properties":{"OBJECTID":26328,"amenity":"fuel","name":"SHELL","name_en":null}},{"type":"Feature","id":26329,"geometry":{"type":"Point","coordinates":[23.512536700000055,38.057855000000075]},"properties":{"OBJECTID":26329,"amenity":"fuel","name":"ΑΠ","name_en":null}},{"type":"Feature","id":26330,"geometry":{"type":"Point","coordinates":[23.52964970000005,38.048135300000069]},"properties":{"OBJECTID":26330,"amenity":"fuel","name":"EKO","name_en":null}},{"type":"Feature","id":26331,"geometry":{"type":"Point","coordinates":[23.529589600000065,38.047785000000033]},"properties":{"OBJECTID":26331,"amenity":"fuel","name":"BP","name_en":null}},{"type":"Feature","id":26332,"geometry":{"type":"Point","coordinates":[23.541886100000056,38.04336150000006]},"properties":{"OBJECTID":26332,"amenity":"fuel","name":"EKO","name_en":null}},{"type":"Feature","id":26334,"geometry":{"type":"Point","coordinates":[23.590821600000027,38.072915400000056]},"properties":{"OBJECTID":26334,"amenity":"fuel","name":"BP","name_en":null}},{"type":"Feature","id":26335,"geometry":{"type":"Point","coordinates":[23.586320100000023,38.050800300000049]},"properties":{"OBJECTID":26335,"amenity":"fuel","name":"REVOIL","name_en":null}},{"type":"Feature","id":26336,"geometry":{"type":"Point","coordinates":[23.59148330000005,38.058349500000077]},"properties":{"OBJECTID":26336,"amenity":"fuel","name":"AEGEAN","name_en":null}},{"type":"Feature","id":26337,"geometry":{"type":"Point","coordinates":[23.533464200000026,38.082678900000076]},"properties":{"OBJECTID":26337,"amenity":"fuel","name":"EKO","name_en":null}},{"type":"Feature","id":26338,"geometry":{"type":"Point","coordinates":[23.530675300000041,38.06320160000007]},"properties":{"OBJECTID":26338,"amenity":"fuel","name":"SHELL","name_en":null}},{"type":"Feature","id":26339,"geometry":{"type":"Point","coordinates":[23.531223900000043,38.062703200000044]},"properties":{"OBJECTID":26339,"amenity":"fuel","name":"SHELL","name_en":null}},{"type":"Feature","id":26340,"geometry":{"type":"Point","coordinates":[23.532108900000026,38.074534300000039]},"properties":{"OBJECTID":26340,"amenity":"fuel","name":"ΕΛΙΝΟΙΛ","name_en":null}},{"type":"Feature","id":26341,"geometry":{"type":"Point","coordinates":[23.698842400000046,38.07299770000003]},"properties":{"OBJECTID":26341,"amenity":"fuel","name":"AVIN","name_en":null}},{"type":"Feature","id":26342,"geometry":{"type":"Point","coordinates":[23.712391000000025,38.066611900000055]},"properties":{"OBJECTID":26342,"amenity":"fuel","name":"ΕΛΙΝΟΙΛ","name_en":null}},{"type":"Feature","id":26343,"geometry":{"type":"Point","coordinates":[23.706655400000045,38.073983000000055]},"properties":{"OBJECTID":26343,"amenity":"fuel","name":"SHELL","name_en":null}},{"type":"Feature","id":26344,"geometry":{"type":"Point","coordinates":[23.699830500000076,38.078827800000056]},"properties":{"OBJECTID":26344,"amenity":"fuel","name":"AEGEAN","name_en":null}},{"type":"Feature","id":26345,"geometry":{"type":"Point","coordinates":[23.693603500000052,38.086485300000049]},"properties":{"OBJECTID":26345,"amenity":"fuel","name":"REVOIL","name_en":null}},{"type":"Feature","id":26346,"geometry":{"type":"Point","coordinates":[23.696299900000042,38.075834400000076]},"properties":{"OBJECTID":26346,"amenity":"fuel","name":"ΑΠ","name_en":null}},{"type":"Feature","id":26347,"geometry":{"type":"Point","coordinates":[23.734701200000075,38.072785100000033]},"properties":{"OBJECTID":26347,"amenity":"fuel","name":"EKO","name_en":null}},{"type":"Feature","id":26348,"geometry":{"type":"Point","coordinates":[23.734780500000056,38.078311900000074]},"properties":{"OBJECTID":26348,"amenity":"fuel","name":"REVOIL","name_en":null}},{"type":"Feature","id":26349,"geometry":{"type":"Point","coordinates":[23.731102600000042,38.079215500000032]},"properties":{"OBJECTID":26349,"amenity":"fuel","name":"BP","name_en":null}},{"type":"Feature","id":26350,"geometry":{"type":"Point","coordinates":[23.730002200000058,38.083321900000044]},"properties":{"OBJECTID":26350,"amenity":"fuel","name":"AEGEAN","name_en":null}},{"type":"Feature","id":26351,"geometry":{"type":"Point","coordinates":[23.702245600000026,38.071181900000056]},"properties":{"OBJECTID":26351,"amenity":"fuel","name":"ΕΛΙΝΟΙΛ","name_en":null}},{"type":"Feature","id":26352,"geometry":{"type":"Point","coordinates":[23.727819800000077,38.083519100000046]},"properties":{"OBJECTID":26352,"amenity":"fuel","name":"SHELL","name_en":null}},{"type":"Feature","id":26353,"geometry":{"type":"Point","coordinates":[23.726361100000076,38.087389300000041]},"properties":{"OBJECTID":26353,"amenity":"fuel","name":"EKO","name_en":null}},{"type":"Feature","id":26354,"geometry":{"type":"Point","coordinates":[23.755088700000044,38.088249700000063]},"properties":{"OBJECTID":26354,"amenity":"fuel","name":"SHELL","name_en":null}},{"type":"Feature","id":26355,"geometry":{"type":"Point","coordinates":[23.746904500000028,38.119766100000049]},"properties":{"OBJECTID":26355,"amenity":"fuel","name":"AVIN","name_en":null}},{"type":"Feature","id":26356,"geometry":{"type":"Point","coordinates":[23.743063500000062,38.083218200000033]},"properties":{"OBJECTID":26356,"amenity":"fuel","name":"REVOIL","name_en":null}},{"type":"Feature","id":26357,"geometry":{"type":"Point","coordinates":[23.746900500000038,38.084661800000049]},"properties":{"OBJECTID":26357,"amenity":"fuel","name":"AEGEAN","name_en":null}},{"type":"Feature","id":26358,"geometry":{"type":"Point","coordinates":[23.763550500000065,38.073513000000048]},"properties":{"OBJECTID":26358,"amenity":"fuel","name":"REVOIL","name_en":null}},{"type":"Feature","id":26359,"geometry":{"type":"Point","coordinates":[23.753363200000024,38.087809800000059]},"properties":{"OBJECTID":26359,"amenity":"fuel","name":"ΕΤΕΚΑ","name_en":null}},{"type":"Feature","id":26360,"geometry":{"type":"Point","coordinates":[23.744052700000054,38.088261200000034]},"properties":{"OBJECTID":26360,"amenity":"fuel","name":"REVOIL","name_en":null}},{"type":"Feature","id":26361,"geometry":{"type":"Point","coordinates":[23.739903900000058,38.089684400000067]},"properties":{"OBJECTID":26361,"amenity":"fuel","name":"SHELL","name_en":null}},{"type":"Feature","id":26362,"geometry":{"type":"Point","coordinates":[23.75178580000005,38.119530400000031]},"properties":{"OBJECTID":26362,"amenity":"fuel","name":"BP","name_en":null}},{"type":"Feature","id":26363,"geometry":{"type":"Point","coordinates":[23.825497900000073,38.114253900000051]},"properties":{"OBJECTID":26363,"amenity":"fuel","name":"BP","name_en":null}},{"type":"Feature","id":26364,"geometry":{"type":"Point","coordinates":[23.799864200000059,38.08650410000007]},"properties":{"OBJECTID":26364,"amenity":"fuel","name":"SHELL","name_en":null}},{"type":"Feature","id":26365,"geometry":{"type":"Point","coordinates":[23.796991700000035,38.082303200000069]},"properties":{"OBJECTID":26365,"amenity":"fuel","name":"AVIN","name_en":null}},{"type":"Feature","id":26366,"geometry":{"type":"Point","coordinates":[23.886728500000061,38.003686800000025]},"properties":{"OBJECTID":26366,"amenity":"fuel","name":"EKO","name_en":null}},{"type":"Feature","id":26367,"geometry":{"type":"Point","coordinates":[23.893247100000053,38.004081700000029]},"properties":{"OBJECTID":26367,"amenity":"fuel","name":"BP","name_en":null}},{"type":"Feature","id":26368,"geometry":{"type":"Point","coordinates":[23.874802000000045,38.004481500000054]},"properties":{"OBJECTID":26368,"amenity":"fuel","name":"SHELL","name_en":null}},{"type":"Feature","id":26369,"geometry":{"type":"Point","coordinates":[23.862673100000052,38.006717700000024]},"properties":{"OBJECTID":26369,"amenity":"fuel","name":"BP","name_en":null}},{"type":"Feature","id":26370,"geometry":{"type":"Point","coordinates":[23.85621290000006,38.007996000000048]},"properties":{"OBJECTID":26370,"amenity":"fuel","name":"SILKOIL","name_en":null}},{"type":"Feature","id":26371,"geometry":{"type":"Point","coordinates":[23.850859800000023,38.009654500000067]},"properties":{"OBJECTID":26371,"amenity":"fuel","name":"EKO","name_en":null}},{"type":"Feature","id":26372,"geometry":{"type":"Point","coordinates":[23.845588500000076,38.010046700000032]},"properties":{"OBJECTID":26372,"amenity":"fuel","name":"ΕΛΙΝΟΙΛ","name_en":null}},{"type":"Feature","id":26373,"geometry":{"type":"Point","coordinates":[23.844635900000071,38.009334800000033]},"properties":{"OBJECTID":26373,"amenity":"fuel","name":"AVIN","name_en":null}},{"type":"Feature","id":26374,"geometry":{"type":"Point","coordinates":[23.846857600000078,38.005662600000051]},"properties":{"OBJECTID":26374,"amenity":"fuel","name":"ΕΤΕΚΑ","name_en":null}},{"type":"Feature","id":26375,"geometry":{"type":"Point","coordinates":[23.848004200000048,38.00161410000004]},"properties":{"OBJECTID":26375,"amenity":"fuel","name":"SILKOIL - Temporarily Closed","name_en":null}},{"type":"Feature","id":26376,"geometry":{"type":"Point","coordinates":[23.868424700000048,37.997050000000058]},"properties":{"OBJECTID":26376,"amenity":"fuel","name":"AVIN","name_en":null}},{"type":"Feature","id":26377,"geometry":{"type":"Point","coordinates":[23.87501560000004,37.992032600000073]},"properties":{"OBJECTID":26377,"amenity":"fuel","name":"SILKOIL","name_en":null}},{"type":"Feature","id":26378,"geometry":{"type":"Point","coordinates":[23.851218000000074,37.984833500000036]},"properties":{"OBJECTID":26378,"amenity":"fuel","name":"BP","name_en":null}},{"type":"Feature","id":26379,"geometry":{"type":"Point","coordinates":[23.773095200000057,37.832136400000024]},"properties":{"OBJECTID":26379,"amenity":"fuel","name":"AEGEAN","name_en":null}},{"type":"Feature","id":26380,"geometry":{"type":"Point","coordinates":[23.772510500000067,37.832206300000053]},"properties":{"OBJECTID":26380,"amenity":"fuel","name":"AEGEAN","name_en":null}},{"type":"Feature","id":26381,"geometry":{"type":"Point","coordinates":[23.782318600000053,37.836021500000072]},"properties":{"OBJECTID":26381,"amenity":"fuel","name":"REVOIL","name_en":null}},{"type":"Feature","id":26382,"geometry":{"type":"Point","coordinates":[23.803171600000042,37.82005010000006]},"properties":{"OBJECTID":26382,"amenity":"fuel","name":"BP","name_en":null}},{"type":"Feature","id":26383,"geometry":{"type":"Point","coordinates":[23.851625700000056,37.981798000000026]},"properties":{"OBJECTID":26383,"amenity":"fuel","name":"EKO","name_en":null}},{"type":"Feature","id":26384,"geometry":{"type":"Point","coordinates":[23.763291800000047,37.83855310000007]},"properties":{"OBJECTID":26384,"amenity":"fuel","name":"REVOIL","name_en":null}},{"type":"Feature","id":26385,"geometry":{"type":"Point","coordinates":[23.752286300000037,37.857306000000051]},"properties":{"OBJECTID":26385,"amenity":"fuel","name":"BP","name_en":null}},{"type":"Feature","id":26395,"geometry":{"type":"Point","coordinates":[23.58736650000003,37.997008200000039]},"properties":{"OBJECTID":26395,"amenity":"fuel","name":"AVIN","name_en":null}},{"type":"Feature","id":26396,"geometry":{"type":"Point","coordinates":[23.634537800000032,38.01384610000008]},"properties":{"OBJECTID":26396,"amenity":"fuel","name":"BP","name_en":null}},{"type":"Feature","id":26397,"geometry":{"type":"Point","coordinates":[23.661672300000077,38.009764000000075]},"properties":{"OBJECTID":26397,"amenity":"fuel","name":"AVIN","name_en":null}},{"type":"Feature","id":26398,"geometry":{"type":"Point","coordinates":[23.661784200000056,38.012830400000041]},"properties":{"OBJECTID":26398,"amenity":"fuel","name":"ΑΠ","name_en":null}},{"type":"Feature","id":26399,"geometry":{"type":"Point","coordinates":[23.667732000000058,38.010843600000044]},"properties":{"OBJECTID":26399,"amenity":"fuel","name":"ΑΠ","name_en":null}},{"type":"Feature","id":26400,"geometry":{"type":"Point","coordinates":[23.646231600000078,38.011219800000049]},"properties":{"OBJECTID":26400,"amenity":"fuel","name":"EKO","name_en":null}},{"type":"Feature","id":26401,"geometry":{"type":"Point","coordinates":[23.647462700000062,38.01097610000005]},"properties":{"OBJECTID":26401,"amenity":"fuel","name":"BP","name_en":null}},{"type":"Feature","id":26402,"geometry":{"type":"Point","coordinates":[23.648345500000062,38.010858700000028]},"properties":{"OBJECTID":26402,"amenity":"fuel","name":"AVIN","name_en":null}},{"type":"Feature","id":26403,"geometry":{"type":"Point","coordinates":[23.648174500000039,38.009806900000058]},"properties":{"OBJECTID":26403,"amenity":"fuel","name":"SHELL","name_en":null}},{"type":"Feature","id":26404,"geometry":{"type":"Point","coordinates":[23.681332900000029,38.013470300000051]},"properties":{"OBJECTID":26404,"amenity":"fuel","name":"BP","name_en":null}},{"type":"Feature","id":26405,"geometry":{"type":"Point","coordinates":[23.688450800000055,38.016460700000039]},"properties":{"OBJECTID":26405,"amenity":"fuel","name":"AVIN","name_en":null}},{"type":"Feature","id":26406,"geometry":{"type":"Point","coordinates":[23.686796100000038,38.00319200000007]},"properties":{"OBJECTID":26406,"amenity":"fuel","name":"EKO","name_en":null}},{"type":"Feature","id":26407,"geometry":{"type":"Point","coordinates":[23.680596100000059,38.003308200000049]},"properties":{"OBJECTID":26407,"amenity":"fuel","name":"AVIN","name_en":null}},{"type":"Feature","id":26408,"geometry":{"type":"Point","coordinates":[23.680318400000033,38.00342420000004]},"properties":{"OBJECTID":26408,"amenity":"fuel","name":"SILKOIL","name_en":null}},{"type":"Feature","id":26409,"geometry":{"type":"Point","coordinates":[23.675937100000056,38.005985700000053]},"properties":{"OBJECTID":26409,"amenity":"fuel","name":"BP","name_en":null}},{"type":"Feature","id":26410,"geometry":{"type":"Point","coordinates":[23.674325800000076,38.006430400000056]},"properties":{"OBJECTID":26410,"amenity":"fuel","name":"SHELL","name_en":null}},{"type":"Feature","id":26411,"geometry":{"type":"Point","coordinates":[23.655263500000046,38.012613200000033]},"properties":{"OBJECTID":26411,"amenity":"fuel","name":"SHELL","name_en":null}},{"type":"Feature","id":26412,"geometry":{"type":"Point","coordinates":[23.665135900000053,38.007838600000071]},"properties":{"OBJECTID":26412,"amenity":"fuel","name":"BP","name_en":null}},{"type":"Feature","id":26413,"geometry":{"type":"Point","coordinates":[23.660297900000046,38.006735300000059]},"properties":{"OBJECTID":26413,"amenity":"fuel","name":"AEGEAN","name_en":null}},{"type":"Feature","id":26414,"geometry":{"type":"Point","coordinates":[23.668818500000043,37.991139700000076]},"properties":{"OBJECTID":26414,"amenity":"fuel","name":"AEGEAN","name_en":null}},{"type":"Feature","id":26415,"geometry":{"type":"Point","coordinates":[23.663752200000033,37.996826600000077]},"properties":{"OBJECTID":26415,"amenity":"fuel","name":"AEGEAN","name_en":null}},{"type":"Feature","id":26416,"geometry":{"type":"Point","coordinates":[23.662858800000038,37.99625960000003]},"properties":{"OBJECTID":26416,"amenity":"fuel","name":"ΕΤΕΚΑ","name_en":null}},{"type":"Feature","id":26417,"geometry":{"type":"Point","coordinates":[23.660192300000062,37.992426500000079]},"properties":{"OBJECTID":26417,"amenity":"fuel","name":"AEGEAN","name_en":null}},{"type":"Feature","id":26418,"geometry":{"type":"Point","coordinates":[23.660153000000037,37.988322200000027]},"properties":{"OBJECTID":26418,"amenity":"fuel","name":"SHELL","name_en":null}},{"type":"Feature","id":26419,"geometry":{"type":"Point","coordinates":[23.664529900000048,37.989696900000069]},"properties":{"OBJECTID":26419,"amenity":"fuel","name":"SILKOIL","name_en":null}},{"type":"Feature","id":26422,"geometry":{"type":"Point","coordinates":[23.670682500000055,37.991558000000055]},"properties":{"OBJECTID":26422,"amenity":"fuel","name":"EKO","name_en":null}},{"type":"Feature","id":26423,"geometry":{"type":"Point","coordinates":[23.670660600000076,37.995637700000032]},"properties":{"OBJECTID":26423,"amenity":"fuel","name":"AEGEAN","name_en":null}},{"type":"Feature","id":26424,"geometry":{"type":"Point","coordinates":[23.670914500000038,37.995909200000028]},"properties":{"OBJECTID":26424,"amenity":"fuel","name":"ΕΤΕΚΑ","name_en":null}},{"type":"Feature","id":26425,"geometry":{"type":"Point","coordinates":[23.676398200000051,37.993122500000027]},"properties":{"OBJECTID":26425,"amenity":"fuel","name":"EKO","name_en":null}},{"type":"Feature","id":26426,"geometry":{"type":"Point","coordinates":[23.674673000000041,37.986343900000065]},"properties":{"OBJECTID":26426,"amenity":"fuel","name":"SHELL","name_en":null}},{"type":"Feature","id":26427,"geometry":{"type":"Point","coordinates":[23.674400300000059,37.986597300000028]},"properties":{"OBJECTID":26427,"amenity":"fuel","name":"AVIN","name_en":null}},{"type":"Feature","id":26428,"geometry":{"type":"Point","coordinates":[23.68404970000006,37.999411300000077]},"properties":{"OBJECTID":26428,"amenity":"fuel","name":"BP","name_en":null}},{"type":"Feature","id":26429,"geometry":{"type":"Point","coordinates":[23.690905500000042,37.998251200000027]},"properties":{"OBJECTID":26429,"amenity":"fuel","name":"ΕΤΕΚΑ","name_en":null}},{"type":"Feature","id":26430,"geometry":{"type":"Point","coordinates":[23.690856900000028,37.998912000000075]},"properties":{"OBJECTID":26430,"amenity":"fuel","name":"SHELL","name_en":null}},{"type":"Feature","id":26431,"geometry":{"type":"Point","coordinates":[23.642038300000024,37.987040900000068]},"properties":{"OBJECTID":26431,"amenity":"fuel","name":"AVIN","name_en":null}},{"type":"Feature","id":26432,"geometry":{"type":"Point","coordinates":[23.64232080000005,37.98703990000007]},"properties":{"OBJECTID":26432,"amenity":"fuel","name":"SHELL","name_en":null}},{"type":"Feature","id":26433,"geometry":{"type":"Point","coordinates":[23.670191800000055,37.976130000000069]},"properties":{"OBJECTID":26433,"amenity":"fuel","name":"EKO","name_en":null}},{"type":"Feature","id":26434,"geometry":{"type":"Point","coordinates":[23.670633300000077,37.975066500000025]},"properties":{"OBJECTID":26434,"amenity":"fuel","name":"EKO","name_en":null}},{"type":"Feature","id":26435,"geometry":{"type":"Point","coordinates":[23.664651800000058,37.977280200000052]},"properties":{"OBJECTID":26435,"amenity":"fuel","name":"ΕΤΕΚΑ","name_en":null}},{"type":"Feature","id":26436,"geometry":{"type":"Point","coordinates":[23.662853700000028,37.977583500000037]},"properties":{"OBJECTID":26436,"amenity":"fuel","name":"BP","name_en":null}},{"type":"Feature","id":26437,"geometry":{"type":"Point","coordinates":[23.659699100000068,37.978772700000036]},"properties":{"OBJECTID":26437,"amenity":"fuel","name":"SHELL","name_en":null}},{"type":"Feature","id":26438,"geometry":{"type":"Point","coordinates":[23.641396800000052,37.978949900000032]},"properties":{"OBJECTID":26438,"amenity":"fuel","name":"AEGEAN","name_en":null}},{"type":"Feature","id":26439,"geometry":{"type":"Point","coordinates":[23.636774400000036,37.978080200000079]},"properties":{"OBJECTID":26439,"amenity":"fuel","name":"BP","name_en":null}},{"type":"Feature","id":26440,"geometry":{"type":"Point","coordinates":[23.636868100000072,37.978448900000046]},"properties":{"OBJECTID":26440,"amenity":"fuel","name":"AEGEAN","name_en":null}},{"type":"Feature","id":26441,"geometry":{"type":"Point","coordinates":[23.565819100000056,37.96342020000003]},"properties":{"OBJECTID":26441,"amenity":"fuel","name":"ΕΤΕΚΑ","name_en":null}},{"type":"Feature","id":26442,"geometry":{"type":"Point","coordinates":[23.565661600000055,37.96414980000003]},"properties":{"OBJECTID":26442,"amenity":"fuel","name":"SILKOIL","name_en":null}},{"type":"Feature","id":26443,"geometry":{"type":"Point","coordinates":[23.606738900000039,37.962530700000059]},"properties":{"OBJECTID":26443,"amenity":"fuel","name":"ΕΤΕΚΑ","name_en":null}},{"type":"Feature","id":26444,"geometry":{"type":"Point","coordinates":[23.63806210000007,37.968634400000042]},"properties":{"OBJECTID":26444,"amenity":"fuel","name":"AVIN","name_en":null}},{"type":"Feature","id":26629,"geometry":{"type":"Point","coordinates":[23.614121900000043,37.954302900000073]},"properties":{"OBJECTID":26629,"amenity":"fuel","name":"EKO","name_en":null}},{"type":"Feature","id":26630,"geometry":{"type":"Point","coordinates":[23.626359800000046,37.952941100000032]},"properties":{"OBJECTID":26630,"amenity":"fuel","name":"AVIN","name_en":null}},{"type":"Feature","id":26631,"geometry":{"type":"Point","coordinates":[23.637913300000037,37.936356700000033]},"properties":{"OBJECTID":26631,"amenity":"fuel","name":"AEGEAN","name_en":null}},{"type":"Feature","id":26632,"geometry":{"type":"Point","coordinates":[23.651828200000068,37.950125300000025]},"properties":{"OBJECTID":26632,"amenity":"fuel","name":"REVOIL","name_en":null}},{"type":"Feature","id":26633,"geometry":{"type":"Point","coordinates":[23.676076200000068,37.946863900000039]},"properties":{"OBJECTID":26633,"amenity":"fuel","name":"ΕΤΕΚΑ","name_en":null}},{"type":"Feature","id":26634,"geometry":{"type":"Point","coordinates":[23.693082600000025,37.96459770000007]},"properties":{"OBJECTID":26634,"amenity":"fuel","name":"BP","name_en":null}},{"type":"Feature","id":26635,"geometry":{"type":"Point","coordinates":[23.684734700000035,37.96177380000006]},"properties":{"OBJECTID":26635,"amenity":"fuel","name":"ΕΤΕΚΑ","name_en":null}},{"type":"Feature","id":26636,"geometry":{"type":"Point","coordinates":[23.702708600000051,37.976888000000031]},"properties":{"OBJECTID":26636,"amenity":"fuel","name":"REVOIL","name_en":null}},{"type":"Feature","id":26637,"geometry":{"type":"Point","coordinates":[23.712158300000056,37.980466800000045]},"properties":{"OBJECTID":26637,"amenity":"fuel","name":"ΕΤΕΚΑ","name_en":null}},{"type":"Feature","id":26638,"geometry":{"type":"Point","coordinates":[23.722244200000034,37.978809400000046]},"properties":{"OBJECTID":26638,"amenity":"fuel","name":"SILKOIL","name_en":null}},{"type":"Feature","id":26639,"geometry":{"type":"Point","coordinates":[23.721298400000023,37.986533100000031]},"properties":{"OBJECTID":26639,"amenity":"fuel","name":null,"name_en":null}},{"type":"Feature","id":26640,"geometry":{"type":"Point","coordinates":[23.715909200000056,37.983973100000071]},"properties":{"OBJECTID":26640,"amenity":"fuel","name":"EKO","name_en":null}},{"type":"Feature","id":26645,"geometry":{"type":"Point","coordinates":[23.720019700000023,37.902398100000028]},"properties":{"OBJECTID":26645,"amenity":"fuel","name":"ΕΤΕΚΑ","name_en":null}},{"type":"Feature","id":26646,"geometry":{"type":"Point","coordinates":[23.722514600000068,37.906698500000061]},"properties":{"OBJECTID":26646,"amenity":"fuel","name":"ΑΠ","name_en":null}},{"type":"Feature","id":26647,"geometry":{"type":"Point","coordinates":[23.771826900000065,37.834820600000057]},"properties":{"OBJECTID":26647,"amenity":"fuel","name":"ΕΛΙΝΟΙΛ","name_en":null}},{"type":"Feature","id":26648,"geometry":{"type":"Point","coordinates":[23.762489300000027,37.861498400000073]},"properties":{"OBJECTID":26648,"amenity":"fuel","name":"AEGEAN","name_en":null}},{"type":"Feature","id":26649,"geometry":{"type":"Point","coordinates":[23.74750320000004,37.894187300000056]},"properties":{"OBJECTID":26649,"amenity":"fuel","name":"AEGEAN","name_en":null}},{"type":"Feature","id":26650,"geometry":{"type":"Point","coordinates":[23.754391500000054,37.908383800000024]},"properties":{"OBJECTID":26650,"amenity":"fuel","name":"ΑΠ","name_en":null}},{"type":"Feature","id":26651,"geometry":{"type":"Point","coordinates":[23.755599700000062,37.922234600000024]},"properties":{"OBJECTID":26651,"amenity":"fuel","name":"SHELL","name_en":null}},{"type":"Feature","id":26652,"geometry":{"type":"Point","coordinates":[23.74395880000003,37.933112600000072]},"properties":{"OBJECTID":26652,"amenity":"fuel","name":"AEGEAN","name_en":null}},{"type":"Feature","id":26653,"geometry":{"type":"Point","coordinates":[23.706618900000024,38.042710500000055]},"properties":{"OBJECTID":26653,"amenity":"fuel","name":"ΑΠ","name_en":null}},{"type":"Feature","id":26654,"geometry":{"type":"Point","coordinates":[23.717905900000062,38.058189900000059]},"properties":{"OBJECTID":26654,"amenity":"fuel","name":"SHELL","name_en":null}},{"type":"Feature","id":26655,"geometry":{"type":"Point","coordinates":[23.73779920000004,38.056160200000079]},"properties":{"OBJECTID":26655,"amenity":"fuel","name":"ΕΛΙΝΟΙΛ","name_en":null}},{"type":"Feature","id":26939,"geometry":{"type":"Point","coordinates":[23.646501300000068,37.947292100000027]},"properties":{"OBJECTID":26939,"amenity":"fuel","name":"Marathon pack","name_en":null}},{"type":"Feature","id":27137,"geometry":{"type":"Point","coordinates":[23.338519900000051,37.98913420000008]},"properties":{"OBJECTID":27137,"amenity":"fuel","name":"AEGEAN","name_en":null}},{"type":"Feature","id":27215,"geometry":{"type":"Point","coordinates":[23.710674800000049,38.010462800000028]},"properties":{"OBJECTID":27215,"amenity":"fuel","name":"AEGEAN","name_en":null}},{"type":"Feature","id":27216,"geometry":{"type":"Point","coordinates":[23.712083700000051,38.008351000000062]},"properties":{"OBJECTID":27216,"amenity":"fuel","name":"EKO","name_en":null}},{"type":"Feature","id":27217,"geometry":{"type":"Point","coordinates":[23.707828400000039,38.011732900000027]},"properties":{"OBJECTID":27217,"amenity":"fuel","name":"ΑΠ","name_en":null}},{"type":"Feature","id":27218,"geometry":{"type":"Point","coordinates":[23.707891500000073,38.014520300000072]},"properties":{"OBJECTID":27218,"amenity":"fuel","name":"Avin","name_en":null}},{"type":"Feature","id":27219,"geometry":{"type":"Point","coordinates":[23.703031100000032,38.012734300000034]},"properties":{"OBJECTID":27219,"amenity":"fuel","name":"EKO","name_en":null}},{"type":"Feature","id":27220,"geometry":{"type":"Point","coordinates":[23.701312800000039,38.012871100000041]},"properties":{"OBJECTID":27220,"amenity":"fuel","name":"ΕΛΙΝΟΙΛ","name_en":null}},{"type":"Feature","id":27221,"geometry":{"type":"Point","coordinates":[23.70249380000007,38.00930180000006]},"properties":{"OBJECTID":27221,"amenity":"fuel","name":"ΕΤΕΚΑ","name_en":null}},{"type":"Feature","id":27222,"geometry":{"type":"Point","coordinates":[23.699487100000056,38.028589300000078]},"properties":{"OBJECTID":27222,"amenity":"fuel","name":"Million","name_en":null}},{"type":"Feature","id":27223,"geometry":{"type":"Point","coordinates":[23.698439400000041,38.002863600000069]},"properties":{"OBJECTID":27223,"amenity":"fuel","name":"SILKOIL","name_en":null}},{"type":"Feature","id":27224,"geometry":{"type":"Point","coordinates":[23.68995620000004,38.017689300000029]},"properties":{"OBJECTID":27224,"amenity":"fuel","name":"AEGEAN","name_en":null}},{"type":"Feature","id":27225,"geometry":{"type":"Point","coordinates":[23.697499300000061,38.02710090000005]},"properties":{"OBJECTID":27225,"amenity":"fuel","name":"Revoil","name_en":null}},{"type":"Feature","id":27226,"geometry":{"type":"Point","coordinates":[23.696274600000038,38.028796500000055]},"properties":{"OBJECTID":27226,"amenity":"fuel","name":"EKO","name_en":null}},{"type":"Feature","id":27232,"geometry":{"type":"Point","coordinates":[23.709823700000072,37.997595300000057]},"properties":{"OBJECTID":27232,"amenity":"fuel","name":"SHELL","name_en":null}},{"type":"Feature","id":27233,"geometry":{"type":"Point","coordinates":[23.711888200000033,37.996312600000067]},"properties":{"OBJECTID":27233,"amenity":"fuel","name":"BP","name_en":null}},{"type":"Feature","id":27234,"geometry":{"type":"Point","coordinates":[23.710771800000032,37.990735200000074]},"properties":{"OBJECTID":27234,"amenity":"fuel","name":"BP","name_en":null}},{"type":"Feature","id":27235,"geometry":{"type":"Point","coordinates":[23.701040100000057,37.984942800000056]},"properties":{"OBJECTID":27235,"amenity":"fuel","name":"EKO","name_en":null}},{"type":"Feature","id":27236,"geometry":{"type":"Point","coordinates":[23.697761400000047,37.98660140000004]},"properties":{"OBJECTID":27236,"amenity":"fuel","name":"AEGEAN","name_en":null}},{"type":"Feature","id":27239,"geometry":{"type":"Point","coordinates":[23.69017290000005,37.98837640000005]},"properties":{"OBJECTID":27239,"amenity":"fuel","name":"REVOIL","name_en":null}},{"type":"Feature","id":27240,"geometry":{"type":"Point","coordinates":[23.71182390000007,37.975687500000049]},"properties":{"OBJECTID":27240,"amenity":"fuel","name":"EKO","name_en":null}},{"type":"Feature","id":27266,"geometry":{"type":"Point","coordinates":[23.747931400000027,37.861844000000076]},"properties":{"OBJECTID":27266,"amenity":"fuel","name":"AVIN","name_en":null}},{"type":"Feature","id":27390,"geometry":{"type":"Point","coordinates":[23.609095000000025,38.011459800000068]},"properties":{"OBJECTID":27390,"amenity":"fuel","name":"BP","name_en":null}},{"type":"Feature","id":27391,"geometry":{"type":"Point","coordinates":[23.646643300000051,38.011076200000048]},"properties":{"OBJECTID":27391,"amenity":"fuel","name":"ΠΕΤΡΟΓΚΑΖ","name_en":null}},{"type":"Feature","id":27392,"geometry":{"type":"Point","coordinates":[23.651829200000066,38.007426700000053]},"properties":{"OBJECTID":27392,"amenity":"fuel","name":"BP","name_en":null}},{"type":"Feature","id":27393,"geometry":{"type":"Point","coordinates":[23.656861200000037,37.984268000000043]},"properties":{"OBJECTID":27393,"amenity":"fuel","name":"EKO","name_en":null}},{"type":"Feature","id":27394,"geometry":{"type":"Point","coordinates":[23.644988600000033,38.001172800000063]},"properties":{"OBJECTID":27394,"amenity":"fuel","name":"AEGEAN","name_en":null}},{"type":"Feature","id":27395,"geometry":{"type":"Point","coordinates":[23.621789500000034,37.964476800000057]},"properties":{"OBJECTID":27395,"amenity":"fuel","name":"REVOIL","name_en":null}},{"type":"Feature","id":27396,"geometry":{"type":"Point","coordinates":[23.610519300000078,37.966021700000056]},"properties":{"OBJECTID":27396,"amenity":"fuel","name":"AEGEAN","name_en":null}},{"type":"Feature","id":27397,"geometry":{"type":"Point","coordinates":[23.613762300000076,37.963801300000057]},"properties":{"OBJECTID":27397,"amenity":"fuel","name":"AEGEAN","name_en":null}},{"type":"Feature","id":27398,"geometry":{"type":"Point","coordinates":[23.614901100000054,37.965501300000028]},"properties":{"OBJECTID":27398,"amenity":"fuel","name":"SHELL","name_en":null}},{"type":"Feature","id":27399,"geometry":{"type":"Point","coordinates":[23.62426030000006,37.973869400000069]},"properties":{"OBJECTID":27399,"amenity":"fuel","name":"AVIN","name_en":null}},{"type":"Feature","id":27400,"geometry":{"type":"Point","coordinates":[23.626344800000027,37.975409800000079]},"properties":{"OBJECTID":27400,"amenity":"fuel","name":"ΕΤΕΚΑ","name_en":null}},{"type":"Feature","id":27401,"geometry":{"type":"Point","coordinates":[23.628058400000043,37.977468600000066]},"properties":{"OBJECTID":27401,"amenity":"fuel","name":"ΕΤΕΚΑ","name_en":null}},{"type":"Feature","id":27402,"geometry":{"type":"Point","coordinates":[23.640936800000077,37.96756350000004]},"properties":{"OBJECTID":27402,"amenity":"fuel","name":"AEGEAN","name_en":null}},{"type":"Feature","id":27403,"geometry":{"type":"Point","coordinates":[23.661003000000051,37.972947400000066]},"properties":{"OBJECTID":27403,"amenity":"fuel","name":"BP","name_en":null}},{"type":"Feature","id":27404,"geometry":{"type":"Point","coordinates":[23.625352100000043,37.952152600000034]},"properties":{"OBJECTID":27404,"amenity":"fuel","name":"SHELL","name_en":null}},{"type":"Feature","id":27405,"geometry":{"type":"Point","coordinates":[23.633710400000041,37.952590600000065]},"properties":{"OBJECTID":27405,"amenity":"fuel","name":"BP","name_en":null}},{"type":"Feature","id":27406,"geometry":{"type":"Point","coordinates":[23.635246600000073,37.956349200000034]},"properties":{"OBJECTID":27406,"amenity":"fuel","name":"Revoil","name_en":null}},{"type":"Feature","id":27407,"geometry":{"type":"Point","coordinates":[23.639719100000036,37.951976200000047]},"properties":{"OBJECTID":27407,"amenity":"fuel","name":"AVIN","name_en":null}},{"type":"Feature","id":27408,"geometry":{"type":"Point","coordinates":[23.64807090000005,37.94832880000007]},"properties":{"OBJECTID":27408,"amenity":"fuel","name":"AEGEAN","name_en":null}},{"type":"Feature","id":27409,"geometry":{"type":"Point","coordinates":[23.647962800000073,37.954160300000069]},"properties":{"OBJECTID":27409,"amenity":"fuel","name":"BP","name_en":null}},{"type":"Feature","id":27410,"geometry":{"type":"Point","coordinates":[23.643391400000041,37.954633700000045]},"properties":{"OBJECTID":27410,"amenity":"fuel","name":"SHELL","name_en":null}},{"type":"Feature","id":27411,"geometry":{"type":"Point","coordinates":[23.638477000000023,37.95461240000003]},"properties":{"OBJECTID":27411,"amenity":"fuel","name":"ΕΤΕΚΑ","name_en":null}},{"type":"Feature","id":27412,"geometry":{"type":"Point","coordinates":[23.628669400000035,37.957746900000075]},"properties":{"OBJECTID":27412,"amenity":"fuel","name":"BP","name_en":null}},{"type":"Feature","id":27413,"geometry":{"type":"Point","coordinates":[23.63789040000006,37.957490300000075]},"properties":{"OBJECTID":27413,"amenity":"fuel","name":"AEGEAN","name_en":null}},{"type":"Feature","id":27414,"geometry":{"type":"Point","coordinates":[23.639907600000072,37.956426000000079]},"properties":{"OBJECTID":27414,"amenity":"fuel","name":"ΕΤΕΚΑ","name_en":null}},{"type":"Feature","id":27415,"geometry":{"type":"Point","coordinates":[23.649378300000024,37.958799400000032]},"properties":{"OBJECTID":27415,"amenity":"fuel","name":"SHELL","name_en":null}},{"type":"Feature","id":27416,"geometry":{"type":"Point","coordinates":[23.659865000000025,37.94549580000006]},"properties":{"OBJECTID":27416,"amenity":"fuel","name":"AEGEAN","name_en":null}},{"type":"Feature","id":27417,"geometry":{"type":"Point","coordinates":[23.650264500000048,37.948325400000044]},"properties":{"OBJECTID":27417,"amenity":"fuel","name":"SHELL","name_en":null}},{"type":"Feature","id":27418,"geometry":{"type":"Point","coordinates":[23.67434540000005,37.976411600000063]},"properties":{"OBJECTID":27418,"amenity":"fuel","name":"BP","name_en":null}},{"type":"Feature","id":27419,"geometry":{"type":"Point","coordinates":[23.680023400000039,37.976189900000065]},"properties":{"OBJECTID":27419,"amenity":"fuel","name":"ΕΤΕΚΑ","name_en":null}},{"type":"Feature","id":27420,"geometry":{"type":"Point","coordinates":[23.686886000000072,37.97598540000007]},"properties":{"OBJECTID":27420,"amenity":"fuel","name":"EKO","name_en":null}},{"type":"Feature","id":27421,"geometry":{"type":"Point","coordinates":[23.676675900000077,37.96310520000003]},"properties":{"OBJECTID":27421,"amenity":"fuel","name":"ΑΠ","name_en":null}},{"type":"Feature","id":27422,"geometry":{"type":"Point","coordinates":[23.650164800000027,37.949748800000066]},"properties":{"OBJECTID":27422,"amenity":"fuel","name":"AEGEAN","name_en":null}},{"type":"Feature","id":27423,"geometry":{"type":"Point","coordinates":[23.658731300000056,37.949682900000028]},"properties":{"OBJECTID":27423,"amenity":"fuel","name":"SHELL","name_en":null}},{"type":"Feature","id":27424,"geometry":{"type":"Point","coordinates":[23.664055200000064,37.949419200000079]},"properties":{"OBJECTID":27424,"amenity":"fuel","name":"ΕΤΕΚΑ","name_en":null}},{"type":"Feature","id":27425,"geometry":{"type":"Point","coordinates":[23.678335700000048,37.949413400000026]},"properties":{"OBJECTID":27425,"amenity":"fuel","name":"AVIN","name_en":null}},{"type":"Feature","id":27426,"geometry":{"type":"Point","coordinates":[23.677406400000052,37.956102400000077]},"properties":{"OBJECTID":27426,"amenity":"fuel","name":"AVIN","name_en":null}},{"type":"Feature","id":27427,"geometry":{"type":"Point","coordinates":[23.679210800000078,37.957794600000057]},"properties":{"OBJECTID":27427,"amenity":"fuel","name":"ΑΠ","name_en":null}},{"type":"Feature","id":27428,"geometry":{"type":"Point","coordinates":[23.691889400000036,37.972018300000059]},"properties":{"OBJECTID":27428,"amenity":"fuel","name":"BP","name_en":null}},{"type":"Feature","id":27429,"geometry":{"type":"Point","coordinates":[23.684947200000067,37.958232200000054]},"properties":{"OBJECTID":27429,"amenity":"fuel","name":"BP","name_en":null}},{"type":"Feature","id":27430,"geometry":{"type":"Point","coordinates":[23.693604900000025,37.965161800000033]},"properties":{"OBJECTID":27430,"amenity":"fuel","name":"SHELL","name_en":null}},{"type":"Feature","id":27431,"geometry":{"type":"Point","coordinates":[23.698318700000073,37.968392600000072]},"properties":{"OBJECTID":27431,"amenity":"fuel","name":"REVOIL","name_en":null}},{"type":"Feature","id":27432,"geometry":{"type":"Point","coordinates":[23.700812400000075,37.967645400000038]},"properties":{"OBJECTID":27432,"amenity":"fuel","name":"AVIN","name_en":null}},{"type":"Feature","id":27433,"geometry":{"type":"Point","coordinates":[23.702564800000061,37.967035700000054]},"properties":{"OBJECTID":27433,"amenity":"fuel","name":"EKO","name_en":null}},{"type":"Feature","id":27434,"geometry":{"type":"Point","coordinates":[23.706035700000029,37.964935600000047]},"properties":{"OBJECTID":27434,"amenity":"fuel","name":"REVOIL","name_en":null}},{"type":"Feature","id":27435,"geometry":{"type":"Point","coordinates":[23.707393500000023,37.963621600000067]},"properties":{"OBJECTID":27435,"amenity":"fuel","name":"AEGEAN","name_en":null}},{"type":"Feature","id":27436,"geometry":{"type":"Point","coordinates":[23.672670900000071,37.962212800000032]},"properties":{"OBJECTID":27436,"amenity":"fuel","name":"ΕΤΕΚΑ","name_en":null}},{"type":"Feature","id":27437,"geometry":{"type":"Point","coordinates":[23.674244900000076,37.967208400000061]},"properties":{"OBJECTID":27437,"amenity":"fuel","name":"SHELL","name_en":null}},{"type":"Feature","id":27438,"geometry":{"type":"Point","coordinates":[23.670989500000076,37.967360800000051]},"properties":{"OBJECTID":27438,"amenity":"fuel","name":"AVIN","name_en":null}},{"type":"Feature","id":27439,"geometry":{"type":"Point","coordinates":[23.660172100000068,37.965513600000065]},"properties":{"OBJECTID":27439,"amenity":"fuel","name":"AEGEAN","name_en":null}},{"type":"Feature","id":27440,"geometry":{"type":"Point","coordinates":[23.660252300000025,37.966106400000058]},"properties":{"OBJECTID":27440,"amenity":"fuel","name":"REVOIL","name_en":null}},{"type":"Feature","id":27441,"geometry":{"type":"Point","coordinates":[23.661547300000052,37.967442400000039]},"properties":{"OBJECTID":27441,"amenity":"fuel","name":"AEGEAN","name_en":null}},{"type":"Feature","id":27442,"geometry":{"type":"Point","coordinates":[23.695061000000067,37.945472000000052]},"properties":{"OBJECTID":27442,"amenity":"fuel","name":"AEGEAN","name_en":null}},{"type":"Feature","id":27443,"geometry":{"type":"Point","coordinates":[23.690067700000043,37.948862200000065]},"properties":{"OBJECTID":27443,"amenity":"fuel","name":"AVIN","name_en":null}},{"type":"Feature","id":27444,"geometry":{"type":"Point","coordinates":[23.69235580000003,37.950544300000047]},"properties":{"OBJECTID":27444,"amenity":"fuel","name":"AEGEAN","name_en":null}},{"type":"Feature","id":27445,"geometry":{"type":"Point","coordinates":[23.685387500000047,37.952530800000034]},"properties":{"OBJECTID":27445,"amenity":"fuel","name":"BP","name_en":null}},{"type":"Feature","id":27446,"geometry":{"type":"Point","coordinates":[23.689572000000055,37.956779300000051]},"properties":{"OBJECTID":27446,"amenity":"fuel","name":"ΕΤΕΚΑ","name_en":null}},{"type":"Feature","id":27447,"geometry":{"type":"Point","coordinates":[23.693907000000024,37.958341500000074]},"properties":{"OBJECTID":27447,"amenity":"fuel","name":"BP","name_en":null}},{"type":"Feature","id":27448,"geometry":{"type":"Point","coordinates":[23.698612600000047,37.959219200000064]},"properties":{"OBJECTID":27448,"amenity":"fuel","name":"AEGEAN","name_en":null}},{"type":"Feature","id":27451,"geometry":{"type":"Point","coordinates":[23.701777500000048,37.950059400000043]},"properties":{"OBJECTID":27451,"amenity":"fuel","name":"EKO","name_en":null}},{"type":"Feature","id":27452,"geometry":{"type":"Point","coordinates":[23.709893100000045,37.951813900000047]},"properties":{"OBJECTID":27452,"amenity":"fuel","name":null,"name_en":null}},{"type":"Feature","id":27453,"geometry":{"type":"Point","coordinates":[23.714529600000049,37.962448100000074]},"properties":{"OBJECTID":27453,"amenity":"fuel","name":"REVOIL","name_en":null}},{"type":"Feature","id":27456,"geometry":{"type":"Point","coordinates":[23.713099000000057,38.055458800000054]},"properties":{"OBJECTID":27456,"amenity":"fuel","name":"EKO","name_en":null}},{"type":"Feature","id":27457,"geometry":{"type":"Point","coordinates":[23.713592600000027,38.058369700000071]},"properties":{"OBJECTID":27457,"amenity":"fuel","name":"ΕΤΕΚΑ","name_en":null}},{"type":"Feature","id":27458,"geometry":{"type":"Point","coordinates":[23.706870600000059,38.057175100000052]},"properties":{"OBJECTID":27458,"amenity":"fuel","name":"EKO","name_en":null}},{"type":"Feature","id":27459,"geometry":{"type":"Point","coordinates":[23.68302650000004,38.030563400000062]},"properties":{"OBJECTID":27459,"amenity":"fuel","name":"EKO","name_en":null}},{"type":"Feature","id":27460,"geometry":{"type":"Point","coordinates":[23.694261900000072,38.022605800000065]},"properties":{"OBJECTID":27460,"amenity":"fuel","name":"BP","name_en":null}},{"type":"Feature","id":27461,"geometry":{"type":"Point","coordinates":[23.693505400000049,38.036432000000048]},"properties":{"OBJECTID":27461,"amenity":"fuel","name":"ΕΛΙΝΟΙΛ","name_en":null}},{"type":"Feature","id":27462,"geometry":{"type":"Point","coordinates":[23.70640480000003,38.031519600000024]},"properties":{"OBJECTID":27462,"amenity":"fuel","name":"Avin","name_en":null}},{"type":"Feature","id":27463,"geometry":{"type":"Point","coordinates":[23.701608000000078,38.036124900000061]},"properties":{"OBJECTID":27463,"amenity":"fuel","name":"ΑΠ","name_en":null}},{"type":"Feature","id":27464,"geometry":{"type":"Point","coordinates":[23.704093600000078,38.036410300000057]},"properties":{"OBJECTID":27464,"amenity":"fuel","name":"AVIN","name_en":null}},{"type":"Feature","id":27465,"geometry":{"type":"Point","coordinates":[23.705408000000034,38.036994500000048]},"properties":{"OBJECTID":27465,"amenity":"fuel","name":"SHELL","name_en":null}},{"type":"Feature","id":27466,"geometry":{"type":"Point","coordinates":[23.701189500000055,38.043028100000072]},"properties":{"OBJECTID":27466,"amenity":"fuel","name":"EKO","name_en":null}},{"type":"Feature","id":27467,"geometry":{"type":"Point","coordinates":[23.713564500000075,38.030636600000037]},"properties":{"OBJECTID":27467,"amenity":"fuel","name":"EKO","name_en":null}},{"type":"Feature","id":27468,"geometry":{"type":"Point","coordinates":[23.713384700000063,38.03181260000008]},"properties":{"OBJECTID":27468,"amenity":"fuel","name":"SILKOIL","name_en":null}},{"type":"Feature","id":27469,"geometry":{"type":"Point","coordinates":[23.709692100000041,38.028337700000066]},"properties":{"OBJECTID":27469,"amenity":"fuel","name":"BP","name_en":null}},{"type":"Feature","id":27470,"geometry":{"type":"Point","coordinates":[23.710218100000077,38.02216020000003]},"properties":{"OBJECTID":27470,"amenity":"fuel","name":"REVOIL","name_en":null}},{"type":"Feature","id":27471,"geometry":{"type":"Point","coordinates":[23.696223000000032,38.018901800000037]},"properties":{"OBJECTID":27471,"amenity":"fuel","name":"ΕΤΕΚΑ","name_en":null}},{"type":"Feature","id":27472,"geometry":{"type":"Point","coordinates":[23.700482600000043,38.01820680000003]},"properties":{"OBJECTID":27472,"amenity":"fuel","name":"ΑΠ","name_en":null}},{"type":"Feature","id":27473,"geometry":{"type":"Point","coordinates":[23.708060500000045,38.017178800000067]},"properties":{"OBJECTID":27473,"amenity":"fuel","name":"AVIN","name_en":null}},{"type":"Feature","id":27478,"geometry":{"type":"Point","coordinates":[23.717097500000023,38.06055740000005]},"properties":{"OBJECTID":27478,"amenity":"fuel","name":"ΕΛΙΝΟΙΛ","name_en":null}},{"type":"Feature","id":27479,"geometry":{"type":"Point","coordinates":[23.726285700000062,38.040936300000055]},"properties":{"OBJECTID":27479,"amenity":"fuel","name":"EKO","name_en":null}},{"type":"Feature","id":27480,"geometry":{"type":"Point","coordinates":[23.728431600000079,38.045007800000064]},"properties":{"OBJECTID":27480,"amenity":"fuel","name":"ΕΤΕΚΑ","name_en":null}},{"type":"Feature","id":27481,"geometry":{"type":"Point","coordinates":[23.731682200000023,38.048711700000069]},"properties":{"OBJECTID":27481,"amenity":"fuel","name":"EKO","name_en":null}},{"type":"Feature","id":27482,"geometry":{"type":"Point","coordinates":[23.730244800000037,38.052811500000075]},"properties":{"OBJECTID":27482,"amenity":"fuel","name":"AVIN","name_en":null}},{"type":"Feature","id":27483,"geometry":{"type":"Point","coordinates":[23.739190700000051,38.06255630000004]},"properties":{"OBJECTID":27483,"amenity":"fuel","name":"EKO","name_en":null}},{"type":"Feature","id":27484,"geometry":{"type":"Point","coordinates":[23.739067500000033,38.067439000000036]},"properties":{"OBJECTID":27484,"amenity":"fuel","name":"SHELL","name_en":null}},{"type":"Feature","id":27485,"geometry":{"type":"Point","coordinates":[23.746307100000024,38.06717320000007]},"properties":{"OBJECTID":27485,"amenity":"fuel","name":"SHELL","name_en":null}},{"type":"Feature","id":27486,"geometry":{"type":"Point","coordinates":[23.694848700000023,37.975972600000034]},"properties":{"OBJECTID":27486,"amenity":"fuel","name":"SHELL","name_en":null}},{"type":"Feature","id":27487,"geometry":{"type":"Point","coordinates":[23.684339100000045,37.985868400000072]},"properties":{"OBJECTID":27487,"amenity":"fuel","name":"AEGEAN","name_en":null}},{"type":"Feature","id":27488,"geometry":{"type":"Point","coordinates":[23.681883900000059,37.983811500000058]},"properties":{"OBJECTID":27488,"amenity":"fuel","name":"SHELL","name_en":null}},{"type":"Feature","id":27489,"geometry":{"type":"Point","coordinates":[23.681918300000063,37.982418200000041]},"properties":{"OBJECTID":27489,"amenity":"fuel","name":"BP","name_en":null}},{"type":"Feature","id":27490,"geometry":{"type":"Point","coordinates":[23.702375700000061,37.991179200000033]},"properties":{"OBJECTID":27490,"amenity":"fuel","name":"AEGEAN","name_en":null}},{"type":"Feature","id":27491,"geometry":{"type":"Point","coordinates":[23.708466700000031,37.986956200000066]},"properties":{"OBJECTID":27491,"amenity":"fuel","name":"EKO","name_en":null}},{"type":"Feature","id":27492,"geometry":{"type":"Point","coordinates":[23.709586700000045,37.983435100000065]},"properties":{"OBJECTID":27492,"amenity":"fuel","name":"SHELL","name_en":null}},{"type":"Feature","id":27493,"geometry":{"type":"Point","coordinates":[23.721490500000073,37.994317900000055]},"properties":{"OBJECTID":27493,"amenity":"fuel","name":"REVOIL","name_en":null}},{"type":"Feature","id":27494,"geometry":{"type":"Point","coordinates":[23.70668930000005,38.003046100000063]},"properties":{"OBJECTID":27494,"amenity":"fuel","name":"EKO","name_en":null}},{"type":"Feature","id":27495,"geometry":{"type":"Point","coordinates":[23.726964600000031,37.963696600000048]},"properties":{"OBJECTID":27495,"amenity":"fuel","name":"BP","name_en":null}},{"type":"Feature","id":27496,"geometry":{"type":"Point","coordinates":[23.727423600000066,37.96531710000005]},"properties":{"OBJECTID":27496,"amenity":"fuel","name":null,"name_en":null}},{"type":"Feature","id":27497,"geometry":{"type":"Point","coordinates":[23.72808150000003,37.965372000000059]},"properties":{"OBJECTID":27497,"amenity":"fuel","name":"BP","name_en":null}},{"type":"Feature","id":27498,"geometry":{"type":"Point","coordinates":[23.728373200000078,37.96530400000006]},"properties":{"OBJECTID":27498,"amenity":"fuel","name":"AEGEAN","name_en":null}},{"type":"Feature","id":27499,"geometry":{"type":"Point","coordinates":[23.740052700000035,37.984489000000053]},"properties":{"OBJECTID":27499,"amenity":"fuel","name":"SILKOIL","name_en":null}},{"type":"Feature","id":27500,"geometry":{"type":"Point","coordinates":[23.715350400000034,37.975108900000066]},"properties":{"OBJECTID":27500,"amenity":"fuel","name":"SHELL","name_en":null}},{"type":"Feature","id":27501,"geometry":{"type":"Point","coordinates":[23.734533000000056,37.964469000000065]},"properties":{"OBJECTID":27501,"amenity":"fuel","name":"SHELL","name_en":null}},{"type":"Feature","id":27502,"geometry":{"type":"Point","coordinates":[23.735087600000043,37.959364900000026]},"properties":{"OBJECTID":27502,"amenity":"fuel","name":"ΕΤΕΚΑ","name_en":null}},{"type":"Feature","id":27503,"geometry":{"type":"Point","coordinates":[23.733238500000027,37.958944200000076]},"properties":{"OBJECTID":27503,"amenity":"fuel","name":"AEGEAN","name_en":null}},{"type":"Feature","id":27504,"geometry":{"type":"Point","coordinates":[23.730779000000041,37.957881600000064]},"properties":{"OBJECTID":27504,"amenity":"fuel","name":"AEGEAN","name_en":null}},{"type":"Feature","id":27505,"geometry":{"type":"Point","coordinates":[23.738408400000026,37.990725400000031]},"properties":{"OBJECTID":27505,"amenity":"fuel","name":"EKO","name_en":null}},{"type":"Feature","id":27506,"geometry":{"type":"Point","coordinates":[23.746159400000067,37.971596800000043]},"properties":{"OBJECTID":27506,"amenity":"fuel","name":"ΕΛΙΝΟΙΛ","name_en":null}},{"type":"Feature","id":27573,"geometry":{"type":"Point","coordinates":[23.165179300000034,37.258913900000039]},"properties":{"OBJECTID":27573,"amenity":"fuel","name":"REVOIL","name_en":null}},{"type":"Feature","id":27601,"geometry":{"type":"Point","coordinates":[23.992965800000036,37.802059600000064]},"properties":{"OBJECTID":27601,"amenity":"fuel","name":"EKO","name_en":null}},{"type":"Feature","id":27602,"geometry":{"type":"Point","coordinates":[23.342475500000035,37.989348600000028]},"properties":{"OBJECTID":27602,"amenity":"fuel","name":"AVIN","name_en":null}},{"type":"Feature","id":27603,"geometry":{"type":"Point","coordinates":[23.338245500000028,37.989949600000045]},"properties":{"OBJECTID":27603,"amenity":"fuel","name":"EKO","name_en":null}},{"type":"Feature","id":27615,"geometry":{"type":"Point","coordinates":[23.754835900000046,37.913223800000026]},"properties":{"OBJECTID":27615,"amenity":"fuel","name":"ΕΤΕΚΑ","name_en":null}},{"type":"Feature","id":27616,"geometry":{"type":"Point","coordinates":[23.734058300000072,37.917071600000043]},"properties":{"OBJECTID":27616,"amenity":"fuel","name":"SHELL","name_en":null}},{"type":"Feature","id":27617,"geometry":{"type":"Point","coordinates":[23.615210900000022,37.963725500000066]},"properties":{"OBJECTID":27617,"amenity":"fuel","name":"AEGEAN","name_en":null}},{"type":"Feature","id":27618,"geometry":{"type":"Point","coordinates":[23.702039600000035,37.993579200000056]},"properties":{"OBJECTID":27618,"amenity":"fuel","name":"Α.Π","name_en":null}},{"type":"Feature","id":27619,"geometry":{"type":"Point","coordinates":[23.672149900000022,37.983108000000072]},"properties":{"OBJECTID":27619,"amenity":"fuel","name":"REVOIL","name_en":null}},{"type":"Feature","id":27620,"geometry":{"type":"Point","coordinates":[23.452019200000052,37.755917800000077]},"properties":{"OBJECTID":27620,"amenity":"fuel","name":"BP","name_en":null}},{"type":"Feature","id":27621,"geometry":{"type":"Point","coordinates":[23.447373200000072,37.754452700000058]},"properties":{"OBJECTID":27621,"amenity":"fuel","name":"EKO","name_en":null}},{"type":"Feature","id":27622,"geometry":{"type":"Point","coordinates":[23.682837600000028,37.985138400000039]},"properties":{"OBJECTID":27622,"amenity":"fuel","name":"EKO","name_en":null}},{"type":"Feature","id":27623,"geometry":{"type":"Point","coordinates":[23.755325300000038,37.986974100000054]},"properties":{"OBJECTID":27623,"amenity":"fuel","name":"BP","name_en":null}},{"type":"Feature","id":27624,"geometry":{"type":"Point","coordinates":[23.74508650000007,37.987555600000064]},"properties":{"OBJECTID":27624,"amenity":"fuel","name":"REVOIL","name_en":null}},{"type":"Feature","id":27625,"geometry":{"type":"Point","coordinates":[23.724954800000035,37.987834200000066]},"properties":{"OBJECTID":27625,"amenity":"fuel","name":"REVOIL","name_en":null}},{"type":"Feature","id":27626,"geometry":{"type":"Point","coordinates":[23.712527700000066,38.028333900000064]},"properties":{"OBJECTID":27626,"amenity":"fuel","name":"ΕΤΕΚΑ","name_en":null}},{"type":"Feature","id":27627,"geometry":{"type":"Point","coordinates":[23.721195000000023,38.031350200000077]},"properties":{"OBJECTID":27627,"amenity":"fuel","name":"AEGEAN","name_en":null}},{"type":"Feature","id":27628,"geometry":{"type":"Point","coordinates":[23.723212500000045,38.029014600000039]},"properties":{"OBJECTID":27628,"amenity":"fuel","name":"ΕΤΕΚΑ","name_en":null}},{"type":"Feature","id":27629,"geometry":{"type":"Point","coordinates":[23.923466400000052,37.960686400000043]},"properties":{"OBJECTID":27629,"amenity":"fuel","name":"SILKOIL","name_en":null}},{"type":"Feature","id":27630,"geometry":{"type":"Point","coordinates":[23.92537150000004,37.963857300000029]},"properties":{"OBJECTID":27630,"amenity":"fuel","name":"ΕΤΕΚΑ","name_en":null}},{"type":"Feature","id":27638,"geometry":{"type":"Point","coordinates":[23.729652000000044,37.998571800000036]},"properties":{"OBJECTID":27638,"amenity":"fuel","name":"Α.Π.","name_en":null}},{"type":"Feature","id":27639,"geometry":{"type":"Point","coordinates":[23.727908300000024,37.999979100000076]},"properties":{"OBJECTID":27639,"amenity":"fuel","name":"REVOIL","name_en":null}},{"type":"Feature","id":27640,"geometry":{"type":"Point","coordinates":[23.728658900000028,38.014873800000032]},"properties":{"OBJECTID":27640,"amenity":"fuel","name":"EKO","name_en":null}},{"type":"Feature","id":27641,"geometry":{"type":"Point","coordinates":[23.731104300000027,38.01612410000007]},"properties":{"OBJECTID":27641,"amenity":"fuel","name":"REVOIL","name_en":null}},{"type":"Feature","id":27642,"geometry":{"type":"Point","coordinates":[23.737701300000026,38.007323500000041]},"properties":{"OBJECTID":27642,"amenity":"fuel","name":"REVOIL","name_en":null}},{"type":"Feature","id":27643,"geometry":{"type":"Point","coordinates":[23.735631500000068,38.009946200000059]},"properties":{"OBJECTID":27643,"amenity":"fuel","name":"ΕΛΙΝΟΙΛ","name_en":null}},{"type":"Feature","id":27644,"geometry":{"type":"Point","coordinates":[23.77404370000005,37.992418400000076]},"properties":{"OBJECTID":27644,"amenity":"fuel","name":"AVIN","name_en":null}},{"type":"Feature","id":27645,"geometry":{"type":"Point","coordinates":[23.811845500000061,38.011675100000048]},"properties":{"OBJECTID":27645,"amenity":"fuel","name":"AVIN","name_en":null}},{"type":"Feature","id":27646,"geometry":{"type":"Point","coordinates":[23.742053500000054,38.00481700000006]},"properties":{"OBJECTID":27646,"amenity":"fuel","name":"ΕΛΙΝΟΙΛ","name_en":null}},{"type":"Feature","id":27647,"geometry":{"type":"Point","coordinates":[23.74604000000005,38.008684300000027]},"properties":{"OBJECTID":27647,"amenity":"fuel","name":"AEGEAN","name_en":null}},{"type":"Feature","id":27648,"geometry":{"type":"Point","coordinates":[23.747959000000037,38.010127100000034]},"properties":{"OBJECTID":27648,"amenity":"fuel","name":"AEGEAN","name_en":null}},{"type":"Feature","id":27650,"geometry":{"type":"Point","coordinates":[23.744750600000032,38.113154100000031]},"properties":{"OBJECTID":27650,"amenity":"fuel","name":"ΕΛΙΝΟΙΛ","name_en":null}},{"type":"Feature","id":27651,"geometry":{"type":"Point","coordinates":[23.748126200000058,38.09142200000008]},"properties":{"OBJECTID":27651,"amenity":"fuel","name":"Α.Π.","name_en":null}},{"type":"Feature","id":27654,"geometry":{"type":"Point","coordinates":[23.470718100000056,37.922132400000066]},"properties":{"OBJECTID":27654,"amenity":"fuel","name":"EKO","name_en":null}},{"type":"Feature","id":27655,"geometry":{"type":"Point","coordinates":[23.483112600000027,37.943456300000037]},"properties":{"OBJECTID":27655,"amenity":"fuel","name":"ΕΤΕΚΑ","name_en":null}},{"type":"Feature","id":27656,"geometry":{"type":"Point","coordinates":[23.49830570000006,37.955744700000025]},"properties":{"OBJECTID":27656,"amenity":"fuel","name":"EKO","name_en":null}},{"type":"Feature","id":27657,"geometry":{"type":"Point","coordinates":[23.512760200000059,37.965582300000051]},"properties":{"OBJECTID":27657,"amenity":"fuel","name":"BP","name_en":null}},{"type":"Feature","id":27658,"geometry":{"type":"Point","coordinates":[23.520689600000026,37.964258100000052]},"properties":{"OBJECTID":27658,"amenity":"fuel","name":"REVOIL","name_en":null}},{"type":"Feature","id":27659,"geometry":{"type":"Point","coordinates":[23.523844700000041,37.962251200000026]},"properties":{"OBJECTID":27659,"amenity":"fuel","name":"REVOIL","name_en":null}},{"type":"Feature","id":27660,"geometry":{"type":"Point","coordinates":[23.525558000000046,37.956867400000078]},"properties":{"OBJECTID":27660,"amenity":"fuel","name":"AVIN","name_en":null}},{"type":"Feature","id":27661,"geometry":{"type":"Point","coordinates":[23.535264200000029,37.950995300000045]},"properties":{"OBJECTID":27661,"amenity":"fuel","name":"BP","name_en":null}},{"type":"Feature","id":27662,"geometry":{"type":"Point","coordinates":[23.495813200000043,37.964039200000059]},"properties":{"OBJECTID":27662,"amenity":"fuel","name":"AVIN","name_en":null}},{"type":"Feature","id":27663,"geometry":{"type":"Point","coordinates":[23.502055600000062,37.963128200000028]},"properties":{"OBJECTID":27663,"amenity":"fuel","name":"ΕΛΙΝΟΙΛ","name_en":null}},{"type":"Feature","id":27664,"geometry":{"type":"Point","coordinates":[23.503032100000041,37.964636400000074]},"properties":{"OBJECTID":27664,"amenity":"fuel","name":"AEGEAN","name_en":null}},{"type":"Feature","id":27665,"geometry":{"type":"Point","coordinates":[23.50383110000007,37.965665800000068]},"properties":{"OBJECTID":27665,"amenity":"fuel","name":"SHELL","name_en":null}},{"type":"Feature","id":27666,"geometry":{"type":"Point","coordinates":[23.783708200000035,38.070023700000036]},"properties":{"OBJECTID":27666,"amenity":"fuel","name":"ΕΤΕΚΑ","name_en":null}},{"type":"Feature","id":27667,"geometry":{"type":"Point","coordinates":[23.761495500000024,38.042270100000053]},"properties":{"OBJECTID":27667,"amenity":"fuel","name":"Α.Π.","name_en":null}},{"type":"Feature","id":27668,"geometry":{"type":"Point","coordinates":[23.802442900000074,38.057683700000041]},"properties":{"OBJECTID":27668,"amenity":"fuel","name":"ΕΤΕΚΑ","name_en":null}},{"type":"Feature","id":27669,"geometry":{"type":"Point","coordinates":[23.796683800000039,38.017361000000051]},"properties":{"OBJECTID":27669,"amenity":"fuel","name":null,"name_en":null}},{"type":"Feature","id":27673,"geometry":{"type":"Point","coordinates":[23.42095560000007,38.00301630000007]},"properties":{"OBJECTID":27673,"amenity":"fuel","name":"EKO","name_en":null}},{"type":"Feature","id":27674,"geometry":{"type":"Point","coordinates":[23.418202500000064,38.016002600000036]},"properties":{"OBJECTID":27674,"amenity":"fuel","name":"BP","name_en":null}},{"type":"Feature","id":27675,"geometry":{"type":"Point","coordinates":[23.512693100000035,38.076374400000077]},"properties":{"OBJECTID":27675,"amenity":"fuel","name":"EKO","name_en":null}},{"type":"Feature","id":27676,"geometry":{"type":"Point","coordinates":[23.541709600000047,38.108732900000064]},"properties":{"OBJECTID":27676,"amenity":"fuel","name":"Α.Π.","name_en":null}},{"type":"Feature","id":27677,"geometry":{"type":"Point","coordinates":[23.545733700000028,38.045285800000045]},"properties":{"OBJECTID":27677,"amenity":"fuel","name":"Α.Π,","name_en":null}},{"type":"Feature","id":27678,"geometry":{"type":"Point","coordinates":[23.548234000000036,38.045775900000081]},"properties":{"OBJECTID":27678,"amenity":"fuel","name":"BP","name_en":null}},{"type":"Feature","id":27679,"geometry":{"type":"Point","coordinates":[23.588660900000036,38.055208800000059]},"properties":{"OBJECTID":27679,"amenity":"fuel","name":"SHELL","name_en":null}},{"type":"Feature","id":27680,"geometry":{"type":"Point","coordinates":[23.579279300000053,38.058792400000073]},"properties":{"OBJECTID":27680,"amenity":"fuel","name":"AEGEAN","name_en":null}},{"type":"Feature","id":27681,"geometry":{"type":"Point","coordinates":[23.594686600000045,38.052540500000077]},"properties":{"OBJECTID":27681,"amenity":"fuel","name":"REVOIL","name_en":null}},{"type":"Feature","id":27682,"geometry":{"type":"Point","coordinates":[23.60069720000007,38.094059400000049]},"properties":{"OBJECTID":27682,"amenity":"fuel","name":"AEGEAN","name_en":null}},{"type":"Feature","id":27683,"geometry":{"type":"Point","coordinates":[23.856933500000025,38.002722100000028]},"properties":{"OBJECTID":27683,"amenity":"fuel","name":"SHELL","name_en":null}},{"type":"Feature","id":27685,"geometry":{"type":"Point","coordinates":[23.820301200000074,38.032486400000039]},"properties":{"OBJECTID":27685,"amenity":"fuel","name":"REVOIL","name_en":null}},{"type":"Feature","id":27686,"geometry":{"type":"Point","coordinates":[23.698497000000032,38.269648600000039]},"properties":{"OBJECTID":27686,"amenity":"fuel","name":"ΕΛΙΝΟΙΛ","name_en":null}},{"type":"Feature","id":27690,"geometry":{"type":"Point","coordinates":[23.321454700000061,38.223194000000035]},"properties":{"OBJECTID":27690,"amenity":"fuel","name":"BP","name_en":null}},{"type":"Feature","id":27897,"geometry":{"type":"Point","coordinates":[23.674117000000024,38.289903400000071]},"properties":{"OBJECTID":27897,"amenity":"fuel","name":"ΕΛΙΝΟΙΛ","name_en":null}},{"type":"Feature","id":29147,"geometry":{"type":"Point","coordinates":[23.704926100000023,38.036885400000074]},"properties":{"OBJECTID":29147,"amenity":"fuel","name":"SHELL","name_en":null}},{"type":"Feature","id":29299,"geometry":{"type":"Point","coordinates":[23.763347800000076,37.975428600000043]},"properties":{"OBJECTID":29299,"amenity":"fuel","name":"Shell","name_en":null}},{"type":"Feature","id":29536,"geometry":{"type":"Point","coordinates":[23.532848700000045,38.074260300000049]},"properties":{"OBJECTID":29536,"amenity":"fuel","name":"Bus depot HRS","name_en":null}},{"type":"Feature","id":29986,"geometry":{"type":"Point","coordinates":[23.638344400000051,37.949538100000041]},"properties":{"OBJECTID":29986,"amenity":"fuel","name":"Pearl","name_en":null}},{"type":"Feature","id":30107,"geometry":{"type":"Point","coordinates":[23.588093700000059,37.962506100000041]},"properties":{"OBJECTID":30107,"amenity":"fuel","name":"Shell","name_en":null}},{"type":"Feature","id":31262,"geometry":{"type":"Point","coordinates":[23.491635300000041,38.083146200000044]},"properties":{"OBJECTID":31262,"amenity":"fuel","name":"Stazione di servizio","name_en":null}},{"type":"Feature","id":32480,"geometry":{"type":"Point","coordinates":[23.676455800000042,38.005655300000058]},"properties":{"OBJECTID":32480,"amenity":"fuel","name":null,"name_en":null}},{"type":"Feature","id":32997,"geometry":{"type":"Point","coordinates":[23.678090600000075,37.976766400000031]},"properties":{"OBJECTID":32997,"amenity":"fuel","name":"Avin","name_en":null}},{"type":"Feature","id":33057,"geometry":{"type":"Point","coordinates":[24.000563800000066,38.019045800000072]},"properties":{"OBJECTID":33057,"amenity":"fuel","name":"Shell","name_en":null}},{"type":"Feature","id":33180,"geometry":{"type":"Point","coordinates":[23.996025400000065,38.018926200000067]},"properties":{"OBJECTID":33180,"amenity":"fuel","name":"EKO","name_en":null}},{"type":"Feature","id":33183,"geometry":{"type":"Point","coordinates":[23.998248700000033,38.018743900000061]},"properties":{"OBJECTID":33183,"amenity":"fuel","name":"BP","name_en":null}}]}