{"type":"FeatureCollection","features":[{"type":"Feature","id":11,"geometry":{"type":"Point","coordinates":[23.762291900000037,37.993265800000074]},"properties":{"OBJECTID":11,"amenity":"school","name":"104ο Δημοτικό, 125ο Δημοτικό","name_en":null}},{"type":"Feature","id":12,"geometry":{"type":"Point","coordinates":[23.762043300000073,37.993430500000045]},"properties":{"OBJECTID":12,"amenity":"school","name":"16ο Γυμνάσιο, 16ο Λύκειο","name_en":null}},{"type":"Feature","id":14,"geometry":{"type":"Point","coordinates":[23.772771200000022,37.978836500000057]},"properties":{"OBJECTID":14,"amenity":"school","name":"3ο Γυμνάσιο, 7ο Γυμνάσιο, 3ο Λύκειο, 7ο Λύκειο Ζωγράφου","name_en":null}},{"type":"Feature","id":15,"geometry":{"type":"Point","coordinates":[23.772192200000063,37.978943700000059]},"properties":{"OBJECTID":15,"amenity":"school","name":"1ο Δημοτικό, 19ο Δημοτικό Ζωγράφου","name_en":null}},{"type":"Feature","id":17,"geometry":{"type":"Point","coordinates":[23.745225600000026,37.99602770000007]},"properties":{"OBJECTID":17,"amenity":"school","name":"38ο Γυμνάσιο, 38ο Λύκειο","name_en":null}},{"type":"Feature","id":23,"geometry":{"type":"Point","coordinates":[23.745584700000052,37.922875500000032]},"properties":{"OBJECTID":23,"amenity":"school","name":null,"name_en":null}},{"type":"Feature","id":24,"geometry":{"type":"Point","coordinates":[23.779630900000029,37.97121530000004]},"properties":{"OBJECTID":24,"amenity":"school","name":"1ο Γυμνάσιο, 1ο Λύκειο Ζωγράφου","name_en":null}},{"type":"Feature","id":25,"geometry":{"type":"Point","coordinates":[23.780074700000057,37.970801900000026]},"properties":{"OBJECTID":25,"amenity":"school","name":"3ο Δημοτικό, 9ο Δημοτικό Ζωγράφου","name_en":null}},{"type":"Feature","id":38,"geometry":{"type":"Point","coordinates":[23.781881800000065,37.972909700000059]},"properties":{"OBJECTID":38,"amenity":"school","name":"1ο Επαγγελματικό Λύκειο Ζωγράφου","name_en":null}},{"type":"Feature","id":44,"geometry":{"type":"Point","coordinates":[23.892725700000028,37.99791410000006]},"properties":{"OBJECTID":44,"amenity":"school","name":"Ελληνογερμανική Αγωγή","name_en":null}},{"type":"Feature","id":46,"geometry":{"type":"Point","coordinates":[23.770804600000076,37.993674200000044]},"properties":{"OBJECTID":46,"amenity":"school","name":"57ο Γυμνάσιο-Λύκειο Αθηνών","name_en":null}},{"type":"Feature","id":51,"geometry":{"type":"Point","coordinates":[23.93203520000003,37.839598300000034]},"properties":{"OBJECTID":51,"amenity":"school","name":"1ο Δημοτικό Σχολείο Καλυβίων","name_en":null}},{"type":"Feature","id":52,"geometry":{"type":"Point","coordinates":[23.695690700000057,37.960780300000067]},"properties":{"OBJECTID":52,"amenity":"school","name":"Σιβιτανίδειος Δημόσια Σχολή Τεχνών και Επαγγελμάτων","name_en":"Sivitanidios Public School of Trades and Vocations"}},{"type":"Feature","id":54,"geometry":{"type":"Point","coordinates":[23.745721700000047,37.91391260000006]},"properties":{"OBJECTID":54,"amenity":"school","name":"2ο Ενιαίο Λύκειο Αργυρούπολης \"Γιώργος Σεφέρης\"","name_en":null}},{"type":"Feature","id":61,"geometry":{"type":"Point","coordinates":[23.943451100000061,37.889523900000029]},"properties":{"OBJECTID":61,"amenity":"school","name":"4ο Δημοτικό Σχολείο Μαρκόπουλου","name_en":null}},{"type":"Feature","id":63,"geometry":{"type":"Point","coordinates":[23.756230500000072,37.898554100000069]},"properties":{"OBJECTID":63,"amenity":"school","name":"4ο Γυμνάσιο Αργυρούπολης \"Αργοναύτες\"","name_en":null}},{"type":"Feature","id":70,"geometry":{"type":"Point","coordinates":[23.431274900000062,37.746971400000064]},"properties":{"OBJECTID":70,"amenity":"school","name":"2ο Δημοτικό Σχολείο Αιγίνης","name_en":"2nd Elementary School of Aegina"}},{"type":"Feature","id":74,"geometry":{"type":"Point","coordinates":[23.729770300000041,37.973137300000076]},"properties":{"OBJECTID":74,"amenity":"school","name":"1ο Πειραματικό Γυμνάσιο Αθηνών","name_en":null}},{"type":"Feature","id":79,"geometry":{"type":"Point","coordinates":[23.734666600000025,37.941768900000056]},"properties":{"OBJECTID":79,"amenity":"school","name":"1ο Δημοτικό Σχολείο Αγίου Δημητρίου","name_en":null}},{"type":"Feature","id":84,"geometry":{"type":"Point","coordinates":[23.642564900000025,37.960091200000079]},"properties":{"OBJECTID":84,"amenity":"school","name":"15ο Γενικό Ενιαίο Λύκειο Πειραιά","name_en":null}},{"type":"Feature","id":88,"geometry":{"type":"Point","coordinates":[23.973102600000061,38.086014800000044]},"properties":{"OBJECTID":88,"amenity":"school","name":null,"name_en":null}},{"type":"Feature","id":109,"geometry":{"type":"Point","coordinates":[23.711087600000042,37.943547000000081]},"properties":{"OBJECTID":109,"amenity":"school","name":"1ο και 4ο Λύκειο Ν. Σμύρνης","name_en":null}},{"type":"Feature","id":110,"geometry":{"type":"Point","coordinates":[23.696010300000069,37.935121800000047]},"properties":{"OBJECTID":110,"amenity":"school","name":"5ο Γυμνάσιο Παλαιού Φαλήρου","name_en":null}},{"type":"Feature","id":123,"geometry":{"type":"Point","coordinates":[23.674949300000037,37.987938700000029]},"properties":{"OBJECTID":123,"amenity":"school","name":null,"name_en":null}},{"type":"Feature","id":124,"geometry":{"type":"Point","coordinates":[23.675244900000052,37.988664000000028]},"properties":{"OBJECTID":124,"amenity":"school","name":"3ο Δημοτικό Σχολείο Αιγάλεω","name_en":null}},{"type":"Feature","id":135,"geometry":{"type":"Point","coordinates":[23.759398300000043,37.884414400000026]},"properties":{"OBJECTID":135,"amenity":"school","name":"3ο & 8ο & 13ο Δημοτικό Σχολείο Γλυφάδας","name_en":null}},{"type":"Feature","id":139,"geometry":{"type":"Point","coordinates":[23.721483400000068,38.002580900000055]},"properties":{"OBJECTID":139,"amenity":"school","name":"67ο Γυμνάσιο Αθηνών","name_en":null}},{"type":"Feature","id":144,"geometry":{"type":"Point","coordinates":[23.705142900000055,38.01256630000006]},"properties":{"OBJECTID":144,"amenity":"school","name":"1ο Εσπερινό ΕΠΑΛ Περιστερίου","name_en":null}},{"type":"Feature","id":149,"geometry":{"type":"Point","coordinates":[23.720646900000077,38.050630100000035]},"properties":{"OBJECTID":149,"amenity":"school","name":"Η Θεοτόκος","name_en":"Theotokos"}},{"type":"Feature","id":159,"geometry":{"type":"Point","coordinates":[23.760546700000077,37.935587500000054]},"properties":{"OBJECTID":159,"amenity":"school","name":"1ο Γυμνάσιο & 1ο Λύκειο Ηλιούπολης","name_en":"1 Gymnasio & 1 Lykeio Hlioupolis"}},{"type":"Feature","id":167,"geometry":{"type":"Point","coordinates":[23.851946800000064,38.004773700000044]},"properties":{"OBJECTID":167,"amenity":"school","name":"2ο Γενικό Λύκειο Γλυκών Νερών","name_en":null}},{"type":"Feature","id":168,"geometry":{"type":"Point","coordinates":[23.852143500000068,38.005276800000047]},"properties":{"OBJECTID":168,"amenity":"school","name":"2ο Γυμνάσιο Γλυκών Νερών","name_en":null}},{"type":"Feature","id":182,"geometry":{"type":"Point","coordinates":[23.70534200000003,37.94455750000003]},"properties":{"OBJECTID":182,"amenity":"school","name":"Δημοτικό Χρυσόστομος Σμύρνης","name_en":null}},{"type":"Feature","id":183,"geometry":{"type":"Point","coordinates":[23.706031300000063,37.942792800000063]},"properties":{"OBJECTID":183,"amenity":"school","name":"Δημοτικό Αγιος Διονύσιος","name_en":null}},{"type":"Feature","id":184,"geometry":{"type":"Point","coordinates":[23.706092100000035,37.943891700000052]},"properties":{"OBJECTID":184,"amenity":"school","name":"Λεόντειο Λύκειο Νέας Σμύρνης","name_en":null}},{"type":"Feature","id":192,"geometry":{"type":"Point","coordinates":[23.770138900000063,37.883484500000066]},"properties":{"OBJECTID":192,"amenity":"school","name":"4ο Λύκειο Γλυφάδας","name_en":null}},{"type":"Feature","id":194,"geometry":{"type":"Point","coordinates":[23.765519600000061,37.880882000000042]},"properties":{"OBJECTID":194,"amenity":"school","name":"10o Δημοτικό Σχολείο Γλυφάδας","name_en":null}},{"type":"Feature","id":195,"geometry":{"type":"Point","coordinates":[23.765958900000044,37.875677600000074]},"properties":{"OBJECTID":195,"amenity":"school","name":null,"name_en":null}},{"type":"Feature","id":200,"geometry":{"type":"Point","coordinates":[23.708042700000078,37.937264700000071]},"properties":{"OBJECTID":200,"amenity":"school","name":"5ο Γυμνάσιο & 5ο Λύκειο Νέας Σμύρνης","name_en":null}},{"type":"Feature","id":201,"geometry":{"type":"Point","coordinates":[23.704863900000078,37.933760600000028]},"properties":{"OBJECTID":201,"amenity":"school","name":"4ο \u2206ηµοτικό Σχολείο και 9ο Νηπιαγωγείο Παλαιού Φαλήρου","name_en":null}},{"type":"Feature","id":218,"geometry":{"type":"Point","coordinates":[23.824650200000065,38.003458100000046]},"properties":{"OBJECTID":218,"amenity":"school","name":"1ο Λύκειο Αγίας Παρασκευής","name_en":null}},{"type":"Feature","id":313,"geometry":{"type":"Point","coordinates":[23.794010400000047,38.036923300000069]},"properties":{"OBJECTID":313,"amenity":"school","name":"Γερμανική Σχολή Αθηνών","name_en":null}},{"type":"Feature","id":320,"geometry":{"type":"Point","coordinates":[23.771745600000031,38.060704400000077]},"properties":{"OBJECTID":320,"amenity":"school","name":"4ο Δημοτικό Σχολείο Νέου Ηρακλείου","name_en":null}},{"type":"Feature","id":336,"geometry":{"type":"Point","coordinates":[23.800328900000068,37.998346800000036]},"properties":{"OBJECTID":336,"amenity":"school","name":"1ο & 6ο Δημοτικό Σχολείο Χολαργού","name_en":null}},{"type":"Feature","id":357,"geometry":{"type":"Point","coordinates":[23.751389300000028,37.869835200000068]},"properties":{"OBJECTID":357,"amenity":"school","name":null,"name_en":null}},{"type":"Feature","id":369,"geometry":{"type":"Point","coordinates":[23.657782800000064,37.972660000000076]},"properties":{"OBJECTID":369,"amenity":"school","name":"12ο Δημοτικό Σχολείο Νίκαιας","name_en":null}},{"type":"Feature","id":372,"geometry":{"type":"Point","coordinates":[23.755977400000063,37.863614200000029]},"properties":{"OBJECTID":372,"amenity":"school","name":"1ο Δημοτικό Σχολείο Γλυφάδας","name_en":null}},{"type":"Feature","id":388,"geometry":{"type":"Point","coordinates":[23.730658700000049,37.945316300000059]},"properties":{"OBJECTID":388,"amenity":"school","name":"3ο Ενιαίο Λύκειο Δάφνης & Εσπερινό Λύκειο - Εσπερινό Γυμνάσιο - 2ο Δημοτικό Σχολείο Αγίου Δημητρίου","name_en":null}},{"type":"Feature","id":391,"geometry":{"type":"Point","coordinates":[23.721269000000063,37.947061500000075]},"properties":{"OBJECTID":391,"amenity":"school","name":"2ο & 3ο Γενικό Λύκειο, 2ο & 3ο Γυμνάσιο Νέας Σμύρνης","name_en":null}},{"type":"Feature","id":392,"geometry":{"type":"Point","coordinates":[23.748691000000065,37.947420100000045]},"properties":{"OBJECTID":392,"amenity":"school","name":"1ο Γυμνάσιο & 1ο Ενιαίο Λύκειο Υμηττού","name_en":null}},{"type":"Feature","id":405,"geometry":{"type":"Point","coordinates":[23.757510500000024,37.988074700000027]},"properties":{"OBJECTID":405,"amenity":"school","name":null,"name_en":null}},{"type":"Feature","id":412,"geometry":{"type":"Point","coordinates":[23.708957700000042,38.033415200000036]},"properties":{"OBJECTID":412,"amenity":"school","name":"1ο Δημοτικό Ιλίου","name_en":null}},{"type":"Feature","id":420,"geometry":{"type":"Point","coordinates":[23.85317370000007,37.987274700000057]},"properties":{"OBJECTID":420,"amenity":"school","name":"3ο Δημοτικό Σχολείο Παλλήνης","name_en":null}},{"type":"Feature","id":421,"geometry":{"type":"Point","coordinates":[23.86349720000004,37.985807700000066]},"properties":{"OBJECTID":421,"amenity":"school","name":null,"name_en":null}},{"type":"Feature","id":422,"geometry":{"type":"Point","coordinates":[23.861145800000031,37.990214200000025]},"properties":{"OBJECTID":422,"amenity":"school","name":"5o Δημοτικό σχολείο Παλλήνης","name_en":null}},{"type":"Feature","id":423,"geometry":{"type":"Point","coordinates":[23.74569340000005,37.882458200000031]},"properties":{"OBJECTID":423,"amenity":"school","name":"2ο Δημοτικό Γλυφάδας","name_en":null}},{"type":"Feature","id":441,"geometry":{"type":"Point","coordinates":[23.737381500000026,38.037438800000075]},"properties":{"OBJECTID":441,"amenity":"school","name":"1ο Νηπιαγωγείο & 2ο Δημοτικό Σχολείο Νέας Φιλαδέλφειας","name_en":null}},{"type":"Feature","id":442,"geometry":{"type":"Point","coordinates":[23.727767500000027,38.025537700000029]},"properties":{"OBJECTID":442,"amenity":"school","name":"1ος Βρεφονηπιακός Σταθμός Νέας Χαλκηδόνας","name_en":null}},{"type":"Feature","id":446,"geometry":{"type":"Point","coordinates":[23.740468600000042,38.05176350000005]},"properties":{"OBJECTID":446,"amenity":"school","name":"5ο Νηπιαγωγείο - 5ο Δημοτικό Νέας Φιλαδέλφειας","name_en":null}},{"type":"Feature","id":447,"geometry":{"type":"Point","coordinates":[23.747105300000044,38.052315700000065]},"properties":{"OBJECTID":447,"amenity":"school","name":"6ο Δημοτικό Σχολείο Νέας Φιλαδέλφειας","name_en":null}},{"type":"Feature","id":448,"geometry":{"type":"Point","coordinates":[23.742716200000075,38.048136300000067]},"properties":{"OBJECTID":448,"amenity":"school","name":"5ο Δημοτικό - 3ο Λύκειο - 1ο/2ο/3ο ΤΕΛ - 1ο/2ο ΤΕΣ - 5ο ΣΕΚ - 1ο/2ο ΕΠΑΛ","name_en":null}},{"type":"Feature","id":449,"geometry":{"type":"Point","coordinates":[23.745681300000058,38.047581000000037]},"properties":{"OBJECTID":449,"amenity":"school","name":"4ο & 1ο Δημοτικά Σχολεία Νέας Φιλαδέλφειας","name_en":null}},{"type":"Feature","id":451,"geometry":{"type":"Point","coordinates":[23.738669800000025,38.03279340000006]},"properties":{"OBJECTID":451,"amenity":"school","name":"1ο Δημοτικό Σχολείο Νέας Φιλαδέλφειας \"Σπαθάρη\"","name_en":null}},{"type":"Feature","id":452,"geometry":{"type":"Point","coordinates":[23.731433800000048,38.027505000000076]},"properties":{"OBJECTID":452,"amenity":"school","name":"1ο Νηπιαγωγείο & 1ο Δημοτικό Σχολείο Νέας Χαλκηδόνας","name_en":null}},{"type":"Feature","id":453,"geometry":{"type":"Point","coordinates":[23.731615600000055,38.026911700000028]},"properties":{"OBJECTID":453,"amenity":"school","name":"2ο Νηπιαγωγείο & 2ο Δημοτικό Σχολείο Νέας Χαλκηδόνας","name_en":null}},{"type":"Feature","id":454,"geometry":{"type":"Point","coordinates":[23.726741900000036,38.024408200000039]},"properties":{"OBJECTID":454,"amenity":"school","name":"Γυμνάσιο Νέας Χαλκηδόνας","name_en":null}},{"type":"Feature","id":455,"geometry":{"type":"Point","coordinates":[23.737805000000037,38.044576000000063]},"properties":{"OBJECTID":455,"amenity":"school","name":"2ο Λύκειο Νέας Φιλαδέλφειας","name_en":null}},{"type":"Feature","id":456,"geometry":{"type":"Point","coordinates":[23.736714000000063,38.047479300000077]},"properties":{"OBJECTID":456,"amenity":"school","name":"7ο Δημοτικό Νέας Φιλαδέλφειας","name_en":null}},{"type":"Feature","id":457,"geometry":{"type":"Point","coordinates":[23.724721900000077,38.022880900000075]},"properties":{"OBJECTID":457,"amenity":"school","name":"Παιδικός Σταθμός Νέας Χαλκηδόνας","name_en":null}},{"type":"Feature","id":460,"geometry":{"type":"Point","coordinates":[23.723394100000064,38.028021900000056]},"properties":{"OBJECTID":460,"amenity":"school","name":null,"name_en":null}},{"type":"Feature","id":463,"geometry":{"type":"Point","coordinates":[23.740638100000069,38.044425200000035]},"properties":{"OBJECTID":463,"amenity":"school","name":"3ο Δημοτικό Νέας Φιλαδέλφειας","name_en":null}},{"type":"Feature","id":464,"geometry":{"type":"Point","coordinates":[23.720407700000067,37.934042900000065]},"properties":{"OBJECTID":464,"amenity":"school","name":"10ο Δημοτικό Σχολείο Αγίου Δημητρίου","name_en":null}},{"type":"Feature","id":465,"geometry":{"type":"Point","coordinates":[23.72214230000003,37.928202600000077]},"properties":{"OBJECTID":465,"amenity":"school","name":"4ο Γυμνάσιο Αγίου Δημητρίου","name_en":null}},{"type":"Feature","id":466,"geometry":{"type":"Point","coordinates":[23.728005400000029,37.933923900000025]},"properties":{"OBJECTID":466,"amenity":"school","name":"6ο Δημοτικό Σχολείο Αγίου Δημητρίου","name_en":null}},{"type":"Feature","id":467,"geometry":{"type":"Point","coordinates":[23.718747700000051,37.928126600000041]},"properties":{"OBJECTID":467,"amenity":"school","name":"15ο Δημοτικό Σχολείο Αγίου Δημητρίου","name_en":null}},{"type":"Feature","id":469,"geometry":{"type":"Point","coordinates":[23.739574100000027,37.957791100000065]},"properties":{"OBJECTID":469,"amenity":"school","name":"90ο & 123ο Δημοτικά Σχολεία Αθηνών","name_en":null}},{"type":"Feature","id":470,"geometry":{"type":"Point","coordinates":[23.744325500000059,37.95699680000007]},"properties":{"OBJECTID":470,"amenity":"school","name":"13ο Γυμνάσιο & 13ο Ενιαίο Λύκειο Αθηνών","name_en":null}},{"type":"Feature","id":471,"geometry":{"type":"Point","coordinates":[23.774813400000028,37.831317900000045]},"properties":{"OBJECTID":471,"amenity":"school","name":"4ο Δημοτικό Σχολείο Βούλας","name_en":null}},{"type":"Feature","id":476,"geometry":{"type":"Point","coordinates":[23.76926160000005,37.841547600000069]},"properties":{"OBJECTID":476,"amenity":"school","name":"1ο Νηπιαγωγείο Βούλας","name_en":null}},{"type":"Feature","id":477,"geometry":{"type":"Point","coordinates":[23.768609800000036,37.842744400000072]},"properties":{"OBJECTID":477,"amenity":"school","name":"1ο Δημοτικό Βούλας","name_en":null}},{"type":"Feature","id":481,"geometry":{"type":"Point","coordinates":[23.665723100000037,37.999300100000028]},"properties":{"OBJECTID":481,"amenity":"school","name":"9ο Δημοτικό Σχολείο Χαϊδαρίου","name_en":null}},{"type":"Feature","id":486,"geometry":{"type":"Point","coordinates":[23.799492000000043,38.014903100000026]},"properties":{"OBJECTID":486,"amenity":"school","name":null,"name_en":null}},{"type":"Feature","id":493,"geometry":{"type":"Point","coordinates":[23.676914000000068,38.030178100000057]},"properties":{"OBJECTID":493,"amenity":"school","name":null,"name_en":null}},{"type":"Feature","id":495,"geometry":{"type":"Point","coordinates":[23.677236700000037,38.02937200000008]},"properties":{"OBJECTID":495,"amenity":"school","name":"7ο Λύκειο Περιστερίου","name_en":null}},{"type":"Feature","id":496,"geometry":{"type":"Point","coordinates":[23.676338000000044,38.02953430000008]},"properties":{"OBJECTID":496,"amenity":"school","name":null,"name_en":null}},{"type":"Feature","id":512,"geometry":{"type":"Point","coordinates":[23.712723200000028,38.004008100000078]},"properties":{"OBJECTID":512,"amenity":"school","name":"50ο Γυμνάσιο Αθηνών","name_en":null}},{"type":"Feature","id":519,"geometry":{"type":"Point","coordinates":[23.752813500000059,37.942603100000042]},"properties":{"OBJECTID":519,"amenity":"school","name":"4ο Γενικό Λύκειο Ηλιούπολης","name_en":null}},{"type":"Feature","id":520,"geometry":{"type":"Point","coordinates":[23.753061200000047,37.943154200000038]},"properties":{"OBJECTID":520,"amenity":"school","name":"7ο & 21ο Δημοτικά Σχολεία Ηλιούπολης","name_en":null}},{"type":"Feature","id":570,"geometry":{"type":"Point","coordinates":[23.747688700000026,37.969352000000072]},"properties":{"OBJECTID":570,"amenity":"school","name":null,"name_en":null}},{"type":"Feature","id":571,"geometry":{"type":"Point","coordinates":[23.754341400000044,37.961159900000041]},"properties":{"OBJECTID":571,"amenity":"school","name":"3o & 13o Δημοτικά","name_en":null}},{"type":"Feature","id":576,"geometry":{"type":"Point","coordinates":[23.677065300000038,38.001369700000055]},"properties":{"OBJECTID":576,"amenity":"school","name":null,"name_en":null}},{"type":"Feature","id":577,"geometry":{"type":"Point","coordinates":[23.677455800000075,37.999504300000069]},"properties":{"OBJECTID":577,"amenity":"school","name":null,"name_en":null}},{"type":"Feature","id":580,"geometry":{"type":"Point","coordinates":[23.749841100000026,37.955046100000061]},"properties":{"OBJECTID":580,"amenity":"school","name":null,"name_en":null}},{"type":"Feature","id":581,"geometry":{"type":"Point","coordinates":[23.728817000000049,37.950908200000072]},"properties":{"OBJECTID":581,"amenity":"school","name":"Δημοτικό σχολείο Δάφνης","name_en":null}},{"type":"Feature","id":582,"geometry":{"type":"Point","coordinates":[23.754208700000049,37.950858900000071]},"properties":{"OBJECTID":582,"amenity":"school","name":"3ο Γυμνάσιο, 3ο Δημοτικό Υμηττού, 9ο Δημοτικό Ηλιούπολης","name_en":null}},{"type":"Feature","id":583,"geometry":{"type":"Point","coordinates":[23.727747400000055,37.953308200000038]},"properties":{"OBJECTID":583,"amenity":"school","name":null,"name_en":null}},{"type":"Feature","id":584,"geometry":{"type":"Point","coordinates":[23.749145200000044,37.955833100000063]},"properties":{"OBJECTID":584,"amenity":"school","name":"1ο ΕΠΑΛ Υμηττού (Παπαστράτειος)","name_en":null}},{"type":"Feature","id":590,"geometry":{"type":"Point","coordinates":[23.740341100000023,37.946594600000026]},"properties":{"OBJECTID":590,"amenity":"school","name":"7ο Δημοτικό Σχολείο Δάφνης","name_en":null}},{"type":"Feature","id":592,"geometry":{"type":"Point","coordinates":[23.755009500000028,37.990923900000041]},"properties":{"OBJECTID":592,"amenity":"school","name":"111ο Δημοτικό Σχολείο","name_en":null}},{"type":"Feature","id":595,"geometry":{"type":"Point","coordinates":[23.737503700000048,37.94485700000007]},"properties":{"OBJECTID":595,"amenity":"school","name":"14ο Δημοτικό Σχολείο Αγίου Δημητρίου","name_en":null}},{"type":"Feature","id":596,"geometry":{"type":"Point","coordinates":[23.731479500000034,37.948356800000056]},"properties":{"OBJECTID":596,"amenity":"school","name":"2ο Δημοτικό σχολείο Δάφνης","name_en":null}},{"type":"Feature","id":597,"geometry":{"type":"Point","coordinates":[23.730125500000042,37.946026200000063]},"properties":{"OBJECTID":597,"amenity":"school","name":"4ο Δημοτικό Σχολείο Δάφνης","name_en":null}},{"type":"Feature","id":599,"geometry":{"type":"Point","coordinates":[23.740042800000026,37.952954600000055]},"properties":{"OBJECTID":599,"amenity":"school","name":"6ο Δημοτικό Σχολείο Δάφνης","name_en":null}},{"type":"Feature","id":600,"geometry":{"type":"Point","coordinates":[23.735150600000054,37.950139000000036]},"properties":{"OBJECTID":600,"amenity":"school","name":"1ο Δημοτικό σχολείο Δάφνης","name_en":null}},{"type":"Feature","id":601,"geometry":{"type":"Point","coordinates":[23.740259600000059,37.964406600000075]},"properties":{"OBJECTID":601,"amenity":"school","name":"Συγκρότημα Σχολείων","name_en":null}},{"type":"Feature","id":604,"geometry":{"type":"Point","coordinates":[23.762421900000049,37.957579400000043]},"properties":{"OBJECTID":604,"amenity":"school","name":"7ο Δημοτικό Σχολείο Βύρωνα","name_en":null}},{"type":"Feature","id":605,"geometry":{"type":"Point","coordinates":[23.742352700000026,37.96633120000007]},"properties":{"OBJECTID":605,"amenity":"school","name":"3ο Δημοτικό Σχολείο Αθηνών","name_en":null}},{"type":"Feature","id":606,"geometry":{"type":"Point","coordinates":[23.750074900000072,37.970234900000037]},"properties":{"OBJECTID":606,"amenity":"school","name":null,"name_en":null}},{"type":"Feature","id":607,"geometry":{"type":"Point","coordinates":[23.759127100000057,37.96132700000004]},"properties":{"OBJECTID":607,"amenity":"school","name":null,"name_en":null}},{"type":"Feature","id":608,"geometry":{"type":"Point","coordinates":[23.749527800000067,37.965713200000039]},"properties":{"OBJECTID":608,"amenity":"school","name":null,"name_en":null}},{"type":"Feature","id":613,"geometry":{"type":"Point","coordinates":[23.748191200000065,37.943187800000032]},"properties":{"OBJECTID":613,"amenity":"school","name":null,"name_en":null}},{"type":"Feature","id":621,"geometry":{"type":"Point","coordinates":[23.770551200000057,37.944099100000074]},"properties":{"OBJECTID":621,"amenity":"school","name":"9ο Δημοτικό Σχολείο Βύρωνα","name_en":null}},{"type":"Feature","id":623,"geometry":{"type":"Point","coordinates":[23.765757800000074,37.943574400000045]},"properties":{"OBJECTID":623,"amenity":"school","name":"12ο Δημοτικό Σχολείο Ηλιούπολης","name_en":null}},{"type":"Feature","id":629,"geometry":{"type":"Point","coordinates":[23.751011700000049,37.934331600000064]},"properties":{"OBJECTID":629,"amenity":"school","name":"11ο Δημοτικό Σχολείο Ηλιούπολης","name_en":null}},{"type":"Feature","id":631,"geometry":{"type":"Point","coordinates":[23.745892300000037,37.921004400000072]},"properties":{"OBJECTID":631,"amenity":"school","name":"Πολυκλαδικά Σχολεία","name_en":null}},{"type":"Feature","id":637,"geometry":{"type":"Point","coordinates":[23.728063500000076,38.041950300000053]},"properties":{"OBJECTID":637,"amenity":"school","name":"Πειραματικό Λύκειο Αγίων Αναργύρων","name_en":null}},{"type":"Feature","id":641,"geometry":{"type":"Point","coordinates":[23.818320300000039,37.997623700000076]},"properties":{"OBJECTID":641,"amenity":"school","name":"Κτήριο της Σχολής","name_en":null}},{"type":"Feature","id":659,"geometry":{"type":"Point","coordinates":[23.769805200000064,38.05158700000004]},"properties":{"OBJECTID":659,"amenity":"school","name":null,"name_en":null}},{"type":"Feature","id":664,"geometry":{"type":"Point","coordinates":[23.729071700000077,38.035710600000073]},"properties":{"OBJECTID":664,"amenity":"school","name":"3ο Δημοτικό Σχολείο Αγίων Αναργύρων","name_en":null}},{"type":"Feature","id":665,"geometry":{"type":"Point","coordinates":[23.713948000000073,37.995605300000079]},"properties":{"OBJECTID":665,"amenity":"school","name":"61ο & 57ο Δημοτικά Σχολεία Αθηνών","name_en":null}},{"type":"Feature","id":669,"geometry":{"type":"Point","coordinates":[23.809386800000027,38.033444900000063]},"properties":{"OBJECTID":669,"amenity":"school","name":"Λύκειο - Γυμνάσιο","name_en":null}},{"type":"Feature","id":671,"geometry":{"type":"Point","coordinates":[23.68244240000007,37.944339400000047]},"properties":{"OBJECTID":671,"amenity":"school","name":"2ο Γυμνάσιο Μοσχάτου","name_en":null}},{"type":"Feature","id":679,"geometry":{"type":"Point","coordinates":[23.753414700000064,37.914676600000064]},"properties":{"OBJECTID":679,"amenity":"school","name":null,"name_en":null}},{"type":"Feature","id":684,"geometry":{"type":"Point","coordinates":[23.778725100000031,38.00393710000003]},"properties":{"OBJECTID":684,"amenity":"school","name":"1ο Δημοτικό Σχολείο Νέου Ψυχικού","name_en":null}},{"type":"Feature","id":685,"geometry":{"type":"Point","coordinates":[23.784488200000055,38.003140300000041]},"properties":{"OBJECTID":685,"amenity":"school","name":"2ο Δημοτικό Σχολείο Νέου Ψυχικού","name_en":null}},{"type":"Feature","id":686,"geometry":{"type":"Point","coordinates":[23.777697800000055,38.002922200000057]},"properties":{"OBJECTID":686,"amenity":"school","name":"Γυμνάσιο - Ενιαίο Λύκειο Ελληνογαλλικής Σχολής Ουρσουλινών","name_en":null}},{"type":"Feature","id":693,"geometry":{"type":"Point","coordinates":[23.762656600000071,37.967911900000047]},"properties":{"OBJECTID":693,"amenity":"school","name":null,"name_en":null}},{"type":"Feature","id":701,"geometry":{"type":"Point","coordinates":[24.051921600000071,37.710153700000035]},"properties":{"OBJECTID":701,"amenity":"school","name":"2ο / 4ο Δημοτικό Σχολείο","name_en":null}},{"type":"Feature","id":702,"geometry":{"type":"Point","coordinates":[24.051899100000071,37.71103880000004]},"properties":{"OBJECTID":702,"amenity":"school","name":"2ο Γυμνάσιου Λαυρίου","name_en":null}},{"type":"Feature","id":704,"geometry":{"type":"Point","coordinates":[24.05228100000005,37.71705170000007]},"properties":{"OBJECTID":704,"amenity":"school","name":"Γενικό Λύκειο Λαυρίου","name_en":null}},{"type":"Feature","id":705,"geometry":{"type":"Point","coordinates":[24.05305670000007,37.717274700000075]},"properties":{"OBJECTID":705,"amenity":"school","name":"Γυμνάσιο Λαυρίου","name_en":null}},{"type":"Feature","id":706,"geometry":{"type":"Point","coordinates":[24.056041900000025,37.718876600000044]},"properties":{"OBJECTID":706,"amenity":"school","name":"1ο Δημοτικό Σχολείο Λαυρίου","name_en":null}},{"type":"Feature","id":707,"geometry":{"type":"Point","coordinates":[24.055974900000024,37.719615800000042]},"properties":{"OBJECTID":707,"amenity":"school","name":"Τεχνικό Λύκειο Λαυρίου","name_en":null}},{"type":"Feature","id":708,"geometry":{"type":"Point","coordinates":[24.053679900000077,37.719734500000072]},"properties":{"OBJECTID":708,"amenity":"school","name":"3ο Δημοτικό Σχολείο Λαυρίου","name_en":null}},{"type":"Feature","id":712,"geometry":{"type":"Point","coordinates":[23.638822100000027,37.928978500000028]},"properties":{"OBJECTID":712,"amenity":"school","name":"26ο Δημοτικό Σχολείο Πειραιά","name_en":null}},{"type":"Feature","id":713,"geometry":{"type":"Point","coordinates":[23.640718100000072,37.934096800000077]},"properties":{"OBJECTID":713,"amenity":"school","name":"33ο Δημοτικό Σχολείο Πειραιά","name_en":null}},{"type":"Feature","id":715,"geometry":{"type":"Point","coordinates":[23.627711400000067,37.930973200000039]},"properties":{"OBJECTID":715,"amenity":"school","name":"54ο Δημοτικό Σχολείο Πειραιά","name_en":null}},{"type":"Feature","id":718,"geometry":{"type":"Point","coordinates":[23.737275200000056,38.047853300000043]},"properties":{"OBJECTID":718,"amenity":"school","name":"7ο Νηπιαγωγείο","name_en":null}},{"type":"Feature","id":719,"geometry":{"type":"Point","coordinates":[23.747571700000037,38.052738800000043]},"properties":{"OBJECTID":719,"amenity":"school","name":"8ο Νηπιαγωγείο Νέας Φιλαδέλφειας","name_en":null}},{"type":"Feature","id":722,"geometry":{"type":"Point","coordinates":[23.739160600000048,38.04282180000007]},"properties":{"OBJECTID":722,"amenity":"school","name":"3ο Νηπιαγωγείο Νέας Φιλαδέλφειας","name_en":null}},{"type":"Feature","id":729,"geometry":{"type":"Point","coordinates":[23.631354900000076,37.946997200000055]},"properties":{"OBJECTID":729,"amenity":"school","name":null,"name_en":null}},{"type":"Feature","id":736,"geometry":{"type":"Point","coordinates":[23.62178190000003,37.954415200000028]},"properties":{"OBJECTID":736,"amenity":"school","name":"11o Δημοτικό Σχολείο Κερατσινίου","name_en":null}},{"type":"Feature","id":737,"geometry":{"type":"Point","coordinates":[23.621820200000059,37.954582800000026]},"properties":{"OBJECTID":737,"amenity":"school","name":null,"name_en":null}},{"type":"Feature","id":740,"geometry":{"type":"Point","coordinates":[23.622378400000059,37.952536800000075]},"properties":{"OBJECTID":740,"amenity":"school","name":"4o Ολοήμερο Δημοτικό Σχολείο Κερατσινίου","name_en":null}},{"type":"Feature","id":742,"geometry":{"type":"Point","coordinates":[23.617396900000074,37.955777800000078]},"properties":{"OBJECTID":742,"amenity":"school","name":"8ο και 17ο Δημοτικά Σχολεία Κερατσινίου","name_en":null}},{"type":"Feature","id":747,"geometry":{"type":"Point","coordinates":[23.616191000000072,37.949866600000064]},"properties":{"OBJECTID":747,"amenity":"school","name":null,"name_en":null}},{"type":"Feature","id":753,"geometry":{"type":"Point","coordinates":[23.670977700000037,37.946670700000027]},"properties":{"OBJECTID":753,"amenity":"school","name":"1ο Δημοτικό Σχολείο Νέου Φαλήρου","name_en":null}},{"type":"Feature","id":754,"geometry":{"type":"Point","coordinates":[23.709472100000028,37.962536500000056]},"properties":{"OBJECTID":754,"amenity":"school","name":"5o & 22o Δημοτικό Σχολείο Καλλιθέας","name_en":null}},{"type":"Feature","id":767,"geometry":{"type":"Point","coordinates":[23.671786800000064,37.980412600000079]},"properties":{"OBJECTID":767,"amenity":"school","name":null,"name_en":null}},{"type":"Feature","id":778,"geometry":{"type":"Point","coordinates":[23.824791400000038,38.010435800000039]},"properties":{"OBJECTID":778,"amenity":"school","name":"1ο Δημοτικό Αγ. Παρασκευής & 1ο Νηπιαγωγείο Αγ. Παρασκευής","name_en":null}},{"type":"Feature","id":779,"geometry":{"type":"Point","coordinates":[23.727536200000031,38.025911200000053]},"properties":{"OBJECTID":779,"amenity":"school","name":"Ενιαίο Λύκειο Νέας Χαλκηδόνας","name_en":null}},{"type":"Feature","id":781,"geometry":{"type":"Point","coordinates":[23.722853500000042,37.947085300000026]},"properties":{"OBJECTID":781,"amenity":"school","name":"3ο & 13ο Δημοτικό Σχολείο Νέας Σμύρνης","name_en":null}},{"type":"Feature","id":782,"geometry":{"type":"Point","coordinates":[23.722580100000073,37.946580600000061]},"properties":{"OBJECTID":782,"amenity":"school","name":"3ος Παιδικός Σταθμός Νέας Σμύρνης","name_en":null}},{"type":"Feature","id":785,"geometry":{"type":"Point","coordinates":[23.774892200000068,37.830908800000032]},"properties":{"OBJECTID":785,"amenity":"school","name":"4ο Νηπιαγωγείο Σχολείο Βούλας","name_en":null}},{"type":"Feature","id":786,"geometry":{"type":"Point","coordinates":[23.652390800000035,37.937054100000069]},"properties":{"OBJECTID":786,"amenity":"school","name":"9ο ΓΕΛ Πειραιά","name_en":null}},{"type":"Feature","id":788,"geometry":{"type":"Point","coordinates":[23.739678100000049,37.921787700000039]},"properties":{"OBJECTID":788,"amenity":"school","name":null,"name_en":null}},{"type":"Feature","id":789,"geometry":{"type":"Point","coordinates":[23.739715100000069,37.920993000000067]},"properties":{"OBJECTID":789,"amenity":"school","name":"2ο & 7ο Δημοτικά Σχολεία Αλίμου","name_en":null}},{"type":"Feature","id":796,"geometry":{"type":"Point","coordinates":[23.745547400000078,37.880037700000059]},"properties":{"OBJECTID":796,"amenity":"school","name":null,"name_en":null}},{"type":"Feature","id":802,"geometry":{"type":"Point","coordinates":[23.768821800000069,37.852279600000031]},"properties":{"OBJECTID":802,"amenity":"school","name":"2ο Γυμνάσιο - 2ο Λύκειο","name_en":null}},{"type":"Feature","id":811,"geometry":{"type":"Point","coordinates":[23.763402400000075,37.861514300000067]},"properties":{"OBJECTID":811,"amenity":"school","name":null,"name_en":null}},{"type":"Feature","id":812,"geometry":{"type":"Point","coordinates":[23.763907300000028,37.860670900000059]},"properties":{"OBJECTID":812,"amenity":"school","name":null,"name_en":null}},{"type":"Feature","id":814,"geometry":{"type":"Point","coordinates":[23.77942100000007,37.853122900000074]},"properties":{"OBJECTID":814,"amenity":"school","name":"3ο Δημοτικό","name_en":null}},{"type":"Feature","id":817,"geometry":{"type":"Point","coordinates":[23.774967200000049,37.971734000000026]},"properties":{"OBJECTID":817,"amenity":"school","name":"7ο Δημοτικό, 12ο Δημοτικό, 16ο Δημοτικό Ζωγράφου","name_en":null}},{"type":"Feature","id":824,"geometry":{"type":"Point","coordinates":[23.746159800000044,37.908613100000025]},"properties":{"OBJECTID":824,"amenity":"school","name":"11ο Δημοτικό Σχολείο Αργυρούπολης","name_en":null}},{"type":"Feature","id":826,"geometry":{"type":"Point","coordinates":[23.742474700000059,37.905428200000074]},"properties":{"OBJECTID":826,"amenity":"school","name":"3ο Δημοτικό Σχολείο Ελληνικού","name_en":null}},{"type":"Feature","id":879,"geometry":{"type":"Point","coordinates":[23.811560100000065,38.002970100000027]},"properties":{"OBJECTID":879,"amenity":"school","name":null,"name_en":null}},{"type":"Feature","id":899,"geometry":{"type":"Point","coordinates":[23.735577000000035,38.082117000000039]},"properties":{"OBJECTID":899,"amenity":"school","name":"1ο Δημοτικό Σχολείο Αχαρνών","name_en":null}},{"type":"Feature","id":900,"geometry":{"type":"Point","coordinates":[23.745453600000076,38.077247800000066]},"properties":{"OBJECTID":900,"amenity":"school","name":"1ο Ενιαίο Λύκειο Αχαρνών","name_en":null}},{"type":"Feature","id":901,"geometry":{"type":"Point","coordinates":[23.733457000000044,38.085403000000042]},"properties":{"OBJECTID":901,"amenity":"school","name":"5ο Δημοτικό Σχολείο Αχαρνών","name_en":null}},{"type":"Feature","id":902,"geometry":{"type":"Point","coordinates":[23.744571800000074,38.07122940000005]},"properties":{"OBJECTID":902,"amenity":"school","name":"5ος Δημοτικός Παιδικός Σταθμός Αχαρνών","name_en":null}},{"type":"Feature","id":911,"geometry":{"type":"Point","coordinates":[23.755933500000026,37.881258200000048]},"properties":{"OBJECTID":911,"amenity":"school","name":null,"name_en":null}},{"type":"Feature","id":914,"geometry":{"type":"Point","coordinates":[23.763635700000066,37.870306400000061]},"properties":{"OBJECTID":914,"amenity":"school","name":"6ο Γυμνάσιο Γλυφάδας","name_en":null}},{"type":"Feature","id":923,"geometry":{"type":"Point","coordinates":[23.767521800000054,37.898617700000045]},"properties":{"OBJECTID":923,"amenity":"school","name":null,"name_en":null}},{"type":"Feature","id":924,"geometry":{"type":"Point","coordinates":[23.770122800000024,37.900497400000063]},"properties":{"OBJECTID":924,"amenity":"school","name":null,"name_en":null}},{"type":"Feature","id":925,"geometry":{"type":"Point","coordinates":[23.774096900000075,37.884940000000029]},"properties":{"OBJECTID":925,"amenity":"school","name":"8ο Δημοτικό Σχολείο Γλυφάδας","name_en":null}},{"type":"Feature","id":928,"geometry":{"type":"Point","coordinates":[23.730743500000074,38.079982700000073]},"properties":{"OBJECTID":928,"amenity":"school","name":"1ο Γυμνάσιο Αχαρνών","name_en":null}},{"type":"Feature","id":931,"geometry":{"type":"Point","coordinates":[23.746734900000035,37.889155000000073]},"properties":{"OBJECTID":931,"amenity":"school","name":"1ο & 2ο Γυμνάσιο Ελληνικού","name_en":null}},{"type":"Feature","id":932,"geometry":{"type":"Point","coordinates":[23.771023800000023,37.893465400000025]},"properties":{"OBJECTID":932,"amenity":"school","name":"7ο Δημοτικό Σχολείο & 9ο Νηπιαγωγείο Γλυφάδας","name_en":null}},{"type":"Feature","id":933,"geometry":{"type":"Point","coordinates":[23.774830000000065,37.885520600000063]},"properties":{"OBJECTID":933,"amenity":"school","name":"4ο Γυμνάσιο-Λύκειο Γλυφάδας","name_en":null}},{"type":"Feature","id":948,"geometry":{"type":"Point","coordinates":[23.775113200000078,38.024325000000033]},"properties":{"OBJECTID":948,"amenity":"school","name":"Ιόνιος Σχολή","name_en":null}},{"type":"Feature","id":950,"geometry":{"type":"Point","coordinates":[23.692819000000043,37.93004030000003]},"properties":{"OBJECTID":950,"amenity":"school","name":null,"name_en":null}},{"type":"Feature","id":963,"geometry":{"type":"Point","coordinates":[23.699807800000031,37.927722900000049]},"properties":{"OBJECTID":963,"amenity":"school","name":"10th P.Faliro Dimotiko Sxoleio","name_en":null}},{"type":"Feature","id":965,"geometry":{"type":"Point","coordinates":[23.708852000000036,37.952627300000074]},"properties":{"OBJECTID":965,"amenity":"school","name":"7ο Λύκειο Καλλιθέας","name_en":null}},{"type":"Feature","id":966,"geometry":{"type":"Point","coordinates":[23.708330400000023,37.952389200000027]},"properties":{"OBJECTID":966,"amenity":"school","name":null,"name_en":null}},{"type":"Feature","id":987,"geometry":{"type":"Point","coordinates":[23.663637100000074,37.952168300000039]},"properties":{"OBJECTID":987,"amenity":"school","name":"1ο Επαγγελματικό Λύκειο Πειραιά","name_en":null}},{"type":"Feature","id":1009,"geometry":{"type":"Point","coordinates":[23.731349900000055,37.974248800000055]},"properties":{"OBJECTID":1009,"amenity":"school","name":"1ο Πειραματικό Γυμνάσιο / Λύκειο","name_en":null}},{"type":"Feature","id":1023,"geometry":{"type":"Point","coordinates":[23.735808400000053,38.075980000000072]},"properties":{"OBJECTID":1023,"amenity":"school","name":"12ο & 6ο Δημοτικό Σχολείο Αχαρνών","name_en":null}},{"type":"Feature","id":1024,"geometry":{"type":"Point","coordinates":[23.345292200000074,37.987939900000072]},"properties":{"OBJECTID":1024,"amenity":"school","name":"8ο Δημοτικό Σχολείο Μεγάρων","name_en":"8th Elementary School of Megara"}},{"type":"Feature","id":1038,"geometry":{"type":"Point","coordinates":[23.940724400000079,37.737534800000049]},"properties":{"OBJECTID":1038,"amenity":"school","name":null,"name_en":null}},{"type":"Feature","id":1043,"geometry":{"type":"Point","coordinates":[23.775226800000041,37.977586100000053]},"properties":{"OBJECTID":1043,"amenity":"school","name":"2ο Δημοτικό, 14ο Δημοτικό Ζωγράφου","name_en":null}},{"type":"Feature","id":1045,"geometry":{"type":"Point","coordinates":[23.725829000000033,38.093408000000068]},"properties":{"OBJECTID":1045,"amenity":"school","name":"Διαπολιτισμικό Γυμνάσιο Αχαρνών","name_en":null}},{"type":"Feature","id":1052,"geometry":{"type":"Point","coordinates":[23.766893100000061,37.971504100000061]},"properties":{"OBJECTID":1052,"amenity":"school","name":"6ο Γυμνάσιο, 6ο Λύκειο Ζωγράφου","name_en":null}},{"type":"Feature","id":1056,"geometry":{"type":"Point","coordinates":[23.787913500000059,38.030733500000053]},"properties":{"OBJECTID":1056,"amenity":"school","name":"7ο Δημοτικό Σχολείο Αμαρουσίου","name_en":null}},{"type":"Feature","id":1058,"geometry":{"type":"Point","coordinates":[23.651088700000059,37.935494900000037]},"properties":{"OBJECTID":1058,"amenity":"school","name":"28ο Δημοτικό Σχολείο Πειραιά","name_en":null}},{"type":"Feature","id":1062,"geometry":{"type":"Point","coordinates":[23.785045700000069,38.030571100000031]},"properties":{"OBJECTID":1062,"amenity":"school","name":"1ο Νηπιαγωγείο Αμαρουσίου","name_en":null}},{"type":"Feature","id":1063,"geometry":{"type":"Point","coordinates":[23.786999500000036,38.031187600000067]},"properties":{"OBJECTID":1063,"amenity":"school","name":"8ο Γυμνάσιο Αμαρουσίου","name_en":null}},{"type":"Feature","id":1064,"geometry":{"type":"Point","coordinates":[23.781437100000062,38.030160100000046]},"properties":{"OBJECTID":1064,"amenity":"school","name":"3 Γουρουνάκια - Παιδικός Σταθμός, Νηπιαγωγείο","name_en":null}},{"type":"Feature","id":1066,"geometry":{"type":"Point","coordinates":[23.775115000000028,38.030675000000031]},"properties":{"OBJECTID":1066,"amenity":"school","name":"Λύκειο Φιλοθέης","name_en":null}},{"type":"Feature","id":1067,"geometry":{"type":"Point","coordinates":[23.782122800000025,38.021593900000028]},"properties":{"OBJECTID":1067,"amenity":"school","name":"Γυμνάσιο Φιλοθέης","name_en":null}},{"type":"Feature","id":1069,"geometry":{"type":"Point","coordinates":[23.783316900000045,38.024749200000031]},"properties":{"OBJECTID":1069,"amenity":"school","name":"Δημοτικό Σχολείο Φιλοθέης","name_en":null}},{"type":"Feature","id":1070,"geometry":{"type":"Point","coordinates":[23.783945600000038,38.023894400000074]},"properties":{"OBJECTID":1070,"amenity":"school","name":"Νηπιαγωγείο Φιλοθέης","name_en":null}},{"type":"Feature","id":1071,"geometry":{"type":"Point","coordinates":[23.784728800000039,38.022970000000043]},"properties":{"OBJECTID":1071,"amenity":"school","name":"Ειδικό Κωφών και Βαρήκοων","name_en":null}},{"type":"Feature","id":1074,"geometry":{"type":"Point","coordinates":[23.651580300000035,37.941772000000071]},"properties":{"OBJECTID":1074,"amenity":"school","name":"21ο Δημοτικό Σχολείο Πειραιά","name_en":null}},{"type":"Feature","id":1083,"geometry":{"type":"Point","coordinates":[23.610695700000065,37.950628100000074]},"properties":{"OBJECTID":1083,"amenity":"school","name":"4ο Λύκειο","name_en":null}},{"type":"Feature","id":1085,"geometry":{"type":"Point","coordinates":[23.457995200000028,37.503558600000076]},"properties":{"OBJECTID":1085,"amenity":"school","name":"Γενικό Λύκειο Πόρου","name_en":null}},{"type":"Feature","id":1087,"geometry":{"type":"Point","coordinates":[23.656218200000069,37.959188700000027]},"properties":{"OBJECTID":1087,"amenity":"school","name":null,"name_en":null}},{"type":"Feature","id":1196,"geometry":{"type":"Point","coordinates":[23.825797000000023,38.136057600000072]},"properties":{"OBJECTID":1196,"amenity":"school","name":"ΓΕΛ Κρυονερίου","name_en":null}},{"type":"Feature","id":1197,"geometry":{"type":"Point","coordinates":[23.862976500000059,38.123831000000052]},"properties":{"OBJECTID":1197,"amenity":"school","name":"ΕΠΑΛ Κρυονερίου (Δ. Διονύσου)","name_en":null}},{"type":"Feature","id":1198,"geometry":{"type":"Point","coordinates":[23.758942300000058,38.036044300000071]},"properties":{"OBJECTID":1198,"amenity":"school","name":"6ο & 13ο Δημοτικά Σχολεία Νέας Ιωνίας","name_en":null}},{"type":"Feature","id":1199,"geometry":{"type":"Point","coordinates":[23.749566900000048,38.033967100000041]},"properties":{"OBJECTID":1199,"amenity":"school","name":"6ο Λύκειο Ν. Ιωνίας","name_en":null}},{"type":"Feature","id":1208,"geometry":{"type":"Point","coordinates":[23.719085700000051,37.991940600000078]},"properties":{"OBJECTID":1208,"amenity":"school","name":"67ο Δημοτικό Σχολείο Αθηνών","name_en":null}},{"type":"Feature","id":1216,"geometry":{"type":"Point","coordinates":[23.621068100000059,37.964647700000057]},"properties":{"OBJECTID":1216,"amenity":"school","name":"15ο Ολοήμερο Δημοτικό Σχολείο Κερατσινίου","name_en":null}},{"type":"Feature","id":1217,"geometry":{"type":"Point","coordinates":[23.619867200000044,37.961880300000075]},"properties":{"OBJECTID":1217,"amenity":"school","name":"7ο Ολοήμερο Δημοτικό Σχολείο Κερατσινίου","name_en":null}},{"type":"Feature","id":1218,"geometry":{"type":"Point","coordinates":[23.763725700000066,38.033152900000061]},"properties":{"OBJECTID":1218,"amenity":"school","name":"11ο & 15ο Δημοτικά Σχολεία Νέας Ιωνίας","name_en":null}},{"type":"Feature","id":1221,"geometry":{"type":"Point","coordinates":[23.610195200000078,37.96735110000003]},"properties":{"OBJECTID":1221,"amenity":"school","name":"23o Δημοτικό Σχολείο Κερατσινίου","name_en":null}},{"type":"Feature","id":1222,"geometry":{"type":"Point","coordinates":[23.620948600000077,37.972115500000029]},"properties":{"OBJECTID":1222,"amenity":"school","name":"3ο Ολοήμερο Δημοτικό Σχολείο Κερατσινίου","name_en":null}},{"type":"Feature","id":1223,"geometry":{"type":"Point","coordinates":[23.622785700000065,37.970952400000044]},"properties":{"OBJECTID":1223,"amenity":"school","name":"9ο Ολοήμερο Δημοτικό Σχολείο Κερατσινίου","name_en":null}},{"type":"Feature","id":1224,"geometry":{"type":"Point","coordinates":[23.627964300000031,37.96746980000006]},"properties":{"OBJECTID":1224,"amenity":"school","name":"3o Ενιαίο Λύκειο και 1ο Γυμνάσιο Κερατσινίου","name_en":null}},{"type":"Feature","id":1225,"geometry":{"type":"Point","coordinates":[23.641098200000044,37.971211700000026]},"properties":{"OBJECTID":1225,"amenity":"school","name":null,"name_en":null}},{"type":"Feature","id":1228,"geometry":{"type":"Point","coordinates":[23.626266300000054,37.968769800000075]},"properties":{"OBJECTID":1228,"amenity":"school","name":"14ο & 19ο Δημοτικά Σχολεία Κερατσινίου","name_en":null}},{"type":"Feature","id":1229,"geometry":{"type":"Point","coordinates":[23.626646100000073,37.973880100000031]},"properties":{"OBJECTID":1229,"amenity":"school","name":"18ο Ολοήμερο & 24ο Δημοτικά Σχολεία Κερατσινίου","name_en":null}},{"type":"Feature","id":1230,"geometry":{"type":"Point","coordinates":[23.620975800000053,37.968631300000027]},"properties":{"OBJECTID":1230,"amenity":"school","name":"5o Ολοήμερο και 22ο Δημοτικά Σχολεία Κερατσινίου","name_en":null}},{"type":"Feature","id":1231,"geometry":{"type":"Point","coordinates":[23.626955900000041,37.962968800000056]},"properties":{"OBJECTID":1231,"amenity":"school","name":"3ο και 7ο Γυμνάσια Κερατσινίου","name_en":null}},{"type":"Feature","id":1232,"geometry":{"type":"Point","coordinates":[23.626396800000066,37.962962900000036]},"properties":{"OBJECTID":1232,"amenity":"school","name":"1ο Ολοήμερο και 2ο Δημοτικά Σχολεία Κερατσινίου","name_en":null}},{"type":"Feature","id":1237,"geometry":{"type":"Point","coordinates":[23.644239900000059,37.964144300000044]},"properties":{"OBJECTID":1237,"amenity":"school","name":null,"name_en":null}},{"type":"Feature","id":1241,"geometry":{"type":"Point","coordinates":[23.626447000000041,37.970043100000055]},"properties":{"OBJECTID":1241,"amenity":"school","name":"2ο Γυμνάσιο και 2ο Λύκειο Κερατσινίου","name_en":null}},{"type":"Feature","id":1247,"geometry":{"type":"Point","coordinates":[23.757731700000022,37.906269900000041]},"properties":{"OBJECTID":1247,"amenity":"school","name":"2ο Γυμνάσιο Αργυρούπολης","name_en":null}},{"type":"Feature","id":1250,"geometry":{"type":"Point","coordinates":[23.836904700000048,38.03326270000008]},"properties":{"OBJECTID":1250,"amenity":"school","name":null,"name_en":null}},{"type":"Feature","id":1254,"geometry":{"type":"Point","coordinates":[23.650804600000072,38.009751900000026]},"properties":{"OBJECTID":1254,"amenity":"school","name":"5ο Δημοτικό Σχολείο Χαϊδαρίου","name_en":null}},{"type":"Feature","id":1256,"geometry":{"type":"Point","coordinates":[23.779677700000036,38.018884700000058]},"properties":{"OBJECTID":1256,"amenity":"school","name":null,"name_en":null}},{"type":"Feature","id":1257,"geometry":{"type":"Point","coordinates":[23.781658600000071,38.01884670000004]},"properties":{"OBJECTID":1257,"amenity":"school","name":null,"name_en":null}},{"type":"Feature","id":1258,"geometry":{"type":"Point","coordinates":[23.780534700000032,38.019212100000061]},"properties":{"OBJECTID":1258,"amenity":"school","name":null,"name_en":null}},{"type":"Feature","id":1259,"geometry":{"type":"Point","coordinates":[23.780813700000067,38.01869860000005]},"properties":{"OBJECTID":1259,"amenity":"school","name":"Κολλέγιο Αθηνών","name_en":null}},{"type":"Feature","id":1260,"geometry":{"type":"Point","coordinates":[23.781527200000028,38.017581900000039]},"properties":{"OBJECTID":1260,"amenity":"school","name":"IB Building","name_en":null}},{"type":"Feature","id":1261,"geometry":{"type":"Point","coordinates":[23.781557900000053,38.017975000000035]},"properties":{"OBJECTID":1261,"amenity":"school","name":"Athens College Library","name_en":null}},{"type":"Feature","id":1262,"geometry":{"type":"Point","coordinates":[23.781668600000046,38.018444400000078]},"properties":{"OBJECTID":1262,"amenity":"school","name":null,"name_en":null}},{"type":"Feature","id":1263,"geometry":{"type":"Point","coordinates":[23.755427400000031,37.858976900000073]},"properties":{"OBJECTID":1263,"amenity":"school","name":null,"name_en":null}},{"type":"Feature","id":1264,"geometry":{"type":"Point","coordinates":[23.659100800000033,38.00954500000006]},"properties":{"OBJECTID":1264,"amenity":"school","name":"1ο Γυμνάσιο και Λύκειο Χαϊδαρίου","name_en":null}},{"type":"Feature","id":1278,"geometry":{"type":"Point","coordinates":[23.640574900000047,37.977452500000027]},"properties":{"OBJECTID":1278,"amenity":"school","name":"9o Δημοτικό Σχολείο Νίκαιας","name_en":null}},{"type":"Feature","id":1282,"geometry":{"type":"Point","coordinates":[23.735592200000042,37.917289800000049]},"properties":{"OBJECTID":1282,"amenity":"school","name":"4ο Δημοτικό Σχολείο Αλίμου","name_en":null}},{"type":"Feature","id":1284,"geometry":{"type":"Point","coordinates":[23.707925900000077,37.980940600000054]},"properties":{"OBJECTID":1284,"amenity":"school","name":"85ο Δημοτικό Σχολείο Αθηνών","name_en":null}},{"type":"Feature","id":1299,"geometry":{"type":"Point","coordinates":[23.732038400000079,38.008397800000068]},"properties":{"OBJECTID":1299,"amenity":"school","name":null,"name_en":null}},{"type":"Feature","id":1302,"geometry":{"type":"Point","coordinates":[23.651257800000053,37.937361400000043]},"properties":{"OBJECTID":1302,"amenity":"school","name":"9ο Γυμνάσιο Πειραιά","name_en":null}},{"type":"Feature","id":1305,"geometry":{"type":"Point","coordinates":[23.615368200000034,37.961726500000054]},"properties":{"OBJECTID":1305,"amenity":"school","name":"10ο Ολοήμερο Δημοτικό Σχολείο Κερατσινίου","name_en":null}},{"type":"Feature","id":1309,"geometry":{"type":"Point","coordinates":[23.734963400000026,38.05484940000008]},"properties":{"OBJECTID":1309,"amenity":"school","name":"4ο Γυμνάσιο Αχαρνών","name_en":null}},{"type":"Feature","id":1310,"geometry":{"type":"Point","coordinates":[23.759497100000033,38.064596400000028]},"properties":{"OBJECTID":1310,"amenity":"school","name":"1ο Λύκειο Μεταμόρφωσης","name_en":null}},{"type":"Feature","id":1312,"geometry":{"type":"Point","coordinates":[23.744058000000052,38.084187500000041]},"properties":{"OBJECTID":1312,"amenity":"school","name":"10 Γυμνάσιο Αχαρνών","name_en":null}},{"type":"Feature","id":1334,"geometry":{"type":"Point","coordinates":[23.793695300000024,38.048728400000073]},"properties":{"OBJECTID":1334,"amenity":"school","name":"3ο Ημερήσιο Ενιαίο Λύκειο Αμαρουσίου","name_en":null}},{"type":"Feature","id":1344,"geometry":{"type":"Point","coordinates":[23.81473740000007,38.048982500000079]},"properties":{"OBJECTID":1344,"amenity":"school","name":null,"name_en":null}},{"type":"Feature","id":1345,"geometry":{"type":"Point","coordinates":[23.686771600000043,38.001400300000057]},"properties":{"OBJECTID":1345,"amenity":"school","name":"14ο Γενικό Λύκειο Περιστερίου","name_en":null}},{"type":"Feature","id":1352,"geometry":{"type":"Point","coordinates":[23.753070900000068,37.936289600000066]},"properties":{"OBJECTID":1352,"amenity":"school","name":"3ο Γυμνάσιο, 2ο Λύκειο Ηλιούπολης","name_en":null}},{"type":"Feature","id":1354,"geometry":{"type":"Point","coordinates":[23.766994800000077,37.947975000000042]},"properties":{"OBJECTID":1354,"amenity":"school","name":null,"name_en":null}},{"type":"Feature","id":1355,"geometry":{"type":"Point","coordinates":[23.766506400000026,37.94749180000008]},"properties":{"OBJECTID":1355,"amenity":"school","name":null,"name_en":null}},{"type":"Feature","id":1357,"geometry":{"type":"Point","coordinates":[23.860147900000072,37.99047360000003]},"properties":{"OBJECTID":1357,"amenity":"school","name":"3ο Νηπιαγωγείο Παλλήνης","name_en":null}},{"type":"Feature","id":1363,"geometry":{"type":"Point","coordinates":[23.700510700000052,37.954405400000041]},"properties":{"OBJECTID":1363,"amenity":"school","name":"4ο Λύκειο Καλλιθέας","name_en":null}},{"type":"Feature","id":1364,"geometry":{"type":"Point","coordinates":[23.700480300000038,37.954310700000065]},"properties":{"OBJECTID":1364,"amenity":"school","name":"Σχολείο","name_en":null}},{"type":"Feature","id":1368,"geometry":{"type":"Point","coordinates":[23.738523600000065,38.085453200000075]},"properties":{"OBJECTID":1368,"amenity":"school","name":"ΕΠΑΣ Αχαρνών","name_en":null}},{"type":"Feature","id":1369,"geometry":{"type":"Point","coordinates":[23.598985600000049,37.962667800000077]},"properties":{"OBJECTID":1369,"amenity":"school","name":"Δημοτικό Σχολείο Νέου Ικονίου","name_en":null}},{"type":"Feature","id":1371,"geometry":{"type":"Point","coordinates":[23.597811100000058,37.96281520000008]},"properties":{"OBJECTID":1371,"amenity":"school","name":"3o Γυμνάσιο και 2ο Γενικό Λύκειο Περάματος","name_en":null}},{"type":"Feature","id":1388,"geometry":{"type":"Point","coordinates":[23.802031200000044,38.034648100000027]},"properties":{"OBJECTID":1388,"amenity":"school","name":"6ο Δημοτικό Σχολείο Αμαρουσίου","name_en":null}},{"type":"Feature","id":1394,"geometry":{"type":"Point","coordinates":[23.794727800000032,38.037602000000049]},"properties":{"OBJECTID":1394,"amenity":"school","name":"Γερμανική Σχολή Αθηνών","name_en":"German School of Athens"}},{"type":"Feature","id":1432,"geometry":{"type":"Point","coordinates":[23.732103600000073,38.080180800000051]},"properties":{"OBJECTID":1432,"amenity":"school","name":"3ο Δημοτικό Αχαρνών","name_en":null}},{"type":"Feature","id":1433,"geometry":{"type":"Point","coordinates":[23.73143170000003,38.080089000000044]},"properties":{"OBJECTID":1433,"amenity":"school","name":"7ο Γενικό Λύκειο Αχαρνών","name_en":null}},{"type":"Feature","id":1439,"geometry":{"type":"Point","coordinates":[23.780222800000047,38.017033000000026]},"properties":{"OBJECTID":1439,"amenity":"school","name":"Κολλέγιο Αθηνών - Κολλέγιο Ψυχικού","name_en":"Athens College - Psichiko College"}},{"type":"Feature","id":1443,"geometry":{"type":"Point","coordinates":[23.738587500000051,38.025866600000029]},"properties":{"OBJECTID":1443,"amenity":"school","name":"59ο Ενιαίο Γυμνάσιο & Λύκειο Αθηνών","name_en":null}},{"type":"Feature","id":1459,"geometry":{"type":"Point","coordinates":[23.651430100000027,38.017157900000029]},"properties":{"OBJECTID":1459,"amenity":"school","name":"1ο Δημοτικό Σχολείο Χαϊδαρίου","name_en":null}},{"type":"Feature","id":1460,"geometry":{"type":"Point","coordinates":[23.776189600000066,38.012099300000045]},"properties":{"OBJECTID":1460,"amenity":"school","name":"The Moraitis School","name_en":null}},{"type":"Feature","id":1471,"geometry":{"type":"Point","coordinates":[23.746240100000023,37.892662100000052]},"properties":{"OBJECTID":1471,"amenity":"school","name":"2ο Δημοτικό Σχολείο Ελληνικού","name_en":null}},{"type":"Feature","id":1472,"geometry":{"type":"Point","coordinates":[23.746628600000065,37.89200900000003]},"properties":{"OBJECTID":1472,"amenity":"school","name":"1ο ΕΠΑΛ Ελληνικού","name_en":null}},{"type":"Feature","id":1481,"geometry":{"type":"Point","coordinates":[23.710666400000036,38.001816800000029]},"properties":{"OBJECTID":1481,"amenity":"school","name":"144ο Δημοτικό Σχολείο Αθηνών","name_en":null}},{"type":"Feature","id":1482,"geometry":{"type":"Point","coordinates":[23.70700000000005,38.038905600000078]},"properties":{"OBJECTID":1482,"amenity":"school","name":null,"name_en":null}},{"type":"Feature","id":1487,"geometry":{"type":"Point","coordinates":[23.661445000000072,38.012095500000044]},"properties":{"OBJECTID":1487,"amenity":"school","name":"3ο Δημοτικό Σχολείο Χαϊδαρίου","name_en":null}},{"type":"Feature","id":1489,"geometry":{"type":"Point","coordinates":[23.729507400000045,38.090027100000043]},"properties":{"OBJECTID":1489,"amenity":"school","name":"10ο Δημοτικό Σχολείο Αχαρνών","name_en":null}},{"type":"Feature","id":1490,"geometry":{"type":"Point","coordinates":[23.727778000000058,38.089620700000069]},"properties":{"OBJECTID":1490,"amenity":"school","name":null,"name_en":null}},{"type":"Feature","id":1491,"geometry":{"type":"Point","coordinates":[23.721313400000042,38.085866100000032]},"properties":{"OBJECTID":1491,"amenity":"school","name":null,"name_en":null}},{"type":"Feature","id":1494,"geometry":{"type":"Point","coordinates":[23.780100600000026,38.065823100000046]},"properties":{"OBJECTID":1494,"amenity":"school","name":"1ο Γυμνάσιο Λυκόβρυσης","name_en":null}},{"type":"Feature","id":1500,"geometry":{"type":"Point","coordinates":[23.77066990000003,38.009126700000024]},"properties":{"OBJECTID":1500,"amenity":"school","name":null,"name_en":null}},{"type":"Feature","id":1502,"geometry":{"type":"Point","coordinates":[23.680819700000029,38.027935600000035]},"properties":{"OBJECTID":1502,"amenity":"school","name":null,"name_en":null}},{"type":"Feature","id":1503,"geometry":{"type":"Point","coordinates":[23.679558200000031,38.027974900000061]},"properties":{"OBJECTID":1503,"amenity":"school","name":null,"name_en":null}},{"type":"Feature","id":1504,"geometry":{"type":"Point","coordinates":[23.680034400000068,38.02774560000006]},"properties":{"OBJECTID":1504,"amenity":"school","name":null,"name_en":null}},{"type":"Feature","id":1505,"geometry":{"type":"Point","coordinates":[23.680900300000076,38.028197100000057]},"properties":{"OBJECTID":1505,"amenity":"school","name":null,"name_en":null}},{"type":"Feature","id":1506,"geometry":{"type":"Point","coordinates":[23.679945700000076,38.027946900000074]},"properties":{"OBJECTID":1506,"amenity":"school","name":null,"name_en":null}},{"type":"Feature","id":1507,"geometry":{"type":"Point","coordinates":[23.715656800000033,38.074457800000062]},"properties":{"OBJECTID":1507,"amenity":"school","name":null,"name_en":null}},{"type":"Feature","id":1508,"geometry":{"type":"Point","coordinates":[23.75245110000003,37.895346000000075]},"properties":{"OBJECTID":1508,"amenity":"school","name":"4ο Δημοτικό Σχολείο Ελληνικού","name_en":null}},{"type":"Feature","id":1511,"geometry":{"type":"Point","coordinates":[23.74595000000005,38.111962100000028]},"properties":{"OBJECTID":1511,"amenity":"school","name":null,"name_en":null}},{"type":"Feature","id":1513,"geometry":{"type":"Point","coordinates":[23.703548100000035,37.976228900000081]},"properties":{"OBJECTID":1513,"amenity":"school","name":null,"name_en":null}},{"type":"Feature","id":1514,"geometry":{"type":"Point","coordinates":[23.714943300000073,37.972699100000057]},"properties":{"OBJECTID":1514,"amenity":"school","name":"34ο Ενιαίο Λύκειο Αθηνών","name_en":null}},{"type":"Feature","id":1517,"geometry":{"type":"Point","coordinates":[23.673533100000043,37.946314900000061]},"properties":{"OBJECTID":1517,"amenity":"school","name":"6ο Δημοτικό Σχολείο Μοσχάτου","name_en":null}},{"type":"Feature","id":1521,"geometry":{"type":"Point","coordinates":[23.746771200000069,37.978730000000041]},"properties":{"OBJECTID":1521,"amenity":"school","name":"Μαράσλειο Διδασκαλείο","name_en":null}},{"type":"Feature","id":1522,"geometry":{"type":"Point","coordinates":[23.802121700000043,37.996097100000043]},"properties":{"OBJECTID":1522,"amenity":"school","name":"1ο & 3ο Λύκειο Χολαργού","name_en":null}},{"type":"Feature","id":1529,"geometry":{"type":"Point","coordinates":[23.75195750000006,38.141443700000025]},"properties":{"OBJECTID":1529,"amenity":"school","name":"2ο Δημοτικό Θρακομακεδόνων","name_en":null}},{"type":"Feature","id":1530,"geometry":{"type":"Point","coordinates":[23.752392400000076,38.141316400000051]},"properties":{"OBJECTID":1530,"amenity":"school","name":null,"name_en":null}},{"type":"Feature","id":1531,"geometry":{"type":"Point","coordinates":[23.741886300000033,38.099315300000058]},"properties":{"OBJECTID":1531,"amenity":"school","name":null,"name_en":null}},{"type":"Feature","id":1532,"geometry":{"type":"Point","coordinates":[23.740886600000067,38.098539900000048]},"properties":{"OBJECTID":1532,"amenity":"school","name":"19ο Νηπιαγωγείο Αχαρνών","name_en":null}},{"type":"Feature","id":1533,"geometry":{"type":"Point","coordinates":[23.739248900000064,38.091552600000057]},"properties":{"OBJECTID":1533,"amenity":"school","name":"22ο Δημοτικό Σχολείο Αχαρνών","name_en":null}},{"type":"Feature","id":1534,"geometry":{"type":"Point","coordinates":[23.739945000000034,38.091818600000067]},"properties":{"OBJECTID":1534,"amenity":"school","name":"3ο Γυμνάσιο Αχαρνών","name_en":null}},{"type":"Feature","id":1535,"geometry":{"type":"Point","coordinates":[23.741929900000059,38.099973900000066]},"properties":{"OBJECTID":1535,"amenity":"school","name":"1ο Επαγγελματικό Λύκειο Αχαρνών","name_en":null}},{"type":"Feature","id":1536,"geometry":{"type":"Point","coordinates":[23.745103400000062,38.089022700000044]},"properties":{"OBJECTID":1536,"amenity":"school","name":"13ο Νηπιαγωγείο Αχαρνών","name_en":null}},{"type":"Feature","id":1537,"geometry":{"type":"Point","coordinates":[23.741574100000037,38.098221700000067]},"properties":{"OBJECTID":1537,"amenity":"school","name":"25ο Δημοτικό Σχολείο Αχαρνών","name_en":null}},{"type":"Feature","id":1539,"geometry":{"type":"Point","coordinates":[23.747969800000078,38.094479800000045]},"properties":{"OBJECTID":1539,"amenity":"school","name":"15ο Δημοτικό Σχολείο Αχαρνών","name_en":null}},{"type":"Feature","id":1546,"geometry":{"type":"Point","coordinates":[23.727290200000027,37.933230500000036]},"properties":{"OBJECTID":1546,"amenity":"school","name":"3ο Γυμνάσιο Αγίου Δημητρίου","name_en":null}},{"type":"Feature","id":1547,"geometry":{"type":"Point","coordinates":[23.72797810000003,37.933260300000029]},"properties":{"OBJECTID":1547,"amenity":"school","name":"2ο Λύκειο Αγίου Δημητρίου","name_en":null}},{"type":"Feature","id":1550,"geometry":{"type":"Point","coordinates":[23.824990100000036,38.002954400000078]},"properties":{"OBJECTID":1550,"amenity":"school","name":"2ο Δημοτικό Σχολείο Αγίας Παρασκευής","name_en":null}},{"type":"Feature","id":1551,"geometry":{"type":"Point","coordinates":[23.824264800000037,38.002954600000066]},"properties":{"OBJECTID":1551,"amenity":"school","name":"2ο Γυμνάσιο Αγίας Παρασκευής","name_en":null}},{"type":"Feature","id":1553,"geometry":{"type":"Point","coordinates":[23.713017500000035,37.931544000000031]},"properties":{"OBJECTID":1553,"amenity":"school","name":null,"name_en":null}},{"type":"Feature","id":1554,"geometry":{"type":"Point","coordinates":[23.712183000000039,37.92666070000007]},"properties":{"OBJECTID":1554,"amenity":"school","name":null,"name_en":null}},{"type":"Feature","id":1555,"geometry":{"type":"Point","coordinates":[23.698975000000075,37.947948900000029]},"properties":{"OBJECTID":1555,"amenity":"school","name":"23ο Δημοτικό Σχολείο Καλλιθέας","name_en":null}},{"type":"Feature","id":1556,"geometry":{"type":"Point","coordinates":[23.69625300000007,37.945295500000043]},"properties":{"OBJECTID":1556,"amenity":"school","name":"10ο Δημοτικό Σχολείο","name_en":null}},{"type":"Feature","id":1557,"geometry":{"type":"Point","coordinates":[23.696993200000065,37.944881600000031]},"properties":{"OBJECTID":1557,"amenity":"school","name":"14ο Γυμνάσιο Καλλιθέας","name_en":null}},{"type":"Feature","id":1558,"geometry":{"type":"Point","coordinates":[23.693973400000061,37.945356600000025]},"properties":{"OBJECTID":1558,"amenity":"school","name":"7ο Γυμνάσιο","name_en":null}},{"type":"Feature","id":1559,"geometry":{"type":"Point","coordinates":[23.688180900000077,37.951493800000037]},"properties":{"OBJECTID":1559,"amenity":"school","name":"12ο Δημοτικό Σχολείο","name_en":null}},{"type":"Feature","id":1560,"geometry":{"type":"Point","coordinates":[23.693278100000043,37.953809600000056]},"properties":{"OBJECTID":1560,"amenity":"school","name":"26ο Δημοτικό Καλλιθέας","name_en":null}},{"type":"Feature","id":1561,"geometry":{"type":"Point","coordinates":[23.694070300000078,37.956596800000057]},"properties":{"OBJECTID":1561,"amenity":"school","name":"14ο Δημοτικό Καλλιθέας","name_en":"14th Primary School of Kallithea"}},{"type":"Feature","id":1562,"geometry":{"type":"Point","coordinates":[23.713366300000075,37.956977600000073]},"properties":{"OBJECTID":1562,"amenity":"school","name":"11ο Δημοτικό Σχολείο Καλλιθέας","name_en":null}},{"type":"Feature","id":1570,"geometry":{"type":"Point","coordinates":[23.740709600000059,37.993184900000074]},"properties":{"OBJECTID":1570,"amenity":"school","name":"28ο Δημοτικό Σχολείο Αθηνών","name_en":"28th Elementary School Athens"}},{"type":"Feature","id":1572,"geometry":{"type":"Point","coordinates":[23.701442800000052,38.007637300000056]},"properties":{"OBJECTID":1572,"amenity":"school","name":"3ο Γυμνάσιο Περιστερίου","name_en":null}},{"type":"Feature","id":1574,"geometry":{"type":"Point","coordinates":[23.711363600000027,37.973780100000056]},"properties":{"OBJECTID":1574,"amenity":"school","name":"12ο Λύκειο Αθηνών","name_en":null}},{"type":"Feature","id":1592,"geometry":{"type":"Point","coordinates":[23.715190500000062,37.909693100000027]},"properties":{"OBJECTID":1592,"amenity":"school","name":"1ο Δημοτικό Σχολείο Αλίμου","name_en":null}},{"type":"Feature","id":1593,"geometry":{"type":"Point","coordinates":[23.644522800000061,37.98769980000003]},"properties":{"OBJECTID":1593,"amenity":"school","name":"5ο Γυμνάσιο Κορυδαλλού","name_en":null}},{"type":"Feature","id":1594,"geometry":{"type":"Point","coordinates":[23.676859200000024,38.01046180000003]},"properties":{"OBJECTID":1594,"amenity":"school","name":"5ο Λυκειο Περιστερίου","name_en":null}},{"type":"Feature","id":1595,"geometry":{"type":"Point","coordinates":[23.73244690000007,38.023142800000073]},"properties":{"OBJECTID":1595,"amenity":"school","name":"Λεόντειο Λύκειο Πατησίων","name_en":null}},{"type":"Feature","id":1601,"geometry":{"type":"Point","coordinates":[23.490548700000033,38.079334900000049]},"properties":{"OBJECTID":1601,"amenity":"school","name":"2ο Δημοτικό σχολείο Μάνδρας","name_en":null}},{"type":"Feature","id":1602,"geometry":{"type":"Point","coordinates":[23.490812300000073,38.079301000000044]},"properties":{"OBJECTID":1602,"amenity":"school","name":"2ο Δημοτικό σχολείο","name_en":null}},{"type":"Feature","id":1603,"geometry":{"type":"Point","coordinates":[23.725212000000056,37.996895700000039]},"properties":{"OBJECTID":1603,"amenity":"school","name":"99ο Δημοτικό Σχολείο Αθηνών","name_en":null}},{"type":"Feature","id":1605,"geometry":{"type":"Point","coordinates":[23.770555100000024,37.993138500000043]},"properties":{"OBJECTID":1605,"amenity":"school","name":"12ο Δημοτικό Σχολείο Αθηνών","name_en":null}},{"type":"Feature","id":1607,"geometry":{"type":"Point","coordinates":[23.702122200000076,38.030719200000078]},"properties":{"OBJECTID":1607,"amenity":"school","name":"1ο ΓΕΛ Ιλίου","name_en":null}},{"type":"Feature","id":1629,"geometry":{"type":"Point","coordinates":[23.746374600000024,38.083801100000073]},"properties":{"OBJECTID":1629,"amenity":"school","name":null,"name_en":null}},{"type":"Feature","id":1633,"geometry":{"type":"Point","coordinates":[23.522124400000052,38.077774000000034]},"properties":{"OBJECTID":1633,"amenity":"school","name":null,"name_en":null}},{"type":"Feature","id":1654,"geometry":{"type":"Point","coordinates":[23.761505700000043,38.049165900000048]},"properties":{"OBJECTID":1654,"amenity":"school","name":"3ο Γενικό Λύκειο Νέου Ηρακλείου Αττικής","name_en":null}},{"type":"Feature","id":1660,"geometry":{"type":"Point","coordinates":[23.654189200000076,37.962506200000064]},"properties":{"OBJECTID":1660,"amenity":"school","name":"13ο Δημοτικό","name_en":null}},{"type":"Feature","id":1663,"geometry":{"type":"Point","coordinates":[23.658710800000051,37.972881600000051]},"properties":{"OBJECTID":1663,"amenity":"school","name":"11ο Γυμνάσιο Νίκαιας","name_en":null}},{"type":"Feature","id":1689,"geometry":{"type":"Point","coordinates":[23.539112400000079,38.050541900000042]},"properties":{"OBJECTID":1689,"amenity":"school","name":"1ο Λύκειο Ελευσίνας","name_en":null}},{"type":"Feature","id":1712,"geometry":{"type":"Point","coordinates":[23.647187900000063,37.946325500000057]},"properties":{"OBJECTID":1712,"amenity":"school","name":"Ελληνογαλλική Σχολή Jeanne d'Arc","name_en":null}},{"type":"Feature","id":1713,"geometry":{"type":"Point","coordinates":[23.644059800000036,37.936511300000063]},"properties":{"OBJECTID":1713,"amenity":"school","name":"Ελληνογαλλική σχολή «Ο Άγιος Παύλος»","name_en":null}},{"type":"Feature","id":1723,"geometry":{"type":"Point","coordinates":[23.715045100000054,38.005434100000059]},"properties":{"OBJECTID":1723,"amenity":"school","name":"145ο Δημοτικό Σχολείο Αθηνών","name_en":null}},{"type":"Feature","id":1726,"geometry":{"type":"Point","coordinates":[23.817237500000033,38.058464400000048]},"properties":{"OBJECTID":1726,"amenity":"school","name":"Ελληνική Παιδεια","name_en":null}},{"type":"Feature","id":1736,"geometry":{"type":"Point","coordinates":[23.640913300000022,37.936791000000028]},"properties":{"OBJECTID":1736,"amenity":"school","name":"22ο Δημοτικό Σχολείο Πειραιά","name_en":null}},{"type":"Feature","id":1766,"geometry":{"type":"Point","coordinates":[23.67494750000003,37.988001500000053]},"properties":{"OBJECTID":1766,"amenity":"school","name":"5ο Γυμνάσιο Αιγάλεω","name_en":null}},{"type":"Feature","id":1775,"geometry":{"type":"Point","coordinates":[23.651461900000072,37.948078600000031]},"properties":{"OBJECTID":1775,"amenity":"school","name":"Παιδαγωγική","name_en":null}},{"type":"Feature","id":1776,"geometry":{"type":"Point","coordinates":[23.652069100000062,37.94788740000007]},"properties":{"OBJECTID":1776,"amenity":"school","name":"3ο Δημοτικό Σχολείο Πειραιά","name_en":null}},{"type":"Feature","id":1781,"geometry":{"type":"Point","coordinates":[23.65038450000003,37.945774500000027]},"properties":{"OBJECTID":1781,"amenity":"school","name":null,"name_en":null}},{"type":"Feature","id":1782,"geometry":{"type":"Point","coordinates":[23.650007000000073,37.945372600000042]},"properties":{"OBJECTID":1782,"amenity":"school","name":null,"name_en":null}},{"type":"Feature","id":1789,"geometry":{"type":"Point","coordinates":[23.765983200000051,38.037907300000029]},"properties":{"OBJECTID":1789,"amenity":"school","name":"9ο Δημοτικό Νέας Ιωνίας","name_en":null}},{"type":"Feature","id":1799,"geometry":{"type":"Point","coordinates":[23.658660900000029,37.94417930000003]},"properties":{"OBJECTID":1799,"amenity":"school","name":null,"name_en":null}},{"type":"Feature","id":1800,"geometry":{"type":"Point","coordinates":[23.658690900000067,37.944223600000043]},"properties":{"OBJECTID":1800,"amenity":"school","name":null,"name_en":null}},{"type":"Feature","id":1802,"geometry":{"type":"Point","coordinates":[23.692286300000035,37.967092600000058]},"properties":{"OBJECTID":1802,"amenity":"school","name":"1ο Δημοτικό Σχολείο Ταύρου","name_en":null}},{"type":"Feature","id":1845,"geometry":{"type":"Point","coordinates":[23.824034100000063,38.292956000000061]},"properties":{"OBJECTID":1845,"amenity":"school","name":null,"name_en":null}},{"type":"Feature","id":1857,"geometry":{"type":"Point","coordinates":[23.75211070000006,38.141339200000061]},"properties":{"OBJECTID":1857,"amenity":"school","name":null,"name_en":null}},{"type":"Feature","id":1876,"geometry":{"type":"Point","coordinates":[23.756734600000073,38.023210900000038]},"properties":{"OBJECTID":1876,"amenity":"school","name":"6ο Γυμνάσιο Γαλατσίου","name_en":null}},{"type":"Feature","id":1884,"geometry":{"type":"Point","coordinates":[23.724396700000057,38.007503100000065]},"properties":{"OBJECTID":1884,"amenity":"school","name":"11ο,31ο,63ο,75ο Δημοτικά Σχολεία","name_en":null}},{"type":"Feature","id":1885,"geometry":{"type":"Point","coordinates":[23.725007900000037,38.009060100000056]},"properties":{"OBJECTID":1885,"amenity":"school","name":"69ο Δημοτικό Σχολείο","name_en":null}},{"type":"Feature","id":1912,"geometry":{"type":"Point","coordinates":[23.735326000000043,37.996116800000038]},"properties":{"OBJECTID":1912,"amenity":"school","name":"133ο Δημοτικό Σχολείο Αθηνών","name_en":null}},{"type":"Feature","id":1913,"geometry":{"type":"Point","coordinates":[23.719588000000044,37.914563500000042]},"properties":{"OBJECTID":1913,"amenity":"school","name":"1ο Γενικό Λύκειο Αλίμου \"Θουκυδίδειο\"","name_en":null}},{"type":"Feature","id":1925,"geometry":{"type":"Point","coordinates":[23.941532300000063,37.737771400000042]},"properties":{"OBJECTID":1925,"amenity":"school","name":"Γενικό Λύκειο Αναβύσσου","name_en":null}},{"type":"Feature","id":1934,"geometry":{"type":"Point","coordinates":[23.789854400000024,38.059657800000025]},"properties":{"OBJECTID":1934,"amenity":"school","name":"1ο Λύκειο Πεύκης","name_en":null}},{"type":"Feature","id":1939,"geometry":{"type":"Point","coordinates":[23.861618700000065,38.140639200000066]},"properties":{"OBJECTID":1939,"amenity":"school","name":"1ο Δημοτικό Σχολείο Αγίου Στεφάνου","name_en":null}},{"type":"Feature","id":1956,"geometry":{"type":"Point","coordinates":[23.365545900000029,37.710019900000077]},"properties":{"OBJECTID":1956,"amenity":"school","name":"Γυμνάσιο Αγκιστρίου","name_en":null}},{"type":"Feature","id":1964,"geometry":{"type":"Point","coordinates":[23.747298600000079,38.004356400000063]},"properties":{"OBJECTID":1964,"amenity":"school","name":"30ο, 39ο Γυμνάσιο-Λύκειο","name_en":null}},{"type":"Feature","id":1969,"geometry":{"type":"Point","coordinates":[23.720469500000036,38.008224300000052]},"properties":{"OBJECTID":1969,"amenity":"school","name":"128ο Δημοτικό Σχολείο Αθηνών","name_en":null}},{"type":"Feature","id":1970,"geometry":{"type":"Point","coordinates":[23.716859000000056,38.00856170000003]},"properties":{"OBJECTID":1970,"amenity":"school","name":null,"name_en":null}},{"type":"Feature","id":1971,"geometry":{"type":"Point","coordinates":[23.722637700000064,38.016423800000041]},"properties":{"OBJECTID":1971,"amenity":"school","name":null,"name_en":null}},{"type":"Feature","id":1973,"geometry":{"type":"Point","coordinates":[23.70625380000007,37.99784150000005]},"properties":{"OBJECTID":1973,"amenity":"school","name":null,"name_en":null}},{"type":"Feature","id":1974,"geometry":{"type":"Point","coordinates":[23.691083900000024,37.994167600000026]},"properties":{"OBJECTID":1974,"amenity":"school","name":null,"name_en":null}},{"type":"Feature","id":1978,"geometry":{"type":"Point","coordinates":[23.714029200000027,38.043986500000074]},"properties":{"OBJECTID":1978,"amenity":"school","name":null,"name_en":null}},{"type":"Feature","id":1984,"geometry":{"type":"Point","coordinates":[23.723047600000029,38.01074280000006]},"properties":{"OBJECTID":1984,"amenity":"school","name":"75ο Δημοτικό Σχολείο Αθηνών","name_en":null}},{"type":"Feature","id":1995,"geometry":{"type":"Point","coordinates":[23.757333600000038,37.953033000000062]},"properties":{"OBJECTID":1995,"amenity":"school","name":"3o Γενικό Λύκειο Βύρωνα","name_en":null}},{"type":"Feature","id":1996,"geometry":{"type":"Point","coordinates":[23.757901300000071,37.952999700000078]},"properties":{"OBJECTID":1996,"amenity":"school","name":"5ο Γυμνάσιο και Λύκειο Βύρωνα","name_en":null}},{"type":"Feature","id":1997,"geometry":{"type":"Point","coordinates":[23.757205700000043,37.952378100000033]},"properties":{"OBJECTID":1997,"amenity":"school","name":"3ο Γυμνάσιο Βύρωνα","name_en":null}},{"type":"Feature","id":1998,"geometry":{"type":"Point","coordinates":[23.756570100000033,37.953125800000066]},"properties":{"OBJECTID":1998,"amenity":"school","name":"5ο Δημοτικό Σχολείο Βύρωνα","name_en":null}},{"type":"Feature","id":2017,"geometry":{"type":"Point","coordinates":[23.796560600000078,38.023974800000076]},"properties":{"OBJECTID":2017,"amenity":"school","name":"6ο Γυμνάσιο Χαλανδρίου","name_en":null}},{"type":"Feature","id":2033,"geometry":{"type":"Point","coordinates":[23.867797200000041,38.049423300000058]},"properties":{"OBJECTID":2033,"amenity":"school","name":"Κρυστάλλειο Δημοτικό Σχολείο Πεντέλης","name_en":null}},{"type":"Feature","id":2034,"geometry":{"type":"Point","coordinates":[23.868865500000027,38.047622500000045]},"properties":{"OBJECTID":2034,"amenity":"school","name":"Γυμνάσιο - Λύκειο Πεντέλης","name_en":null}},{"type":"Feature","id":2036,"geometry":{"type":"Point","coordinates":[23.696199200000024,37.952761400000043]},"properties":{"OBJECTID":2036,"amenity":"school","name":"Κέντρο Εκπαίδευσης και Αποκατάστασης Τυφλών (ΚΕΑΤ)","name_en":"Center for the Education and Rehabilitation of the Blind (C.E.R.B)"}},{"type":"Feature","id":2038,"geometry":{"type":"Point","coordinates":[23.702412300000049,37.950400000000059]},"properties":{"OBJECTID":2038,"amenity":"school","name":"1o Δημοτικό Σχολείο","name_en":null}},{"type":"Feature","id":2039,"geometry":{"type":"Point","coordinates":[23.703162600000041,37.950805900000034]},"properties":{"OBJECTID":2039,"amenity":"school","name":"Δημοτικό Σχολείο","name_en":null}},{"type":"Feature","id":2040,"geometry":{"type":"Point","coordinates":[23.701515700000073,37.947022900000036]},"properties":{"OBJECTID":2040,"amenity":"school","name":"13ο Γυμνάσιο & 3ο Λύκειο Καλλιθέας","name_en":null}},{"type":"Feature","id":2041,"geometry":{"type":"Point","coordinates":[23.701750200000049,37.946819900000037]},"properties":{"OBJECTID":2041,"amenity":"school","name":"3ο Λύκειο Καλλιθέας","name_en":null}},{"type":"Feature","id":2042,"geometry":{"type":"Point","coordinates":[23.701393900000028,37.948158300000046]},"properties":{"OBJECTID":2042,"amenity":"school","name":"15ο Δημοτικό Σχολείο","name_en":null}},{"type":"Feature","id":2043,"geometry":{"type":"Point","coordinates":[23.676171800000077,37.952673100000027]},"properties":{"OBJECTID":2043,"amenity":"school","name":"3ο Δημοτικό Σχολείο Μοσχάτου","name_en":null}},{"type":"Feature","id":2044,"geometry":{"type":"Point","coordinates":[23.676065300000062,37.952772300000049]},"properties":{"OBJECTID":2044,"amenity":"school","name":null,"name_en":null}},{"type":"Feature","id":2045,"geometry":{"type":"Point","coordinates":[23.688421900000037,37.941117900000052]},"properties":{"OBJECTID":2045,"amenity":"school","name":"8ο, 19ο Δημοτικά Σχολεία","name_en":null}},{"type":"Feature","id":2053,"geometry":{"type":"Point","coordinates":[23.740152600000044,37.982317900000055]},"properties":{"OBJECTID":2053,"amenity":"school","name":"14ο Δημοτικό Σχολείο Αθηνών Δημήτρης Πικιώνης","name_en":null}},{"type":"Feature","id":2093,"geometry":{"type":"Point","coordinates":[23.705904400000065,37.96088560000004]},"properties":{"OBJECTID":2093,"amenity":"school","name":"Δημοτικό Σχολείο","name_en":null}},{"type":"Feature","id":2123,"geometry":{"type":"Point","coordinates":[23.791202600000076,37.991860200000076]},"properties":{"OBJECTID":2123,"amenity":"school","name":null,"name_en":null}},{"type":"Feature","id":2126,"geometry":{"type":"Point","coordinates":[23.702406000000053,38.012615400000072]},"properties":{"OBJECTID":2126,"amenity":"school","name":"12ο Δημοτικό Σχολείο Περιστερίου","name_en":null}},{"type":"Feature","id":2147,"geometry":{"type":"Point","coordinates":[23.727129300000058,37.968840000000057]},"properties":{"OBJECTID":2147,"amenity":"school","name":"70ο Δημοτικό Σχολείο","name_en":null}},{"type":"Feature","id":2168,"geometry":{"type":"Point","coordinates":[23.714544200000034,37.994855900000061]},"properties":{"OBJECTID":2168,"amenity":"school","name":"52 Γενικό Λύκειο Αθηνών","name_en":null}},{"type":"Feature","id":2175,"geometry":{"type":"Point","coordinates":[23.727573300000074,38.09587700000003]},"properties":{"OBJECTID":2175,"amenity":"school","name":"4o Γενικό Λύκειο Αχαρνών","name_en":"4rth Acharnes High School"}},{"type":"Feature","id":2176,"geometry":{"type":"Point","coordinates":[23.727817000000073,38.095460600000024]},"properties":{"OBJECTID":2176,"amenity":"school","name":"18ο Δημοτικό Σχολείο Αχαρνών","name_en":"18nth Junior School of Acharnes"}},{"type":"Feature","id":2178,"geometry":{"type":"Point","coordinates":[23.733996400000024,38.093973300000073]},"properties":{"OBJECTID":2178,"amenity":"school","name":"8ο Δημοτικό Σχολείο Αχαρνών","name_en":null}},{"type":"Feature","id":2179,"geometry":{"type":"Point","coordinates":[23.735148300000048,38.093899200000067]},"properties":{"OBJECTID":2179,"amenity":"school","name":"11ο Γυμνάσιο Αχαρνών","name_en":null}},{"type":"Feature","id":2183,"geometry":{"type":"Point","coordinates":[23.740291500000069,38.002710100000058]},"properties":{"OBJECTID":2183,"amenity":"school","name":"110 Δημοτικό Σχολείο Αθηνών","name_en":null}},{"type":"Feature","id":2185,"geometry":{"type":"Point","coordinates":[23.633619100000033,37.927370300000064]},"properties":{"OBJECTID":2185,"amenity":"school","name":"2ο Γυμνάσιο Καλλίπολης","name_en":"2nd Junior High School of Kallipoli"}},{"type":"Feature","id":2223,"geometry":{"type":"Point","coordinates":[23.686020600000063,37.950808100000074]},"properties":{"OBJECTID":2223,"amenity":"school","name":"Εκπαιδευτήρια Λαμπίρη","name_en":"Lampiri Schools"}},{"type":"Feature","id":2246,"geometry":{"type":"Point","coordinates":[23.775570100000039,38.005835500000046]},"properties":{"OBJECTID":2246,"amenity":"school","name":"Λιβυκό Σχολείο '17ης Φεβρουαρίου'","name_en":"Libyan School '17th February'"}},{"type":"Feature","id":2261,"geometry":{"type":"Point","coordinates":[23.69522610000007,37.950675600000068]},"properties":{"OBJECTID":2261,"amenity":"school","name":"Δημοτικό Σχολείο","name_en":null}},{"type":"Feature","id":2262,"geometry":{"type":"Point","coordinates":[23.698061100000075,37.955371100000036]},"properties":{"OBJECTID":2262,"amenity":"school","name":"9ο Δημοτικό Σχολείο Καλλιθέας","name_en":null}},{"type":"Feature","id":2271,"geometry":{"type":"Point","coordinates":[23.695849500000065,37.943655000000035]},"properties":{"OBJECTID":2271,"amenity":"school","name":"6ο Λύκειο Καλλιθέας","name_en":null}},{"type":"Feature","id":2274,"geometry":{"type":"Point","coordinates":[23.720827400000076,37.961894400000062]},"properties":{"OBJECTID":2274,"amenity":"school","name":"14ο Γενικό Λύκειο Αθηνών","name_en":null}},{"type":"Feature","id":2275,"geometry":{"type":"Point","coordinates":[23.723405500000069,37.963378000000034]},"properties":{"OBJECTID":2275,"amenity":"school","name":"14ο Γυµνάσιο Αθηνών","name_en":null}},{"type":"Feature","id":2277,"geometry":{"type":"Point","coordinates":[24.009169700000029,37.97488450000003]},"properties":{"OBJECTID":2277,"amenity":"school","name":null,"name_en":null}},{"type":"Feature","id":2280,"geometry":{"type":"Point","coordinates":[23.805665700000077,38.022335600000076]},"properties":{"OBJECTID":2280,"amenity":"school","name":"\"Λίτσειο\" 2ο Δημοτικό Σχολείο Χαλανδρίου","name_en":null}},{"type":"Feature","id":2281,"geometry":{"type":"Point","coordinates":[23.814292700000067,38.027966800000058]},"properties":{"OBJECTID":2281,"amenity":"school","name":"2ο Γυμν.-Εν.Λύκειο Χαλανδρίου","name_en":"2nd Junior High School & High School of Chalandri"}},{"type":"Feature","id":2291,"geometry":{"type":"Point","coordinates":[23.789294700000028,38.015145600000039]},"properties":{"OBJECTID":2291,"amenity":"school","name":"7° Γυμνάσιο Χαλανδρίου","name_en":null}},{"type":"Feature","id":2292,"geometry":{"type":"Point","coordinates":[23.790138200000058,38.014477900000031]},"properties":{"OBJECTID":2292,"amenity":"school","name":null,"name_en":null}},{"type":"Feature","id":2303,"geometry":{"type":"Point","coordinates":[23.793390900000077,38.019679800000063]},"properties":{"OBJECTID":2303,"amenity":"school","name":null,"name_en":null}},{"type":"Feature","id":2309,"geometry":{"type":"Point","coordinates":[23.795898400000056,38.031797300000051]},"properties":{"OBJECTID":2309,"amenity":"school","name":null,"name_en":null}},{"type":"Feature","id":2310,"geometry":{"type":"Point","coordinates":[23.777247500000044,38.015579500000058]},"properties":{"OBJECTID":2310,"amenity":"school","name":"Αρσάκειο Ψυχικού","name_en":"Arsakeion School"}},{"type":"Feature","id":2313,"geometry":{"type":"Point","coordinates":[23.667084800000055,37.94806310000007]},"properties":{"OBJECTID":2313,"amenity":"school","name":"Γυμνάσιο Νέου Φαλήρου","name_en":null}},{"type":"Feature","id":2314,"geometry":{"type":"Point","coordinates":[23.640825500000062,37.930522600000074]},"properties":{"OBJECTID":2314,"amenity":"school","name":"20ο & 53ο Νηπιαγωγείο Πειραιά","name_en":"20th & 53rd Nursery Schools of Piraeus"}},{"type":"Feature","id":2315,"geometry":{"type":"Point","coordinates":[23.679883200000063,37.945939900000042]},"properties":{"OBJECTID":2315,"amenity":"school","name":"2ο Δημοτικό Σχολείο Μοσχάτου","name_en":null}},{"type":"Feature","id":2316,"geometry":{"type":"Point","coordinates":[23.674268600000062,37.951339700000062]},"properties":{"OBJECTID":2316,"amenity":"school","name":null,"name_en":null}},{"type":"Feature","id":2317,"geometry":{"type":"Point","coordinates":[23.830368200000066,38.021840800000064]},"properties":{"OBJECTID":2317,"amenity":"school","name":"3ο Ενιαίο Λύκειο Αγίας Παρασκευής","name_en":null}},{"type":"Feature","id":2324,"geometry":{"type":"Point","coordinates":[23.613573600000052,37.952225700000042]},"properties":{"OBJECTID":2324,"amenity":"school","name":null,"name_en":null}},{"type":"Feature","id":2332,"geometry":{"type":"Point","coordinates":[23.679887300000075,37.950080200000059]},"properties":{"OBJECTID":2332,"amenity":"school","name":"1ο Δημοτικό Σχολείο Μοσχάτου","name_en":null}},{"type":"Feature","id":2333,"geometry":{"type":"Point","coordinates":[23.71718160000006,37.976937700000065]},"properties":{"OBJECTID":2333,"amenity":"school","name":"72 Δημοτικό Σχολείο Αθηνών","name_en":"72nd Elementary School of Athens"}},{"type":"Feature","id":2339,"geometry":{"type":"Point","coordinates":[23.879365800000073,38.12519670000006]},"properties":{"OBJECTID":2339,"amenity":"school","name":"Δημοτικό Σχολείο Σταμάτας","name_en":null}},{"type":"Feature","id":2340,"geometry":{"type":"Point","coordinates":[23.87091950000007,38.130547100000058]},"properties":{"OBJECTID":2340,"amenity":"school","name":"Γενικό Λύκειο Άνοιξης","name_en":null}},{"type":"Feature","id":2341,"geometry":{"type":"Point","coordinates":[23.85711740000005,38.143555700000036]},"properties":{"OBJECTID":2341,"amenity":"school","name":"Γυμνάσιο - Γενικό Λύκειο - Ι.Ε.Κ. Αγίου Στεφάνου","name_en":null}},{"type":"Feature","id":2343,"geometry":{"type":"Point","coordinates":[23.855760800000041,38.146806500000025]},"properties":{"OBJECTID":2343,"amenity":"school","name":"2ο Δημοτικό Σχολείο Αγίου Στεφάνου","name_en":null}},{"type":"Feature","id":2359,"geometry":{"type":"Point","coordinates":[23.758473000000038,38.024173100000041]},"properties":{"OBJECTID":2359,"amenity":"school","name":null,"name_en":null}},{"type":"Feature","id":2360,"geometry":{"type":"Point","coordinates":[23.648565200000064,38.017509700000062]},"properties":{"OBJECTID":2360,"amenity":"school","name":"3ο Λύκειο Χαϊδαρίου","name_en":null}},{"type":"Feature","id":2361,"geometry":{"type":"Point","coordinates":[23.650477000000024,38.020929600000045]},"properties":{"OBJECTID":2361,"amenity":"school","name":"5ο Γυμνάσιο Χαϊδαρίου","name_en":null}},{"type":"Feature","id":2365,"geometry":{"type":"Point","coordinates":[23.967677700000024,37.82867850000008]},"properties":{"OBJECTID":2365,"amenity":"school","name":"Νηπιαγωγείο & Δημοτικό Σχολείο Κουβαρά","name_en":null}},{"type":"Feature","id":2366,"geometry":{"type":"Point","coordinates":[23.766540200000065,38.001113400000065]},"properties":{"OBJECTID":2366,"amenity":"school","name":"Βαρβάκειο Πειραματικό Γυμνάσιο Λύκειο","name_en":"Varvakio Piramatiko Gymnasio Lykeio"}},{"type":"Feature","id":2368,"geometry":{"type":"Point","coordinates":[23.703322700000058,37.967260700000054]},"properties":{"OBJECTID":2368,"amenity":"school","name":"137ο Δημοτικό Σχολείο Αθηνών","name_en":null}},{"type":"Feature","id":2394,"geometry":{"type":"Point","coordinates":[23.814697900000056,38.01846160000008]},"properties":{"OBJECTID":2394,"amenity":"school","name":null,"name_en":null}},{"type":"Feature","id":2396,"geometry":{"type":"Point","coordinates":[23.789091100000064,38.017559900000037]},"properties":{"OBJECTID":2396,"amenity":"school","name":"6ο δημοτικό σχολείο Χαλανδρίου","name_en":null}},{"type":"Feature","id":2411,"geometry":{"type":"Point","coordinates":[23.662485000000061,37.970582500000035]},"properties":{"OBJECTID":2411,"amenity":"school","name":"4ο Γενικό Λύκειο Νίκαιας","name_en":null}},{"type":"Feature","id":2412,"geometry":{"type":"Point","coordinates":[23.664241200000049,37.973533400000065]},"properties":{"OBJECTID":2412,"amenity":"school","name":"6ο Γυμνάσιο","name_en":null}},{"type":"Feature","id":2416,"geometry":{"type":"Point","coordinates":[23.716917300000034,37.961349700000028]},"properties":{"OBJECTID":2416,"amenity":"school","name":"8ο Λύκειο Καλλιθέας (Εσπερινό)","name_en":null}},{"type":"Feature","id":2418,"geometry":{"type":"Point","coordinates":[23.714335900000037,38.020889100000034]},"properties":{"OBJECTID":2418,"amenity":"school","name":"Δεύτερο Λύκειο Αγίων Αναργύρων","name_en":null}},{"type":"Feature","id":2420,"geometry":{"type":"Point","coordinates":[23.777337600000067,38.016116300000078]},"properties":{"OBJECTID":2420,"amenity":"school","name":"Αρσάκειο Ψυχικού","name_en":null}},{"type":"Feature","id":2423,"geometry":{"type":"Point","coordinates":[24.008405100000061,38.018122100000028]},"properties":{"OBJECTID":2423,"amenity":"school","name":null,"name_en":null}},{"type":"Feature","id":2430,"geometry":{"type":"Point","coordinates":[23.735169000000042,37.917152800000054]},"properties":{"OBJECTID":2430,"amenity":"school","name":"4ο Νηπιαγωγείο Αλίμου","name_en":null}},{"type":"Feature","id":2431,"geometry":{"type":"Point","coordinates":[23.66828780000003,37.951112200000068]},"properties":{"OBJECTID":2431,"amenity":"school","name":"2ο Δημοτικό Σχολείο, και 2ο Νηπιαγωγείο Νέου Φαλήρου","name_en":null}},{"type":"Feature","id":2432,"geometry":{"type":"Point","coordinates":[23.704957500000035,37.966586300000074]},"properties":{"OBJECTID":2432,"amenity":"school","name":"\"Ακτίνα\"","name_en":null}},{"type":"Feature","id":2439,"geometry":{"type":"Point","coordinates":[23.892893900000047,37.997562800000026]},"properties":{"OBJECTID":2439,"amenity":"school","name":"Ελληνογερμανική Αγωγή","name_en":null}},{"type":"Feature","id":2440,"geometry":{"type":"Point","coordinates":[23.842771700000071,38.190760000000068]},"properties":{"OBJECTID":2440,"amenity":"school","name":"Εκπαιδευτική Αναγέννηση","name_en":null}},{"type":"Feature","id":2441,"geometry":{"type":"Point","coordinates":[23.842438400000049,38.190291300000069]},"properties":{"OBJECTID":2441,"amenity":"school","name":null,"name_en":null}},{"type":"Feature","id":2444,"geometry":{"type":"Point","coordinates":[23.452941300000077,37.692582500000071]},"properties":{"OBJECTID":2444,"amenity":"school","name":"Δημοτικό Σχολείο Πέρδικας","name_en":null}},{"type":"Feature","id":2446,"geometry":{"type":"Point","coordinates":[23.853930400000024,38.023299100000031]},"properties":{"OBJECTID":2446,"amenity":"school","name":"2ο Γυμνάσιο Γέρακα","name_en":null}},{"type":"Feature","id":2447,"geometry":{"type":"Point","coordinates":[23.857592900000043,38.017573600000048]},"properties":{"OBJECTID":2447,"amenity":"school","name":"Καλλιτεχνικό σχολείο Γέρακα","name_en":null}},{"type":"Feature","id":2448,"geometry":{"type":"Point","coordinates":[23.857001400000058,38.017616000000032]},"properties":{"OBJECTID":2448,"amenity":"school","name":"5ο Δημοτικό Γέρακα","name_en":null}},{"type":"Feature","id":2449,"geometry":{"type":"Point","coordinates":[23.857479900000044,38.018684200000052]},"properties":{"OBJECTID":2449,"amenity":"school","name":"2ο Γενικό Λύκειο Γέρακα","name_en":null}},{"type":"Feature","id":2450,"geometry":{"type":"Point","coordinates":[23.858146400000066,38.018620400000032]},"properties":{"OBJECTID":2450,"amenity":"school","name":"3ο Γυμνάσιο Γέρακα","name_en":null}},{"type":"Feature","id":2451,"geometry":{"type":"Point","coordinates":[23.85498240000004,38.022571500000026]},"properties":{"OBJECTID":2451,"amenity":"school","name":"2ο Δημοτικό Σχολείο Γέρακα","name_en":null}},{"type":"Feature","id":2458,"geometry":{"type":"Point","coordinates":[23.855043300000034,38.120853900000043]},"properties":{"OBJECTID":2458,"amenity":"school","name":null,"name_en":null}},{"type":"Feature","id":2459,"geometry":{"type":"Point","coordinates":[23.641594800000064,37.929905900000051]},"properties":{"OBJECTID":2459,"amenity":"school","name":"20ο Δημοτικό Σχολείο Πειραιά","name_en":null}},{"type":"Feature","id":2463,"geometry":{"type":"Point","coordinates":[23.709322100000065,38.034110000000055]},"properties":{"OBJECTID":2463,"amenity":"school","name":"9ο νηπιαγωγείο Ιλίου","name_en":null}},{"type":"Feature","id":2464,"geometry":{"type":"Point","coordinates":[23.709600600000044,38.034150100000033]},"properties":{"OBJECTID":2464,"amenity":"school","name":"1ο νηπιαγωγείο Ιλίου","name_en":null}},{"type":"Feature","id":2467,"geometry":{"type":"Point","coordinates":[23.712305300000025,38.037841700000058]},"properties":{"OBJECTID":2467,"amenity":"school","name":null,"name_en":null}},{"type":"Feature","id":2468,"geometry":{"type":"Point","coordinates":[23.721357300000022,38.086706500000048]},"properties":{"OBJECTID":2468,"amenity":"school","name":null,"name_en":null}},{"type":"Feature","id":2470,"geometry":{"type":"Point","coordinates":[23.723101400000076,37.939312500000028]},"properties":{"OBJECTID":2470,"amenity":"school","name":"6ο Γυμνάσιο & 6ο Λύκειο Νέας Σμύρνης","name_en":null}},{"type":"Feature","id":2471,"geometry":{"type":"Point","coordinates":[23.722325800000078,37.938986100000079]},"properties":{"OBJECTID":2471,"amenity":"school","name":"7ο & 15ο Δημοτικά Σχολεία Νέας Σμύρνης","name_en":null}},{"type":"Feature","id":2472,"geometry":{"type":"Point","coordinates":[23.704323900000077,37.941521700000067]},"properties":{"OBJECTID":2472,"amenity":"school","name":"12ο Δημοτικό Ν.Σμύρνης","name_en":null}},{"type":"Feature","id":2482,"geometry":{"type":"Point","coordinates":[23.685694100000035,37.955370800000026]},"properties":{"OBJECTID":2482,"amenity":"school","name":"4ο και 5ο Δημοτικό Σχολείο Μοσχάτου","name_en":null}},{"type":"Feature","id":2495,"geometry":{"type":"Point","coordinates":[23.688274300000046,38.03874090000005]},"properties":{"OBJECTID":2495,"amenity":"school","name":"10ο Δημοτικό Σχολείο Πετρούπολης","name_en":null}},{"type":"Feature","id":2505,"geometry":{"type":"Point","coordinates":[23.670873200000074,37.958327900000029]},"properties":{"OBJECTID":2505,"amenity":"school","name":null,"name_en":null}},{"type":"Feature","id":2511,"geometry":{"type":"Point","coordinates":[23.652556300000072,37.959197800000027]},"properties":{"OBJECTID":2511,"amenity":"school","name":"14ο Γυμνάσιο Πειραιά","name_en":null}},{"type":"Feature","id":2512,"geometry":{"type":"Point","coordinates":[23.657114700000022,37.948551400000042]},"properties":{"OBJECTID":2512,"amenity":"school","name":"Ράλλειο Γενικό Λύκειο Θηλέων Πειραιά","name_en":null}},{"type":"Feature","id":2514,"geometry":{"type":"Point","coordinates":[23.650957000000062,37.94509080000006]},"properties":{"OBJECTID":2514,"amenity":"school","name":"Διεθνές Σχολείο Πειραιά","name_en":"International School of Piraeus"}},{"type":"Feature","id":2521,"geometry":{"type":"Point","coordinates":[23.653791100000035,37.942418900000064]},"properties":{"OBJECTID":2521,"amenity":"school","name":"29ο Δημοτικό Σχολείο Πειραιά","name_en":null}},{"type":"Feature","id":2525,"geometry":{"type":"Point","coordinates":[23.654817000000037,37.942793400000028]},"properties":{"OBJECTID":2525,"amenity":"school","name":"37ο Δημοτικό Σχολείο Πειραιά","name_en":null}},{"type":"Feature","id":2532,"geometry":{"type":"Point","coordinates":[23.745357900000045,37.988596800000039]},"properties":{"OBJECTID":2532,"amenity":"school","name":"Σχολική Αυλή","name_en":null}},{"type":"Feature","id":2534,"geometry":{"type":"Point","coordinates":[23.736863100000051,37.909380700000042]},"properties":{"OBJECTID":2534,"amenity":"school","name":"3ο Δημοτικό Σχολείο Αργυρούπολης","name_en":null}},{"type":"Feature","id":2535,"geometry":{"type":"Point","coordinates":[23.723149800000044,37.938498600000059]},"properties":{"OBJECTID":2535,"amenity":"school","name":"7ο Γυμνάσιο Νέας Σμύρνης","name_en":null}},{"type":"Feature","id":2539,"geometry":{"type":"Point","coordinates":[23.735901800000079,37.914664500000072]},"properties":{"OBJECTID":2539,"amenity":"school","name":"ΔΕΛΑΣΑΛ","name_en":null}},{"type":"Feature","id":2542,"geometry":{"type":"Point","coordinates":[23.738714200000061,37.998430000000042]},"properties":{"OBJECTID":2542,"amenity":"school","name":"15ο Λύκειο Αθηνών","name_en":"15th Lyceum Athens"}},{"type":"Feature","id":2543,"geometry":{"type":"Point","coordinates":[23.750928300000055,38.008062500000051]},"properties":{"OBJECTID":2543,"amenity":"school","name":"33ο, 78ο Δημοτικά Σχολεία","name_en":null}},{"type":"Feature","id":2544,"geometry":{"type":"Point","coordinates":[23.751266000000044,38.008259200000055]},"properties":{"OBJECTID":2544,"amenity":"school","name":"72ο Γυμνάσιο","name_en":null}},{"type":"Feature","id":2545,"geometry":{"type":"Point","coordinates":[23.715087600000061,37.919127600000024]},"properties":{"OBJECTID":2545,"amenity":"school","name":"1ο Γυμνάσιο Αλίμου","name_en":null}},{"type":"Feature","id":2546,"geometry":{"type":"Point","coordinates":[23.722469300000057,37.917856100000051]},"properties":{"OBJECTID":2546,"amenity":"school","name":"5ο Γυμνάσιο Αλίμου \"Οδυσσέας Ελύτης\"","name_en":null}},{"type":"Feature","id":2547,"geometry":{"type":"Point","coordinates":[23.721924000000058,37.918019900000047]},"properties":{"OBJECTID":2547,"amenity":"school","name":"2ο Γυμνάσιο Αλίμου","name_en":null}},{"type":"Feature","id":2551,"geometry":{"type":"Point","coordinates":[23.832696100000078,38.021328700000026]},"properties":{"OBJECTID":2551,"amenity":"school","name":"Ειδικό Σχολείο Κωφών & Βαρηκόων","name_en":null}},{"type":"Feature","id":2552,"geometry":{"type":"Point","coordinates":[23.832087000000058,38.021646900000064]},"properties":{"OBJECTID":2552,"amenity":"school","name":"3ο Γυμνάσιο Αγίας Παρασκευής","name_en":null}},{"type":"Feature","id":2553,"geometry":{"type":"Point","coordinates":[23.830433600000049,38.036131100000034]},"properties":{"OBJECTID":2553,"amenity":"school","name":null,"name_en":null}},{"type":"Feature","id":2554,"geometry":{"type":"Point","coordinates":[23.832148300000028,38.028330000000039]},"properties":{"OBJECTID":2554,"amenity":"school","name":null,"name_en":null}},{"type":"Feature","id":2556,"geometry":{"type":"Point","coordinates":[23.839477200000033,38.040782100000058]},"properties":{"OBJECTID":2556,"amenity":"school","name":null,"name_en":null}},{"type":"Feature","id":2558,"geometry":{"type":"Point","coordinates":[23.836368100000072,38.042117300000029]},"properties":{"OBJECTID":2558,"amenity":"school","name":"6ο Δημοτικό Σχολείο Βριλησσίων","name_en":null}},{"type":"Feature","id":2564,"geometry":{"type":"Point","coordinates":[23.746427800000049,38.008348800000078]},"properties":{"OBJECTID":2564,"amenity":"school","name":"38ο & 120ο Δημοτικά Σχολεία Αθηνών","name_en":null}},{"type":"Feature","id":2565,"geometry":{"type":"Point","coordinates":[23.776577800000041,38.044537600000069]},"properties":{"OBJECTID":2565,"amenity":"school","name":"4ο Ενιαίο Λύκειο Νέου Ηρακλείου","name_en":null}},{"type":"Feature","id":2567,"geometry":{"type":"Point","coordinates":[23.71245760000005,38.037209300000029]},"properties":{"OBJECTID":2567,"amenity":"school","name":null,"name_en":null}},{"type":"Feature","id":2568,"geometry":{"type":"Point","coordinates":[23.855258900000024,38.053346300000044]},"properties":{"OBJECTID":2568,"amenity":"school","name":null,"name_en":null}},{"type":"Feature","id":2569,"geometry":{"type":"Point","coordinates":[23.71563320000007,38.036760000000072]},"properties":{"OBJECTID":2569,"amenity":"school","name":null,"name_en":null}},{"type":"Feature","id":2570,"geometry":{"type":"Point","coordinates":[23.835785600000065,38.059882900000048]},"properties":{"OBJECTID":2570,"amenity":"school","name":"2ο Δημοτικό Μελισσίων","name_en":null}},{"type":"Feature","id":2571,"geometry":{"type":"Point","coordinates":[23.858099500000037,38.056909700000062]},"properties":{"OBJECTID":2571,"amenity":"school","name":"Δημοτικό Σχολείο Νέας Πεντέλης","name_en":null}},{"type":"Feature","id":2572,"geometry":{"type":"Point","coordinates":[23.840062300000056,38.053800100000046]},"properties":{"OBJECTID":2572,"amenity":"school","name":"Ενιαίο Λύκειο Μελισσίων","name_en":null}},{"type":"Feature","id":2573,"geometry":{"type":"Point","coordinates":[23.831124600000066,38.066628800000046]},"properties":{"OBJECTID":2573,"amenity":"school","name":"5ο Δημοτικό Σχολείο Κηφισιάς","name_en":null}},{"type":"Feature","id":2577,"geometry":{"type":"Point","coordinates":[23.788374000000033,38.061244300000055]},"properties":{"OBJECTID":2577,"amenity":"school","name":"1o Γυμνάσιο Πεύκης","name_en":null}},{"type":"Feature","id":2578,"geometry":{"type":"Point","coordinates":[23.792337500000031,38.063294000000042]},"properties":{"OBJECTID":2578,"amenity":"school","name":"4o Δημοτικό Σχολείο Πεύκης","name_en":null}},{"type":"Feature","id":2580,"geometry":{"type":"Point","coordinates":[23.79784230000007,38.099684400000058]},"properties":{"OBJECTID":2580,"amenity":"school","name":null,"name_en":null}},{"type":"Feature","id":2582,"geometry":{"type":"Point","coordinates":[23.798754900000063,38.07699660000003]},"properties":{"OBJECTID":2582,"amenity":"school","name":"4ο Δημοτικό Σχολείο Κηφισιάς","name_en":null}},{"type":"Feature","id":2583,"geometry":{"type":"Point","coordinates":[23.765247200000033,38.107349400000032]},"properties":{"OBJECTID":2583,"amenity":"school","name":"12ο Γυμνάσιο Αχαρνών","name_en":null}},{"type":"Feature","id":2584,"geometry":{"type":"Point","coordinates":[23.76924020000007,38.114796400000046]},"properties":{"OBJECTID":2584,"amenity":"school","name":"26ο & 29ο Δημοτικά Σχολεία Αχαρνών","name_en":null}},{"type":"Feature","id":2585,"geometry":{"type":"Point","coordinates":[23.767351800000029,38.103964100000042]},"properties":{"OBJECTID":2585,"amenity":"school","name":"27ο Δημοτικό Αχαρνών. 2ο Ολυμπιακού Χωριού","name_en":null}},{"type":"Feature","id":2587,"geometry":{"type":"Point","coordinates":[23.743373000000076,38.091124300000047]},"properties":{"OBJECTID":2587,"amenity":"school","name":"2ο Γυμνάσιο Αχαρνών","name_en":null}},{"type":"Feature","id":2588,"geometry":{"type":"Point","coordinates":[23.742697200000066,38.091129300000034]},"properties":{"OBJECTID":2588,"amenity":"school","name":"2ο Ενιαίο Λύκειο Αχαρνών","name_en":null}},{"type":"Feature","id":2590,"geometry":{"type":"Point","coordinates":[23.767417300000034,38.105373400000076]},"properties":{"OBJECTID":2590,"amenity":"school","name":"31ο Νηπιαγωγείο Αχαρνών","name_en":null}},{"type":"Feature","id":2591,"geometry":{"type":"Point","coordinates":[23.765178700000035,38.106650300000069]},"properties":{"OBJECTID":2591,"amenity":"school","name":"6ο Λυκειο Αχαρνών","name_en":null}},{"type":"Feature","id":2597,"geometry":{"type":"Point","coordinates":[23.745122600000059,37.988449600000024]},"properties":{"OBJECTID":2597,"amenity":"school","name":"46ο λύκειο Αθηνών","name_en":null}},{"type":"Feature","id":2598,"geometry":{"type":"Point","coordinates":[23.739677000000029,38.09970880000003]},"properties":{"OBJECTID":2598,"amenity":"school","name":"9 Γυμνάσιο Αχαρνών","name_en":null}},{"type":"Feature","id":2599,"geometry":{"type":"Point","coordinates":[23.801738100000023,38.095239000000049]},"properties":{"OBJECTID":2599,"amenity":"school","name":"3ο Δημοτικό Σχολείο Κηφισιάς","name_en":null}},{"type":"Feature","id":2600,"geometry":{"type":"Point","coordinates":[23.796438200000068,38.094051600000057]},"properties":{"OBJECTID":2600,"amenity":"school","name":null,"name_en":null}},{"type":"Feature","id":2601,"geometry":{"type":"Point","coordinates":[23.784198400000037,38.058912300000031]},"properties":{"OBJECTID":2601,"amenity":"school","name":"Ελληνική Παιδεία","name_en":null}},{"type":"Feature","id":2606,"geometry":{"type":"Point","coordinates":[23.848074500000052,38.036993900000027]},"properties":{"OBJECTID":2606,"amenity":"school","name":null,"name_en":null}},{"type":"Feature","id":2623,"geometry":{"type":"Point","coordinates":[23.883347600000036,38.098235200000033]},"properties":{"OBJECTID":2623,"amenity":"school","name":"Γενικό Λύκειο Διονύσου","name_en":null}},{"type":"Feature","id":2637,"geometry":{"type":"Point","coordinates":[23.813587700000028,38.065256300000044]},"properties":{"OBJECTID":2637,"amenity":"school","name":"Ενιαίο Πειραματικό Λύκειο Αναβρύτων","name_en":null}},{"type":"Feature","id":2638,"geometry":{"type":"Point","coordinates":[23.815630100000078,38.065082800000027]},"properties":{"OBJECTID":2638,"amenity":"school","name":"Πρότυπο Γυμνάσιο Αναβρύτων","name_en":null}},{"type":"Feature","id":2639,"geometry":{"type":"Point","coordinates":[23.71916820000007,37.951009900000031]},"properties":{"OBJECTID":2639,"amenity":"school","name":"Δημοτικό Σχολείο \"Αγιος Ανδρέας\"","name_en":null}},{"type":"Feature","id":2640,"geometry":{"type":"Point","coordinates":[23.712957300000028,37.949041600000044]},"properties":{"OBJECTID":2640,"amenity":"school","name":"6ο Δημοτικό Σχολείο","name_en":null}},{"type":"Feature","id":2641,"geometry":{"type":"Point","coordinates":[23.713308600000062,37.948865500000068]},"properties":{"OBJECTID":2641,"amenity":"school","name":null,"name_en":null}},{"type":"Feature","id":2645,"geometry":{"type":"Point","coordinates":[23.558340700000031,37.965059100000076]},"properties":{"OBJECTID":2645,"amenity":"school","name":null,"name_en":null}},{"type":"Feature","id":2662,"geometry":{"type":"Point","coordinates":[23.719528500000024,37.951246200000071]},"properties":{"OBJECTID":2662,"amenity":"school","name":"4o Δημοτικό Σχολείο Νέας Σμύρνης","name_en":null}},{"type":"Feature","id":2669,"geometry":{"type":"Point","coordinates":[23.76077870000006,37.925500300000067]},"properties":{"OBJECTID":2669,"amenity":"school","name":"2ο Γυμνάσιο Ηλιούπολης","name_en":null}},{"type":"Feature","id":2673,"geometry":{"type":"Point","coordinates":[23.649158500000055,37.947353700000065]},"properties":{"OBJECTID":2673,"amenity":"school","name":"13ο Γενικό Λύκειο Πειραιά","name_en":"13th General High School of Piraeus"}},{"type":"Feature","id":2674,"geometry":{"type":"Point","coordinates":[23.648933900000031,37.947205200000042]},"properties":{"OBJECTID":2674,"amenity":"school","name":"Ζάννειος Πρότυπος Σχολή","name_en":null}},{"type":"Feature","id":2679,"geometry":{"type":"Point","coordinates":[23.805280500000038,37.829634500000054]},"properties":{"OBJECTID":2679,"amenity":"school","name":"1ο Γυμνάσιο Βάρης","name_en":null}},{"type":"Feature","id":2683,"geometry":{"type":"Point","coordinates":[23.856800300000032,38.14368630000007]},"properties":{"OBJECTID":2683,"amenity":"school","name":"Λύκειο Αγίου Στεφάνου","name_en":null}},{"type":"Feature","id":2695,"geometry":{"type":"Point","coordinates":[23.760056900000052,37.964315700000043]},"properties":{"OBJECTID":2695,"amenity":"school","name":"1ο Γενικό Λύκειο Καισαριανής","name_en":null}},{"type":"Feature","id":2698,"geometry":{"type":"Point","coordinates":[23.701478900000041,38.057037900000068]},"properties":{"OBJECTID":2698,"amenity":"school","name":null,"name_en":null}},{"type":"Feature","id":2703,"geometry":{"type":"Point","coordinates":[23.711790500000063,37.947727800000052]},"properties":{"OBJECTID":2703,"amenity":"school","name":"Γυμνάσιο - Λύκειο Εστία","name_en":null}},{"type":"Feature","id":2717,"geometry":{"type":"Point","coordinates":[23.688733200000058,37.953810800000042]},"properties":{"OBJECTID":2717,"amenity":"school","name":"3o Γυμνάσιο Μοσχάτου","name_en":null}},{"type":"Feature","id":2718,"geometry":{"type":"Point","coordinates":[23.688339800000051,37.953236400000037]},"properties":{"OBJECTID":2718,"amenity":"school","name":"2ο Λύκειο Μοσχάτου","name_en":null}},{"type":"Feature","id":2724,"geometry":{"type":"Point","coordinates":[23.713247000000024,38.016662900000028]},"properties":{"OBJECTID":2724,"amenity":"school","name":null,"name_en":null}},{"type":"Feature","id":2740,"geometry":{"type":"Point","coordinates":[23.74355550000007,37.909244700000045]},"properties":{"OBJECTID":2740,"amenity":"school","name":null,"name_en":null}},{"type":"Feature","id":2743,"geometry":{"type":"Point","coordinates":[23.802201900000057,37.825628000000052]},"properties":{"OBJECTID":2743,"amenity":"school","name":null,"name_en":null}},{"type":"Feature","id":2752,"geometry":{"type":"Point","coordinates":[23.708969300000035,37.967142700000068]},"properties":{"OBJECTID":2752,"amenity":"school","name":null,"name_en":null}},{"type":"Feature","id":2753,"geometry":{"type":"Point","coordinates":[23.762729200000024,38.12460260000006]},"properties":{"OBJECTID":2753,"amenity":"school","name":"1ο Λύκειο Θρακομακεδόνων","name_en":null}},{"type":"Feature","id":2755,"geometry":{"type":"Point","coordinates":[23.79427110000006,37.984611400000063]},"properties":{"OBJECTID":2755,"amenity":"school","name":"2ο Δημοτικό","name_en":"2o Dimotiko"}},{"type":"Feature","id":2756,"geometry":{"type":"Point","coordinates":[23.747152600000049,37.913023400000043]},"properties":{"OBJECTID":2756,"amenity":"school","name":"6ο Δημοτικό Σχολείο Αργυρούπολης","name_en":null}},{"type":"Feature","id":2763,"geometry":{"type":"Point","coordinates":[23.805791300000067,37.992743200000064]},"properties":{"OBJECTID":2763,"amenity":"school","name":null,"name_en":null}},{"type":"Feature","id":2770,"geometry":{"type":"Point","coordinates":[23.674700500000029,37.945071200000029]},"properties":{"OBJECTID":2770,"amenity":"school","name":"1ο Λύκειο Μοσχάτου","name_en":null}},{"type":"Feature","id":2782,"geometry":{"type":"Point","coordinates":[23.889249900000038,38.00493060000008]},"properties":{"OBJECTID":2782,"amenity":"school","name":null,"name_en":null}},{"type":"Feature","id":2783,"geometry":{"type":"Point","coordinates":[23.88088700000003,38.001068600000053]},"properties":{"OBJECTID":2783,"amenity":"school","name":"1ο Δημοτικό Σχολείο Παλλήνης","name_en":null}},{"type":"Feature","id":2784,"geometry":{"type":"Point","coordinates":[23.888401400000078,38.00479480000007]},"properties":{"OBJECTID":2784,"amenity":"school","name":null,"name_en":null}},{"type":"Feature","id":2786,"geometry":{"type":"Point","coordinates":[23.624874600000055,37.975683600000025]},"properties":{"OBJECTID":2786,"amenity":"school","name":null,"name_en":null}},{"type":"Feature","id":2787,"geometry":{"type":"Point","coordinates":[23.616094700000076,37.973197500000026]},"properties":{"OBJECTID":2787,"amenity":"school","name":"1o Λύκειο","name_en":null}},{"type":"Feature","id":2805,"geometry":{"type":"Point","coordinates":[23.697704000000044,37.963150700000028]},"properties":{"OBJECTID":2805,"amenity":"school","name":null,"name_en":null}},{"type":"Feature","id":2806,"geometry":{"type":"Point","coordinates":[23.706988000000024,37.971281700000077]},"properties":{"OBJECTID":2806,"amenity":"school","name":"81ο Δημοτικό Σχολείο Αθηνών","name_en":null}},{"type":"Feature","id":2808,"geometry":{"type":"Point","coordinates":[23.696815000000072,37.93581080000007]},"properties":{"OBJECTID":2808,"amenity":"school","name":"4ο Λύκειο Παλαιού Φαλήρου","name_en":null}},{"type":"Feature","id":2809,"geometry":{"type":"Point","coordinates":[23.808770500000037,38.021874800000035]},"properties":{"OBJECTID":2809,"amenity":"school","name":"1ο Λύκειο Χαλανδρίου","name_en":null}},{"type":"Feature","id":2810,"geometry":{"type":"Point","coordinates":[23.808529100000044,38.02134760000007]},"properties":{"OBJECTID":2810,"amenity":"school","name":"1ο Γυμνάσιο Χαλανδρίου","name_en":null}},{"type":"Feature","id":2812,"geometry":{"type":"Point","coordinates":[23.808628200000044,38.021597200000031]},"properties":{"OBJECTID":2812,"amenity":"school","name":null,"name_en":null}},{"type":"Feature","id":2814,"geometry":{"type":"Point","coordinates":[23.799953200000061,38.019078800000045]},"properties":{"OBJECTID":2814,"amenity":"school","name":"1ο Δημοτικό Σχολείο Χαλανδρίου","name_en":null}},{"type":"Feature","id":2815,"geometry":{"type":"Point","coordinates":[23.811226100000056,38.022603300000071]},"properties":{"OBJECTID":2815,"amenity":"school","name":"14ο Δημοτικό Σχολείο Χαλανδρίου","name_en":null}},{"type":"Feature","id":2816,"geometry":{"type":"Point","coordinates":[23.811276900000053,38.022439200000065]},"properties":{"OBJECTID":2816,"amenity":"school","name":null,"name_en":null}},{"type":"Feature","id":2817,"geometry":{"type":"Point","coordinates":[23.80951680000004,38.023288200000025]},"properties":{"OBJECTID":2817,"amenity":"school","name":"Παιδικός Σταθμός Souzana","name_en":null}},{"type":"Feature","id":2832,"geometry":{"type":"Point","coordinates":[23.820242400000041,38.024901000000057]},"properties":{"OBJECTID":2832,"amenity":"school","name":null,"name_en":null}},{"type":"Feature","id":2833,"geometry":{"type":"Point","coordinates":[23.81968500000005,38.024860500000045]},"properties":{"OBJECTID":2833,"amenity":"school","name":"15ο Νηπιαγωγείο Χαλανδρίου","name_en":null}},{"type":"Feature","id":2834,"geometry":{"type":"Point","coordinates":[23.826806400000066,38.02431260000003]},"properties":{"OBJECTID":2834,"amenity":"school","name":"5ο Δημοτικό Σχολείο Χαλανδρίου","name_en":null}},{"type":"Feature","id":2835,"geometry":{"type":"Point","coordinates":[23.821775100000025,38.029908100000057]},"properties":{"OBJECTID":2835,"amenity":"school","name":"13ο Δημοτικό Σχολείο Χαλανδρίου","name_en":null}},{"type":"Feature","id":2836,"geometry":{"type":"Point","coordinates":[23.629256100000077,37.986446800000067]},"properties":{"OBJECTID":2836,"amenity":"school","name":"9ο Γυμνάσιο Νίκαιας","name_en":null}},{"type":"Feature","id":2864,"geometry":{"type":"Point","coordinates":[23.803519400000027,38.027892400000042]},"properties":{"OBJECTID":2864,"amenity":"school","name":"9ο Δημοτικό Σχολείο Χαλανδρίου","name_en":null}},{"type":"Feature","id":2865,"geometry":{"type":"Point","coordinates":[23.803469100000029,38.027758600000027]},"properties":{"OBJECTID":2865,"amenity":"school","name":null,"name_en":null}},{"type":"Feature","id":2867,"geometry":{"type":"Point","coordinates":[23.803967300000068,38.028051600000026]},"properties":{"OBJECTID":2867,"amenity":"school","name":"12ο Νηπιαγωγείο Χαλανδρίου","name_en":null}},{"type":"Feature","id":2868,"geometry":{"type":"Point","coordinates":[23.803976900000066,38.02807990000008]},"properties":{"OBJECTID":2868,"amenity":"school","name":null,"name_en":null}},{"type":"Feature","id":2869,"geometry":{"type":"Point","coordinates":[23.807708300000058,38.030534300000056]},"properties":{"OBJECTID":2869,"amenity":"school","name":"11ο ΔημοτικόΣχολείο Χαλανδρίου","name_en":null}},{"type":"Feature","id":2870,"geometry":{"type":"Point","coordinates":[23.807435600000076,38.030239900000026]},"properties":{"OBJECTID":2870,"amenity":"school","name":"14ο Νηπιαγωγείο Χαλανδρίου","name_en":null}},{"type":"Feature","id":2871,"geometry":{"type":"Point","coordinates":[23.807622000000038,38.03035820000008]},"properties":{"OBJECTID":2871,"amenity":"school","name":null,"name_en":null}},{"type":"Feature","id":2872,"geometry":{"type":"Point","coordinates":[23.734862100000043,37.934851600000059]},"properties":{"OBJECTID":2872,"amenity":"school","name":"8ο & 16ο Δημοτικά Σχολεία Αγίου Δημητρίου","name_en":null}},{"type":"Feature","id":2873,"geometry":{"type":"Point","coordinates":[23.809665300000063,38.033472900000049]},"properties":{"OBJECTID":2873,"amenity":"school","name":null,"name_en":null}},{"type":"Feature","id":2874,"geometry":{"type":"Point","coordinates":[23.809038000000044,38.033532200000025]},"properties":{"OBJECTID":2874,"amenity":"school","name":null,"name_en":null}},{"type":"Feature","id":2875,"geometry":{"type":"Point","coordinates":[23.779273500000045,38.032892300000071]},"properties":{"OBJECTID":2875,"amenity":"school","name":"10ο Δημοτικό Σχολείο Νέας Ιωνίας","name_en":null}},{"type":"Feature","id":2876,"geometry":{"type":"Point","coordinates":[23.779708600000049,38.037031300000081]},"properties":{"OBJECTID":2876,"amenity":"school","name":null,"name_en":null}},{"type":"Feature","id":2877,"geometry":{"type":"Point","coordinates":[23.815704700000026,38.032955500000071]},"properties":{"OBJECTID":2877,"amenity":"school","name":null,"name_en":null}},{"type":"Feature","id":2878,"geometry":{"type":"Point","coordinates":[23.815834600000073,38.033007200000043]},"properties":{"OBJECTID":2878,"amenity":"school","name":"13ο Δημοτικό Σχολείο Αμαρουσίου","name_en":null}},{"type":"Feature","id":2881,"geometry":{"type":"Point","coordinates":[23.830448700000034,38.036200700000052]},"properties":{"OBJECTID":2881,"amenity":"school","name":"1ο Δημοτικό Σχολείο Βριλησσίων","name_en":null}},{"type":"Feature","id":2882,"geometry":{"type":"Point","coordinates":[23.836900100000037,38.03323800000004]},"properties":{"OBJECTID":2882,"amenity":"school","name":null,"name_en":null}},{"type":"Feature","id":2883,"geometry":{"type":"Point","coordinates":[23.839797400000066,38.040591200000051]},"properties":{"OBJECTID":2883,"amenity":"school","name":"2ο Γυμνάσιο Βριλησσίων","name_en":null}},{"type":"Feature","id":2884,"geometry":{"type":"Point","coordinates":[23.839107200000058,38.041170800000032]},"properties":{"OBJECTID":2884,"amenity":"school","name":"2ο Λύκειο Βριλησσίων","name_en":null}},{"type":"Feature","id":2890,"geometry":{"type":"Point","coordinates":[23.846062900000049,38.040287500000034]},"properties":{"OBJECTID":2890,"amenity":"school","name":"5ο Δημοτικό Σχολείο Βριλησσίων","name_en":null}},{"type":"Feature","id":2893,"geometry":{"type":"Point","coordinates":[23.760075400000062,38.05388320000003]},"properties":{"OBJECTID":2893,"amenity":"school","name":null,"name_en":null}},{"type":"Feature","id":2896,"geometry":{"type":"Point","coordinates":[23.69873750000005,37.960523700000067]},"properties":{"OBJECTID":2896,"amenity":"school","name":"5ο Λύκειο Καλλιθέας","name_en":null}},{"type":"Feature","id":2897,"geometry":{"type":"Point","coordinates":[23.703266600000063,37.959722000000056]},"properties":{"OBJECTID":2897,"amenity":"school","name":null,"name_en":null}},{"type":"Feature","id":2903,"geometry":{"type":"Point","coordinates":[23.895267800000056,37.995659300000057]},"properties":{"OBJECTID":2903,"amenity":"school","name":null,"name_en":null}},{"type":"Feature","id":2912,"geometry":{"type":"Point","coordinates":[23.796125200000063,38.02881560000003]},"properties":{"OBJECTID":2912,"amenity":"school","name":"3ο Δημοτικό Χαλανδρίου","name_en":null}},{"type":"Feature","id":2915,"geometry":{"type":"Point","coordinates":[23.798352000000023,38.031578700000068]},"properties":{"OBJECTID":2915,"amenity":"school","name":"3ο Γυμνάσιο Χαλανδρίου","name_en":null}},{"type":"Feature","id":2918,"geometry":{"type":"Point","coordinates":[23.824440300000049,38.038306800000043]},"properties":{"OBJECTID":2918,"amenity":"school","name":null,"name_en":null}},{"type":"Feature","id":2919,"geometry":{"type":"Point","coordinates":[23.825881600000059,38.03811550000006]},"properties":{"OBJECTID":2919,"amenity":"school","name":null,"name_en":null}},{"type":"Feature","id":2920,"geometry":{"type":"Point","coordinates":[23.96909590000007,37.809633700000063]},"properties":{"OBJECTID":2920,"amenity":"school","name":"4ο Δημοτικό Σχολείο Κερατέας","name_en":null}},{"type":"Feature","id":2921,"geometry":{"type":"Point","coordinates":[23.828686100000027,38.041317200000037]},"properties":{"OBJECTID":2921,"amenity":"school","name":null,"name_en":null}},{"type":"Feature","id":2924,"geometry":{"type":"Point","coordinates":[23.798309800000027,38.031908300000055]},"properties":{"OBJECTID":2924,"amenity":"school","name":"3ο Λύκειο Χαλανδρίου","name_en":null}},{"type":"Feature","id":2928,"geometry":{"type":"Point","coordinates":[23.788739000000078,37.990710900000067]},"properties":{"OBJECTID":2928,"amenity":"school","name":null,"name_en":null}},{"type":"Feature","id":2931,"geometry":{"type":"Point","coordinates":[23.845217300000058,38.04409650000008]},"properties":{"OBJECTID":2931,"amenity":"school","name":"3ο Γυμνάσιο Βριλησσίων","name_en":null}},{"type":"Feature","id":2935,"geometry":{"type":"Point","coordinates":[23.797140300000024,37.998800200000062]},"properties":{"OBJECTID":2935,"amenity":"school","name":"1ο & 3ο Γυμνάσιο Χολαργού","name_en":null}},{"type":"Feature","id":2942,"geometry":{"type":"Point","coordinates":[23.801808100000073,38.001157300000045]},"properties":{"OBJECTID":2942,"amenity":"school","name":null,"name_en":null}},{"type":"Feature","id":2945,"geometry":{"type":"Point","coordinates":[23.829612100000077,38.01164870000008]},"properties":{"OBJECTID":2945,"amenity":"school","name":"8ο Δημοτικό Σχολείο","name_en":null}},{"type":"Feature","id":2951,"geometry":{"type":"Point","coordinates":[23.836106600000051,38.010064700000044]},"properties":{"OBJECTID":2951,"amenity":"school","name":"Ελληνογαλλική Σχολή Ευγένιος Ντελακρουά","name_en":null}},{"type":"Feature","id":2952,"geometry":{"type":"Point","coordinates":[23.829527400000075,38.011603900000068]},"properties":{"OBJECTID":2952,"amenity":"school","name":null,"name_en":null}},{"type":"Feature","id":2962,"geometry":{"type":"Point","coordinates":[23.703025800000034,37.994963200000029]},"properties":{"OBJECTID":2962,"amenity":"school","name":"66ο Γυμνάσιο Αθηνών","name_en":null}},{"type":"Feature","id":2964,"geometry":{"type":"Point","coordinates":[23.800377600000047,38.013276500000075]},"properties":{"OBJECTID":2964,"amenity":"school","name":null,"name_en":"The Dyslexia Project"}},{"type":"Feature","id":2967,"geometry":{"type":"Point","coordinates":[23.799296900000058,38.010604300000068]},"properties":{"OBJECTID":2967,"amenity":"school","name":"Γυμνάσιο Χαλανδριου","name_en":null}},{"type":"Feature","id":2971,"geometry":{"type":"Point","coordinates":[23.755277200000023,37.891946200000064]},"properties":{"OBJECTID":2971,"amenity":"school","name":"1ο Δημοτικό Σχολείο Ελληνικού","name_en":null}},{"type":"Feature","id":2975,"geometry":{"type":"Point","coordinates":[23.797667800000056,38.009436900000026]},"properties":{"OBJECTID":2975,"amenity":"school","name":"7ο/10ο Δημοτικό Σχολειο","name_en":null}},{"type":"Feature","id":2986,"geometry":{"type":"Point","coordinates":[23.815802200000064,38.018232400000045]},"properties":{"OBJECTID":2986,"amenity":"school","name":null,"name_en":null}},{"type":"Feature","id":2987,"geometry":{"type":"Point","coordinates":[23.819080500000041,38.017124200000069]},"properties":{"OBJECTID":2987,"amenity":"school","name":null,"name_en":null}},{"type":"Feature","id":2991,"geometry":{"type":"Point","coordinates":[23.820844400000055,38.020923900000071]},"properties":{"OBJECTID":2991,"amenity":"school","name":null,"name_en":null}},{"type":"Feature","id":2992,"geometry":{"type":"Point","coordinates":[23.824553800000047,38.016251300000079]},"properties":{"OBJECTID":2992,"amenity":"school","name":null,"name_en":null}},{"type":"Feature","id":2993,"geometry":{"type":"Point","coordinates":[23.825838800000042,38.019202000000064]},"properties":{"OBJECTID":2993,"amenity":"school","name":null,"name_en":null}},{"type":"Feature","id":3011,"geometry":{"type":"Point","coordinates":[23.833321700000056,38.01668520000004]},"properties":{"OBJECTID":3011,"amenity":"school","name":"7ο Δημοτικό Σχολείο Αγίας Παρασκευής","name_en":null}},{"type":"Feature","id":3012,"geometry":{"type":"Point","coordinates":[23.833874300000048,38.016174400000068]},"properties":{"OBJECTID":3012,"amenity":"school","name":"4ο Γυμνάσιο Αγίας Παρασκευής","name_en":null}},{"type":"Feature","id":3024,"geometry":{"type":"Point","coordinates":[23.679357300000049,38.011915300000055]},"properties":{"OBJECTID":3024,"amenity":"school","name":"14ο Δημοτικό Σχολείο Περιστερίου","name_en":null}},{"type":"Feature","id":3029,"geometry":{"type":"Point","coordinates":[23.874104900000077,37.906216200000074]},"properties":{"OBJECTID":3029,"amenity":"school","name":null,"name_en":null}},{"type":"Feature","id":3035,"geometry":{"type":"Point","coordinates":[23.724619200000063,38.090325600000028]},"properties":{"OBJECTID":3035,"amenity":"school","name":"5ο Γυμνάσιο Αχαρνών","name_en":null}},{"type":"Feature","id":3036,"geometry":{"type":"Point","coordinates":[23.710569600000042,38.090038900000025]},"properties":{"OBJECTID":3036,"amenity":"school","name":"3ο Λύκειο","name_en":null}},{"type":"Feature","id":3083,"geometry":{"type":"Point","coordinates":[23.814484500000049,38.006644000000051]},"properties":{"OBJECTID":3083,"amenity":"school","name":null,"name_en":null}},{"type":"Feature","id":3085,"geometry":{"type":"Point","coordinates":[23.813032700000065,38.006320500000072]},"properties":{"OBJECTID":3085,"amenity":"school","name":null,"name_en":null}},{"type":"Feature","id":3089,"geometry":{"type":"Point","coordinates":[23.814134500000023,38.002409800000066]},"properties":{"OBJECTID":3089,"amenity":"school","name":"Εκπαιδευτήρια Φ.Ν. ΜΑΚΡΗ","name_en":null}},{"type":"Feature","id":3090,"geometry":{"type":"Point","coordinates":[24.012212100000056,37.884288200000071]},"properties":{"OBJECTID":3090,"amenity":"school","name":"2ο Δημοτικό Σχολείο & 2ο Νηπιαγωγείο Πόρτο Ράφτη","name_en":null}},{"type":"Feature","id":3093,"geometry":{"type":"Point","coordinates":[23.808641600000044,38.004020300000036]},"properties":{"OBJECTID":3093,"amenity":"school","name":null,"name_en":null}},{"type":"Feature","id":3094,"geometry":{"type":"Point","coordinates":[23.808569300000045,38.006138800000031]},"properties":{"OBJECTID":3094,"amenity":"school","name":null,"name_en":null}},{"type":"Feature","id":3095,"geometry":{"type":"Point","coordinates":[23.810442600000044,38.007280600000058]},"properties":{"OBJECTID":3095,"amenity":"school","name":"1ο ΕΠΑΛ Αγίας Παρασκευής","name_en":null}},{"type":"Feature","id":3100,"geometry":{"type":"Point","coordinates":[23.702849600000036,38.017691700000057]},"properties":{"OBJECTID":3100,"amenity":"school","name":"11ο Δημοτικό Σχολείο Περιστερίου \"Οδυσσέας Ελύτης\"","name_en":null}},{"type":"Feature","id":3101,"geometry":{"type":"Point","coordinates":[23.768364000000076,38.016616900000031]},"properties":{"OBJECTID":3101,"amenity":"school","name":"Εκπαιδευτήριο Ι.Μ. Παναγιωτόπουλου","name_en":null}},{"type":"Feature","id":3107,"geometry":{"type":"Point","coordinates":[23.768203600000049,38.004591300000072]},"properties":{"OBJECTID":3107,"amenity":"school","name":null,"name_en":null}},{"type":"Feature","id":3112,"geometry":{"type":"Point","coordinates":[23.779092200000036,37.998390800000038]},"properties":{"OBJECTID":3112,"amenity":"school","name":null,"name_en":null}},{"type":"Feature","id":3113,"geometry":{"type":"Point","coordinates":[23.77860110000006,37.999127800000053]},"properties":{"OBJECTID":3113,"amenity":"school","name":null,"name_en":null}},{"type":"Feature","id":3116,"geometry":{"type":"Point","coordinates":[23.818659600000046,38.078559400000074]},"properties":{"OBJECTID":3116,"amenity":"school","name":null,"name_en":null}},{"type":"Feature","id":3117,"geometry":{"type":"Point","coordinates":[23.844026100000065,38.059947000000079]},"properties":{"OBJECTID":3117,"amenity":"school","name":null,"name_en":null}},{"type":"Feature","id":3130,"geometry":{"type":"Point","coordinates":[23.892756700000064,37.803339700000038]},"properties":{"OBJECTID":3130,"amenity":"school","name":null,"name_en":null}},{"type":"Feature","id":3132,"geometry":{"type":"Point","coordinates":[23.967215900000042,37.81895570000006]},"properties":{"OBJECTID":3132,"amenity":"school","name":null,"name_en":null}},{"type":"Feature","id":3140,"geometry":{"type":"Point","coordinates":[23.753932400000053,38.011961700000029]},"properties":{"OBJECTID":3140,"amenity":"school","name":null,"name_en":null}},{"type":"Feature","id":3141,"geometry":{"type":"Point","coordinates":[23.83956900000004,38.020753100000036]},"properties":{"OBJECTID":3141,"amenity":"school","name":"9ο Δημοτικό Σχολείο Αγίας Παρασκευής","name_en":null}},{"type":"Feature","id":3154,"geometry":{"type":"Point","coordinates":[23.796642900000052,38.038323000000048]},"properties":{"OBJECTID":3154,"amenity":"school","name":"5ο Δημοτικό Σχολείο Αμαρουσίου","name_en":null}},{"type":"Feature","id":3156,"geometry":{"type":"Point","coordinates":[23.783573400000023,38.045854800000029]},"properties":{"OBJECTID":3156,"amenity":"school","name":"Ελληνοαγγλική Αγωγή","name_en":null}},{"type":"Feature","id":3159,"geometry":{"type":"Point","coordinates":[23.673521200000039,37.944974900000034]},"properties":{"OBJECTID":3159,"amenity":"school","name":"Ωδείο Τέχνης Γ.Β. Φακανάς","name_en":"Art Music School ''Fakanas''"}},{"type":"Feature","id":3160,"geometry":{"type":"Point","coordinates":[23.704295300000069,37.960779000000059]},"properties":{"OBJECTID":3160,"amenity":"school","name":"12ο Γυμνάσιο Καλλιθέας","name_en":null}},{"type":"Feature","id":3184,"geometry":{"type":"Point","coordinates":[23.796276300000045,38.046280600000046]},"properties":{"OBJECTID":3184,"amenity":"school","name":"6ο Γυμνάσιο Αμαρουσίου","name_en":null}},{"type":"Feature","id":3185,"geometry":{"type":"Point","coordinates":[23.795820500000048,38.046382300000062]},"properties":{"OBJECTID":3185,"amenity":"school","name":"5ο Λύκειο Αμαρουσίου","name_en":null}},{"type":"Feature","id":3187,"geometry":{"type":"Point","coordinates":[23.727618100000029,37.936701600000049]},"properties":{"OBJECTID":3187,"amenity":"school","name":"3ο Δημοτικό Σχολείο Αγίου Δημητρίου","name_en":null}},{"type":"Feature","id":3194,"geometry":{"type":"Point","coordinates":[23.836555400000066,38.027065600000071]},"properties":{"OBJECTID":3194,"amenity":"school","name":"8ο Γυμνάσιο Χαλανδρίου","name_en":null}},{"type":"Feature","id":3195,"geometry":{"type":"Point","coordinates":[23.748443300000076,38.02234100000004]},"properties":{"OBJECTID":3195,"amenity":"school","name":"25ο & 174ο δημοτικά σχολεία Αθηνών","name_en":null}},{"type":"Feature","id":3204,"geometry":{"type":"Point","coordinates":[23.478398800000036,37.983362200000045]},"properties":{"OBJECTID":3204,"amenity":"school","name":"Δημοτικό Σχολείο Βασιλικών","name_en":null}},{"type":"Feature","id":3208,"geometry":{"type":"Point","coordinates":[23.840370200000052,38.048716700000057]},"properties":{"OBJECTID":3208,"amenity":"school","name":"1ο Γυμνάσιο Μελισσίων","name_en":null}},{"type":"Feature","id":3210,"geometry":{"type":"Point","coordinates":[23.662162800000033,37.952413900000067]},"properties":{"OBJECTID":3210,"amenity":"school","name":"Λύκειο Καμινίων","name_en":null}},{"type":"Feature","id":3212,"geometry":{"type":"Point","coordinates":[23.662615300000027,37.953008000000068]},"properties":{"OBJECTID":3212,"amenity":"school","name":"14ο Δημοτικό Σχολείο Πειραιά","name_en":null}},{"type":"Feature","id":3213,"geometry":{"type":"Point","coordinates":[23.659332500000062,37.957487800000024]},"properties":{"OBJECTID":3213,"amenity":"school","name":null,"name_en":null}},{"type":"Feature","id":3217,"geometry":{"type":"Point","coordinates":[23.663528100000065,37.953227000000027]},"properties":{"OBJECTID":3217,"amenity":"school","name":"17ο Δημοτικό Σχολείο Πειραιά","name_en":null}},{"type":"Feature","id":3219,"geometry":{"type":"Point","coordinates":[23.652994000000035,37.95111380000003]},"properties":{"OBJECTID":3219,"amenity":"school","name":null,"name_en":null}},{"type":"Feature","id":3220,"geometry":{"type":"Point","coordinates":[23.847688700000049,38.054069000000027]},"properties":{"OBJECTID":3220,"amenity":"school","name":null,"name_en":null}},{"type":"Feature","id":3224,"geometry":{"type":"Point","coordinates":[23.836542100000031,38.049934000000064]},"properties":{"OBJECTID":3224,"amenity":"school","name":null,"name_en":null}},{"type":"Feature","id":3226,"geometry":{"type":"Point","coordinates":[23.820602600000029,38.039410400000065]},"properties":{"OBJECTID":3226,"amenity":"school","name":"Εκπαιδευτήρια Δούκα","name_en":null}},{"type":"Feature","id":3229,"geometry":{"type":"Point","coordinates":[23.823712600000079,38.041672300000073]},"properties":{"OBJECTID":3229,"amenity":"school","name":null,"name_en":null}},{"type":"Feature","id":3231,"geometry":{"type":"Point","coordinates":[23.814792400000044,38.039606700000036]},"properties":{"OBJECTID":3231,"amenity":"school","name":"4ο Γυμνάσιο Αμαρουσίου","name_en":null}},{"type":"Feature","id":3234,"geometry":{"type":"Point","coordinates":[23.816027000000076,38.041224400000033]},"properties":{"OBJECTID":3234,"amenity":"school","name":"4ο Δημοτικό Σχολείο Αμαρουσίου","name_en":null}},{"type":"Feature","id":3241,"geometry":{"type":"Point","coordinates":[23.97566850000004,38.082603300000073]},"properties":{"OBJECTID":3241,"amenity":"school","name":"Νηπιαγωγείο Νέας Μάκρης","name_en":null}},{"type":"Feature","id":3242,"geometry":{"type":"Point","coordinates":[23.977628500000037,38.082830400000034]},"properties":{"OBJECTID":3242,"amenity":"school","name":"Δημοτικό Νέας Μάκρης","name_en":null}},{"type":"Feature","id":3244,"geometry":{"type":"Point","coordinates":[23.731352100000038,37.957802600000036]},"properties":{"OBJECTID":3244,"amenity":"school","name":null,"name_en":null}},{"type":"Feature","id":3245,"geometry":{"type":"Point","coordinates":[23.892531400000053,37.997479000000055]},"properties":{"OBJECTID":3245,"amenity":"school","name":"Ελληνογερμανική Αγωγή","name_en":null}},{"type":"Feature","id":3246,"geometry":{"type":"Point","coordinates":[23.814156800000035,38.05110760000008]},"properties":{"OBJECTID":3246,"amenity":"school","name":null,"name_en":null}},{"type":"Feature","id":3247,"geometry":{"type":"Point","coordinates":[23.705855700000029,37.943687500000067]},"properties":{"OBJECTID":3247,"amenity":"school","name":null,"name_en":null}},{"type":"Feature","id":3250,"geometry":{"type":"Point","coordinates":[23.821230000000071,38.05147930000004]},"properties":{"OBJECTID":3250,"amenity":"school","name":null,"name_en":null}},{"type":"Feature","id":3251,"geometry":{"type":"Point","coordinates":[23.974183700000026,37.809782400000074]},"properties":{"OBJECTID":3251,"amenity":"school","name":null,"name_en":null}},{"type":"Feature","id":3254,"geometry":{"type":"Point","coordinates":[23.826667200000031,38.047617500000058]},"properties":{"OBJECTID":3254,"amenity":"school","name":"Ιόνιος Σχολή","name_en":null}},{"type":"Feature","id":3259,"geometry":{"type":"Point","coordinates":[23.82887530000005,38.053071000000045]},"properties":{"OBJECTID":3259,"amenity":"school","name":"Λύκειο Μελισσίων \"Η Ελληνική Παιδεία\"","name_en":"HIGH SCHOOL MELISSION \"The GREEK EDUCATION\""}},{"type":"Feature","id":3260,"geometry":{"type":"Point","coordinates":[23.821921100000054,38.055277500000045]},"properties":{"OBJECTID":3260,"amenity":"school","name":"10ο Δημοτικό Σχολείο Αμαρουσίου","name_en":null}},{"type":"Feature","id":3261,"geometry":{"type":"Point","coordinates":[23.821196600000064,38.054400700000031]},"properties":{"OBJECTID":3261,"amenity":"school","name":"Ελληνογαλλική Σχολή Ουρσουλίνων","name_en":null}},{"type":"Feature","id":3264,"geometry":{"type":"Point","coordinates":[23.739405900000065,38.012207000000046]},"properties":{"OBJECTID":3264,"amenity":"school","name":"65ο Δημοτικό Σχολείο Αθηνών","name_en":null}},{"type":"Feature","id":3265,"geometry":{"type":"Point","coordinates":[23.739423100000067,38.012450500000057]},"properties":{"OBJECTID":3265,"amenity":"school","name":null,"name_en":null}},{"type":"Feature","id":3266,"geometry":{"type":"Point","coordinates":[23.739440200000047,38.012707400000068]},"properties":{"OBJECTID":3266,"amenity":"school","name":null,"name_en":null}},{"type":"Feature","id":3267,"geometry":{"type":"Point","coordinates":[23.739448800000048,38.012950900000078]},"properties":{"OBJECTID":3267,"amenity":"school","name":"4ο Ειδικό Δημοτικό Σχολείο Αθήνας","name_en":null}},{"type":"Feature","id":3268,"geometry":{"type":"Point","coordinates":[23.740161200000045,38.012308500000074]},"properties":{"OBJECTID":3268,"amenity":"school","name":"112ο & 132ο Δημοτικά Σχολεία Αθηνών","name_en":null}},{"type":"Feature","id":3269,"geometry":{"type":"Point","coordinates":[23.740993800000069,38.012308500000074]},"properties":{"OBJECTID":3269,"amenity":"school","name":null,"name_en":null}},{"type":"Feature","id":3270,"geometry":{"type":"Point","coordinates":[23.74100240000007,38.012856200000044]},"properties":{"OBJECTID":3270,"amenity":"school","name":"1ο Γυμνάσιο - 1ο Λύκειο Γαλατσίου","name_en":null}},{"type":"Feature","id":3271,"geometry":{"type":"Point","coordinates":[23.740212700000029,38.012883300000055]},"properties":{"OBJECTID":3271,"amenity":"school","name":null,"name_en":null}},{"type":"Feature","id":3272,"geometry":{"type":"Point","coordinates":[23.74101950000005,38.013424200000031]},"properties":{"OBJECTID":3272,"amenity":"school","name":"Ι.Ε.Κ Γαλατσίου","name_en":null}},{"type":"Feature","id":3273,"geometry":{"type":"Point","coordinates":[23.74026420000007,38.013458100000037]},"properties":{"OBJECTID":3273,"amenity":"school","name":"21ο & 40ο ΛΥΚΕΙΟ ΑΘΗΝΩΝ","name_en":null}},{"type":"Feature","id":3274,"geometry":{"type":"Point","coordinates":[23.74026420000007,38.014073400000029]},"properties":{"OBJECTID":3274,"amenity":"school","name":null,"name_en":null}},{"type":"Feature","id":3277,"geometry":{"type":"Point","coordinates":[23.816098500000066,38.057372400000077]},"properties":{"OBJECTID":3277,"amenity":"school","name":"18ο Δημοτικό Σχολείο Αμαρουσίου","name_en":null}},{"type":"Feature","id":3282,"geometry":{"type":"Point","coordinates":[23.843586300000027,38.05976650000008]},"properties":{"OBJECTID":3282,"amenity":"school","name":null,"name_en":null}},{"type":"Feature","id":3298,"geometry":{"type":"Point","coordinates":[23.770811000000037,37.993651200000045]},"properties":{"OBJECTID":3298,"amenity":"school","name":null,"name_en":null}},{"type":"Feature","id":3300,"geometry":{"type":"Point","coordinates":[23.764439300000049,37.999154300000043]},"properties":{"OBJECTID":3300,"amenity":"school","name":null,"name_en":null}},{"type":"Feature","id":3301,"geometry":{"type":"Point","coordinates":[23.762644500000079,37.999902100000043]},"properties":{"OBJECTID":3301,"amenity":"school","name":null,"name_en":null}},{"type":"Feature","id":3303,"geometry":{"type":"Point","coordinates":[23.820588900000075,37.853956200000027]},"properties":{"OBJECTID":3303,"amenity":"school","name":"St Lawrence College","name_en":"St Lawrence College"}},{"type":"Feature","id":3304,"geometry":{"type":"Point","coordinates":[23.763932100000034,37.989918500000044]},"properties":{"OBJECTID":3304,"amenity":"school","name":null,"name_en":null}},{"type":"Feature","id":3310,"geometry":{"type":"Point","coordinates":[23.939483500000051,37.881614400000046]},"properties":{"OBJECTID":3310,"amenity":"school","name":null,"name_en":null}},{"type":"Feature","id":3313,"geometry":{"type":"Point","coordinates":[23.670583100000044,38.101374300000032]},"properties":{"OBJECTID":3313,"amenity":"school","name":"Γενικό Λύκειο Φυλής","name_en":null}},{"type":"Feature","id":3319,"geometry":{"type":"Point","coordinates":[23.750749900000073,37.990419800000041]},"properties":{"OBJECTID":3319,"amenity":"school","name":"40ο Δημοτικό σχολείο Αθηνών","name_en":null}},{"type":"Feature","id":3320,"geometry":{"type":"Point","coordinates":[23.747754400000076,37.990444700000069]},"properties":{"OBJECTID":3320,"amenity":"school","name":null,"name_en":null}},{"type":"Feature","id":3322,"geometry":{"type":"Point","coordinates":[23.745878900000037,37.991276600000049]},"properties":{"OBJECTID":3322,"amenity":"school","name":null,"name_en":null}},{"type":"Feature","id":3323,"geometry":{"type":"Point","coordinates":[23.524586600000077,38.058669200000054]},"properties":{"OBJECTID":3323,"amenity":"school","name":"4ο Δημοτικό Σχολείο Μάνδρας","name_en":null}},{"type":"Feature","id":3324,"geometry":{"type":"Point","coordinates":[23.525255300000026,38.058779500000071]},"properties":{"OBJECTID":3324,"amenity":"school","name":"4ο Νηπιαγωγείο Μάνδρας","name_en":null}},{"type":"Feature","id":3326,"geometry":{"type":"Point","coordinates":[23.751402800000051,37.997232100000076]},"properties":{"OBJECTID":3326,"amenity":"school","name":null,"name_en":null}},{"type":"Feature","id":3331,"geometry":{"type":"Point","coordinates":[23.756324800000073,37.995453700000041]},"properties":{"OBJECTID":3331,"amenity":"school","name":null,"name_en":null}},{"type":"Feature","id":3332,"geometry":{"type":"Point","coordinates":[23.756264500000043,37.994882800000028]},"properties":{"OBJECTID":3332,"amenity":"school","name":null,"name_en":null}},{"type":"Feature","id":3345,"geometry":{"type":"Point","coordinates":[23.79509390000004,38.052157600000044]},"properties":{"OBJECTID":3345,"amenity":"school","name":null,"name_en":null}},{"type":"Feature","id":3350,"geometry":{"type":"Point","coordinates":[23.739135600000054,37.989483900000039]},"properties":{"OBJECTID":3350,"amenity":"school","name":"36ο Δημοτικό Σχολείο Αθηνών","name_en":"36th Athens Elementary School"}},{"type":"Feature","id":3351,"geometry":{"type":"Point","coordinates":[23.739135100000055,37.989493100000061]},"properties":{"OBJECTID":3351,"amenity":"school","name":"36ο Δημοτικό Σχολείο Αθηνών","name_en":null}},{"type":"Feature","id":3353,"geometry":{"type":"Point","coordinates":[23.735871600000053,37.98642110000003]},"properties":{"OBJECTID":3353,"amenity":"school","name":"5ο Γυμνάσιο Αθηνών","name_en":null}},{"type":"Feature","id":3365,"geometry":{"type":"Point","coordinates":[24.017871700000057,37.873009900000056]},"properties":{"OBJECTID":3365,"amenity":"school","name":"2ο Γυμνάσιο Μαρκοπουλου","name_en":null}},{"type":"Feature","id":3367,"geometry":{"type":"Point","coordinates":[23.716724900000031,37.963794600000028]},"properties":{"OBJECTID":3367,"amenity":"school","name":null,"name_en":null}},{"type":"Feature","id":3368,"geometry":{"type":"Point","coordinates":[23.674208100000044,38.035739500000034]},"properties":{"OBJECTID":3368,"amenity":"school","name":"4ο Γυμνάσιο Πετρούπολης","name_en":null}},{"type":"Feature","id":3371,"geometry":{"type":"Point","coordinates":[23.694082000000037,37.970628800000043]},"properties":{"OBJECTID":3371,"amenity":"school","name":"3ο ΕΠΑΛ Ταύρου","name_en":null}},{"type":"Feature","id":3374,"geometry":{"type":"Point","coordinates":[23.733514400000047,38.020194900000035]},"properties":{"OBJECTID":3374,"amenity":"school","name":"24ο Δημοτικό Σχολείο Αθήνας","name_en":null}},{"type":"Feature","id":3375,"geometry":{"type":"Point","coordinates":[23.734118300000034,38.012665000000027]},"properties":{"OBJECTID":3375,"amenity":"school","name":null,"name_en":null}},{"type":"Feature","id":3377,"geometry":{"type":"Point","coordinates":[23.713268000000028,38.020556700000043]},"properties":{"OBJECTID":3377,"amenity":"school","name":null,"name_en":null}},{"type":"Feature","id":3379,"geometry":{"type":"Point","coordinates":[23.71542130000006,38.020916600000078]},"properties":{"OBJECTID":3379,"amenity":"school","name":"3ο Γυμνάσιο Αγίων Αναργύρων","name_en":null}},{"type":"Feature","id":3397,"geometry":{"type":"Point","coordinates":[23.75851670000003,37.98187740000003]},"properties":{"OBJECTID":3397,"amenity":"school","name":null,"name_en":null}},{"type":"Feature","id":3401,"geometry":{"type":"Point","coordinates":[23.767019900000037,37.866964200000041]},"properties":{"OBJECTID":3401,"amenity":"school","name":null,"name_en":null}},{"type":"Feature","id":3408,"geometry":{"type":"Point","coordinates":[23.685405800000069,37.996894400000031]},"properties":{"OBJECTID":3408,"amenity":"school","name":null,"name_en":null}},{"type":"Feature","id":3409,"geometry":{"type":"Point","coordinates":[23.769438600000058,37.988550200000077]},"properties":{"OBJECTID":3409,"amenity":"school","name":null,"name_en":null}},{"type":"Feature","id":3419,"geometry":{"type":"Point","coordinates":[23.723889800000052,37.987221300000044]},"properties":{"OBJECTID":3419,"amenity":"school","name":"160ο Δημοτικό Σχολείο Αθηνών","name_en":null}},{"type":"Feature","id":3424,"geometry":{"type":"Point","coordinates":[23.721787800000072,37.990544700000044]},"properties":{"OBJECTID":3424,"amenity":"school","name":null,"name_en":null}},{"type":"Feature","id":3432,"geometry":{"type":"Point","coordinates":[23.807939700000077,38.058620500000075]},"properties":{"OBJECTID":3432,"amenity":"school","name":"1ο Γυμνάσιο και 1ο Λύκειο Αμαρουσίου","name_en":null}},{"type":"Feature","id":3433,"geometry":{"type":"Point","coordinates":[23.807824200000027,38.057939400000066]},"properties":{"OBJECTID":3433,"amenity":"school","name":"1ο Δημοτικό Σχολείο Αμαρουσίου","name_en":null}},{"type":"Feature","id":3437,"geometry":{"type":"Point","coordinates":[23.627638000000047,37.987220800000046]},"properties":{"OBJECTID":3437,"amenity":"school","name":null,"name_en":null}},{"type":"Feature","id":3440,"geometry":{"type":"Point","coordinates":[23.632635400000026,37.987318500000072]},"properties":{"OBJECTID":3440,"amenity":"school","name":null,"name_en":null}},{"type":"Feature","id":3441,"geometry":{"type":"Point","coordinates":[23.631136200000071,37.981874400000038]},"properties":{"OBJECTID":3441,"amenity":"school","name":"5o Γυμνάσιο Νίκαιας","name_en":null}},{"type":"Feature","id":3444,"geometry":{"type":"Point","coordinates":[23.727332900000079,37.993318500000044]},"properties":{"OBJECTID":3444,"amenity":"school","name":"2ο Γενικό Λύκειο Αθηνών «Θεόδωρος Αγγελόπουλος»","name_en":null}},{"type":"Feature","id":3454,"geometry":{"type":"Point","coordinates":[23.724363800000049,37.996015900000032]},"properties":{"OBJECTID":3454,"amenity":"school","name":"53ο Δημοτικό Σχολείο Αθηνών","name_en":null}},{"type":"Feature","id":3456,"geometry":{"type":"Point","coordinates":[23.723836800000072,37.999761500000034]},"properties":{"OBJECTID":3456,"amenity":"school","name":"50ο Δημοτικό Σχολείο Αθηνών","name_en":null}},{"type":"Feature","id":3482,"geometry":{"type":"Point","coordinates":[23.643008100000031,37.952554500000076]},"properties":{"OBJECTID":3482,"amenity":"school","name":"13ο Γυμνάσιο Πειραιά","name_en":null}},{"type":"Feature","id":3486,"geometry":{"type":"Point","coordinates":[23.708844900000031,37.977142100000037]},"properties":{"OBJECTID":3486,"amenity":"school","name":"87ο Δημοτικό Σχολείο Αθηνών","name_en":null}},{"type":"Feature","id":3489,"geometry":{"type":"Point","coordinates":[23.86001600000003,38.011054800000068]},"properties":{"OBJECTID":3489,"amenity":"school","name":"1ο Δημοτικό Σχολείο Γέρακα","name_en":null}},{"type":"Feature","id":3490,"geometry":{"type":"Point","coordinates":[23.85985050000005,38.012152400000048]},"properties":{"OBJECTID":3490,"amenity":"school","name":"Εκπαιδευτήρια Αργύρη-Λαιμού","name_en":null}},{"type":"Feature","id":3498,"geometry":{"type":"Point","coordinates":[23.727802900000029,37.923328600000048]},"properties":{"OBJECTID":3498,"amenity":"school","name":"3ο Λύκειο Αγίου Δημητρίου","name_en":null}},{"type":"Feature","id":3499,"geometry":{"type":"Point","coordinates":[23.729018800000063,37.922618700000044]},"properties":{"OBJECTID":3499,"amenity":"school","name":null,"name_en":null}},{"type":"Feature","id":3505,"geometry":{"type":"Point","coordinates":[23.764129700000069,37.983379900000045]},"properties":{"OBJECTID":3505,"amenity":"school","name":"8ο - 106ο - 153ο Δημοτικά Σχολεία Αθηνών 9ο Ειδικό Σχολείο Αθηνών  12ο - 101ο - 132ο Νηπιαγωγεία Αθηνών","name_en":null}},{"type":"Feature","id":3507,"geometry":{"type":"Point","coordinates":[23.650318200000072,37.973948600000028]},"properties":{"OBJECTID":3507,"amenity":"school","name":null,"name_en":null}},{"type":"Feature","id":3508,"geometry":{"type":"Point","coordinates":[23.650340500000027,37.973690200000078]},"properties":{"OBJECTID":3508,"amenity":"school","name":"1o Δημοτικό Σχολείο Κορυδαλλού","name_en":"1o Dimotiko Scholeio Korydallou"}},{"type":"Feature","id":3515,"geometry":{"type":"Point","coordinates":[23.667213100000026,38.010262300000079]},"properties":{"OBJECTID":3515,"amenity":"school","name":null,"name_en":null}},{"type":"Feature","id":3518,"geometry":{"type":"Point","coordinates":[23.702855000000056,37.968960300000049]},"properties":{"OBJECTID":3518,"amenity":"school","name":null,"name_en":null}},{"type":"Feature","id":3521,"geometry":{"type":"Point","coordinates":[23.704000400000041,37.967843400000049]},"properties":{"OBJECTID":3521,"amenity":"school","name":"62ο Γυµνάσιο Αθηνών","name_en":null}},{"type":"Feature","id":3524,"geometry":{"type":"Point","coordinates":[23.703053300000079,37.963574100000073]},"properties":{"OBJECTID":3524,"amenity":"school","name":"3ο Δημοτικό Σχολείο Ταύρου","name_en":null}},{"type":"Feature","id":3531,"geometry":{"type":"Point","coordinates":[23.698483400000043,37.967804000000058]},"properties":{"OBJECTID":3531,"amenity":"school","name":"5ο Δημοτικό Σχολείο Ταύρου","name_en":null}},{"type":"Feature","id":3544,"geometry":{"type":"Point","coordinates":[24.006333600000062,37.942601600000046]},"properties":{"OBJECTID":3544,"amenity":"school","name":"2ο & 6ο Δημοτικό Σχολείο","name_en":null}},{"type":"Feature","id":3545,"geometry":{"type":"Point","coordinates":[24.007633600000077,37.942813700000045]},"properties":{"OBJECTID":3545,"amenity":"school","name":"4ο Δημοτίκο Σχολείο","name_en":null}},{"type":"Feature","id":3548,"geometry":{"type":"Point","coordinates":[23.703581200000031,37.958377400000074]},"properties":{"OBJECTID":3548,"amenity":"school","name":"5ο Γυμνάσιο Καλλιθέας","name_en":null}},{"type":"Feature","id":3549,"geometry":{"type":"Point","coordinates":[23.87520870000003,38.005264800000077]},"properties":{"OBJECTID":3549,"amenity":"school","name":"3ο Γυμνάσιο Παλλήνης","name_en":null}},{"type":"Feature","id":3551,"geometry":{"type":"Point","coordinates":[23.686419500000056,37.952739200000053]},"properties":{"OBJECTID":3551,"amenity":"school","name":"Εκπαιδευτήρια Λαμπίρη","name_en":null}},{"type":"Feature","id":3554,"geometry":{"type":"Point","coordinates":[23.685522900000024,37.946634500000073]},"properties":{"OBJECTID":3554,"amenity":"school","name":null,"name_en":null}},{"type":"Feature","id":3565,"geometry":{"type":"Point","coordinates":[23.697723400000029,37.956204500000069]},"properties":{"OBJECTID":3565,"amenity":"school","name":"13ο Δημοτικό Σχολείο Καλλιθέας","name_en":null}},{"type":"Feature","id":3567,"geometry":{"type":"Point","coordinates":[23.754452100000037,37.918599700000073]},"properties":{"OBJECTID":3567,"amenity":"school","name":"15ο Δημοτικό Σχολείο Ηλιούπολης","name_en":null}},{"type":"Feature","id":3569,"geometry":{"type":"Point","coordinates":[23.806531600000028,37.839755400000058]},"properties":{"OBJECTID":3569,"amenity":"school","name":"Εκπαιδευτήρια ΠΑΛΛΑΔΙΟ","name_en":null}},{"type":"Feature","id":3573,"geometry":{"type":"Point","coordinates":[23.686930800000027,37.958642000000054]},"properties":{"OBJECTID":3573,"amenity":"school","name":"IST College","name_en":null}},{"type":"Feature","id":3579,"geometry":{"type":"Point","coordinates":[23.661902700000041,37.994139800000028]},"properties":{"OBJECTID":3579,"amenity":"school","name":"8ο Δημοτικό","name_en":null}},{"type":"Feature","id":3580,"geometry":{"type":"Point","coordinates":[23.662278300000025,37.994076800000073]},"properties":{"OBJECTID":3580,"amenity":"school","name":"2ο Γυμνάσιο","name_en":null}},{"type":"Feature","id":3581,"geometry":{"type":"Point","coordinates":[23.66175880000003,37.994481800000074]},"properties":{"OBJECTID":3581,"amenity":"school","name":"1ο Λύκειο","name_en":null}},{"type":"Feature","id":3582,"geometry":{"type":"Point","coordinates":[23.66248470000005,37.99508510000004]},"properties":{"OBJECTID":3582,"amenity":"school","name":"3ο Γυμνάσιο","name_en":null}},{"type":"Feature","id":3583,"geometry":{"type":"Point","coordinates":[23.662907200000063,37.995534200000066]},"properties":{"OBJECTID":3583,"amenity":"school","name":"2ο Λύκειο","name_en":null}},{"type":"Feature","id":3585,"geometry":{"type":"Point","coordinates":[23.653169000000048,37.995095100000071]},"properties":{"OBJECTID":3585,"amenity":"school","name":null,"name_en":null}},{"type":"Feature","id":3586,"geometry":{"type":"Point","coordinates":[23.658337600000038,37.994963900000073]},"properties":{"OBJECTID":3586,"amenity":"school","name":"1ο Δημοτικό","name_en":null}},{"type":"Feature","id":3589,"geometry":{"type":"Point","coordinates":[23.754128600000058,38.059700300000031]},"properties":{"OBJECTID":3589,"amenity":"school","name":"1ο Γυμνάσιο Μεταμόρφωσης","name_en":null}},{"type":"Feature","id":3601,"geometry":{"type":"Point","coordinates":[23.678553900000054,37.955129400000033]},"properties":{"OBJECTID":3601,"amenity":"school","name":"Le Monde (Hotel and Tourism studies)","name_en":null}},{"type":"Feature","id":3608,"geometry":{"type":"Point","coordinates":[23.747845700000028,37.90071370000004]},"properties":{"OBJECTID":3608,"amenity":"school","name":"3ο Γενικό Λύκειο Αργυρούπολης","name_en":null}},{"type":"Feature","id":3612,"geometry":{"type":"Point","coordinates":[23.698256100000037,37.938285200000053]},"properties":{"OBJECTID":3612,"amenity":"school","name":"12ο Δημοτικό Σχολείο Παλαιού Φαλήρου","name_en":null}},{"type":"Feature","id":3625,"geometry":{"type":"Point","coordinates":[23.765483700000061,37.890507000000071]},"properties":{"OBJECTID":3625,"amenity":"school","name":null,"name_en":null}},{"type":"Feature","id":3628,"geometry":{"type":"Point","coordinates":[23.710965000000044,37.943504800000028]},"properties":{"OBJECTID":3628,"amenity":"school","name":null,"name_en":null}},{"type":"Feature","id":3629,"geometry":{"type":"Point","coordinates":[23.71068740000004,37.942736400000058]},"properties":{"OBJECTID":3629,"amenity":"school","name":null,"name_en":null}},{"type":"Feature","id":3637,"geometry":{"type":"Point","coordinates":[23.703038200000037,37.942836900000032]},"properties":{"OBJECTID":3637,"amenity":"school","name":"Παλλάδιο Εκπαιδευτήριο","name_en":null}},{"type":"Feature","id":3641,"geometry":{"type":"Point","coordinates":[23.701272800000027,37.939958800000056]},"properties":{"OBJECTID":3641,"amenity":"school","name":"5ο Δημοτικό Σχολείο Παλαιού Φαλήρου","name_en":null}},{"type":"Feature","id":3650,"geometry":{"type":"Point","coordinates":[23.637424400000043,37.971187200000031]},"properties":{"OBJECTID":3650,"amenity":"school","name":"15ο Δημοτικό Σχολείο Νίκαιας","name_en":null}},{"type":"Feature","id":3651,"geometry":{"type":"Point","coordinates":[23.70549740000007,37.939457900000036]},"properties":{"OBJECTID":3651,"amenity":"school","name":"Σχολή Ξενόπουλου Γυμνάσιο - Λύκειο","name_en":null}},{"type":"Feature","id":3652,"geometry":{"type":"Point","coordinates":[23.705309600000078,37.937985900000058]},"properties":{"OBJECTID":3652,"amenity":"school","name":"ΔΗΜΟΤΙΚΟ ΣΧΟΛΕΙΟ ΔΙΑΠΟΛΙΤΙΣΜΙΚΗΣ ΕΚΠΑΙΔΕΥΣΗΣ ΠΑΛΑΙΟΥ ΦΑΛΗΡΟ","name_en":null}},{"type":"Feature","id":3655,"geometry":{"type":"Point","coordinates":[23.733415900000068,38.00340140000003]},"properties":{"OBJECTID":3655,"amenity":"school","name":"41ο Γυμνάσιο Αθηνών","name_en":null}},{"type":"Feature","id":3661,"geometry":{"type":"Point","coordinates":[23.707903600000066,37.934365200000059]},"properties":{"OBJECTID":3661,"amenity":"school","name":null,"name_en":null}},{"type":"Feature","id":3677,"geometry":{"type":"Point","coordinates":[23.707441900000049,37.93278870000006]},"properties":{"OBJECTID":3677,"amenity":"school","name":"Εκπαιδευτήρια Χουρδάκη","name_en":null}},{"type":"Feature","id":3680,"geometry":{"type":"Point","coordinates":[23.707626000000062,37.931586500000037]},"properties":{"OBJECTID":3680,"amenity":"school","name":"Γενική Αρμενική Ένωση Αγαθοεργίας","name_en":null}},{"type":"Feature","id":3692,"geometry":{"type":"Point","coordinates":[23.705483300000026,37.929387100000042]},"properties":{"OBJECTID":3692,"amenity":"school","name":"11ο Δημοτικό Σχολείο Παλαιού Φαλήρου","name_en":null}},{"type":"Feature","id":3702,"geometry":{"type":"Point","coordinates":[23.758082900000034,38.04293320000005]},"properties":{"OBJECTID":3702,"amenity":"school","name":"5ο Γυμνάσιο Νέας Ιωνίας","name_en":null}},{"type":"Feature","id":3703,"geometry":{"type":"Point","coordinates":[23.758358200000032,38.043372700000077]},"properties":{"OBJECTID":3703,"amenity":"school","name":"2ο Λύκειο Νέας Ιωνίας","name_en":null}},{"type":"Feature","id":3713,"geometry":{"type":"Point","coordinates":[23.713676500000076,38.025252200000068]},"properties":{"OBJECTID":3713,"amenity":"school","name":"4o Δημοτικό Αγίων Αναργύρων","name_en":null}},{"type":"Feature","id":3716,"geometry":{"type":"Point","coordinates":[23.790767500000072,38.004145900000026]},"properties":{"OBJECTID":3716,"amenity":"school","name":"1ο Γυμνάσιο Νέου Ψυχικού","name_en":null}},{"type":"Feature","id":3726,"geometry":{"type":"Point","coordinates":[23.673568900000078,38.015719800000056]},"properties":{"OBJECTID":3726,"amenity":"school","name":"8ο Γυμνάσιο Περιστερίου","name_en":null}},{"type":"Feature","id":3727,"geometry":{"type":"Point","coordinates":[23.680747600000075,38.014643600000056]},"properties":{"OBJECTID":3727,"amenity":"school","name":"13ο και 33ο Δημοτικά σχολεία Περιστερίου","name_en":null}},{"type":"Feature","id":3728,"geometry":{"type":"Point","coordinates":[23.665197300000045,38.013668800000062]},"properties":{"OBJECTID":3728,"amenity":"school","name":null,"name_en":null}},{"type":"Feature","id":3737,"geometry":{"type":"Point","coordinates":[23.977892500000053,37.806732800000077]},"properties":{"OBJECTID":3737,"amenity":"school","name":"3ο Δημοτικό Σχολείο Κερατέας","name_en":null}},{"type":"Feature","id":3744,"geometry":{"type":"Point","coordinates":[23.774649400000044,38.056707800000027]},"properties":{"OBJECTID":3744,"amenity":"school","name":"Επαγγελματικές Σχολές ΟΑΕΔ Νέου Ηρακλείου","name_en":null}},{"type":"Feature","id":3746,"geometry":{"type":"Point","coordinates":[23.719048000000043,37.956609600000036]},"properties":{"OBJECTID":3746,"amenity":"school","name":"100ο Δημοτικό Σχολείο Αθηνών","name_en":null}},{"type":"Feature","id":3751,"geometry":{"type":"Point","coordinates":[23.725763900000061,37.961138100000028]},"properties":{"OBJECTID":3751,"amenity":"school","name":"96ο Δημοτικό Σχολείο Αθηνών","name_en":null}},{"type":"Feature","id":3769,"geometry":{"type":"Point","coordinates":[23.742352700000026,37.966359400000044]},"properties":{"OBJECTID":3769,"amenity":"school","name":"3ο Δημοτικό Αθηνών","name_en":null}},{"type":"Feature","id":3773,"geometry":{"type":"Point","coordinates":[23.849679500000036,38.018348700000047]},"properties":{"OBJECTID":3773,"amenity":"school","name":"1ο Γενικό Λύκειο Γέρακα","name_en":null}},{"type":"Feature","id":3774,"geometry":{"type":"Point","coordinates":[23.751414100000034,37.967403000000047]},"properties":{"OBJECTID":3774,"amenity":"school","name":"10o Τεχνικό Επαγγελματικό Εκπαιδευτήριο Αθηνών","name_en":null}},{"type":"Feature","id":3777,"geometry":{"type":"Point","coordinates":[23.754489400000068,37.970948200000066]},"properties":{"OBJECTID":3777,"amenity":"school","name":"4ο Δημοτικό Σχολείο Καισαριανής","name_en":null}},{"type":"Feature","id":3778,"geometry":{"type":"Point","coordinates":[23.756471400000066,37.972249700000077]},"properties":{"OBJECTID":3778,"amenity":"school","name":"9ο Δημοτικό Σχολείο Αθηνών","name_en":null}},{"type":"Feature","id":3786,"geometry":{"type":"Point","coordinates":[23.763635300000033,37.983160800000064]},"properties":{"OBJECTID":3786,"amenity":"school","name":"8ο - 106ο - 153ο Δημοτικά Σχολεία Αθηνών 9ο Ειδικό Σχολείο Αθηνών 12ο - 101ο - 132ο Νηπιαγωγεία Αθηνών","name_en":null}},{"type":"Feature","id":3790,"geometry":{"type":"Point","coordinates":[23.637011900000061,37.97145160000008]},"properties":{"OBJECTID":3790,"amenity":"school","name":"23ο Δημοτικό Σχολείο Νίκαιας","name_en":null}},{"type":"Feature","id":3791,"geometry":{"type":"Point","coordinates":[23.774771400000077,37.980918900000063]},"properties":{"OBJECTID":3791,"amenity":"school","name":"1ο & 2ο ΤΕΕ Ζωγράφου","name_en":null}},{"type":"Feature","id":3792,"geometry":{"type":"Point","coordinates":[23.77452130000006,37.980476700000054]},"properties":{"OBJECTID":3792,"amenity":"school","name":"1ο & 19ο Δημοτικό Σχολείο Ζωγράφου","name_en":null}},{"type":"Feature","id":3799,"geometry":{"type":"Point","coordinates":[23.77425450000004,37.971431900000027]},"properties":{"OBJECTID":3799,"amenity":"school","name":"4ο Ενιαίο Λύκειο Ζωγράφου","name_en":null}},{"type":"Feature","id":3801,"geometry":{"type":"Point","coordinates":[23.76701550000007,37.972051700000065]},"properties":{"OBJECTID":3801,"amenity":"school","name":"Σχολή Κανάση","name_en":null}},{"type":"Feature","id":3805,"geometry":{"type":"Point","coordinates":[23.758544500000028,37.920696200000066]},"properties":{"OBJECTID":3805,"amenity":"school","name":"3ο Ενιαίο Λύκειο Ηλιούπολης","name_en":null}},{"type":"Feature","id":3806,"geometry":{"type":"Point","coordinates":[23.763747600000045,37.976007200000026]},"properties":{"OBJECTID":3806,"amenity":"school","name":"5ο Δημοτικό Σχολείο Ζωγράφου","name_en":null}},{"type":"Feature","id":3820,"geometry":{"type":"Point","coordinates":[23.739784300000053,37.998253100000056]},"properties":{"OBJECTID":3820,"amenity":"school","name":null,"name_en":null}},{"type":"Feature","id":3826,"geometry":{"type":"Point","coordinates":[23.749414600000023,37.996687200000054]},"properties":{"OBJECTID":3826,"amenity":"school","name":"134ο Δημοτικό Σχολείο Αθηνών","name_en":null}},{"type":"Feature","id":3827,"geometry":{"type":"Point","coordinates":[23.744818900000041,37.999318100000039]},"properties":{"OBJECTID":3827,"amenity":"school","name":"172ο Δημοτικό Σχολείο Αθηνών","name_en":null}},{"type":"Feature","id":3828,"geometry":{"type":"Point","coordinates":[23.743662700000073,38.001233100000036]},"properties":{"OBJECTID":3828,"amenity":"school","name":"2ο & 30ο Δημοτικά Σχολεία Αθηνών","name_en":null}},{"type":"Feature","id":3831,"geometry":{"type":"Point","coordinates":[23.746319000000028,37.999350100000072]},"properties":{"OBJECTID":3831,"amenity":"school","name":"29ο Δημοτικό Σχολείο Αθηνών \"Νίκος Γκάτσος\"","name_en":null}},{"type":"Feature","id":3849,"geometry":{"type":"Point","coordinates":[23.740120500000046,38.002497600000027]},"properties":{"OBJECTID":3849,"amenity":"school","name":"26 Δημοτικό Σχολείο Αθηνών","name_en":null}},{"type":"Feature","id":3853,"geometry":{"type":"Point","coordinates":[23.74029390000004,38.003733000000068]},"properties":{"OBJECTID":3853,"amenity":"school","name":"\"Χριστιανική Αγωγή\"","name_en":null}},{"type":"Feature","id":3864,"geometry":{"type":"Point","coordinates":[23.745500100000072,38.003824800000075]},"properties":{"OBJECTID":3864,"amenity":"school","name":null,"name_en":null}},{"type":"Feature","id":3873,"geometry":{"type":"Point","coordinates":[23.741180100000065,38.009873700000071]},"properties":{"OBJECTID":3873,"amenity":"school","name":"46ο Δημοτικό Σχολείο Αθηνών","name_en":null}},{"type":"Feature","id":3878,"geometry":{"type":"Point","coordinates":[23.754083500000036,37.910671900000068]},"properties":{"OBJECTID":3878,"amenity":"school","name":"8ο Δημοτικό Σχολείο Αργυρούπολης","name_en":null}},{"type":"Feature","id":3887,"geometry":{"type":"Point","coordinates":[23.746559000000047,38.013687300000072]},"properties":{"OBJECTID":3887,"amenity":"school","name":"1ο Δημοτικό Σχολείο Γαλατσίου","name_en":null}},{"type":"Feature","id":3891,"geometry":{"type":"Point","coordinates":[23.778614800000071,38.03811520000005]},"properties":{"OBJECTID":3891,"amenity":"school","name":null,"name_en":null}},{"type":"Feature","id":3898,"geometry":{"type":"Point","coordinates":[23.755003000000045,37.901416900000072]},"properties":{"OBJECTID":3898,"amenity":"school","name":"7ο Δημοτικό Σχολείο Αργυρούπολης","name_en":null}},{"type":"Feature","id":3910,"geometry":{"type":"Point","coordinates":[23.760040400000037,38.011922200000072]},"properties":{"OBJECTID":3910,"amenity":"school","name":null,"name_en":null}},{"type":"Feature","id":3914,"geometry":{"type":"Point","coordinates":[23.768172600000071,38.040581300000042]},"properties":{"OBJECTID":3914,"amenity":"school","name":"6ο Δημοτικό Σχολείο Ηρακλείου","name_en":null}},{"type":"Feature","id":3917,"geometry":{"type":"Point","coordinates":[23.756228500000077,38.017200500000058]},"properties":{"OBJECTID":3917,"amenity":"school","name":"9ο & 13ο Δημοτικά Σχολεία Γαλατσίου","name_en":null}},{"type":"Feature","id":3918,"geometry":{"type":"Point","coordinates":[23.758873000000051,38.020111400000076]},"properties":{"OBJECTID":3918,"amenity":"school","name":"2ο Δημοτικό Σχολείο Γαλατσίου","name_en":null}},{"type":"Feature","id":3919,"geometry":{"type":"Point","coordinates":[23.758388800000034,38.020319500000028]},"properties":{"OBJECTID":3919,"amenity":"school","name":"3ο & 4ο Γυμνάσιο Γαλατσίου","name_en":null}},{"type":"Feature","id":3920,"geometry":{"type":"Point","coordinates":[23.756048200000066,38.02439650000008]},"properties":{"OBJECTID":3920,"amenity":"school","name":"7ο Δημοτικό Σχολείο Γαλατσίου","name_en":null}},{"type":"Feature","id":3930,"geometry":{"type":"Point","coordinates":[23.747820500000046,38.014482900000075]},"properties":{"OBJECTID":3930,"amenity":"school","name":null,"name_en":null}},{"type":"Feature","id":3931,"geometry":{"type":"Point","coordinates":[23.746580300000062,37.91268720000005]},"properties":{"OBJECTID":3931,"amenity":"school","name":"3ο Νηπιαγωγείο Αργυρούπολης","name_en":null}},{"type":"Feature","id":3939,"geometry":{"type":"Point","coordinates":[23.75172850000007,38.018835900000056]},"properties":{"OBJECTID":3939,"amenity":"school","name":"11ο Δημοτικό Σχολείο Γαλατσίου","name_en":null}},{"type":"Feature","id":3945,"geometry":{"type":"Point","coordinates":[23.747626900000057,38.019872600000042]},"properties":{"OBJECTID":3945,"amenity":"school","name":"5ο Δημοτικό Σχολείο Γαλατσίου","name_en":null}},{"type":"Feature","id":3946,"geometry":{"type":"Point","coordinates":[23.747921100000042,38.020276400000057]},"properties":{"OBJECTID":3946,"amenity":"school","name":"5ο Γυμνάσιο Γαλατσίου","name_en":null}},{"type":"Feature","id":3953,"geometry":{"type":"Point","coordinates":[23.686052200000063,38.039703600000053]},"properties":{"OBJECTID":3953,"amenity":"school","name":"12o Δημοτικό Σχολείο Πετρούπολης","name_en":null}},{"type":"Feature","id":3985,"geometry":{"type":"Point","coordinates":[23.757278500000041,38.024717300000077]},"properties":{"OBJECTID":3985,"amenity":"school","name":null,"name_en":null}},{"type":"Feature","id":4018,"geometry":{"type":"Point","coordinates":[23.748910900000055,38.029210100000057]},"properties":{"OBJECTID":4018,"amenity":"school","name":"34ο & 88ο Δημοτικά Σχολεία Αθήνας","name_en":null}},{"type":"Feature","id":4019,"geometry":{"type":"Point","coordinates":[23.744744300000036,38.031119100000069]},"properties":{"OBJECTID":4019,"amenity":"school","name":"19ο Δημοτικό Σχολείο Νέας Ιωνίας","name_en":null}},{"type":"Feature","id":4022,"geometry":{"type":"Point","coordinates":[23.744545000000073,38.02717720000004]},"properties":{"OBJECTID":4022,"amenity":"school","name":"22ο Λύκειο Αθηνών","name_en":null}},{"type":"Feature","id":4023,"geometry":{"type":"Point","coordinates":[23.746494600000062,38.024736800000028]},"properties":{"OBJECTID":4023,"amenity":"school","name":"113ο Δημοτικό Σχολείο Αθηνών","name_en":null}},{"type":"Feature","id":4024,"geometry":{"type":"Point","coordinates":[23.74520590000003,38.025404900000069]},"properties":{"OBJECTID":4024,"amenity":"school","name":"68ο Γυμνάσιο Αθηνών","name_en":null}},{"type":"Feature","id":4030,"geometry":{"type":"Point","coordinates":[23.744759300000055,38.022388600000056]},"properties":{"OBJECTID":4030,"amenity":"school","name":"99ο Νηπιαγωγείο & 8ο Ειδικό Σχολείο Αθηνών","name_en":null}},{"type":"Feature","id":4037,"geometry":{"type":"Point","coordinates":[23.743647800000076,38.016332400000067]},"properties":{"OBJECTID":4037,"amenity":"school","name":"101ο Δημοτικό Σχολείο Αθηνών","name_en":null}},{"type":"Feature","id":4039,"geometry":{"type":"Point","coordinates":[23.85972780000003,38.133489700000041]},"properties":{"OBJECTID":4039,"amenity":"school","name":"Δημοτικό Σχολείο Άνοιξης","name_en":null}},{"type":"Feature","id":4042,"geometry":{"type":"Point","coordinates":[23.742170200000032,38.01917700000007]},"properties":{"OBJECTID":4042,"amenity":"school","name":"142ο Δημοτικό Σχολείο Αθηνών","name_en":null}},{"type":"Feature","id":4048,"geometry":{"type":"Point","coordinates":[23.738979400000062,38.016148800000053]},"properties":{"OBJECTID":4048,"amenity":"school","name":"ΙΕΚ Γαλατσίου","name_en":null}},{"type":"Feature","id":4049,"geometry":{"type":"Point","coordinates":[23.737859100000037,38.017031300000042]},"properties":{"OBJECTID":4049,"amenity":"school","name":"Ελληνογαλλική Σχολή Άγιος Παύλος","name_en":null}},{"type":"Feature","id":4061,"geometry":{"type":"Point","coordinates":[23.737269800000036,38.021908900000028]},"properties":{"OBJECTID":4061,"amenity":"school","name":"139ο Δημοτικό Σχολείο Αθηνών","name_en":null}},{"type":"Feature","id":4064,"geometry":{"type":"Point","coordinates":[23.733650200000056,38.021660200000042]},"properties":{"OBJECTID":4064,"amenity":"school","name":"18ο Γυμνάσιο & 18ο Λύκειο Αθηνών","name_en":null}},{"type":"Feature","id":4065,"geometry":{"type":"Point","coordinates":[23.734424400000023,38.020943500000044]},"properties":{"OBJECTID":4065,"amenity":"school","name":"4ο ΕΠΑΛ Αθηνών","name_en":null}},{"type":"Feature","id":4067,"geometry":{"type":"Point","coordinates":[23.741702300000043,37.926720900000078]},"properties":{"OBJECTID":4067,"amenity":"school","name":null,"name_en":null}},{"type":"Feature","id":4073,"geometry":{"type":"Point","coordinates":[23.703158200000075,38.074648300000035]},"properties":{"OBJECTID":4073,"amenity":"school","name":"1ο Γυμνάσιο - 1ο Λύκειο Άνω Λιοσίων","name_en":null}},{"type":"Feature","id":4074,"geometry":{"type":"Point","coordinates":[23.704255100000069,38.074922100000038]},"properties":{"OBJECTID":4074,"amenity":"school","name":"4ο Δημοτικό Άνω Λιοσίων","name_en":null}},{"type":"Feature","id":4075,"geometry":{"type":"Point","coordinates":[23.699604100000045,38.078187300000025]},"properties":{"OBJECTID":4075,"amenity":"school","name":"3ο Λύκειο Άνω Λιοσίων","name_en":null}},{"type":"Feature","id":4078,"geometry":{"type":"Point","coordinates":[23.733978100000058,38.017588400000079]},"properties":{"OBJECTID":4078,"amenity":"school","name":"109ο Δημοτικό Σχολείο Αθηνών \"Οδυσσέας Ελύτης\"","name_en":null}},{"type":"Feature","id":4093,"geometry":{"type":"Point","coordinates":[23.434806300000048,38.010646500000064]},"properties":{"OBJECTID":4093,"amenity":"school","name":"Γυμνάσιο - Λύκειο","name_en":null}},{"type":"Feature","id":4094,"geometry":{"type":"Point","coordinates":[23.434291100000053,38.017440300000032]},"properties":{"OBJECTID":4094,"amenity":"school","name":"2o Δημοτικό Σχολείο","name_en":null}},{"type":"Feature","id":4098,"geometry":{"type":"Point","coordinates":[23.732622900000024,38.009765900000048]},"properties":{"OBJECTID":4098,"amenity":"school","name":null,"name_en":null}},{"type":"Feature","id":4105,"geometry":{"type":"Point","coordinates":[23.733155000000068,38.008372100000031]},"properties":{"OBJECTID":4105,"amenity":"school","name":null,"name_en":null}},{"type":"Feature","id":4106,"geometry":{"type":"Point","coordinates":[23.732718100000056,38.006712500000049]},"properties":{"OBJECTID":4106,"amenity":"school","name":null,"name_en":null}},{"type":"Feature","id":4107,"geometry":{"type":"Point","coordinates":[23.732945400000062,38.006939500000044]},"properties":{"OBJECTID":4107,"amenity":"school","name":null,"name_en":null}},{"type":"Feature","id":4109,"geometry":{"type":"Point","coordinates":[23.733549900000071,38.004453800000078]},"properties":{"OBJECTID":4109,"amenity":"school","name":null,"name_en":null}},{"type":"Feature","id":4110,"geometry":{"type":"Point","coordinates":[23.958485500000052,38.15676540000004]},"properties":{"OBJECTID":4110,"amenity":"school","name":"Σχολεία","name_en":null}},{"type":"Feature","id":4114,"geometry":{"type":"Point","coordinates":[23.482750400000043,37.968029300000069]},"properties":{"OBJECTID":4114,"amenity":"school","name":"1ο και 2ο Λύκειο Σαλαμίνας","name_en":null}},{"type":"Feature","id":4115,"geometry":{"type":"Point","coordinates":[23.482803000000047,37.967776700000059]},"properties":{"OBJECTID":4115,"amenity":"school","name":"1ο και 2ο Λύκειο Σαλαμίνας","name_en":null}},{"type":"Feature","id":4116,"geometry":{"type":"Point","coordinates":[23.483208800000057,37.967981100000031]},"properties":{"OBJECTID":4116,"amenity":"school","name":"1ο και 2ο Λύκειο Σαλαμίνας","name_en":null}},{"type":"Feature","id":4120,"geometry":{"type":"Point","coordinates":[23.731059100000039,38.001695200000029]},"properties":{"OBJECTID":4120,"amenity":"school","name":"19ο Γενικό Λύκειο Αθηνών","name_en":null}},{"type":"Feature","id":4128,"geometry":{"type":"Point","coordinates":[23.725739700000076,38.002918100000045]},"properties":{"OBJECTID":4128,"amenity":"school","name":"108ο & 170ο Δημοτικά Σχολεία Αθηνών","name_en":null}},{"type":"Feature","id":4130,"geometry":{"type":"Point","coordinates":[23.718439400000022,38.008894100000077]},"properties":{"OBJECTID":4130,"amenity":"school","name":"9ο ΕΠΑΛ Αθηνών","name_en":null}},{"type":"Feature","id":4140,"geometry":{"type":"Point","coordinates":[23.726358400000038,38.007864600000062]},"properties":{"OBJECTID":4140,"amenity":"school","name":null,"name_en":null}},{"type":"Feature","id":4150,"geometry":{"type":"Point","coordinates":[23.727267600000062,38.008110700000032]},"properties":{"OBJECTID":4150,"amenity":"school","name":null,"name_en":null}},{"type":"Feature","id":4187,"geometry":{"type":"Point","coordinates":[23.724185300000045,38.014150900000061]},"properties":{"OBJECTID":4187,"amenity":"school","name":"130ο Δημοτικό Σχολείο Αθηνών","name_en":null}},{"type":"Feature","id":4190,"geometry":{"type":"Point","coordinates":[23.673539900000037,37.980989400000055]},"properties":{"OBJECTID":4190,"amenity":"school","name":"ΕΚΦΕ Αιγάλεω","name_en":null}},{"type":"Feature","id":4193,"geometry":{"type":"Point","coordinates":[23.721744700000045,38.016642000000047]},"properties":{"OBJECTID":4193,"amenity":"school","name":null,"name_en":null}},{"type":"Feature","id":4194,"geometry":{"type":"Point","coordinates":[23.724775100000045,38.015257600000041]},"properties":{"OBJECTID":4194,"amenity":"school","name":"65ο Γενικό Λύκειο Αθηνών","name_en":null}},{"type":"Feature","id":4198,"geometry":{"type":"Point","coordinates":[23.726572200000078,38.019971000000055]},"properties":{"OBJECTID":4198,"amenity":"school","name":"Εκπαιδευτήρια Πανταζοπούλου - Μαυρομμάτη (Νηπιαγωγείο - Δημοτικό)","name_en":null}},{"type":"Feature","id":4201,"geometry":{"type":"Point","coordinates":[23.728762900000049,38.021593000000053]},"properties":{"OBJECTID":4201,"amenity":"school","name":"49ο Γυμνάσιο Αθηνών","name_en":null}},{"type":"Feature","id":4202,"geometry":{"type":"Point","coordinates":[23.729323500000078,38.021447600000045]},"properties":{"OBJECTID":4202,"amenity":"school","name":"39ο & 141ο Δημοτικά Σχολεία Αθηνών","name_en":null}},{"type":"Feature","id":4203,"geometry":{"type":"Point","coordinates":[23.729631600000062,38.022003900000072]},"properties":{"OBJECTID":4203,"amenity":"school","name":"49ο Ενιαίο Λύκειο Αθηνών","name_en":null}},{"type":"Feature","id":4214,"geometry":{"type":"Point","coordinates":[23.706300700000043,38.001217700000041]},"properties":{"OBJECTID":4214,"amenity":"school","name":"58ο Δημοτικό Σχολείο Αθηνών","name_en":null}},{"type":"Feature","id":4227,"geometry":{"type":"Point","coordinates":[23.714089400000034,37.995238500000028]},"properties":{"OBJECTID":4227,"amenity":"school","name":"52ο Γυμνάσιο Αθηνών","name_en":null}},{"type":"Feature","id":4234,"geometry":{"type":"Point","coordinates":[23.737998400000038,37.941770000000076]},"properties":{"OBJECTID":4234,"amenity":"school","name":"1ο Γυμνάσιο - 1ο Γενικό Λύκειο - ΙΕΚ Αγίου Δημητρίου","name_en":null}},{"type":"Feature","id":4235,"geometry":{"type":"Point","coordinates":[23.71926620000005,37.996682900000053]},"properties":{"OBJECTID":4235,"amenity":"school","name":"127ο Δημοτικό Σχολείο Αθηνών","name_en":null}},{"type":"Feature","id":4249,"geometry":{"type":"Point","coordinates":[23.713436600000023,38.003802500000063]},"properties":{"OBJECTID":4249,"amenity":"school","name":"59ο Δημοτικό Σχολείο Αθηνών","name_en":null}},{"type":"Feature","id":4257,"geometry":{"type":"Point","coordinates":[23.709834600000079,37.994680300000027]},"properties":{"OBJECTID":4257,"amenity":"school","name":"60ο Δημοτικό Σχολείο Αθηνών","name_en":null}},{"type":"Feature","id":4258,"geometry":{"type":"Point","coordinates":[23.710522900000058,37.994318100000044]},"properties":{"OBJECTID":4258,"amenity":"school","name":"Λακωνική Σχολή - Εκπαιδευτήρια Μαγκλάρα","name_en":null}},{"type":"Feature","id":4278,"geometry":{"type":"Point","coordinates":[23.711102400000073,37.987023900000054]},"properties":{"OBJECTID":4278,"amenity":"school","name":"56ο Δημοτικό Σχολείο Αθηνών","name_en":null}},{"type":"Feature","id":4281,"geometry":{"type":"Point","coordinates":[23.711445300000037,37.987786200000073]},"properties":{"OBJECTID":4281,"amenity":"school","name":"5ο Εσπερινό Ενιαίο Λήκειο Αθηνών","name_en":null}},{"type":"Feature","id":4283,"geometry":{"type":"Point","coordinates":[23.348530600000061,37.996503400000051]},"properties":{"OBJECTID":4283,"amenity":"school","name":null,"name_en":null}},{"type":"Feature","id":4284,"geometry":{"type":"Point","coordinates":[23.341232200000036,37.98523490000008]},"properties":{"OBJECTID":4284,"amenity":"school","name":"7ο Δημοτικό Σχολείο Μεγάρων","name_en":null}},{"type":"Feature","id":4285,"geometry":{"type":"Point","coordinates":[23.34721200000007,37.996485700000051]},"properties":{"OBJECTID":4285,"amenity":"school","name":null,"name_en":null}},{"type":"Feature","id":4286,"geometry":{"type":"Point","coordinates":[23.333644700000036,37.992703400000039]},"properties":{"OBJECTID":4286,"amenity":"school","name":"4ο Δημοτικό Σχολείο","name_en":null}},{"type":"Feature","id":4287,"geometry":{"type":"Point","coordinates":[23.333717500000034,37.993228300000055]},"properties":{"OBJECTID":4287,"amenity":"school","name":"2ο Ενιαίο Λύκειο","name_en":null}},{"type":"Feature","id":4289,"geometry":{"type":"Point","coordinates":[23.348030400000027,37.997895100000051]},"properties":{"OBJECTID":4289,"amenity":"school","name":"ΕΠΑΛ","name_en":null}},{"type":"Feature","id":4291,"geometry":{"type":"Point","coordinates":[23.813106400000038,38.098785200000066]},"properties":{"OBJECTID":4291,"amenity":"school","name":"Γενικό Λύκειο Νέας Ερυθραίας \"Αναξαγόρειο\"","name_en":null}},{"type":"Feature","id":4298,"geometry":{"type":"Point","coordinates":[23.715915100000075,37.987113400000055]},"properties":{"OBJECTID":4298,"amenity":"school","name":null,"name_en":null}},{"type":"Feature","id":4299,"geometry":{"type":"Point","coordinates":[23.757678800000065,37.965750300000025]},"properties":{"OBJECTID":4299,"amenity":"school","name":"1ο ΕΠΑΛ Καισαριανής","name_en":null}},{"type":"Feature","id":4300,"geometry":{"type":"Point","coordinates":[23.760683100000051,37.963795600000026]},"properties":{"OBJECTID":4300,"amenity":"school","name":null,"name_en":null}},{"type":"Feature","id":4301,"geometry":{"type":"Point","coordinates":[23.760363700000028,37.96403360000005]},"properties":{"OBJECTID":4301,"amenity":"school","name":"1ο Γενικό Λύκειο Καισαριανής","name_en":null}},{"type":"Feature","id":4302,"geometry":{"type":"Point","coordinates":[23.759618900000078,37.964703200000031]},"properties":{"OBJECTID":4302,"amenity":"school","name":"3ο Δημοτικό Σχολείο Καισαριανής","name_en":null}},{"type":"Feature","id":4303,"geometry":{"type":"Point","coordinates":[23.759241800000041,37.965026800000032]},"properties":{"OBJECTID":4303,"amenity":"school","name":"6ο Δημοτικό Σχολείο Καισαριανής","name_en":null}},{"type":"Feature","id":4309,"geometry":{"type":"Point","coordinates":[23.977423000000044,38.082805800000074]},"properties":{"OBJECTID":4309,"amenity":"school","name":null,"name_en":null}},{"type":"Feature","id":4310,"geometry":{"type":"Point","coordinates":[23.977564700000073,38.083110100000056]},"properties":{"OBJECTID":4310,"amenity":"school","name":null,"name_en":null}},{"type":"Feature","id":4311,"geometry":{"type":"Point","coordinates":[23.973797700000034,38.086258800000053]},"properties":{"OBJECTID":4311,"amenity":"school","name":"Λύκειο Νέας Μάκρης","name_en":null}},{"type":"Feature","id":4315,"geometry":{"type":"Point","coordinates":[23.822064000000069,38.093450100000041]},"properties":{"OBJECTID":4315,"amenity":"school","name":"1ο Δημοτικό Νέας Ερυθραίας","name_en":null}},{"type":"Feature","id":4316,"geometry":{"type":"Point","coordinates":[23.82321520000005,38.095232100000032]},"properties":{"OBJECTID":4316,"amenity":"school","name":null,"name_en":null}},{"type":"Feature","id":4321,"geometry":{"type":"Point","coordinates":[23.762916800000028,37.954041300000029]},"properties":{"OBJECTID":4321,"amenity":"school","name":"8ο Δημοτικό Σχολείο Βύρωνα","name_en":null}},{"type":"Feature","id":4329,"geometry":{"type":"Point","coordinates":[23.346065600000031,38.002398000000028]},"properties":{"OBJECTID":4329,"amenity":"school","name":null,"name_en":null}},{"type":"Feature","id":4343,"geometry":{"type":"Point","coordinates":[23.340497900000059,38.004900100000043]},"properties":{"OBJECTID":4343,"amenity":"school","name":null,"name_en":null}},{"type":"Feature","id":4345,"geometry":{"type":"Point","coordinates":[23.751072500000078,37.959645500000079]},"properties":{"OBJECTID":4345,"amenity":"school","name":"4ο & 12ο Δημοτικό Σχολείο Βύρωνα","name_en":null}},{"type":"Feature","id":4346,"geometry":{"type":"Point","coordinates":[23.749969100000044,37.959985300000028]},"properties":{"OBJECTID":4346,"amenity":"school","name":"12ο Δημοτικό Σχολείο Βύρωνα","name_en":null}},{"type":"Feature","id":4349,"geometry":{"type":"Point","coordinates":[23.742432700000052,37.960783900000024]},"properties":{"OBJECTID":4349,"amenity":"school","name":"91ο & 126ο Δημοτικά Σχολεία Αθηνών","name_en":null}},{"type":"Feature","id":4364,"geometry":{"type":"Point","coordinates":[23.751979200000051,37.95655830000004]},"properties":{"OBJECTID":4364,"amenity":"school","name":"10ο Δημοτικό Σχολείο Βύρωνα","name_en":null}},{"type":"Feature","id":4368,"geometry":{"type":"Point","coordinates":[23.756470400000069,37.952501200000029]},"properties":{"OBJECTID":4368,"amenity":"school","name":"4ο Γυμνάσιο Βύρωνα","name_en":null}},{"type":"Feature","id":4389,"geometry":{"type":"Point","coordinates":[23.14391420000004,37.273391300000071]},"properties":{"OBJECTID":4389,"amenity":"school","name":null,"name_en":null}},{"type":"Feature","id":4390,"geometry":{"type":"Point","coordinates":[23.143189500000062,37.273301600000025]},"properties":{"OBJECTID":4390,"amenity":"school","name":null,"name_en":null}},{"type":"Feature","id":4391,"geometry":{"type":"Point","coordinates":[23.143778500000053,37.273091700000066]},"properties":{"OBJECTID":4391,"amenity":"school","name":null,"name_en":null}},{"type":"Feature","id":4392,"geometry":{"type":"Point","coordinates":[23.144382900000039,37.272936300000026]},"properties":{"OBJECTID":4392,"amenity":"school","name":null,"name_en":null}},{"type":"Feature","id":4414,"geometry":{"type":"Point","coordinates":[23.731927100000064,37.955113600000061]},"properties":{"OBJECTID":4414,"amenity":"school","name":"8ο Δημοτικό Σχολείο Δάφνης","name_en":null}},{"type":"Feature","id":4429,"geometry":{"type":"Point","coordinates":[23.75845860000004,37.896743000000072]},"properties":{"OBJECTID":4429,"amenity":"school","name":"3ο Γυμνάσιο & 3ο Λύκειο Γλυφάδας","name_en":null}},{"type":"Feature","id":4430,"geometry":{"type":"Point","coordinates":[23.757518100000027,37.896404800000028]},"properties":{"OBJECTID":4430,"amenity":"school","name":"1o ΕΠΑΛ Αργυρούπολης","name_en":null}},{"type":"Feature","id":4437,"geometry":{"type":"Point","coordinates":[23.721789400000034,37.951966300000038]},"properties":{"OBJECTID":4437,"amenity":"school","name":"Αρμενικός Κυανούς Σταυρός (Νηπιαγωγείο - Δημοτικό - Γυμνάσιο)","name_en":null}},{"type":"Feature","id":4439,"geometry":{"type":"Point","coordinates":[23.63416280000007,37.957808800000066]},"properties":{"OBJECTID":4439,"amenity":"school","name":"7ο ΓΕΛ Πειραιά","name_en":null}},{"type":"Feature","id":4448,"geometry":{"type":"Point","coordinates":[23.728641700000026,37.946314500000028]},"properties":{"OBJECTID":4448,"amenity":"school","name":"4ο Γυμνάσιο Δάφνης","name_en":null}},{"type":"Feature","id":4449,"geometry":{"type":"Point","coordinates":[23.715692400000023,37.93901720000008]},"properties":{"OBJECTID":4449,"amenity":"school","name":"2ο Δημοτικό Σχολείο Νέας Σμύρνης","name_en":null}},{"type":"Feature","id":4470,"geometry":{"type":"Point","coordinates":[23.737635700000055,37.940962800000079]},"properties":{"OBJECTID":4470,"amenity":"school","name":"17ο Δημοτικό Σχολείο Αγίου Δημητρίου","name_en":null}},{"type":"Feature","id":4473,"geometry":{"type":"Point","coordinates":[23.738253200000031,37.938944100000072]},"properties":{"OBJECTID":4473,"amenity":"school","name":"11ο Δημοτικό Σχολείο Αγίου Δημητρίου","name_en":null}},{"type":"Feature","id":4486,"geometry":{"type":"Point","coordinates":[23.869681800000023,37.895486000000062]},"properties":{"OBJECTID":4486,"amenity":"school","name":"ΕΠΑΛ Κορωπίου","name_en":null}},{"type":"Feature","id":4487,"geometry":{"type":"Point","coordinates":[23.870677000000057,37.90188100000006]},"properties":{"OBJECTID":4487,"amenity":"school","name":"1ο Γυμνάσιο-Λύκειο Κορωπίου","name_en":null}},{"type":"Feature","id":4493,"geometry":{"type":"Point","coordinates":[23.759710600000062,37.944621000000041]},"properties":{"OBJECTID":4493,"amenity":"school","name":"3ο Δημοτικό Σχολείο Ηλιούπολης","name_en":null}},{"type":"Feature","id":4498,"geometry":{"type":"Point","coordinates":[23.870621500000027,37.900779000000057]},"properties":{"OBJECTID":4498,"amenity":"school","name":"1ο Δημοτικό Σχολείο Κορωπίου","name_en":null}},{"type":"Feature","id":4499,"geometry":{"type":"Point","coordinates":[23.878366600000049,37.89465000000007]},"properties":{"OBJECTID":4499,"amenity":"school","name":"2ο Δημοτικό Σχολείο Κορωπίου","name_en":null}},{"type":"Feature","id":4500,"geometry":{"type":"Point","coordinates":[23.866245200000037,37.895309300000065]},"properties":{"OBJECTID":4500,"amenity":"school","name":"4ο Δημοτικό Σχολείο Κορωπίου","name_en":null}},{"type":"Feature","id":4501,"geometry":{"type":"Point","coordinates":[23.877184000000057,37.905272900000057]},"properties":{"OBJECTID":4501,"amenity":"school","name":"2ο Γυμνάσιο Κορωπίου","name_en":null}},{"type":"Feature","id":4502,"geometry":{"type":"Point","coordinates":[23.873301200000071,37.904589200000032]},"properties":{"OBJECTID":4502,"amenity":"school","name":"3ο Ενιαίο Λύκειο Κορωπίου","name_en":null}},{"type":"Feature","id":4524,"geometry":{"type":"Point","coordinates":[23.875932800000044,37.90817880000003]},"properties":{"OBJECTID":4524,"amenity":"school","name":"5ο Δημοτικό Σχολείο Κορωπίου","name_en":null}},{"type":"Feature","id":4526,"geometry":{"type":"Point","coordinates":[23.770898000000045,37.942104500000028]},"properties":{"OBJECTID":4526,"amenity":"school","name":"Εκπαιδευτήρια \"Σύγχρονη Παιδεία\"","name_en":null}},{"type":"Feature","id":4527,"geometry":{"type":"Point","coordinates":[23.770860800000037,37.944984900000065]},"properties":{"OBJECTID":4527,"amenity":"school","name":"Ιδιωτικό Εκπαιδευτήριο \"ΒΥΖΑΝΤΙΟΝ\"","name_en":null}},{"type":"Feature","id":4533,"geometry":{"type":"Point","coordinates":[23.765440000000069,37.943119300000035]},"properties":{"OBJECTID":4533,"amenity":"school","name":"12ο Νηπιαγωγείο Ηλιούπολης","name_en":null}},{"type":"Feature","id":4537,"geometry":{"type":"Point","coordinates":[23.748120800000038,37.943370300000026]},"properties":{"OBJECTID":4537,"amenity":"school","name":"6ο Δημοτικό Σχολείο Ηλιούπολης","name_en":null}},{"type":"Feature","id":4539,"geometry":{"type":"Point","coordinates":[23.744342800000027,37.938883100000055]},"properties":{"OBJECTID":4539,"amenity":"school","name":"10ο Δημοτικό Σχολείο Ηλιούπολης","name_en":null}},{"type":"Feature","id":4562,"geometry":{"type":"Point","coordinates":[23.757053100000064,37.937450500000068]},"properties":{"OBJECTID":4562,"amenity":"school","name":"1ο Δημοτικό Σχολείο Ηλιούπολης","name_en":null}},{"type":"Feature","id":4563,"geometry":{"type":"Point","coordinates":[23.757801500000028,37.93532440000007]},"properties":{"OBJECTID":4563,"amenity":"school","name":"Εκπαιδευτήρια \"Η Θεομήτωρ\"","name_en":null}},{"type":"Feature","id":4568,"geometry":{"type":"Point","coordinates":[23.754239300000052,37.936055600000032]},"properties":{"OBJECTID":4568,"amenity":"school","name":"Ειδικό Ενιαίο Λύκειο & Γυμνάσιο Ηλιούπολης","name_en":null}},{"type":"Feature","id":4573,"geometry":{"type":"Point","coordinates":[23.760796700000071,37.934967100000051]},"properties":{"OBJECTID":4573,"amenity":"school","name":"5ο & 20ο Δημοτικά Σχολεία Ηλιούπολης","name_en":null}},{"type":"Feature","id":4580,"geometry":{"type":"Point","coordinates":[23.752731100000062,37.932601500000033]},"properties":{"OBJECTID":4580,"amenity":"school","name":"2ο & 18ο Δημοτικά Σχολεία Ηλιούπολης","name_en":null}},{"type":"Feature","id":4582,"geometry":{"type":"Point","coordinates":[23.753380400000026,37.931483700000058]},"properties":{"OBJECTID":4582,"amenity":"school","name":null,"name_en":null}},{"type":"Feature","id":4583,"geometry":{"type":"Point","coordinates":[23.496053300000028,38.067556800000034]},"properties":{"OBJECTID":4583,"amenity":"school","name":null,"name_en":null}},{"type":"Feature","id":4633,"geometry":{"type":"Point","coordinates":[23.956525800000065,37.821790800000031]},"properties":{"OBJECTID":4633,"amenity":"school","name":"Γυμνάσιο Κουβαρά","name_en":null}},{"type":"Feature","id":4639,"geometry":{"type":"Point","coordinates":[23.761312400000065,37.926014700000053]},"properties":{"OBJECTID":4639,"amenity":"school","name":"8ο και 17ο Δημοτικό Σχολείο Ηλιούπολης","name_en":null}},{"type":"Feature","id":4657,"geometry":{"type":"Point","coordinates":[23.753798300000028,37.919624400000032]},"properties":{"OBJECTID":4657,"amenity":"school","name":"Εκπαιδευτήρια \"Σύγχρονη Παιδεία\"","name_en":null}},{"type":"Feature","id":4661,"geometry":{"type":"Point","coordinates":[23.746184200000073,37.91804970000004]},"properties":{"OBJECTID":4661,"amenity":"school","name":"Κέντρο Περιβαλλοντικής Εκπαίδευσης Αργυρούπολης","name_en":null}},{"type":"Feature","id":4683,"geometry":{"type":"Point","coordinates":[23.645346800000027,37.963490100000058]},"properties":{"OBJECTID":4683,"amenity":"school","name":"1ο ΕΠΑΛ Νίκαιας & 4ο ΣΕΚ Α' Πειραιά","name_en":null}},{"type":"Feature","id":4688,"geometry":{"type":"Point","coordinates":[23.757926800000064,37.907244800000058]},"properties":{"OBJECTID":4688,"amenity":"school","name":"4ο Δημοτικό Σχολείο Αργυρούπολης","name_en":null}},{"type":"Feature","id":4700,"geometry":{"type":"Point","coordinates":[23.756116400000053,37.899706400000071]},"properties":{"OBJECTID":4700,"amenity":"school","name":"4ο Γενικό Λύκειο Αργυρούπολης \"Αλέξανδρος Δελμούζος\"","name_en":null}},{"type":"Feature","id":4706,"geometry":{"type":"Point","coordinates":[23.749580500000036,37.902506100000039]},"properties":{"OBJECTID":4706,"amenity":"school","name":"1ο Δημοτικό Σχολείο Αργυρούπολης","name_en":null}},{"type":"Feature","id":4710,"geometry":{"type":"Point","coordinates":[23.788221100000044,38.081755900000076]},"properties":{"OBJECTID":4710,"amenity":"school","name":"Πυροσβεστική Ακαδημία","name_en":null}},{"type":"Feature","id":4711,"geometry":{"type":"Point","coordinates":[23.738965300000075,37.930135200000052]},"properties":{"OBJECTID":4711,"amenity":"school","name":"7ο Δημοτικό Σχολείο Αγίου Δημητρίου","name_en":null}},{"type":"Feature","id":4716,"geometry":{"type":"Point","coordinates":[23.747917500000028,37.896250700000053]},"properties":{"OBJECTID":4716,"amenity":"school","name":"1ο Γενικό Λύκειο Ελληνικού","name_en":null}},{"type":"Feature","id":4729,"geometry":{"type":"Point","coordinates":[23.752332400000057,37.893468000000041]},"properties":{"OBJECTID":4729,"amenity":"school","name":"ΕΥΡΩΠΑΪΚΟ ΠΡΟΤΥΠΟ","name_en":null}},{"type":"Feature","id":4735,"geometry":{"type":"Point","coordinates":[23.842343200000073,38.190348700000072]},"properties":{"OBJECTID":4735,"amenity":"school","name":"Εκπαιδευτική Αναγέννηση","name_en":null}},{"type":"Feature","id":4763,"geometry":{"type":"Point","coordinates":[23.739700200000073,37.905918600000064]},"properties":{"OBJECTID":4763,"amenity":"school","name":"Εκπαιδευτήρια Κουτσομάλη \"Αναγέννηση\"","name_en":null}},{"type":"Feature","id":4765,"geometry":{"type":"Point","coordinates":[23.738557600000036,37.908499300000074]},"properties":{"OBJECTID":4765,"amenity":"school","name":"Εκπαιδευτήρια \"Πασχάλη\"","name_en":null}},{"type":"Feature","id":4766,"geometry":{"type":"Point","coordinates":[23.743754400000057,37.909313500000053]},"properties":{"OBJECTID":4766,"amenity":"school","name":"Ειδικό Δημοτικό Σχολείο Κωφών Αργυρούπολης","name_en":null}},{"type":"Feature","id":4767,"geometry":{"type":"Point","coordinates":[23.743236100000047,37.909218600000031]},"properties":{"OBJECTID":4767,"amenity":"school","name":"Ειδικό Γυμνάσιο & Λύκειο Κωφών Βαρηκόων Αργυρούπολης","name_en":null}},{"type":"Feature","id":4769,"geometry":{"type":"Point","coordinates":[23.744231500000069,37.908812000000069]},"properties":{"OBJECTID":4769,"amenity":"school","name":null,"name_en":null}},{"type":"Feature","id":4770,"geometry":{"type":"Point","coordinates":[23.744186600000035,37.908800100000065]},"properties":{"OBJECTID":4770,"amenity":"school","name":"\"Ο καλός Σαμαρείτης\" Ειδικό Σχολείο Εκπαίδευσης & Θεραπευτικής Αγωγής Α.Μ.Ε.Α.","name_en":null}},{"type":"Feature","id":4797,"geometry":{"type":"Point","coordinates":[23.912577700000043,37.749758000000043]},"properties":{"OBJECTID":4797,"amenity":"school","name":"Δημοτικό Σχολείο Σαρωνίδας","name_en":null}},{"type":"Feature","id":4798,"geometry":{"type":"Point","coordinates":[23.91261540000005,37.750066000000061]},"properties":{"OBJECTID":4798,"amenity":"school","name":"Νηπιαγωγίο Σαρωνίδας","name_en":null}},{"type":"Feature","id":4835,"geometry":{"type":"Point","coordinates":[23.743284600000038,37.92431890000006]},"properties":{"OBJECTID":4835,"amenity":"school","name":"3ο Γυμνάσιο Αλίμου","name_en":null}},{"type":"Feature","id":4845,"geometry":{"type":"Point","coordinates":[23.731023300000061,38.040128100000061]},"properties":{"OBJECTID":4845,"amenity":"school","name":null,"name_en":null}},{"type":"Feature","id":4854,"geometry":{"type":"Point","coordinates":[23.920465000000036,37.74571160000005]},"properties":{"OBJECTID":4854,"amenity":"school","name":"Γυμνάσιο Σαρωνίδας","name_en":null}},{"type":"Feature","id":4899,"geometry":{"type":"Point","coordinates":[23.699556900000061,38.085471700000028]},"properties":{"OBJECTID":4899,"amenity":"school","name":"7ο δημοτικό Άνω Λιοσίων","name_en":null}},{"type":"Feature","id":4902,"geometry":{"type":"Point","coordinates":[23.732538700000077,37.916055700000072]},"properties":{"OBJECTID":4902,"amenity":"school","name":"3ο Δημοτικό Αλίμου \"Λεωνίδας Κωνσταντάρας\"","name_en":null}},{"type":"Feature","id":4933,"geometry":{"type":"Point","coordinates":[23.722680600000047,37.918481700000029]},"properties":{"OBJECTID":4933,"amenity":"school","name":"Γεννάδειος Σχολή","name_en":null}},{"type":"Feature","id":4934,"geometry":{"type":"Point","coordinates":[23.721456200000034,37.918996500000048]},"properties":{"OBJECTID":4934,"amenity":"school","name":"Γεννάδειος Σχολή","name_en":null}},{"type":"Feature","id":4937,"geometry":{"type":"Point","coordinates":[23.719912000000022,37.91483130000006]},"properties":{"OBJECTID":4937,"amenity":"school","name":"4ο Γενικό Λύκειο Αλίμου","name_en":null}},{"type":"Feature","id":4941,"geometry":{"type":"Point","coordinates":[23.690815000000043,38.084926300000063]},"properties":{"OBJECTID":4941,"amenity":"school","name":"Σχολικά Εργαστήρια 1ου ΕΠΑΛ Άνω Λιοσίων","name_en":null}},{"type":"Feature","id":4942,"geometry":{"type":"Point","coordinates":[23.691486100000077,38.085406800000044]},"properties":{"OBJECTID":4942,"amenity":"school","name":null,"name_en":null}},{"type":"Feature","id":4950,"geometry":{"type":"Point","coordinates":[23.434631800000034,37.740412700000036]},"properties":{"OBJECTID":4950,"amenity":"school","name":null,"name_en":null}},{"type":"Feature","id":4957,"geometry":{"type":"Point","coordinates":[23.432261900000071,37.74307710000005]},"properties":{"OBJECTID":4957,"amenity":"school","name":null,"name_en":null}},{"type":"Feature","id":4958,"geometry":{"type":"Point","coordinates":[23.432220700000073,37.742943700000069]},"properties":{"OBJECTID":4958,"amenity":"school","name":"1ο Δημοτικό Σχολείο Αίγινας","name_en":null}},{"type":"Feature","id":4963,"geometry":{"type":"Point","coordinates":[23.657469000000049,37.948746700000072]},"properties":{"OBJECTID":4963,"amenity":"school","name":"Ράλλειο Γυμνάσιο Θηλέων Πειραιά","name_en":null}},{"type":"Feature","id":4964,"geometry":{"type":"Point","coordinates":[23.715037000000052,37.917452900000058]},"properties":{"OBJECTID":4964,"amenity":"school","name":"ΝΕΑ ΕΚΠΑΙΔΕΥΤΗΡΙΑ Γ. ΜΑΛΛΙΑΡΑ","name_en":null}},{"type":"Feature","id":4965,"geometry":{"type":"Point","coordinates":[23.713076000000058,37.91950630000008]},"properties":{"OBJECTID":4965,"amenity":"school","name":"ΝΕΑ ΕΚΠΑΙΔΕΥΤΗΡΙΑ Γ. ΜΑΛΛΙΑΡΑ","name_en":null}},{"type":"Feature","id":4972,"geometry":{"type":"Point","coordinates":[23.821697100000051,38.023962700000027]},"properties":{"OBJECTID":4972,"amenity":"school","name":"ΙΕΚ Χαλανδρίου","name_en":null}},{"type":"Feature","id":4973,"geometry":{"type":"Point","coordinates":[23.826411800000074,38.023904300000027]},"properties":{"OBJECTID":4973,"amenity":"school","name":"5ο Νηπιαγωγείο Σχολείο Χαλανδρίου","name_en":null}},{"type":"Feature","id":4974,"geometry":{"type":"Point","coordinates":[23.820168900000056,38.02495040000008]},"properties":{"OBJECTID":4974,"amenity":"school","name":"15ο Νηπιαγωγείο Χαλανδρίου","name_en":null}},{"type":"Feature","id":4975,"geometry":{"type":"Point","coordinates":[23.847252100000048,38.026688000000036]},"properties":{"OBJECTID":4975,"amenity":"school","name":"7o Δημοτικό Σχολείο Γέρακα","name_en":null}},{"type":"Feature","id":4980,"geometry":{"type":"Point","coordinates":[23.718388400000038,37.920559900000057]},"properties":{"OBJECTID":4980,"amenity":"school","name":"6ο Δημοτικό Σχολείο Αλίμου","name_en":null}},{"type":"Feature","id":4983,"geometry":{"type":"Point","coordinates":[23.786766900000032,38.031293400000038]},"properties":{"OBJECTID":4983,"amenity":"school","name":"9ο Γενικό Λύκειο Αμαρουσίου","name_en":null}},{"type":"Feature","id":4984,"geometry":{"type":"Point","coordinates":[23.821160000000077,38.056530000000066]},"properties":{"OBJECTID":4984,"amenity":"school","name":"6ο Γενικό Λύκειο Αμαρουσίου","name_en":null}},{"type":"Feature","id":4985,"geometry":{"type":"Point","coordinates":[23.815208700000028,38.040145600000074]},"properties":{"OBJECTID":4985,"amenity":"school","name":"4ο Λύκειο Αμαρουσίου","name_en":null}},{"type":"Feature","id":4990,"geometry":{"type":"Point","coordinates":[23.750011400000062,38.036424900000043]},"properties":{"OBJECTID":4990,"amenity":"school","name":"1ο Γενικό Λύκειο Νέας Ιωνίας Αττικής","name_en":null}},{"type":"Feature","id":4993,"geometry":{"type":"Point","coordinates":[23.711343900000031,37.91999670000007]},"properties":{"OBJECTID":4993,"amenity":"school","name":"7ο Δημοτικό Σχολείο Παλαιού Φαλήρου","name_en":null}},{"type":"Feature","id":4996,"geometry":{"type":"Point","coordinates":[23.715403500000036,37.923407000000054]},"properties":{"OBJECTID":4996,"amenity":"school","name":null,"name_en":null}},{"type":"Feature","id":5005,"geometry":{"type":"Point","coordinates":[23.665985500000033,38.00780960000003]},"properties":{"OBJECTID":5005,"amenity":"school","name":"14ο Δημοτικό Σχολείο Χαϊδαρίου","name_en":null}},{"type":"Feature","id":5013,"geometry":{"type":"Point","coordinates":[23.676182200000028,38.046150600000033]},"properties":{"OBJECTID":5013,"amenity":"school","name":"1ο Δημοτικό Σχολείο Πετρούπολης","name_en":null}},{"type":"Feature","id":5014,"geometry":{"type":"Point","coordinates":[23.722460700000056,37.927895800000044]},"properties":{"OBJECTID":5014,"amenity":"school","name":"5ο Δημοτικό Σχολείο Αγίου Δημητρίου","name_en":null}},{"type":"Feature","id":5022,"geometry":{"type":"Point","coordinates":[23.760417800000027,38.039297300000044]},"properties":{"OBJECTID":5022,"amenity":"school","name":"7ο Γυμνάσιο Νέας Ιωνίας","name_en":null}},{"type":"Feature","id":5026,"geometry":{"type":"Point","coordinates":[23.727182000000028,37.920073800000068]},"properties":{"OBJECTID":5026,"amenity":"school","name":"13ο & 21ο Δημοτικά Σχολεία Αγίου Δημητρίου","name_en":null}},{"type":"Feature","id":5028,"geometry":{"type":"Point","coordinates":[24.010912900000051,38.015440600000034]},"properties":{"OBJECTID":5028,"amenity":"school","name":null,"name_en":null}},{"type":"Feature","id":5038,"geometry":{"type":"Point","coordinates":[23.67097380000007,38.030184400000053]},"properties":{"OBJECTID":5038,"amenity":"school","name":"21ο Δημοτικό Σχολείο Περιστερίου","name_en":null}},{"type":"Feature","id":5039,"geometry":{"type":"Point","coordinates":[23.670826000000034,38.030456600000036]},"properties":{"OBJECTID":5039,"amenity":"school","name":"21ο Δημοτικό Σχολείο Περιστερίου","name_en":null}},{"type":"Feature","id":5040,"geometry":{"type":"Point","coordinates":[23.670910700000036,38.030692900000076]},"properties":{"OBJECTID":5040,"amenity":"school","name":"21ο Δημοτικό Σχολείο Περιστερίου","name_en":null}},{"type":"Feature","id":5041,"geometry":{"type":"Point","coordinates":[23.724525400000061,37.990196100000048]},"properties":{"OBJECTID":5041,"amenity":"school","name":null,"name_en":null}},{"type":"Feature","id":5043,"geometry":{"type":"Point","coordinates":[23.72731280000005,37.921128500000066]},"properties":{"OBJECTID":5043,"amenity":"school","name":"2ο Γυμνάσιο Αγίου Δημητρίου \"ΔΗΜΗΤΡΗΣ ΓΛΗΝΟΣ\"","name_en":null}},{"type":"Feature","id":5057,"geometry":{"type":"Point","coordinates":[23.728900900000042,37.921927900000071]},"properties":{"OBJECTID":5057,"amenity":"school","name":"Επαγγελματικό Γυμνάσιο Ειδικής Αγωγής Αγίου Δημητρίου","name_en":null}},{"type":"Feature","id":5058,"geometry":{"type":"Point","coordinates":[23.728364200000044,37.922074400000042]},"properties":{"OBJECTID":5058,"amenity":"school","name":"Εργαστήριο Ειδικής Επαγγελματικής Εκπαίδευσης & Κατάρτισης","name_en":null}},{"type":"Feature","id":5059,"geometry":{"type":"Point","coordinates":[23.728770600000075,37.923126400000058]},"properties":{"OBJECTID":5059,"amenity":"school","name":"20ο Δημοτικό Σχολείο Αγίου Δημητρίου","name_en":null}},{"type":"Feature","id":5080,"geometry":{"type":"Point","coordinates":[23.739097600000036,38.090416300000072]},"properties":{"OBJECTID":5080,"amenity":"school","name":null,"name_en":null}},{"type":"Feature","id":5092,"geometry":{"type":"Point","coordinates":[23.728041000000076,37.926324800000032]},"properties":{"OBJECTID":5092,"amenity":"school","name":"1ο Ειδικό Δημοτικό Σχολείο & Νηπιαγωγείο Αγίου Δημητρίου","name_en":null}},{"type":"Feature","id":5111,"geometry":{"type":"Point","coordinates":[23.647918100000027,37.968252500000062]},"properties":{"OBJECTID":5111,"amenity":"school","name":"4ο Δημοτικό Σχολείο Νίκαιας","name_en":null}},{"type":"Feature","id":5113,"geometry":{"type":"Point","coordinates":[24.016994500000067,37.724511500000062]},"properties":{"OBJECTID":5113,"amenity":"school","name":"Παλιό Δημοτικό Σχολείο","name_en":null}},{"type":"Feature","id":5145,"geometry":{"type":"Point","coordinates":[23.732226400000059,37.925817400000028]},"properties":{"OBJECTID":5145,"amenity":"school","name":null,"name_en":null}},{"type":"Feature","id":5146,"geometry":{"type":"Point","coordinates":[23.732396300000062,37.925938300000041]},"properties":{"OBJECTID":5146,"amenity":"school","name":"9ο Δημοτικό Σχολείο Αγίου Δημητρίου","name_en":null}},{"type":"Feature","id":5175,"geometry":{"type":"Point","coordinates":[23.741797400000053,37.927277300000071]},"properties":{"OBJECTID":5175,"amenity":"school","name":null,"name_en":null}},{"type":"Feature","id":5189,"geometry":{"type":"Point","coordinates":[23.724614400000064,37.990265400000055]},"properties":{"OBJECTID":5189,"amenity":"school","name":null,"name_en":null}},{"type":"Feature","id":5191,"geometry":{"type":"Point","coordinates":[23.589375000000075,38.060048700000038]},"properties":{"OBJECTID":5191,"amenity":"school","name":"1ο Δημοτικό Σχολείο Ασπροπύργου","name_en":null}},{"type":"Feature","id":5255,"geometry":{"type":"Point","coordinates":[23.738010100000054,37.931691300000068]},"properties":{"OBJECTID":5255,"amenity":"school","name":"5ο Γυμνάσιο Αγίου Δημητρίου","name_en":null}},{"type":"Feature","id":5309,"geometry":{"type":"Point","coordinates":[23.73782570000003,37.933575200000064]},"properties":{"OBJECTID":5309,"amenity":"school","name":"4ο Δημοτικό Σχολείο Αγίου Δημητρίου","name_en":null}},{"type":"Feature","id":5318,"geometry":{"type":"Point","coordinates":[23.679241300000058,38.030130200000031]},"properties":{"OBJECTID":5318,"amenity":"school","name":null,"name_en":null}},{"type":"Feature","id":5319,"geometry":{"type":"Point","coordinates":[23.678829700000051,38.030284000000051]},"properties":{"OBJECTID":5319,"amenity":"school","name":null,"name_en":null}},{"type":"Feature","id":5320,"geometry":{"type":"Point","coordinates":[23.679318300000034,38.030127800000059]},"properties":{"OBJECTID":5320,"amenity":"school","name":"17ο Γυμνάσιο Περιστερίου","name_en":null}},{"type":"Feature","id":5321,"geometry":{"type":"Point","coordinates":[23.699224000000072,38.007546000000048]},"properties":{"OBJECTID":5321,"amenity":"school","name":null,"name_en":null}},{"type":"Feature","id":5360,"geometry":{"type":"Point","coordinates":[23.747912900000074,37.947078000000033]},"properties":{"OBJECTID":5360,"amenity":"school","name":"4ο & 5ο Δημοτικά Σχολεία Υμηττού","name_en":null}},{"type":"Feature","id":5361,"geometry":{"type":"Point","coordinates":[23.74722040000006,37.946783400000072]},"properties":{"OBJECTID":5361,"amenity":"school","name":"2ο Γυμνάσιο & 2ο Ενιαίο Λύκειο Υμηττού","name_en":null}},{"type":"Feature","id":5388,"geometry":{"type":"Point","coordinates":[23.640681200000074,37.934215900000027]},"properties":{"OBJECTID":5388,"amenity":"school","name":null,"name_en":null}},{"type":"Feature","id":5392,"geometry":{"type":"Point","coordinates":[23.735227000000066,38.053392500000029]},"properties":{"OBJECTID":5392,"amenity":"school","name":"40 ΔΙΜ Σχολειο Αχαρνων","name_en":null}},{"type":"Feature","id":5394,"geometry":{"type":"Point","coordinates":[23.642988500000058,37.987439400000028]},"properties":{"OBJECTID":5394,"amenity":"school","name":"ΕΠΑΛ Κορυδαλλού","name_en":null}},{"type":"Feature","id":5395,"geometry":{"type":"Point","coordinates":[23.644227100000023,37.987200200000075]},"properties":{"OBJECTID":5395,"amenity":"school","name":"4ο Γυμνάσιο Κορυδαλλού","name_en":null}},{"type":"Feature","id":5396,"geometry":{"type":"Point","coordinates":[23.58362580000005,38.06209750000005]},"properties":{"OBJECTID":5396,"amenity":"school","name":"1ο Γυμνάσιο Ασπροπύργου","name_en":null}},{"type":"Feature","id":5405,"geometry":{"type":"Point","coordinates":[23.635994100000062,37.934319800000026]},"properties":{"OBJECTID":5405,"amenity":"school","name":"6ο Γυμνάσιο Πειραιά","name_en":null}},{"type":"Feature","id":5414,"geometry":{"type":"Point","coordinates":[23.633551300000079,37.930760300000031]},"properties":{"OBJECTID":5414,"amenity":"school","name":"34ο Δημοτικό Σχολείο Πειραιά","name_en":null}},{"type":"Feature","id":5420,"geometry":{"type":"Point","coordinates":[23.705076700000063,38.083542900000054]},"properties":{"OBJECTID":5420,"amenity":"school","name":null,"name_en":null}},{"type":"Feature","id":5421,"geometry":{"type":"Point","coordinates":[23.628740500000049,37.935683400000073]},"properties":{"OBJECTID":5421,"amenity":"school","name":"23ο Δημοτικό Σχολείο Πειραιά","name_en":null}},{"type":"Feature","id":5430,"geometry":{"type":"Point","coordinates":[23.532344700000067,37.954818800000055]},"properties":{"OBJECTID":5430,"amenity":"school","name":"Λύκειο Αμπελακίων","name_en":null}},{"type":"Feature","id":5438,"geometry":{"type":"Point","coordinates":[23.673056300000042,38.040706700000044]},"properties":{"OBJECTID":5438,"amenity":"school","name":null,"name_en":null}},{"type":"Feature","id":5442,"geometry":{"type":"Point","coordinates":[23.748419800000079,38.032868600000029]},"properties":{"OBJECTID":5442,"amenity":"school","name":"8ο Δημοτικό Σχολείο Νέας Ιωνίας","name_en":null}},{"type":"Feature","id":5448,"geometry":{"type":"Point","coordinates":[23.752804500000025,38.034936500000072]},"properties":{"OBJECTID":5448,"amenity":"school","name":"7ο Δημοτικό Σχολείο Νέας Ιωνίας","name_en":null}},{"type":"Feature","id":5453,"geometry":{"type":"Point","coordinates":[23.457176900000036,37.755945900000029]},"properties":{"OBJECTID":5453,"amenity":"school","name":"2ο Γυμνάσιο Αίγινας","name_en":null}},{"type":"Feature","id":5476,"geometry":{"type":"Point","coordinates":[23.736282200000062,38.082264000000066]},"properties":{"OBJECTID":5476,"amenity":"school","name":"2nd Primary School of Acharnes","name_en":null}},{"type":"Feature","id":5527,"geometry":{"type":"Point","coordinates":[23.760739900000033,38.039154200000041]},"properties":{"OBJECTID":5527,"amenity":"school","name":"5ο Ενιαίο Λύκειο Νέας Ιωνίας","name_en":null}},{"type":"Feature","id":5533,"geometry":{"type":"Point","coordinates":[23.62698800000004,37.951013700000033]},"properties":{"OBJECTID":5533,"amenity":"school","name":null,"name_en":null}},{"type":"Feature","id":5534,"geometry":{"type":"Point","coordinates":[23.628126700000053,37.951020500000027]},"properties":{"OBJECTID":5534,"amenity":"school","name":null,"name_en":null}},{"type":"Feature","id":5535,"geometry":{"type":"Point","coordinates":[23.62014320000003,37.950941500000056]},"properties":{"OBJECTID":5535,"amenity":"school","name":"1ο & 2ο ΕΠΑΛ Δραπετσώνας / 3ο ΣΕΚ Πειραιά","name_en":null}},{"type":"Feature","id":5536,"geometry":{"type":"Point","coordinates":[23.62057180000005,37.951439100000073]},"properties":{"OBJECTID":5536,"amenity":"school","name":null,"name_en":null}},{"type":"Feature","id":5551,"geometry":{"type":"Point","coordinates":[23.745633600000076,38.076621600000067]},"properties":{"OBJECTID":5551,"amenity":"school","name":"7ο Γυμνάσιο Αχαρνών","name_en":null}},{"type":"Feature","id":5560,"geometry":{"type":"Point","coordinates":[23.646648700000071,37.942078700000025]},"properties":{"OBJECTID":5560,"amenity":"school","name":"Πρότυπη Πειραματική Ιωνείδιος Σχολή Πειραιά","name_en":null}},{"type":"Feature","id":5561,"geometry":{"type":"Point","coordinates":[23.754231200000049,38.040926300000081]},"properties":{"OBJECTID":5561,"amenity":"school","name":null,"name_en":null}},{"type":"Feature","id":5572,"geometry":{"type":"Point","coordinates":[23.696992000000023,38.033035400000074]},"properties":{"OBJECTID":5572,"amenity":"school","name":"11ο Γυμνάσιο Ιλίου","name_en":null}},{"type":"Feature","id":5573,"geometry":{"type":"Point","coordinates":[23.697940500000072,38.033494400000052]},"properties":{"OBJECTID":5573,"amenity":"school","name":"16ο Δημοτικό Σχολείο Ιλίου","name_en":null}},{"type":"Feature","id":5578,"geometry":{"type":"Point","coordinates":[23.812974800000063,38.064564200000063]},"properties":{"OBJECTID":5578,"amenity":"school","name":"ΕΠΑΛ Αναβρύτων","name_en":null}},{"type":"Feature","id":5614,"geometry":{"type":"Point","coordinates":[23.663816100000076,38.009213000000045]},"properties":{"OBJECTID":5614,"amenity":"school","name":"Προαύλειο 7ο Δημοτικό Σχολείο Χαϊδαρίου","name_en":null}},{"type":"Feature","id":5665,"geometry":{"type":"Point","coordinates":[23.669940000000054,38.037532600000077]},"properties":{"OBJECTID":5665,"amenity":"school","name":null,"name_en":null}},{"type":"Feature","id":5666,"geometry":{"type":"Point","coordinates":[23.670362400000045,38.038028200000042]},"properties":{"OBJECTID":5666,"amenity":"school","name":null,"name_en":null}},{"type":"Feature","id":5672,"geometry":{"type":"Point","coordinates":[22.989658600000041,36.149237000000028]},"properties":{"OBJECTID":5672,"amenity":"school","name":null,"name_en":null}},{"type":"Feature","id":5673,"geometry":{"type":"Point","coordinates":[22.989612600000044,36.149352600000043]},"properties":{"OBJECTID":5673,"amenity":"school","name":null,"name_en":null}},{"type":"Feature","id":5686,"geometry":{"type":"Point","coordinates":[23.321690100000069,38.20960800000006]},"properties":{"OBJECTID":5686,"amenity":"school","name":"Gymnasio & Lykeio Erythron","name_en":null}},{"type":"Feature","id":5687,"geometry":{"type":"Point","coordinates":[23.325704500000029,38.220163500000069]},"properties":{"OBJECTID":5687,"amenity":"school","name":"Δημοτικό Σχολείο Ερυθρών","name_en":null}},{"type":"Feature","id":5690,"geometry":{"type":"Point","coordinates":[23.704469900000049,38.003975900000057]},"properties":{"OBJECTID":5690,"amenity":"school","name":null,"name_en":null}},{"type":"Feature","id":5694,"geometry":{"type":"Point","coordinates":[23.69428970000007,38.000379200000054]},"properties":{"OBJECTID":5694,"amenity":"school","name":"26ο Δημοτικό Σχολείο Περιστερίου","name_en":null}},{"type":"Feature","id":5696,"geometry":{"type":"Point","coordinates":[23.656224900000041,38.014821500000039]},"properties":{"OBJECTID":5696,"amenity":"school","name":"6ο Γυμνάσιο Χαϊδαρίου","name_en":null}},{"type":"Feature","id":5697,"geometry":{"type":"Point","coordinates":[23.64733810000007,37.967936300000076]},"properties":{"OBJECTID":5697,"amenity":"school","name":null,"name_en":null}},{"type":"Feature","id":5698,"geometry":{"type":"Point","coordinates":[23.647973400000069,37.968143200000043]},"properties":{"OBJECTID":5698,"amenity":"school","name":null,"name_en":null}},{"type":"Feature","id":5699,"geometry":{"type":"Point","coordinates":[23.677470300000039,38.025444600000071]},"properties":{"OBJECTID":5699,"amenity":"school","name":"32ο Δημοτικό Σχολείο Πετρούπολης","name_en":null}},{"type":"Feature","id":5700,"geometry":{"type":"Point","coordinates":[23.683189200000072,38.020448300000055]},"properties":{"OBJECTID":5700,"amenity":"school","name":"9ο Γενικό Λύκειο Περιστερίου","name_en":null}},{"type":"Feature","id":5701,"geometry":{"type":"Point","coordinates":[23.738237600000048,37.926323900000057]},"properties":{"OBJECTID":5701,"amenity":"school","name":null,"name_en":null}},{"type":"Feature","id":5702,"geometry":{"type":"Point","coordinates":[23.668863900000076,38.017516000000057]},"properties":{"OBJECTID":5702,"amenity":"school","name":"6ο Εργαστηριακό Κέντρο Χαϊδαρίου","name_en":null}},{"type":"Feature","id":5703,"geometry":{"type":"Point","coordinates":[23.673125300000038,38.040621100000067]},"properties":{"OBJECTID":5703,"amenity":"school","name":"9ο Δημοτικό Σχολείο Πετρούπολης «ΔΙΟΜΗΔΗΣ ΚΟΜΝΗΝΟΣ»","name_en":null}},{"type":"Feature","id":5704,"geometry":{"type":"Point","coordinates":[23.674338100000057,38.044509000000062]},"properties":{"OBJECTID":5704,"amenity":"school","name":"6ο Γυμνάσιο Πετρούπολης","name_en":null}},{"type":"Feature","id":5705,"geometry":{"type":"Point","coordinates":[23.672192600000074,38.039103100000034]},"properties":{"OBJECTID":5705,"amenity":"school","name":"7ο Δημοτικό Σχολείο Πετρούπολης","name_en":null}},{"type":"Feature","id":5706,"geometry":{"type":"Point","coordinates":[23.715409800000032,37.921109500000057]},"properties":{"OBJECTID":5706,"amenity":"school","name":null,"name_en":null}},{"type":"Feature","id":5707,"geometry":{"type":"Point","coordinates":[23.672385800000029,38.025958800000069]},"properties":{"OBJECTID":5707,"amenity":"school","name":"40ο Δημοτικό Σχολείο Περιστερίου","name_en":null}},{"type":"Feature","id":5708,"geometry":{"type":"Point","coordinates":[23.704701600000078,38.029676600000073]},"properties":{"OBJECTID":5708,"amenity":"school","name":null,"name_en":null}},{"type":"Feature","id":5709,"geometry":{"type":"Point","coordinates":[23.712713400000041,38.027168200000062]},"properties":{"OBJECTID":5709,"amenity":"school","name":"26ο Δημοτικό Σχολείο Ιλίου","name_en":null}},{"type":"Feature","id":5710,"geometry":{"type":"Point","coordinates":[23.713097100000027,38.02943920000007]},"properties":{"OBJECTID":5710,"amenity":"school","name":"7ο Λύκειο Ιλίου","name_en":null}},{"type":"Feature","id":5712,"geometry":{"type":"Point","coordinates":[23.772985500000061,38.039917900000034]},"properties":{"OBJECTID":5712,"amenity":"school","name":"7ο Δημοτικό Σχολείο Νέου Ηρακλείου","name_en":null}},{"type":"Feature","id":5715,"geometry":{"type":"Point","coordinates":[23.878211900000053,38.027743500000042]},"properties":{"OBJECTID":5715,"amenity":"school","name":null,"name_en":null}},{"type":"Feature","id":5719,"geometry":{"type":"Point","coordinates":[23.814783800000043,38.079771300000061]},"properties":{"OBJECTID":5719,"amenity":"school","name":"2ο Δημοτικό Σχολείο Κηφισιάς","name_en":null}},{"type":"Feature","id":5720,"geometry":{"type":"Point","coordinates":[23.677359300000035,38.029082500000072]},"properties":{"OBJECTID":5720,"amenity":"school","name":null,"name_en":null}},{"type":"Feature","id":5721,"geometry":{"type":"Point","coordinates":[23.677467000000036,37.982239600000071]},"properties":{"OBJECTID":5721,"amenity":"school","name":null,"name_en":null}},{"type":"Feature","id":5722,"geometry":{"type":"Point","coordinates":[23.634464100000059,37.954007800000056]},"properties":{"OBJECTID":5722,"amenity":"school","name":null,"name_en":null}},{"type":"Feature","id":5723,"geometry":{"type":"Point","coordinates":[23.638160900000059,37.989608100000055]},"properties":{"OBJECTID":5723,"amenity":"school","name":"10ο Δημοτικό Σχολείο Κορυδαλλού","name_en":null}},{"type":"Feature","id":5724,"geometry":{"type":"Point","coordinates":[23.645136800000046,37.986944600000072]},"properties":{"OBJECTID":5724,"amenity":"school","name":"5ο Δημοτικό Σχολείο Κορυδαλλού","name_en":null}},{"type":"Feature","id":5725,"geometry":{"type":"Point","coordinates":[23.63597690000006,37.965539100000058]},"properties":{"OBJECTID":5725,"amenity":"school","name":null,"name_en":null}},{"type":"Feature","id":5726,"geometry":{"type":"Point","coordinates":[23.886646100000064,38.004588900000044]},"properties":{"OBJECTID":5726,"amenity":"school","name":null,"name_en":null}},{"type":"Feature","id":5727,"geometry":{"type":"Point","coordinates":[23.855424600000049,37.980218500000035]},"properties":{"OBJECTID":5727,"amenity":"school","name":"Εράσμειος Έλληνογερμανική Σχολή","name_en":null}},{"type":"Feature","id":5728,"geometry":{"type":"Point","coordinates":[23.847159000000033,37.979997400000059]},"properties":{"OBJECTID":5728,"amenity":"school","name":null,"name_en":null}},{"type":"Feature","id":5731,"geometry":{"type":"Point","coordinates":[23.719582200000048,37.908739100000048]},"properties":{"OBJECTID":5731,"amenity":"school","name":"5ο Δημοτικό Αλίμου","name_en":null}},{"type":"Feature","id":5734,"geometry":{"type":"Point","coordinates":[23.883236700000054,38.102216500000054]},"properties":{"OBJECTID":5734,"amenity":"school","name":null,"name_en":null}},{"type":"Feature","id":5745,"geometry":{"type":"Point","coordinates":[23.915265100000056,37.95976040000005]},"properties":{"OBJECTID":5745,"amenity":"school","name":"1ο Δημοτικό Σχολείο Σπάτων","name_en":"1st Primary School of Spata"}},{"type":"Feature","id":5747,"geometry":{"type":"Point","coordinates":[23.734770600000047,37.910226500000078]},"properties":{"OBJECTID":5747,"amenity":"school","name":null,"name_en":null}},{"type":"Feature","id":5754,"geometry":{"type":"Point","coordinates":[23.430924400000038,37.745649800000024]},"properties":{"OBJECTID":5754,"amenity":"school","name":"Εϋνάρδειον Διδασκαλείον","name_en":"Eynard School"}},{"type":"Feature","id":5763,"geometry":{"type":"Point","coordinates":[23.735548000000051,37.919954800000028]},"properties":{"OBJECTID":5763,"amenity":"school","name":null,"name_en":null}},{"type":"Feature","id":5772,"geometry":{"type":"Point","coordinates":[23.971301000000039,37.805735700000071]},"properties":{"OBJECTID":5772,"amenity":"school","name":"Γυμνάσιο - Λύκειο Κερατέας","name_en":null}},{"type":"Feature","id":5779,"geometry":{"type":"Point","coordinates":[23.76817200000005,38.040591400000039]},"properties":{"OBJECTID":5779,"amenity":"school","name":null,"name_en":null}},{"type":"Feature","id":5786,"geometry":{"type":"Point","coordinates":[23.773721300000034,38.03804880000007]},"properties":{"OBJECTID":5786,"amenity":"school","name":"14ο Δημοτικό Σχολείο Νέας Ιωνίας","name_en":null}},{"type":"Feature","id":5793,"geometry":{"type":"Point","coordinates":[23.775661300000024,38.043579200000067]},"properties":{"OBJECTID":5793,"amenity":"school","name":"Ειδικό Δημοτικό & Ειδικό Νηπιαγωγείο Νέου Ηρακλείου","name_en":null}},{"type":"Feature","id":5796,"geometry":{"type":"Point","coordinates":[23.349168800000029,37.994831800000043]},"properties":{"OBJECTID":5796,"amenity":"school","name":null,"name_en":null}},{"type":"Feature","id":5810,"geometry":{"type":"Point","coordinates":[23.777226000000041,38.048281000000031]},"properties":{"OBJECTID":5810,"amenity":"school","name":"9ο & 10ο Δημοτικό Ν. Ηρακλείου","name_en":null}},{"type":"Feature","id":5829,"geometry":{"type":"Point","coordinates":[23.775733900000034,37.98337500000008]},"properties":{"OBJECTID":5829,"amenity":"school","name":"5ο Γυμνάσιο Ζωγράφου","name_en":null}},{"type":"Feature","id":5833,"geometry":{"type":"Point","coordinates":[23.772784600000023,38.048115900000028]},"properties":{"OBJECTID":5833,"amenity":"school","name":"2ο & 11ο Δημοτικά Σχολεία Νέου Ηρακλείου","name_en":null}},{"type":"Feature","id":5838,"geometry":{"type":"Point","coordinates":[23.846745800000065,38.012557700000059]},"properties":{"OBJECTID":5838,"amenity":"school","name":"3ο Δημοτικό Σχολείο Γέρακα","name_en":null}},{"type":"Feature","id":5841,"geometry":{"type":"Point","coordinates":[23.763325000000066,38.048209900000074]},"properties":{"OBJECTID":5841,"amenity":"school","name":"1ο & 8ο Δημοτικά Σχολεία Νέου Ηρακλείου","name_en":null}},{"type":"Feature","id":5842,"geometry":{"type":"Point","coordinates":[23.886570000000063,38.005001700000037]},"properties":{"OBJECTID":5842,"amenity":"school","name":"2ο Δημοτικό Παλλήνης","name_en":null}},{"type":"Feature","id":5849,"geometry":{"type":"Point","coordinates":[23.772217300000023,38.051442100000031]},"properties":{"OBJECTID":5849,"amenity":"school","name":"Σύγχρονα Εκπαιδευτήρια \"Μάνεση\"","name_en":null}},{"type":"Feature","id":5850,"geometry":{"type":"Point","coordinates":[23.773075900000038,38.051866800000028]},"properties":{"OBJECTID":5850,"amenity":"school","name":"Σύγχρονα Εκπαιδευτήρια \"Μάνεση\"","name_en":null}},{"type":"Feature","id":5855,"geometry":{"type":"Point","coordinates":[23.849195400000042,38.016891200000032]},"properties":{"OBJECTID":5855,"amenity":"school","name":"1ο Γυμνάσια Γέρακα","name_en":null}},{"type":"Feature","id":5864,"geometry":{"type":"Point","coordinates":[23.851643200000069,38.012815600000067]},"properties":{"OBJECTID":5864,"amenity":"school","name":"8ο Δημοτικό Σχολείο Γέρακα","name_en":null}},{"type":"Feature","id":5887,"geometry":{"type":"Point","coordinates":[23.625106900000048,37.97571320000003]},"properties":{"OBJECTID":5887,"amenity":"school","name":"6o Δημοτικό","name_en":null}},{"type":"Feature","id":5888,"geometry":{"type":"Point","coordinates":[23.624770900000044,37.975949000000071]},"properties":{"OBJECTID":5888,"amenity":"school","name":"16o Ολοήμερο Δημοτικό","name_en":null}},{"type":"Feature","id":5896,"geometry":{"type":"Point","coordinates":[23.826663400000029,37.871358000000043]},"properties":{"OBJECTID":5896,"amenity":"school","name":null,"name_en":null}},{"type":"Feature","id":5897,"geometry":{"type":"Point","coordinates":[23.821025000000077,37.86714690000008]},"properties":{"OBJECTID":5897,"amenity":"school","name":null,"name_en":null}},{"type":"Feature","id":5899,"geometry":{"type":"Point","coordinates":[23.812189600000067,38.095529200000044]},"properties":{"OBJECTID":5899,"amenity":"school","name":"2 Δημοτικό Σχολείο Νέας Ερυθραίας","name_en":"2nd Primary School of Nea Erythraia"}},{"type":"Feature","id":5963,"geometry":{"type":"Point","coordinates":[23.725558900000067,38.046449900000027]},"properties":{"OBJECTID":5963,"amenity":"school","name":"Μουσικό Γυμνάσιο και Λύκειο Ιλίου","name_en":null}},{"type":"Feature","id":5964,"geometry":{"type":"Point","coordinates":[23.726040400000045,38.027232000000026]},"properties":{"OBJECTID":5964,"amenity":"school","name":"1ο Γυμνάσιο Αγίων Αναργύρων","name_en":null}},{"type":"Feature","id":6002,"geometry":{"type":"Point","coordinates":[23.791197300000078,37.991551600000037]},"properties":{"OBJECTID":6002,"amenity":"school","name":"1ο Λύκειο Παπάγου","name_en":null}},{"type":"Feature","id":6003,"geometry":{"type":"Point","coordinates":[23.791535400000043,37.991806900000029]},"properties":{"OBJECTID":6003,"amenity":"school","name":"1ο Γυμνάσιο Παπάγου","name_en":null}},{"type":"Feature","id":6021,"geometry":{"type":"Point","coordinates":[23.856182100000069,38.029970000000048]},"properties":{"OBJECTID":6021,"amenity":"school","name":"4ο Δημοτικό Σχολείο Γέρακα","name_en":null}},{"type":"Feature","id":6043,"geometry":{"type":"Point","coordinates":[23.978643700000077,38.041045100000076]},"properties":{"OBJECTID":6043,"amenity":"school","name":"2nd Gymnasium Nea Makri","name_en":null}},{"type":"Feature","id":6109,"geometry":{"type":"Point","coordinates":[23.789998100000048,38.093667500000038]},"properties":{"OBJECTID":6109,"amenity":"school","name":"10ο Νηπιαγωγείο Κηφισιάς","name_en":"10th Nursery (Kifissia)"}},{"type":"Feature","id":6110,"geometry":{"type":"Point","coordinates":[23.798428700000045,38.09860400000008]},"properties":{"OBJECTID":6110,"amenity":"school","name":null,"name_en":null}},{"type":"Feature","id":6111,"geometry":{"type":"Point","coordinates":[23.787240800000063,38.095122500000059]},"properties":{"OBJECTID":6111,"amenity":"school","name":null,"name_en":null}},{"type":"Feature","id":6127,"geometry":{"type":"Point","coordinates":[23.756999500000063,38.128307600000028]},"properties":{"OBJECTID":6127,"amenity":"school","name":null,"name_en":null}},{"type":"Feature","id":6136,"geometry":{"type":"Point","coordinates":[23.736174700000049,38.026282400000071]},"properties":{"OBJECTID":6136,"amenity":"school","name":"173ο Δημοτικό Σχολείο Αθηνών","name_en":null}},{"type":"Feature","id":6139,"geometry":{"type":"Point","coordinates":[23.87651100000005,38.036626100000035]},"properties":{"OBJECTID":6139,"amenity":"school","name":"2ο Δημοτικό Σχολείο Πεντέλης","name_en":null}},{"type":"Feature","id":6143,"geometry":{"type":"Point","coordinates":[23.739283100000023,38.02903340000006]},"properties":{"OBJECTID":6143,"amenity":"school","name":"129ο Δημοτικό Σχολείο Αθηνών","name_en":null}},{"type":"Feature","id":6149,"geometry":{"type":"Point","coordinates":[23.732616800000073,37.963556700000026]},"properties":{"OBJECTID":6149,"amenity":"school","name":null,"name_en":null}},{"type":"Feature","id":6150,"geometry":{"type":"Point","coordinates":[23.732952800000078,37.962173600000028]},"properties":{"OBJECTID":6150,"amenity":"school","name":null,"name_en":null}},{"type":"Feature","id":6163,"geometry":{"type":"Point","coordinates":[23.747978200000034,38.037170800000069]},"properties":{"OBJECTID":6163,"amenity":"school","name":"2ο Γυμνάσιο Νέας Ιωνίας","name_en":null}},{"type":"Feature","id":6164,"geometry":{"type":"Point","coordinates":[23.747582900000054,38.036978100000056]},"properties":{"OBJECTID":6164,"amenity":"school","name":"1ο Επαγγελματικό Λύκειο Νέας Ιωνίας","name_en":null}},{"type":"Feature","id":6169,"geometry":{"type":"Point","coordinates":[23.750504200000023,38.039333200000044]},"properties":{"OBJECTID":6169,"amenity":"school","name":"3ο Δημοτικό Σχολείο 11ο Νηπιαγωγείo Νέας Ιωνίας","name_en":null}},{"type":"Feature","id":6208,"geometry":{"type":"Point","coordinates":[23.750480200000027,38.04157710000004]},"properties":{"OBJECTID":6208,"amenity":"school","name":"1ο Δημοτικό Σχολείο Νέας Ιωνίας","name_en":null}},{"type":"Feature","id":6221,"geometry":{"type":"Point","coordinates":[23.641467300000045,37.958826300000055]},"properties":{"OBJECTID":6221,"amenity":"school","name":"3ο Γυμνάσιο Πειραιά","name_en":null}},{"type":"Feature","id":6222,"geometry":{"type":"Point","coordinates":[23.640744000000041,37.958815300000026]},"properties":{"OBJECTID":6222,"amenity":"school","name":"5ο Δημοτικό Σχολείο Πειραιά","name_en":null}},{"type":"Feature","id":6256,"geometry":{"type":"Point","coordinates":[23.829604300000028,38.027973400000064]},"properties":{"OBJECTID":6256,"amenity":"school","name":null,"name_en":null}},{"type":"Feature","id":6257,"geometry":{"type":"Point","coordinates":[23.826831300000038,38.031704000000047]},"properties":{"OBJECTID":6257,"amenity":"school","name":null,"name_en":null}},{"type":"Feature","id":6258,"geometry":{"type":"Point","coordinates":[23.827670300000023,38.031918800000028]},"properties":{"OBJECTID":6258,"amenity":"school","name":null,"name_en":null}},{"type":"Feature","id":6267,"geometry":{"type":"Point","coordinates":[23.847578200000044,38.045189700000037]},"properties":{"OBJECTID":6267,"amenity":"school","name":null,"name_en":null}},{"type":"Feature","id":6282,"geometry":{"type":"Point","coordinates":[23.825125300000025,38.035293200000069]},"properties":{"OBJECTID":6282,"amenity":"school","name":null,"name_en":null}},{"type":"Feature","id":6292,"geometry":{"type":"Point","coordinates":[23.744716700000026,38.04714210000003]},"properties":{"OBJECTID":6292,"amenity":"school","name":"3ο Γυμνάσιο & 3ο Λύκειο Νέας Φιλαδέλφειας","name_en":null}},{"type":"Feature","id":6298,"geometry":{"type":"Point","coordinates":[23.677158200000065,38.006915200000037]},"properties":{"OBJECTID":6298,"amenity":"school","name":"16ο Δημοτικό Σχολείο Περιστερίου","name_en":null}},{"type":"Feature","id":6299,"geometry":{"type":"Point","coordinates":[23.676913100000036,38.006503400000042]},"properties":{"OBJECTID":6299,"amenity":"school","name":"25ο Νηπιαγωγείο Περιστερίου","name_en":null}},{"type":"Feature","id":6305,"geometry":{"type":"Point","coordinates":[23.83524790000007,38.04256950000007]},"properties":{"OBJECTID":6305,"amenity":"school","name":null,"name_en":null}},{"type":"Feature","id":6306,"geometry":{"type":"Point","coordinates":[23.846829600000035,38.045775900000081]},"properties":{"OBJECTID":6306,"amenity":"school","name":"2ος Παιδικός Σταθμός Δήμου Βριλησσίων","name_en":null}},{"type":"Feature","id":6314,"geometry":{"type":"Point","coordinates":[23.738323600000058,38.044271500000036]},"properties":{"OBJECTID":6314,"amenity":"school","name":"2ο Γυμνάσιο Νέας Φιλαδέλφειας","name_en":null}},{"type":"Feature","id":6320,"geometry":{"type":"Point","coordinates":[23.734740900000077,38.039664200000061]},"properties":{"OBJECTID":6320,"amenity":"school","name":"8ο Δημοτικό - 9o Νηπιαγωγείο Νέας Φιλαδέλφειας","name_en":null}},{"type":"Feature","id":6321,"geometry":{"type":"Point","coordinates":[23.737404200000071,38.036985200000061]},"properties":{"OBJECTID":6321,"amenity":"school","name":"1ο Γυμνάσιο & 1ο Ενιαίο Λύκειο Νέας Φιλαδέλφειας","name_en":null}},{"type":"Feature","id":6382,"geometry":{"type":"Point","coordinates":[23.825320900000065,38.035026500000072]},"properties":{"OBJECTID":6382,"amenity":"school","name":null,"name_en":null}},{"type":"Feature","id":6391,"geometry":{"type":"Point","coordinates":[23.840611000000024,38.038890800000047]},"properties":{"OBJECTID":6391,"amenity":"school","name":"Παιδικός σταθμός «Play-Town»","name_en":null}},{"type":"Feature","id":6447,"geometry":{"type":"Point","coordinates":[23.333087000000035,37.996191600000031]},"properties":{"OBJECTID":6447,"amenity":"school","name":null,"name_en":null}},{"type":"Feature","id":6450,"geometry":{"type":"Point","coordinates":[23.845196600000065,37.989013200000045]},"properties":{"OBJECTID":6450,"amenity":"school","name":null,"name_en":null}},{"type":"Feature","id":6451,"geometry":{"type":"Point","coordinates":[23.844771900000069,38.047895400000073]},"properties":{"OBJECTID":6451,"amenity":"school","name":null,"name_en":null}},{"type":"Feature","id":6452,"geometry":{"type":"Point","coordinates":[23.845041300000048,38.047326700000042]},"properties":{"OBJECTID":6452,"amenity":"school","name":null,"name_en":null}},{"type":"Feature","id":6453,"geometry":{"type":"Point","coordinates":[23.843474800000024,38.047628800000041]},"properties":{"OBJECTID":6453,"amenity":"school","name":null,"name_en":null}},{"type":"Feature","id":6461,"geometry":{"type":"Point","coordinates":[23.832122100000049,38.034866100000045]},"properties":{"OBJECTID":6461,"amenity":"school","name":null,"name_en":null}},{"type":"Feature","id":6466,"geometry":{"type":"Point","coordinates":[23.83263560000006,38.044185900000059]},"properties":{"OBJECTID":6466,"amenity":"school","name":null,"name_en":null}},{"type":"Feature","id":6476,"geometry":{"type":"Point","coordinates":[23.613663900000063,37.952445800000078]},"properties":{"OBJECTID":6476,"amenity":"school","name":"13ο Δημοτικό Σχολείο Κερατσινίου","name_en":null}},{"type":"Feature","id":6477,"geometry":{"type":"Point","coordinates":[23.613293800000065,37.952248800000064]},"properties":{"OBJECTID":6477,"amenity":"school","name":"21ο Δημοτικό Σχολείο Κερατσινίου","name_en":null}},{"type":"Feature","id":6480,"geometry":{"type":"Point","coordinates":[23.729913000000067,38.048550100000057]},"properties":{"OBJECTID":6480,"amenity":"school","name":null,"name_en":null}},{"type":"Feature","id":6486,"geometry":{"type":"Point","coordinates":[23.829302300000052,38.036631400000033]},"properties":{"OBJECTID":6486,"amenity":"school","name":null,"name_en":null}},{"type":"Feature","id":6496,"geometry":{"type":"Point","coordinates":[23.640421100000026,37.933156200000042]},"properties":{"OBJECTID":6496,"amenity":"school","name":"Πράξις & Πράξεις","name_en":null}},{"type":"Feature","id":6499,"geometry":{"type":"Point","coordinates":[23.750813000000051,38.049159200000076]},"properties":{"OBJECTID":6499,"amenity":"school","name":"2ο &12ο Δημοτικά Σχολεία Νέας Ιωνίας","name_en":null}},{"type":"Feature","id":6515,"geometry":{"type":"Point","coordinates":[24.01794650000005,37.872302600000069]},"properties":{"OBJECTID":6515,"amenity":"school","name":"2ο Γενικό Λύκειο Μαρκοπούλου","name_en":null}},{"type":"Feature","id":6520,"geometry":{"type":"Point","coordinates":[23.755958200000066,38.048395500000026]},"properties":{"OBJECTID":6520,"amenity":"school","name":"13ο Δημοτικό Σχολείο Νέου Ηρακλείου","name_en":null}},{"type":"Feature","id":6524,"geometry":{"type":"Point","coordinates":[24.001394900000037,37.889393700000028]},"properties":{"OBJECTID":6524,"amenity":"school","name":"1ο Δημοτικό Σχολείο Πόρτο Ράφτη","name_en":null}},{"type":"Feature","id":6525,"geometry":{"type":"Point","coordinates":[24.000945100000024,37.889550000000042]},"properties":{"OBJECTID":6525,"amenity":"school","name":"3ο Δημοτικό Σχολείο Πόρτο Ράφτη","name_en":null}},{"type":"Feature","id":6528,"geometry":{"type":"Point","coordinates":[23.759995900000035,38.049224600000059]},"properties":{"OBJECTID":6528,"amenity":"school","name":"6ο Γυμνάσιο Νέου Ηρακλείου","name_en":null}},{"type":"Feature","id":6529,"geometry":{"type":"Point","coordinates":[23.760333100000025,38.048915500000078]},"properties":{"OBJECTID":6529,"amenity":"school","name":"3ο Δημοτικό Σχολείο Νέου Ηρακλείου","name_en":null}},{"type":"Feature","id":6540,"geometry":{"type":"Point","coordinates":[23.758658100000048,38.05519570000007]},"properties":{"OBJECTID":6540,"amenity":"school","name":"2ο Δημοτικό Σχολείο Μεταμόρφωσης","name_en":null}},{"type":"Feature","id":6567,"geometry":{"type":"Point","coordinates":[23.766296400000044,38.056687000000068]},"properties":{"OBJECTID":6567,"amenity":"school","name":"2ο Γυμνάσιο Μεταμόρφωσης","name_en":null}},{"type":"Feature","id":6568,"geometry":{"type":"Point","coordinates":[23.76321850000005,38.058417800000029]},"properties":{"OBJECTID":6568,"amenity":"school","name":"3ο Δημοτικό Σχολείο Μεταμόρφωσης","name_en":null}},{"type":"Feature","id":6570,"geometry":{"type":"Point","coordinates":[23.748405600000069,38.055894800000033]},"properties":{"OBJECTID":6570,"amenity":"school","name":"4ο Δημοτικό Σχολείο Μεταμόρφωσης","name_en":null}},{"type":"Feature","id":6576,"geometry":{"type":"Point","coordinates":[23.788122100000066,38.051870800000074]},"properties":{"OBJECTID":6576,"amenity":"school","name":"2ο Γυμνάσιο Πεύκης","name_en":null}},{"type":"Feature","id":6577,"geometry":{"type":"Point","coordinates":[23.788609700000052,38.05153770000004]},"properties":{"OBJECTID":6577,"amenity":"school","name":"2ο Γενικό Λύκειο Πεύκης","name_en":null}},{"type":"Feature","id":6578,"geometry":{"type":"Point","coordinates":[23.788520800000072,38.05265490000005]},"properties":{"OBJECTID":6578,"amenity":"school","name":"3ο Δημοτικό Σχολείο Πεύκης","name_en":null}},{"type":"Feature","id":6579,"geometry":{"type":"Point","coordinates":[23.789630600000066,38.057119500000056]},"properties":{"OBJECTID":6579,"amenity":"school","name":"2ο Δημοτικό Σχολείο Πεύκης","name_en":null}},{"type":"Feature","id":6583,"geometry":{"type":"Point","coordinates":[23.786335100000031,38.057879900000046]},"properties":{"OBJECTID":6583,"amenity":"school","name":"Ελληνογαλλική Σχολή \"Άγιος Ιωσήφ\" (Γυμνάσιο - Λύκειο)","name_en":null}},{"type":"Feature","id":6584,"geometry":{"type":"Point","coordinates":[23.785487900000078,38.056579300000067]},"properties":{"OBJECTID":6584,"amenity":"school","name":"Ελληνογαλλική Σχολή \"Άγιος Ιωσήφ\" (Νηπιαγωγείο - Δημοτικό)","name_en":null}},{"type":"Feature","id":6588,"geometry":{"type":"Point","coordinates":[23.782381900000075,38.056072700000072]},"properties":{"OBJECTID":6588,"amenity":"school","name":"5ο Δημοτικό Σχολείο Νέου Ηρακλείου","name_en":null}},{"type":"Feature","id":6589,"geometry":{"type":"Point","coordinates":[23.778965800000037,38.057629300000031]},"properties":{"OBJECTID":6589,"amenity":"school","name":"2ο Γενικό Λύκειο Παλαιού Ηρακλείου","name_en":null}},{"type":"Feature","id":6590,"geometry":{"type":"Point","coordinates":[23.778721700000062,38.057195800000045]},"properties":{"OBJECTID":6590,"amenity":"school","name":"5ο Γυμνάσιου Παλαιού Ηρακλείου","name_en":null}},{"type":"Feature","id":6592,"geometry":{"type":"Point","coordinates":[23.640788800000053,37.953852600000062]},"properties":{"OBJECTID":6592,"amenity":"school","name":"7o Εσπερινό ΕΠΑΛ Πειραιά","name_en":null}},{"type":"Feature","id":6599,"geometry":{"type":"Point","coordinates":[23.774632300000064,38.056267200000036]},"properties":{"OBJECTID":6599,"amenity":"school","name":"12ο Δημοτικό Σχολείο Νέου Ηρακλείου","name_en":null}},{"type":"Feature","id":6770,"geometry":{"type":"Point","coordinates":[23.694932000000051,38.021966600000042]},"properties":{"OBJECTID":6770,"amenity":"school","name":"8ο Δημοτικό Σχολείο Περιστερίου","name_en":null}},{"type":"Feature","id":6771,"geometry":{"type":"Point","coordinates":[23.757170200000076,38.064177500000028]},"properties":{"OBJECTID":6771,"amenity":"school","name":"6ο Δημοτικό Σχολείο Μεταμόρφωσης","name_en":null}},{"type":"Feature","id":6778,"geometry":{"type":"Point","coordinates":[23.782305800000074,37.81639720000004]},"properties":{"OBJECTID":6778,"amenity":"school","name":null,"name_en":null}},{"type":"Feature","id":6791,"geometry":{"type":"Point","coordinates":[23.766696300000035,38.068184500000029]},"properties":{"OBJECTID":6791,"amenity":"school","name":"5ο Δημοτικό Σχολείο Μεταμόρφωσης","name_en":null}},{"type":"Feature","id":6808,"geometry":{"type":"Point","coordinates":[23.696863700000051,38.015353300000072]},"properties":{"OBJECTID":6808,"amenity":"school","name":"2ο Δημοτικό Σχολείο Περιστερίου","name_en":null}},{"type":"Feature","id":6809,"geometry":{"type":"Point","coordinates":[23.695788400000026,38.018707400000039]},"properties":{"OBJECTID":6809,"amenity":"school","name":"16ο Γυμνάσιο Περιστερίου","name_en":null}},{"type":"Feature","id":6810,"geometry":{"type":"Point","coordinates":[23.697143700000026,38.019205000000056]},"properties":{"OBJECTID":6810,"amenity":"school","name":"20ο Δημοτικό Σχολείο Περιστερίου","name_en":null}},{"type":"Feature","id":6822,"geometry":{"type":"Point","coordinates":[23.797255800000073,38.065235900000062]},"properties":{"OBJECTID":6822,"amenity":"school","name":"Ειδικό Δημοτικό Σχολείο Κωφών και Βαρήκοων Λυκόβρυσης και Πεύκης","name_en":null}},{"type":"Feature","id":6827,"geometry":{"type":"Point","coordinates":[23.786155300000075,38.067951900000025]},"properties":{"OBJECTID":6827,"amenity":"school","name":"1ο Δημοτικό Σχολείο Λυκόβρυσης","name_en":null}},{"type":"Feature","id":6869,"geometry":{"type":"Point","coordinates":[23.797387800000024,38.072587200000044]},"properties":{"OBJECTID":6869,"amenity":"school","name":"6ο Δημοτικό Σχολείο Κηφισιάς","name_en":null}},{"type":"Feature","id":6874,"geometry":{"type":"Point","coordinates":[23.806036000000063,38.070012900000052]},"properties":{"OBJECTID":6874,"amenity":"school","name":"Εκπαιδευτήρια Καργάκου","name_en":null}},{"type":"Feature","id":6888,"geometry":{"type":"Point","coordinates":[23.815985500000068,38.069359700000064]},"properties":{"OBJECTID":6888,"amenity":"school","name":"1ο Δημοτικό Σχολείο Κηφισιάς","name_en":null}},{"type":"Feature","id":6925,"geometry":{"type":"Point","coordinates":[23.776061800000036,38.327995300000055]},"properties":{"OBJECTID":6925,"amenity":"school","name":"2ο Δημοτικό Σχολείο Σκάλας Ωρωπού και Νέων Παλατίων","name_en":null}},{"type":"Feature","id":6926,"geometry":{"type":"Point","coordinates":[23.774830000000065,38.327616800000044]},"properties":{"OBJECTID":6926,"amenity":"school","name":"Γενικό Λύκειο Σκάλας Ωρωπού \"Μίκης Θεοδωράκης\"","name_en":null}},{"type":"Feature","id":6936,"geometry":{"type":"Point","coordinates":[23.822769300000061,38.076520000000073]},"properties":{"OBJECTID":6936,"amenity":"school","name":"Διεθνές Σχολείο της Αθήνας","name_en":"International School of Athens"}},{"type":"Feature","id":6937,"geometry":{"type":"Point","coordinates":[23.721101200000078,38.086653500000068]},"properties":{"OBJECTID":6937,"amenity":"school","name":null,"name_en":null}},{"type":"Feature","id":6952,"geometry":{"type":"Point","coordinates":[23.798310600000036,38.074670200000071]},"properties":{"OBJECTID":6952,"amenity":"school","name":"Μαντά","name_en":null}},{"type":"Feature","id":6962,"geometry":{"type":"Point","coordinates":[23.798726000000045,38.076370700000041]},"properties":{"OBJECTID":6962,"amenity":"school","name":null,"name_en":null}},{"type":"Feature","id":6981,"geometry":{"type":"Point","coordinates":[23.784414000000027,38.073603100000071]},"properties":{"OBJECTID":6981,"amenity":"school","name":"1ο Γενικό Λύκειο Λυκόβρυσης","name_en":null}},{"type":"Feature","id":6982,"geometry":{"type":"Point","coordinates":[23.784332800000072,38.073175400000025]},"properties":{"OBJECTID":6982,"amenity":"school","name":"2ο Δημοτικό Σχολείο Λυκόβρυσης","name_en":null}},{"type":"Feature","id":6985,"geometry":{"type":"Point","coordinates":[23.791847500000074,38.074882700000046]},"properties":{"OBJECTID":6985,"amenity":"school","name":"Αγία Αικατερίνη της Βρετανικής Πρεσβείας","name_en":null}},{"type":"Feature","id":6986,"geometry":{"type":"Point","coordinates":[23.793245100000036,38.075096600000052]},"properties":{"OBJECTID":6986,"amenity":"school","name":"Αγία Αικατερίνη της Βρετανικής Πρεσβείας","name_en":null}},{"type":"Feature","id":7011,"geometry":{"type":"Point","coordinates":[23.713508500000046,37.970930100000032]},"properties":{"OBJECTID":7011,"amenity":"school","name":"77ο Δημοτικό Σχολείο Αθηνών","name_en":null}},{"type":"Feature","id":7020,"geometry":{"type":"Point","coordinates":[23.745416000000034,38.003805700000044]},"properties":{"OBJECTID":7020,"amenity":"school","name":"45ο, 122ο Δημοτικά Σχολεία","name_en":null}},{"type":"Feature","id":7034,"geometry":{"type":"Point","coordinates":[23.790381800000034,38.093923500000074]},"properties":{"OBJECTID":7034,"amenity":"school","name":null,"name_en":null}},{"type":"Feature","id":7049,"geometry":{"type":"Point","coordinates":[23.808408100000065,38.092913200000055]},"properties":{"OBJECTID":7049,"amenity":"school","name":"ΑΘΗΝΑΙΚΗ ΑΓΩΓΗ ΚΑΙ ΠΑΙΔΕΙΑ","name_en":null}},{"type":"Feature","id":7069,"geometry":{"type":"Point","coordinates":[23.822028900000078,38.093206400000042]},"properties":{"OBJECTID":7069,"amenity":"school","name":"1ο Δημοτικό Σχολείο Νέας Ερυθραίας","name_en":null}},{"type":"Feature","id":7082,"geometry":{"type":"Point","coordinates":[23.655861100000038,37.969443000000069]},"properties":{"OBJECTID":7082,"amenity":"school","name":null,"name_en":null}},{"type":"Feature","id":7083,"geometry":{"type":"Point","coordinates":[23.655817800000023,37.969766800000059]},"properties":{"OBJECTID":7083,"amenity":"school","name":null,"name_en":null}},{"type":"Feature","id":7089,"geometry":{"type":"Point","coordinates":[23.630950900000073,37.981858500000044]},"properties":{"OBJECTID":7089,"amenity":"school","name":null,"name_en":null}},{"type":"Feature","id":7090,"geometry":{"type":"Point","coordinates":[23.823270000000036,38.094947300000058]},"properties":{"OBJECTID":7090,"amenity":"school","name":"Γυμνάσιο Νέας Ερυθραίας","name_en":null}},{"type":"Feature","id":7095,"geometry":{"type":"Point","coordinates":[23.287741200000028,37.53923750000007]},"properties":{"OBJECTID":7095,"amenity":"school","name":null,"name_en":null}},{"type":"Feature","id":7107,"geometry":{"type":"Point","coordinates":[23.831996400000037,38.085220800000059]},"properties":{"OBJECTID":7107,"amenity":"school","name":"7ο Δημοτικό Σχολείο Κηφισιάς","name_en":null}},{"type":"Feature","id":7109,"geometry":{"type":"Point","coordinates":[23.688448000000051,38.02063510000005]},"properties":{"OBJECTID":7109,"amenity":"school","name":null,"name_en":null}},{"type":"Feature","id":7113,"geometry":{"type":"Point","coordinates":[23.691913100000079,37.952427100000079]},"properties":{"OBJECTID":7113,"amenity":"school","name":"2ο Γυμνάσιο Καλλιθέας","name_en":null}},{"type":"Feature","id":7117,"geometry":{"type":"Point","coordinates":[23.691699800000038,37.952269500000057]},"properties":{"OBJECTID":7117,"amenity":"school","name":"2ο Γενικό Λύκειο Καλλιθέας","name_en":null}},{"type":"Feature","id":7142,"geometry":{"type":"Point","coordinates":[23.662243200000034,37.986244700000043]},"properties":{"OBJECTID":7142,"amenity":"school","name":"4ο Δημοτικό","name_en":null}},{"type":"Feature","id":7145,"geometry":{"type":"Point","coordinates":[23.661555500000077,37.986536000000058]},"properties":{"OBJECTID":7145,"amenity":"school","name":"6ο Δημοτικό","name_en":null}},{"type":"Feature","id":7146,"geometry":{"type":"Point","coordinates":[23.657640400000048,37.989755100000025]},"properties":{"OBJECTID":7146,"amenity":"school","name":"2ο Δημοτικό","name_en":null}},{"type":"Feature","id":7154,"geometry":{"type":"Point","coordinates":[23.763708000000065,37.849737100000027]},"properties":{"OBJECTID":7154,"amenity":"school","name":"2ο Δημοτικό","name_en":null}},{"type":"Feature","id":7159,"geometry":{"type":"Point","coordinates":[23.836011000000042,38.065503400000068]},"properties":{"OBJECTID":7159,"amenity":"school","name":"3ος παιδικός σταθμός μελισσιων","name_en":null}},{"type":"Feature","id":7185,"geometry":{"type":"Point","coordinates":[23.682614700000045,38.048836400000027]},"properties":{"OBJECTID":7185,"amenity":"school","name":"4ο Δημοτικό Σχολείο Πετρούπολης","name_en":null}},{"type":"Feature","id":7218,"geometry":{"type":"Point","coordinates":[23.915261300000054,37.958567800000026]},"properties":{"OBJECTID":7218,"amenity":"school","name":"1ο Γυμνάσιο Σπάτων","name_en":"1st Junior High School of Spata"}},{"type":"Feature","id":7219,"geometry":{"type":"Point","coordinates":[23.916098500000032,37.958446600000059]},"properties":{"OBJECTID":7219,"amenity":"school","name":"1ο Γενικό Λύκειο Σπάτων","name_en":"1st High School of Spata"}},{"type":"Feature","id":7220,"geometry":{"type":"Point","coordinates":[23.912256400000047,37.96515560000006]},"properties":{"OBJECTID":7220,"amenity":"school","name":"2ο Δημοτικό Σχολείο Σπάτων","name_en":"2nd Primary School of Spata"}},{"type":"Feature","id":7221,"geometry":{"type":"Point","coordinates":[23.923877700000048,37.965841500000067]},"properties":{"OBJECTID":7221,"amenity":"school","name":"3ο Δημοτικό Σχολείο Σπάτων","name_en":"3rd Primary School of Spata"}},{"type":"Feature","id":7259,"geometry":{"type":"Point","coordinates":[23.688276600000052,38.046087400000033]},"properties":{"OBJECTID":7259,"amenity":"school","name":"2ο και 5ο Γυμνάσια Πετρούπολης","name_en":null}},{"type":"Feature","id":7260,"geometry":{"type":"Point","coordinates":[23.687970500000063,38.045538200000067]},"properties":{"OBJECTID":7260,"amenity":"school","name":"4ο Λύκειο Πετρούπολης","name_en":null}},{"type":"Feature","id":7349,"geometry":{"type":"Point","coordinates":[23.436162400000057,38.018207100000041]},"properties":{"OBJECTID":7349,"amenity":"school","name":"2o Δημοτικό Σχολείο Νέας περάμου (Under Conctruction)","name_en":null}},{"type":"Feature","id":7357,"geometry":{"type":"Point","coordinates":[23.501560600000062,37.968821800000057]},"properties":{"OBJECTID":7357,"amenity":"school","name":null,"name_en":null}},{"type":"Feature","id":7379,"geometry":{"type":"Point","coordinates":[24.008370100000036,37.88569700000005]},"properties":{"OBJECTID":7379,"amenity":"school","name":"2ο Γενικό Λύκειο Μαρκοπούλου","name_en":null}},{"type":"Feature","id":7417,"geometry":{"type":"Point","coordinates":[23.707704500000034,38.021355600000049]},"properties":{"OBJECTID":7417,"amenity":"school","name":null,"name_en":null}},{"type":"Feature","id":7418,"geometry":{"type":"Point","coordinates":[23.71293380000003,38.01416590000008]},"properties":{"OBJECTID":7418,"amenity":"school","name":null,"name_en":null}},{"type":"Feature","id":7419,"geometry":{"type":"Point","coordinates":[23.707653200000038,38.019282200000077]},"properties":{"OBJECTID":7419,"amenity":"school","name":null,"name_en":null}},{"type":"Feature","id":7420,"geometry":{"type":"Point","coordinates":[23.706450400000051,38.017943900000034]},"properties":{"OBJECTID":7420,"amenity":"school","name":"36ο Δημοτικό Σχολείο Περιστερίου","name_en":null}},{"type":"Feature","id":7433,"geometry":{"type":"Point","coordinates":[23.645367500000077,37.981735800000024]},"properties":{"OBJECTID":7433,"amenity":"school","name":"1o και 2ο ΓΕΛ Κορυδαλλού","name_en":null}},{"type":"Feature","id":7463,"geometry":{"type":"Point","coordinates":[23.704544400000032,38.050596300000052]},"properties":{"OBJECTID":7463,"amenity":"school","name":null,"name_en":null}},{"type":"Feature","id":7464,"geometry":{"type":"Point","coordinates":[23.705401800000061,38.050061200000073]},"properties":{"OBJECTID":7464,"amenity":"school","name":null,"name_en":null}},{"type":"Feature","id":7506,"geometry":{"type":"Point","coordinates":[23.845246700000075,37.961613700000044]},"properties":{"OBJECTID":7506,"amenity":"school","name":"1ο Δημοτικό Σχολείο Παιανίας","name_en":null}},{"type":"Feature","id":7507,"geometry":{"type":"Point","coordinates":[23.723959600000057,37.957002000000045]},"properties":{"OBJECTID":7507,"amenity":"school","name":"94ο Δημοτικό Σχολείο Αθηνών","name_en":null}},{"type":"Feature","id":7510,"geometry":{"type":"Point","coordinates":[23.677665800000057,38.036247200000048]},"properties":{"OBJECTID":7510,"amenity":"school","name":"2ο Λύκειο Πετρούπολης","name_en":null}},{"type":"Feature","id":7512,"geometry":{"type":"Point","coordinates":[23.683438800000033,38.036772300000052]},"properties":{"OBJECTID":7512,"amenity":"school","name":"3ο Γυμνάσιο Πετρούπολης","name_en":null}},{"type":"Feature","id":7514,"geometry":{"type":"Point","coordinates":[23.683164100000056,38.03724550000004]},"properties":{"OBJECTID":7514,"amenity":"school","name":"3ο & 6ο Δημοτικά Σχολεία Πετρούπολης","name_en":null}},{"type":"Feature","id":7515,"geometry":{"type":"Point","coordinates":[23.684040100000061,38.03750180000003]},"properties":{"OBJECTID":7515,"amenity":"school","name":null,"name_en":null}},{"type":"Feature","id":7519,"geometry":{"type":"Point","coordinates":[23.631508100000076,37.957323700000074]},"properties":{"OBJECTID":7519,"amenity":"school","name":"7ο Γυμνάσιο Πειραιά","name_en":null}},{"type":"Feature","id":7526,"geometry":{"type":"Point","coordinates":[23.470807300000047,37.348031400000025]},"properties":{"OBJECTID":7526,"amenity":"school","name":null,"name_en":null}},{"type":"Feature","id":7530,"geometry":{"type":"Point","coordinates":[23.695360600000072,38.027949300000046]},"properties":{"OBJECTID":7530,"amenity":"school","name":"6ο Γυμνάσιο Ιλίου","name_en":null}},{"type":"Feature","id":7531,"geometry":{"type":"Point","coordinates":[23.696415400000035,38.027087300000062]},"properties":{"OBJECTID":7531,"amenity":"school","name":"1ο Ειδικό Δημοτικό Σχολείο Ιλίου","name_en":null}},{"type":"Feature","id":7532,"geometry":{"type":"Point","coordinates":[23.695466300000078,38.027054000000078]},"properties":{"OBJECTID":7532,"amenity":"school","name":"6ο ΓΕΛ Ιλίου","name_en":null}},{"type":"Feature","id":7533,"geometry":{"type":"Point","coordinates":[23.694455400000038,38.027070900000069]},"properties":{"OBJECTID":7533,"amenity":"school","name":"13ο Δημοτικό Σχολείο Ιλίου","name_en":null}},{"type":"Feature","id":7536,"geometry":{"type":"Point","coordinates":[23.926340900000071,37.983867000000032]},"properties":{"OBJECTID":7536,"amenity":"school","name":null,"name_en":null}},{"type":"Feature","id":7548,"geometry":{"type":"Point","coordinates":[23.884346500000049,38.215084600000068]},"properties":{"OBJECTID":7548,"amenity":"school","name":"2ο Νηπιαγωγείο Καπανδριτίου","name_en":null}},{"type":"Feature","id":7549,"geometry":{"type":"Point","coordinates":[23.883481500000073,38.215175800000054]},"properties":{"OBJECTID":7549,"amenity":"school","name":"Γυμνάσιο Καπανδριτίου","name_en":null}},{"type":"Feature","id":7551,"geometry":{"type":"Point","coordinates":[23.689990200000068,38.043269700000053]},"properties":{"OBJECTID":7551,"amenity":"school","name":"2ο Δημοτικό Σχολείο Πετρούπολης","name_en":null}},{"type":"Feature","id":7559,"geometry":{"type":"Point","coordinates":[23.693683100000044,38.03955030000003]},"properties":{"OBJECTID":7559,"amenity":"school","name":"1ο ΕΠΑΛ Πετρούπολης","name_en":null}},{"type":"Feature","id":7560,"geometry":{"type":"Point","coordinates":[23.694123900000022,38.039833700000031]},"properties":{"OBJECTID":7560,"amenity":"school","name":"5ο Γενικό Λύκειο Πετρούπολης","name_en":null}},{"type":"Feature","id":7567,"geometry":{"type":"Point","coordinates":[23.695351800000026,38.038134100000036]},"properties":{"OBJECTID":7567,"amenity":"school","name":null,"name_en":null}},{"type":"Feature","id":7573,"geometry":{"type":"Point","coordinates":[23.69938940000003,38.038203300000077]},"properties":{"OBJECTID":7573,"amenity":"school","name":"5ο Γυμνάσιο Ιλίου","name_en":null}},{"type":"Feature","id":7574,"geometry":{"type":"Point","coordinates":[23.696014300000058,38.035026000000073]},"properties":{"OBJECTID":7574,"amenity":"school","name":"9ο Δημοτικό Σχολείο Ιλίου","name_en":null}},{"type":"Feature","id":7596,"geometry":{"type":"Point","coordinates":[23.688841900000057,38.026900600000033]},"properties":{"OBJECTID":7596,"amenity":"school","name":"10ο Δημοτικό Σχολείο Περιστερίου","name_en":null}},{"type":"Feature","id":7602,"geometry":{"type":"Point","coordinates":[24.003433900000061,37.972864700000059]},"properties":{"OBJECTID":7602,"amenity":"school","name":"1ο Γυμνάσιο Αρτέμιδος","name_en":null}},{"type":"Feature","id":7611,"geometry":{"type":"Point","coordinates":[23.856942600000025,38.000654900000029]},"properties":{"OBJECTID":7611,"amenity":"school","name":"6ο Δημοτικό Σχολείο Γέρακα","name_en":null}},{"type":"Feature","id":7612,"geometry":{"type":"Point","coordinates":[23.857047400000056,38.001044400000069]},"properties":{"OBJECTID":7612,"amenity":"school","name":"5ο Νηπιαγωγείο Γέρακα","name_en":"5th Kindergarden of Gerakas"}},{"type":"Feature","id":7613,"geometry":{"type":"Point","coordinates":[23.85278500000004,38.004538400000058]},"properties":{"OBJECTID":7613,"amenity":"school","name":"2ο Δημοτικό Γλυκών Νερών","name_en":null}},{"type":"Feature","id":7614,"geometry":{"type":"Point","coordinates":[23.85266960000007,38.004142100000024]},"properties":{"OBJECTID":7614,"amenity":"school","name":"2ο Νηπιαγωγείο Γλυκών Νερών","name_en":null}},{"type":"Feature","id":7615,"geometry":{"type":"Point","coordinates":[23.851527300000043,37.999540400000058]},"properties":{"OBJECTID":7615,"amenity":"school","name":"Παράρτημα 2ου Νηπιαγωγείου Γλυκών Νερών","name_en":null}},{"type":"Feature","id":7629,"geometry":{"type":"Point","coordinates":[23.684073300000023,38.02567270000003]},"properties":{"OBJECTID":7629,"amenity":"school","name":"24ο Δημοτικό Σχολείο Περιστερίου","name_en":null}},{"type":"Feature","id":7651,"geometry":{"type":"Point","coordinates":[23.691086000000041,38.023538700000074]},"properties":{"OBJECTID":7651,"amenity":"school","name":"38ο Δημοτικό Σχολείο Περιστερίου","name_en":null}},{"type":"Feature","id":7661,"geometry":{"type":"Point","coordinates":[23.68726950000007,38.021270900000047]},"properties":{"OBJECTID":7661,"amenity":"school","name":"9ο Γυμνάσιο Περιστερίου","name_en":null}},{"type":"Feature","id":7675,"geometry":{"type":"Point","coordinates":[23.952087000000063,37.738104400000054]},"properties":{"OBJECTID":7675,"amenity":"school","name":"1ο Δημοτικό Σχολείο Αναβύσσου","name_en":null}},{"type":"Feature","id":7679,"geometry":{"type":"Point","coordinates":[23.640071300000045,37.982256500000062]},"properties":{"OBJECTID":7679,"amenity":"school","name":"19ο Δημοτικό Σχολείο Νίκαιας","name_en":"19th Primary School of Nikaia"}},{"type":"Feature","id":7680,"geometry":{"type":"Point","coordinates":[23.672897100000057,38.025900500000034]},"properties":{"OBJECTID":7680,"amenity":"school","name":"39ο Νηπιαγωγείο Περιστερίου","name_en":null}},{"type":"Feature","id":7682,"geometry":{"type":"Point","coordinates":[23.708258000000058,37.952615600000058]},"properties":{"OBJECTID":7682,"amenity":"school","name":null,"name_en":null}},{"type":"Feature","id":7688,"geometry":{"type":"Point","coordinates":[23.675737000000026,38.022644200000059]},"properties":{"OBJECTID":7688,"amenity":"school","name":null,"name_en":null}},{"type":"Feature","id":7692,"geometry":{"type":"Point","coordinates":[23.680544000000054,38.021528700000033]},"properties":{"OBJECTID":7692,"amenity":"school","name":"39ο Δημοτικό Σχολείο Περιστερίου","name_en":null}},{"type":"Feature","id":7693,"geometry":{"type":"Point","coordinates":[23.680524700000035,38.021851000000026]},"properties":{"OBJECTID":7693,"amenity":"school","name":"25ο Δημοτικό Σχολείο Περιστερίου","name_en":null}},{"type":"Feature","id":7704,"geometry":{"type":"Point","coordinates":[23.676414900000054,38.020186500000079]},"properties":{"OBJECTID":7704,"amenity":"school","name":"30ο & 49ο Δημοτικά Σχολεία Περιστερίου","name_en":null}},{"type":"Feature","id":7715,"geometry":{"type":"Point","coordinates":[23.685403800000074,38.014678200000048]},"properties":{"OBJECTID":7715,"amenity":"school","name":"22ο Δημοτικό Σχολείο Περιστερίου","name_en":null}},{"type":"Feature","id":7718,"geometry":{"type":"Point","coordinates":[23.683024200000034,38.015533800000071]},"properties":{"OBJECTID":7718,"amenity":"school","name":"13ο Γυμνάσιο Περιστερίου","name_en":null}},{"type":"Feature","id":7724,"geometry":{"type":"Point","coordinates":[23.682459900000026,38.014752000000044]},"properties":{"OBJECTID":7724,"amenity":"school","name":"Εκπαιδευτήρια Υπατία - Σπύρος Παπαχαραλάμπους","name_en":null}},{"type":"Feature","id":7729,"geometry":{"type":"Point","coordinates":[23.674119400000052,38.015405000000044]},"properties":{"OBJECTID":7729,"amenity":"school","name":"6ο Γυμνάσιο Περιστερίου","name_en":null}},{"type":"Feature","id":7730,"geometry":{"type":"Point","coordinates":[23.673174200000062,38.015070900000069]},"properties":{"OBJECTID":7730,"amenity":"school","name":"6ο & 8ο Λύκεια Περιστερίου","name_en":null}},{"type":"Feature","id":7732,"geometry":{"type":"Point","coordinates":[23.775681500000076,38.328506200000049]},"properties":{"OBJECTID":7732,"amenity":"school","name":"1ο Γυμνάσιο Σκάλας Ωρωπού","name_en":null}},{"type":"Feature","id":7733,"geometry":{"type":"Point","coordinates":[23.809782700000028,38.31974050000008]},"properties":{"OBJECTID":7733,"amenity":"school","name":"ΕΠΑΛ Μαρκοπούλου Ωρωπού","name_en":null}},{"type":"Feature","id":7736,"geometry":{"type":"Point","coordinates":[23.66900430000004,38.01808120000004]},"properties":{"OBJECTID":7736,"amenity":"school","name":"Σχολή Ανώτερης Επαγγελματικής Κατάρτισης Χαϊδαρίου","name_en":null}},{"type":"Feature","id":7737,"geometry":{"type":"Point","coordinates":[23.674726700000065,38.016686100000072]},"properties":{"OBJECTID":7737,"amenity":"school","name":"18ο Δημοτικό Σχολείο Περιστερίου","name_en":null}},{"type":"Feature","id":7739,"geometry":{"type":"Point","coordinates":[23.666447400000038,38.013290500000039]},"properties":{"OBJECTID":7739,"amenity":"school","name":"4ο Δημοτικό Σχολείο Χαϊδαρίου","name_en":null}},{"type":"Feature","id":7747,"geometry":{"type":"Point","coordinates":[23.651154100000042,38.017592600000057]},"properties":{"OBJECTID":7747,"amenity":"school","name":"\"Πολύτροπη Αρμονία\" Ιδιωτικό Λύκειο","name_en":null}},{"type":"Feature","id":7754,"geometry":{"type":"Point","coordinates":[23.645677800000044,38.011450400000058]},"properties":{"OBJECTID":7754,"amenity":"school","name":"\"Πολύτροπη Αρμονία\" Ιδιωτικό Γυμνάσιο","name_en":null}},{"type":"Feature","id":7755,"geometry":{"type":"Point","coordinates":[23.645571400000051,38.012169000000029]},"properties":{"OBJECTID":7755,"amenity":"school","name":"\"Νέα Παιδεία\" Ιδιωτικά Εκπαιδευτήρια","name_en":null}},{"type":"Feature","id":7778,"geometry":{"type":"Point","coordinates":[23.650128500000051,38.014305800000045]},"properties":{"OBJECTID":7778,"amenity":"school","name":null,"name_en":null}},{"type":"Feature","id":7779,"geometry":{"type":"Point","coordinates":[23.650071500000024,38.014177300000028]},"properties":{"OBJECTID":7779,"amenity":"school","name":"8ο Δημοτικός Σχολείο Χαϊδαρίου","name_en":null}},{"type":"Feature","id":7783,"geometry":{"type":"Point","coordinates":[23.646047300000077,38.015595500000074]},"properties":{"OBJECTID":7783,"amenity":"school","name":"11ο Δημοτικό Σχολείο Χαϊδαρίου","name_en":null}},{"type":"Feature","id":7784,"geometry":{"type":"Point","coordinates":[23.865247200000056,37.999760200000026]},"properties":{"OBJECTID":7784,"amenity":"school","name":null,"name_en":null}},{"type":"Feature","id":7785,"geometry":{"type":"Point","coordinates":[23.866610600000058,37.99951290000007]},"properties":{"OBJECTID":7785,"amenity":"school","name":null,"name_en":null}},{"type":"Feature","id":7786,"geometry":{"type":"Point","coordinates":[23.865882500000055,37.998858200000029]},"properties":{"OBJECTID":7786,"amenity":"school","name":null,"name_en":null}},{"type":"Feature","id":7787,"geometry":{"type":"Point","coordinates":[23.867513200000076,38.000752500000033]},"properties":{"OBJECTID":7787,"amenity":"school","name":null,"name_en":null}},{"type":"Feature","id":7788,"geometry":{"type":"Point","coordinates":[23.894615300000055,38.009085500000026]},"properties":{"OBJECTID":7788,"amenity":"school","name":null,"name_en":null}},{"type":"Feature","id":7795,"geometry":{"type":"Point","coordinates":[23.633984000000055,38.016045000000076]},"properties":{"OBJECTID":7795,"amenity":"school","name":null,"name_en":null}},{"type":"Feature","id":7803,"geometry":{"type":"Point","coordinates":[23.892080800000031,38.014596400000073]},"properties":{"OBJECTID":7803,"amenity":"school","name":null,"name_en":null}},{"type":"Feature","id":7807,"geometry":{"type":"Point","coordinates":[23.707037900000046,38.06224160000005]},"properties":{"OBJECTID":7807,"amenity":"school","name":null,"name_en":null}},{"type":"Feature","id":7814,"geometry":{"type":"Point","coordinates":[23.804645500000049,37.830949200000077]},"properties":{"OBJECTID":7814,"amenity":"school","name":null,"name_en":null}},{"type":"Feature","id":7815,"geometry":{"type":"Point","coordinates":[23.805331900000056,37.830340300000046]},"properties":{"OBJECTID":7815,"amenity":"school","name":"1ο ΕΠΑΛ Βάρης","name_en":null}},{"type":"Feature","id":7828,"geometry":{"type":"Point","coordinates":[23.739291800000046,38.11080190000007]},"properties":{"OBJECTID":7828,"amenity":"school","name":null,"name_en":null}},{"type":"Feature","id":7829,"geometry":{"type":"Point","coordinates":[23.686689000000058,38.010937900000044]},"properties":{"OBJECTID":7829,"amenity":"school","name":"27ο & 45ο Δημοτικά Σχολεία Περιστερίου","name_en":null}},{"type":"Feature","id":7830,"geometry":{"type":"Point","coordinates":[23.68600680000003,38.01157580000006]},"properties":{"OBJECTID":7830,"amenity":"school","name":null,"name_en":null}},{"type":"Feature","id":7831,"geometry":{"type":"Point","coordinates":[23.802499300000022,37.830450700000029]},"properties":{"OBJECTID":7831,"amenity":"school","name":null,"name_en":null}},{"type":"Feature","id":7832,"geometry":{"type":"Point","coordinates":[23.687854800000025,38.008717100000069]},"properties":{"OBJECTID":7832,"amenity":"school","name":"7ο Δημοτικό Σχολείο Περιστερίου","name_en":null}},{"type":"Feature","id":7846,"geometry":{"type":"Point","coordinates":[23.68065370000005,38.007646100000045]},"properties":{"OBJECTID":7846,"amenity":"school","name":"9ο Δημοτικό Σχολείο Περιστερίου","name_en":null}},{"type":"Feature","id":7847,"geometry":{"type":"Point","coordinates":[23.680924300000072,38.008114300000045]},"properties":{"OBJECTID":7847,"amenity":"school","name":"15ο Γυμνάσιο Περιστερίου","name_en":null}},{"type":"Feature","id":7853,"geometry":{"type":"Point","coordinates":[23.676526900000056,38.010344900000064]},"properties":{"OBJECTID":7853,"amenity":"school","name":null,"name_en":null}},{"type":"Feature","id":7856,"geometry":{"type":"Point","coordinates":[23.921907400000066,38.222233700000061]},"properties":{"OBJECTID":7856,"amenity":"school","name":null,"name_en":null}},{"type":"Feature","id":7879,"geometry":{"type":"Point","coordinates":[23.689207200000055,38.001446800000053]},"properties":{"OBJECTID":7879,"amenity":"school","name":"31ο Δημοτικό Σχολείο Περιστερίου","name_en":null}},{"type":"Feature","id":7883,"geometry":{"type":"Point","coordinates":[23.69433360000005,38.000283000000024]},"properties":{"OBJECTID":7883,"amenity":"school","name":null,"name_en":null}},{"type":"Feature","id":7891,"geometry":{"type":"Point","coordinates":[23.696443300000055,38.003093900000067]},"properties":{"OBJECTID":7891,"amenity":"school","name":"12ο Γυμνάσιο Περιστερίου","name_en":null}},{"type":"Feature","id":7895,"geometry":{"type":"Point","coordinates":[23.695616800000039,38.00363580000004]},"properties":{"OBJECTID":7895,"amenity":"school","name":"35ο Δημοτικό Σχολείο Περιστερίου","name_en":null}},{"type":"Feature","id":7919,"geometry":{"type":"Point","coordinates":[23.688065100000074,38.005147300000033]},"properties":{"OBJECTID":7919,"amenity":"school","name":"3ο Δημοτικό Σχολείο Περιστερίου","name_en":null}},{"type":"Feature","id":7923,"geometry":{"type":"Point","coordinates":[23.68983540000005,38.007190000000037]},"properties":{"OBJECTID":7923,"amenity":"school","name":"Ειδικό Εργαστήριο Επαγγελματικής Εκπαίδευσης και Κατάρτισης (ΕΕΕΕΚ) Περιστερίου","name_en":null}},{"type":"Feature","id":7924,"geometry":{"type":"Point","coordinates":[23.656909600000063,37.951329700000031]},"properties":{"OBJECTID":7924,"amenity":"school","name":"Γυμνάσιο Καμινίων","name_en":null}},{"type":"Feature","id":7930,"geometry":{"type":"Point","coordinates":[23.650845100000026,37.964323100000058]},"properties":{"OBJECTID":7930,"amenity":"school","name":null,"name_en":null}},{"type":"Feature","id":7931,"geometry":{"type":"Point","coordinates":[23.651242000000025,37.964397900000051]},"properties":{"OBJECTID":7931,"amenity":"school","name":"Δημοτικό Σχολείο \"Ζαβαριάν\"","name_en":null}},{"type":"Feature","id":7932,"geometry":{"type":"Point","coordinates":[23.690739700000051,38.007475000000056]},"properties":{"OBJECTID":7932,"amenity":"school","name":"Δημοτικό Σχολείο Εκπαιδευτήρια \"Ι. Τσιαμούλη\"","name_en":null}},{"type":"Feature","id":7933,"geometry":{"type":"Point","coordinates":[23.690419800000029,38.007977200000028]},"properties":{"OBJECTID":7933,"amenity":"school","name":"Δημοτικό Σχολείο Εκπαιδευτήρια \"Ι. Τσιαμούλη\"","name_en":null}},{"type":"Feature","id":7946,"geometry":{"type":"Point","coordinates":[23.691175800000053,38.01263240000003]},"properties":{"OBJECTID":7946,"amenity":"school","name":"4ο Δημοτικό Σχολείο Περιστερίου","name_en":null}},{"type":"Feature","id":7956,"geometry":{"type":"Point","coordinates":[23.700752600000044,38.015863700000068]},"properties":{"OBJECTID":7956,"amenity":"school","name":"Εκπαιδευτήρια \"Αυγουλέα - Λιναρδάτου\"","name_en":null}},{"type":"Feature","id":7957,"geometry":{"type":"Point","coordinates":[23.700935600000037,38.015033600000038]},"properties":{"OBJECTID":7957,"amenity":"school","name":"Εκπαιδευτήρια \"Αυγουλέα - Λιναρδάτου\"","name_en":null}},{"type":"Feature","id":7958,"geometry":{"type":"Point","coordinates":[23.699190100000067,38.007565000000056]},"properties":{"OBJECTID":7958,"amenity":"school","name":"1ο Δημοτικό Σχολείο Περιστερίου","name_en":null}},{"type":"Feature","id":7971,"geometry":{"type":"Point","coordinates":[23.843531700000028,38.033185600000024]},"properties":{"OBJECTID":7971,"amenity":"school","name":null,"name_en":null}},{"type":"Feature","id":7977,"geometry":{"type":"Point","coordinates":[23.703754700000047,38.005689000000075]},"properties":{"OBJECTID":7977,"amenity":"school","name":"13ο Γενικό Λύκειο Περιστερίου","name_en":null}},{"type":"Feature","id":7990,"geometry":{"type":"Point","coordinates":[23.708974900000044,38.00809890000005]},"properties":{"OBJECTID":7990,"amenity":"school","name":"19ο Δημοτικό Σχολείο Περιστερίου","name_en":null}},{"type":"Feature","id":7992,"geometry":{"type":"Point","coordinates":[23.70906720000005,38.008226300000047]},"properties":{"OBJECTID":7992,"amenity":"school","name":null,"name_en":null}},{"type":"Feature","id":7995,"geometry":{"type":"Point","coordinates":[23.751197800000057,37.997070500000063]},"properties":{"OBJECTID":7995,"amenity":"school","name":"102ο Δημοτικό Σχολείο","name_en":null}},{"type":"Feature","id":7996,"geometry":{"type":"Point","coordinates":[23.751409200000069,37.997378900000058]},"properties":{"OBJECTID":7996,"amenity":"school","name":"121ο Δημοτικό Σχολείο","name_en":null}},{"type":"Feature","id":8066,"geometry":{"type":"Point","coordinates":[23.695711800000026,38.024630500000058]},"properties":{"OBJECTID":8066,"amenity":"school","name":"21ο Δημοτικό Σχολείο Ιλίου \"Νεστόριο\"","name_en":null}},{"type":"Feature","id":8073,"geometry":{"type":"Point","coordinates":[23.721607200000051,37.990550100000064]},"properties":{"OBJECTID":8073,"amenity":"school","name":"4ο Γυμνάσιο-Λύκειο Αθηνών","name_en":null}},{"type":"Feature","id":8232,"geometry":{"type":"Point","coordinates":[23.659376500000064,37.944622800000047]},"properties":{"OBJECTID":8232,"amenity":"school","name":"2ο Γυμνάσιο Πειραιά","name_en":null}},{"type":"Feature","id":8233,"geometry":{"type":"Point","coordinates":[23.658113400000047,37.944202400000052]},"properties":{"OBJECTID":8233,"amenity":"school","name":"Ράλλεια Πειραματικά Δημοτικά Σχολεία","name_en":null}},{"type":"Feature","id":8234,"geometry":{"type":"Point","coordinates":[23.659402600000078,37.944450600000039]},"properties":{"OBJECTID":8234,"amenity":"school","name":"2ο Ενιαίο Λύκειο Πειραιά","name_en":null}},{"type":"Feature","id":8235,"geometry":{"type":"Point","coordinates":[23.658065300000032,37.944526400000029]},"properties":{"OBJECTID":8235,"amenity":"school","name":"36o Δημοτικό Σχολείο Πειραιά","name_en":null}},{"type":"Feature","id":8236,"geometry":{"type":"Point","coordinates":[23.658167100000071,37.943986600000073]},"properties":{"OBJECTID":8236,"amenity":"school","name":"35ο Δημοτικό Σχολείο Πειραιά","name_en":null}},{"type":"Feature","id":8289,"geometry":{"type":"Point","coordinates":[23.333008900000038,37.996243800000059]},"properties":{"OBJECTID":8289,"amenity":"school","name":"5o Δημοτικο Σχολείο","name_en":null}},{"type":"Feature","id":8330,"geometry":{"type":"Point","coordinates":[23.454603000000077,37.50088640000007]},"properties":{"OBJECTID":8330,"amenity":"school","name":null,"name_en":null}},{"type":"Feature","id":8357,"geometry":{"type":"Point","coordinates":[23.709948800000063,38.023945800000035]},"properties":{"OBJECTID":8357,"amenity":"school","name":"3ο Δημοτικό Σχολείου Ιλίου","name_en":null}},{"type":"Feature","id":8589,"geometry":{"type":"Point","coordinates":[23.940480900000068,37.737803800000052]},"properties":{"OBJECTID":8589,"amenity":"school","name":"Γυμνάσιο Αναβύσσου","name_en":null}},{"type":"Feature","id":8592,"geometry":{"type":"Point","coordinates":[23.922434600000031,37.741418300000078]},"properties":{"OBJECTID":8592,"amenity":"school","name":"Δημοτικό","name_en":null}},{"type":"Feature","id":8654,"geometry":{"type":"Point","coordinates":[23.785024600000042,38.321625900000072]},"properties":{"OBJECTID":8654,"amenity":"school","name":null,"name_en":null}},{"type":"Feature","id":8656,"geometry":{"type":"Point","coordinates":[23.720380200000022,38.023394500000052]},"properties":{"OBJECTID":8656,"amenity":"school","name":"6ο Δημοτικό","name_en":null}},{"type":"Feature","id":8928,"geometry":{"type":"Point","coordinates":[23.739742100000058,37.998219800000072]},"properties":{"OBJECTID":8928,"amenity":"school","name":"86ο Δημοτικό Σχολείο Αθηνών","name_en":"86th Elementary School Athens"}},{"type":"Feature","id":9028,"geometry":{"type":"Point","coordinates":[23.816066000000035,38.011974900000041]},"properties":{"OBJECTID":9028,"amenity":"school","name":"Πρότυπο Ωδείο Ανατολικής Αττικής","name_en":null}},{"type":"Feature","id":9064,"geometry":{"type":"Point","coordinates":[23.716034600000057,38.085573300000078]},"properties":{"OBJECTID":9064,"amenity":"school","name":"6ο Δημοτικό Σχολείο Άνω Λιοσίων","name_en":null}},{"type":"Feature","id":9097,"geometry":{"type":"Point","coordinates":[23.543088600000033,38.046382400000027]},"properties":{"OBJECTID":9097,"amenity":"school","name":"11ο Δημοτικό Σχολείο Ελευσίνας","name_en":null}},{"type":"Feature","id":9098,"geometry":{"type":"Point","coordinates":[23.537918500000046,38.051224500000046]},"properties":{"OBJECTID":9098,"amenity":"school","name":"1ο Γυμνάσιο Ελευσίνας","name_en":null}},{"type":"Feature","id":9099,"geometry":{"type":"Point","coordinates":[23.538460300000054,38.051372400000048]},"properties":{"OBJECTID":9099,"amenity":"school","name":"3ο Γυμνάσιο Ελευσίνας","name_en":null}},{"type":"Feature","id":9129,"geometry":{"type":"Point","coordinates":[23.732683700000052,37.974542300000053]},"properties":{"OBJECTID":9129,"amenity":"school","name":null,"name_en":null}},{"type":"Feature","id":9161,"geometry":{"type":"Point","coordinates":[23.825773300000037,38.019191800000044]},"properties":{"OBJECTID":9161,"amenity":"school","name":"4ο Δημοτικό Σχολείο Αγίας Παρασκευής","name_en":null}},{"type":"Feature","id":9169,"geometry":{"type":"Point","coordinates":[23.732584900000063,38.305166300000053]},"properties":{"OBJECTID":9169,"amenity":"school","name":null,"name_en":null}},{"type":"Feature","id":9176,"geometry":{"type":"Point","coordinates":[23.558169400000054,37.965447600000061]},"properties":{"OBJECTID":9176,"amenity":"school","name":"1ο Ενιαίο Λύκειο Περάματος","name_en":null}},{"type":"Feature","id":9177,"geometry":{"type":"Point","coordinates":[23.558475200000032,37.965189600000031]},"properties":{"OBJECTID":9177,"amenity":"school","name":"1ο Γυμνάσιο Περάματος","name_en":null}},{"type":"Feature","id":9232,"geometry":{"type":"Point","coordinates":[23.642223700000045,37.936501900000053]},"properties":{"OBJECTID":9232,"amenity":"school","name":"1ο Γενικό Λύκειο Πειραιά","name_en":null}},{"type":"Feature","id":9233,"geometry":{"type":"Point","coordinates":[23.642390500000033,37.936418400000036]},"properties":{"OBJECTID":9233,"amenity":"school","name":"1ο Γυμνάσιο Πειραιά","name_en":null}},{"type":"Feature","id":9234,"geometry":{"type":"Point","coordinates":[23.642379600000027,37.93668480000008]},"properties":{"OBJECTID":9234,"amenity":"school","name":"6ο Γενικό Λύκειο Πειραιά","name_en":null}},{"type":"Feature","id":9235,"geometry":{"type":"Point","coordinates":[23.642549200000076,37.936598200000049]},"properties":{"OBJECTID":9235,"amenity":"school","name":"6ο Γυμνάσιο Πειραιά","name_en":null}},{"type":"Feature","id":9251,"geometry":{"type":"Point","coordinates":[23.757122400000071,38.128594600000042]},"properties":{"OBJECTID":9251,"amenity":"school","name":null,"name_en":null}},{"type":"Feature","id":9267,"geometry":{"type":"Point","coordinates":[23.631759300000056,37.935371900000064]},"properties":{"OBJECTID":9267,"amenity":"school","name":"1ο Γενικό Λύκειο Καλλίπολης","name_en":null}},{"type":"Feature","id":9268,"geometry":{"type":"Point","coordinates":[23.631703400000049,37.935605600000031]},"properties":{"OBJECTID":9268,"amenity":"school","name":"1ο Γυμνάσιο Καλλίπολης","name_en":null}},{"type":"Feature","id":9269,"geometry":{"type":"Point","coordinates":[23.631026500000075,37.935801500000025]},"properties":{"OBJECTID":9269,"amenity":"school","name":"22ο Νηπιαγωγείο Πειραιά","name_en":null}},{"type":"Feature","id":9270,"geometry":{"type":"Point","coordinates":[23.631323000000066,37.935843400000067]},"properties":{"OBJECTID":9270,"amenity":"school","name":"32ο Δημοτικό Σχολείο Πειραιά","name_en":null}},{"type":"Feature","id":9271,"geometry":{"type":"Point","coordinates":[23.631634000000076,37.935896600000035]},"properties":{"OBJECTID":9271,"amenity":"school","name":"48ο Δημοτικό Σχολείο Πειραιά","name_en":null}},{"type":"Feature","id":9272,"geometry":{"type":"Point","coordinates":[23.632401700000059,37.936994900000059]},"properties":{"OBJECTID":9272,"amenity":"school","name":"56ο Δημοτικό Σχολείο Πειραιά","name_en":null}},{"type":"Feature","id":9385,"geometry":{"type":"Point","coordinates":[23.689716700000076,38.097971400000063]},"properties":{"OBJECTID":9385,"amenity":"school","name":"5ο Δημοτικό","name_en":null}},{"type":"Feature","id":9387,"geometry":{"type":"Point","coordinates":[23.686803000000054,38.09084740000003]},"properties":{"OBJECTID":9387,"amenity":"school","name":"3ο Γυμνάσιο","name_en":null}},{"type":"Feature","id":9407,"geometry":{"type":"Point","coordinates":[23.652262700000051,37.958073500000069]},"properties":{"OBJECTID":9407,"amenity":"school","name":"18 Δημοτικό","name_en":null}},{"type":"Feature","id":9410,"geometry":{"type":"Point","coordinates":[23.690548900000067,38.093241400000068]},"properties":{"OBJECTID":9410,"amenity":"school","name":"2ο Λύκειο","name_en":null}},{"type":"Feature","id":9415,"geometry":{"type":"Point","coordinates":[23.716379900000049,38.069336100000044]},"properties":{"OBJECTID":9415,"amenity":"school","name":"4 Δημοτικό Σχολείο Ζεφυρίου","name_en":null}},{"type":"Feature","id":9417,"geometry":{"type":"Point","coordinates":[23.700101700000062,38.067316700000049]},"properties":{"OBJECTID":9417,"amenity":"school","name":"3ο Δημοτικό","name_en":null}},{"type":"Feature","id":9418,"geometry":{"type":"Point","coordinates":[23.699088400000051,38.068065900000079]},"properties":{"OBJECTID":9418,"amenity":"school","name":"4ο Γυμνάσιο","name_en":null}},{"type":"Feature","id":9437,"geometry":{"type":"Point","coordinates":[23.96643030000007,38.20268150000004]},"properties":{"OBJECTID":9437,"amenity":"school","name":"Δημοτικό Σχολείο Γραμματικού","name_en":null}},{"type":"Feature","id":9477,"geometry":{"type":"Point","coordinates":[23.754262500000038,37.98552310000008]},"properties":{"OBJECTID":9477,"amenity":"school","name":"2ο Πειραματικό Ενιαίο  Λύκειο Αθηνών","name_en":null}},{"type":"Feature","id":9643,"geometry":{"type":"Point","coordinates":[23.962609500000042,38.152957100000037]},"properties":{"OBJECTID":9643,"amenity":"school","name":"Γενικό Λύκειο Μαραθώνα","name_en":null}},{"type":"Feature","id":9646,"geometry":{"type":"Point","coordinates":[23.851893100000041,38.006114400000058]},"properties":{"OBJECTID":9646,"amenity":"school","name":"1ος Δημοτικός Βρεφονηπιακός Σταθμός Γλυκών Νερών","name_en":null}},{"type":"Feature","id":9676,"geometry":{"type":"Point","coordinates":[23.721779300000037,38.080656700000077]},"properties":{"OBJECTID":9676,"amenity":"school","name":null,"name_en":null}},{"type":"Feature","id":10831,"geometry":{"type":"Point","coordinates":[23.701638600000024,37.924463400000036]},"properties":{"OBJECTID":10831,"amenity":"school","name":"2ο Δημοτικό Σχολείο Παλαιού Φαλήρου","name_en":null}},{"type":"Feature","id":11071,"geometry":{"type":"Point","coordinates":[23.634025200000053,37.95413510000003]},"properties":{"OBJECTID":11071,"amenity":"school","name":"9ο Δημοτικό Σχολείο Πειραιά","name_en":null}},{"type":"Feature","id":11072,"geometry":{"type":"Point","coordinates":[23.634552000000042,37.954274100000077]},"properties":{"OBJECTID":11072,"amenity":"school","name":"11ο Δημοτικό Σχολείο Πειραιά","name_en":null}},{"type":"Feature","id":11118,"geometry":{"type":"Point","coordinates":[23.795216500000038,37.834452100000078]},"properties":{"OBJECTID":11118,"amenity":"school","name":"2ο Γυμνάσιο Βάρης","name_en":null}},{"type":"Feature","id":11349,"geometry":{"type":"Point","coordinates":[23.719634000000042,37.979491500000051]},"properties":{"OBJECTID":11349,"amenity":"school","name":null,"name_en":null}},{"type":"Feature","id":11471,"geometry":{"type":"Point","coordinates":[23.644012600000053,37.936322300000029]},"properties":{"OBJECTID":11471,"amenity":"school","name":"Δελασάλ","name_en":null}},{"type":"Feature","id":11531,"geometry":{"type":"Point","coordinates":[23.646329300000048,37.94056930000005]},"properties":{"OBJECTID":11531,"amenity":"school","name":"13ο Γενικό Λύκειο Πειραιά","name_en":null}},{"type":"Feature","id":11694,"geometry":{"type":"Point","coordinates":[23.809354100000064,38.053898300000071]},"properties":{"OBJECTID":11694,"amenity":"school","name":"Φροντιστήριο Ώθηση","name_en":null}},{"type":"Feature","id":11705,"geometry":{"type":"Point","coordinates":[23.706524500000057,38.026705700000036]},"properties":{"OBJECTID":11705,"amenity":"school","name":null,"name_en":null}},{"type":"Feature","id":11716,"geometry":{"type":"Point","coordinates":[23.74014070000004,37.964272600000072]},"properties":{"OBJECTID":11716,"amenity":"school","name":"10ο Νηπιαγωγείο Αθηνών","name_en":null}},{"type":"Feature","id":11717,"geometry":{"type":"Point","coordinates":[23.740142700000035,37.964327400000059]},"properties":{"OBJECTID":11717,"amenity":"school","name":"13ο Δημοτικό Σχολείο Αθηνών","name_en":null}},{"type":"Feature","id":11718,"geometry":{"type":"Point","coordinates":[23.740155000000073,37.964377300000081]},"properties":{"OBJECTID":11718,"amenity":"school","name":"17ο Γενικό Ενιαίο Γυμνάσιο","name_en":null}},{"type":"Feature","id":11719,"geometry":{"type":"Point","coordinates":[23.740124300000048,37.96419700000007]},"properties":{"OBJECTID":11719,"amenity":"school","name":"17ο Γενικό Ενιαίο Λύκειο","name_en":null}},{"type":"Feature","id":11793,"geometry":{"type":"Point","coordinates":[23.728182000000061,38.033878300000026]},"properties":{"OBJECTID":11793,"amenity":"school","name":null,"name_en":null}},{"type":"Feature","id":11795,"geometry":{"type":"Point","coordinates":[23.724022400000024,38.053045500000053]},"properties":{"OBJECTID":11795,"amenity":"school","name":"6ο Δημοτικό Καματερού","name_en":null}},{"type":"Feature","id":11889,"geometry":{"type":"Point","coordinates":[23.733475500000054,38.004374000000041]},"properties":{"OBJECTID":11889,"amenity":"school","name":"21ο Δημοτικό Σχολείο \"Λέλα Καραγιάννη\"","name_en":null}},{"type":"Feature","id":11890,"geometry":{"type":"Point","coordinates":[23.731934500000023,38.008742000000041]},"properties":{"OBJECTID":11890,"amenity":"school","name":"4ο Ειδικό Δημοτικό Σχολείο Αθηνών","name_en":null}},{"type":"Feature","id":12048,"geometry":{"type":"Point","coordinates":[23.733103100000051,38.006928100000039]},"properties":{"OBJECTID":12048,"amenity":"school","name":"41 Γυμνάσιο Αθηνών","name_en":null}},{"type":"Feature","id":12276,"geometry":{"type":"Point","coordinates":[23.735318900000038,37.980686200000036]},"properties":{"OBJECTID":12276,"amenity":"school","name":"Πολιτιστικό Κέντρο \u003cΚωστής Παλαμάς\u003e","name_en":null}},{"type":"Feature","id":12333,"geometry":{"type":"Point","coordinates":[23.692582000000073,37.955877500000042]},"properties":{"OBJECTID":12333,"amenity":"school","name":"\"Σχήμα\"","name_en":null}},{"type":"Feature","id":12966,"geometry":{"type":"Point","coordinates":[23.688559400000031,37.945526600000051]},"properties":{"OBJECTID":12966,"amenity":"school","name":"Φροντιστήριο Ξένων Γλωσσών «Αθανασίου Ευμορφία»","name_en":null}},{"type":"Feature","id":12967,"geometry":{"type":"Point","coordinates":[23.68953840000006,37.945339500000046]},"properties":{"OBJECTID":12967,"amenity":"school","name":"Φροντιστήριο Ξένων Γλωσσών \"A&P\"","name_en":null}},{"type":"Feature","id":12971,"geometry":{"type":"Point","coordinates":[23.708631700000069,37.959523100000069]},"properties":{"OBJECTID":12971,"amenity":"school","name":null,"name_en":null}},{"type":"Feature","id":12972,"geometry":{"type":"Point","coordinates":[23.70503640000004,37.957098400000064]},"properties":{"OBJECTID":12972,"amenity":"school","name":"Πρόοδος","name_en":null}},{"type":"Feature","id":12973,"geometry":{"type":"Point","coordinates":[23.707882600000062,37.954660500000045]},"properties":{"OBJECTID":12973,"amenity":"school","name":null,"name_en":null}},{"type":"Feature","id":13013,"geometry":{"type":"Point","coordinates":[23.836650700000064,38.033141300000068]},"properties":{"OBJECTID":13013,"amenity":"school","name":"1o Λύκειο Βριλησσίων","name_en":null}},{"type":"Feature","id":13014,"geometry":{"type":"Point","coordinates":[23.837108000000057,38.033468800000037]},"properties":{"OBJECTID":13014,"amenity":"school","name":"1ο Γυμνάσιο Βριλησσίων","name_en":null}},{"type":"Feature","id":13072,"geometry":{"type":"Point","coordinates":[23.843664000000047,38.033281600000066]},"properties":{"OBJECTID":13072,"amenity":"school","name":"16o Δημοτικό Σχολείο Χαλανδρίου","name_en":null}},{"type":"Feature","id":13099,"geometry":{"type":"Point","coordinates":[23.824316200000055,38.038398200000074]},"properties":{"OBJECTID":13099,"amenity":"school","name":"Εκπαιδευτήρια Καντά - Γυμνάσιο & Λύκειο","name_en":null}},{"type":"Feature","id":13101,"geometry":{"type":"Point","coordinates":[23.825905700000078,38.03818410000008]},"properties":{"OBJECTID":13101,"amenity":"school","name":"Εκπαιδευτήρια Καντά - Δημοτικό","name_en":null}},{"type":"Feature","id":13104,"geometry":{"type":"Point","coordinates":[23.82830830000006,38.041277600000058]},"properties":{"OBJECTID":13104,"amenity":"school","name":"4o Δημοτικό Σχολείο Βριλησσίων","name_en":null}},{"type":"Feature","id":13113,"geometry":{"type":"Point","coordinates":[23.847220600000071,38.045590200000049]},"properties":{"OBJECTID":13113,"amenity":"school","name":"2ο Νηπιαγωγείο Βριλησσίων","name_en":null}},{"type":"Feature","id":13114,"geometry":{"type":"Point","coordinates":[23.847586700000022,38.044854000000043]},"properties":{"OBJECTID":13114,"amenity":"school","name":"2ο Δημοτικό Σχολείο Βριλησσίων","name_en":null}},{"type":"Feature","id":13121,"geometry":{"type":"Point","coordinates":[23.801737100000025,38.000999800000045]},"properties":{"OBJECTID":13121,"amenity":"school","name":"4ο Δημοτικό Χολαργού","name_en":null}},{"type":"Feature","id":13133,"geometry":{"type":"Point","coordinates":[23.809952300000077,38.016883500000063]},"properties":{"OBJECTID":13133,"amenity":"school","name":"2ο ΕΠΑΛ Χαλανδρίου","name_en":null}},{"type":"Feature","id":13141,"geometry":{"type":"Point","coordinates":[23.799020600000063,38.014949400000035]},"properties":{"OBJECTID":13141,"amenity":"school","name":"4ο & 8ο Δημοτικό Σχολείο Χαλανδρίου","name_en":null}},{"type":"Feature","id":13150,"geometry":{"type":"Point","coordinates":[23.799135300000046,38.010715800000071]},"properties":{"OBJECTID":13150,"amenity":"school","name":"5ο Γυμνάσιο Χαλανδρίου","name_en":null}},{"type":"Feature","id":13153,"geometry":{"type":"Point","coordinates":[23.797573300000067,38.009651400000052]},"properties":{"OBJECTID":13153,"amenity":"school","name":"10ο Δημοτικό Σχολείο Χαλανδρίου","name_en":null}},{"type":"Feature","id":13155,"geometry":{"type":"Point","coordinates":[23.797657800000025,38.009762300000034]},"properties":{"OBJECTID":13155,"amenity":"school","name":"7ο Δημοτικό Σχολείο Χαλανδρίου","name_en":null}},{"type":"Feature","id":13163,"geometry":{"type":"Point","coordinates":[23.814648500000033,38.018259900000032]},"properties":{"OBJECTID":13163,"amenity":"school","name":"ACS Athens - American Community Schools","name_en":null}},{"type":"Feature","id":13165,"geometry":{"type":"Point","coordinates":[23.81922000000003,38.017012700000066]},"properties":{"OBJECTID":13165,"amenity":"school","name":"2ο Ενιαίο Λύκειο Αγ. ΠΑρασκευής","name_en":null}},{"type":"Feature","id":13171,"geometry":{"type":"Point","coordinates":[23.821208400000046,38.020910700000059]},"properties":{"OBJECTID":13171,"amenity":"school","name":"Εκπαιδευτικό Ίδρυμα Γεώργιου Κουρτέση","name_en":null}},{"type":"Feature","id":13178,"geometry":{"type":"Point","coordinates":[23.824593400000026,38.016298800000072]},"properties":{"OBJECTID":13178,"amenity":"school","name":"11ο Δημοτικό Σχολείο Αγ. Παρασκευής","name_en":null}},{"type":"Feature","id":13180,"geometry":{"type":"Point","coordinates":[23.824699300000077,38.016134000000079]},"properties":{"OBJECTID":13180,"amenity":"school","name":"5ο Δημοτικό Σχολείο Αγ. Παρασκευής","name_en":null}},{"type":"Feature","id":13181,"geometry":{"type":"Point","coordinates":[23.825933300000031,38.019403800000077]},"properties":{"OBJECTID":13181,"amenity":"school","name":"10ο Δημοτικό Σχολείο Αγίας Παρασκευής","name_en":null}},{"type":"Feature","id":13227,"geometry":{"type":"Point","coordinates":[23.814233800000068,38.00653230000006]},"properties":{"OBJECTID":13227,"amenity":"school","name":"1ο Γυμνάσιο Αγίας Παρασκευής","name_en":null}},{"type":"Feature","id":13229,"geometry":{"type":"Point","coordinates":[23.813089500000046,38.006503900000041]},"properties":{"OBJECTID":13229,"amenity":"school","name":"6ο Δημοτικό Σχολείο Αγίας Παρασκευής","name_en":null}},{"type":"Feature","id":13268,"geometry":{"type":"Point","coordinates":[23.811542200000076,38.003096300000038]},"properties":{"OBJECTID":13268,"amenity":"school","name":"3ο Δημοτικό Σχολείο Αγίας Παρασκευής","name_en":null}},{"type":"Feature","id":13273,"geometry":{"type":"Point","coordinates":[23.808618800000033,38.003913600000033]},"properties":{"OBJECTID":13273,"amenity":"school","name":"5ο Γυμνάσιο Αγ. Παρασκευής","name_en":"5th Gymnasium of Agia Paraskevi"}},{"type":"Feature","id":13274,"geometry":{"type":"Point","coordinates":[23.808407000000045,38.006398200000035]},"properties":{"OBJECTID":13274,"amenity":"school","name":"4ο Ενιαίο Λύκειο Αγ. Παρασκευής","name_en":null}},{"type":"Feature","id":13318,"geometry":{"type":"Point","coordinates":[23.76818140000006,38.004627700000071]},"properties":{"OBJECTID":13318,"amenity":"school","name":"ΔΗΜΟΤΙΚΟ ΣΧΟΛΕΙΟ ΙΣΡΑΗΛΙΝΗΣ ΚΟΙΝΟΤΗΤΑΣ ΑΘΗΝΑΣ","name_en":null}},{"type":"Feature","id":13321,"geometry":{"type":"Point","coordinates":[23.779248100000075,37.998427700000036]},"properties":{"OBJECTID":13321,"amenity":"school","name":"3ο & 4ο Δημοτικό Σχολείο Νέου Ψυχικού","name_en":null}},{"type":"Feature","id":13323,"geometry":{"type":"Point","coordinates":[23.77832090000004,37.998974800000042]},"properties":{"OBJECTID":13323,"amenity":"school","name":"2ο Γυμνάσιο Νέου Ψυχικού","name_en":null}},{"type":"Feature","id":13324,"geometry":{"type":"Point","coordinates":[23.778687800000057,37.999652200000071]},"properties":{"OBJECTID":13324,"amenity":"school","name":"1ο & 2ο Ενιαίο Λύκειο Νέου Ψυχικού","name_en":null}},{"type":"Feature","id":13531,"geometry":{"type":"Point","coordinates":[23.66636230000006,37.946487300000058]},"properties":{"OBJECTID":13531,"amenity":"school","name":"12ος Δημοτικός Σταθμός Φαλήρου","name_en":null}},{"type":"Feature","id":13544,"geometry":{"type":"Point","coordinates":[23.779419500000074,38.037258200000053]},"properties":{"OBJECTID":13544,"amenity":"school","name":"6ο Γυμνάσιο Νέας Ιωνίας","name_en":null}},{"type":"Feature","id":13631,"geometry":{"type":"Point","coordinates":[23.865131000000076,37.981686000000025]},"properties":{"OBJECTID":13631,"amenity":"school","name":"Δημοτικό Κολλεγίου Αθηνών","name_en":null}},{"type":"Feature","id":13679,"geometry":{"type":"Point","coordinates":[23.720421200000033,37.962572600000044]},"properties":{"OBJECTID":13679,"amenity":"school","name":"Ελληνικό ωδείο - Παράρτημα Κουκακίου","name_en":null}},{"type":"Feature","id":13785,"geometry":{"type":"Point","coordinates":[23.703861400000051,37.994410300000027]},"properties":{"OBJECTID":13785,"amenity":"school","name":"3ο ΕΠΑΛ Αθηνών","name_en":null}},{"type":"Feature","id":13796,"geometry":{"type":"Point","coordinates":[23.699020400000052,37.953617800000075]},"properties":{"OBJECTID":13796,"amenity":"school","name":"Φροντιστήριο Κύβος","name_en":null}},{"type":"Feature","id":14272,"geometry":{"type":"Point","coordinates":[23.847859000000028,38.054112800000041]},"properties":{"OBJECTID":14272,"amenity":"school","name":"4ο Δημοτικό Σχολείο Μελισσίων","name_en":null}},{"type":"Feature","id":14302,"geometry":{"type":"Point","coordinates":[23.836546800000065,38.05018270000005]},"properties":{"OBJECTID":14302,"amenity":"school","name":"1ο Δημοτικό Σχολείο Μελισσίων","name_en":null}},{"type":"Feature","id":14303,"geometry":{"type":"Point","coordinates":[23.836774800000057,38.050068600000031]},"properties":{"OBJECTID":14303,"amenity":"school","name":"6ο Δημοτικό Σχολείο Μελισσίων","name_en":null}},{"type":"Feature","id":14317,"geometry":{"type":"Point","coordinates":[23.823464500000057,38.041839200000027]},"properties":{"OBJECTID":14317,"amenity":"school","name":"15ο Δημοτικό Σχολείο Αμαρουσίου","name_en":null}},{"type":"Feature","id":14523,"geometry":{"type":"Point","coordinates":[23.764417500000036,37.956018500000027]},"properties":{"OBJECTID":14523,"amenity":"school","name":"Polyglot","name_en":null}},{"type":"Feature","id":14752,"geometry":{"type":"Point","coordinates":[23.757773900000075,37.977909100000034]},"properties":{"OBJECTID":14752,"amenity":"school","name":"Χοροκίνηση","name_en":null}},{"type":"Feature","id":14831,"geometry":{"type":"Point","coordinates":[23.813941600000078,38.050872100000049]},"properties":{"OBJECTID":14831,"amenity":"school","name":"11ο Δημοτικό Σχολείο Αμαρουσίου","name_en":null}},{"type":"Feature","id":14840,"geometry":{"type":"Point","coordinates":[23.814919100000054,38.049185700000066]},"properties":{"OBJECTID":14840,"amenity":"school","name":"2ο Γενικό Λύκειο Αμαρουσίου","name_en":null}},{"type":"Feature","id":14933,"geometry":{"type":"Point","coordinates":[23.759008600000072,37.971146600000054]},"properties":{"OBJECTID":14933,"amenity":"school","name":"Δ Δημοτικός σταθμός Καισαριανής","name_en":null}},{"type":"Feature","id":14986,"geometry":{"type":"Point","coordinates":[23.726774000000034,37.966342600000075]},"properties":{"OBJECTID":14986,"amenity":"school","name":"Ωδείο Μουσικής Πράξης","name_en":null}},{"type":"Feature","id":15034,"geometry":{"type":"Point","coordinates":[23.853663400000073,37.954202200000054]},"properties":{"OBJECTID":15034,"amenity":"school","name":"1ο & 2ο Γυμνάσιο Παιανίας","name_en":null}},{"type":"Feature","id":15083,"geometry":{"type":"Point","coordinates":[23.843260400000077,38.05991750000004]},"properties":{"OBJECTID":15083,"amenity":"school","name":"2ο Γυμνάσιο Μελισσίων","name_en":null}},{"type":"Feature","id":15084,"geometry":{"type":"Point","coordinates":[23.843818300000066,38.060150900000053]},"properties":{"OBJECTID":15084,"amenity":"school","name":"3ο Δημοτικό Σχολείο Μελισσίων","name_en":null}},{"type":"Feature","id":15085,"geometry":{"type":"Point","coordinates":[23.844188400000064,38.060078000000033]},"properties":{"OBJECTID":15085,"amenity":"school","name":"5ο Δημοτικό Σχολείο Μελισσίων","name_en":null}},{"type":"Feature","id":15130,"geometry":{"type":"Point","coordinates":[23.764351800000043,37.999209000000064]},"properties":{"OBJECTID":15130,"amenity":"school","name":"Μοντεσσοριανή Σχολή Αθηνών","name_en":null}},{"type":"Feature","id":15132,"geometry":{"type":"Point","coordinates":[23.762627800000075,37.999966800000038]},"properties":{"OBJECTID":15132,"amenity":"school","name":"107o Δημοτικό Σχολείο Αθηνών","name_en":null}},{"type":"Feature","id":15143,"geometry":{"type":"Point","coordinates":[23.763954700000056,37.990111600000034]},"properties":{"OBJECTID":15143,"amenity":"school","name":"18ο Δημοτικό Σχολείο Αθηνών","name_en":null}},{"type":"Feature","id":15144,"geometry":{"type":"Point","coordinates":[23.764133100000038,37.990022900000042]},"properties":{"OBJECTID":15144,"amenity":"school","name":"56ο Γυμνάσιο Αθηνών","name_en":null}},{"type":"Feature","id":15195,"geometry":{"type":"Point","coordinates":[23.747809200000063,37.990612900000031]},"properties":{"OBJECTID":15195,"amenity":"school","name":"135ο Δημοτικό Σχολείο Αθηνών","name_en":null}},{"type":"Feature","id":15201,"geometry":{"type":"Point","coordinates":[23.746063100000072,37.991321000000028]},"properties":{"OBJECTID":15201,"amenity":"school","name":"41ο & 42ο Δημοτικά Σχολεία Αθηνών","name_en":null}},{"type":"Feature","id":15245,"geometry":{"type":"Point","coordinates":[23.751312900000073,37.997239600000057]},"properties":{"OBJECTID":15245,"amenity":"school","name":"121ο Δημοτικό Σχολείο","name_en":null}},{"type":"Feature","id":15289,"geometry":{"type":"Point","coordinates":[23.756259600000078,37.995060300000034]},"properties":{"OBJECTID":15289,"amenity":"school","name":"105ο & 136ο Δημοτικό Σχολείο Αθηνών","name_en":null}},{"type":"Feature","id":15290,"geometry":{"type":"Point","coordinates":[23.756547900000044,37.995359400000041]},"properties":{"OBJECTID":15290,"amenity":"school","name":"24ο Γυμνάσιο Αθηνών","name_en":null}},{"type":"Feature","id":15291,"geometry":{"type":"Point","coordinates":[23.756435200000055,37.995590900000025]},"properties":{"OBJECTID":15291,"amenity":"school","name":"24ο Λύκειο Αθηνών","name_en":null}},{"type":"Feature","id":15299,"geometry":{"type":"Point","coordinates":[23.753955500000075,37.986230400000068]},"properties":{"OBJECTID":15299,"amenity":"school","name":"16ο Δημοτικό Σχολείο Αθηνών","name_en":null}},{"type":"Feature","id":15300,"geometry":{"type":"Point","coordinates":[23.754300200000046,37.986494700000037]},"properties":{"OBJECTID":15300,"amenity":"school","name":"2ο Πειραματικό Γυμνάσιο Αθηνών","name_en":null}},{"type":"Feature","id":15301,"geometry":{"type":"Point","coordinates":[23.754569700000047,37.98579490000003]},"properties":{"OBJECTID":15301,"amenity":"school","name":"46ο Ενιαίο Λύκειο Αθηνών","name_en":null}},{"type":"Feature","id":15307,"geometry":{"type":"Point","coordinates":[23.740095900000028,37.982404200000076]},"properties":{"OBJECTID":15307,"amenity":"school","name":"14ο Δημοτικό Σχολείο Αθηνών \"Δημήτρης Πικιώνης\"","name_en":null}},{"type":"Feature","id":15368,"geometry":{"type":"Point","coordinates":[23.732927400000051,37.98607190000007]},"properties":{"OBJECTID":15368,"amenity":"school","name":"35ο & 37ο Δημοτικά Σχολεία Αθηνών","name_en":null}},{"type":"Feature","id":15405,"geometry":{"type":"Point","coordinates":[23.716840500000046,37.963740600000051]},"properties":{"OBJECTID":15405,"amenity":"school","name":"71o Δημοτικό Σχολείο Αθηνών","name_en":null}},{"type":"Feature","id":15426,"geometry":{"type":"Point","coordinates":[23.708929100000034,37.967241900000033]},"properties":{"OBJECTID":15426,"amenity":"school","name":"76ο & 138ο Δημοτικά Σχολεία Αθηνών","name_en":null}},{"type":"Feature","id":15429,"geometry":{"type":"Point","coordinates":[23.758732500000065,37.981897900000035]},"properties":{"OBJECTID":15429,"amenity":"school","name":"6ο ΕΠΑΛ & 7ο Εσπερινό ΕΠΑΛ Αθηνών","name_en":null}},{"type":"Feature","id":15458,"geometry":{"type":"Point","coordinates":[23.769206500000053,37.988655400000027]},"properties":{"OBJECTID":15458,"amenity":"school","name":"10ο & 80ο Δημοτικά Σχολεία Αθηνών","name_en":null}},{"type":"Feature","id":15469,"geometry":{"type":"Point","coordinates":[23.732785300000046,38.006733900000029]},"properties":{"OBJECTID":15469,"amenity":"school","name":"22ο Δημοτικό Σχολείο Αθηνών","name_en":null}},{"type":"Feature","id":15476,"geometry":{"type":"Point","coordinates":[23.724468900000033,37.987300900000037]},"properties":{"OBJECTID":15476,"amenity":"school","name":"42ο Γενικό Λύκειο Αθηνών","name_en":null}},{"type":"Feature","id":15477,"geometry":{"type":"Point","coordinates":[23.721595600000057,37.990457100000071]},"properties":{"OBJECTID":15477,"amenity":"school","name":"6ο Εσπερινό Γενικό Λύκειο Αθηνών","name_en":null}},{"type":"Feature","id":15496,"geometry":{"type":"Point","coordinates":[23.718452100000036,37.984541300000046]},"properties":{"OBJECTID":15496,"amenity":"school","name":"1o Επαγγελματικό Λύκειο Αθηνών","name_en":null}},{"type":"Feature","id":15498,"geometry":{"type":"Point","coordinates":[23.718646600000056,37.983947300000068]},"properties":{"OBJECTID":15498,"amenity":"school","name":"4ο Εργαστηριακό Κέντρο Αθηνών","name_en":null}},{"type":"Feature","id":15505,"geometry":{"type":"Point","coordinates":[23.716981900000064,37.982662700000049]},"properties":{"OBJECTID":15505,"amenity":"school","name":"64ο Δημοτικό Σχολείο Αθηνών","name_en":null}},{"type":"Feature","id":15635,"geometry":{"type":"Point","coordinates":[23.643409600000041,37.938180500000044]},"properties":{"OBJECTID":15635,"amenity":"school","name":"Πολύτοπο","name_en":null}},{"type":"Feature","id":15651,"geometry":{"type":"Point","coordinates":[23.702901900000029,37.96895870000003]},"properties":{"OBJECTID":15651,"amenity":"school","name":"149ο Δημοτικό Σχολείο Αθηνών","name_en":null}},{"type":"Feature","id":15712,"geometry":{"type":"Point","coordinates":[23.705549700000063,37.960710200000051]},"properties":{"OBJECTID":15712,"amenity":"school","name":"2ο Δημοτικό Σχολείο Καλλιθέας","name_en":null}},{"type":"Feature","id":15713,"geometry":{"type":"Point","coordinates":[23.705938600000025,37.96124100000003]},"properties":{"OBJECTID":15713,"amenity":"school","name":"17ο Δημοτικό Σχολείο Καλλιθέας","name_en":null}},{"type":"Feature","id":15715,"geometry":{"type":"Point","coordinates":[23.763787000000036,37.996150400000033]},"properties":{"OBJECTID":15715,"amenity":"school","name":"Κέντρο Ψυχολογικής Υποστήριξης","name_en":null}},{"type":"Feature","id":15858,"geometry":{"type":"Point","coordinates":[23.747996000000057,37.892565700000034]},"properties":{"OBJECTID":15858,"amenity":"school","name":"Ευρωδιάσταση","name_en":null}},{"type":"Feature","id":15896,"geometry":{"type":"Point","coordinates":[23.710897300000056,37.942906100000073]},"properties":{"OBJECTID":15896,"amenity":"school","name":"1ο & 10ο Δημοτικά Σχολεία Νέας Σμύρνης","name_en":null}},{"type":"Feature","id":15897,"geometry":{"type":"Point","coordinates":[23.710883900000056,37.94252750000004]},"properties":{"OBJECTID":15897,"amenity":"school","name":"1ο Γυμνάσιο Νέας Σμύρνης","name_en":null}},{"type":"Feature","id":15898,"geometry":{"type":"Point","coordinates":[23.711138700000049,37.943729000000076]},"properties":{"OBJECTID":15898,"amenity":"school","name":"1ο ΓΕΛ & 1ο ΓΥΜΝΑΣΙΟ Νέας Σμύρνης","name_en":null}},{"type":"Feature","id":16097,"geometry":{"type":"Point","coordinates":[23.712192900000048,37.92718780000007]},"properties":{"OBJECTID":16097,"amenity":"school","name":"2ο Λύκειο Παλαιού Φαλήρου","name_en":null}},{"type":"Feature","id":16098,"geometry":{"type":"Point","coordinates":[23.711734200000024,37.927242800000045]},"properties":{"OBJECTID":16098,"amenity":"school","name":"2ο Γυμνάσιο Παλαιού Φαλήρου","name_en":null}},{"type":"Feature","id":16100,"geometry":{"type":"Point","coordinates":[23.760970000000043,37.992071900000042]},"properties":{"OBJECTID":16100,"amenity":"school","name":"Φροντιστήρια Ειρμός","name_en":null}},{"type":"Feature","id":16244,"geometry":{"type":"Point","coordinates":[23.975836100000038,37.809427300000038]},"properties":{"OBJECTID":16244,"amenity":"school","name":"Παλαμίδης","name_en":null}},{"type":"Feature","id":16258,"geometry":{"type":"Point","coordinates":[23.751170600000023,37.898807900000065]},"properties":{"OBJECTID":16258,"amenity":"school","name":"Εκπαιδευτήρια Ζώη","name_en":null}},{"type":"Feature","id":16323,"geometry":{"type":"Point","coordinates":[23.643066200000078,37.952248000000054]},"properties":{"OBJECTID":16323,"amenity":"school","name":"Περιφερειακό Επιμορφωτικό Κέντρο Πειραιά","name_en":null}},{"type":"Feature","id":16347,"geometry":{"type":"Point","coordinates":[23.632828800000027,37.981010800000035]},"properties":{"OBJECTID":16347,"amenity":"school","name":"13 Νηπιαγωγείο Νίκαιας","name_en":null}},{"type":"Feature","id":16349,"geometry":{"type":"Point","coordinates":[23.635424600000078,37.980808100000047]},"properties":{"OBJECTID":16349,"amenity":"school","name":null,"name_en":null}},{"type":"Feature","id":16353,"geometry":{"type":"Point","coordinates":[23.744273700000065,37.95012980000007]},"properties":{"OBJECTID":16353,"amenity":"school","name":"Φροντιστήριο Κεφαλλάς","name_en":null}},{"type":"Feature","id":16635,"geometry":{"type":"Point","coordinates":[23.746278700000062,38.013490200000035]},"properties":{"OBJECTID":16635,"amenity":"school","name":"12ο Δημοτικό Σχολείο Γαλατσίου","name_en":null}},{"type":"Feature","id":16725,"geometry":{"type":"Point","coordinates":[23.702963100000034,37.976737300000025]},"properties":{"OBJECTID":16725,"amenity":"school","name":"63ο ΓΕΛ Αθηνών","name_en":"63 Lyceum of Athens"}},{"type":"Feature","id":16726,"geometry":{"type":"Point","coordinates":[23.754019000000028,38.012116500000047]},"properties":{"OBJECTID":16726,"amenity":"school","name":"3ο & 4ο Δημοτικά Σχολεία Γαλατσίου","name_en":null}},{"type":"Feature","id":16741,"geometry":{"type":"Point","coordinates":[23.759995200000048,38.011991600000044]},"properties":{"OBJECTID":16741,"amenity":"school","name":"16ο Δημοτικό Σχολείο Γαλατσίου","name_en":null}},{"type":"Feature","id":16812,"geometry":{"type":"Point","coordinates":[23.747741500000075,38.014403400000049]},"properties":{"OBJECTID":16812,"amenity":"school","name":"2ο Γυμνάσιο Γαλατσίου","name_en":null}},{"type":"Feature","id":16967,"geometry":{"type":"Point","coordinates":[23.860507000000041,38.133699600000057]},"properties":{"OBJECTID":16967,"amenity":"school","name":"Γυμνάσιο Άνοιξης","name_en":null}},{"type":"Feature","id":16972,"geometry":{"type":"Point","coordinates":[23.858007100000066,38.130314200000043]},"properties":{"OBJECTID":16972,"amenity":"school","name":"Ωδείο \"Πυθαγόρειο\"","name_en":null}},{"type":"Feature","id":17050,"geometry":{"type":"Point","coordinates":[23.733863100000065,38.012771500000042]},"properties":{"OBJECTID":17050,"amenity":"school","name":"79ο Δημοτικό Σχολείο Αθηνών","name_en":null}},{"type":"Feature","id":17057,"geometry":{"type":"Point","coordinates":[23.73250390000004,38.009900600000037]},"properties":{"OBJECTID":17057,"amenity":"school","name":"48ο Δημοτικό Σχολείο Αθηνών","name_en":null}},{"type":"Feature","id":17066,"geometry":{"type":"Point","coordinates":[23.731595300000038,38.008296500000029]},"properties":{"OBJECTID":17066,"amenity":"school","name":"8ο Γυμνάσιο Αθηνών","name_en":null}},{"type":"Feature","id":17067,"geometry":{"type":"Point","coordinates":[23.732394600000077,38.008680100000049]},"properties":{"OBJECTID":17067,"amenity":"school","name":"8ο Γενικό Λύκειο Αθηνών","name_en":null}},{"type":"Feature","id":17131,"geometry":{"type":"Point","coordinates":[23.716873600000042,37.967677900000069]},"properties":{"OBJECTID":17131,"amenity":"school","name":"Σχολή χορού Δόρας Στράτου","name_en":"Greek Dance school of Dora Stratou"}},{"type":"Feature","id":17162,"geometry":{"type":"Point","coordinates":[23.726933600000052,38.00823100000008]},"properties":{"OBJECTID":17162,"amenity":"school","name":"20ο Γυμνάσιο Αθηνών","name_en":null}},{"type":"Feature","id":17163,"geometry":{"type":"Point","coordinates":[23.726910800000041,38.008090500000037]},"properties":{"OBJECTID":17163,"amenity":"school","name":"20ο Λύκειο Αθηνών","name_en":null}},{"type":"Feature","id":17189,"geometry":{"type":"Point","coordinates":[23.722913000000062,38.016431500000067]},"properties":{"OBJECTID":17189,"amenity":"school","name":"152ο Δημοτικό Σχολείο Αθηνών","name_en":null}},{"type":"Feature","id":17317,"geometry":{"type":"Point","coordinates":[23.616307000000063,37.949912400000073]},"properties":{"OBJECTID":17317,"amenity":"school","name":"5ο Γυμνάσιο Κερατσινίου","name_en":null}},{"type":"Feature","id":17348,"geometry":{"type":"Point","coordinates":[23.715066800000045,38.005496300000061]},"properties":{"OBJECTID":17348,"amenity":"school","name":"145ο Δημοτικό Σχολείο Αθηνών","name_en":null}},{"type":"Feature","id":17391,"geometry":{"type":"Point","coordinates":[23.367621400000075,37.979650900000024]},"properties":{"OBJECTID":17391,"amenity":"school","name":null,"name_en":"superior aviation"}},{"type":"Feature","id":17393,"geometry":{"type":"Point","coordinates":[23.715753500000062,37.986976900000059]},"properties":{"OBJECTID":17393,"amenity":"school","name":"66ο Δημοτικό Σχολείο Αθηνών","name_en":null}},{"type":"Feature","id":17395,"geometry":{"type":"Point","coordinates":[23.757652900000039,37.965609900000061]},"properties":{"OBJECTID":17395,"amenity":"school","name":"2ο Σ.Ε.Κ. Αθηνών","name_en":null}},{"type":"Feature","id":17405,"geometry":{"type":"Point","coordinates":[23.760960800000078,37.963935100000072]},"properties":{"OBJECTID":17405,"amenity":"school","name":"1ο Γυμνάσιο Καισαριανής","name_en":null}},{"type":"Feature","id":17406,"geometry":{"type":"Point","coordinates":[23.760291600000073,37.963689300000055]},"properties":{"OBJECTID":17406,"amenity":"school","name":"2ο Γυμνάσιο Καισαριανής","name_en":null}},{"type":"Feature","id":17416,"geometry":{"type":"Point","coordinates":[23.76255180000004,37.846265900000049]},"properties":{"OBJECTID":17416,"amenity":"school","name":"1ο Γυμνάσιο Βούλας","name_en":null}},{"type":"Feature","id":17417,"geometry":{"type":"Point","coordinates":[23.762157500000058,37.846027200000037]},"properties":{"OBJECTID":17417,"amenity":"school","name":"1ο Γενικό Λύκειο Βούλας","name_en":null}},{"type":"Feature","id":17449,"geometry":{"type":"Point","coordinates":[23.731017300000076,37.974061500000062]},"properties":{"OBJECTID":17449,"amenity":"school","name":"Σχολή Χιλλ","name_en":"Hill Memorial School"}},{"type":"Feature","id":17452,"geometry":{"type":"Point","coordinates":[23.759197200000074,37.961533400000064]},"properties":{"OBJECTID":17452,"amenity":"school","name":"1ο Γυμνάσιο Βύρωνα","name_en":null}},{"type":"Feature","id":17453,"geometry":{"type":"Point","coordinates":[23.758665500000063,37.961349900000073]},"properties":{"OBJECTID":17453,"amenity":"school","name":"1ο & 2ο Γενικό Λύκειο Βύρωνα","name_en":null}},{"type":"Feature","id":17516,"geometry":{"type":"Point","coordinates":[23.749778000000049,37.954908700000033]},"properties":{"OBJECTID":17516,"amenity":"school","name":"2ο Δημοτικό Σχολείο Υμηττού","name_en":null}},{"type":"Feature","id":17517,"geometry":{"type":"Point","coordinates":[23.749938900000075,37.955355500000053]},"properties":{"OBJECTID":17517,"amenity":"school","name":"1ο Δημοτικό Σχολείο Υμηττού","name_en":null}},{"type":"Feature","id":17519,"geometry":{"type":"Point","coordinates":[23.745261500000026,37.923579700000062]},"properties":{"OBJECTID":17519,"amenity":"school","name":"Δ.Ι.Ε.Κ. Ηλιούπολης","name_en":null}},{"type":"Feature","id":17578,"geometry":{"type":"Point","coordinates":[23.754568400000039,37.950611600000059]},"properties":{"OBJECTID":17578,"amenity":"school","name":"3ο Δημοτικό Σχολείο Υμηττού & 3ο Δημοτικό Σχολείο Ηλιούπολης","name_en":null}},{"type":"Feature","id":17579,"geometry":{"type":"Point","coordinates":[23.753846200000055,37.950718400000028]},"properties":{"OBJECTID":17579,"amenity":"school","name":"3ο Γυμνάσιο Υμηττού & 3ο Γενικό Λύκειο Υμηττού","name_en":null}},{"type":"Feature","id":17731,"geometry":{"type":"Point","coordinates":[23.757847200000072,38.062668100000053]},"properties":{"OBJECTID":17731,"amenity":"school","name":"1ο Δημοτικό Σχολείο Μεταμόρφωσης","name_en":null}},{"type":"Feature","id":17835,"geometry":{"type":"Point","coordinates":[23.770554400000037,37.944021400000054]},"properties":{"OBJECTID":17835,"amenity":"school","name":"9ο - 16ο Δημοτικά Σχολεία Βύρωνα","name_en":null}},{"type":"Feature","id":17991,"geometry":{"type":"Point","coordinates":[23.753338600000063,37.931262900000036]},"properties":{"OBJECTID":17991,"amenity":"school","name":"4ο Δημοτικό Σχολείο Ηλιούπολης","name_en":null}},{"type":"Feature","id":17992,"geometry":{"type":"Point","coordinates":[23.753328500000066,37.931800200000055]},"properties":{"OBJECTID":17992,"amenity":"school","name":"7ο Γυμνάσιο Ηλιούπολης","name_en":null}},{"type":"Feature","id":18139,"geometry":{"type":"Point","coordinates":[23.651072600000077,37.940499200000033]},"properties":{"OBJECTID":18139,"amenity":"school","name":"38ο Δημοτικό Σχολείο Πειραιά","name_en":null}},{"type":"Feature","id":18357,"geometry":{"type":"Point","coordinates":[23.710156700000027,37.935006400000077]},"properties":{"OBJECTID":18357,"amenity":"school","name":"Κίνητρο Σπουδών","name_en":null}},{"type":"Feature","id":18396,"geometry":{"type":"Point","coordinates":[23.982742700000074,37.801964600000076]},"properties":{"OBJECTID":18396,"amenity":"school","name":"2ο Δημοτικό Κερατέας","name_en":null}},{"type":"Feature","id":18549,"geometry":{"type":"Point","coordinates":[23.760548100000051,37.964163400000075]},"properties":{"OBJECTID":18549,"amenity":"school","name":"2o Γενικό Λύκειο Καισαριανής","name_en":null}},{"type":"Feature","id":19146,"geometry":{"type":"Point","coordinates":[23.659989000000053,37.965918600000066]},"properties":{"OBJECTID":19146,"amenity":"school","name":null,"name_en":null}},{"type":"Feature","id":19476,"geometry":{"type":"Point","coordinates":[23.658382800000027,37.954597400000068]},"properties":{"OBJECTID":19476,"amenity":"school","name":"14ο νηπιαγωγείο Πειραιά","name_en":null}},{"type":"Feature","id":19510,"geometry":{"type":"Point","coordinates":[23.744230000000073,37.908062000000029]},"properties":{"OBJECTID":19510,"amenity":"school","name":null,"name_en":"hcaa exam center (entrance from AFCA bank )"}},{"type":"Feature","id":19513,"geometry":{"type":"Point","coordinates":[23.674955300000079,37.962880700000028]},"properties":{"OBJECTID":19513,"amenity":"school","name":"1ο Δημοτικό Σχολείο Αγίου Ιωάννη Ρέντη","name_en":null}},{"type":"Feature","id":19675,"geometry":{"type":"Point","coordinates":[23.746690800000067,37.891873800000042]},"properties":{"OBJECTID":19675,"amenity":"school","name":"Επαγγελματικό Λύκειο Ελληνικού","name_en":null}},{"type":"Feature","id":19698,"geometry":{"type":"Point","coordinates":[23.715393400000039,37.923504100000059]},"properties":{"OBJECTID":19698,"amenity":"school","name":"6ο Δημοτικό Σχολείο Παλαιού Φαλήρου","name_en":null}},{"type":"Feature","id":19710,"geometry":{"type":"Point","coordinates":[23.659447600000078,37.943998400000055]},"properties":{"OBJECTID":19710,"amenity":"school","name":"Ειδικό δημοτικό σχολείο αυτιστικών Πειραιά","name_en":null}},{"type":"Feature","id":20026,"geometry":{"type":"Point","coordinates":[23.69634700000006,37.946499900000049]},"properties":{"OBJECTID":20026,"amenity":"school","name":"1ο Ειδικό Δημοτικό Σχολείο Καλλιθέας","name_en":null}},{"type":"Feature","id":20041,"geometry":{"type":"Point","coordinates":[23.729464900000039,37.922614900000042]},"properties":{"OBJECTID":20041,"amenity":"school","name":"1ο ΣΕΚ Αγίου Δημητρίου","name_en":null}},{"type":"Feature","id":20042,"geometry":{"type":"Point","coordinates":[23.729081400000041,37.922573100000079]},"properties":{"OBJECTID":20042,"amenity":"school","name":"6ο Γυμνάσιο Αγίου Δημητρίου","name_en":null}},{"type":"Feature","id":20043,"geometry":{"type":"Point","coordinates":[23.728620000000035,37.922794200000055]},"properties":{"OBJECTID":20043,"amenity":"school","name":"1ο & 2ο ΕΠΑΛ Αγίου Δημητρίου","name_en":null}},{"type":"Feature","id":20367,"geometry":{"type":"Point","coordinates":[23.741463900000042,37.927533800000049]},"properties":{"OBJECTID":20367,"amenity":"school","name":"1ο ΕΠΑΛ ΑΛΙΜΟΥ \"Ευπαλίνειο\"","name_en":null}},{"type":"Feature","id":20417,"geometry":{"type":"Point","coordinates":[23.75610800000004,37.95315910000005]},"properties":{"OBJECTID":20417,"amenity":"school","name":null,"name_en":null}},{"type":"Feature","id":20873,"geometry":{"type":"Point","coordinates":[23.696748000000071,38.044874700000037]},"properties":{"OBJECTID":20873,"amenity":"school","name":"6ο Δημοτικό Ιλίου","name_en":null}},{"type":"Feature","id":20959,"geometry":{"type":"Point","coordinates":[23.743336900000031,38.005397600000038]},"properties":{"OBJECTID":20959,"amenity":"school","name":"σχολη οδηγων κελερης","name_en":null}},{"type":"Feature","id":21030,"geometry":{"type":"Point","coordinates":[23.69590450000004,38.04519380000005]},"properties":{"OBJECTID":21030,"amenity":"school","name":"10ο γυμνάσιο Ιλίου","name_en":null}},{"type":"Feature","id":21178,"geometry":{"type":"Point","coordinates":[23.767430000000047,37.972761200000036]},"properties":{"OBJECTID":21178,"amenity":"school","name":"Ευρωγνώση","name_en":null}},{"type":"Feature","id":21267,"geometry":{"type":"Point","coordinates":[23.700823000000071,38.020119200000067]},"properties":{"OBJECTID":21267,"amenity":"school","name":"2ο Γυμνάσιο / 2ο Λύκειο Περιστερίου","name_en":null}},{"type":"Feature","id":21512,"geometry":{"type":"Point","coordinates":[23.808695600000078,38.054264000000046]},"properties":{"OBJECTID":21512,"amenity":"school","name":"Σχολείον Ψαλτικής","name_en":null}},{"type":"Feature","id":21563,"geometry":{"type":"Point","coordinates":[23.705241300000068,38.083493600000054]},"properties":{"OBJECTID":21563,"amenity":"school","name":"1ο Δημοτικό Σχολείο Άνω Λιοσίων","name_en":null}},{"type":"Feature","id":21567,"geometry":{"type":"Point","coordinates":[23.706452900000045,38.081668200000024]},"properties":{"OBJECTID":21567,"amenity":"school","name":null,"name_en":null}},{"type":"Feature","id":22150,"geometry":{"type":"Point","coordinates":[23.735539600000038,38.082689600000037]},"properties":{"OBJECTID":22150,"amenity":"school","name":"ΜΑΘΗΤΙΚΗ ΕΞΕΛΙΞΗ","name_en":null}},{"type":"Feature","id":22504,"geometry":{"type":"Point","coordinates":[23.978397100000052,38.041188200000079]},"properties":{"OBJECTID":22504,"amenity":"school","name":"2ο Γυμνάσιο Νέας Μάκρης","name_en":null}},{"type":"Feature","id":22661,"geometry":{"type":"Point","coordinates":[23.797993000000076,38.02253440000004]},"properties":{"OBJECTID":22661,"amenity":"school","name":"Ροπή","name_en":null}},{"type":"Feature","id":22958,"geometry":{"type":"Point","coordinates":[23.702381400000036,37.962562800000057]},"properties":{"OBJECTID":22958,"amenity":"school","name":"Αναστασιάδης φροντιστήρια μέσης εκπαίδευσης","name_en":null}},{"type":"Feature","id":23277,"geometry":{"type":"Point","coordinates":[23.73831720000004,37.926218000000063]},"properties":{"OBJECTID":23277,"amenity":"school","name":"9ο Νηπιαγωγείο Αλίμου","name_en":null}},{"type":"Feature","id":23284,"geometry":{"type":"Point","coordinates":[23.64972030000007,37.983705400000076]},"properties":{"OBJECTID":23284,"amenity":"school","name":"4ο Γενικό Λύκειο Κορυδαλλού","name_en":null}},{"type":"Feature","id":23285,"geometry":{"type":"Point","coordinates":[23.648968400000058,37.984673400000077]},"properties":{"OBJECTID":23285,"amenity":"school","name":"7ο Γυμνάσιο Κορυδαλλού","name_en":null}},{"type":"Feature","id":23303,"geometry":{"type":"Point","coordinates":[23.739512700000034,37.921985000000063]},"properties":{"OBJECTID":23303,"amenity":"school","name":"4ο Γυμνάσιο Αλίμου","name_en":null}},{"type":"Feature","id":23304,"geometry":{"type":"Point","coordinates":[23.739839400000051,37.921970100000067]},"properties":{"OBJECTID":23304,"amenity":"school","name":"2ο Λύκειο Αλίμου \"Γεώργιος Καραϊσκάκης","name_en":null}},{"type":"Feature","id":23320,"geometry":{"type":"Point","coordinates":[23.734755500000063,37.910156500000028]},"properties":{"OBJECTID":23320,"amenity":"school","name":"Μουσικό Γυμνάσιο Αλίμου","name_en":null}},{"type":"Feature","id":23321,"geometry":{"type":"Point","coordinates":[23.734987100000069,37.910087900000065]},"properties":{"OBJECTID":23321,"amenity":"school","name":"8ο Νηπιαγωγείο Αλίμου","name_en":null}},{"type":"Feature","id":23322,"geometry":{"type":"Point","coordinates":[23.741592700000069,37.926666600000033]},"properties":{"OBJECTID":23322,"amenity":"school","name":"3ο Γενικό Λύκειο Αλίμου \"Άγιος Παντελεήμων\"","name_en":null}},{"type":"Feature","id":23520,"geometry":{"type":"Point","coordinates":[23.769676400000037,37.978104200000075]},"properties":{"OBJECTID":23520,"amenity":"school","name":"Διακροτημα","name_en":null}},{"type":"Feature","id":23648,"geometry":{"type":"Point","coordinates":[23.90059750000006,38.009406900000045]},"properties":{"OBJECTID":23648,"amenity":"school","name":"Μουσικό Σχολείο Παλλήνης","name_en":null}},{"type":"Feature","id":24036,"geometry":{"type":"Point","coordinates":[23.778753000000052,38.01835820000008]},"properties":{"OBJECTID":24036,"amenity":"school","name":null,"name_en":"Alexandra Martinou Memorial Building"}},{"type":"Feature","id":24037,"geometry":{"type":"Point","coordinates":[23.781511200000068,38.016485300000056]},"properties":{"OBJECTID":24037,"amenity":"school","name":null,"name_en":"Athens College Gym"}},{"type":"Feature","id":24038,"geometry":{"type":"Point","coordinates":[23.780815500000074,38.01563260000006]},"properties":{"OBJECTID":24038,"amenity":"school","name":null,"name_en":"Athens College Swimming pool"}},{"type":"Feature","id":24565,"geometry":{"type":"Point","coordinates":[23.807741300000032,38.055162500000051]},"properties":{"OBJECTID":24565,"amenity":"school","name":"Είδεναι","name_en":null}},{"type":"Feature","id":24570,"geometry":{"type":"Point","coordinates":[23.807648400000062,38.055060200000071]},"properties":{"OBJECTID":24570,"amenity":"school","name":"Γράψα","name_en":null}},{"type":"Feature","id":24584,"geometry":{"type":"Point","coordinates":[23.806264200000044,38.055500900000027]},"properties":{"OBJECTID":24584,"amenity":"school","name":"Διακρότημα","name_en":null}},{"type":"Feature","id":24897,"geometry":{"type":"Point","coordinates":[23.70274930000005,37.96429820000003]},"properties":{"OBJECTID":24897,"amenity":"school","name":"Δημητρακάκου","name_en":null}},{"type":"Feature","id":24961,"geometry":{"type":"Point","coordinates":[23.717294000000038,37.907184900000061]},"properties":{"OBJECTID":24961,"amenity":"school","name":"CityLab","name_en":null}},{"type":"Feature","id":24969,"geometry":{"type":"Point","coordinates":[23.770804000000055,37.974039300000072]},"properties":{"OBJECTID":24969,"amenity":"school","name":"Σύγχρονη Εκπαίδευση","name_en":null}},{"type":"Feature","id":24983,"geometry":{"type":"Point","coordinates":[23.759471500000075,38.032384800000045]},"properties":{"OBJECTID":24983,"amenity":"school","name":"Αει Μανθάνειν","name_en":null}},{"type":"Feature","id":25102,"geometry":{"type":"Point","coordinates":[23.807930200000044,38.05562800000007]},"properties":{"OBJECTID":25102,"amenity":"school","name":"Είδεναι","name_en":null}},{"type":"Feature","id":25171,"geometry":{"type":"Point","coordinates":[23.800631800000076,38.065523900000073]},"properties":{"OBJECTID":25171,"amenity":"school","name":"1ο Δημοτικό Σχολείο Πεύκης","name_en":null}},{"type":"Feature","id":25479,"geometry":{"type":"Point","coordinates":[23.745504900000071,37.922571700000049]},"properties":{"OBJECTID":25479,"amenity":"school","name":"1ο ΕΠΑΛ Ηλιούπολης","name_en":null}},{"type":"Feature","id":25480,"geometry":{"type":"Point","coordinates":[23.746496200000024,37.920497900000044]},"properties":{"OBJECTID":25480,"amenity":"school","name":"5ο Γενικό Λύκειο Ηλιούπολης","name_en":null}},{"type":"Feature","id":25564,"geometry":{"type":"Point","coordinates":[23.695821300000034,37.970283000000052]},"properties":{"OBJECTID":25564,"amenity":"school","name":"Σύμβολο κέντρο ξένων γλωσσών","name_en":null}},{"type":"Feature","id":25682,"geometry":{"type":"Point","coordinates":[23.878580900000031,38.135016600000029]},"properties":{"OBJECTID":25682,"amenity":"school","name":"Ώθηση Γυμνάσιο-Λύκειο","name_en":null}},{"type":"Feature","id":25837,"geometry":{"type":"Point","coordinates":[23.783565000000067,38.319713700000079]},"properties":{"OBJECTID":25837,"amenity":"school","name":"1ο Γυμνάσιο Σκάλας Ωρωπού","name_en":null}},{"type":"Feature","id":25852,"geometry":{"type":"Point","coordinates":[23.769960000000026,37.974007000000029]},"properties":{"OBJECTID":25852,"amenity":"school","name":"lingualand","name_en":null}},{"type":"Feature","id":25924,"geometry":{"type":"Point","coordinates":[23.628809300000057,37.986732000000075]},"properties":{"OBJECTID":25924,"amenity":"school","name":"12ο - 21ο Νηπιαγωγεία Νίκαιας","name_en":null}},{"type":"Feature","id":26002,"geometry":{"type":"Point","coordinates":[23.773664800000063,37.972878500000036]},"properties":{"OBJECTID":26002,"amenity":"school","name":"Η ισχύς","name_en":null}},{"type":"Feature","id":26022,"geometry":{"type":"Point","coordinates":[23.741996400000062,38.048743200000047]},"properties":{"OBJECTID":26022,"amenity":"school","name":"3ο Γενικό Λύκειο Νέας Φιλαδέλφειας","name_en":null}},{"type":"Feature","id":26023,"geometry":{"type":"Point","coordinates":[23.742136400000049,38.048867200000075]},"properties":{"OBJECTID":26023,"amenity":"school","name":"2ο ΕΠΑΛΝέας Φιλαδέλφειας","name_en":null}},{"type":"Feature","id":26083,"geometry":{"type":"Point","coordinates":[23.771518000000071,37.974359200000038]},"properties":{"OBJECTID":26083,"amenity":"school","name":"13ο και 16ο Νηπιαγωγείο Ζωγράφου","name_en":null}},{"type":"Feature","id":26456,"geometry":{"type":"Point","coordinates":[23.76138560000004,38.034411600000055]},"properties":{"OBJECTID":26456,"amenity":"school","name":"Ράνια Ευτυχιάδου","name_en":null}},{"type":"Feature","id":26501,"geometry":{"type":"Point","coordinates":[23.760156100000074,38.05397970000007]},"properties":{"OBJECTID":26501,"amenity":"school","name":"2ο Γενικό Λύκειο Μεταμόρφωσης","name_en":null}},{"type":"Feature","id":26502,"geometry":{"type":"Point","coordinates":[23.759900600000037,38.053891000000078]},"properties":{"OBJECTID":26502,"amenity":"school","name":"3ο Γυμνάσιο Μεταμόρφωσης","name_en":null}},{"type":"Feature","id":26840,"geometry":{"type":"Point","coordinates":[23.651201600000036,37.97426310000003]},"properties":{"OBJECTID":26840,"amenity":"school","name":"Παιδικός Σταθμός","name_en":null}},{"type":"Feature","id":27002,"geometry":{"type":"Point","coordinates":[23.688783000000058,38.020791700000075]},"properties":{"OBJECTID":27002,"amenity":"school","name":"29o Δημοτικό Σχολείο Περιστερίου","name_en":null}},{"type":"Feature","id":27059,"geometry":{"type":"Point","coordinates":[23.717712500000061,38.065875100000028]},"properties":{"OBJECTID":27059,"amenity":"school","name":null,"name_en":null}},{"type":"Feature","id":27100,"geometry":{"type":"Point","coordinates":[23.496169900000041,38.074151900000061]},"properties":{"OBJECTID":27100,"amenity":"school","name":null,"name_en":null}},{"type":"Feature","id":27126,"geometry":{"type":"Point","coordinates":[23.33175650000004,38.000058200000069]},"properties":{"OBJECTID":27126,"amenity":"school","name":"6° δημοτικο σκολειο Μεγαρων","name_en":null}},{"type":"Feature","id":27142,"geometry":{"type":"Point","coordinates":[23.596269800000073,38.063375600000029]},"properties":{"OBJECTID":27142,"amenity":"school","name":null,"name_en":null}},{"type":"Feature","id":27143,"geometry":{"type":"Point","coordinates":[23.717984400000034,38.064302700000042]},"properties":{"OBJECTID":27143,"amenity":"school","name":null,"name_en":null}},{"type":"Feature","id":27925,"geometry":{"type":"Point","coordinates":[23.819154000000026,38.078448000000037]},"properties":{"OBJECTID":27925,"amenity":"school","name":"1ο Λύκειο Κηφισιάς","name_en":null}},{"type":"Feature","id":27926,"geometry":{"type":"Point","coordinates":[23.818566600000054,38.078774700000054]},"properties":{"OBJECTID":27926,"amenity":"school","name":"1ο Γυμνάσιο Κηφισιάς","name_en":null}},{"type":"Feature","id":27992,"geometry":{"type":"Point","coordinates":[23.803803000000073,38.076860200000056]},"properties":{"OBJECTID":27992,"amenity":"school","name":"Αθηναϊκή Αγωγή & Παιδεία","name_en":null}},{"type":"Feature","id":27993,"geometry":{"type":"Point","coordinates":[23.79834470000003,38.076336600000047]},"properties":{"OBJECTID":27993,"amenity":"school","name":"2ο Ενιαίο Λύκειο Κηφισιάς","name_en":null}},{"type":"Feature","id":27994,"geometry":{"type":"Point","coordinates":[23.798350800000037,38.076534000000038]},"properties":{"OBJECTID":27994,"amenity":"school","name":"2ο Γυμνάσιο Κηφισιάς","name_en":null}},{"type":"Feature","id":28034,"geometry":{"type":"Point","coordinates":[23.815077300000041,38.049054100000035]},"properties":{"OBJECTID":28034,"amenity":"school","name":"2ο Γυμνάσιο Αμαρουσίου","name_en":null}},{"type":"Feature","id":28225,"geometry":{"type":"Point","coordinates":[23.640777900000046,37.960836100000051]},"properties":{"OBJECTID":28225,"amenity":"school","name":"46 Δημοτικό Σχολείο Πειραιά","name_en":null}},{"type":"Feature","id":28272,"geometry":{"type":"Point","coordinates":[23.796376000000066,38.094112500000051]},"properties":{"OBJECTID":28272,"amenity":"school","name":"1ο Δημοτικό Σχολείο Νέας Ερυθραίας","name_en":null}},{"type":"Feature","id":28273,"geometry":{"type":"Point","coordinates":[23.796413500000028,38.093744100000038]},"properties":{"OBJECTID":28273,"amenity":"school","name":"3ο Γυμνάσιο Κηφισιάς","name_en":null}},{"type":"Feature","id":28790,"geometry":{"type":"Point","coordinates":[23.650545300000033,37.977894900000024]},"properties":{"OBJECTID":28790,"amenity":"school","name":null,"name_en":null}},{"type":"Feature","id":28797,"geometry":{"type":"Point","coordinates":[23.649333700000057,37.956285100000059]},"properties":{"OBJECTID":28797,"amenity":"school","name":null,"name_en":null}},{"type":"Feature","id":29582,"geometry":{"type":"Point","coordinates":[23.755008900000064,38.048493000000065]},"properties":{"OBJECTID":29582,"amenity":"school","name":"Σχολή Χατζήβεη","name_en":null}},{"type":"Feature","id":29615,"geometry":{"type":"Point","coordinates":[23.742541200000062,37.986690700000054]},"properties":{"OBJECTID":29615,"amenity":"school","name":null,"name_en":"University of Aegean"}},{"type":"Feature","id":29790,"geometry":{"type":"Point","coordinates":[23.498096600000054,38.071866300000067]},"properties":{"OBJECTID":29790,"amenity":"school","name":"1ο Δημοτικό Σχολείο Μάνδρας","name_en":null}},{"type":"Feature","id":29791,"geometry":{"type":"Point","coordinates":[23.503306800000075,38.070955900000058]},"properties":{"OBJECTID":29791,"amenity":"school","name":"5ο Δημοτικό Σχολείο Μάνδρας","name_en":null}},{"type":"Feature","id":29823,"geometry":{"type":"Point","coordinates":[23.650638300000026,37.983670200000063]},"properties":{"OBJECTID":29823,"amenity":"school","name":"6ο-7ο Δημοτικό Κορυδαλλού","name_en":null}},{"type":"Feature","id":29936,"geometry":{"type":"Point","coordinates":[23.693555300000071,37.970875900000067]},"properties":{"OBJECTID":29936,"amenity":"school","name":"8ο ΕΚ Αθηνών","name_en":null}},{"type":"Feature","id":29937,"geometry":{"type":"Point","coordinates":[23.693919600000072,37.970866300000068]},"properties":{"OBJECTID":29937,"amenity":"school","name":"1ο Εσπερινό ΕΠΑΛ Ταύρου","name_en":null}},{"type":"Feature","id":30162,"geometry":{"type":"Point","coordinates":[23.676899500000047,37.999884700000052]},"properties":{"OBJECTID":30162,"amenity":"school","name":"5ο Γενικό Λύκειο Αιγάλεω","name_en":null}},{"type":"Feature","id":30596,"geometry":{"type":"Point","coordinates":[23.679893700000036,38.027665100000036]},"properties":{"OBJECTID":30596,"amenity":"school","name":"10ο & 11ο Γυμνάσια Περιστερίου","name_en":null}},{"type":"Feature","id":30597,"geometry":{"type":"Point","coordinates":[23.679404200000079,38.027896000000055]},"properties":{"OBJECTID":30597,"amenity":"school","name":"7ο Γυμνάσιο Περιστερίου","name_en":null}},{"type":"Feature","id":30598,"geometry":{"type":"Point","coordinates":[23.680946500000061,38.028460100000075]},"properties":{"OBJECTID":30598,"amenity":"school","name":"17ο Δημοτικό Σχολείο Περιστερίου","name_en":null}},{"type":"Feature","id":30602,"geometry":{"type":"Point","coordinates":[23.676599900000042,38.029445200000055]},"properties":{"OBJECTID":30602,"amenity":"school","name":"2ο ΕΠΑ.Λ. Περιστερίου","name_en":null}},{"type":"Feature","id":30603,"geometry":{"type":"Point","coordinates":[23.677021000000025,38.030042500000036]},"properties":{"OBJECTID":30603,"amenity":"school","name":"3ο Σχολικό Εργαστηριακό Κέντρο Πετρούπολης]","name_en":null}},{"type":"Feature","id":30699,"geometry":{"type":"Point","coordinates":[23.68416110000004,38.037931100000037]},"properties":{"OBJECTID":30699,"amenity":"school","name":"1ο Γυμνάσιο Πετρούπολης","name_en":null}},{"type":"Feature","id":30700,"geometry":{"type":"Point","coordinates":[23.68404570000007,38.038018800000032]},"properties":{"OBJECTID":30700,"amenity":"school","name":"1ο ΓΕΛ Πετρούπολης","name_en":null}},{"type":"Feature","id":30742,"geometry":{"type":"Point","coordinates":[23.691722200000072,38.030215200000043]},"properties":{"OBJECTID":30742,"amenity":"school","name":"5ο Δημοτικό Σχολείο Ιλίου","name_en":null}},{"type":"Feature","id":30743,"geometry":{"type":"Point","coordinates":[23.692011200000024,38.029946500000051]},"properties":{"OBJECTID":30743,"amenity":"school","name":"11ο Δημοτικό Σχολείο Ιλίου","name_en":null}},{"type":"Feature","id":30846,"geometry":{"type":"Point","coordinates":[23.925935600000059,37.983738000000073]},"properties":{"OBJECTID":30846,"amenity":"school","name":"Pierce - Αμερικανικό Κολλέγιο Ελλάδος","name_en":"Pierce - The American College of Greece"}},{"type":"Feature","id":30923,"geometry":{"type":"Point","coordinates":[23.695496800000058,38.038363100000026]},"properties":{"OBJECTID":30923,"amenity":"school","name":"14ο Δημοτικό Σχολείο Πετρούπολης","name_en":null}},{"type":"Feature","id":31015,"geometry":{"type":"Point","coordinates":[23.628877200000034,37.963289000000032]},"properties":{"OBJECTID":31015,"amenity":"school","name":"4ο Ναυτικό Λύκειο Πειραιά","name_en":null}},{"type":"Feature","id":31052,"geometry":{"type":"Point","coordinates":[23.729705500000023,37.973685200000034]},"properties":{"OBJECTID":31052,"amenity":"school","name":"74ο Δημοτικό Σχολείο Αθηνών","name_en":null}},{"type":"Feature","id":31076,"geometry":{"type":"Point","coordinates":[24.003285500000061,37.972509500000058]},"properties":{"OBJECTID":31076,"amenity":"school","name":"1ο Γενικό Λύκειο Αρτέμιδος","name_en":null}},{"type":"Feature","id":31095,"geometry":{"type":"Point","coordinates":[23.856875200000047,38.000734900000054]},"properties":{"OBJECTID":31095,"amenity":"school","name":"6ο Δημοτικό Σχολείο Γέρακα","name_en":"6th Elementary School of Gerakas"}},{"type":"Feature","id":31096,"geometry":{"type":"Point","coordinates":[23.857204300000035,38.001034900000036]},"properties":{"OBJECTID":31096,"amenity":"school","name":"5ο Νηπιαγωγείο Γέρακα","name_en":"5th Kindergarden of Gerakas"}},{"type":"Feature","id":31266,"geometry":{"type":"Point","coordinates":[23.648385200000064,37.971921400000042]},"properties":{"OBJECTID":31266,"amenity":"school","name":"3ο Δημοτικό σχολείο Κορυδαλλού","name_en":null}},{"type":"Feature","id":31281,"geometry":{"type":"Point","coordinates":[23.849234600000045,38.005269000000055]},"properties":{"OBJECTID":31281,"amenity":"school","name":"Εκπαιδευτήρια \"Ο Πλάτων\"","name_en":"Platon School"}},{"type":"Feature","id":31506,"geometry":{"type":"Point","coordinates":[23.67578050000003,38.022771200000079]},"properties":{"OBJECTID":31506,"amenity":"school","name":"45ο Δημοτικό Σχολείο Πετρούπολης","name_en":null}},{"type":"Feature","id":31547,"geometry":{"type":"Point","coordinates":[23.650686200000052,37.97634080000006]},"properties":{"OBJECTID":31547,"amenity":"school","name":"3ο Γυμνάσιο Κορυδαλλού","name_en":null}},{"type":"Feature","id":31632,"geometry":{"type":"Point","coordinates":[23.884116300000073,38.215589400000056]},"properties":{"OBJECTID":31632,"amenity":"school","name":"Γενικό Λύκειο Καπανδριτίου","name_en":null}},{"type":"Feature","id":31634,"geometry":{"type":"Point","coordinates":[23.85740050000004,38.286544800000058]},"properties":{"OBJECTID":31634,"amenity":"school","name":"Δημοτικό Σχολείο Καλάμου","name_en":null}},{"type":"Feature","id":32016,"geometry":{"type":"Point","coordinates":[23.665401000000031,38.013907900000049]},"properties":{"OBJECTID":32016,"amenity":"school","name":"4ο Γυμνάσιο Χαϊδαρίου","name_en":null}},{"type":"Feature","id":32017,"geometry":{"type":"Point","coordinates":[23.665157000000079,38.013346800000079]},"properties":{"OBJECTID":32017,"amenity":"school","name":"4ο Λύκειο Χαϊδαρίου","name_en":null}},{"type":"Feature","id":32132,"geometry":{"type":"Point","coordinates":[23.83067120000004,38.144757300000038]},"properties":{"OBJECTID":32132,"amenity":"school","name":null,"name_en":null}},{"type":"Feature","id":32133,"geometry":{"type":"Point","coordinates":[23.833948300000031,38.141196300000047]},"properties":{"OBJECTID":32133,"amenity":"school","name":null,"name_en":null}},{"type":"Feature","id":32134,"geometry":{"type":"Point","coordinates":[23.833784700000024,38.141061300000047]},"properties":{"OBJECTID":32134,"amenity":"school","name":null,"name_en":null}},{"type":"Feature","id":32215,"geometry":{"type":"Point","coordinates":[23.633935400000041,38.016009900000029]},"properties":{"OBJECTID":32215,"amenity":"school","name":"6ο Δημοτικό Σχολείο Χαϊδαρίου","name_en":null}},{"type":"Feature","id":32311,"geometry":{"type":"Point","coordinates":[23.640549900000053,37.934151100000065]},"properties":{"OBJECTID":32311,"amenity":"school","name":"33ο Δημοτικό Νηπιαγωγείο Πειραιά","name_en":null}},{"type":"Feature","id":32362,"geometry":{"type":"Point","coordinates":[23.685907200000031,38.011567400000047]},"properties":{"OBJECTID":32362,"amenity":"school","name":"1ο Λύκειο Περιστερίου","name_en":null}},{"type":"Feature","id":32363,"geometry":{"type":"Point","coordinates":[23.686050700000067,38.011836900000048]},"properties":{"OBJECTID":32363,"amenity":"school","name":"1ο Γυμνάσιο Περιστερίου","name_en":null}},{"type":"Feature","id":32496,"geometry":{"type":"Point","coordinates":[23.512150000000076,37.963640200000043]},"properties":{"OBJECTID":32496,"amenity":"school","name":"4ο Δημοτικό Σχολείο Σαλαμίνας","name_en":null}},{"type":"Feature","id":32927,"geometry":{"type":"Point","coordinates":[23.159926200000029,37.258694100000071]},"properties":{"OBJECTID":32927,"amenity":"school","name":"Primary School of Spetses","name_en":null}},{"type":"Feature","id":33261,"geometry":{"type":"Point","coordinates":[23.766772900000035,37.871260900000038]},"properties":{"OBJECTID":33261,"amenity":"school","name":"Μοντεσσοριανό Σπίτι Γλυφάδας","name_en":null}},{"type":"Feature","id":33584,"geometry":{"type":"Point","coordinates":[23.672967400000061,37.981039700000053]},"properties":{"OBJECTID":33584,"amenity":"school","name":"ΕΝΕΕΓΥΛ Αιγάλεω","name_en":null}},{"type":"Feature","id":33585,"geometry":{"type":"Point","coordinates":[23.673592100000064,37.98049240000006]},"properties":{"OBJECTID":33585,"amenity":"school","name":"ΣΑΕΚ Αιγάλεω","name_en":null}},{"type":"Feature","id":33586,"geometry":{"type":"Point","coordinates":[23.672851700000024,37.980407600000035]},"properties":{"OBJECTID":33586,"amenity":"school","name":"ΕΕΕΕΚ Τυφλών και Πολυαναπήρων Αιγάλεω","name_en":null}},{"type":"Feature","id":33587,"geometry":{"type":"Point","coordinates":[23.673857500000054,37.981423600000028]},"properties":{"OBJECTID":33587,"amenity":"school","name":"6ο ΓΕΛ Αιγάλεω","name_en":null}},{"type":"Feature","id":33657,"geometry":{"type":"Point","coordinates":[23.701544500000068,38.008002300000044]},"properties":{"OBJECTID":33657,"amenity":"school","name":"1ο Εσπερινό ΕΠΑΛ Περιστερίου","name_en":null}},{"type":"Feature","id":33668,"geometry":{"type":"Point","coordinates":[23.794398900000033,38.037791100000049]},"properties":{"OBJECTID":33668,"amenity":"school","name":"Deutsche Schule Athen - Grundschule","name_en":null}},{"type":"Feature","id":33681,"geometry":{"type":"Point","coordinates":[23.83455710000004,38.05867980000005]},"properties":{"OBJECTID":33681,"amenity":"school","name":"2ο Νηπιαγωγείο Μελισσίων","name_en":null}},{"type":"Feature","id":34008,"geometry":{"type":"Point","coordinates":[23.703985300000056,38.004117800000074]},"properties":{"OBJECTID":34008,"amenity":"school","name":"3ο ΕΠΑΛ Περιστερίου","name_en":null}},{"type":"Feature","id":34009,"geometry":{"type":"Point","coordinates":[23.704743000000065,38.003785400000027]},"properties":{"OBJECTID":34009,"amenity":"school","name":"Εσπερινό Γυμνάσιο Περιστερίου","name_en":null}},{"type":"Feature","id":34010,"geometry":{"type":"Point","coordinates":[23.704562000000067,38.003921700000035]},"properties":{"OBJECTID":34010,"amenity":"school","name":"3ο Ενιαίο Λύκειο Περιστερίου","name_en":null}}]}