{
"type": "FeatureCollection",
"name": "AthensMetroNet",
"crs": { "type": "name", "properties": { "name": "urn:ogc:def:crs:OGC:1.3:CRS84" } },
"features": [
{ "type": "Feature", "properties": { "full_id": "6", "ref": "Μ3", "name:en": "Metro Μ3: Dimotiko Theatro → Airport", "name": "Μετρό Μ3: Δημοτικό Θέατρο → Αεροδρόμιο", "shapeleng_": 49.018981759923392 }, "geometry": { "type": "MultiLineString", "coordinates": [ [ [ 23.6470091, 37.9431225 ], [ 23.647002, 37.9431078 ], [ 23.6481954, 37.942752 ], [ 23.6482024, 37.9427667 ], [ 23.6470091, 37.9431225 ] ], [ [ 23.6423567, 37.9476097 ], [ 23.6423602, 37.948616 ] ], [ [ 23.6398632, 37.9590497 ], [ 23.6398266, 37.9600589 ] ], [ [ 23.6468943, 37.9653834 ], [ 23.6478704, 37.9660583 ] ], [ [ 23.6508618, 37.9774089 ], [ 23.6500081, 37.9766509 ], [ 23.6500514, 37.9766206 ], [ 23.6509051, 37.9773786 ], [ 23.6508618, 37.9774089 ] ], [ [ 23.6592523, 37.9891777 ], [ 23.6593268, 37.9896339 ], [ 23.6594137, 37.9901757 ] ], [ [ 23.6664688, 37.9969595 ], [ 23.6677639, 37.9967995 ], [ 23.6677551, 37.9967551 ], [ 23.6677269, 37.9967586 ], [ 23.6676706, 37.9967656 ], [ 23.6673609, 37.9968038 ], [ 23.6672949, 37.996762 ], [ 23.6672668, 37.9967654 ], [ 23.6672386, 37.9967689 ], [ 23.667192, 37.9968247 ], [ 23.6668823, 37.996863 ], [ 23.666826, 37.9968699 ], [ 23.6667979, 37.9968734 ], [ 23.66646, 37.9969151 ], [ 23.6664688, 37.9969595 ] ], [ [ 23.6811959, 37.9915455 ], [ 23.6815006, 37.9914707 ], [ 23.6817647, 37.991406 ], [ 23.6821101, 37.9913212 ], [ 23.6824148, 37.9912465 ] ], [ [ 23.6939654, 37.9875877 ], [ 23.6927455, 37.9878843 ], [ 23.6927287, 37.9878413 ], [ 23.6927997, 37.9878241 ], [ 23.6930395, 37.9877658 ], [ 23.6936166, 37.9876255 ], [ 23.6939486, 37.9875448 ], [ 23.6939654, 37.9875877 ] ], [ [ 23.7103552, 37.9789175 ], [ 23.7103365, 37.9788842 ], [ 23.7115046, 37.9784769 ], [ 23.7115233, 37.9785102 ], [ 23.7103552, 37.9789175 ] ], [ [ 23.7250574, 37.9768266 ], [ 23.7263187, 37.976669 ], [ 23.7263228, 37.9766874 ], [ 23.7250614, 37.976845 ], [ 23.7250574, 37.9768266 ] ], [ [ 23.8698142, 38.0050424 ], [ 23.8699099, 38.0047609 ], [ 23.8700252, 38.0044021 ], [ 23.8700814, 38.0042102 ] ], [ [ 23.8699642, 37.9844753 ], [ 23.870019, 37.9846705 ] ], [ [ 23.870019, 37.9846705 ], [ 23.8701007, 37.9849364 ], [ 23.8702579, 37.9854055 ] ], [ [ 23.8957571, 37.9129904 ], [ 23.8959136, 37.9127845 ], [ 23.8960039, 37.9126656 ], [ 23.8960977, 37.9125512 ], [ 23.8964706, 37.9120963 ] ], [ [ 23.9456073, 37.9377554 ], [ 23.9454331, 37.9375724 ], [ 23.9451135, 37.9372365 ], [ 23.9450142, 37.9371323 ], [ 23.9445909, 37.9366877 ], [ 23.9444612, 37.9365515 ], [ 23.9441136, 37.9361863 ], [ 23.9439872, 37.9360535 ] ], [ [ 23.6475926, 37.9429173 ], [ 23.646996, 37.9430952 ], [ 23.6467112, 37.9431864 ], [ 23.6462731, 37.9433161 ], [ 23.6459131, 37.9434267 ], [ 23.6450318, 37.9437294 ], [ 23.6443142, 37.9439765 ], [ 23.6437771, 37.9442108 ], [ 23.643308, 37.9444721 ], [ 23.6428853, 37.9447769 ], [ 23.6426738, 37.9449694 ], [ 23.6425158, 37.9451612 ], [ 23.6424548, 37.9452743 ], [ 23.6423707, 37.9454542 ], [ 23.6423326, 37.9456103 ], [ 23.6423258, 37.9457514 ], [ 23.6423221, 37.9459218 ], [ 23.6423194, 37.9464803 ], [ 23.642323, 37.9471679 ], [ 23.6423253, 37.9476102 ] ], [ [ 23.6423253, 37.9476102 ], [ 23.6423102, 37.9479457 ], [ 23.6423272, 37.9485846 ], [ 23.6423273, 37.948616 ] ], [ [ 23.6423273, 37.948616 ], [ 23.6423111, 37.9489915 ], [ 23.6422804, 37.9497468 ], [ 23.6422346, 37.9508929 ], [ 23.6421645, 37.9516109 ], [ 23.6420243, 37.952302 ], [ 23.6417439, 37.953131 ], [ 23.6411828, 37.9542992 ], [ 23.6401699, 37.9563027 ], [ 23.6399607, 37.9570452 ], [ 23.6398559, 37.9580091 ], [ 23.6398217, 37.9590487 ] ], [ [ 23.6398217, 37.9590487 ], [ 23.6397874, 37.9600579 ] ], [ [ 23.6397874, 37.9600579 ], [ 23.6397667, 37.9606329 ], [ 23.6397735, 37.9611246 ], [ 23.6399258, 37.9615982 ], [ 23.6402081, 37.9619923 ], [ 23.6407038, 37.9624735 ], [ 23.6414043, 37.9628608 ], [ 23.6423378, 37.9632581 ], [ 23.6433152, 37.9635502 ], [ 23.6440121, 37.9637867 ], [ 23.6445377, 37.9639801 ], [ 23.6450292, 37.9641946 ], [ 23.6455295, 37.9644852 ], [ 23.6460198, 37.9648372 ], [ 23.6468668, 37.96541 ] ], [ [ 23.6468668, 37.96541 ], [ 23.6478426, 37.9660813 ] ], [ [ 23.6478426, 37.9660813 ], [ 23.6487348, 37.966689 ], [ 23.6492083, 37.9671608 ], [ 23.6495356, 37.9677011 ], [ 23.6496678, 37.9683284 ], [ 23.6496326, 37.9689695 ], [ 23.6494249, 37.9695405 ], [ 23.6491387, 37.9701495 ], [ 23.6482038, 37.9719072 ], [ 23.6479325, 37.9725684 ], [ 23.6477845, 37.9732095 ], [ 23.6477845, 37.9737724 ], [ 23.6479077, 37.9744712 ], [ 23.6482274, 37.9750527 ], [ 23.6487943, 37.9756938 ], [ 23.6495195, 37.976293 ], [ 23.6499953, 37.9766598 ] ], [ [ 23.6499953, 37.9766598 ], [ 23.6504221, 37.9770388 ], [ 23.650849, 37.9774178 ] ], [ [ 23.650849, 37.9774178 ], [ 23.6537591, 37.9800463 ], [ 23.6542843, 37.9806121 ], [ 23.6548799, 37.9812609 ], [ 23.655423, 37.9820619 ], [ 23.6562277, 37.9834408 ], [ 23.6567428, 37.9842975 ], [ 23.657028, 37.9847655 ], [ 23.6580309, 37.9861776 ], [ 23.6586593, 37.9872467 ], [ 23.6589766, 37.9880797 ], [ 23.6591872, 37.9889388 ], [ 23.659353, 37.9899646 ], [ 23.6595878, 37.9915569 ], [ 23.6597229, 37.99244 ], [ 23.6598165, 37.9928825 ], [ 23.6599599, 37.9933163 ], [ 23.6601523, 37.9937381 ], [ 23.6603922, 37.9941449 ], [ 23.6613327, 37.9955682 ], [ 23.6615002, 37.9957963 ], [ 23.6616925, 37.9960115 ], [ 23.6619084, 37.9962124 ], [ 23.662146, 37.9963973 ], [ 23.6624036, 37.9965649 ], [ 23.662679, 37.9967138 ], [ 23.6629702, 37.9968428 ], [ 23.6632748, 37.9969508 ], [ 23.6635903, 37.9970371 ], [ 23.6639143, 37.997101 ], [ 23.6642443, 37.9971419 ], [ 23.6645776, 37.9971595 ], [ 23.6649115, 37.9971537 ], [ 23.6652439, 37.9971245 ], [ 23.6664715, 37.9969728 ] ], [ [ 23.6664715, 37.9969728 ], [ 23.6677666, 37.9968128 ] ], [ [ 23.6677666, 37.9968128 ], [ 23.6678443, 37.9968032 ], [ 23.6682622, 37.9967367 ], [ 23.6686707, 37.9966419 ], [ 23.6690672, 37.9965193 ], [ 23.669449, 37.9963698 ], [ 23.6743627, 37.9942298 ], [ 23.675341, 37.9937803 ], [ 23.6762919, 37.9932959 ], [ 23.6770499, 37.99289 ], [ 23.6775955, 37.9926328 ], [ 23.6781306, 37.992424 ], [ 23.6797416, 37.9919457 ], [ 23.680122, 37.991849 ], [ 23.6802305, 37.9918193 ], [ 23.6810837, 37.9915616 ], [ 23.6811908, 37.9915327 ] ], [ [ 23.6811908, 37.9915327 ], [ 23.6818003, 37.9913832 ], [ 23.6824097, 37.9912336 ], [ 23.6825201, 37.9912105 ], [ 23.6834097, 37.9910455 ], [ 23.6835201, 37.9910225 ], [ 23.6844296, 37.9908111 ], [ 23.6858864, 37.9904759 ], [ 23.6869866, 37.9901459 ], [ 23.6874136, 37.9899516 ], [ 23.6877195, 37.9898114 ], [ 23.6877539, 37.9897927 ], [ 23.6878826, 37.9897227 ], [ 23.6885734, 37.9893482 ], [ 23.6890594, 37.9890977 ], [ 23.6895612, 37.988867 ], [ 23.6900772, 37.9886566 ], [ 23.6906061, 37.9884672 ], [ 23.6911466, 37.9882993 ], [ 23.6916969, 37.9881533 ], [ 23.6927506, 37.9878971 ] ], [ [ 23.6927506, 37.9878971 ], [ 23.6933605, 37.9877488 ], [ 23.6939704, 37.9876006 ] ], [ [ 23.6939704, 37.9876006 ], [ 23.6952653, 37.9872857 ], [ 23.6956842, 37.9871768 ], [ 23.6960973, 37.9870553 ], [ 23.696504, 37.9869212 ], [ 23.6969041, 37.9867747 ], [ 23.6979609, 37.986368 ], [ 23.6983821, 37.9861988 ], [ 23.699108, 37.9859091 ], [ 23.6999057, 37.9855805 ], [ 23.7014014, 37.9849748 ], [ 23.7027239, 37.9844336 ], [ 23.7031118, 37.9842728 ], [ 23.7033479, 37.9841667 ], [ 23.7036648, 37.9840217 ], [ 23.7038686, 37.9839336 ], [ 23.7049216, 37.9834719 ], [ 23.7052124, 37.9833464 ], [ 23.705465, 37.9832357 ], [ 23.7056125, 37.9831685 ], [ 23.7057657, 37.9830936 ], [ 23.7059836, 37.9829644 ], [ 23.7061132, 37.982875 ], [ 23.706202, 37.9827993 ], [ 23.7063535, 37.9826455 ], [ 23.7064945, 37.9824899 ], [ 23.7066205, 37.982327 ], [ 23.7067362, 37.9821684 ], [ 23.7070246, 37.9816497 ], [ 23.7072834, 37.9811226 ], [ 23.7074181, 37.9808877 ], [ 23.7075948, 37.9806321 ], [ 23.7078184, 37.9803829 ], [ 23.7080956, 37.9801186 ], [ 23.7084967, 37.9798792 ], [ 23.708898, 37.9796585 ], [ 23.7092457, 37.9794591 ], [ 23.709697, 37.979239 ], [ 23.7098679, 37.979133 ], [ 23.7100148, 37.9790683 ], [ 23.7103635, 37.9789292 ], [ 23.7115309, 37.9785236 ], [ 23.7121046, 37.9783397 ], [ 23.7125878, 37.9781936 ], [ 23.713265, 37.9779937 ], [ 23.7136906, 37.9778704 ], [ 23.7141024, 37.9777645 ], [ 23.7146292, 37.9776594 ], [ 23.7150012, 37.9776157 ], [ 23.7152674, 37.9776115 ], [ 23.7157661, 37.977646 ], [ 23.7166978, 37.9777015 ], [ 23.717036, 37.9777222 ], [ 23.7172627, 37.9777286 ], [ 23.7176148, 37.9777151 ], [ 23.7182506, 37.9776568 ], [ 23.7191875, 37.9775372 ], [ 23.722026, 37.9771948 ], [ 23.7224341, 37.9771424 ] ], [ [ 23.7224341, 37.9771424 ], [ 23.7228407, 37.977098 ], [ 23.7244605, 37.9769003 ], [ 23.7250552, 37.9768176 ] ], [ [ 23.7250552, 37.9768176 ], [ 23.7263158, 37.9766579 ], [ 23.7267144, 37.9766252 ], [ 23.7287974, 37.9763524 ], [ 23.7311957, 37.9760272 ], [ 23.7315815, 37.9759736 ], [ 23.7319592, 37.9759143 ], [ 23.7322548, 37.9758467 ], [ 23.7325292, 37.9757633 ], [ 23.7328053, 37.9756612 ], [ 23.7338223, 37.9752467 ], [ 23.7340819, 37.9751597 ], [ 23.7343946, 37.9750729 ], [ 23.7346758, 37.9750112 ], [ 23.7357062, 37.9748526 ] ], [ [ 23.7357062, 37.9748526 ], [ 23.7378408, 37.9745949 ], [ 23.7383327, 37.9745399 ], [ 23.7388575, 37.974478 ] ], [ [ 23.7388575, 37.974478 ], [ 23.7394108, 37.9744482 ], [ 23.7397841, 37.9744359 ], [ 23.7401075, 37.9744464 ], [ 23.7404636, 37.9744805 ], [ 23.7407844, 37.9745421 ], [ 23.7411118, 37.9746193 ] ], [ [ 23.7411118, 37.9746193 ], [ 23.7429686, 37.9751168 ], [ 23.7436363, 37.9752908 ], [ 23.7442058, 37.9754275 ], [ 23.7471092, 37.9761107 ], [ 23.7481448, 37.9763478 ], [ 23.7487036, 37.9764834 ], [ 23.7492816, 37.9766657 ], [ 23.7497605, 37.9768426 ], [ 23.7504563, 37.9771426 ], [ 23.751015, 37.9774423 ], [ 23.7515951, 37.9778138 ], [ 23.7518593, 37.9780053 ], [ 23.7521505, 37.978274 ], [ 23.7530234, 37.9790211 ], [ 23.753984, 37.9798545 ], [ 23.7543389, 37.9802131 ], [ 23.7545904, 37.9804792 ], [ 23.7550132, 37.9809426 ], [ 23.7551197, 37.9810593 ], [ 23.7552607, 37.9812042 ], [ 23.7554414, 37.9813937 ], [ 23.7557734, 37.9817418 ], [ 23.7557833, 37.9817529 ], [ 23.7559208, 37.9819636 ], [ 23.7560047, 37.9820967 ], [ 23.7560746, 37.982235 ], [ 23.7562074, 37.9825899 ], [ 23.756526, 37.9835002 ], [ 23.7573162, 37.9859161 ], [ 23.7576995, 37.9871894 ], [ 23.758411, 37.9892261 ], [ 23.7585713, 37.9897108 ], [ 23.7585808, 37.9897411 ], [ 23.758904, 37.9903237 ], [ 23.7589834, 37.9904668 ], [ 23.7589987, 37.9904925 ], [ 23.7593483, 37.9909642 ], [ 23.7593767, 37.990999 ], [ 23.7599083, 37.9915323 ], [ 23.7602891, 37.9918449 ], [ 23.7608331, 37.9921913 ], [ 23.761358, 37.9924861 ], [ 23.7616649, 37.9926326 ], [ 23.7621525, 37.9928368 ], [ 23.7628764, 37.9930502 ], [ 23.7633902, 37.9931609 ], [ 23.7635814, 37.9931964 ], [ 23.763767, 37.993231 ], [ 23.7642158, 37.9932649 ], [ 23.7648753, 37.993282 ], [ 23.7656981, 37.9932413 ], [ 23.7659538, 37.9932224 ], [ 23.766264, 37.9931812 ], [ 23.7663519, 37.9931655 ], [ 23.7665305, 37.9931336 ], [ 23.7667672, 37.9930982 ], [ 23.7670777, 37.9930435 ], [ 23.7675705, 37.992873 ], [ 23.7687924, 37.9923015 ], [ 23.7700353, 37.9917854 ], [ 23.7708568, 37.9915253 ], [ 23.7716722, 37.9914558 ], [ 23.7720402, 37.991466 ], [ 23.7724084, 37.991508 ], [ 23.7733905, 37.9919008 ], [ 23.7747795, 37.9924596 ], [ 23.7754166, 37.9928167 ], [ 23.7757879, 37.9930607 ], [ 23.7758493, 37.9931035 ], [ 23.7758978, 37.9931354 ] ], [ [ 23.7758978, 37.9931354 ], [ 23.7763132, 37.993411 ], [ 23.7767641, 37.9937402 ], [ 23.7779472, 37.994623 ], [ 23.7783827, 37.994926 ], [ 23.779021, 37.9953242 ], [ 23.780301, 37.9960666 ], [ 23.7810009, 37.9964901 ], [ 23.7820718, 37.997236 ], [ 23.7829123, 37.997884 ], [ 23.7834258, 37.9983114 ], [ 23.7839562, 37.9987526 ], [ 23.7841902, 37.9989361 ], [ 23.7844882, 37.9991725 ] ], [ [ 23.7844882, 37.9991725 ], [ 23.7859749, 38.0002006 ], [ 23.786546, 38.0005396 ], [ 23.7872638, 38.0009596 ], [ 23.787514, 38.0010823 ], [ 23.7877972, 38.0011947 ], [ 23.7880732, 38.0012959 ], [ 23.7887095, 38.0014985 ], [ 23.790174, 38.0019907 ], [ 23.7906618, 38.0021537 ], [ 23.7911125, 38.0023436 ], [ 23.7913952, 38.0024876 ], [ 23.7918645, 38.0027828 ], [ 23.7923739, 38.0031423 ], [ 23.7933423, 38.0038543 ], [ 23.7947223, 38.0048986 ], [ 23.7953109, 38.0053439 ], [ 23.7955332, 38.0054884 ], [ 23.7957497, 38.0056111 ], [ 23.7959414, 38.0057013 ], [ 23.7961343, 38.0057817 ], [ 23.7964174, 38.0058892 ], [ 23.7992013, 38.0068596 ], [ 23.7995834, 38.0069346 ], [ 23.800191, 38.0070288 ], [ 23.8007417, 38.0071385 ], [ 23.8011531, 38.0072449 ], [ 23.8016707, 38.0074423 ], [ 23.8020511, 38.0075823 ], [ 23.8043754, 38.0084592 ], [ 23.8052022, 38.008808 ], [ 23.8053057, 38.0088516 ], [ 23.8057861, 38.0090857 ], [ 23.80631, 38.0093348 ], [ 23.8066796, 38.009606 ], [ 23.8071465, 38.0100068 ], [ 23.807666, 38.0106288 ], [ 23.8081881, 38.011221 ], [ 23.8091649, 38.0124894 ], [ 23.8108497, 38.0147468 ], [ 23.8115685, 38.0158542 ], [ 23.8125006, 38.0171203 ], [ 23.8133903, 38.0179057 ], [ 23.8147719, 38.0193311 ], [ 23.8154817, 38.0199927 ], [ 23.8157695, 38.0202169 ], [ 23.8161189, 38.0204371 ], [ 23.816449, 38.0206336 ], [ 23.8167926, 38.020801 ], [ 23.8172438, 38.0209768 ], [ 23.8175544, 38.0210784 ], [ 23.8179777, 38.021181 ], [ 23.8188666, 38.0213357 ], [ 23.8207595, 38.0216963 ] ], [ [ 23.8207595, 38.0216963 ], [ 23.8221799, 38.0219552 ], [ 23.8229838, 38.0221096 ], [ 23.8244988, 38.0223883 ], [ 23.8248926, 38.0224683 ], [ 23.8259746, 38.0226727 ], [ 23.8270825, 38.0228829 ], [ 23.8281782, 38.0230857 ], [ 23.8301641, 38.0233685 ], [ 23.8303412, 38.0233937 ], [ 23.8307935, 38.0234581 ], [ 23.831381, 38.0236015 ], [ 23.8315802, 38.0236651 ], [ 23.8325569, 38.0239773 ] ], [ [ 23.8325569, 38.0239773 ], [ 23.8332902, 38.0242128 ], [ 23.8340747, 38.0244399 ], [ 23.8348631, 38.0246465 ], [ 23.8353705, 38.0247243 ], [ 23.8359244, 38.0247524 ], [ 23.8364558, 38.024692 ], [ 23.8366816, 38.0246382 ], [ 23.8369116, 38.024563 ], [ 23.8373064, 38.0243914 ], [ 23.8377508, 38.0241556 ], [ 23.838515, 38.0237476 ], [ 23.8390903, 38.023499 ], [ 23.839429, 38.0233651 ], [ 23.8397774, 38.023255 ], [ 23.8405459, 38.023095 ], [ 23.8410309, 38.022994 ] ], [ [ 23.8410309, 38.022994 ], [ 23.8412509, 38.0229541 ], [ 23.841505, 38.022916 ] ], [ [ 23.841505, 38.022916 ], [ 23.8437895, 38.022613 ] ], [ [ 23.8437895, 38.022613 ], [ 23.8440691, 38.022564 ], [ 23.8443975, 38.0224952 ] ], [ [ 23.8443975, 38.0224952 ], [ 23.844706, 38.0224305 ], [ 23.8450061, 38.0223821 ] ], [ [ 23.8450061, 38.0223821 ], [ 23.847313, 38.022052 ], [ 23.8477447, 38.021997 ], [ 23.8481525, 38.0219574 ], [ 23.8485551, 38.0219252 ], [ 23.8492714, 38.0218765 ], [ 23.849697, 38.0218513 ], [ 23.8501081, 38.0218129 ], [ 23.8505575, 38.0217577 ] ], [ [ 23.8505575, 38.0217577 ], [ 23.8529317, 38.0214297 ], [ 23.8538435, 38.021303 ], [ 23.8550456, 38.0211381 ], [ 23.8560327, 38.0210057 ], [ 23.8571474, 38.0208481 ], [ 23.8575956, 38.0207791 ], [ 23.858055, 38.0207017 ], [ 23.8584574, 38.0206238 ] ], [ [ 23.8584574, 38.0206238 ], [ 23.8587629, 38.0205605 ], [ 23.8591152, 38.0204801 ] ], [ [ 23.8591152, 38.0204801 ], [ 23.8594828, 38.0203829 ], [ 23.8598179, 38.0202877 ], [ 23.8601518, 38.0201876 ], [ 23.8604963, 38.0200722 ], [ 23.8608827, 38.0199297 ], [ 23.8611984, 38.0198054 ], [ 23.8615594, 38.0196514 ], [ 23.8619461, 38.019473 ], [ 23.8622932, 38.0193021 ], [ 23.8626805, 38.0190935 ], [ 23.8630245, 38.0188948 ], [ 23.8633951, 38.018662 ], [ 23.8637053, 38.0184559 ], [ 23.8640573, 38.0182051 ], [ 23.8643632, 38.0179678 ], [ 23.8646104, 38.0177705 ], [ 23.8649443, 38.017477 ], [ 23.8651962, 38.017239 ], [ 23.865417, 38.0170221 ], [ 23.8656087, 38.0168155 ], [ 23.8658486, 38.0165502 ], [ 23.8660539, 38.0163051 ], [ 23.8662195, 38.0160972 ], [ 23.8664253, 38.0158137 ], [ 23.8667179, 38.0153792 ], [ 23.8669339, 38.015019 ], [ 23.8671207, 38.0146744 ], [ 23.8672795, 38.0143527 ] ], [ [ 23.8672795, 38.0143527 ], [ 23.8673615, 38.0141684 ], [ 23.8674636, 38.013928 ], [ 23.8675319, 38.0137487 ], [ 23.8676211, 38.0134969 ], [ 23.8676937, 38.01328 ], [ 23.8677687, 38.0130197 ], [ 23.8678428, 38.0127353 ], [ 23.8679055, 38.0124662 ], [ 23.8679538, 38.0122326 ], [ 23.8679986, 38.0120089 ], [ 23.8680424, 38.0117544 ], [ 23.8681175, 38.0113325 ], [ 23.8681916, 38.0108874 ], [ 23.8683061, 38.0102023 ], [ 23.8683976, 38.0096526 ], [ 23.8684877, 38.0091273 ], [ 23.868539, 38.0088553 ], [ 23.8685869, 38.0086313 ], [ 23.868653, 38.0083373 ], [ 23.8687328, 38.0080425 ], [ 23.8688329, 38.0077062 ], [ 23.8689602, 38.0073123 ], [ 23.8690974, 38.0069391 ], [ 23.8693131, 38.0063584 ], [ 23.8694733, 38.0059384 ], [ 23.8696405, 38.0054925 ], [ 23.8697977, 38.0050389 ], [ 23.8698934, 38.0047575 ], [ 23.86995, 38.0045807 ], [ 23.8700086, 38.0043989 ], [ 23.8700648, 38.0042071 ], [ 23.870117, 38.0040289 ], [ 23.8702122, 38.0036864 ], [ 23.8702805, 38.0034336 ], [ 23.8703555, 38.0031694 ], [ 23.8706019, 38.0022656 ], [ 23.870752, 38.0017323 ] ], [ [ 23.870752, 38.0017323 ], [ 23.8709308, 38.0011196 ] ], [ [ 23.8709308, 38.0011196 ], [ 23.871171, 38.0003202 ], [ 23.8714222, 37.9994609 ], [ 23.8717448, 37.9983763 ], [ 23.8719981, 37.9975104 ], [ 23.8722806, 37.9965459 ], [ 23.8723763, 37.996207 ], [ 23.872445, 37.9959626 ], [ 23.8725003, 37.9957374 ], [ 23.8725577, 37.9954614 ], [ 23.872597, 37.9952228 ] ], [ [ 23.872597, 37.9952228 ], [ 23.8726384, 37.9949614 ], [ 23.8726607, 37.9947581 ], [ 23.8726725, 37.9945109 ] ], [ [ 23.8726725, 37.9945109 ], [ 23.8726785, 37.9942524 ], [ 23.8726824, 37.9940835 ], [ 23.8726745, 37.9938079 ], [ 23.8726538, 37.9934667 ], [ 23.8726124, 37.9930906 ], [ 23.8725418, 37.9926065 ], [ 23.8724561, 37.9922322 ], [ 23.8723713, 37.9918793 ], [ 23.8721882, 37.9912813 ], [ 23.8719434, 37.9905286 ], [ 23.8717656, 37.9899971 ] ], [ [ 23.8717656, 37.9899971 ], [ 23.8716858, 37.9897742 ] ], [ [ 23.8716858, 37.9897742 ], [ 23.8713208, 37.9886714 ], [ 23.8711134, 37.9880478 ], [ 23.8709551, 37.9875766 ], [ 23.8707805, 37.9870575 ], [ 23.870653, 37.9866787 ], [ 23.8705717, 37.9864378 ], [ 23.870405, 37.985942 ], [ 23.8702401, 37.9854329 ], [ 23.8700731, 37.9849428 ], [ 23.8699876, 37.9846752 ], [ 23.8699174, 37.9843951 ], [ 23.8698617, 37.984167 ], [ 23.8698255, 37.9839819 ], [ 23.8697999, 37.9838272 ], [ 23.869766, 37.9835002 ], [ 23.8697418, 37.9832049 ], [ 23.8697375, 37.982896 ], [ 23.8697477, 37.9825943 ], [ 23.8697689, 37.9823278 ], [ 23.8698017, 37.9820477 ], [ 23.8698476, 37.9817646 ], [ 23.8699072, 37.9814785 ], [ 23.8699772, 37.9812156 ], [ 23.8700637, 37.9809412 ], [ 23.870174, 37.9806318 ], [ 23.8702827, 37.9803749 ], [ 23.8704013, 37.9801224 ], [ 23.8705371, 37.9798681 ], [ 23.8706886, 37.9795958 ], [ 23.8708481, 37.979348 ], [ 23.871029, 37.9790827 ], [ 23.8712151, 37.978842 ], [ 23.8714128, 37.9786 ], [ 23.8716068, 37.9783786 ], [ 23.8719169, 37.9780601 ], [ 23.8723139, 37.9776755 ], [ 23.8730495, 37.9769661 ], [ 23.8739891, 37.976062 ], [ 23.87449, 37.9755948 ], [ 23.8755516, 37.9745755 ], [ 23.8770199, 37.9731661 ], [ 23.8791817, 37.9710907 ], [ 23.8800144, 37.9702913 ], [ 23.8811799, 37.9691717 ], [ 23.881629, 37.9687455 ], [ 23.8820393, 37.9683276 ], [ 23.8824285, 37.9679139 ], [ 23.8828075, 37.9674836 ], [ 23.8831674, 37.9670375 ], [ 23.8834865, 37.966628 ], [ 23.8837888, 37.9662018 ], [ 23.884052, 37.9658061 ], [ 23.884301, 37.9654129 ], [ 23.8845377, 37.9650047 ], [ 23.8847566, 37.964596 ], [ 23.8849781, 37.9641473 ], [ 23.8851891, 37.9636859 ], [ 23.8853772, 37.9632206 ], [ 23.8855625, 37.9627178 ], [ 23.8857301, 37.9622068 ], [ 23.8858044, 37.9619135 ], [ 23.8859036, 37.9615373 ], [ 23.885971, 37.961234 ], [ 23.8860316, 37.9609453 ], [ 23.8860846, 37.9606732 ], [ 23.8861314, 37.9603829 ], [ 23.8861844, 37.9599868 ], [ 23.8862233, 37.9595709 ], [ 23.8862562, 37.9590523 ], [ 23.8862655, 37.9580989 ] ], [ [ 23.8862655, 37.9580989 ], [ 23.8862474, 37.935645 ] ], [ [ 23.8862474, 37.935645 ], [ 23.8862808, 37.9351017 ], [ 23.8863243, 37.9345605 ], [ 23.8863769, 37.9339901 ], [ 23.8864178, 37.9335079 ], [ 23.8864777, 37.9329349 ], [ 23.8865565, 37.9323681 ], [ 23.8866487, 37.9318086 ], [ 23.8867423, 37.9312335 ], [ 23.8868549, 37.9306832 ], [ 23.8869841, 37.930119 ], [ 23.8871149, 37.9295671 ], [ 23.8872595, 37.9290015 ], [ 23.8874205, 37.9284582 ], [ 23.8875969, 37.9279104 ], [ 23.8877578, 37.9274244 ], [ 23.8879284, 37.9269601 ], [ 23.8880908, 37.9265245 ], [ 23.8882967, 37.9259961 ], [ 23.8885245, 37.9254522 ], [ 23.8887638, 37.9249131 ], [ 23.8890146, 37.9243846 ], [ 23.889252, 37.923911 ], [ 23.8895121, 37.9234044 ], [ 23.8897734, 37.9229248 ], [ 23.8900508, 37.9224426 ], [ 23.8935875, 37.9165023 ] ], [ [ 23.8935875, 37.9165023 ], [ 23.894372, 37.9151963 ] ], [ [ 23.894372, 37.9151963 ], [ 23.8948442, 37.9144022 ], [ 23.8950628, 37.9140236 ], [ 23.8952882, 37.9136404 ] ], [ [ 23.8952882, 37.9136404 ], [ 23.8954314, 37.9134141 ], [ 23.8955043, 37.913305 ], [ 23.8955662, 37.9132123 ], [ 23.8957276, 37.9129838 ], [ 23.8959674, 37.9126711 ], [ 23.8960768, 37.912537 ], [ 23.8964421, 37.9120896 ] ], [ [ 23.8964421, 37.9120896 ], [ 23.8967667, 37.9117094 ], [ 23.8975515, 37.9107732 ], [ 23.8980798, 37.9100613 ], [ 23.8982993, 37.9098101 ], [ 23.8984757, 37.9096218 ], [ 23.898638, 37.9094639 ], [ 23.8987814, 37.9093382 ], [ 23.8989367, 37.9092169 ], [ 23.8991254, 37.9090807 ], [ 23.8992994, 37.9089771 ], [ 23.8995006, 37.9088771 ], [ 23.8997297, 37.9087765 ], [ 23.8999398, 37.9086963 ], [ 23.9001905, 37.9086168 ], [ 23.900435, 37.908555 ], [ 23.9006592, 37.9085107 ], [ 23.9008912, 37.908478 ], [ 23.9011049, 37.9084577 ], [ 23.9013107, 37.9084461 ], [ 23.9015148, 37.9084463 ], [ 23.9017282, 37.9084554 ], [ 23.9020159, 37.9084766 ] ], [ [ 23.9020159, 37.9084766 ], [ 23.9022747, 37.9085188 ], [ 23.9025165, 37.9085739 ], [ 23.9027619, 37.9086428 ], [ 23.9029919, 37.9087111 ] ], [ [ 23.9029919, 37.9087111 ], [ 23.9034605, 37.9088844 ], [ 23.9043844, 37.9092625 ], [ 23.9049324, 37.909488 ], [ 23.9052489, 37.9096319 ], [ 23.90568, 37.9098365 ], [ 23.9060631, 37.9100227 ], [ 23.9065057, 37.9102356 ], [ 23.9069617, 37.9104552 ], [ 23.9076572, 37.910791 ], [ 23.9082403, 37.911074 ], [ 23.9091617, 37.9115189 ], [ 23.9094713, 37.9116662 ], [ 23.9098592, 37.9118465 ], [ 23.9101296, 37.9119688 ], [ 23.9104363, 37.9121023 ], [ 23.9106509, 37.9121879 ], [ 23.9108193, 37.912257 ], [ 23.91099, 37.9123242 ], [ 23.9111998, 37.9124022 ], [ 23.9114006, 37.9124759 ], [ 23.9116207, 37.9125532 ], [ 23.9118489, 37.9126278 ], [ 23.9120911, 37.912709 ], [ 23.9123289, 37.912782 ], [ 23.9125433, 37.9128455 ], [ 23.9127605, 37.912908 ], [ 23.9129974, 37.9129712 ], [ 23.9132471, 37.9130372 ], [ 23.9134686, 37.9130917 ], [ 23.913657, 37.9131357 ], [ 23.9139307, 37.9131977 ], [ 23.9142843, 37.9132743 ], [ 23.9146156, 37.9133424 ], [ 23.9150626, 37.9134302 ], [ 23.9160896, 37.9136365 ], [ 23.9178725, 37.9139896 ], [ 23.9189097, 37.9141934 ], [ 23.9199355, 37.9144009 ], [ 23.920517, 37.9145252 ], [ 23.9209132, 37.9146242 ], [ 23.9212937, 37.9147252 ], [ 23.9215946, 37.9148134 ], [ 23.921903, 37.9149145 ], [ 23.9222271, 37.9150286 ], [ 23.922497, 37.9151316 ], [ 23.9227728, 37.9152429 ], [ 23.9230953, 37.9153816 ], [ 23.9233693, 37.9155112 ], [ 23.9236136, 37.9156322 ], [ 23.9238201, 37.9157421 ], [ 23.9240446, 37.9158638 ], [ 23.9242847, 37.9160028 ], [ 23.9245154, 37.9161455 ], [ 23.9247343, 37.9162872 ], [ 23.9249993, 37.9164667 ], [ 23.92525, 37.9166452 ], [ 23.925452, 37.9167984 ], [ 23.9257656, 37.9170521 ], [ 23.9260387, 37.9172887 ], [ 23.9262528, 37.917487 ], [ 23.9265558, 37.9177849 ], [ 23.9269357, 37.9181758 ], [ 23.9278639, 37.9191595 ], [ 23.9283932, 37.9197191 ] ], [ [ 23.9283932, 37.9197191 ], [ 23.9286192, 37.9199517 ], [ 23.9322498, 37.9237366 ], [ 23.9388616, 37.9306704 ], [ 23.9393832, 37.9312192 ], [ 23.9401255, 37.9320117 ], [ 23.9417922, 37.9337611 ] ], [ [ 23.9417922, 37.9337611 ], [ 23.9430589, 37.9350827 ] ], [ [ 23.9430589, 37.9350827 ], [ 23.9439617, 37.9360725 ], [ 23.9447336, 37.9368813 ] ] ] } },
{ "type": "Feature", "properties": { "full_id": "5", "ref": "Μ3", "name:en": "Metro Μ3: Airport → Dimotiko Theatro", "name": "Μετρό Μ3: Αεροδρόμιο → Δημοτικό Θέατρο", "shapeleng_": 49.015767823694617 }, "geometry": { "type": "MultiLineString", "coordinates": [ [ [ 23.9455575, 37.9377851 ], [ 23.9453804, 37.9375992 ], [ 23.945063, 37.9372661 ], [ 23.9449641, 37.9371622 ], [ 23.9445364, 37.9367131 ], [ 23.9444105, 37.9365809 ], [ 23.9440638, 37.936217 ], [ 23.9439366, 37.9360835 ] ], [ [ 23.8965618, 37.9121408 ], [ 23.8961951, 37.9125969 ], [ 23.8961112, 37.9127058 ], [ 23.8960178, 37.9128279 ], [ 23.8958578, 37.9130306 ] ], [ [ 23.8703234, 37.9853916 ], [ 23.8701766, 37.9849201 ], [ 23.8700987, 37.9846538 ] ], [ [ 23.8700987, 37.9846538 ], [ 23.8700473, 37.9844627 ] ], [ [ 23.870174, 38.0042231 ], [ 23.8701575, 38.004279 ], [ 23.8700668, 38.0045703 ], [ 23.8699929, 38.0047978 ], [ 23.8699011, 38.0050594 ] ], [ [ 23.7263228, 37.9766874 ], [ 23.7250614, 37.976845 ], [ 23.7250654, 37.9768634 ], [ 23.7263268, 37.9767058 ], [ 23.7263228, 37.9766874 ] ], [ [ 23.710389, 37.9789735 ], [ 23.7104079, 37.9790075 ], [ 23.7115743, 37.9786043 ], [ 23.7115554, 37.9785704 ], [ 23.710389, 37.9789735 ] ], [ [ 23.694004, 37.9876864 ], [ 23.693933, 37.9877037 ], [ 23.6936933, 37.9877619 ], [ 23.6931161, 37.9879023 ], [ 23.6927842, 37.987983 ], [ 23.6927674, 37.9879401 ], [ 23.6936765, 37.987719 ], [ 23.6939872, 37.9876435 ], [ 23.694004, 37.9876864 ] ], [ [ 23.6824487, 37.9913323 ], [ 23.682144, 37.9914071 ], [ 23.6817987, 37.9914918 ], [ 23.6815345, 37.9915566 ], [ 23.6812298, 37.9916313 ] ], [ [ 23.6677754, 37.9968572 ], [ 23.6664803, 37.9970172 ], [ 23.6664891, 37.9970616 ], [ 23.666827, 37.9970198 ], [ 23.6668551, 37.9970164 ], [ 23.6669115, 37.9970094 ], [ 23.6672212, 37.9969711 ], [ 23.6672872, 37.997013 ], [ 23.6673153, 37.9970095 ], [ 23.6673435, 37.997006 ], [ 23.6673901, 37.9969503 ], [ 23.6676998, 37.996912 ], [ 23.6677561, 37.996905 ], [ 23.6677842, 37.9969015 ], [ 23.6677754, 37.9968572 ] ], [ [ 23.6593158, 37.9901855 ], [ 23.6591591, 37.9891896 ] ], [ [ 23.6508064, 37.9774476 ], [ 23.6507631, 37.977478 ], [ 23.6499094, 37.97672 ], [ 23.6499527, 37.9766897 ], [ 23.6508064, 37.9774476 ] ], [ [ 23.647787, 37.9661274 ], [ 23.6468118, 37.9654631 ] ], [ [ 23.6397447, 37.9590467 ], [ 23.6397082, 37.9600559 ] ], [ [ 23.6422472, 37.9476092 ], [ 23.6422507, 37.9486155 ] ], [ [ 23.6469758, 37.9430532 ], [ 23.6469688, 37.9430385 ], [ 23.6481621, 37.9426827 ], [ 23.6481692, 37.9426974 ], [ 23.6469758, 37.9430532 ] ], [ [ 23.9430589, 37.9350827 ], [ 23.9439617, 37.9360725 ], [ 23.9447336, 37.9368813 ] ], [ [ 23.9417922, 37.9337611 ], [ 23.9430589, 37.9350827 ] ], [ [ 23.9411126, 37.9331079 ], [ 23.9412719, 37.9332712 ], [ 23.9416488, 37.9336187 ], [ 23.9417922, 37.9337611 ] ], [ [ 23.9411126, 37.9331079 ], [ 23.9408562, 37.9328335 ], [ 23.9407333, 37.9327071 ], [ 23.9400847, 37.9320401 ], [ 23.9388103, 37.9307044 ], [ 23.9339139, 37.9255706 ], [ 23.9321955, 37.9237689 ], [ 23.9285651, 37.9199842 ], [ 23.9283392, 37.9197518 ] ], [ [ 23.9283392, 37.9197518 ], [ 23.9277349, 37.9190888 ], [ 23.9272449, 37.9185723 ], [ 23.9268932, 37.9182016 ], [ 23.9265085, 37.9178137 ], [ 23.9262042, 37.9175179 ], [ 23.9259775, 37.9173143 ], [ 23.9257106, 37.9170836 ], [ 23.9253975, 37.9168335 ], [ 23.9252002, 37.9166879 ], [ 23.924944, 37.9165067 ], [ 23.9246781, 37.9163271 ], [ 23.9244651, 37.9161955 ], [ 23.9242423, 37.9160623 ], [ 23.923996, 37.915919 ], [ 23.9237732, 37.9158013 ], [ 23.9235543, 37.9156898 ], [ 23.9233158, 37.9155722 ], [ 23.9230567, 37.9154529 ], [ 23.9227269, 37.915312 ], [ 23.9224492, 37.9152005 ], [ 23.922193, 37.9151053 ], [ 23.9218583, 37.9149914 ], [ 23.921558, 37.9148954 ], [ 23.9212636, 37.9148079 ], [ 23.9208749, 37.914708 ], [ 23.9204647, 37.9146058 ], [ 23.9199239, 37.914492 ], [ 23.9188826, 37.914283 ], [ 23.9178502, 37.9140778 ], [ 23.9170252, 37.9139123 ], [ 23.9164763, 37.913802 ], [ 23.9160783, 37.913724 ], [ 23.9156715, 37.9136453 ], [ 23.9150316, 37.9135189 ], [ 23.9146147, 37.9134341 ], [ 23.9142567, 37.9133597 ], [ 23.9138962, 37.9132752 ], [ 23.9135986, 37.9132065 ], [ 23.9132861, 37.9131278 ], [ 23.9129925, 37.9130491 ], [ 23.9127389, 37.9129782 ], [ 23.9124948, 37.9129063 ], [ 23.9121807, 37.9128091 ], [ 23.9119279, 37.9127267 ], [ 23.9116782, 37.9126381 ], [ 23.9114568, 37.91256 ], [ 23.911222, 37.9124721 ], [ 23.9110257, 37.9123959 ], [ 23.9107933, 37.912303 ], [ 23.9106221, 37.9122336 ], [ 23.9104062, 37.9121419 ], [ 23.9101055, 37.91201 ], [ 23.909826, 37.9118836 ], [ 23.909439, 37.9117022 ], [ 23.9091336, 37.9115555 ], [ 23.9081988, 37.9111035 ], [ 23.9076356, 37.9108315 ], [ 23.9069351, 37.9104928 ], [ 23.9064775, 37.9102701 ], [ 23.906031, 37.9100572 ], [ 23.9056384, 37.9098675 ], [ 23.9049035, 37.9095219 ], [ 23.9043576, 37.9092954 ], [ 23.9034257, 37.9089162 ], [ 23.902972, 37.9087484 ] ], [ [ 23.902972, 37.9087484 ], [ 23.9027449, 37.9086776 ], [ 23.9025038, 37.9086107 ], [ 23.902259, 37.908557 ], [ 23.9020023, 37.9085174 ] ], [ [ 23.9020023, 37.9085174 ], [ 23.9017288, 37.9084927 ], [ 23.9015109, 37.9084841 ], [ 23.901314, 37.9084866 ], [ 23.9011108, 37.9084952 ], [ 23.9008952, 37.9085155 ], [ 23.9006662, 37.9085482 ], [ 23.9004459, 37.908592 ], [ 23.9002029, 37.9086536 ], [ 23.899956, 37.9087319 ], [ 23.8997458, 37.9088114 ], [ 23.8995206, 37.9089154 ], [ 23.8993204, 37.9090184 ], [ 23.8991653, 37.9091109 ], [ 23.89897, 37.9092409 ], [ 23.8988003, 37.9093796 ], [ 23.8986477, 37.9095116 ], [ 23.898511, 37.9096465 ], [ 23.8983437, 37.9098285 ], [ 23.898141, 37.9100751 ], [ 23.8976324, 37.9108051 ], [ 23.8968671, 37.9117756 ], [ 23.8965747, 37.9121538 ] ], [ [ 23.8965747, 37.9121538 ], [ 23.8962247, 37.9126094 ], [ 23.8961852, 37.9126608 ], [ 23.8958918, 37.9130309 ], [ 23.895645, 37.9133547 ], [ 23.8954064, 37.9136904 ] ], [ [ 23.8954064, 37.9136904 ], [ 23.8951442, 37.9140699 ], [ 23.8949067, 37.9144312 ], [ 23.8944137, 37.9152148 ], [ 23.8940916, 37.9157537 ] ], [ [ 23.8940916, 37.9157537 ], [ 23.8939143, 37.9160463 ] ], [ [ 23.8939143, 37.9160463 ], [ 23.8924036, 37.9185868 ], [ 23.8901007, 37.9224594 ], [ 23.8898207, 37.9229345 ], [ 23.8895588, 37.9234223 ], [ 23.8892937, 37.923942 ], [ 23.8890619, 37.924406 ], [ 23.888809, 37.9249279 ], [ 23.8885728, 37.9254628 ], [ 23.888343, 37.9260063 ], [ 23.8881353, 37.9265452 ], [ 23.8880569, 37.9267551 ], [ 23.8879758, 37.926972 ], [ 23.8878111, 37.9274324 ], [ 23.8876424, 37.9279186 ], [ 23.8874719, 37.9284645 ], [ 23.8873051, 37.9290168 ], [ 23.8871636, 37.9295718 ], [ 23.8870293, 37.9301292 ], [ 23.8869021, 37.9306903 ], [ 23.8867922, 37.9312451 ], [ 23.8866957, 37.9318072 ], [ 23.8866034, 37.932375 ], [ 23.8865264, 37.9329371 ], [ 23.8864568, 37.933512 ], [ 23.8864177, 37.9339946 ], [ 23.8863613, 37.9345635 ], [ 23.886323, 37.9351079 ], [ 23.8863079, 37.9353789 ], [ 23.886293, 37.9356449 ] ], [ [ 23.886293, 37.9356449 ], [ 23.8863076, 37.9537589 ], [ 23.8863111, 37.9580989 ] ], [ [ 23.8863111, 37.9580989 ], [ 23.8863018, 37.9590521 ], [ 23.8862728, 37.959573 ], [ 23.8862337, 37.9599845 ], [ 23.8861782, 37.9603834 ], [ 23.8861306, 37.9606739 ], [ 23.8860795, 37.960947 ], [ 23.8860195, 37.9612389 ], [ 23.8859481, 37.9615391 ], [ 23.8858512, 37.9619185 ], [ 23.8857729, 37.9622182 ], [ 23.8856068, 37.9627259 ], [ 23.8854217, 37.9632313 ], [ 23.8852284, 37.9637003 ], [ 23.8850208, 37.964161 ], [ 23.8848003, 37.9646117 ], [ 23.8845798, 37.9650227 ], [ 23.8843396, 37.9654299 ], [ 23.8840924, 37.9658234 ], [ 23.8838288, 37.9662187 ], [ 23.8835256, 37.9666446 ], [ 23.8832059, 37.9670584 ], [ 23.8828467, 37.9675016 ], [ 23.8824652, 37.9679319 ], [ 23.8820734, 37.9683503 ], [ 23.8816574, 37.9687654 ], [ 23.8812135, 37.9691902 ], [ 23.8800455, 37.9703121 ], [ 23.8792118, 37.9711112 ], [ 23.8770533, 37.9731826 ], [ 23.8755816, 37.9745909 ], [ 23.8745135, 37.9756232 ], [ 23.8740281, 37.9760861 ], [ 23.8730875, 37.9769887 ], [ 23.8723485, 37.9776991 ], [ 23.8719593, 37.978087 ], [ 23.871666, 37.9784094 ], [ 23.8714812, 37.9786317 ], [ 23.8712895, 37.9788773 ], [ 23.8711146, 37.9791219 ], [ 23.8709454, 37.9793887 ], [ 23.8707987, 37.979631 ], [ 23.8706534, 37.9798967 ], [ 23.8705251, 37.9801545 ], [ 23.8704123, 37.9804091 ], [ 23.8703136, 37.980657 ], [ 23.8702064, 37.9809615 ], [ 23.8701232, 37.9812361 ], [ 23.8700612, 37.9814962 ], [ 23.8700005, 37.9817752 ], [ 23.8699554, 37.9820575 ], [ 23.869923, 37.9823354 ], [ 23.8699032, 37.9825977 ], [ 23.8698933, 37.9828956 ], [ 23.8698976, 37.9831968 ], [ 23.8699131, 37.9834892 ], [ 23.8699501, 37.9838171 ], [ 23.8699722, 37.9839677 ], [ 23.8700066, 37.9841465 ], [ 23.8700524, 37.9843617 ], [ 23.8701211, 37.9846521 ], [ 23.8702007, 37.9849186 ], [ 23.870351, 37.9854124 ], [ 23.8705202, 37.9859084 ], [ 23.8706295, 37.9862294 ], [ 23.8706912, 37.9864169 ], [ 23.8707688, 37.9866545 ], [ 23.8708992, 37.9870352 ], [ 23.8710702, 37.9875492 ], [ 23.8712306, 37.9880244 ], [ 23.8714393, 37.9886527 ], [ 23.8718067, 37.9897614 ] ], [ [ 23.8718067, 37.9897614 ], [ 23.871884, 37.9899779 ] ], [ [ 23.871884, 37.9899779 ], [ 23.8720605, 37.9905097 ], [ 23.8723053, 37.9912663 ], [ 23.8724926, 37.9918619 ], [ 23.8725893, 37.9922236 ], [ 23.8726735, 37.992588 ], [ 23.872764, 37.9930713 ], [ 23.8728076, 37.9934517 ], [ 23.8728327, 37.9938042 ], [ 23.8728372, 37.9940786 ], [ 23.8728312, 37.9943298 ], [ 23.8728229, 37.9944906 ] ], [ [ 23.8728229, 37.9944906 ], [ 23.8728008, 37.9947561 ], [ 23.8727759, 37.9949563 ], [ 23.8727332, 37.9952136 ] ], [ [ 23.8727332, 37.9952136 ], [ 23.8726828, 37.995474 ], [ 23.8726194, 37.9957426 ], [ 23.8725595, 37.9959734 ], [ 23.8724921, 37.9962283 ], [ 23.8723899, 37.9965782 ], [ 23.87211, 37.9975223 ], [ 23.8718537, 37.9984013 ], [ 23.8715335, 37.9994807 ], [ 23.8712784, 38.0003389 ], [ 23.8710428, 38.0011405 ] ], [ [ 23.8710428, 38.0011405 ], [ 23.8708702, 38.0017543 ] ], [ [ 23.8708702, 38.0017543 ], [ 23.8707253, 38.0022866 ], [ 23.870482, 38.0031809 ], [ 23.870408, 38.0034564 ], [ 23.8703173, 38.0037846 ], [ 23.8702565, 38.0040028 ], [ 23.8701906, 38.0042261 ], [ 23.8701741, 38.0042821 ], [ 23.8700746, 38.0046071 ], [ 23.8700094, 38.0048012 ], [ 23.8698542, 38.0052498 ], [ 23.8697588, 38.00551 ], [ 23.8695941, 38.0059683 ], [ 23.8694365, 38.0063839 ], [ 23.8692838, 38.0068024 ], [ 23.8692217, 38.0069617 ], [ 23.8690851, 38.0073339 ], [ 23.8690295, 38.0074851 ], [ 23.8689443, 38.0077266 ], [ 23.8688274, 38.0080572 ], [ 23.8687412, 38.0083524 ], [ 23.8686619, 38.0086416 ], [ 23.8686084, 38.0088593 ], [ 23.8685498, 38.0091336 ], [ 23.8684459, 38.0096537 ], [ 23.868355, 38.0102063 ], [ 23.8682409, 38.0108936 ], [ 23.8681673, 38.0113362 ], [ 23.8680957, 38.0117552 ], [ 23.868048, 38.0120102 ], [ 23.868002, 38.0122387 ], [ 23.8679525, 38.0124744 ], [ 23.8678895, 38.0127422 ], [ 23.8678141, 38.0130288 ], [ 23.8677396, 38.0132876 ], [ 23.867668, 38.0135072 ], [ 23.8675773, 38.0137622 ], [ 23.8675066, 38.0139435 ], [ 23.8674111, 38.0141767 ], [ 23.8673273, 38.0143654 ], [ 23.8671662, 38.0146968 ], [ 23.8669827, 38.015033 ], [ 23.8667634, 38.0153962 ], [ 23.8664695, 38.0158322 ], [ 23.8662666, 38.0161178 ], [ 23.866095, 38.0163294 ], [ 23.8658877, 38.0165762 ], [ 23.8656475, 38.016843 ], [ 23.8654481, 38.0170543 ], [ 23.8652308, 38.0172668 ], [ 23.8649732, 38.0175106 ], [ 23.8646437, 38.0177973 ], [ 23.8643913, 38.0180007 ], [ 23.864087, 38.0182381 ], [ 23.8637364, 38.0184873 ], [ 23.8634276, 38.0187 ], [ 23.8630487, 38.0189292 ], [ 23.8627063, 38.019127 ], [ 23.8623147, 38.019337 ], [ 23.8619685, 38.0195086 ], [ 23.8615792, 38.0196884 ], [ 23.8612171, 38.0198433 ], [ 23.8608996, 38.0199665 ], [ 23.860507, 38.0201103 ], [ 23.860168, 38.0202231 ], [ 23.8598338, 38.0203256 ], [ 23.8594997, 38.0204206 ], [ 23.8591247, 38.0205168 ] ], [ [ 23.8591247, 38.0205168 ], [ 23.8587777, 38.0205988 ], [ 23.8584719, 38.020662 ] ], [ [ 23.8584719, 38.020662 ], [ 23.8580637, 38.0207381 ], [ 23.8576054, 38.0208171 ], [ 23.8571554, 38.0208869 ], [ 23.8560419, 38.0210443 ], [ 23.855056, 38.0211793 ], [ 23.853851, 38.0213417 ], [ 23.8529394, 38.0214661 ], [ 23.8517388, 38.0216331 ], [ 23.8508921, 38.0217448 ], [ 23.8505651, 38.0217933 ] ], [ [ 23.8505651, 38.0217933 ], [ 23.8450337, 38.0225447 ] ], [ [ 23.8450337, 38.0225447 ], [ 23.8447595, 38.0225724 ], [ 23.8444244, 38.0225966 ] ], [ [ 23.8444244, 38.0225966 ], [ 23.8440706, 38.0226222 ], [ 23.8437908, 38.0226512 ] ], [ [ 23.8437908, 38.0226512 ], [ 23.8415188, 38.0229556 ] ], [ [ 23.8415188, 38.0229556 ], [ 23.8412585, 38.0229952 ], [ 23.8410391, 38.0230343 ] ], [ [ 23.8410391, 38.0230343 ], [ 23.8404139, 38.0231582 ], [ 23.8397927, 38.0232947 ], [ 23.8394468, 38.0233949 ], [ 23.8391095, 38.0235266 ], [ 23.8385358, 38.0237744 ], [ 23.8377732, 38.0241816 ], [ 23.8373272, 38.0244182 ], [ 23.836929, 38.0245914 ], [ 23.836695, 38.0246678 ], [ 23.8364644, 38.0247228 ], [ 23.835926, 38.024784 ], [ 23.8353653, 38.0247555 ], [ 23.8348529, 38.0246769 ], [ 23.8340615, 38.0244695 ], [ 23.8332758, 38.0242422 ], [ 23.8325419, 38.0240065 ] ], [ [ 23.8325419, 38.0240065 ], [ 23.8313676, 38.0236311 ], [ 23.8307841, 38.0234887 ], [ 23.8301641, 38.0233685 ], [ 23.82817, 38.0231165 ], [ 23.8270733, 38.0229135 ], [ 23.8259652, 38.0227033 ], [ 23.824883, 38.0224989 ], [ 23.8244892, 38.0224189 ], [ 23.8229746, 38.0221402 ], [ 23.8221707, 38.0219858 ], [ 23.8207503, 38.0217269 ] ], [ [ 23.8207503, 38.0217269 ], [ 23.8188576, 38.0213663 ], [ 23.8179675, 38.0212114 ], [ 23.8175408, 38.021108 ], [ 23.8172272, 38.0210054 ], [ 23.8167732, 38.0208286 ], [ 23.8164264, 38.0206596 ], [ 23.8160945, 38.0204619 ], [ 23.8157429, 38.0202405 ], [ 23.8154523, 38.0200141 ], [ 23.8147407, 38.0193507 ], [ 23.8133595, 38.0179257 ], [ 23.8124682, 38.0171389 ], [ 23.8115335, 38.0158692 ], [ 23.8108147, 38.014762 ], [ 23.8091307, 38.0125056 ], [ 23.8081547, 38.0112382 ], [ 23.807633, 38.0106464 ], [ 23.8071149, 38.0100262 ], [ 23.8066512, 38.0096282 ], [ 23.8062858, 38.00936 ], [ 23.8057653, 38.0091125 ], [ 23.8052857, 38.0088788 ], [ 23.8051834, 38.0088358 ], [ 23.8043574, 38.0084872 ], [ 23.8020341, 38.0076107 ], [ 23.8016535, 38.0074707 ], [ 23.8011381, 38.0072741 ], [ 23.8007305, 38.0071687 ], [ 23.8001822, 38.0070594 ], [ 23.7995748, 38.0069652 ], [ 23.7991883, 38.0068894 ], [ 23.7964006, 38.0059178 ], [ 23.7961163, 38.0058097 ], [ 23.7959218, 38.0057287 ], [ 23.7957277, 38.0056375 ], [ 23.7955088, 38.0055134 ], [ 23.7952843, 38.0053673 ], [ 23.7946947, 38.0049212 ], [ 23.7933149, 38.0038771 ], [ 23.7923469, 38.0031655 ], [ 23.7918387, 38.0028068 ], [ 23.7913718, 38.0025132 ], [ 23.7910923, 38.0023708 ], [ 23.7906446, 38.0021821 ], [ 23.7901584, 38.0020197 ], [ 23.7886941, 38.0015275 ], [ 23.7880572, 38.0013247 ], [ 23.7877798, 38.0012229 ], [ 23.7874944, 38.0011097 ], [ 23.7872414, 38.0009856 ], [ 23.7865222, 38.0005648 ], [ 23.7859497, 38.000225 ], [ 23.7844608, 37.9991955 ] ], [ [ 23.7844608, 37.9991955 ], [ 23.784162, 37.9989583 ], [ 23.7839276, 37.9987746 ], [ 23.7833968, 37.998333 ], [ 23.7828839, 37.997906 ], [ 23.7820446, 37.997259 ], [ 23.7809755, 37.9965143 ], [ 23.7802768, 37.9960916 ], [ 23.7789968, 37.9953492 ], [ 23.7783571, 37.9949502 ], [ 23.7779202, 37.9946462 ], [ 23.7767343, 37.9937613 ], [ 23.7762862, 37.9934342 ], [ 23.7753547, 37.992813 ], [ 23.7747503, 37.9924833 ], [ 23.7733725, 37.9919288 ], [ 23.7723972, 37.9915388 ], [ 23.7720367, 37.9914945 ], [ 23.7716726, 37.9914874 ], [ 23.7708666, 37.9915561 ], [ 23.7700521, 37.991814 ], [ 23.7688118, 37.9923289 ], [ 23.7675887, 37.992901 ], [ 23.7670901, 37.9930735 ], [ 23.7667752, 37.993129 ], [ 23.7665387, 37.9931644 ], [ 23.7662718, 37.993212 ], [ 23.765959, 37.9932536 ], [ 23.7657013, 37.9932727 ], [ 23.7651704, 37.9932891 ], [ 23.7647954, 37.9933007 ], [ 23.7646528, 37.9933012 ], [ 23.7644113, 37.9933029 ], [ 23.7642589, 37.9932975 ], [ 23.7642132, 37.9932963 ], [ 23.7637604, 37.993262 ], [ 23.7635722, 37.993227 ], [ 23.7633804, 37.9931913 ], [ 23.7628642, 37.9930802 ], [ 23.7621361, 37.9928656 ], [ 23.7616451, 37.99266 ], [ 23.761336, 37.9925123 ], [ 23.7608089, 37.9922163 ], [ 23.7602621, 37.9918681 ], [ 23.7598781, 37.9915529 ], [ 23.7593441, 37.9910172 ], [ 23.7593143, 37.9909806 ], [ 23.7589633, 37.9905071 ], [ 23.758947, 37.9904798 ], [ 23.7588674, 37.9903363 ], [ 23.7585428, 37.9897513 ], [ 23.7585327, 37.9897185 ], [ 23.7583724, 37.9892343 ], [ 23.7576609, 37.9871972 ], [ 23.7572774, 37.9859237 ], [ 23.7564874, 37.9835084 ], [ 23.7561692, 37.9825989 ], [ 23.7559677, 37.9821087 ], [ 23.7557491, 37.9817691 ], [ 23.7557412, 37.9817602 ], [ 23.7554096, 37.9814125 ], [ 23.7552289, 37.9812232 ], [ 23.7550877, 37.9810781 ], [ 23.7549808, 37.980961 ], [ 23.7545582, 37.9804978 ], [ 23.7543071, 37.9802321 ], [ 23.7539534, 37.9798747 ], [ 23.752994, 37.9790423 ], [ 23.7521207, 37.9782948 ], [ 23.7518305, 37.9780271 ], [ 23.751569, 37.9778376 ], [ 23.7509912, 37.9774675 ], [ 23.7504355, 37.9771694 ], [ 23.7497425, 37.9768706 ], [ 23.7492658, 37.9766945 ], [ 23.7486904, 37.976513 ], [ 23.7481334, 37.976378 ], [ 23.747098, 37.9761409 ], [ 23.7441942, 37.9754577 ], [ 23.7436243, 37.9753208 ], [ 23.742956, 37.9751466 ], [ 23.7410996, 37.9746493 ] ], [ [ 23.7410996, 37.9746493 ], [ 23.740774, 37.9745725 ], [ 23.7404564, 37.9745115 ], [ 23.7401043, 37.9744778 ], [ 23.7397841, 37.9744673 ], [ 23.7394136, 37.9744796 ], [ 23.7388617, 37.9745092 ] ], [ [ 23.7388617, 37.9745092 ], [ 23.7383377, 37.9745711 ], [ 23.7378468, 37.9746259 ], [ 23.7357128, 37.9748836 ] ], [ [ 23.7357128, 37.9748836 ], [ 23.7346846, 37.975042 ], [ 23.7344066, 37.9751029 ], [ 23.7340963, 37.9751891 ], [ 23.7338393, 37.9752751 ], [ 23.7328229, 37.9756894 ], [ 23.7325448, 37.9757923 ], [ 23.7322676, 37.9758765 ], [ 23.7319686, 37.9759449 ], [ 23.7315889, 37.9760046 ], [ 23.7312025, 37.9760582 ], [ 23.7288016, 37.9763769 ], [ 23.7267191, 37.9766459 ], [ 23.7263291, 37.9767173 ], [ 23.7250676, 37.9768731 ] ], [ [ 23.7250676, 37.9768731 ], [ 23.7244716, 37.9769413 ], [ 23.7228469, 37.977129 ], [ 23.7224441, 37.9771866 ] ], [ [ 23.7224441, 37.9771866 ], [ 23.7220355, 37.9772373 ], [ 23.7191995, 37.9775922 ], [ 23.7182558, 37.977688 ], [ 23.717618, 37.9777465 ], [ 23.7172629, 37.97776 ], [ 23.7170338, 37.9777536 ], [ 23.7166948, 37.9777329 ], [ 23.7157629, 37.9776774 ], [ 23.715266, 37.9776429 ], [ 23.7150046, 37.9776471 ], [ 23.714637, 37.9776902 ], [ 23.7141134, 37.9777947 ], [ 23.7137036, 37.9779002 ], [ 23.7132796, 37.9780229 ], [ 23.712603, 37.9782226 ], [ 23.7121184, 37.9783755 ], [ 23.711548, 37.9785569 ], [ 23.7103826, 37.9789615 ], [ 23.7100338, 37.9790959 ], [ 23.7098901, 37.9791592 ], [ 23.7097198, 37.9792648 ], [ 23.7092679, 37.9794853 ], [ 23.7089212, 37.9796841 ], [ 23.7085201, 37.9799046 ], [ 23.7081234, 37.9801414 ], [ 23.70785, 37.9804021 ], [ 23.7076288, 37.9806487 ], [ 23.7074539, 37.9809017 ], [ 23.7073202, 37.9811348 ], [ 23.7070614, 37.9816617 ], [ 23.7067718, 37.9821826 ], [ 23.7066549, 37.982343 ], [ 23.7065277, 37.9825073 ], [ 23.7063855, 37.9826643 ], [ 23.7062324, 37.9828197 ], [ 23.706141, 37.9828976 ], [ 23.7060088, 37.9829888 ], [ 23.7057883, 37.9831196 ], [ 23.7056329, 37.9831955 ], [ 23.7054846, 37.9832631 ], [ 23.7052316, 37.983374 ], [ 23.7049408, 37.9834995 ], [ 23.7038878, 37.9839612 ], [ 23.7036844, 37.9840491 ], [ 23.7033677, 37.9841939 ], [ 23.703131, 37.9843004 ], [ 23.7027423, 37.9844614 ], [ 23.7014198, 37.9850028 ], [ 23.6999241, 37.9856085 ], [ 23.6991262, 37.9859371 ], [ 23.6984001, 37.9862268 ], [ 23.6979787, 37.9863962 ], [ 23.6969212, 37.9868031 ], [ 23.6965201, 37.98695 ], [ 23.696112, 37.9870845 ], [ 23.6956975, 37.9872065 ], [ 23.6952775, 37.9873157 ], [ 23.6939822, 37.9876306 ] ], [ [ 23.6939822, 37.9876306 ], [ 23.6933723, 37.9877789 ], [ 23.6927623, 37.9879272 ] ], [ [ 23.6927623, 37.9879272 ], [ 23.6917092, 37.9881832 ], [ 23.6911603, 37.9883288 ], [ 23.6906217, 37.9884962 ], [ 23.6900946, 37.9886849 ], [ 23.6895804, 37.9888945 ], [ 23.6890804, 37.9891245 ], [ 23.6885957, 37.9893743 ], [ 23.6879069, 37.9897508 ], [ 23.6877409, 37.989838 ], [ 23.6874336, 37.9899788 ], [ 23.6870038, 37.9901743 ], [ 23.6858992, 37.9905057 ], [ 23.6844408, 37.9908413 ], [ 23.683532, 37.9910525 ], [ 23.6834235, 37.9910804 ], [ 23.6825619, 37.9913177 ], [ 23.6824538, 37.9913451 ], [ 23.6818443, 37.9914947 ], [ 23.6812348, 37.9916442 ] ], [ [ 23.6812348, 37.9916442 ], [ 23.6811253, 37.9916697 ], [ 23.6802434, 37.9918539 ], [ 23.6801338, 37.991879 ], [ 23.6797548, 37.9919753 ], [ 23.6781466, 37.9924528 ], [ 23.6776147, 37.9926604 ], [ 23.6770713, 37.9929166 ], [ 23.676314, 37.9933221 ], [ 23.6753619, 37.9938071 ], [ 23.6743824, 37.9942571 ], [ 23.6694676, 37.9963976 ], [ 23.6690834, 37.996548 ], [ 23.6686837, 37.9966716 ], [ 23.6682718, 37.9967673 ], [ 23.6678513, 37.9968342 ], [ 23.6677728, 37.9968439 ] ], [ [ 23.6677728, 37.9968439 ], [ 23.6664777, 37.9970039 ] ], [ [ 23.6664777, 37.9970039 ], [ 23.6652492, 37.9971557 ], [ 23.6649142, 37.9971851 ], [ 23.6645767, 37.997191 ], [ 23.6642399, 37.9971732 ], [ 23.6639064, 37.9971318 ], [ 23.6635789, 37.9970673 ], [ 23.66326, 37.9969801 ], [ 23.6629522, 37.9968709 ], [ 23.6626579, 37.9967405 ], [ 23.6623796, 37.99659 ], [ 23.6621192, 37.9964207 ], [ 23.6618791, 37.9962338 ], [ 23.6616609, 37.9960307 ], [ 23.6614665, 37.9958133 ], [ 23.6612977, 37.9955833 ], [ 23.6603564, 37.9941588 ], [ 23.6601154, 37.99375 ], [ 23.6599218, 37.9933256 ], [ 23.6597774, 37.9928891 ], [ 23.6596834, 37.9924445 ], [ 23.6595482, 37.9915605 ], [ 23.6593134, 37.9899684 ], [ 23.6591478, 37.9889438 ], [ 23.6589378, 37.9880873 ], [ 23.6586219, 37.9872579 ], [ 23.6579953, 37.986192 ], [ 23.6569926, 37.9847801 ], [ 23.6567068, 37.9843111 ], [ 23.6561915, 37.9834542 ], [ 23.6553872, 37.9820759 ], [ 23.6548459, 37.9812777 ], [ 23.6542521, 37.9806307 ], [ 23.6537279, 37.9800659 ], [ 23.6512055, 37.9778168 ], [ 23.6508192, 37.9774387 ] ], [ [ 23.6508192, 37.9774387 ], [ 23.6503923, 37.9770597 ], [ 23.6499655, 37.9766807 ] ], [ [ 23.6499655, 37.9766807 ], [ 23.6494907, 37.9763148 ], [ 23.6487633, 37.9757138 ], [ 23.6481924, 37.9750681 ], [ 23.6478689, 37.9744798 ], [ 23.6477447, 37.9737746 ], [ 23.6477447, 37.9732067 ], [ 23.6478937, 37.9725608 ], [ 23.6481664, 37.9718962 ], [ 23.6491015, 37.9701379 ], [ 23.6493869, 37.9695307 ], [ 23.649593, 37.9689645 ], [ 23.6496278, 37.9683304 ], [ 23.6494972, 37.9677107 ], [ 23.6491743, 37.9671776 ], [ 23.6487058, 37.9667108 ], [ 23.6478148, 37.9661044 ] ], [ [ 23.6478148, 37.9661044 ], [ 23.6468393, 37.9654365 ] ], [ [ 23.6468393, 37.9654365 ], [ 23.6459934, 37.9648608 ], [ 23.6455041, 37.9645096 ], [ 23.6450076, 37.9642212 ], [ 23.6445195, 37.9640081 ], [ 23.6439957, 37.9638155 ], [ 23.6433002, 37.9635794 ], [ 23.6423212, 37.9632867 ], [ 23.6413833, 37.9628876 ], [ 23.6406764, 37.9624967 ], [ 23.6401751, 37.9620101 ], [ 23.6398884, 37.96161 ], [ 23.6397337, 37.9611286 ], [ 23.6397267, 37.9606327 ], [ 23.6397475, 37.9600569 ] ], [ [ 23.6397475, 37.9600569 ], [ 23.6397819, 37.9590476 ] ], [ [ 23.6397819, 37.9590476 ], [ 23.6398161, 37.9580073 ], [ 23.6399211, 37.9570404 ], [ 23.6401317, 37.9562935 ], [ 23.6411456, 37.9542878 ], [ 23.6417059, 37.9531214 ], [ 23.6419853, 37.9522954 ], [ 23.6421249, 37.9516073 ], [ 23.6421948, 37.9508911 ], [ 23.6422406, 37.9497458 ], [ 23.6422699, 37.9490393 ], [ 23.6422875, 37.9486154 ] ], [ [ 23.6422875, 37.9486154 ], [ 23.6422857, 37.9476094 ] ], [ [ 23.6422857, 37.9476094 ], [ 23.6422832, 37.9471681 ], [ 23.6422796, 37.9464803 ], [ 23.6422823, 37.9459214 ], [ 23.642286, 37.9457506 ], [ 23.6422928, 37.9456067 ], [ 23.6423321, 37.9454458 ], [ 23.6424178, 37.9452627 ], [ 23.6424804, 37.9451464 ], [ 23.6426418, 37.9449504 ], [ 23.6428567, 37.9447549 ], [ 23.643283, 37.9444475 ], [ 23.6437559, 37.9441842 ], [ 23.6442966, 37.9439483 ], [ 23.6450158, 37.9437006 ], [ 23.6458979, 37.9433977 ], [ 23.6462589, 37.9432867 ], [ 23.6466966, 37.943157 ], [ 23.6469819, 37.9430658 ], [ 23.6475786, 37.9428879 ] ] ] } },
{ "type": "Feature", "properties": { "full_id": "1", "ref": "Μ1", "name:en": "Metro Μ1: Piraeus → Kifissia", "name": "Μετρό Μ1: Πειραιά → Κηφισιά", "shapeleng_": 25.639931556983672 }, "geometry": { "type": "MultiLineString", "coordinates": [ [ [ 23.6440658, 37.9480114 ], [ 23.6432467, 37.948023 ] ], [ [ 23.6442703, 37.9480085 ], [ 23.6442166, 37.9480093 ], [ 23.6440703, 37.9480113 ], [ 23.6440658, 37.9480114 ] ], [ [ 23.6442703, 37.9480085 ], [ 23.6452025, 37.948 ], [ 23.6456488, 37.947996 ], [ 23.6459395, 37.9479942 ], [ 23.6460826, 37.9479928 ] ], [ [ 23.6460826, 37.9479928 ], [ 23.6465543, 37.9479833 ], [ 23.6473501, 37.9479764 ] ], [ [ 23.6473501, 37.9479764 ], [ 23.6473919, 37.9479768 ], [ 23.6474437, 37.9479795 ], [ 23.6475053, 37.9479831 ], [ 23.6475987, 37.9479905 ], [ 23.6476906, 37.9480045 ], [ 23.6477604, 37.9480151 ], [ 23.6478436, 37.9480285 ], [ 23.6479977, 37.9480583 ], [ 23.6481259, 37.948086 ], [ 23.6484303, 37.94815 ], [ 23.6488197, 37.9482277 ], [ 23.6490512, 37.9482731 ], [ 23.6492166, 37.9483087 ], [ 23.6501809, 37.9485224 ], [ 23.6504361, 37.9485764 ], [ 23.6505998, 37.9486067 ], [ 23.6507684, 37.9486341 ], [ 23.650928, 37.948655 ], [ 23.6510456, 37.9486686 ], [ 23.6511206, 37.948675 ], [ 23.6511819, 37.9486783 ], [ 23.6512963, 37.9486852 ], [ 23.6513947, 37.9486881 ], [ 23.6515327, 37.9486881 ], [ 23.6517862, 37.9486871 ], [ 23.6518779, 37.9486871 ], [ 23.6520765, 37.9486812 ], [ 23.652256, 37.9486724 ], [ 23.6523347, 37.9486648 ], [ 23.652421, 37.9486522 ], [ 23.652539, 37.9486345 ], [ 23.6527964, 37.9485956 ], [ 23.6539324, 37.948429 ], [ 23.6540278, 37.9484131 ], [ 23.6541178, 37.9483994 ], [ 23.65425, 37.9483805 ], [ 23.6543788, 37.9483606 ], [ 23.654557, 37.9483364 ], [ 23.6547036, 37.948311 ], [ 23.6547969, 37.9482925 ], [ 23.6548944, 37.9482728 ], [ 23.654998, 37.9482496 ], [ 23.655126, 37.9482174 ], [ 23.65524, 37.9481896 ], [ 23.655355, 37.948162 ], [ 23.6557803, 37.9480514 ], [ 23.6563224, 37.9479074 ], [ 23.6564299, 37.9478753 ], [ 23.6565338, 37.9478437 ], [ 23.6566409, 37.9478061 ], [ 23.6567535, 37.9477622 ], [ 23.6569005, 37.9477004 ], [ 23.6570338, 37.947644 ], [ 23.6572818, 37.9475264 ], [ 23.6573934, 37.9474677 ], [ 23.6574958, 37.9474129 ], [ 23.6575913, 37.9473537 ], [ 23.6578605, 37.9471784 ], [ 23.6579666, 37.9471087 ], [ 23.6583418, 37.9468518 ], [ 23.6584225, 37.946796 ], [ 23.6585273, 37.9467256 ], [ 23.6586167, 37.9466673 ], [ 23.6587158, 37.9466021 ], [ 23.6591577, 37.9463112 ], [ 23.6592549, 37.9462402 ], [ 23.6593683, 37.9461645 ], [ 23.660544, 37.9453793 ], [ 23.6608928, 37.9451566 ], [ 23.6610614, 37.9450483 ], [ 23.6612041, 37.9449565 ], [ 23.6613711, 37.9448445 ], [ 23.661482, 37.9447766 ], [ 23.6615875, 37.9447192 ], [ 23.6616988, 37.9446653 ], [ 23.6617929, 37.9446223 ], [ 23.6618843, 37.9445851 ], [ 23.6619554, 37.9445574 ], [ 23.6620368, 37.9445286 ], [ 23.6621049, 37.9445076 ], [ 23.6621646, 37.9444897 ], [ 23.6622499, 37.9444696 ], [ 23.6623587, 37.9444433 ], [ 23.6625208, 37.9444099 ], [ 23.6626739, 37.9443809 ], [ 23.6628431, 37.9443589 ], [ 23.6630498, 37.9443459 ], [ 23.6632097, 37.9443449 ], [ 23.6633713, 37.9443506 ], [ 23.6635643, 37.9443647 ], [ 23.6637156, 37.944383 ], [ 23.6638147, 37.9443969 ], [ 23.6639409, 37.9444186 ], [ 23.6640233, 37.9444343 ], [ 23.6641216, 37.9444572 ], [ 23.664199, 37.9444775 ], [ 23.6642615, 37.9444945 ], [ 23.6643385, 37.9445172 ], [ 23.6644177, 37.9445404 ], [ 23.6644588, 37.9445543 ], [ 23.6645108, 37.944575 ], [ 23.6645641, 37.9445994 ], [ 23.6646468, 37.9446433 ], [ 23.6647029, 37.9446746 ] ], [ [ 23.6647029, 37.9446746 ], [ 23.6652902, 37.9450255 ], [ 23.6658119, 37.9453444 ] ], [ [ 23.6658119, 37.9453444 ], [ 23.6659314, 37.9454202 ], [ 23.6660215, 37.9454877 ], [ 23.6661127, 37.9455645 ], [ 23.6662261, 37.9456744 ], [ 23.6663426, 37.9457929 ], [ 23.6664374, 37.9459101 ], [ 23.6665106, 37.9460195 ], [ 23.666556, 37.9461017 ], [ 23.6666051, 37.9461804 ], [ 23.6668239, 37.9465704 ], [ 23.6670044, 37.9468841 ], [ 23.6670166, 37.9469055 ], [ 23.6686646, 37.9497787 ], [ 23.6688071, 37.9500329 ], [ 23.6689691, 37.9502912 ], [ 23.6690955, 37.950492 ], [ 23.6691739, 37.9506085 ], [ 23.6693216, 37.9508023 ], [ 23.6694516, 37.9509455 ], [ 23.6696546, 37.9511533 ], [ 23.6698042, 37.9512965 ], [ 23.6699377, 37.9514173 ], [ 23.6701015, 37.9515535 ], [ 23.6702497, 37.9516721 ], [ 23.6703725, 37.9517599 ], [ 23.6705087, 37.951854 ], [ 23.6707162, 37.9519938 ], [ 23.6708871, 37.9521005 ], [ 23.6709779, 37.9521524 ], [ 23.6710634, 37.9521987 ], [ 23.6711328, 37.9522352 ], [ 23.6712343, 37.9522858 ], [ 23.671318, 37.9523251 ], [ 23.671393, 37.9523612 ], [ 23.6714622, 37.9523911 ], [ 23.6715459, 37.9524262 ], [ 23.6716225, 37.9524571 ], [ 23.6717044, 37.9524894 ], [ 23.6718005, 37.9525273 ], [ 23.6719287, 37.9525736 ], [ 23.6720534, 37.9526157 ], [ 23.6722297, 37.9526761 ], [ 23.6723935, 37.9527309 ], [ 23.6725448, 37.95278 ], [ 23.6727015, 37.9528291 ], [ 23.6728083, 37.9528628 ], [ 23.6735508, 37.9530987 ], [ 23.6744999, 37.9533851 ], [ 23.6752602, 37.9536224 ] ], [ [ 23.6752602, 37.9536224 ], [ 23.6794073, 37.9549265 ], [ 23.6795711, 37.9549784 ] ], [ [ 23.6795711, 37.9549784 ], [ 23.6798968, 37.9550816 ] ], [ [ 23.6798968, 37.9550816 ], [ 23.6804874, 37.9552687 ], [ 23.6817924, 37.9556823 ], [ 23.6826133, 37.9559432 ], [ 23.6827251, 37.9559792 ], [ 23.682894, 37.9560296 ], [ 23.6836653, 37.9562635 ], [ 23.6841583, 37.9564129 ], [ 23.6854294, 37.9568231 ], [ 23.6863628, 37.957111 ], [ 23.6866846, 37.9572064 ], [ 23.6872323, 37.9573665 ], [ 23.6875645, 37.9574623 ], [ 23.6877482, 37.9575181 ], [ 23.6879274, 37.9575774 ], [ 23.6893788, 37.9580345 ], [ 23.6900063, 37.958227 ], [ 23.6906978, 37.9584357 ], [ 23.6909352, 37.9585041 ], [ 23.6912067, 37.9585905 ], [ 23.6917841, 37.958774 ], [ 23.6933976, 37.9592778 ], [ 23.6936919, 37.9593678 ], [ 23.6938631, 37.9594218 ], [ 23.694105, 37.9594937 ], [ 23.6945226, 37.9596161 ], [ 23.6947896, 37.9596971 ], [ 23.6955838, 37.9599472 ] ], [ [ 23.6955838, 37.9599472 ], [ 23.695964, 37.9600706 ], [ 23.6972741, 37.9604957 ], [ 23.6974102, 37.9605389 ], [ 23.6975761, 37.9605927 ], [ 23.6976943, 37.9606249 ], [ 23.6977658, 37.9606431 ], [ 23.6978296, 37.9606588 ], [ 23.6979093, 37.9606789 ], [ 23.6980028, 37.9607032 ], [ 23.6982362, 37.9607698 ] ], [ [ 23.6982362, 37.9607698 ], [ 23.698338, 37.9608009 ], [ 23.6984328, 37.9608316 ], [ 23.6989082, 37.9609906 ], [ 23.6990915, 37.9610511 ], [ 23.6992443, 37.9610968 ], [ 23.6995248, 37.9611768 ], [ 23.6998282, 37.9612621 ], [ 23.6999261, 37.961292 ], [ 23.7005999, 37.9614994 ], [ 23.7008769, 37.961586 ], [ 23.7010228, 37.9616282 ], [ 23.7016059, 37.9618133 ], [ 23.7020068, 37.9619429 ], [ 23.7023253, 37.9620361 ], [ 23.7024191, 37.9620612 ], [ 23.7024788, 37.9620772 ], [ 23.7026154, 37.9621098 ], [ 23.7027455, 37.9621405 ], [ 23.702851, 37.9621662 ], [ 23.702937, 37.9621886 ], [ 23.7030065, 37.9622113 ], [ 23.7031333, 37.9622585 ], [ 23.7032097, 37.9622882 ], [ 23.7033748, 37.9623589 ], [ 23.7037122, 37.9625102 ], [ 23.7037915, 37.9625477 ], [ 23.7038098, 37.9625576 ], [ 23.7038321, 37.9625704 ], [ 23.703885, 37.9626036 ], [ 23.7039357, 37.9626384 ], [ 23.7040485, 37.9627199 ], [ 23.7041403, 37.9627823 ], [ 23.7043092, 37.9628921 ], [ 23.7044296, 37.9629793 ], [ 23.7045146, 37.9630431 ], [ 23.7046207, 37.9631269 ], [ 23.7047463, 37.9632266 ], [ 23.7048962, 37.9633567 ], [ 23.705184, 37.9636064 ], [ 23.7055093, 37.9638886 ], [ 23.7057483, 37.9640926 ], [ 23.7058401, 37.9641691 ] ], [ [ 23.7058401, 37.9641691 ], [ 23.7067295, 37.9649232 ] ], [ [ 23.7067295, 37.9649232 ], [ 23.7067739, 37.9649657 ], [ 23.7069006, 37.9650773 ], [ 23.7070858, 37.9652566 ], [ 23.7072437, 37.9654302 ], [ 23.707403, 37.9656162 ], [ 23.7074754, 37.9657006 ], [ 23.7076187, 37.9658636 ], [ 23.7077082, 37.9659755 ], [ 23.7077805, 37.9660724 ], [ 23.7078773, 37.9662006 ], [ 23.7079591, 37.9663271 ], [ 23.7080594, 37.9664847 ], [ 23.708166, 37.9666755 ], [ 23.7082955, 37.9669211 ], [ 23.7085173, 37.9673288 ], [ 23.7087758, 37.9678033 ], [ 23.709409, 37.9689559 ], [ 23.7094648, 37.9690573 ], [ 23.7096724, 37.9694443 ], [ 23.7099889, 37.9700043 ], [ 23.7102326, 37.9704447 ], [ 23.7103955, 37.9707457 ], [ 23.7105339, 37.971016 ], [ 23.7107635, 37.9714311 ], [ 23.711029, 37.9719195 ], [ 23.7112946, 37.9724083 ], [ 23.71153, 37.9728374 ], [ 23.7117227, 37.9731848 ], [ 23.7119617, 37.9736226 ], [ 23.7121818, 37.9740189 ], [ 23.7122699, 37.9741737 ], [ 23.7123678, 37.9743496 ], [ 23.7124873, 37.9745436 ], [ 23.7126345, 37.9747627 ], [ 23.7127817, 37.9749658 ], [ 23.7129386, 37.9751712 ], [ 23.7130997, 37.9753635 ], [ 23.7132013, 37.9754809 ], [ 23.7133061, 37.9755993 ] ], [ [ 23.7133061, 37.9755993 ], [ 23.713452, 37.9757461 ], [ 23.7135693, 37.9758593 ], [ 23.7136948, 37.9759712 ], [ 23.7137931, 37.9760504 ], [ 23.713877, 37.9761155 ], [ 23.713967, 37.9761842 ], [ 23.7140583, 37.9762465 ], [ 23.7141856, 37.9763304 ] ], [ [ 23.7141856, 37.9763304 ], [ 23.7143243, 37.9764172 ], [ 23.7145224, 37.9765435 ], [ 23.71471, 37.9766586 ], [ 23.7148397, 37.9767338 ], [ 23.7149216, 37.9767777 ], [ 23.7149779, 37.9768054 ], [ 23.7150451, 37.9768386 ], [ 23.7151354, 37.9768797 ], [ 23.7152051, 37.9769068 ], [ 23.7152738, 37.9769332 ], [ 23.7153932, 37.9769744 ], [ 23.715501, 37.977011 ], [ 23.7156003, 37.9770416 ], [ 23.7158292, 37.9771062 ], [ 23.7161105, 37.9771858 ], [ 23.7163168, 37.9772342 ], [ 23.7165983, 37.9772922 ], [ 23.7167811, 37.9773207 ], [ 23.7169437, 37.977335 ], [ 23.7171463, 37.9773514 ], [ 23.7173615, 37.9773611 ], [ 23.7175177, 37.9773669 ], [ 23.7176721, 37.9773666 ], [ 23.7178382, 37.9773631 ], [ 23.7180318, 37.9773556 ], [ 23.718112, 37.9773506 ], [ 23.7181831, 37.9773431 ], [ 23.7182962, 37.9773283 ], [ 23.7184187, 37.9773075 ], [ 23.7185351, 37.9772842 ], [ 23.7186486, 37.9772588 ], [ 23.7187905, 37.9772225 ], [ 23.7188905, 37.9771957 ], [ 23.7189999, 37.9771631 ], [ 23.7191227, 37.9771244 ], [ 23.7192787, 37.9770767 ], [ 23.7194894, 37.9770073 ], [ 23.7195518, 37.9769868 ] ], [ [ 23.7195518, 37.9769868 ], [ 23.7196561, 37.9769548 ], [ 23.7197324, 37.9769303 ], [ 23.7204112, 37.9767228 ], [ 23.7205356, 37.9766852 ], [ 23.7206608, 37.9766465 ], [ 23.7207651, 37.9766149 ] ], [ [ 23.7207651, 37.9766149 ], [ 23.7208977, 37.9765656 ], [ 23.7210403, 37.976506 ], [ 23.7211826, 37.9764431 ], [ 23.7213516, 37.9763658 ] ], [ [ 23.7213516, 37.9763658 ], [ 23.7219063, 37.97613 ] ], [ [ 23.7219063, 37.97613 ], [ 23.7220251, 37.9760834 ] ], [ [ 23.7220251, 37.9760834 ], [ 23.7221473, 37.9760347 ], [ 23.7222708, 37.9759938 ], [ 23.7224013, 37.975955 ], [ 23.72253, 37.9759225 ], [ 23.7227394, 37.9758782 ], [ 23.7229683, 37.9758403 ], [ 23.7230974, 37.9758202 ] ], [ [ 23.7230974, 37.9758202 ], [ 23.7233163, 37.9757885 ] ], [ [ 23.7233163, 37.9757885 ], [ 23.7236066, 37.9757461 ], [ 23.7238347, 37.9757228 ], [ 23.7240608, 37.975716 ], [ 23.7242189, 37.9757195 ], [ 23.7244925, 37.9757343 ] ], [ [ 23.7244925, 37.9757343 ], [ 23.7246739, 37.975775 ], [ 23.7247703, 37.9758042 ], [ 23.7248176, 37.9758159 ], [ 23.7249504, 37.9758533 ] ], [ [ 23.7249504, 37.9758533 ], [ 23.7251111, 37.975917 ], [ 23.7254438, 37.9760843 ] ], [ [ 23.7254438, 37.9760843 ], [ 23.7257063, 37.9762509 ], [ 23.7258259, 37.976336 ], [ 23.7258954, 37.9763908 ], [ 23.726027, 37.9765164 ], [ 23.726129, 37.9766422 ], [ 23.7261803, 37.9767773 ], [ 23.7262244, 37.9769714 ], [ 23.7274435, 37.9817432 ], [ 23.727527, 37.9820704 ], [ 23.7278386, 37.9832839 ], [ 23.727854, 37.9833433 ], [ 23.7279153, 37.98359 ], [ 23.7279643, 37.9837863 ] ], [ [ 23.7279643, 37.9837863 ], [ 23.7280248, 37.9839244 ], [ 23.7281582, 37.9841284 ], [ 23.7281805, 37.9841871 ], [ 23.7281963, 37.9843848 ], [ 23.7281773, 37.9844999 ] ], [ [ 23.7281773, 37.9844999 ], [ 23.7282297, 37.9848023 ] ], [ [ 23.7282297, 37.9848023 ], [ 23.7283926, 37.9854594 ], [ 23.730177, 37.9926518 ], [ 23.730395, 37.9934877 ] ], [ [ 23.730395, 37.9934877 ], [ 23.7306632, 37.9946367 ], [ 23.7306822, 37.9948139 ], [ 23.7306652, 37.9949772 ], [ 23.7305913, 37.9951514 ], [ 23.7304588, 37.9953645 ], [ 23.7302893, 37.9955459 ], [ 23.7301018, 37.9957021 ], [ 23.7298958, 37.9958391 ], [ 23.7297078, 37.9959275 ], [ 23.7294825, 37.9959983 ], [ 23.729183, 37.9960595 ], [ 23.7289081, 37.9961083 ], [ 23.7275223, 37.9963075 ], [ 23.7273016, 37.9963332 ], [ 23.7263088, 37.9964088 ], [ 23.7262675, 37.996412 ], [ 23.7240219, 37.9966065 ], [ 23.7238065, 37.9966427 ], [ 23.7236273, 37.996688 ], [ 23.7234052, 37.9967661 ], [ 23.7232095, 37.996875 ], [ 23.7230617, 37.9970188 ], [ 23.7229354, 37.9972008 ], [ 23.7228239, 37.9974202 ], [ 23.7227558, 37.9976524 ] ], [ [ 23.7227558, 37.9976524 ], [ 23.7227023, 37.9978413 ], [ 23.722692, 37.9980051 ], [ 23.7226997, 37.998174 ], [ 23.7227775, 37.9988588 ], [ 23.7228107, 37.9991545 ], [ 23.7228526, 37.9995276 ] ], [ [ 23.7228526, 37.9995276 ], [ 23.7229221, 38.0001464 ], [ 23.7229486, 38.0003528 ], [ 23.7229836, 38.000577 ], [ 23.7230198, 38.0007261 ], [ 23.7230692, 38.0008904 ], [ 23.7231234, 38.0010377 ], [ 23.7232295, 38.0012799 ] ], [ [ 23.7232295, 38.0012799 ], [ 23.7233766, 38.0015259 ] ], [ [ 23.7233766, 38.0015259 ], [ 23.7235043, 38.0017149 ], [ 23.7236743, 38.0019315 ], [ 23.7238379, 38.0021238 ], [ 23.7241145, 38.0024421 ], [ 23.7245641, 38.002958 ], [ 23.7253437, 38.0038522 ], [ 23.725697, 38.0042585 ], [ 23.7260125, 38.0046241 ], [ 23.7262915, 38.0049395 ], [ 23.7266589, 38.005365 ], [ 23.7268671, 38.0056241 ], [ 23.7270672, 38.005905 ], [ 23.727219, 38.0061225 ], [ 23.7274373, 38.0064357 ], [ 23.7275439, 38.0066131 ], [ 23.7276385, 38.0067946 ], [ 23.7277292, 38.0069859 ], [ 23.727806, 38.0072132 ], [ 23.7278839, 38.0075019 ], [ 23.7279925, 38.0079247 ], [ 23.7280375, 38.0081062 ], [ 23.7280748, 38.0083016 ], [ 23.7281157, 38.0085408 ], [ 23.7282499, 38.0093745 ], [ 23.7283461, 38.0099308 ], [ 23.7284555, 38.0106171 ], [ 23.7285402, 38.0111512 ] ], [ [ 23.7285402, 38.0111512 ], [ 23.728663, 38.0119208 ], [ 23.7286946, 38.0121192 ], [ 23.7288088, 38.0127747 ] ], [ [ 23.7288088, 38.0127747 ], [ 23.7288849, 38.0132347 ], [ 23.7289491, 38.0136488 ], [ 23.7290104, 38.0140255 ], [ 23.7290847, 38.0144508 ], [ 23.729142, 38.0148104 ], [ 23.7291795, 38.0150415 ], [ 23.729224, 38.0152556 ], [ 23.7292815, 38.0154648 ], [ 23.7293346, 38.0156438 ], [ 23.7293964, 38.015815 ], [ 23.7294766, 38.0160076 ], [ 23.7295478, 38.0161597 ], [ 23.72963, 38.0163259 ], [ 23.7297351, 38.0165127 ], [ 23.7298882, 38.0167751 ], [ 23.7301389, 38.0172178 ], [ 23.7303241, 38.0175349 ], [ 23.730534, 38.0178988 ], [ 23.7310465, 38.018789 ], [ 23.7314574, 38.0195004 ], [ 23.7319353, 38.0203392 ], [ 23.7319908, 38.0204366 ], [ 23.7321349, 38.0206829 ], [ 23.7322602, 38.02089 ], [ 23.7323892, 38.0210807 ], [ 23.7325107, 38.0212439 ], [ 23.7326322, 38.0213923 ], [ 23.7327507, 38.0215258 ], [ 23.7328625, 38.0216418 ], [ 23.7329913, 38.0217678 ], [ 23.7331293, 38.0218899 ], [ 23.7332681, 38.022007 ], [ 23.7334309, 38.0221347 ], [ 23.7336, 38.0222551 ], [ 23.7338145, 38.0224001 ], [ 23.734201, 38.0226465 ], [ 23.7345577, 38.0228757 ], [ 23.7348925, 38.0230915 ], [ 23.7352173, 38.0232984 ], [ 23.7353883, 38.0234066 ] ], [ [ 23.7353883, 38.0234066 ], [ 23.7357535, 38.0236407 ] ], [ [ 23.7357535, 38.0236407 ], [ 23.7365181, 38.0241359 ], [ 23.7366488, 38.0242205 ] ], [ [ 23.7366488, 38.0242205 ], [ 23.736869, 38.0243476 ], [ 23.737, 38.0244237 ], [ 23.7372046, 38.0245525 ], [ 23.7374638, 38.0247192 ], [ 23.7377783, 38.0249247 ], [ 23.7379634, 38.0250434 ], [ 23.7381532, 38.0251604 ], [ 23.7385189, 38.025375 ], [ 23.7386712, 38.025472 ], [ 23.7388242, 38.0255799 ], [ 23.7389841, 38.0257052 ], [ 23.7391418, 38.0258188 ], [ 23.7394116, 38.0260013 ], [ 23.7399429, 38.0263451 ], [ 23.7402543, 38.026554 ], [ 23.740909, 38.0269885 ], [ 23.7412318, 38.0272004 ], [ 23.7414912, 38.0273847 ], [ 23.7417483, 38.0275955 ], [ 23.7419755, 38.0278068 ], [ 23.7421421, 38.0279816 ], [ 23.7423108, 38.0281747 ], [ 23.742458, 38.0283722 ], [ 23.7426149, 38.0286237 ], [ 23.7427403, 38.0288543 ], [ 23.7429107, 38.0292197 ], [ 23.7430007, 38.0294135 ], [ 23.7431144, 38.0296636 ], [ 23.7432236, 38.0298891 ], [ 23.7433238, 38.0301199 ], [ 23.7434241, 38.0303305 ], [ 23.7435255, 38.0305438 ], [ 23.7436837, 38.030893 ], [ 23.7439198, 38.0314046 ], [ 23.744107, 38.0318162 ], [ 23.7442017, 38.0320101 ], [ 23.7442819, 38.0321619 ], [ 23.7443724, 38.0323245 ], [ 23.7444777, 38.0324927 ], [ 23.7445961, 38.0326594 ], [ 23.7446819, 38.0327768 ], [ 23.7447807, 38.0328921 ], [ 23.7448814, 38.0330089 ], [ 23.7450147, 38.033147 ], [ 23.745068, 38.0332002 ], [ 23.7451192, 38.0332512 ], [ 23.7452739, 38.0333908 ], [ 23.7454278, 38.0335207 ], [ 23.7456422, 38.0336874 ], [ 23.7459163, 38.0338975 ], [ 23.7466134, 38.0344262 ], [ 23.7475147, 38.0351124 ], [ 23.748153, 38.0355984 ], [ 23.748941, 38.0361916 ], [ 23.7494888, 38.0366082 ] ], [ [ 23.7494888, 38.0366082 ], [ 23.7496598, 38.0367376 ] ], [ [ 23.7496598, 38.0367376 ], [ 23.7501907, 38.0371438 ], [ 23.7503892, 38.0373045 ], [ 23.7505057, 38.0374108 ], [ 23.7506141, 38.0375132 ], [ 23.7508017, 38.0377111 ], [ 23.7509292, 38.037861 ], [ 23.7510458, 38.0380109 ], [ 23.7511687, 38.0381938 ], [ 23.7512771, 38.0383645 ], [ 23.7513818, 38.0385704 ], [ 23.7514792, 38.0387755 ], [ 23.7515548, 38.038972 ], [ 23.7516431, 38.0392073 ], [ 23.7517923, 38.0395862 ], [ 23.7518608, 38.0397579 ], [ 23.7519155, 38.0398741 ] ], [ [ 23.7519155, 38.0398741 ], [ 23.7519774, 38.0399967 ], [ 23.7520466, 38.0401136 ] ], [ [ 23.7520466, 38.0401136 ], [ 23.7521444, 38.0402628 ] ], [ [ 23.7521444, 38.0402628 ], [ 23.7522075, 38.0403382 ] ], [ [ 23.7522075, 38.0403382 ], [ 23.752277, 38.0404091 ], [ 23.7523771, 38.0405131 ], [ 23.7524791, 38.0406034 ], [ 23.7525802, 38.0406895 ], [ 23.7526795, 38.0407584 ], [ 23.752786, 38.0408308 ], [ 23.7529117, 38.0409068 ], [ 23.7530528, 38.04098 ], [ 23.7532095, 38.0410531 ], [ 23.7533479, 38.0411083 ] ], [ [ 23.7533479, 38.0411083 ], [ 23.7534717, 38.0411514 ], [ 23.7535957, 38.0411889 ] ], [ [ 23.7535957, 38.0411889 ], [ 23.753853, 38.0412543 ], [ 23.7543147, 38.0413633 ] ], [ [ 23.7543147, 38.0413633 ], [ 23.7554095, 38.0416198 ], [ 23.7555084, 38.041643 ] ], [ [ 23.7555084, 38.041643 ], [ 23.7560232, 38.0417336 ], [ 23.7562074, 38.0417687 ], [ 23.7567736, 38.0419033 ], [ 23.7571108, 38.0419842 ], [ 23.7573799, 38.0420624 ], [ 23.7576088, 38.0421504 ], [ 23.7578444, 38.0422647 ], [ 23.7580398, 38.0423738 ], [ 23.7582263, 38.0424916 ], [ 23.7584664, 38.0426631 ], [ 23.7586305, 38.0427985 ], [ 23.7587924, 38.0429568 ], [ 23.7589688, 38.0431661 ], [ 23.7591207, 38.0433736 ], [ 23.7592301, 38.0435776 ], [ 23.7593809, 38.0438916 ], [ 23.7595216, 38.0441756 ], [ 23.7596466, 38.044492 ], [ 23.7598837, 38.0450212 ], [ 23.7599982, 38.0452836 ], [ 23.7600537, 38.0454067 ], [ 23.7601081, 38.0455136 ], [ 23.7601762, 38.0456376 ], [ 23.760242, 38.0457462 ], [ 23.7603296, 38.0458675 ], [ 23.7604149, 38.0459762 ], [ 23.7605048, 38.0460794 ], [ 23.760613, 38.0461903 ], [ 23.7607482, 38.0463143 ], [ 23.7608747, 38.046418 ], [ 23.7610018, 38.0465104 ], [ 23.7611359, 38.0465997 ], [ 23.7613198, 38.0467113 ], [ 23.7614773, 38.0467925 ], [ 23.7616469, 38.046868 ], [ 23.7618294, 38.0469412 ], [ 23.7620219, 38.0470044 ], [ 23.7621979, 38.04705 ], [ 23.76238, 38.0470954 ], [ 23.7625697, 38.0471314 ], [ 23.7627843, 38.0471647 ], [ 23.7629947, 38.0471802 ], [ 23.7632245, 38.0471876 ], [ 23.7634161, 38.0471823 ], [ 23.7636005, 38.0471726 ], [ 23.7638248, 38.0471474 ], [ 23.7640284, 38.0471177 ], [ 23.7642199, 38.0470806 ], [ 23.7643778, 38.0470433 ], [ 23.764548, 38.046988 ], [ 23.7647348, 38.0469135 ], [ 23.7649051, 38.0468439 ], [ 23.7649968, 38.0468026 ], [ 23.7651073, 38.0467497 ], [ 23.7652905, 38.0466527 ], [ 23.7655176, 38.0465208 ] ], [ [ 23.7655176, 38.0465208 ], [ 23.7658638, 38.0463302 ], [ 23.7661264, 38.0462048 ], [ 23.7665601, 38.0460142 ] ], [ [ 23.7665601, 38.0460142 ], [ 23.7668988, 38.0458695 ], [ 23.7677424, 38.0454919 ], [ 23.7682701, 38.0452594 ], [ 23.7684625, 38.045184 ], [ 23.7686951, 38.0451065 ], [ 23.7689008, 38.0450473 ], [ 23.7691298, 38.0449938 ], [ 23.7693382, 38.0449529 ], [ 23.7696768, 38.0449054 ], [ 23.7698007, 38.0448952 ], [ 23.7700943, 38.044888 ], [ 23.7704326, 38.0448891 ], [ 23.7723531, 38.0449382 ], [ 23.7729131, 38.044953 ], [ 23.7742227, 38.0449882 ], [ 23.7750716, 38.0450087 ], [ 23.7764376, 38.0450418 ], [ 23.7779584, 38.0450819 ], [ 23.7788502, 38.0451073 ], [ 23.7791293, 38.0451129 ], [ 23.7793816, 38.0451073 ], [ 23.7796267, 38.0450925 ], [ 23.7798602, 38.0450714 ], [ 23.7800695, 38.0450376 ], [ 23.7803173, 38.0449861 ], [ 23.7805472, 38.0449255 ], [ 23.780772, 38.0448521 ], [ 23.7809644, 38.0447781 ] ], [ [ 23.7809644, 38.0447781 ], [ 23.7812126, 38.0446645 ], [ 23.7814564, 38.0445324 ] ], [ [ 23.7814564, 38.0445324 ], [ 23.781708, 38.0443721 ], [ 23.7819182, 38.0442224 ], [ 23.7821474, 38.0440489 ], [ 23.7823886, 38.0438658 ], [ 23.7824638, 38.0438136 ], [ 23.7825425, 38.0437615 ], [ 23.7828133, 38.0435955 ] ], [ [ 23.7828133, 38.0435955 ], [ 23.7837888, 38.0429902 ] ], [ [ 23.7837888, 38.0429902 ], [ 23.7838384, 38.0429569 ], [ 23.7838996, 38.0429261 ], [ 23.7840534, 38.0428506 ], [ 23.7841563, 38.0428083 ], [ 23.7842887, 38.0427604 ], [ 23.7844371, 38.042716 ], [ 23.7846196, 38.042666 ], [ 23.7847511, 38.0426357 ], [ 23.7849018, 38.0426047 ], [ 23.7853393, 38.0424964 ], [ 23.7858116, 38.0423864 ], [ 23.7860143, 38.0423377 ], [ 23.7862204, 38.0422939 ], [ 23.7864179, 38.0422592 ], [ 23.7866068, 38.0422371 ], [ 23.7867946, 38.0422218 ], [ 23.7870042, 38.0422168 ], [ 23.7871937, 38.04222 ], [ 23.7873774, 38.0422322 ], [ 23.7875664, 38.0422543 ], [ 23.787757, 38.0422858 ], [ 23.7879655, 38.0423306 ], [ 23.7881802, 38.0423905 ], [ 23.7883371, 38.0424397 ], [ 23.7884808, 38.0424947 ], [ 23.7886531, 38.0425691 ], [ 23.7888151, 38.0426489 ], [ 23.7889772, 38.0427355 ], [ 23.7893052, 38.0429176 ], [ 23.7896447, 38.0431002 ], [ 23.7900134, 38.0433013 ], [ 23.7903375, 38.0434758 ], [ 23.7906088, 38.043626 ], [ 23.7909163, 38.0437941 ], [ 23.791293, 38.0439957 ], [ 23.7916623, 38.0441741 ], [ 23.7918696, 38.0442719 ], [ 23.792015, 38.0443477 ], [ 23.7921736, 38.0444419 ], [ 23.7922915, 38.0445199 ], [ 23.7924003, 38.0446037 ], [ 23.7925395, 38.0447263 ] ], [ [ 23.7925395, 38.0447263 ], [ 23.793425, 38.0455338 ] ], [ [ 23.793425, 38.0455338 ], [ 23.7937578, 38.0458467 ], [ 23.794049, 38.0461138 ], [ 23.7942946, 38.0463653 ], [ 23.7945443, 38.046653 ], [ 23.7948094, 38.0469568 ], [ 23.7951109, 38.0473016 ], [ 23.7954906, 38.0477424 ], [ 23.7959725, 38.048297 ], [ 23.7963441, 38.0487248 ], [ 23.7967576, 38.0491978 ], [ 23.797301, 38.049824 ], [ 23.7975282, 38.0500819 ], [ 23.7976837, 38.0502568 ], [ 23.7978853, 38.0504639 ], [ 23.798048, 38.0506178 ], [ 23.7983008, 38.0508483 ], [ 23.7987583, 38.0512665 ], [ 23.799181, 38.051648 ], [ 23.7994151, 38.0518629 ], [ 23.799553, 38.0519992 ], [ 23.7996983, 38.052161 ], [ 23.7998223, 38.0523096 ], [ 23.7999574, 38.0525013 ], [ 23.8001128, 38.0527337 ] ], [ [ 23.8001128, 38.0527337 ], [ 23.8003368, 38.0530551 ], [ 23.800495, 38.0532759 ], [ 23.800619, 38.0534362 ], [ 23.8007514, 38.0535856 ], [ 23.80088, 38.0537182 ], [ 23.8010429, 38.0538661 ], [ 23.8011826, 38.0539849 ], [ 23.8013501, 38.0541103 ], [ 23.8015565, 38.0542509 ], [ 23.8018906, 38.0544724 ], [ 23.8024681, 38.0548537 ], [ 23.8030891, 38.0552676 ], [ 23.8031946, 38.0553361 ], [ 23.8033556, 38.0554381 ], [ 23.8035111, 38.0555329 ], [ 23.80376, 38.0556648 ], [ 23.8040052, 38.055783 ], [ 23.8044081, 38.0559745 ] ], [ [ 23.8044081, 38.0559745 ], [ 23.8048673, 38.0561928 ], [ 23.8052304, 38.0563657 ], [ 23.8054026, 38.056456 ], [ 23.8055114, 38.0565273 ] ], [ [ 23.8055114, 38.0565273 ], [ 23.8055479, 38.0565442 ], [ 23.8056885, 38.0566426 ], [ 23.8058199, 38.0567504 ], [ 23.805931, 38.0568619 ], [ 23.8060448, 38.0569923 ], [ 23.8061318, 38.0571177 ] ], [ [ 23.8061318, 38.0571177 ], [ 23.8062132, 38.0572554 ], [ 23.8062734, 38.0573829 ], [ 23.8063289, 38.0575352 ], [ 23.8063631, 38.0576765 ], [ 23.8063817, 38.0578354 ], [ 23.8063881, 38.0579826 ], [ 23.8063835, 38.0581677 ], [ 23.806365, 38.0583527 ], [ 23.8063366, 38.0585311 ], [ 23.8062996, 38.0586914 ], [ 23.8062453, 38.0588781 ], [ 23.8061874, 38.0590411 ], [ 23.806118, 38.059206 ], [ 23.8060047, 38.0594319 ], [ 23.8057817, 38.059849 ], [ 23.8055894, 38.0602156 ], [ 23.8054621, 38.0604684 ], [ 23.8052525, 38.0608702 ], [ 23.8050828, 38.0612002 ], [ 23.8048988, 38.0615436 ], [ 23.8047855, 38.0617622 ], [ 23.804677, 38.0619687 ], [ 23.8045602, 38.0621891 ], [ 23.8044075, 38.0624505 ], [ 23.8040535, 38.063037 ], [ 23.803954, 38.0632155 ], [ 23.8038707, 38.0634022 ], [ 23.8038036, 38.0636044 ], [ 23.8037504, 38.0638057 ], [ 23.8037227, 38.0639787 ], [ 23.8037111, 38.0641481 ], [ 23.8037111, 38.0643166 ], [ 23.8037261, 38.0644933 ], [ 23.8037562, 38.0646636 ], [ 23.8038025, 38.0648356 ], [ 23.8040124, 38.0655419 ] ], [ [ 23.8040124, 38.0655419 ], [ 23.8042356, 38.0663647 ] ], [ [ 23.8042356, 38.0663647 ], [ 23.8044269, 38.0670883 ], [ 23.8044703, 38.0672613 ], [ 23.8045128, 38.0674664 ], [ 23.8045263, 38.0676016 ], [ 23.8045399, 38.0677575 ], [ 23.8045444, 38.0679326 ], [ 23.8045372, 38.0681184 ], [ 23.8045182, 38.0682971 ], [ 23.8044983, 38.0684238 ], [ 23.8044721, 38.0685541 ], [ 23.80436, 38.0690923 ], [ 23.8043328, 38.0692588 ], [ 23.8043283, 38.0694126 ], [ 23.8043401, 38.0695849 ], [ 23.8043654, 38.0697272 ], [ 23.8043943, 38.0698354 ], [ 23.8044368, 38.0699643 ], [ 23.8044929, 38.0700832 ], [ 23.8045535, 38.0701899 ], [ 23.8046276, 38.0702953 ], [ 23.8047153, 38.0704056 ], [ 23.8048139, 38.0705145 ], [ 23.8049305, 38.0706227 ], [ 23.8050526, 38.070716 ], [ 23.8051846, 38.0708071 ], [ 23.8053302, 38.0708918 ], [ 23.8054939, 38.0709687 ], [ 23.8056666, 38.0710384 ], [ 23.8058528, 38.0710982 ], [ 23.8062051, 38.0711859 ], [ 23.8066608, 38.0713019 ], [ 23.8068466, 38.0713487 ], [ 23.8070235, 38.0713995 ], [ 23.8071724, 38.0714535 ], [ 23.8072991, 38.0715061 ], [ 23.8074321, 38.0715739 ], [ 23.8075747, 38.0716604 ], [ 23.8076934, 38.0717463 ], [ 23.8077993, 38.0718366 ], [ 23.807883, 38.0719194 ], [ 23.8079618, 38.0720103 ], [ 23.8080351, 38.0721138 ], [ 23.8081044, 38.0722354 ], [ 23.8081616, 38.0723581 ], [ 23.8081932, 38.0724559 ], [ 23.8082286, 38.0725564 ], [ 23.8082498, 38.0726611 ], [ 23.8082629, 38.0727545 ], [ 23.8082639, 38.0728949 ], [ 23.8082558, 38.0730233 ], [ 23.8082198, 38.0733951 ] ] ] } },
{ "type": "Feature", "properties": { "full_id": "2", "ref": "Μ1", "name:en": "Metro Μ1: Kifissia → Piraeus", "name": "Μετρό Μ1: Κηφισιά → Πειραιά", "shapeleng_": 25.625527944673102 }, "geometry": { "type": "MultiLineString", "coordinates": [ [ [ 23.8081192, 38.0733906 ], [ 23.808154, 38.0729553 ], [ 23.8081614, 38.0728152 ], [ 23.8081656, 38.0727051 ], [ 23.8081633, 38.0726144 ], [ 23.8081516, 38.0725172 ], [ 23.8081368, 38.072446 ], [ 23.8081131, 38.0723568 ], [ 23.8080735, 38.0722624 ], [ 23.8080176, 38.072153 ], [ 23.807938, 38.0720425 ], [ 23.8078516, 38.0719429 ], [ 23.8077426, 38.0718342 ], [ 23.8076278, 38.0717397 ], [ 23.8075088, 38.0716585 ], [ 23.8074, 38.0715942 ], [ 23.8072571, 38.0715219 ], [ 23.8071105, 38.071462 ], [ 23.8069224, 38.0714032 ], [ 23.8067462, 38.0713594 ], [ 23.8066455, 38.0713332 ], [ 23.8061923, 38.0712198 ], [ 23.8058412, 38.0711252 ], [ 23.8056515, 38.071067 ], [ 23.8054713, 38.0709956 ], [ 23.8053103, 38.0709169 ], [ 23.8051614, 38.0708315 ], [ 23.8050288, 38.0707425 ], [ 23.8049057, 38.0706449 ], [ 23.8047862, 38.0705366 ], [ 23.8046829, 38.0704243 ], [ 23.8045909, 38.0703131 ], [ 23.8045178, 38.0702006 ], [ 23.804459, 38.0700962 ], [ 23.8044002, 38.0699731 ], [ 23.8043545, 38.0698477 ], [ 23.8043218, 38.0697328 ], [ 23.8042987, 38.0695879 ], [ 23.8042852, 38.0694137 ], [ 23.8042941, 38.069255 ], [ 23.8043208, 38.0690874 ], [ 23.8044337, 38.0685515 ], [ 23.8044603, 38.0684214 ], [ 23.8044783, 38.0682945 ], [ 23.8044964, 38.068119 ], [ 23.8045019, 38.0679363 ], [ 23.8044972, 38.0677547 ], [ 23.804486, 38.0676038 ], [ 23.80447, 38.0674675 ], [ 23.8044306, 38.067267 ], [ 23.804389, 38.0670968 ], [ 23.8042006, 38.0663701 ] ], [ [ 23.8042006, 38.0663701 ], [ 23.8039695, 38.0655462 ] ], [ [ 23.8039695, 38.0655462 ], [ 23.8037652, 38.0648506 ], [ 23.8037181, 38.0646677 ], [ 23.8036854, 38.0644963 ], [ 23.8036708, 38.0643169 ], [ 23.8036713, 38.0641449 ], [ 23.8036813, 38.0639756 ], [ 23.8037113, 38.0637931 ], [ 23.8037597, 38.0635987 ], [ 23.8038346, 38.063394 ], [ 23.8039186, 38.0632061 ], [ 23.8040166, 38.0630238 ], [ 23.8043738, 38.0624372 ], [ 23.8045249, 38.0621752 ], [ 23.804644, 38.0619571 ], [ 23.804752, 38.0617513 ], [ 23.8048656, 38.061533 ], [ 23.8050426, 38.0611876 ], [ 23.8052152, 38.0608628 ], [ 23.8054235, 38.06046 ], [ 23.8055549, 38.06021 ], [ 23.8057442, 38.0598431 ], [ 23.8059648, 38.0594217 ], [ 23.8060776, 38.059199 ], [ 23.8061468, 38.0590346 ], [ 23.8062048, 38.0588727 ], [ 23.8062606, 38.0586885 ], [ 23.8062971, 38.0585287 ], [ 23.8063271, 38.0583488 ], [ 23.8063394, 38.058166 ], [ 23.8063472, 38.057983 ], [ 23.8063404, 38.0578379 ], [ 23.8063233, 38.0576789 ], [ 23.8062904, 38.0575434 ], [ 23.806235, 38.0573946 ], [ 23.806178, 38.0572684 ], [ 23.8060996, 38.0571356 ] ], [ [ 23.8060996, 38.0571356 ], [ 23.8060114, 38.0570094 ], [ 23.8059047, 38.0568839 ], [ 23.8057888, 38.0567733 ], [ 23.8056647, 38.0566685 ], [ 23.8055263, 38.0565672 ], [ 23.8054869, 38.0565443 ] ], [ [ 23.8054869, 38.0565443 ], [ 23.8053811, 38.0564826 ], [ 23.8052098, 38.0563935 ], [ 23.8043874, 38.0559993 ] ], [ [ 23.8043874, 38.0559993 ], [ 23.8039873, 38.0558098 ], [ 23.8037405, 38.0556917 ], [ 23.8034951, 38.0555571 ], [ 23.8033358, 38.0554653 ], [ 23.8031752, 38.0553609 ], [ 23.8030714, 38.055291 ], [ 23.8024389, 38.0548748 ], [ 23.8022465, 38.0547472 ], [ 23.8018681, 38.0544951 ], [ 23.8015363, 38.0542751 ], [ 23.8013302, 38.0541328 ], [ 23.8011614, 38.0540083 ], [ 23.801015, 38.0538877 ], [ 23.8008518, 38.0537374 ], [ 23.8007209, 38.0536045 ], [ 23.80059, 38.053453 ], [ 23.8004614, 38.053297 ], [ 23.8003046, 38.0530726 ], [ 23.8000818, 38.0527497 ] ], [ [ 23.8000818, 38.0527497 ], [ 23.7999217, 38.0525156 ], [ 23.7997856, 38.0523317 ], [ 23.7996664, 38.0521829 ], [ 23.7995246, 38.0520211 ], [ 23.7993862, 38.0518838 ], [ 23.7991516, 38.0516733 ], [ 23.7987325, 38.0512872 ], [ 23.7982721, 38.0508726 ], [ 23.7980125, 38.0506344 ], [ 23.7978593, 38.0504861 ], [ 23.7976521, 38.0502785 ], [ 23.7974975, 38.0501029 ], [ 23.797273, 38.0498447 ], [ 23.7967291, 38.0492164 ], [ 23.7963142, 38.0487408 ], [ 23.7959429, 38.0483142 ], [ 23.7954603, 38.0477599 ], [ 23.7950778, 38.0473229 ], [ 23.7947762, 38.0469773 ], [ 23.7945122, 38.0466722 ], [ 23.7942656, 38.0463856 ], [ 23.7940229, 38.0461383 ], [ 23.7937296, 38.0458668 ], [ 23.7933924, 38.0455572 ] ], [ [ 23.7933924, 38.0455572 ], [ 23.7925123, 38.0447488 ] ], [ [ 23.7925123, 38.0447488 ], [ 23.7923659, 38.0446235 ], [ 23.7922626, 38.0445435 ], [ 23.7921459, 38.0444669 ], [ 23.7919891, 38.0443708 ], [ 23.7918538, 38.0443008 ], [ 23.7916413, 38.0441995 ], [ 23.791274, 38.0440219 ], [ 23.7908971, 38.0438246 ], [ 23.7905914, 38.0436534 ], [ 23.7903176, 38.043504 ], [ 23.7899933, 38.0433277 ], [ 23.7896244, 38.0431274 ], [ 23.7892835, 38.0429422 ], [ 23.7889543, 38.0427627 ], [ 23.7887926, 38.0426772 ], [ 23.7886364, 38.0425987 ], [ 23.7884636, 38.0425231 ], [ 23.7883202, 38.0424692 ], [ 23.7881667, 38.0424175 ], [ 23.7879529, 38.0423593 ], [ 23.7877489, 38.042316 ], [ 23.7875605, 38.0422861 ], [ 23.7873712, 38.0422655 ], [ 23.7871917, 38.0422525 ], [ 23.7870056, 38.0422478 ], [ 23.7867972, 38.0422529 ], [ 23.7866086, 38.0422664 ], [ 23.7864237, 38.0422906 ], [ 23.7862283, 38.0423233 ], [ 23.7860246, 38.0423679 ], [ 23.785826, 38.0424169 ], [ 23.7853469, 38.0425305 ], [ 23.7850196, 38.0426052 ], [ 23.7847522, 38.0426768 ], [ 23.7845804, 38.0427315 ], [ 23.7844322, 38.0427893 ], [ 23.7842715, 38.0428603 ], [ 23.7841596, 38.0429115 ], [ 23.783987, 38.0429937 ], [ 23.783873, 38.0430744 ] ], [ [ 23.783873, 38.0430744 ], [ 23.7828976, 38.0436797 ] ], [ [ 23.7828976, 38.0436797 ], [ 23.7819133, 38.0442967 ], [ 23.7816977, 38.0444301 ], [ 23.7814789, 38.0445604 ] ], [ [ 23.7814789, 38.0445604 ], [ 23.7812268, 38.0446951 ], [ 23.7809797, 38.0448102 ] ], [ [ 23.7809797, 38.0448102 ], [ 23.7807859, 38.0448842 ], [ 23.7805586, 38.0449569 ], [ 23.7803294, 38.0450171 ], [ 23.7800782, 38.0450691 ], [ 23.7798658, 38.0451044 ], [ 23.7796307, 38.0451226 ], [ 23.7793812, 38.0451373 ], [ 23.7791291, 38.0451391 ], [ 23.7788552, 38.0451346 ], [ 23.7779577, 38.0451127 ], [ 23.7764369, 38.0450713 ], [ 23.7750739, 38.0450403 ], [ 23.7742213, 38.0450183 ], [ 23.7729147, 38.0449803 ], [ 23.7723546, 38.0449691 ], [ 23.7704319, 38.0449207 ], [ 23.7700941, 38.0449179 ], [ 23.7698707, 38.0449253 ], [ 23.7696969, 38.0449354 ], [ 23.7693455, 38.0449774 ], [ 23.7691396, 38.0450206 ], [ 23.7689123, 38.0450754 ], [ 23.7687117, 38.0451359 ], [ 23.7684764, 38.0452124 ], [ 23.7682897, 38.0452868 ], [ 23.767761, 38.0455202 ], [ 23.7669847, 38.0458667 ], [ 23.766916, 38.0458974 ], [ 23.7668476, 38.0459284 ] ], [ [ 23.7668476, 38.0459284 ], [ 23.7665846, 38.0460473 ] ], [ [ 23.7665846, 38.0460473 ], [ 23.7661438, 38.0462395 ], [ 23.7658842, 38.0463657 ], [ 23.7655433, 38.0465498 ] ], [ [ 23.7655433, 38.0465498 ], [ 23.765314, 38.0466759 ], [ 23.7651221, 38.046779 ], [ 23.7649313, 38.0468685 ], [ 23.7647408, 38.0469467 ], [ 23.7645541, 38.0470143 ], [ 23.7643887, 38.047067 ], [ 23.764231, 38.0471081 ], [ 23.7640304, 38.0471471 ], [ 23.763834, 38.0471783 ], [ 23.7636109, 38.0472041 ], [ 23.7634165, 38.0472144 ], [ 23.7632236, 38.0472189 ], [ 23.7629949, 38.0472098 ], [ 23.7627867, 38.0471916 ], [ 23.7625638, 38.0471598 ], [ 23.7623705, 38.0471242 ], [ 23.762189, 38.0470783 ], [ 23.7620096, 38.047035 ], [ 23.7618172, 38.0469701 ], [ 23.7616324, 38.0468981 ], [ 23.7614625, 38.0468207 ], [ 23.7613028, 38.0467392 ], [ 23.7611156, 38.0466203 ], [ 23.7609788, 38.0465363 ], [ 23.7608487, 38.0464417 ], [ 23.7607214, 38.0463401 ], [ 23.7605863, 38.0462146 ], [ 23.7604747, 38.0460993 ], [ 23.7603823, 38.0459941 ], [ 23.760293, 38.0458829 ], [ 23.7602082, 38.0457591 ], [ 23.7601393, 38.0456503 ], [ 23.7600724, 38.0455257 ], [ 23.7600183, 38.045419 ], [ 23.7599626, 38.0452954 ], [ 23.7598437, 38.0450287 ], [ 23.7596077, 38.0444995 ], [ 23.7594716, 38.044179 ], [ 23.7593437, 38.0439056 ], [ 23.7591981, 38.0435944 ], [ 23.7590798, 38.0433918 ], [ 23.758933, 38.0431777 ], [ 23.7587607, 38.0429775 ], [ 23.7586012, 38.0428236 ], [ 23.7584386, 38.0426884 ], [ 23.7582028, 38.0425164 ], [ 23.7580199, 38.042404 ], [ 23.7578204, 38.0423077 ], [ 23.7575815, 38.0422042 ], [ 23.7573833, 38.0421365 ], [ 23.7570724, 38.0420538 ], [ 23.7562195, 38.0418614 ], [ 23.7554945, 38.0416836 ] ], [ [ 23.7554945, 38.0416836 ], [ 23.7553969, 38.0416603 ], [ 23.7543061, 38.0413999 ] ], [ [ 23.7543061, 38.0413999 ], [ 23.7538406, 38.0412876 ], [ 23.7535779, 38.0412173 ] ], [ [ 23.7535779, 38.0412173 ], [ 23.7534582, 38.0411809 ], [ 23.7533349, 38.0411369 ] ], [ [ 23.7533349, 38.0411369 ], [ 23.7531846, 38.0410796 ], [ 23.7530377, 38.0410064 ], [ 23.7528959, 38.0409307 ], [ 23.7527687, 38.0408555 ], [ 23.7526571, 38.0407867 ], [ 23.7525577, 38.0407164 ], [ 23.7524536, 38.0406283 ], [ 23.7523466, 38.0405353 ], [ 23.7522486, 38.0404291 ], [ 23.7521818, 38.0403566 ] ], [ [ 23.7521818, 38.0403566 ], [ 23.7521141, 38.0402756 ] ], [ [ 23.7521141, 38.0402756 ], [ 23.7520186, 38.0401416 ] ], [ [ 23.7520186, 38.0401416 ], [ 23.7519419, 38.040019 ], [ 23.751887, 38.0399056 ] ], [ [ 23.751887, 38.0399056 ], [ 23.7518209, 38.0397669 ], [ 23.7517506, 38.0395959 ], [ 23.7516073, 38.0392195 ], [ 23.7515139, 38.0389852 ], [ 23.7514362, 38.0387868 ], [ 23.7513452, 38.0385835 ], [ 23.7512371, 38.0383747 ], [ 23.7511362, 38.0382096 ], [ 23.7510099, 38.0380306 ], [ 23.7508899, 38.0378804 ], [ 23.7507601, 38.0377322 ], [ 23.7505712, 38.0375331 ], [ 23.7503481, 38.0373312 ], [ 23.7501571, 38.0371739 ], [ 23.7497274, 38.0368376 ], [ 23.749622, 38.0367528 ] ], [ [ 23.749622, 38.0367528 ], [ 23.7494459, 38.036621 ] ], [ [ 23.7494459, 38.036621 ], [ 23.7492549, 38.0364767 ], [ 23.7489077, 38.0362146 ], [ 23.7481293, 38.0356217 ], [ 23.7474886, 38.0351338 ], [ 23.7468382, 38.0346412 ], [ 23.746583, 38.0344479 ], [ 23.7458934, 38.0339211 ], [ 23.7456126, 38.0337089 ], [ 23.7454026, 38.0335457 ], [ 23.7452441, 38.0334114 ], [ 23.7450905, 38.0332719 ], [ 23.7449777, 38.0331635 ], [ 23.7448504, 38.0330291 ], [ 23.7447489, 38.032915 ], [ 23.7446465, 38.0327953 ], [ 23.7445556, 38.0326778 ], [ 23.7444403, 38.0325103 ], [ 23.7443309, 38.032337 ], [ 23.7442432, 38.0321748 ], [ 23.7441669, 38.0320263 ], [ 23.7440744, 38.0318293 ], [ 23.7438831, 38.0314141 ], [ 23.7436444, 38.0309036 ], [ 23.7434826, 38.0305507 ], [ 23.7433901, 38.030344 ], [ 23.7432959, 38.0301336 ], [ 23.7431899, 38.0299021 ], [ 23.7430809, 38.0296789 ], [ 23.742966, 38.0294272 ], [ 23.7428712, 38.0292299 ], [ 23.742697, 38.0288646 ], [ 23.7425705, 38.0286407 ], [ 23.7424189, 38.0283973 ], [ 23.7422675, 38.0281929 ], [ 23.7421136, 38.0280025 ], [ 23.7419486, 38.0278285 ], [ 23.741728, 38.0276206 ], [ 23.7414674, 38.0274072 ], [ 23.7412111, 38.0272249 ], [ 23.7408882, 38.0270145 ], [ 23.7402345, 38.0265783 ], [ 23.7399216, 38.0263701 ], [ 23.7393931, 38.0260277 ], [ 23.7389475, 38.0257395 ], [ 23.7386388, 38.0255385 ], [ 23.7383518, 38.0253631 ], [ 23.7380747, 38.0251974 ], [ 23.7374062, 38.02477 ], [ 23.736919, 38.0244561 ], [ 23.7366169, 38.0242477 ] ], [ [ 23.7366169, 38.0242477 ], [ 23.7364892, 38.0241646 ], [ 23.735725, 38.0236675 ] ], [ [ 23.735725, 38.0236675 ], [ 23.7355454, 38.0235487 ], [ 23.7353609, 38.023429 ] ], [ [ 23.7353609, 38.023429 ], [ 23.7351792, 38.0233149 ], [ 23.7348692, 38.0231142 ], [ 23.7345363, 38.0228997 ], [ 23.7341795, 38.0226723 ], [ 23.7337906, 38.022425 ], [ 23.7334074, 38.0221606 ], [ 23.7331023, 38.0219123 ], [ 23.7328284, 38.0216603 ], [ 23.7327158, 38.0215392 ], [ 23.7324777, 38.0212662 ], [ 23.7321022, 38.0206972 ], [ 23.7319566, 38.0204453 ], [ 23.731418, 38.0195138 ], [ 23.7313821, 38.0194516 ], [ 23.7310054, 38.0188 ], [ 23.7304937, 38.0179151 ], [ 23.730288, 38.017553 ], [ 23.7301028, 38.0172353 ], [ 23.7298467, 38.0167885 ], [ 23.7296938, 38.0165244 ], [ 23.7296674, 38.0164808 ], [ 23.7295921, 38.0163391 ], [ 23.729509, 38.0161704 ], [ 23.7294363, 38.0160108 ], [ 23.7293574, 38.0158196 ], [ 23.7292946, 38.0156533 ], [ 23.729241, 38.0154688 ], [ 23.7291869, 38.0152582 ], [ 23.7291443, 38.0150401 ], [ 23.7290976, 38.0148116 ], [ 23.7290413, 38.0144536 ], [ 23.7289723, 38.0140307 ], [ 23.7289115, 38.0136583 ], [ 23.7288421, 38.0132378 ], [ 23.728771, 38.0127785 ] ], [ [ 23.728771, 38.0127785 ], [ 23.7286804, 38.012254 ], [ 23.7286496, 38.012083 ], [ 23.728624, 38.0119247 ], [ 23.7284993, 38.0111521 ] ], [ [ 23.7284993, 38.0111521 ], [ 23.7284084, 38.0106214 ], [ 23.7283057, 38.0099386 ], [ 23.7282145, 38.0093804 ], [ 23.7280757, 38.0085478 ], [ 23.7280397, 38.0083073 ], [ 23.7279978, 38.0081056 ], [ 23.7279546, 38.0079276 ], [ 23.727843, 38.0075101 ], [ 23.7277594, 38.0072192 ], [ 23.7276817, 38.0069954 ], [ 23.7275929, 38.0068048 ], [ 23.7275544, 38.006733 ], [ 23.7274959, 38.0066236 ], [ 23.7273919, 38.0064511 ], [ 23.7271809, 38.0061389 ], [ 23.7270293, 38.0059221 ], [ 23.7268353, 38.005644 ], [ 23.7266314, 38.0053814 ], [ 23.7262659, 38.0049551 ], [ 23.7259791, 38.0046394 ], [ 23.7256659, 38.0042736 ], [ 23.725312, 38.0038716 ], [ 23.7249468, 38.003449 ], [ 23.7245392, 38.0029809 ], [ 23.7238124, 38.0021414 ], [ 23.7236414, 38.0019491 ], [ 23.7234725, 38.0017284 ], [ 23.7233384, 38.0015308 ] ], [ [ 23.7233384, 38.0015308 ], [ 23.7231884, 38.0012867 ] ], [ [ 23.7231884, 38.0012867 ], [ 23.7230815, 38.0010467 ], [ 23.7230272, 38.0008977 ], [ 23.7229807, 38.0007421 ], [ 23.7229456, 38.0005934 ], [ 23.7229199, 38.0004517 ], [ 23.7229012, 38.0003034 ], [ 23.7228731, 37.9999667 ], [ 23.7228443, 37.9997242 ], [ 23.7228229, 37.9995293 ] ], [ [ 23.7228229, 37.9995293 ], [ 23.722744, 37.9988788 ], [ 23.7227147, 37.9986453 ], [ 23.7226565, 37.9981809 ], [ 23.7226455, 37.9980105 ], [ 23.7226566, 37.9978446 ], [ 23.7227148, 37.9976486 ] ], [ [ 23.7227148, 37.9976486 ], [ 23.7227822, 37.9974143 ], [ 23.7228885, 37.9971861 ], [ 23.7230309, 37.9970012 ], [ 23.7231862, 37.9968521 ], [ 23.7233901, 37.9967436 ], [ 23.7236119, 37.9966689 ], [ 23.7237988, 37.9966224 ], [ 23.7240201, 37.9965877 ], [ 23.7262655, 37.9963898 ], [ 23.7263591, 37.9963786 ], [ 23.7264535, 37.9963756 ], [ 23.7272976, 37.996312 ], [ 23.7275164, 37.9962871 ], [ 23.728904, 37.9960885 ], [ 23.7291773, 37.9960422 ], [ 23.729475, 37.9959777 ], [ 23.729699, 37.9959037 ], [ 23.729872, 37.9958192 ], [ 23.7300812, 37.995686 ], [ 23.7302662, 37.9955338 ], [ 23.7304312, 37.995351 ], [ 23.7305586, 37.995147 ], [ 23.730631, 37.9949726 ], [ 23.7306485, 37.9948131 ], [ 23.7306283, 37.9946408 ], [ 23.7303559, 37.9934941 ] ], [ [ 23.7303559, 37.9934941 ], [ 23.730138, 37.9926581 ], [ 23.7282787, 37.9851634 ], [ 23.7281911, 37.9848108 ] ], [ [ 23.7281911, 37.9848108 ], [ 23.7280679, 37.9845266 ] ], [ [ 23.7280679, 37.9845266 ], [ 23.7279716, 37.9843717 ], [ 23.7279344, 37.98424 ], [ 23.7279111, 37.9841267 ], [ 23.7279215, 37.983945 ], [ 23.7278841, 37.9837975 ] ], [ [ 23.7278841, 37.9837975 ], [ 23.7278337, 37.9835974 ], [ 23.7277587, 37.9832931 ], [ 23.7275068, 37.9822741 ], [ 23.7275007, 37.9822506 ], [ 23.7274987, 37.9822417 ], [ 23.7274626, 37.9820958 ], [ 23.727445, 37.9820247 ], [ 23.727428, 37.9819561 ], [ 23.7261932, 37.9769707 ], [ 23.7261438, 37.97679 ], [ 23.7260874, 37.9766547 ], [ 23.7259921, 37.9765331 ], [ 23.7258597, 37.9764142 ], [ 23.725678, 37.9762776 ], [ 23.7254187, 37.9761161 ] ], [ [ 23.7254187, 37.9761161 ], [ 23.7250954, 37.9759539 ], [ 23.7249306, 37.9758884 ] ], [ [ 23.7249306, 37.9758884 ], [ 23.72479, 37.9758388 ], [ 23.7246626, 37.9757935 ], [ 23.7244855, 37.9757557 ] ], [ [ 23.7244855, 37.9757557 ], [ 23.7242282, 37.9757357 ], [ 23.7240897, 37.9757314 ], [ 23.7239861, 37.9757319 ], [ 23.7238725, 37.9757343 ], [ 23.7237592, 37.9757439 ], [ 23.7235909, 37.9757661 ], [ 23.7233208, 37.9758077 ] ], [ [ 23.7233208, 37.9758077 ], [ 23.7231015, 37.9758427 ] ], [ [ 23.7231015, 37.9758427 ], [ 23.7227914, 37.9759002 ], [ 23.7225429, 37.9759528 ], [ 23.7224114, 37.9759874 ], [ 23.7221975, 37.976051 ], [ 23.7220335, 37.9761144 ] ], [ [ 23.7220335, 37.9761144 ], [ 23.7219149, 37.9761634 ] ], [ [ 23.7219149, 37.9761634 ], [ 23.7213715, 37.9763962 ] ], [ [ 23.7213715, 37.9763962 ], [ 23.7212059, 37.9764735 ], [ 23.7210678, 37.9765385 ], [ 23.7209216, 37.9766001 ], [ 23.7207858, 37.9766507 ] ], [ [ 23.7207858, 37.9766507 ], [ 23.7206625, 37.9766882 ], [ 23.7205451, 37.9767244 ], [ 23.7204117, 37.976767 ], [ 23.7196752, 37.9769903 ], [ 23.7195808, 37.9770183 ] ], [ [ 23.7195808, 37.9770183 ], [ 23.7194194, 37.977069 ], [ 23.7192684, 37.9771172 ], [ 23.7191995, 37.9771396 ], [ 23.7191339, 37.9771605 ], [ 23.7189818, 37.9772068 ], [ 23.7187697, 37.9772672 ], [ 23.7186839, 37.9772883 ], [ 23.718611, 37.9773059 ], [ 23.7185725, 37.9773144 ], [ 23.718294, 37.9773638 ], [ 23.7181821, 37.977378 ], [ 23.7181184, 37.9773859 ], [ 23.7180316, 37.9773921 ], [ 23.7178345, 37.9774008 ], [ 23.7176764, 37.977404 ], [ 23.7175142, 37.9774059 ], [ 23.7173594, 37.9774004 ], [ 23.7171345, 37.9773887 ], [ 23.7169359, 37.9773754 ], [ 23.7167776, 37.9773592 ], [ 23.7166015, 37.9773328 ], [ 23.7164508, 37.9773017 ], [ 23.7163079, 37.9772692 ], [ 23.7160921, 37.977216 ], [ 23.7158164, 37.9771392 ], [ 23.7155808, 37.977075 ], [ 23.7154803, 37.9770445 ], [ 23.7153802, 37.9770111 ], [ 23.7152571, 37.9769678 ], [ 23.7151189, 37.9769128 ], [ 23.7150261, 37.9768735 ], [ 23.7149568, 37.9768403 ], [ 23.7148923, 37.9768095 ], [ 23.7148138, 37.976767 ], [ 23.714681, 37.9766879 ], [ 23.714492, 37.9765735 ], [ 23.7142901, 37.9764449 ], [ 23.7141546, 37.9763593 ] ], [ [ 23.7141546, 37.9763593 ], [ 23.7140298, 37.9762756 ], [ 23.7139378, 37.9762095 ], [ 23.7138488, 37.9761425 ], [ 23.7137604, 37.9760749 ], [ 23.7136597, 37.9759932 ], [ 23.7135909, 37.9759332 ], [ 23.7135316, 37.9758814 ], [ 23.7134105, 37.9757626 ], [ 23.7132705, 37.9756199 ] ], [ [ 23.7132705, 37.9756199 ], [ 23.7131618, 37.9755035 ], [ 23.7130665, 37.9753891 ], [ 23.7129039, 37.9751858 ], [ 23.7127466, 37.9749806 ], [ 23.7125965, 37.974775 ], [ 23.7124466, 37.9745563 ], [ 23.712326, 37.9743745 ], [ 23.7122206, 37.9741916 ], [ 23.7121288, 37.9740295 ], [ 23.711962, 37.9737293 ], [ 23.7119135, 37.973642 ], [ 23.711488, 37.9728521 ], [ 23.7112494, 37.9724244 ], [ 23.7109817, 37.9719319 ], [ 23.7107136, 37.9714493 ], [ 23.7104937, 37.971046 ], [ 23.7103368, 37.9707603 ], [ 23.7101768, 37.9704638 ], [ 23.7099326, 37.9700376 ], [ 23.70962, 37.9694637 ], [ 23.7094067, 37.969069 ], [ 23.7088499, 37.9680413 ], [ 23.708726, 37.9678167 ], [ 23.7084642, 37.967343 ], [ 23.7082434, 37.9669342 ], [ 23.7081129, 37.9666877 ], [ 23.7080054, 37.9664953 ], [ 23.7079128, 37.9663453 ], [ 23.7078243, 37.9662164 ], [ 23.7077276, 37.9660815 ], [ 23.7076633, 37.9659934 ], [ 23.7075903, 37.9659045 ], [ 23.707497, 37.9658 ], [ 23.7073501, 37.9656351 ], [ 23.7071902, 37.9654516 ], [ 23.7070337, 37.9652764 ], [ 23.7068578, 37.9651041 ], [ 23.7067384, 37.9649906 ], [ 23.7066885, 37.9649477 ] ], [ [ 23.7066885, 37.9649477 ], [ 23.7058096, 37.9642009 ] ], [ [ 23.7058096, 37.9642009 ], [ 23.7057014, 37.9641113 ], [ 23.7054714, 37.963919 ], [ 23.7051352, 37.963631 ], [ 23.7048613, 37.9633931 ], [ 23.704702, 37.9632654 ], [ 23.704567, 37.963159 ], [ 23.7044598, 37.9630814 ], [ 23.70433, 37.9629841 ], [ 23.7041671, 37.9628794 ], [ 23.7040949, 37.9628361 ], [ 23.7040125, 37.9627902 ], [ 23.7039238, 37.9627492 ], [ 23.7038135, 37.9626996 ], [ 23.7037127, 37.9626558 ], [ 23.7034351, 37.9625326 ], [ 23.7033915, 37.9625135 ], [ 23.7032993, 37.9624732 ], [ 23.7031378, 37.9624006 ], [ 23.7030732, 37.9623737 ], [ 23.7030069, 37.9623457 ], [ 23.7028716, 37.9622914 ], [ 23.7028608, 37.9622871 ], [ 23.7028038, 37.9622645 ], [ 23.7027508, 37.9622451 ], [ 23.7026173, 37.9621977 ], [ 23.7024727, 37.9621527 ], [ 23.7022748, 37.9620954 ], [ 23.702003, 37.9620131 ], [ 23.7015742, 37.9618828 ], [ 23.7009266, 37.9616805 ], [ 23.7006442, 37.961593 ], [ 23.7003723, 37.961505 ], [ 23.7002488, 37.9614659 ], [ 23.6999816, 37.9613867 ], [ 23.6996308, 37.9612876 ], [ 23.6994837, 37.961248 ], [ 23.6993595, 37.9612149 ], [ 23.6992544, 37.9611861 ], [ 23.699164, 37.9611588 ], [ 23.6990557, 37.9611249 ], [ 23.6989162, 37.9610806 ], [ 23.6988242, 37.9610483 ], [ 23.6987445, 37.96102 ], [ 23.6986443, 37.9609815 ], [ 23.6985545, 37.9609467 ], [ 23.6984679, 37.9609127 ], [ 23.6983737, 37.9608761 ], [ 23.6982626, 37.9608372 ], [ 23.6980757, 37.9607752 ], [ 23.6979052, 37.9607246 ], [ 23.69777, 37.9606897 ], [ 23.697677, 37.9606661 ], [ 23.6975554, 37.9606321 ], [ 23.6973898, 37.9605808 ], [ 23.6972526, 37.9605373 ], [ 23.6965624, 37.9603133 ], [ 23.6959416, 37.9601119 ], [ 23.6955624, 37.9599888 ], [ 23.6947688, 37.9597389 ], [ 23.6945025, 37.9596581 ], [ 23.694085, 37.9595358 ], [ 23.6938425, 37.9594636 ], [ 23.6936711, 37.9594096 ], [ 23.6933768, 37.9593196 ], [ 23.691763, 37.9588157 ], [ 23.6911854, 37.9586321 ], [ 23.6909147, 37.958546 ], [ 23.6906779, 37.9584778 ], [ 23.6899858, 37.9582689 ], [ 23.6893579, 37.9580763 ], [ 23.6879052, 37.9576188 ], [ 23.6877303, 37.9575606 ], [ 23.687545, 37.9575045 ], [ 23.6872126, 37.9574087 ], [ 23.6866647, 37.9572485 ], [ 23.6863424, 37.9571529 ], [ 23.6854082, 37.9568648 ], [ 23.6841373, 37.9564546 ], [ 23.6836449, 37.9563054 ], [ 23.6828737, 37.9560716 ], [ 23.6827043, 37.956021 ], [ 23.6825918, 37.9559848 ], [ 23.6817711, 37.9557239 ], [ 23.6804675, 37.9553108 ], [ 23.6798756, 37.9551233 ] ], [ [ 23.6798756, 37.9551233 ], [ 23.67955, 37.9550201 ] ], [ [ 23.67955, 37.9550201 ], [ 23.6793862, 37.9549682 ], [ 23.6752482, 37.9536659 ] ], [ [ 23.6752482, 37.9536659 ], [ 23.6752139, 37.9536546 ], [ 23.6744813, 37.9534228 ], [ 23.6735321, 37.9531363 ], [ 23.672789, 37.9529003 ], [ 23.672683, 37.9528668 ], [ 23.6725256, 37.9528175 ], [ 23.6723738, 37.9527682 ], [ 23.6722094, 37.9527132 ], [ 23.672033, 37.9526528 ], [ 23.6719042, 37.9526076 ], [ 23.6717771, 37.9525608 ], [ 23.6716815, 37.9525255 ], [ 23.6715994, 37.9524932 ], [ 23.6715222, 37.952462 ], [ 23.6714378, 37.9524266 ], [ 23.6713648, 37.9523942 ], [ 23.6712837, 37.9523576 ], [ 23.6712075, 37.9523203 ], [ 23.6711049, 37.9522691 ], [ 23.6710347, 37.9522322 ], [ 23.6709483, 37.9521854 ], [ 23.6708561, 37.9521327 ], [ 23.6706836, 37.952025 ], [ 23.6704751, 37.9518845 ], [ 23.6703384, 37.9517901 ], [ 23.6702142, 37.9517013 ], [ 23.6700647, 37.9515816 ], [ 23.6698998, 37.9514445 ], [ 23.6697651, 37.9513226 ], [ 23.6696145, 37.9511785 ], [ 23.6694105, 37.9509696 ], [ 23.6692788, 37.9508245 ], [ 23.6691292, 37.9506284 ], [ 23.6690499, 37.9505104 ], [ 23.6689232, 37.9503093 ], [ 23.6687606, 37.95005 ], [ 23.6686178, 37.9497952 ], [ 23.6669577, 37.9469007 ], [ 23.6667772, 37.9465871 ] ], [ [ 23.6667772, 37.9465871 ], [ 23.6667077, 37.9464648 ], [ 23.6665593, 37.9462033 ], [ 23.6665101, 37.9461222 ], [ 23.6664624, 37.946043 ], [ 23.6664217, 37.9459864 ], [ 23.6663912, 37.9459438 ], [ 23.6663066, 37.9458347 ], [ 23.6662481, 37.9457748 ], [ 23.6661799, 37.9457097 ], [ 23.6660665, 37.9456022 ], [ 23.6659756, 37.945529 ], [ 23.6658855, 37.945467 ], [ 23.6657655, 37.9453931 ] ], [ [ 23.6657655, 37.9453931 ], [ 23.6652392, 37.9450791 ], [ 23.6646527, 37.9447312 ] ], [ [ 23.6646527, 37.9447312 ], [ 23.6646368, 37.9447217 ], [ 23.6645311, 37.9446653 ], [ 23.6644399, 37.944622 ], [ 23.6643512, 37.9445816 ], [ 23.6642613, 37.9445481 ], [ 23.6641495, 37.9445092 ], [ 23.6640433, 37.9444787 ], [ 23.6639851, 37.944463 ], [ 23.6639234, 37.9444491 ], [ 23.6638615, 37.9444364 ], [ 23.6637985, 37.9444274 ], [ 23.6637096, 37.944414 ], [ 23.6635594, 37.9443959 ], [ 23.6633686, 37.944382 ], [ 23.6633279, 37.9443805 ], [ 23.663209, 37.9443763 ], [ 23.6630516, 37.9443773 ], [ 23.662848, 37.9443901 ], [ 23.6626818, 37.9444118 ], [ 23.6625307, 37.9444403 ], [ 23.6623668, 37.9444713 ], [ 23.6622592, 37.9444953 ], [ 23.6621656, 37.9445188 ], [ 23.6621206, 37.9445323 ], [ 23.6620513, 37.9445587 ], [ 23.6619799, 37.9445868 ], [ 23.6619112, 37.9446174 ], [ 23.6618186, 37.9446553 ], [ 23.6617225, 37.9446947 ], [ 23.6616117, 37.9447486 ], [ 23.6615143, 37.9448036 ], [ 23.6614064, 37.9448691 ], [ 23.6612335, 37.9449833 ], [ 23.6610551, 37.9450997 ] ], [ [ 23.6610551, 37.9450997 ], [ 23.6609271, 37.9451846 ], [ 23.6605813, 37.9454136 ], [ 23.659405, 37.9461979 ], [ 23.6592923, 37.9462731 ], [ 23.6591818, 37.9463452 ], [ 23.6587571, 37.946626 ], [ 23.6586568, 37.9466937 ], [ 23.6585764, 37.9467476 ], [ 23.6584613, 37.9468272 ], [ 23.6583682, 37.9468875 ], [ 23.6579994, 37.9471362 ], [ 23.6578911, 37.9472065 ], [ 23.6576226, 37.9473839 ], [ 23.6575282, 37.9474429 ], [ 23.6574214, 37.9475038 ], [ 23.6573076, 37.9475614 ], [ 23.6570701, 37.9476757 ], [ 23.6569156, 37.9477406 ], [ 23.6566884, 37.9478293 ], [ 23.6566039, 37.9478565 ], [ 23.6565497, 37.9478739 ], [ 23.6564483, 37.9479033 ], [ 23.6563402, 37.9479365 ], [ 23.6557838, 37.9480848 ], [ 23.6553741, 37.9481892 ], [ 23.6552579, 37.9482198 ], [ 23.6551417, 37.9482482 ], [ 23.6550168, 37.9482781 ], [ 23.6549034, 37.9483032 ], [ 23.6548148, 37.9483209 ], [ 23.6547035, 37.9483405 ], [ 23.6545636, 37.9483632 ], [ 23.65438, 37.9483916 ], [ 23.6542601, 37.9484064 ], [ 23.6541475, 37.9484251 ], [ 23.6540626, 37.9484369 ], [ 23.6539479, 37.9484516 ], [ 23.6527992, 37.9486259 ], [ 23.6525469, 37.9486654 ], [ 23.6524283, 37.9486812 ], [ 23.6523383, 37.9486901 ], [ 23.6522584, 37.948697 ], [ 23.652081, 37.9487068 ], [ 23.6518849, 37.9487069 ], [ 23.6517862, 37.9487078 ], [ 23.6515339, 37.9487108 ], [ 23.6513952, 37.9487098 ], [ 23.6512978, 37.9487079 ], [ 23.6511817, 37.9486981 ], [ 23.6511183, 37.9486966 ], [ 23.6510417, 37.9486862 ], [ 23.6509268, 37.9486724 ], [ 23.6507599, 37.9486524 ], [ 23.6505937, 37.9486248 ], [ 23.6504313, 37.9485962 ], [ 23.650174, 37.9485449 ], [ 23.6492097, 37.9483293 ], [ 23.6490458, 37.9482937 ], [ 23.6488112, 37.9482457 ], [ 23.6484191, 37.9481675 ], [ 23.6481211, 37.9481068 ], [ 23.6479893, 37.9480801 ], [ 23.6478363, 37.9480534 ], [ 23.6477515, 37.948042 ], [ 23.6476846, 37.9480337 ], [ 23.6475944, 37.9480229 ], [ 23.6475013, 37.9480144 ], [ 23.6474428, 37.948011 ], [ 23.6473899, 37.9480092 ], [ 23.6473498, 37.9480099 ] ], [ [ 23.6473498, 37.9480099 ], [ 23.6460829, 37.9480201 ] ], [ [ 23.6460829, 37.9480201 ], [ 23.6456419, 37.9480243 ], [ 23.6452043, 37.9480281 ], [ 23.6449555, 37.9480322 ] ], [ [ 23.6449555, 37.9480322 ], [ 23.6448623, 37.9480366 ], [ 23.6447642, 37.9480439 ], [ 23.6446388, 37.9480575 ], [ 23.6445321, 37.9480681 ], [ 23.6444458, 37.9480766 ], [ 23.6443867, 37.9480817 ], [ 23.6442735, 37.9480939 ] ], [ [ 23.6442735, 37.9480939 ], [ 23.6442186, 37.9480946 ], [ 23.6440735, 37.9480967 ], [ 23.6440682, 37.9480968 ] ], [ [ 23.6440682, 37.9480968 ], [ 23.6432487, 37.9481084 ] ] ] } },
{ "type": "Feature", "properties": { "full_id": "3", "ref": "Μ2", "name:en": "Metro Μ2: Elliniko → Anthoupoli", "name": "Μετρό Μ2: Ελληνικό → Ανθούπολη", "shapeleng_": 17.835111144417912 }, "geometry": { "type": "MultiLineString", "coordinates": [ [ [ 23.7471469, 37.8925978 ], [ 23.7468608, 37.893329 ] ], [ [ 23.7468608, 37.893329 ], [ 23.7467128, 37.8937205 ], [ 23.7465872, 37.8940995 ], [ 23.7465058, 37.8944795 ], [ 23.7464617, 37.8948189 ], [ 23.7464371, 37.8952686 ], [ 23.7464199, 37.8963842 ], [ 23.7463922, 37.8967808 ], [ 23.7463605, 37.8971505 ], [ 23.7456872, 37.9019512 ] ], [ [ 23.7456872, 37.9019512 ], [ 23.7454967, 37.9031671 ], [ 23.7454826, 37.9032575 ] ], [ [ 23.7454826, 37.9032575 ], [ 23.7454355, 37.9036461 ], [ 23.7454106, 37.9040283 ], [ 23.745406, 37.9043887 ], [ 23.7454141, 37.904686 ], [ 23.7454485, 37.906256 ], [ 23.7454463, 37.9065144 ], [ 23.7454322, 37.9067429 ] ], [ [ 23.7454322, 37.9067429 ], [ 23.7448218, 37.911707 ], [ 23.7445454, 37.9139035 ], [ 23.7444533, 37.9145097 ], [ 23.7443192, 37.9152122 ], [ 23.7442214, 37.9158588 ], [ 23.7441517, 37.9165409 ], [ 23.744111, 37.9171648 ], [ 23.7441068, 37.9174935 ], [ 23.7441031, 37.9177837 ] ], [ [ 23.7441031, 37.9177837 ], [ 23.7441088, 37.918276 ], [ 23.7441161, 37.9189017 ], [ 23.744117, 37.9189813 ] ], [ [ 23.744117, 37.9189813 ], [ 23.7441418, 37.9195003 ], [ 23.7441721, 37.9200185 ], [ 23.7443234, 37.9214081 ], [ 23.7443717, 37.9219273 ], [ 23.7443925, 37.9225425 ] ], [ [ 23.7443925, 37.9225425 ], [ 23.744383, 37.9252203 ] ], [ [ 23.744383, 37.9252203 ], [ 23.7444018, 37.9256291 ], [ 23.7444403, 37.9260242 ], [ 23.744495, 37.9264578 ], [ 23.7447445, 37.928201 ], [ 23.7447853, 37.9285418 ], [ 23.7448043, 37.9288609 ] ], [ [ 23.7448043, 37.9288609 ], [ 23.7448041, 37.9288872 ], [ 23.7447982, 37.9298516 ], [ 23.7447977, 37.9299911 ] ], [ [ 23.7447977, 37.9299911 ], [ 23.7447821, 37.9303496 ], [ 23.7447484, 37.9307736 ], [ 23.7445684, 37.9327395 ], [ 23.7445238, 37.933171 ], [ 23.7444625, 37.93351 ], [ 23.7443481, 37.9339109 ], [ 23.7442221, 37.9342692 ], [ 23.7441271, 37.934495 ], [ 23.743972, 37.9348156 ], [ 23.7438262, 37.9350579 ], [ 23.7436631, 37.9352863 ], [ 23.7436438, 37.9353134 ], [ 23.743175, 37.9359151 ], [ 23.7430584, 37.9360608 ], [ 23.742184, 37.9371702 ], [ 23.7419163, 37.93753 ], [ 23.7417232, 37.9377923 ], [ 23.7416704, 37.9378764 ], [ 23.741581, 37.9380187 ], [ 23.7414684, 37.9382197 ], [ 23.7413012, 37.9385709 ], [ 23.7412261, 37.9387698 ], [ 23.7410419, 37.93929 ], [ 23.7408149, 37.9398629 ] ], [ [ 23.7408149, 37.9398629 ], [ 23.7407617, 37.9399972 ], [ 23.7406285, 37.940423 ], [ 23.7405385, 37.9406979 ], [ 23.7404624, 37.9409306 ], [ 23.7404286, 37.9410301 ], [ 23.7404211, 37.9410521 ], [ 23.7403987, 37.9411193 ], [ 23.7403755, 37.9411879 ], [ 23.7403488, 37.9412578 ], [ 23.7403049, 37.9413705 ], [ 23.7402808, 37.9414302 ], [ 23.7402619, 37.941477 ], [ 23.7402447, 37.9415299 ], [ 23.7402266, 37.941591 ], [ 23.7401586, 37.9418637 ], [ 23.74008, 37.9421812 ], [ 23.7399857, 37.9425669 ], [ 23.7399191, 37.9428257 ], [ 23.7398305, 37.9431907 ], [ 23.7396944, 37.9437452 ], [ 23.7395611, 37.9442147 ], [ 23.7394867, 37.9445155 ], [ 23.739469, 37.9445792 ], [ 23.7394605, 37.9446094 ], [ 23.7394449, 37.9446547 ], [ 23.7394276, 37.9447029 ], [ 23.739408, 37.944748 ], [ 23.7393774, 37.9448141 ], [ 23.7393225, 37.9449194 ], [ 23.7392601, 37.9450269 ], [ 23.7391904, 37.9451319 ], [ 23.7391265, 37.9452176 ], [ 23.7389832, 37.9453883 ], [ 23.7388596, 37.9455232 ], [ 23.7385126, 37.9458958 ], [ 23.7383031, 37.9461336 ], [ 23.7381212, 37.9463636 ], [ 23.7380352, 37.9464758 ], [ 23.7379689, 37.9465631 ], [ 23.7379174, 37.9466436 ], [ 23.7378701, 37.9467284 ], [ 23.7378252, 37.9468333 ], [ 23.7377972, 37.9469143 ], [ 23.7377807, 37.9469717 ], [ 23.7377528, 37.9470926 ], [ 23.7377316, 37.9471982 ], [ 23.7377177, 37.9472794 ], [ 23.7376979, 37.947437 ], [ 23.7376812, 37.9475643 ], [ 23.7376128, 37.9479546 ], [ 23.7375476, 37.9482486 ], [ 23.7374456, 37.9486443 ], [ 23.7373917, 37.94886 ], [ 23.7373378, 37.9490646 ], [ 23.7373237, 37.9491461 ] ], [ [ 23.7373237, 37.9491461 ], [ 23.7372546, 37.9495556 ], [ 23.7372274, 37.9497403 ], [ 23.7371969, 37.9499166 ], [ 23.7370917, 37.9505073 ], [ 23.7369998, 37.9510112 ], [ 23.7369002, 37.9515582 ], [ 23.7367718, 37.9523306 ], [ 23.7366609, 37.9529345 ], [ 23.7366118, 37.9532466 ], [ 23.736599, 37.9533902 ], [ 23.7365943, 37.9534915 ], [ 23.7365956, 37.9535537 ], [ 23.7365976, 37.9536091 ], [ 23.7366003, 37.9536812 ], [ 23.7366048, 37.9537907 ], [ 23.736606, 37.9538597 ], [ 23.7366048, 37.9539407 ], [ 23.736602, 37.9540009 ], [ 23.7365955, 37.9540807 ], [ 23.7365885, 37.9541276 ], [ 23.7365721, 37.9541902 ], [ 23.7365441, 37.9542629 ], [ 23.7361005, 37.9552196 ], [ 23.7360386, 37.9553403 ], [ 23.7359898, 37.9554225 ], [ 23.7359333, 37.9555182 ], [ 23.735906, 37.9555596 ], [ 23.73584, 37.9556485 ], [ 23.735752, 37.9557396 ], [ 23.7356494, 37.9558411 ], [ 23.7355306, 37.9559425 ] ], [ [ 23.7355306, 37.9559425 ], [ 23.7352029, 37.9561732 ], [ 23.734959, 37.9563185 ], [ 23.7346938, 37.9564447 ], [ 23.7332749, 37.9569591 ], [ 23.733013, 37.9570011 ], [ 23.7313086, 37.9572743 ], [ 23.7283763, 37.9576859 ], [ 23.7261327, 37.958068 ], [ 23.7257846, 37.9581401 ], [ 23.7254533, 37.9582332 ], [ 23.7250859, 37.9583696 ], [ 23.7246786, 37.9585773 ], [ 23.7242761, 37.9588624 ], [ 23.7239561, 37.9591803 ], [ 23.7237533, 37.9594491 ], [ 23.7237017, 37.9595176 ], [ 23.7236637, 37.9595864 ], [ 23.7235208, 37.9598448 ], [ 23.7234348, 37.9601136 ], [ 23.7234032, 37.9602126 ], [ 23.7233357, 37.960497 ], [ 23.7233357, 37.9607894 ], [ 23.7233357, 37.9608017 ], [ 23.7233751, 37.9611615 ], [ 23.7234906, 37.9615485 ], [ 23.7236278, 37.9618452 ], [ 23.723779, 37.9620669 ], [ 23.7240115, 37.9623558 ], [ 23.7242402, 37.9625776 ], [ 23.7244775, 37.9627615 ], [ 23.726832, 37.9646144 ], [ 23.7272818, 37.9649698 ], [ 23.7275233, 37.9652139 ], [ 23.7277462, 37.9654774 ], [ 23.7279009, 37.9657141 ], [ 23.7281101, 37.9660677 ], [ 23.7283654, 37.9665647 ], [ 23.7286603, 37.9670655 ], [ 23.7289702, 37.967496 ] ], [ [ 23.7289702, 37.967496 ], [ 23.7292736, 37.9680538 ], [ 23.7293565, 37.9682601 ], [ 23.7294837, 37.9685769 ], [ 23.7295927, 37.9688484 ], [ 23.7297973, 37.9692903 ] ], [ [ 23.7297973, 37.9692903 ], [ 23.7299091, 37.9695885 ], [ 23.730105, 37.9698752 ], [ 23.7303107, 37.9701123 ], [ 23.7305291, 37.9703131 ], [ 23.7307578, 37.9704922 ], [ 23.7310356, 37.9706641 ], [ 23.7313382, 37.9708111 ], [ 23.7317403, 37.9709668 ], [ 23.7327564, 37.971303 ], [ 23.7332211, 37.9714716 ], [ 23.7335033, 37.9716022 ], [ 23.7337629, 37.9717488 ], [ 23.7340001, 37.9719101 ], [ 23.7342107, 37.9720825 ], [ 23.7344151, 37.9722823 ], [ 23.7345687, 37.9724652 ], [ 23.7346789, 37.9726192 ], [ 23.7347956, 37.9728084 ], [ 23.7348942, 37.9730045 ], [ 23.7350287, 37.9733486 ], [ 23.7351339, 37.9736577 ], [ 23.7352497, 37.973985 ], [ 23.735385, 37.9743887 ] ], [ [ 23.735385, 37.9743887 ], [ 23.7354907, 37.9747377 ], [ 23.7355741, 37.9750273 ], [ 23.7356868, 37.9754957 ] ], [ [ 23.7356868, 37.9754957 ], [ 23.7357864, 37.9760118 ], [ 23.7358054, 37.9763552 ], [ 23.7357935, 37.9765987 ], [ 23.7357331, 37.9769 ], [ 23.7356122, 37.9771776 ] ], [ [ 23.7356122, 37.9771776 ], [ 23.7354485, 37.9775331 ], [ 23.7352173, 37.9778582 ], [ 23.7349725, 37.9781368 ], [ 23.733036, 37.9803647 ], [ 23.7319723, 37.9814285 ], [ 23.7311766, 37.9823855 ], [ 23.7306113, 37.9830541 ], [ 23.7303551, 37.9833078 ], [ 23.7301366, 37.9835622 ], [ 23.7299912, 37.9836958 ], [ 23.7299144, 37.9837486 ], [ 23.7298026, 37.9837841 ], [ 23.7296464, 37.9838174 ], [ 23.7293755, 37.983875 ], [ 23.7287911, 37.9839881 ], [ 23.7279892, 37.9840848 ], [ 23.7268445, 37.9842301 ], [ 23.7255193, 37.9841608 ], [ 23.7241228, 37.9842543 ], [ 23.7229852, 37.9844808 ], [ 23.7222546, 37.9848758 ], [ 23.721715, 37.9854115 ], [ 23.7213971, 37.98586 ], [ 23.7204877, 37.9872114 ], [ 23.7200098, 37.9879215 ], [ 23.7198038, 37.9883021 ], [ 23.7197443, 37.9886771 ], [ 23.7197869, 37.98906 ], [ 23.7199153, 37.9895121 ], [ 23.7201129, 37.9901617 ], [ 23.720293, 37.9908988 ], [ 23.7205246, 37.9915816 ], [ 23.7207392, 37.9922783 ], [ 23.7213601, 37.9941183 ], [ 23.7215091, 37.9948147 ], [ 23.721663, 37.9951445 ], [ 23.7219459, 37.9955191 ], [ 23.7220876, 37.9957874 ], [ 23.722192, 37.9960864 ], [ 23.7222535, 37.9964852 ], [ 23.7223627, 37.9972067 ], [ 23.7224214, 37.9976706 ], [ 23.7224487, 37.9977741 ], [ 23.7227317, 37.9995316 ], [ 23.7227323, 37.9998976 ], [ 23.7226617, 38.0001761 ], [ 23.7225806, 38.0003575 ], [ 23.7223052, 38.000895 ], [ 23.7219544, 38.0013548 ], [ 23.7215516, 38.0018372 ], [ 23.7212847, 38.0020927 ], [ 23.7207842, 38.0023731 ], [ 23.7203189, 38.0025217 ], [ 23.7196021, 38.0026852 ], [ 23.7186174, 38.002757 ], [ 23.7179896, 38.002679 ], [ 23.7172688, 38.0025538 ], [ 23.7162888, 38.0024673 ], [ 23.7151661, 38.0025074 ], [ 23.7144635, 38.0025814 ], [ 23.7140435, 38.0026256 ] ], [ [ 23.7140435, 38.0026256 ], [ 23.7134025, 38.002747 ], [ 23.7128503, 38.0029016 ], [ 23.7124983, 38.0030315 ], [ 23.7116146, 38.0034028 ], [ 23.7105675, 38.0039505 ], [ 23.7099214, 38.0041826 ], [ 23.709208, 38.0043679 ], [ 23.7078973, 38.0047133 ], [ 23.7069719, 38.0048402 ], [ 23.7061662, 38.0048832 ], [ 23.7048899, 38.0048484 ], [ 23.704546, 38.0048632 ], [ 23.7029552, 38.0049317 ], [ 23.7023465, 38.0050303 ], [ 23.7017748, 38.0051574 ], [ 23.7012697, 38.005297 ], [ 23.7008372, 38.0054665 ], [ 23.7004288, 38.0056605 ], [ 23.7000673, 38.0058835 ], [ 23.6997446, 38.0061148 ] ], [ [ 23.6997446, 38.0061148 ], [ 23.6994418, 38.0064067 ], [ 23.6992096, 38.006669 ], [ 23.6990208, 38.006943 ], [ 23.6988765, 38.0072243 ], [ 23.6975026, 38.0105132 ], [ 23.6973732, 38.010803 ], [ 23.6972204, 38.0110956 ], [ 23.6970519, 38.0113907 ], [ 23.696794, 38.0117246 ], [ 23.6965592, 38.0120303 ], [ 23.696288, 38.0123637 ], [ 23.6960607, 38.0126191 ], [ 23.6957923, 38.0129046 ], [ 23.6954459, 38.0132521 ], [ 23.6950431, 38.0136565 ], [ 23.6943537, 38.014345 ], [ 23.6940753, 38.0146027 ], [ 23.6937671, 38.0148958 ], [ 23.6926758, 38.0157743 ], [ 23.6921239, 38.0162223 ], [ 23.6915714, 38.0166479 ], [ 23.6909236, 38.0171503 ] ] ] } },
{ "type": "Feature", "properties": { "full_id": "4", "ref": "Μ2", "name:en": "Metro Μ2: Anthoupoli → Elliniko", "name": "Μετρό Μ2: Ανθούπολη → Ελληνικό", "shapeleng_": 17.835428581818729 }, "geometry": { "type": "MultiLineString", "coordinates": [ [ [ 23.6908755, 38.0171089 ], [ 23.6916954, 38.0164785 ], [ 23.692551, 38.0158134 ], [ 23.6937377, 38.0148746 ], [ 23.6940166, 38.0146181 ], [ 23.6940447, 38.0145825 ], [ 23.6943229, 38.014325 ], [ 23.6950117, 38.0136371 ], [ 23.6954145, 38.0132327 ], [ 23.6957605, 38.0128856 ], [ 23.6960283, 38.0126007 ], [ 23.6962548, 38.0123461 ], [ 23.6965254, 38.0120137 ], [ 23.6967599, 38.0117083 ], [ 23.6970165, 38.0113761 ], [ 23.6971838, 38.0110832 ], [ 23.6973359, 38.0107918 ], [ 23.6974648, 38.010503 ], [ 23.6988391, 38.0072135 ], [ 23.6989846, 38.0069296 ], [ 23.6991756, 38.0066524 ], [ 23.69941, 38.0063877 ], [ 23.6997156, 38.0060932 ] ], [ [ 23.6997156, 38.0060932 ], [ 23.7000415, 38.0058595 ], [ 23.7004062, 38.0056345 ], [ 23.700818, 38.0054389 ], [ 23.7012541, 38.005268 ], [ 23.7017628, 38.0051274 ], [ 23.7023371, 38.0049997 ], [ 23.70295, 38.0049005 ], [ 23.7045438, 38.0048318 ], [ 23.7048895, 38.004817 ], [ 23.7061656, 38.0048518 ], [ 23.7069671, 38.004809 ], [ 23.7078875, 38.0046827 ], [ 23.7091954, 38.0043381 ], [ 23.7099068, 38.0041532 ], [ 23.7105481, 38.0039229 ], [ 23.7115942, 38.0033758 ], [ 23.7124805, 38.0030033 ], [ 23.7128351, 38.0028725 ], [ 23.7133911, 38.0027168 ], [ 23.7140361, 38.0025946 ] ], [ [ 23.7140361, 38.0025946 ], [ 23.7144583, 38.0025502 ], [ 23.7151625, 38.002476 ], [ 23.7162902, 38.0024357 ], [ 23.7172754, 38.0025228 ], [ 23.717997, 38.0026481 ], [ 23.7186186, 38.0027254 ], [ 23.7195947, 38.0026542 ], [ 23.7203059, 38.0024919 ], [ 23.7207648, 38.0023453 ], [ 23.7212573, 38.0020695 ], [ 23.7215194, 38.0018186 ], [ 23.7219206, 38.001338 ], [ 23.7222694, 38.000881 ], [ 23.7225432, 38.0003463 ], [ 23.7226231, 38.0001677 ], [ 23.7226924, 37.9998946 ], [ 23.7226918, 37.9995336 ], [ 23.7224093, 37.9977793 ], [ 23.7223819, 37.9976754 ], [ 23.7223231, 37.9972101 ], [ 23.7222139, 37.996489 ], [ 23.7221528, 37.9960925 ], [ 23.7220498, 37.9957976 ], [ 23.7219101, 37.9955333 ], [ 23.7216268, 37.9951581 ], [ 23.7214703, 37.9948229 ], [ 23.7213211, 37.9941249 ], [ 23.7207006, 37.9922861 ], [ 23.720486, 37.9915894 ], [ 23.7202541, 37.9909058 ], [ 23.7200739, 37.9901683 ], [ 23.7198765, 37.9895192 ], [ 23.7197474, 37.9890648 ], [ 23.7197042, 37.9886765 ], [ 23.7197649, 37.9882939 ], [ 23.7199738, 37.9879079 ], [ 23.7204525, 37.9871966 ], [ 23.7213621, 37.985845 ], [ 23.7216818, 37.9853939 ], [ 23.7222271, 37.9848526 ], [ 23.7229686, 37.9844517 ], [ 23.7241162, 37.9842232 ], [ 23.7255189, 37.9841292 ], [ 23.7268427, 37.9841985 ], [ 23.727983, 37.9840538 ], [ 23.7287833, 37.9839573 ], [ 23.7293655, 37.9838446 ], [ 23.729636, 37.983787 ], [ 23.7297898, 37.9837543 ], [ 23.7298932, 37.9837214 ], [ 23.7299628, 37.9836736 ], [ 23.7301048, 37.983543 ], [ 23.7303229, 37.9832892 ], [ 23.7305791, 37.9830355 ], [ 23.7311434, 37.9823681 ], [ 23.7314573, 37.9819906 ], [ 23.7319399, 37.9814101 ], [ 23.7330038, 37.9803461 ], [ 23.7349397, 37.978119 ], [ 23.7351835, 37.9778416 ], [ 23.7354125, 37.9775193 ], [ 23.7355859, 37.977181 ] ], [ [ 23.7355859, 37.977181 ], [ 23.7356941, 37.9768932 ], [ 23.7357537, 37.9765957 ], [ 23.7357654, 37.9763552 ], [ 23.7357466, 37.9760148 ], [ 23.7356474, 37.9755009 ] ], [ [ 23.7356474, 37.9755009 ], [ 23.7355351, 37.9750337 ], [ 23.7354519, 37.9747449 ], [ 23.7353463, 37.9743963 ] ], [ [ 23.7353463, 37.9743963 ], [ 23.7352112, 37.9739932 ], [ 23.7350955, 37.973666 ], [ 23.7349903, 37.9733574 ], [ 23.7348566, 37.9730149 ], [ 23.734759, 37.972821 ], [ 23.7346435, 37.9726338 ], [ 23.7345347, 37.9724816 ], [ 23.7343829, 37.9723009 ], [ 23.7341807, 37.9721033 ], [ 23.7339727, 37.9719329 ], [ 23.7337382, 37.9717736 ], [ 23.7334815, 37.9716286 ], [ 23.7332027, 37.9714996 ], [ 23.7327404, 37.9713318 ], [ 23.7317237, 37.9709954 ], [ 23.7313189, 37.9708387 ], [ 23.7310128, 37.9706899 ], [ 23.7307314, 37.9705158 ], [ 23.7304999, 37.9703345 ], [ 23.730279, 37.9701315 ], [ 23.7300708, 37.9698916 ], [ 23.7298731, 37.9696021 ], [ 23.7297601, 37.9693017 ] ], [ [ 23.7297601, 37.9693017 ], [ 23.7295551, 37.968859 ], [ 23.7292456, 37.9680627 ], [ 23.7289334, 37.9675136 ] ], [ [ 23.7289334, 37.9675136 ], [ 23.7286241, 37.9670787 ], [ 23.7283288, 37.9665773 ], [ 23.7280735, 37.9660803 ], [ 23.7278651, 37.9657279 ], [ 23.7277118, 37.9654934 ], [ 23.7274909, 37.9652323 ], [ 23.7272518, 37.9649906 ], [ 23.7268038, 37.9646366 ], [ 23.7244495, 37.9627839 ], [ 23.7242106, 37.9625988 ], [ 23.7239791, 37.9623742 ], [ 23.7237446, 37.9620827 ], [ 23.7235913, 37.9618581 ], [ 23.7234523, 37.9615575 ], [ 23.7233356, 37.9611665 ], [ 23.7232958, 37.9608031 ], [ 23.7232958, 37.960494 ], [ 23.7233217, 37.9603849 ], [ 23.7233642, 37.9602058 ], [ 23.723483, 37.9598346 ], [ 23.7236271, 37.9595738 ], [ 23.7236661, 37.9595032 ], [ 23.723719, 37.9594331 ], [ 23.7239231, 37.9591624 ], [ 23.7242469, 37.9588408 ], [ 23.7246542, 37.9585523 ], [ 23.7250665, 37.958342 ], [ 23.7254381, 37.958204 ], [ 23.7257728, 37.9581101 ], [ 23.7261235, 37.9580374 ], [ 23.7283685, 37.9576551 ], [ 23.7313012, 37.9572434 ], [ 23.7332625, 37.956929 ], [ 23.7346772, 37.9564161 ], [ 23.7349387, 37.9562932 ], [ 23.7351774, 37.9561525 ], [ 23.7355033, 37.9559203 ] ], [ [ 23.7355033, 37.9559203 ], [ 23.7358429, 37.9555877 ], [ 23.7360525, 37.9552572 ], [ 23.7362648, 37.9548299 ], [ 23.7365474, 37.9542233 ], [ 23.7365543, 37.9541417 ], [ 23.7365709, 37.9536884 ], [ 23.7365654, 37.9533133 ], [ 23.7366371, 37.9528828 ], [ 23.7367584, 37.9521228 ], [ 23.7371269, 37.9500504 ], [ 23.7371844, 37.9497212 ], [ 23.737211, 37.9495529 ], [ 23.7372283, 37.9494437 ], [ 23.7372778, 37.9491449 ] ], [ [ 23.7372778, 37.9491449 ], [ 23.7373066, 37.9490263 ], [ 23.7374219, 37.9485968 ], [ 23.7374942, 37.9482873 ], [ 23.7375373, 37.948102 ], [ 23.7375846, 37.9478557 ], [ 23.7376293, 37.9475917 ], [ 23.7376767, 37.9472564 ], [ 23.7376887, 37.9471621 ], [ 23.7377085, 37.9470684 ], [ 23.7377318, 37.9469816 ], [ 23.7377567, 37.9469022 ], [ 23.7377997, 37.9467848 ], [ 23.7378505, 37.946685 ], [ 23.737909, 37.946573 ], [ 23.7379736, 37.9464794 ], [ 23.7382189, 37.9461604 ], [ 23.738533, 37.9458061 ], [ 23.7388806, 37.9454461 ], [ 23.7391398, 37.9451352 ], [ 23.7392397, 37.9449995 ], [ 23.7393008, 37.9449045 ], [ 23.7393393, 37.9448372 ], [ 23.7393676, 37.9447848 ], [ 23.7393906, 37.9447318 ], [ 23.7394057, 37.9446966 ], [ 23.7394198, 37.9446554 ], [ 23.7394344, 37.9446017 ], [ 23.7394561, 37.9445138 ], [ 23.7395189, 37.9442641 ], [ 23.739594, 37.9439926 ], [ 23.7396543, 37.9437607 ], [ 23.7397267, 37.943465 ], [ 23.7398273, 37.9430441 ], [ 23.7399174, 37.9426942 ], [ 23.7399963, 37.9423806 ], [ 23.7400068, 37.942339 ], [ 23.7400758, 37.9420828 ], [ 23.7401279, 37.9418869 ], [ 23.7401564, 37.9417998 ], [ 23.7401667, 37.9417308 ], [ 23.7401919, 37.9416266 ], [ 23.740204, 37.9415836 ], [ 23.7402239, 37.9415243 ], [ 23.7402386, 37.9414786 ], [ 23.740279, 37.9413701 ], [ 23.7403369, 37.941197 ], [ 23.7403613, 37.9411176 ], [ 23.7403806, 37.9410423 ], [ 23.7404009, 37.9409565 ], [ 23.7404172, 37.9408683 ], [ 23.7404355, 37.9407922 ], [ 23.7404953, 37.9405963 ], [ 23.7405392, 37.9404323 ], [ 23.7405953, 37.9402578 ], [ 23.7407267, 37.9398434 ] ], [ [ 23.7407267, 37.9398434 ], [ 23.7408971, 37.9394149 ], [ 23.7411196, 37.9388108 ], [ 23.7413154, 37.9383517 ], [ 23.7414575, 37.9380852 ], [ 23.7416131, 37.9378631 ], [ 23.741943, 37.9374125 ], [ 23.7421383, 37.9371653 ] ], [ [ 23.7421383, 37.9371653 ], [ 23.7435975, 37.9353091 ], [ 23.7437786, 37.9350554 ], [ 23.743923, 37.9348157 ], [ 23.7440769, 37.9344972 ], [ 23.7441713, 37.934273 ], [ 23.7442967, 37.9339166 ], [ 23.7444104, 37.9335181 ], [ 23.7444712, 37.9331817 ], [ 23.7445157, 37.9327515 ], [ 23.7446957, 37.9307859 ], [ 23.7447293, 37.9303625 ], [ 23.7447447, 37.9300057 ] ], [ [ 23.7447447, 37.9300057 ], [ 23.7447546, 37.9290637 ], [ 23.7447567, 37.9288607 ] ], [ [ 23.7447567, 37.9288607 ], [ 23.7447364, 37.9285445 ], [ 23.7446957, 37.928205 ], [ 23.7444463, 37.9264619 ], [ 23.7443915, 37.9260276 ], [ 23.7443528, 37.9256313 ], [ 23.744334, 37.9252217 ] ], [ [ 23.744334, 37.9252217 ], [ 23.7443425, 37.9225424 ] ], [ [ 23.7443425, 37.9225424 ], [ 23.7443197, 37.9219294 ], [ 23.7442715, 37.9214114 ], [ 23.7441202, 37.9200212 ], [ 23.7440898, 37.9195021 ], [ 23.7440632, 37.9189817 ] ], [ [ 23.7440632, 37.9189817 ], [ 23.7440625, 37.9178695 ], [ 23.7440624, 37.9177819 ] ], [ [ 23.7440624, 37.9177819 ], [ 23.7440574, 37.9171635 ], [ 23.7440983, 37.9165381 ], [ 23.7441681, 37.9158546 ], [ 23.7442661, 37.9152065 ], [ 23.7444002, 37.914504 ], [ 23.7444921, 37.9138989 ], [ 23.7447685, 37.9117028 ], [ 23.7453778, 37.9067388 ] ], [ [ 23.7453778, 37.9067388 ], [ 23.7453919, 37.9065132 ], [ 23.745394, 37.9062565 ], [ 23.7453808, 37.9059285 ], [ 23.7453597, 37.9046867 ], [ 23.7453516, 37.9043889 ], [ 23.7453562, 37.904027 ], [ 23.7453812, 37.9036429 ], [ 23.7454291, 37.9032523 ] ], [ [ 23.7454291, 37.9032523 ], [ 23.7456163, 37.9020569 ], [ 23.7456337, 37.901946 ] ], [ [ 23.7456337, 37.901946 ], [ 23.7463067, 37.8971467 ], [ 23.7463383, 37.8967782 ], [ 23.7463659, 37.8963827 ], [ 23.7463831, 37.8952674 ], [ 23.7464078, 37.8948158 ], [ 23.7464522, 37.8944738 ], [ 23.7465344, 37.8940906 ], [ 23.7466608, 37.893709 ], [ 23.746809, 37.8933168 ] ], [ [ 23.746809, 37.8933168 ], [ 23.7469627, 37.8929244 ], [ 23.7470953, 37.8925855 ] ] ] } }
]
}
