{"type":"FeatureCollection","features":[{"type":"Feature","id":0,"geometry":{"type":"Point","coordinates":[23.738408000000049,38.049245900000074]},"properties":{"FID":0,"Type":"ΟΔΗΓΟΣ-ΛΟΙΠΕΣ ΠΑΡΑΒΙΑΣΕΙΣ ΣΗΜΑΝΣΕΩΝ ΕΝ ΓΕΝΕΙ","Municipali":"Δήμος Νέας Φιλαδέλφειας - Νέας Χαλκηδόνας","Date":"2025/02"}},{"type":"Feature","id":1,"geometry":{"type":"Point","coordinates":[23.798446660000025,38.006692480000027]},"properties":{"FID":1,"Type":"ΠΕΖΟΣ-ΔΕΝ ΒΑΔΙΖΕ ΣΤΙΣ ΔΙΑΒΑΣΕΙΣ","Municipali":"Δήμος Χαλανδρίου","Date":"2025/02"}},{"type":"Feature","id":2,"geometry":{"type":"Point","coordinates":[23.810591700000032,38.075865750000048]},"properties":{"FID":2,"Type":"ΑΙΤΙΑ ΥΠΟ ΕΚΔΙΚΑΣΗ","Municipali":"Δήμος Κηφισιάς","Date":"2025/02"}},{"type":"Feature","id":3,"geometry":{"type":"Point","coordinates":[23.737001790000079,38.03235133000004]},"properties":{"FID":3,"Type":"ΑΙΤΙΑ ΥΠΟ ΕΚΔΙΚΑΣΗ","Municipali":"Δήμος Νέας Φιλαδέλφειας - Νέας Χαλκηδόνας","Date":"2025/02"}},{"type":"Feature","id":4,"geometry":{"type":"Point","coordinates":[23.739330800000062,38.015867040000046]},"properties":{"FID":4,"Type":"ΟΔΗΓΟΣ-ΑΠΟΣΠΑΣΗ ΤΗΣ ΠΡΟΣΟΧΗΣ ΤΟΥ ΟΔΗΓΟΥ","Municipali":"Δήμος Αθηναίων","Date":"2025/02"}},{"type":"Feature","id":5,"geometry":{"type":"Point","coordinates":[23.754104330000075,37.976270080000063]},"properties":{"FID":5,"Type":"ΟΔΗΓΟΣ-ΑΠΟΣΠΑΣΗ ΤΗΣ ΠΡΟΣΟΧΗΣ ΤΟΥ ΟΔΗΓΟΥ","Municipali":"Δήμος Αθηναίων","Date":"2025/02"}},{"type":"Feature","id":6,"geometry":{"type":"Point","coordinates":[23.77196814000007,37.977398500000049]},"properties":{"FID":6,"Type":"ΟΔΗΓΟΣ-ΑΠΟΣΠΑΣΗ ΤΗΣ ΠΡΟΣΟΧΗΣ ΤΟΥ ΟΔΗΓΟΥ","Municipali":"Δήμος Ζωγράφου","Date":"2025/02"}},{"type":"Feature","id":7,"geometry":{"type":"Point","coordinates":[23.721472620000043,38.027586960000065]},"properties":{"FID":7,"Type":"ΑΙΤΙΑ ΥΠΟ ΕΚΔΙΚΑΣΗ","Municipali":"Δήμος Αγίων Αναργύρων – Καματερού","Date":"2025/02"}},{"type":"Feature","id":8,"geometry":{"type":"Point","coordinates":[23.759307860000035,37.975935820000075]},"properties":{"FID":8,"Type":"ΟΔΗΓΟΣ-ΕΠΙΔΕΙΚΤΙΚΟΙ ΕΛΙΓΜΟΙ ΣΤΗ ΜΕΣΗ ΤΗΣ ΟΔΟΥ","Municipali":"Δήμος Ζωγράφου","Date":"2025/02"}},{"type":"Feature","id":9,"geometry":{"type":"Point","coordinates":[23.723773960000074,37.950695160000066]},"properties":{"FID":9,"Type":"ΟΔΗΓΟΣ-ΕΠΙΔΕΙΚΤΙΚΟΙ ΕΛΙΓΜΟΙ ΣΤΗ ΜΕΣΗ ΤΗΣ ΟΔΟΥ","Municipali":"Δήμος Αθηναίων","Date":"2025/02"}},{"type":"Feature","id":10,"geometry":{"type":"Point","coordinates":[23.716735840000069,37.963282740000068]},"properties":{"FID":10,"Type":"ΟΔΗΓΟΣ-ΕΠΙΔΕΙΚΤΙΚΟΙ ΕΛΙΓΜΟΙ ΣΤΗ ΜΕΣΗ ΤΗΣ ΟΔΟΥ","Municipali":"Δήμος Αθηναίων","Date":"2025/02"}},{"type":"Feature","id":11,"geometry":{"type":"Point","coordinates":[23.725147250000077,37.95245484000003]},"properties":{"FID":11,"Type":"ΟΔΗΓΟΣ-ΕΠΙΔΕΙΚΤΙΚΟΙ ΕΛΙΓΜΟΙ ΣΤΗ ΜΕΣΗ ΤΗΣ ΟΔΟΥ","Municipali":"Δήμος Αθηναίων","Date":"2025/02"}},{"type":"Feature","id":12,"geometry":{"type":"Point","coordinates":[23.724975590000042,37.95719224000004]},"properties":{"FID":12,"Type":"ΟΔΗΓΟΣ-ΕΠΙΔΕΙΚΤΙΚΟΙ ΕΛΙΓΜΟΙ ΣΤΗ ΜΕΣΗ ΤΗΣ ΟΔΟΥ","Municipali":"Δήμος Αθηναίων","Date":"2025/02"}},{"type":"Feature","id":13,"geometry":{"type":"Point","coordinates":[23.724975590000042,37.95719224000004]},"properties":{"FID":13,"Type":"ΟΔΗΓΟΣ-ΕΠΙΔΕΙΚΤΙΚΟΙ ΕΛΙΓΜΟΙ ΣΤΗ ΜΕΣΗ ΤΗΣ ΟΔΟΥ","Municipali":"Δήμος Αθηναίων","Date":"2025/02"}},{"type":"Feature","id":14,"geometry":{"type":"Point","coordinates":[23.724975590000042,37.95719224000004]},"properties":{"FID":14,"Type":"ΟΔΗΓΟΣ-ΕΠΙΔΕΙΚΤΙΚΟΙ ΕΛΙΓΜΟΙ ΣΤΗ ΜΕΣΗ ΤΗΣ ΟΔΟΥ","Municipali":"Δήμος Αθηναίων","Date":"2025/02"}},{"type":"Feature","id":15,"geometry":{"type":"Point","coordinates":[23.724975590000042,37.95719224000004]},"properties":{"FID":15,"Type":"ΟΔΗΓΟΣ-ΕΠΙΔΕΙΚΤΙΚΟΙ ΕΛΙΓΜΟΙ ΣΤΗ ΜΕΣΗ ΤΗΣ ΟΔΟΥ","Municipali":"Δήμος Αθηναίων","Date":"2025/02"}},{"type":"Feature","id":16,"geometry":{"type":"Point","coordinates":[23.718957980000027,37.996519500000034]},"properties":{"FID":16,"Type":"ΟΔΗΓΟΣ-ΠΑΡΑΒΙΑΣΗ ΠΡΟΤΕΡΑΙΟΤΗΤΑΣ ΓΕΝΙΚΩΣ","Municipali":"Δήμος Αθηναίων","Date":"2025/02"}},{"type":"Feature","id":17,"geometry":{"type":"Point","coordinates":[23.731078380000042,37.996491240000069]},"properties":{"FID":17,"Type":"ΟΔΗΓΟΣ-ΑΠΟΣΠΑΣΗ ΤΗΣ ΠΡΟΣΟΧΗΣ ΤΟΥ ΟΔΗΓΟΥ","Municipali":"Δήμος Αθηναίων","Date":"2025/02"}},{"type":"Feature","id":18,"geometry":{"type":"Point","coordinates":[23.745779210000023,37.966411460000074]},"properties":{"FID":18,"Type":"ΟΔΗΓΟΣ-ΠΑΡΑΒΙΑΣΗ ΠΡΟΤΕΡΑΙΟΤΗΤΑΣ ΓΕΝΙΚΩΣ","Municipali":"Δήμος Αθηναίων","Date":"2025/02"}},{"type":"Feature","id":19,"geometry":{"type":"Point","coordinates":[23.758234980000054,37.869145170000024]},"properties":{"FID":19,"Type":"ΑΙΤΙΑ ΥΠΟ ΕΚΔΙΚΑΣΗ","Municipali":"Δήμος Γλυφάδας","Date":"2025/02"}},{"type":"Feature","id":20,"geometry":{"type":"Point","coordinates":[23.735482800000057,38.023625400000071]},"properties":{"FID":20,"Type":"ΑΙΤΙΑ ΥΠΟ ΕΚΔΙΚΑΣΗ","Municipali":"Δήμος Αθηναίων","Date":"2025/02"}},{"type":"Feature","id":21,"geometry":{"type":"Point","coordinates":[23.503446580000059,37.964682630000027]},"properties":{"FID":21,"Type":"ΟΔΗΓΟΣ-ΛΟΙΠΕΣ ΠΑΡΑΒΙΑΣΕΙΣ ΣΗΜΑΝΣΕΩΝ ΕΝ ΓΕΝΕΙ","Municipali":"Δήμος Σαλαμίνας","Date":"2025/02"}},{"type":"Feature","id":22,"geometry":{"type":"Point","coordinates":[23.636677270000064,37.932465570000033]},"properties":{"FID":22,"Type":"ΟΔΗΓΟΣ-ΠΑΡΑΒΙΑΣΗ ΠΡΟΤΕΡΑΙΟΤΗΤΑΣ ΓΕΝΙΚΩΣ","Municipali":"Δήμος Πειραιώς","Date":"2025/02"}},{"type":"Feature","id":23,"geometry":{"type":"Point","coordinates":[23.686276670000041,38.012567540000077]},"properties":{"FID":23,"Type":"ΑΙΤΙΑ ΥΠΟ ΕΚΔΙΚΑΣΗ","Municipali":"Δήμος Περιστερίου","Date":"2025/02"}},{"type":"Feature","id":24,"geometry":{"type":"Point","coordinates":[23.680247070000064,38.013142340000059]},"properties":{"FID":24,"Type":"ΑΙΤΙΑ ΥΠΟ ΕΚΔΙΚΑΣΗ","Municipali":"Δήμος Περιστερίου","Date":"2025/02"}},{"type":"Feature","id":25,"geometry":{"type":"Point","coordinates":[23.749684100000025,38.049278130000062]},"properties":{"FID":25,"Type":"ΑΙΤΙΑ ΥΠΟ ΕΚΔΙΚΑΣΗ","Municipali":"Δήμος Νέας Ιωνίας","Date":"2025/02"}},{"type":"Feature","id":26,"geometry":{"type":"Point","coordinates":[23.644638060000034,37.944307490000028]},"properties":{"FID":26,"Type":"ΑΙΤΙΑ ΥΠΟ ΕΚΔΙΚΑΣΗ","Municipali":"Δήμος Πειραιώς","Date":"2025/02"}},{"type":"Feature","id":27,"geometry":{"type":"Point","coordinates":[23.629912730000058,37.953157010000041]},"properties":{"FID":27,"Type":"ΟΔΗΓΟΣ-ΛΟΙΠΕΣ ΠΑΡΑΒΙΑΣΕΙΣ ΣΗΜΑΝΣΕΩΝ ΕΝ ΓΕΝΕΙ","Municipali":"Δήμος Πειραιώς","Date":"2025/02"}},{"type":"Feature","id":28,"geometry":{"type":"Point","coordinates":[23.739931580000075,38.003365880000047]},"properties":{"FID":28,"Type":"ΟΔΗΓΟΣ-ΑΠΟΣΠΑΣΗ ΤΗΣ ΠΡΟΣΟΧΗΣ ΤΟΥ ΟΔΗΓΟΥ","Municipali":"Δήμος Αθηναίων","Date":"2025/02"}},{"type":"Feature","id":29,"geometry":{"type":"Point","coordinates":[23.644788830000039,37.976529430000028]},"properties":{"FID":29,"Type":"ΑΙΤΙΑ ΥΠΟ ΕΚΔΙΚΑΣΗ","Municipali":"Δήμος Κορυδαλλού","Date":"2025/02"}},{"type":"Feature","id":30,"geometry":{"type":"Point","coordinates":[23.762161730000059,37.983056440000041]},"properties":{"FID":30,"Type":"ΑΙΤΙΑ ΥΠΟ ΕΚΔΙΚΑΣΗ","Municipali":"Δήμος Αθηναίων","Date":"2025/02"}},{"type":"Feature","id":31,"geometry":{"type":"Point","coordinates":[23.834624290000079,38.051191740000036]},"properties":{"FID":31,"Type":"ΑΙΤΙΑ ΥΠΟ ΕΚΔΙΚΑΣΗ","Municipali":"Δήμος Πεντέλης","Date":"2025/02"}},{"type":"Feature","id":32,"geometry":{"type":"Point","coordinates":[23.730254170000023,37.880387580000047]},"properties":{"FID":32,"Type":"ΑΙΤΙΑ ΥΠΟ ΕΚΔΙΚΑΣΗ","Municipali":"Δήμος Ελληνικού - Αργυρούπολης","Date":"2025/02"}},{"type":"Feature","id":33,"geometry":{"type":"Point","coordinates":[23.790802360000043,38.025144510000075]},"properties":{"FID":33,"Type":"ΑΙΤΙΑ ΥΠΟ ΕΚΔΙΚΑΣΗ","Municipali":"Δήμος Χαλανδρίου","Date":"2025/01"}},{"type":"Feature","id":34,"geometry":{"type":"Point","coordinates":[23.667383190000066,37.944751690000032]},"properties":{"FID":34,"Type":"ΑΙΤΙΑ ΥΠΟ ΕΚΔΙΚΑΣΗ","Municipali":"Δήμος Πειραιώς","Date":"2025/02"}},{"type":"Feature","id":35,"geometry":{"type":"Point","coordinates":[23.658133970000051,37.946610550000059]},"properties":{"FID":35,"Type":"ΑΙΤΙΑ ΥΠΟ ΕΚΔΙΚΑΣΗ","Municipali":"Δήμος Πειραιώς","Date":"2025/02"}},{"type":"Feature","id":36,"geometry":{"type":"Point","coordinates":[23.722229000000027,37.960770470000057]},"properties":{"FID":36,"Type":"ΑΙΤΙΑ ΥΠΟ ΕΚΔΙΚΑΣΗ","Municipali":"Δήμος Αθηναίων","Date":"2025/02"}},{"type":"Feature","id":37,"geometry":{"type":"Point","coordinates":[23.708163500000069,38.038108020000038]},"properties":{"FID":37,"Type":"ΑΙΤΙΑ ΥΠΟ ΕΚΔΙΚΑΣΗ","Municipali":"Δήμος Ιλίου","Date":"2025/02"}},{"type":"Feature","id":38,"geometry":{"type":"Point","coordinates":[23.752237010000044,38.017385270000034]},"properties":{"FID":38,"Type":"ΟΔΗΓΟΣ-ΠΑΡΑΒΙΑΣΗ ΠΡΟΤΕΡΑΙΟΤΗΤΑΣ ΓΕΝΙΚΩΣ","Municipali":"Δήμος Γαλατσίου","Date":"2025/02"}},{"type":"Feature","id":39,"geometry":{"type":"Point","coordinates":[23.741861980000067,37.98730388000007]},"properties":{"FID":39,"Type":"ΟΔΗΓΟΣ-ΠΑΡΑΒΙΑΣΗ ΠΡΟΤΕΡΑΙΟΤΗΤΑΣ ΓΕΝΙΚΩΣ","Municipali":"Δήμος Αθηναίων","Date":"2025/02"}},{"type":"Feature","id":40,"geometry":{"type":"Point","coordinates":[23.717363800000044,37.968938600000058]},"properties":{"FID":40,"Type":"ΟΔΗΓΟΣ-ΛΟΙΠΑ ΑΙΤΙΑ ΑΝΑΦΕΡΟΜΕΝΑ ΣΕ ΟΔΗΓΟΥΣ","Municipali":"Δήμος Αθηναίων","Date":"2025/02"}},{"type":"Feature","id":41,"geometry":{"type":"Point","coordinates":[23.763562500000035,37.997605600000043]},"properties":{"FID":41,"Type":"ΟΔΗΓΟΣ-ΛΟΙΠΑ ΑΙΤΙΑ ΑΝΑΦΕΡΟΜΕΝΑ ΣΕ ΟΔΗΓΟΥΣ","Municipali":"Δήμος Αθηναίων","Date":"2025/02"}},{"type":"Feature","id":42,"geometry":{"type":"Point","coordinates":[23.727856280000026,37.966653440000073]},"properties":{"FID":42,"Type":"ΟΔΗΓΟΣ-ΠΑΡΑΒΙΑΣΗ ΣΗΜΑΤΟΔΟΤΗ","Municipali":"Δήμος Αθηναίων","Date":"2025/02"}},{"type":"Feature","id":43,"geometry":{"type":"Point","coordinates":[23.992939000000035,37.815513720000069]},"properties":{"FID":43,"Type":"ΑΙΤΙΑ ΥΠΟ ΕΚΔΙΚΑΣΗ","Municipali":"Δήμος Λαυρεωτικής","Date":"2025/02"}},{"type":"Feature","id":44,"geometry":{"type":"Point","coordinates":[23.789238000000068,38.042086500000039]},"properties":{"FID":44,"Type":"ΑΙΤΙΑ ΥΠΟ ΕΚΔΙΚΑΣΗ","Municipali":"Δήμος Αμαρουσίου","Date":"2025/02"}},{"type":"Feature","id":45,"geometry":{"type":"Point","coordinates":[23.697847720000027,38.070798160000038]},"properties":{"FID":45,"Type":"ΑΙΤΙΑ ΥΠΟ ΕΚΔΙΚΑΣΗ","Municipali":"Δήμος Φυλής","Date":"2025/02"}},{"type":"Feature","id":46,"geometry":{"type":"Point","coordinates":[23.762869830000056,37.87278273000004]},"properties":{"FID":46,"Type":"ΟΔΗΓΟΣ-ΛΟΙΠΕΣ ΠΑΡΑΒΙΑΣΕΙΣ ΣΗΜΑΝΣΕΩΝ ΕΝ ΓΕΝΕΙ","Municipali":"Δήμος Γλυφάδας","Date":"2025/02"}},{"type":"Feature","id":47,"geometry":{"type":"Point","coordinates":[23.511150870000051,38.054883990000064]},"properties":{"FID":47,"Type":"ΑΙΤΙΑ ΥΠΟ ΕΚΔΙΚΑΣΗ","Municipali":"Δήμος Μάνδρας - Ειδυλλίας","Date":"2025/02"}},{"type":"Feature","id":48,"geometry":{"type":"Point","coordinates":[23.758218880000072,37.872130610000056]},"properties":{"FID":48,"Type":"ΑΙΤΙΑ ΥΠΟ ΕΚΔΙΚΑΣΗ","Municipali":"Δήμος Γλυφάδας","Date":"2025/02"}},{"type":"Feature","id":49,"geometry":{"type":"Point","coordinates":[23.753707410000061,37.847354160000066]},"properties":{"FID":49,"Type":"ΟΔΗΓΟΣ-ΛΟΙΠΑ ΑΙΤΙΑ ΑΝΑΦΕΡΟΜΕΝΑ ΣΕ ΟΔΗΓΟΥΣ","Municipali":"Δήμος Βάρης - Βούλας - Βουλιαγμένης","Date":"2025/02"}},{"type":"Feature","id":50,"geometry":{"type":"Point","coordinates":[23.711586000000068,37.922128250000071]},"properties":{"FID":50,"Type":"ΟΔΗΓΟΣ-ΠΑΡΑΒΙΑΣΗ ΠΡΟΤΕΡΑΙΟΤΗΤΑΣ ΓΕΝΙΚΩΣ","Municipali":"Δήμος Παλαιού Φαλήρου","Date":"2025/02"}},{"type":"Feature","id":51,"geometry":{"type":"Point","coordinates":[23.632600310000043,37.953554620000034]},"properties":{"FID":51,"Type":"ΟΔΗΓΟΣ-ΠΑΡΑΒΙΑΣΗ ΠΡΟΤΕΡΑΙΟΤΗΤΑΣ ΓΕΝΙΚΩΣ","Municipali":"Δήμος Πειραιώς","Date":"2025/02"}},{"type":"Feature","id":52,"geometry":{"type":"Point","coordinates":[23.77703426000005,37.981693750000034]},"properties":{"FID":52,"Type":"ΟΔΗΓΟΣ-ΑΠΟΣΠΑΣΗ ΤΗΣ ΠΡΟΣΟΧΗΣ ΤΟΥ ΟΔΗΓΟΥ","Municipali":"Δήμος Ζωγράφου","Date":"2025/02"}},{"type":"Feature","id":53,"geometry":{"type":"Point","coordinates":[23.764017810000041,37.967317600000058]},"properties":{"FID":53,"Type":"ΟΔΗΓΟΣ-ΠΑΡΑΒΙΑΣΗ ΣΗΜΑΤΟΔΟΤΗ","Municipali":"Δήμος Καισαριανής","Date":"2025/02"}},{"type":"Feature","id":54,"geometry":{"type":"Point","coordinates":[23.742511870000044,37.934547250000037]},"properties":{"FID":54,"Type":"ΑΙΤΙΑ ΥΠΟ ΕΚΔΙΚΑΣΗ","Municipali":"Δήμος Αγίου Δημητρίου","Date":"2025/02"}},{"type":"Feature","id":55,"geometry":{"type":"Point","coordinates":[23.684206010000025,37.99071753000004]},"properties":{"FID":55,"Type":"ΑΙΤΙΑ ΥΠΟ ΕΚΔΙΚΑΣΗ","Municipali":"Δήμος Αιγάλεω","Date":"2025/02"}},{"type":"Feature","id":56,"geometry":{"type":"Point","coordinates":[23.725977100000023,38.100542300000029]},"properties":{"FID":56,"Type":"ΑΙΤΙΑ ΥΠΟ ΕΚΔΙΚΑΣΗ","Municipali":"Δήμος Αχαρνών","Date":"2025/02"}},{"type":"Feature","id":57,"geometry":{"type":"Point","coordinates":[23.836314080000022,38.024231740000062]},"properties":{"FID":57,"Type":"ΟΔΗΓΟΣ-ΛΟΙΠΑ ΑΙΤΙΑ ΑΝΑΦΕΡΟΜΕΝΑ ΣΕ ΟΔΗΓΟΥΣ","Municipali":"Δήμος Χαλανδρίου","Date":"2025/02"}},{"type":"Feature","id":58,"geometry":{"type":"Point","coordinates":[23.719938900000045,38.009646300000043]},"properties":{"FID":58,"Type":"ΟΔΗΓΟΣ-ΛΟΙΠΑ ΑΙΤΙΑ ΑΝΑΦΕΡΟΜΕΝΑ ΣΕ ΟΔΗΓΟΥΣ","Municipali":"Δήμος Αθηναίων","Date":"2025/02"}},{"type":"Feature","id":59,"geometry":{"type":"Point","coordinates":[23.777573700000062,38.001125530000024]},"properties":{"FID":59,"Type":"ΑΙΤΙΑ ΥΠΟ ΕΚΔΙΚΑΣΗ","Municipali":"Δήμος Φιλοθέης - Ψυχικού","Date":"2025/02"}},{"type":"Feature","id":60,"geometry":{"type":"Point","coordinates":[23.763277520000031,37.967456480000067]},"properties":{"FID":60,"Type":"ΟΔΗΓΟΣ-ΑΠΟΣΠΑΣΗ ΤΗΣ ΠΡΟΣΟΧΗΣ ΤΟΥ ΟΔΗΓΟΥ","Municipali":"Δήμος Καισαριανής","Date":"2025/01"}},{"type":"Feature","id":61,"geometry":{"type":"Point","coordinates":[23.72858264000007,38.012186370000052]},"properties":{"FID":61,"Type":"ΟΔΗΓΟΣ-ΑΠΟΣΠΑΣΗ ΤΗΣ ΠΡΟΣΟΧΗΣ ΤΟΥ ΟΔΗΓΟΥ","Municipali":"Δήμος Αθηναίων","Date":"2025/02"}},{"type":"Feature","id":62,"geometry":{"type":"Point","coordinates":[23.73355870000006,38.000874250000038]},"properties":{"FID":62,"Type":"ΟΔΗΓΟΣ-ΛΟΙΠΑ ΑΙΤΙΑ ΑΝΑΦΕΡΟΜΕΝΑ ΣΕ ΟΔΗΓΟΥΣ","Municipali":"Δήμος Αθηναίων","Date":"2025/02"}},{"type":"Feature","id":63,"geometry":{"type":"Point","coordinates":[23.740403120000053,37.97423837000008]},"properties":{"FID":63,"Type":"ΟΔΗΓΟΣ-ΑΠΟΣΠΑΣΗ ΤΗΣ ΠΡΟΣΟΧΗΣ ΤΟΥ ΟΔΗΓΟΥ","Municipali":"Δήμος Αθηναίων","Date":"2025/02"}},{"type":"Feature","id":64,"geometry":{"type":"Point","coordinates":[23.757578150000029,38.039341250000064]},"properties":{"FID":64,"Type":"ΑΙΤΙΑ ΥΠΟ ΕΚΔΙΚΑΣΗ","Municipali":"Δήμος Νέας Ιωνίας","Date":"2025/02"}},{"type":"Feature","id":65,"geometry":{"type":"Point","coordinates":[23.765197790000059,37.98673653000003]},"properties":{"FID":65,"Type":"ΑΙΤΙΑ ΥΠΟ ΕΚΔΙΚΑΣΗ","Municipali":"Δήμος Αθηναίων","Date":"2025/02"}},{"type":"Feature","id":66,"geometry":{"type":"Point","coordinates":[23.70592060000007,38.085056900000041]},"properties":{"FID":66,"Type":"ΑΙΤΙΑ ΥΠΟ ΕΚΔΙΚΑΣΗ","Municipali":"Δήμος Φυλής","Date":"2025/02"}},{"type":"Feature","id":67,"geometry":{"type":"Point","coordinates":[23.930507900000066,37.889020410000057]},"properties":{"FID":67,"Type":"ΑΙΤΙΑ ΥΠΟ ΕΚΔΙΚΑΣΗ","Municipali":"Δήμος Μαρκόπουλου Μεσογαίας","Date":"2025/02"}},{"type":"Feature","id":68,"geometry":{"type":"Point","coordinates":[23.710384370000043,38.081574810000063]},"properties":{"FID":68,"Type":"ΑΙΤΙΑ ΥΠΟ ΕΚΔΙΚΑΣΗ","Municipali":"Δήμος Φυλής","Date":"2025/02"}},{"type":"Feature","id":69,"geometry":{"type":"Point","coordinates":[23.762547970000071,37.845325080000066]},"properties":{"FID":69,"Type":"ΟΔΗΓΟΣ-ΛΟΙΠΑ ΑΙΤΙΑ ΑΝΑΦΕΡΟΜΕΝΑ ΣΕ ΟΔΗΓΟΥΣ","Municipali":"Δήμος Βάρης - Βούλας - Βουλιαγμένης","Date":"2025/02"}},{"type":"Feature","id":70,"geometry":{"type":"Point","coordinates":[23.632535930000074,37.979842950000034]},"properties":{"FID":70,"Type":"ΟΔΗΓΟΣ-ΛΟΙΠΑ ΑΙΤΙΑ ΑΝΑΦΕΡΟΜΕΝΑ ΣΕ ΟΔΗΓΟΥΣ","Municipali":"Δήμος Νίκαιας - Αγίου Ιωάννη Ρέντη","Date":"2025/02"}},{"type":"Feature","id":71,"geometry":{"type":"Point","coordinates":[23.644165990000033,37.976324850000026]},"properties":{"FID":71,"Type":"ΟΔΗΓΟΣ-ΠΑΡΑΒΙΑΣΗ ΠΡΟΤΕΡΑΙΟΤΗΤΑΣ ΓΕΝΙΚΩΣ","Municipali":"Δήμος Νίκαιας - Αγίου Ιωάννη Ρέντη","Date":"2025/02"}},{"type":"Feature","id":72,"geometry":{"type":"Point","coordinates":[23.724423050000041,37.93165743000003]},"properties":{"FID":72,"Type":"ΟΔΗΓΟΣ-ΠΑΡΑΒΙΑΣΗ ΠΡΟΤΕΡΑΙΟΤΗΤΑΣ ΓΕΝΙΚΩΣ","Municipali":"Δήμος Αγίου Δημητρίου","Date":"2025/02"}},{"type":"Feature","id":73,"geometry":{"type":"Point","coordinates":[23.737978940000062,38.047753110000031]},"properties":{"FID":73,"Type":"ΑΙΤΙΑ ΥΠΟ ΕΚΔΙΚΑΣΗ","Municipali":"Δήμος Νέας Φιλαδέλφειας - Νέας Χαλκηδόνας","Date":"2025/02"}},{"type":"Feature","id":74,"geometry":{"type":"Point","coordinates":[24.004311560000076,37.886674950000042]},"properties":{"FID":74,"Type":"ΑΙΤΙΑ ΥΠΟ ΕΚΔΙΚΑΣΗ","Municipali":"Δήμος Μαρκόπουλου Μεσογαίας","Date":"2025/02"}},{"type":"Feature","id":75,"geometry":{"type":"Point","coordinates":[23.774414060000026,37.997147670000061]},"properties":{"FID":75,"Type":"ΑΙΤΙΑ ΥΠΟ ΕΚΔΙΚΑΣΗ","Municipali":"Δήμος Αθηναίων","Date":"2025/01"}},{"type":"Feature","id":76,"geometry":{"type":"Point","coordinates":[23.762408090000065,37.987483310000073]},"properties":{"FID":76,"Type":"ΟΔΗΓΟΣ-ΛΟΙΠΑ ΑΙΤΙΑ ΑΝΑΦΕΡΟΜΕΝΑ ΣΕ ΟΔΗΓΟΥΣ","Municipali":"Δήμος Αθηναίων","Date":"2025/01"}},{"type":"Feature","id":77,"geometry":{"type":"Point","coordinates":[23.737764580000032,37.976844850000077]},"properties":{"FID":77,"Type":"ΟΔΗΓΟΣ-ΑΠΟΣΠΑΣΗ ΤΗΣ ΠΡΟΣΟΧΗΣ ΤΟΥ ΟΔΗΓΟΥ","Municipali":"Δήμος Αθηναίων","Date":"2025/01"}},{"type":"Feature","id":78,"geometry":{"type":"Point","coordinates":[23.74330032000006,37.99050778000003]},"properties":{"FID":78,"Type":"ΟΔΗΓΟΣ-ΠΑΡΑΒΙΑΣΗ ΠΡΟΤΕΡΑΙΟΤΗΤΑΣ ΓΕΝΙΚΩΣ","Municipali":"Δήμος Αθηναίων","Date":"2025/01"}},{"type":"Feature","id":79,"geometry":{"type":"Point","coordinates":[23.907365800000036,37.910786400000063]},"properties":{"FID":79,"Type":"ΟΔΗΓΟΣ-ΛΟΙΠΑ ΑΙΤΙΑ ΑΝΑΦΕΡΟΜΕΝΑ ΣΕ ΟΔΗΓΟΥΣ","Municipali":"Δήμος Κρωπίας","Date":"2025/02"}},{"type":"Feature","id":80,"geometry":{"type":"Point","coordinates":[23.927106860000038,37.883702810000045]},"properties":{"FID":80,"Type":"ΑΙΤΙΑ ΥΠΟ ΕΚΔΙΚΑΣΗ","Municipali":"Δήμος Μαρκόπουλου Μεσογαίας","Date":"2025/02"}},{"type":"Feature","id":81,"geometry":{"type":"Point","coordinates":[23.642368910000073,37.947573310000053]},"properties":{"FID":81,"Type":"ΑΙΤΙΑ ΥΠΟ ΕΚΔΙΚΑΣΗ","Municipali":"Δήμος Πειραιώς","Date":"2025/02"}},{"type":"Feature","id":82,"geometry":{"type":"Point","coordinates":[23.743219970000041,38.030485690000035]},"properties":{"FID":82,"Type":"ΑΙΤΙΑ ΥΠΟ ΕΚΔΙΚΑΣΗ","Municipali":"Δήμος Αθηναίων","Date":"2025/02"}},{"type":"Feature","id":83,"geometry":{"type":"Point","coordinates":[23.81893873000007,38.005445550000047]},"properties":{"FID":83,"Type":"ΟΔΗΓΟΣ-ΛΟΙΠΑ ΑΙΤΙΑ ΑΝΑΦΕΡΟΜΕΝΑ ΣΕ ΟΔΗΓΟΥΣ","Municipali":"Δήμος Αγίας Παρασκευής","Date":"2025/02"}},{"type":"Feature","id":84,"geometry":{"type":"Point","coordinates":[23.799809220000043,38.017985710000062]},"properties":{"FID":84,"Type":"ΟΔΗΓΟΣ-ΠΑΡΑΒΙΑΣΗ ΠΡΟΤΕΡΑΙΟΤΗΤΑΣ ΓΕΝΙΚΩΣ","Municipali":"Δήμος Χαλανδρίου","Date":"2025/02"}},{"type":"Feature","id":85,"geometry":{"type":"Point","coordinates":[23.727180360000034,38.027641900000049]},"properties":{"FID":85,"Type":"ΑΙΤΙΑ ΥΠΟ ΕΚΔΙΚΑΣΗ","Municipali":"Δήμος Νέας Φιλαδέλφειας - Νέας Χαλκηδόνας","Date":"2025/02"}},{"type":"Feature","id":86,"geometry":{"type":"Point","coordinates":[23.782664540000042,38.393910690000041]},"properties":{"FID":86,"Type":"ΟΔΗΓΟΣ-ΛΟΙΠΑ ΑΙΤΙΑ ΑΝΑΦΕΡΟΜΕΝΑ ΣΕ ΟΔΗΓΟΥΣ","Municipali":"Δήμος Ερέτριας","Date":"2025/02"}},{"type":"Feature","id":87,"geometry":{"type":"Point","coordinates":[23.610937700000022,37.962099230000035]},"properties":{"FID":87,"Type":"ΟΔΗΓΟΣ-ΛΟΙΠΑ ΑΙΤΙΑ ΑΝΑΦΕΡΟΜΕΝΑ ΣΕ ΟΔΗΓΟΥΣ","Municipali":"Δήμος Κερατσινίου - Δραπετσώνας","Date":"2025/02"}},{"type":"Feature","id":88,"geometry":{"type":"Point","coordinates":[23.703560830000072,37.93429339000005]},"properties":{"FID":88,"Type":"ΟΔΗΓΟΣ-ΛΟΙΠΕΣ ΠΑΡΑΒΙΑΣΕΙΣ ΣΗΜΑΝΣΕΩΝ ΕΝ ΓΕΝΕΙ","Municipali":"Δήμος Παλαιού Φαλήρου","Date":"2025/02"}},{"type":"Feature","id":89,"geometry":{"type":"Point","coordinates":[23.731691840000053,37.919978510000078]},"properties":{"FID":89,"Type":"ΟΔΗΓΟΣ-ΛΟΙΠΑ ΑΙΤΙΑ ΑΝΑΦΕΡΟΜΕΝΑ ΣΕ ΟΔΗΓΟΥΣ","Municipali":"Δήμος Αγίου Δημητρίου","Date":"2025/02"}},{"type":"Feature","id":90,"geometry":{"type":"Point","coordinates":[23.935561180000036,37.878588060000027]},"properties":{"FID":90,"Type":"ΑΙΤΙΑ ΥΠΟ ΕΚΔΙΚΑΣΗ","Municipali":"Δήμος Μαρκόπουλου Μεσογαίας","Date":"2025/02"}},{"type":"Feature","id":91,"geometry":{"type":"Point","coordinates":[23.515511160000074,37.962606040000026]},"properties":{"FID":91,"Type":"ΑΙΤΙΑ ΥΠΟ ΕΚΔΙΚΑΣΗ","Municipali":"Δήμος Σαλαμίνας","Date":"2025/01"}},{"type":"Feature","id":92,"geometry":{"type":"Point","coordinates":[23.793983460000049,38.032340640000029]},"properties":{"FID":92,"Type":"ΑΙΤΙΑ ΥΠΟ ΕΚΔΙΚΑΣΗ","Municipali":"Δήμος Αμαρουσίου","Date":"2025/02"}},{"type":"Feature","id":93,"geometry":{"type":"Point","coordinates":[23.740961550000065,37.940339240000071]},"properties":{"FID":93,"Type":"ΟΔΗΓΟΣ-ΛΟΙΠΑ ΑΙΤΙΑ ΑΝΑΦΕΡΟΜΕΝΑ ΣΕ ΟΔΗΓΟΥΣ","Municipali":"Δήμος Ηλιούπολης","Date":"2025/01"}},{"type":"Feature","id":94,"geometry":{"type":"Point","coordinates":[23.76035360000003,37.883674800000051]},"properties":{"FID":94,"Type":"ΟΔΗΓΟΣ-ΛΟΙΠΑ ΑΙΤΙΑ ΑΝΑΦΕΡΟΜΕΝΑ ΣΕ ΟΔΗΓΟΥΣ","Municipali":"Δήμος Γλυφάδας","Date":"2025/01"}},{"type":"Feature","id":95,"geometry":{"type":"Point","coordinates":[23.676974770000072,37.94340217000007]},"properties":{"FID":95,"Type":"ΑΙΤΙΑ ΥΠΟ ΕΚΔΙΚΑΣΗ","Municipali":"Δήμος Μοσχάτου-Ταύρου","Date":"2025/02"}},{"type":"Feature","id":96,"geometry":{"type":"Point","coordinates":[23.668659930000047,37.966425070000071]},"properties":{"FID":96,"Type":"ΟΔΗΓΟΣ-ΠΑΡΑΒΙΑΣΗ ΠΡΟΤΕΡΑΙΟΤΗΤΑΣ ΓΕΝΙΚΩΣ","Municipali":"Δήμος Νίκαιας - Αγίου Ιωάννη Ρέντη","Date":"2025/01"}},{"type":"Feature","id":97,"geometry":{"type":"Point","coordinates":[23.649170990000073,37.939996560000054]},"properties":{"FID":97,"Type":"ΠΕΖΟΣ-ΔΕΝ ΒΑΔΙΖΕ ΣΤΙΣ ΔΙΑΒΑΣΕΙΣ","Municipali":"Δήμος Πειραιώς","Date":"2025/01"}},{"type":"Feature","id":98,"geometry":{"type":"Point","coordinates":[23.764243130000068,37.889143180000076]},"properties":{"FID":98,"Type":"ΑΙΤΙΑ ΥΠΟ ΕΚΔΙΚΑΣΗ","Municipali":"Δήμος Γλυφάδας","Date":"2025/01"}},{"type":"Feature","id":99,"geometry":{"type":"Point","coordinates":[23.894469740000034,37.902879940000048]},"properties":{"FID":99,"Type":"ΑΙΤΙΑ ΥΠΟ ΕΚΔΙΚΑΣΗ","Municipali":"Δήμος Κρωπίας","Date":"2025/01"}},{"type":"Feature","id":100,"geometry":{"type":"Point","coordinates":[23.765155080000056,37.84135150000003]},"properties":{"FID":100,"Type":"ΟΔΗΓΟΣ-ΠΑΡΑΒΙΑΣΗ ΠΡΟΤΕΡΑΙΟΤΗΤΑΣ ΓΕΝΙΚΩΣ","Municipali":"Δήμος Βάρης - Βούλας - Βουλιαγμένης","Date":"2025/02"}},{"type":"Feature","id":101,"geometry":{"type":"Point","coordinates":[23.784268500000053,37.998914690000049]},"properties":{"FID":101,"Type":"ΟΔΗΓΟΣ-ΛΟΙΠΑ ΑΙΤΙΑ ΑΝΑΦΕΡΟΜΕΝΑ ΣΕ ΟΔΗΓΟΥΣ","Municipali":"Δήμος Παπάγου - Χολαργού","Date":"2025/02"}},{"type":"Feature","id":102,"geometry":{"type":"Point","coordinates":[23.747212600000069,37.949233800000059]},"properties":{"FID":102,"Type":"ΟΔΗΓΟΣ-ΠΑΡΑΒΙΑΣΗ ΠΡΟΤΕΡΑΙΟΤΗΤΑΣ ΓΕΝΙΚΩΣ","Municipali":"Δήμος Δάφνης - Υμηττού","Date":"2025/02"}},{"type":"Feature","id":103,"geometry":{"type":"Point","coordinates":[23.715818520000028,37.947421020000036]},"properties":{"FID":103,"Type":"ΟΔΗΓΟΣ-ΛΟΙΠΑ ΑΙΤΙΑ ΑΝΑΦΕΡΟΜΕΝΑ ΣΕ ΟΔΗΓΟΥΣ","Municipali":"Δήμος Νέας Σμύρνης","Date":"2025/02"}},{"type":"Feature","id":104,"geometry":{"type":"Point","coordinates":[23.774317320000023,37.985533430000032]},"properties":{"FID":104,"Type":"ΟΔΗΓΟΣ-ΑΠΟΣΠΑΣΗ ΤΗΣ ΠΡΟΣΟΧΗΣ ΤΟΥ ΟΔΗΓΟΥ","Municipali":"Δήμος Αθηναίων","Date":"2025/02"}},{"type":"Feature","id":105,"geometry":{"type":"Point","coordinates":[23.749528510000061,37.996234080000079]},"properties":{"FID":105,"Type":"ΟΔΗΓΟΣ-ΑΠΟΣΠΑΣΗ ΤΗΣ ΠΡΟΣΟΧΗΣ ΤΟΥ ΟΔΗΓΟΥ","Municipali":"Δήμος Αθηναίων","Date":"2025/02"}},{"type":"Feature","id":106,"geometry":{"type":"Point","coordinates":[23.831706050000037,38.037698190000071]},"properties":{"FID":106,"Type":"ΑΙΤΙΑ ΥΠΟ ΕΚΔΙΚΑΣΗ","Municipali":"Δήμος Βριλησσίων","Date":"2025/02"}},{"type":"Feature","id":107,"geometry":{"type":"Point","coordinates":[23.760794000000033,37.97651890000003]},"properties":{"FID":107,"Type":"ΑΙΤΙΑ ΥΠΟ ΕΚΔΙΚΑΣΗ","Municipali":"Δήμος Ζωγράφου","Date":"2025/02"}},{"type":"Feature","id":108,"geometry":{"type":"Point","coordinates":[23.863382940000065,37.949240000000032]},"properties":{"FID":108,"Type":"ΟΔΗΓΟΣ-ΛΟΙΠΑ ΑΙΤΙΑ ΑΝΑΦΕΡΟΜΕΝΑ ΣΕ ΟΔΗΓΟΥΣ","Municipali":"Δήμος Παιανίας","Date":"2025/02"}},{"type":"Feature","id":109,"geometry":{"type":"Point","coordinates":[23.648065920000079,38.02178495000004]},"properties":{"FID":109,"Type":"ΑΙΤΙΑ ΥΠΟ ΕΚΔΙΚΑΣΗ","Municipali":"Δήμος Χαϊδαρίου","Date":"2025/02"}},{"type":"Feature","id":110,"geometry":{"type":"Point","coordinates":[23.499627110000063,37.965228210000078]},"properties":{"FID":110,"Type":"ΑΙΤΙΑ ΥΠΟ ΕΚΔΙΚΑΣΗ","Municipali":"Δήμος Σαλαμίνας","Date":"2025/02"}},{"type":"Feature","id":111,"geometry":{"type":"Point","coordinates":[23.639804580000032,37.980972830000042]},"properties":{"FID":111,"Type":"ΟΔΗΓΟΣ-ΛΟΙΠΑ ΑΙΤΙΑ ΑΝΑΦΕΡΟΜΕΝΑ ΣΕ ΟΔΗΓΟΥΣ","Municipali":"Δήμος Νίκαιας - Αγίου Ιωάννη Ρέντη","Date":"2025/02"}},{"type":"Feature","id":112,"geometry":{"type":"Point","coordinates":[23.701286320000065,37.966666130000078]},"properties":{"FID":112,"Type":"ΟΔΗΓΟΣ-ΕΠΙΔΕΙΚΤΙΚΟΙ ΕΛΙΓΜΟΙ ΣΤΗ ΜΕΣΗ ΤΗΣ ΟΔΟΥ","Municipali":"Δήμος Μοσχάτου-Ταύρου","Date":"2025/02"}},{"type":"Feature","id":113,"geometry":{"type":"Point","coordinates":[23.736219410000047,37.967342790000032]},"properties":{"FID":113,"Type":"ΟΔΗΓΟΣ-ΕΠΙΔΕΙΚΤΙΚΟΙ ΕΛΙΓΜΟΙ ΣΤΗ ΜΕΣΗ ΤΗΣ ΟΔΟΥ","Municipali":"Δήμος Αθηναίων","Date":"2025/02"}},{"type":"Feature","id":114,"geometry":{"type":"Point","coordinates":[23.709354400000052,37.977491930000042]},"properties":{"FID":114,"Type":"ΟΔΗΓΟΣ-ΕΠΙΔΕΙΚΤΙΚΟΙ ΕΛΙΓΜΟΙ ΣΤΗ ΜΕΣΗ ΤΗΣ ΟΔΟΥ","Municipali":"Δήμος Αθηναίων","Date":"2025/02"}},{"type":"Feature","id":115,"geometry":{"type":"Point","coordinates":[23.732013700000039,37.991292510000051]},"properties":{"FID":115,"Type":"ΟΔΗΓΟΣ-ΕΠΙΔΕΙΚΤΙΚΟΙ ΕΛΙΓΜΟΙ ΣΤΗ ΜΕΣΗ ΤΗΣ ΟΔΟΥ","Municipali":"Δήμος Αθηναίων","Date":"2025/02"}},{"type":"Feature","id":116,"geometry":{"type":"Point","coordinates":[23.67238283000006,38.015149880000024]},"properties":{"FID":116,"Type":"ΑΙΤΙΑ ΥΠΟ ΕΚΔΙΚΑΣΗ","Municipali":"Δήμος Χαϊδαρίου","Date":"2025/02"}},{"type":"Feature","id":117,"geometry":{"type":"Point","coordinates":[23.751512700000035,38.038502000000051]},"properties":{"FID":117,"Type":"ΑΙΤΙΑ ΥΠΟ ΕΚΔΙΚΑΣΗ","Municipali":"Δήμος Νέας Ιωνίας","Date":"2025/02"}},{"type":"Feature","id":118,"geometry":{"type":"Point","coordinates":[23.724975590000042,37.95719224000004]},"properties":{"FID":118,"Type":"ΟΔΗΓΟΣ-ΕΠΙΔΕΙΚΤΙΚΟΙ ΕΛΙΓΜΟΙ ΣΤΗ ΜΕΣΗ ΤΗΣ ΟΔΟΥ","Municipali":"Δήμος Αθηναίων","Date":"2025/02"}},{"type":"Feature","id":119,"geometry":{"type":"Point","coordinates":[23.724975590000042,37.95719224000004]},"properties":{"FID":119,"Type":"ΟΔΗΓΟΣ-ΕΠΙΔΕΙΚΤΙΚΟΙ ΕΛΙΓΜΟΙ ΣΤΗ ΜΕΣΗ ΤΗΣ ΟΔΟΥ","Municipali":"Δήμος Αθηναίων","Date":"2025/02"}},{"type":"Feature","id":120,"geometry":{"type":"Point","coordinates":[23.724975590000042,37.95719224000004]},"properties":{"FID":120,"Type":"ΟΔΗΓΟΣ-ΕΠΙΔΕΙΚΤΙΚΟΙ ΕΛΙΓΜΟΙ ΣΤΗ ΜΕΣΗ ΤΗΣ ΟΔΟΥ","Municipali":"Δήμος Αθηναίων","Date":"2025/02"}},{"type":"Feature","id":121,"geometry":{"type":"Point","coordinates":[23.730372190000026,37.965748400000052]},"properties":{"FID":121,"Type":"ΟΔΗΓΟΣ-ΛΟΙΠΑ ΑΙΤΙΑ ΑΝΑΦΕΡΟΜΕΝΑ ΣΕ ΟΔΗΓΟΥΣ","Municipali":"Δήμος Αθηναίων","Date":"2025/02"}},{"type":"Feature","id":122,"geometry":{"type":"Point","coordinates":[23.631129110000074,37.963924840000061]},"properties":{"FID":122,"Type":"ΟΧΗΜΑ-ΛΟΙΠΑ ΑΙΤΙΑ ΑΝΑΦΕΡΟΜΕΝΑ ΣΤΟ ΟΧΗΜΑ","Municipali":"Δήμος Πειραιώς","Date":"2025/02"}},{"type":"Feature","id":123,"geometry":{"type":"Point","coordinates":[23.531470300000024,38.071693460000063]},"properties":{"FID":123,"Type":"ΑΙΤΙΑ ΥΠΟ ΕΚΔΙΚΑΣΗ","Municipali":"Δήμος Ελευσίνας","Date":"2025/02"}},{"type":"Feature","id":124,"geometry":{"type":"Point","coordinates":[23.806997540000054,38.046637840000074]},"properties":{"FID":124,"Type":"ΑΙΤΙΑ ΥΠΟ ΕΚΔΙΚΑΣΗ","Municipali":"Δήμος Αμαρουσίου","Date":"2025/02"}},{"type":"Feature","id":125,"geometry":{"type":"Point","coordinates":[23.770315960000062,37.990097570000046]},"properties":{"FID":125,"Type":"ΟΔΗΓΟΣ-ΛΟΙΠΑ ΑΙΤΙΑ ΑΝΑΦΕΡΟΜΕΝΑ ΣΕ ΟΔΗΓΟΥΣ","Municipali":"Δήμος Αθηναίων","Date":"2025/02"}},{"type":"Feature","id":126,"geometry":{"type":"Point","coordinates":[23.731125030000044,37.991284050000047]},"properties":{"FID":126,"Type":"ΟΔΗΓΟΣ-ΛΟΙΠΑ ΑΙΤΙΑ ΑΝΑΦΕΡΟΜΕΝΑ ΣΕ ΟΔΗΓΟΥΣ","Municipali":"Δήμος Αθηναίων","Date":"2025/02"}},{"type":"Feature","id":127,"geometry":{"type":"Point","coordinates":[23.723502100000076,38.013006200000063]},"properties":{"FID":127,"Type":"ΟΔΗΓΟΣ-ΑΠΟΣΠΑΣΗ ΤΗΣ ΠΡΟΣΟΧΗΣ ΤΟΥ ΟΔΗΓΟΥ","Municipali":"Δήμος Αθηναίων","Date":"2025/02"}},{"type":"Feature","id":128,"geometry":{"type":"Point","coordinates":[23.766266020000046,37.95641592000004]},"properties":{"FID":128,"Type":"ΠΕΖΟΣ-ΔΕΝ ΒΑΔΙΖΕ ΣΤΙΣ ΔΙΑΒΑΣΕΙΣ","Municipali":"Δήμος Βύρωνα","Date":"2025/02"}},{"type":"Feature","id":129,"geometry":{"type":"Point","coordinates":[23.733353730000033,38.000116710000043]},"properties":{"FID":129,"Type":"ΟΔΗΓΟΣ-ΠΑΡΑΒΙΑΣΗ ΣΗΜΑΤΟΔΟΤΗ","Municipali":"Δήμος Αθηναίων","Date":"2025/02"}},{"type":"Feature","id":130,"geometry":{"type":"Point","coordinates":[23.730865630000039,37.980920950000041]},"properties":{"FID":130,"Type":"ΟΔΗΓΟΣ-ΠΑΡΑΒΙΑΣΗ ΣΗΜΑΤΟΔΟΤΗ","Municipali":"Δήμος Αθηναίων","Date":"2025/02"}},{"type":"Feature","id":131,"geometry":{"type":"Point","coordinates":[23.594931570000028,37.981005880000055]},"properties":{"FID":131,"Type":"ΟΔΗΓΟΣ-ΛΟΙΠΑ ΑΙΤΙΑ ΑΝΑΦΕΡΟΜΕΝΑ ΣΕ ΟΔΗΓΟΥΣ","Municipali":"Δήμος Κερατσινίου - Δραπετσώνας","Date":"2025/02"}},{"type":"Feature","id":132,"geometry":{"type":"Point","coordinates":[23.733348980000073,38.037172780000049]},"properties":{"FID":132,"Type":"ΑΙΤΙΑ ΥΠΟ ΕΚΔΙΚΑΣΗ","Municipali":"Δήμος Νέας Φιλαδέλφειας - Νέας Χαλκηδόνας","Date":"2025/02"}},{"type":"Feature","id":133,"geometry":{"type":"Point","coordinates":[23.726955060000023,37.987174590000052]},"properties":{"FID":133,"Type":"ΟΔΗΓΟΣ-ΛΟΙΠΑ ΑΙΤΙΑ ΑΝΑΦΕΡΟΜΕΝΑ ΣΕ ΟΔΗΓΟΥΣ","Municipali":"Δήμος Αθηναίων","Date":"2025/02"}},{"type":"Feature","id":134,"geometry":{"type":"Point","coordinates":[23.749453430000074,37.988768510000057]},"properties":{"FID":134,"Type":"ΟΔΗΓΟΣ-ΛΟΙΠΑ ΑΙΤΙΑ ΑΝΑΦΕΡΟΜΕΝΑ ΣΕ ΟΔΗΓΟΥΣ","Municipali":"Δήμος Αθηναίων","Date":"2025/01"}},{"type":"Feature","id":135,"geometry":{"type":"Point","coordinates":[23.917343620000054,37.966941020000036]},"properties":{"FID":135,"Type":"ΑΙΤΙΑ ΥΠΟ ΕΚΔΙΚΑΣΗ","Municipali":"Δήμος Σπάτων - Αρτέμιδος","Date":"2025/01"}},{"type":"Feature","id":136,"geometry":{"type":"Point","coordinates":[23.946528490000048,37.937327050000079]},"properties":{"FID":136,"Type":"ΑΙΤΙΑ ΥΠΟ ΕΚΔΙΚΑΣΗ","Municipali":"Δήμος Σπάτων - Αρτέμιδος","Date":"2025/02"}},{"type":"Feature","id":137,"geometry":{"type":"Point","coordinates":[24.04965143000004,37.708454120000056]},"properties":{"FID":137,"Type":"ΑΙΤΙΑ ΥΠΟ ΕΚΔΙΚΑΣΗ","Municipali":"Δήμος Λαυρεωτικής","Date":"2025/02"}},{"type":"Feature","id":138,"geometry":{"type":"Point","coordinates":[23.819239140000036,38.035349030000077]},"properties":{"FID":138,"Type":"ΑΙΤΙΑ ΥΠΟ ΕΚΔΙΚΑΣΗ","Municipali":"Δήμος Αμαρουσίου","Date":"2025/02"}},{"type":"Feature","id":139,"geometry":{"type":"Point","coordinates":[23.725753430000054,37.950386360000039]},"properties":{"FID":139,"Type":"ΟΔΗΓΟΣ-ΛΟΙΠΑ ΑΙΤΙΑ ΑΝΑΦΕΡΟΜΕΝΑ ΣΕ ΟΔΗΓΟΥΣ","Municipali":"Δήμος Δάφνης - Υμηττού","Date":"2025/02"}},{"type":"Feature","id":140,"geometry":{"type":"Point","coordinates":[23.793189530000063,38.003551870000024]},"properties":{"FID":140,"Type":"ΑΙΤΙΑ ΥΠΟ ΕΚΔΙΚΑΣΗ","Municipali":"Δήμος Παπάγου - Χολαργού","Date":"2025/02"}},{"type":"Feature","id":141,"geometry":{"type":"Point","coordinates":[23.486987330000034,37.962640040000053]},"properties":{"FID":141,"Type":"ΑΙΤΙΑ ΥΠΟ ΕΚΔΙΚΑΣΗ","Municipali":"Δήμος Σαλαμίνας","Date":"2025/02"}},{"type":"Feature","id":142,"geometry":{"type":"Point","coordinates":[23.892774580000037,38.398468130000026]},"properties":{"FID":142,"Type":"ΑΙΤΙΑ ΥΠΟ ΕΚΔΙΚΑΣΗ","Municipali":"Δήμος Ερέτριας","Date":"2025/02"}},{"type":"Feature","id":143,"geometry":{"type":"Point","coordinates":[23.638899400000071,38.307767800000079]},"properties":{"FID":143,"Type":"ΑΙΤΙΑ ΥΠΟ ΕΚΔΙΚΑΣΗ","Municipali":"Δήμος Τανάγρας","Date":"2025/02"}},{"type":"Feature","id":144,"geometry":{"type":"Point","coordinates":[23.742163180000034,37.934526090000077]},"properties":{"FID":144,"Type":"ΟΔΗΓΟΣ-ΠΑΡΑΒΙΑΣΗ ΠΡΟΤΕΡΑΙΟΤΗΤΑΣ ΓΕΝΙΚΩΣ","Municipali":"Δήμος Αγίου Δημητρίου","Date":"2025/02"}},{"type":"Feature","id":145,"geometry":{"type":"Point","coordinates":[23.733757690000061,37.977518360000033]},"properties":{"FID":145,"Type":"ΟΔΗΓΟΣ-ΑΠΟΣΠΑΣΗ ΤΗΣ ΠΡΟΣΟΧΗΣ ΤΟΥ ΟΔΗΓΟΥ","Municipali":"Δήμος Αθηναίων","Date":"2025/02"}},{"type":"Feature","id":146,"geometry":{"type":"Point","coordinates":[23.741573240000037,37.996184090000042]},"properties":{"FID":146,"Type":"ΟΔΗΓΟΣ-ΑΠΟΣΠΑΣΗ ΤΗΣ ΠΡΟΣΟΧΗΣ ΤΟΥ ΟΔΗΓΟΥ","Municipali":"Δήμος Αθηναίων","Date":"2025/02"}},{"type":"Feature","id":147,"geometry":{"type":"Point","coordinates":[23.807812930000068,38.043148300000041]},"properties":{"FID":147,"Type":"ΑΙΤΙΑ ΥΠΟ ΕΚΔΙΚΑΣΗ","Municipali":"Δήμος Αμαρουσίου","Date":"2025/02"}},{"type":"Feature","id":148,"geometry":{"type":"Point","coordinates":[23.634520770000051,37.933832210000048]},"properties":{"FID":148,"Type":"ΑΙΤΙΑ ΥΠΟ ΕΚΔΙΚΑΣΗ","Municipali":"Δήμος Πειραιώς","Date":"2025/02"}},{"type":"Feature","id":149,"geometry":{"type":"Point","coordinates":[23.754797100000076,37.914106500000059]},"properties":{"FID":149,"Type":"ΑΙΤΙΑ ΥΠΟ ΕΚΔΙΚΑΣΗ","Municipali":"Δήμος Ελληνικού - Αργυρούπολης","Date":"2025/02"}},{"type":"Feature","id":150,"geometry":{"type":"Point","coordinates":[23.72252941000005,37.922187490000056]},"properties":{"FID":150,"Type":"ΑΙΤΙΑ ΥΠΟ ΕΚΔΙΚΑΣΗ","Municipali":"Δήμος Αγίου Δημητρίου","Date":"2025/02"}},{"type":"Feature","id":151,"geometry":{"type":"Point","coordinates":[23.747066260000054,38.048319190000029]},"properties":{"FID":151,"Type":"ΑΙΤΙΑ ΥΠΟ ΕΚΔΙΚΑΣΗ","Municipali":"Δήμος Νέας Φιλαδέλφειας - Νέας Χαλκηδόνας","Date":"2025/02"}},{"type":"Feature","id":152,"geometry":{"type":"Point","coordinates":[23.709740640000064,37.950644400000044]},"properties":{"FID":152,"Type":"ΟΔΗΓΟΣ-ΕΣΦΑΛΜΕΝΗ ΑΠΟΦΕΥΚΤΙΚΗ ΕΝΕΡΓΕΙΑ","Municipali":"Δήμος Νέας Σμύρνης","Date":"2025/02"}},{"type":"Feature","id":153,"geometry":{"type":"Point","coordinates":[23.677350280000041,37.96843812000003]},"properties":{"FID":153,"Type":"ΑΙΤΙΑ ΥΠΟ ΕΚΔΙΚΑΣΗ","Municipali":"Δήμος Νίκαιας - Αγίου Ιωάννη Ρέντη","Date":"2025/02"}},{"type":"Feature","id":154,"geometry":{"type":"Point","coordinates":[23.812297580000063,38.073188420000065]},"properties":{"FID":154,"Type":"ΑΙΤΙΑ ΥΠΟ ΕΚΔΙΚΑΣΗ","Municipali":"Δήμος Κηφισιάς","Date":"2025/02"}},{"type":"Feature","id":155,"geometry":{"type":"Point","coordinates":[23.858184810000068,37.949438820000069]},"properties":{"FID":155,"Type":"ΑΙΤΙΑ ΥΠΟ ΕΚΔΙΚΑΣΗ","Municipali":"Δήμος Παιανίας","Date":"2025/02"}},{"type":"Feature","id":156,"geometry":{"type":"Point","coordinates":[23.724386210000034,38.002971270000046]},"properties":{"FID":156,"Type":"ΟΔΗΓΟΣ-ΑΠΟΣΠΑΣΗ ΤΗΣ ΠΡΟΣΟΧΗΣ ΤΟΥ ΟΔΗΓΟΥ","Municipali":"Δήμος Αθηναίων","Date":"2025/02"}},{"type":"Feature","id":157,"geometry":{"type":"Point","coordinates":[23.738573810000048,37.969332940000072]},"properties":{"FID":157,"Type":"ΟΔΗΓΟΣ-ΑΠΟΣΠΑΣΗ ΤΗΣ ΠΡΟΣΟΧΗΣ ΤΟΥ ΟΔΗΓΟΥ","Municipali":"Δήμος Αθηναίων","Date":"2025/02"}},{"type":"Feature","id":158,"geometry":{"type":"Point","coordinates":[23.700025680000067,37.964661490000026]},"properties":{"FID":158,"Type":"ΟΔΗΓΟΣ-ΚΙΝΗΣΗ ΣΤΟ ΑΝΤΙΘΕΤΟ ΡΕΥΜΑ","Municipali":"Δήμος Μοσχάτου-Ταύρου","Date":"2025/02"}},{"type":"Feature","id":159,"geometry":{"type":"Point","coordinates":[23.748730210000076,38.013949690000061]},"properties":{"FID":159,"Type":"ΑΙΤΙΑ ΥΠΟ ΕΚΔΙΚΑΣΗ","Municipali":"Δήμος Γαλατσίου","Date":"2025/01"}},{"type":"Feature","id":160,"geometry":{"type":"Point","coordinates":[23.763449000000037,37.979576910000048]},"properties":{"FID":160,"Type":"ΑΙΤΙΑ ΥΠΟ ΕΚΔΙΚΑΣΗ","Municipali":"Δήμος Ζωγράφου","Date":"2025/02"}},{"type":"Feature","id":161,"geometry":{"type":"Point","coordinates":[23.734977100000037,38.009607200000062]},"properties":{"FID":161,"Type":"ΑΙΤΙΑ ΥΠΟ ΕΚΔΙΚΑΣΗ","Municipali":"Δήμος Αθηναίων","Date":"2025/01"}},{"type":"Feature","id":162,"geometry":{"type":"Point","coordinates":[23.728160710000054,37.960977270000058]},"properties":{"FID":162,"Type":"ΟΔΗΓΟΣ-ΛΟΙΠΕΣ ΠΑΡΑΒΙΑΣΕΙΣ ΣΗΜΑΝΣΕΩΝ ΕΝ ΓΕΝΕΙ","Municipali":"Δήμος Αθηναίων","Date":"2025/02"}},{"type":"Feature","id":163,"geometry":{"type":"Point","coordinates":[23.721950210000045,37.985421200000076]},"properties":{"FID":163,"Type":"ΟΔΗΓΟΣ-ΛΟΙΠΑ ΑΙΤΙΑ ΑΝΑΦΕΡΟΜΕΝΑ ΣΕ ΟΔΗΓΟΥΣ","Municipali":"Δήμος Αθηναίων","Date":"2025/02"}},{"type":"Feature","id":164,"geometry":{"type":"Point","coordinates":[23.705277500000022,38.000925300000063]},"properties":{"FID":164,"Type":"ΟΔΗΓΟΣ-ΑΠΟΣΠΑΣΗ ΤΗΣ ΠΡΟΣΟΧΗΣ ΤΟΥ ΟΔΗΓΟΥ","Municipali":"Δήμος Αθηναίων","Date":"2025/02"}},{"type":"Feature","id":165,"geometry":{"type":"Point","coordinates":[23.742981900000075,37.999096100000031]},"properties":{"FID":165,"Type":"ΟΔΗΓΟΣ-ΑΠΟΣΠΑΣΗ ΤΗΣ ΠΡΟΣΟΧΗΣ ΤΟΥ ΟΔΗΓΟΥ","Municipali":"Δήμος Αθηναίων","Date":"2025/02"}},{"type":"Feature","id":166,"geometry":{"type":"Point","coordinates":[23.698008660000028,37.920731770000032]},"properties":{"FID":166,"Type":"ΟΔΗΓΟΣ-ΑΠΟΣΠΑΣΗ ΤΗΣ ΠΡΟΣΟΧΗΣ ΤΟΥ ΟΔΗΓΟΥ","Municipali":"Δήμος Παλαιού Φαλήρου","Date":"2025/02"}},{"type":"Feature","id":167,"geometry":{"type":"Point","coordinates":[23.738406000000055,38.002629600000034]},"properties":{"FID":167,"Type":"ΟΔΗΓΟΣ-ΛΟΙΠΕΣ ΠΑΡΑΒΙΑΣΕΙΣ ΣΗΜΑΝΣΕΩΝ ΕΝ ΓΕΝΕΙ","Municipali":"Δήμος Αθηναίων","Date":"2025/02"}},{"type":"Feature","id":168,"geometry":{"type":"Point","coordinates":[23.644670000000076,37.969078000000025]},"properties":{"FID":168,"Type":"ΑΙΤΙΑ ΥΠΟ ΕΚΔΙΚΑΣΗ","Municipali":"Δήμος Νίκαιας - Αγίου Ιωάννη Ρέντη","Date":"2025/02"}},{"type":"Feature","id":169,"geometry":{"type":"Point","coordinates":[23.780302300000074,38.06814890000004]},"properties":{"FID":169,"Type":"ΑΙΤΙΑ ΥΠΟ ΕΚΔΙΚΑΣΗ","Municipali":"Δήμος Λυκόβρυσης - Πεύκης","Date":"2025/02"}},{"type":"Feature","id":170,"geometry":{"type":"Point","coordinates":[23.695959450000032,38.054537290000042]},"properties":{"FID":170,"Type":"ΑΙΤΙΑ ΥΠΟ ΕΚΔΙΚΑΣΗ","Municipali":"Δήμος Αγίων Αναργύρων – Καματερού","Date":"2025/02"}},{"type":"Feature","id":171,"geometry":{"type":"Point","coordinates":[23.894636030000072,37.980701300000078]},"properties":{"FID":171,"Type":"ΟΔΗΓΟΣ-ΑΝΤΙΚΑΝΟΝΙΚΟ ΠΡΟΣΠΕΡΑΣΜΑ","Municipali":"Δήμος Παιανίας","Date":"2025/02"}},{"type":"Feature","id":172,"geometry":{"type":"Point","coordinates":[23.761324880000075,37.940373090000037]},"properties":{"FID":172,"Type":"ΟΔΗΓΟΣ-ΠΑΡΑΒΙΑΣΗ ΣΗΜΑΤΟΔΟΤΗ","Municipali":"Δήμος Ηλιούπολης","Date":"2025/02"}},{"type":"Feature","id":173,"geometry":{"type":"Point","coordinates":[24.054688810000073,37.714160090000064]},"properties":{"FID":173,"Type":"ΑΙΤΙΑ ΥΠΟ ΕΚΔΙΚΑΣΗ","Municipali":"Δήμος Λαυρεωτικής","Date":"2025/02"}},{"type":"Feature","id":174,"geometry":{"type":"Point","coordinates":[23.525118830000054,37.964433110000073]},"properties":{"FID":174,"Type":"ΑΙΤΙΑ ΥΠΟ ΕΚΔΙΚΑΣΗ","Municipali":"Δήμος Σαλαμίνας","Date":"2025/02"}},{"type":"Feature","id":175,"geometry":{"type":"Point","coordinates":[23.678621650000025,38.001899090000052]},"properties":{"FID":175,"Type":"ΑΙΤΙΑ ΥΠΟ ΕΚΔΙΚΑΣΗ","Municipali":"Δήμος Αιγάλεω","Date":"2025/02"}},{"type":"Feature","id":176,"geometry":{"type":"Point","coordinates":[23.638629910000077,37.951287370000045]},"properties":{"FID":176,"Type":"ΟΔΗΓΟΣ-ΟΔΗΓΗΣΗ ΣΕ ΚΑΤΑΣΤΑΣΗ ΜΕΘΗΣ","Municipali":"Δήμος Πειραιώς","Date":"2025/02"}},{"type":"Feature","id":177,"geometry":{"type":"Point","coordinates":[23.717395660000022,37.935710760000063]},"properties":{"FID":177,"Type":"ΑΙΤΙΑ ΥΠΟ ΕΚΔΙΚΑΣΗ","Municipali":"Δήμος Νέας Σμύρνης","Date":"2025/02"}},{"type":"Feature","id":178,"geometry":{"type":"Point","coordinates":[23.799685840000052,38.037677070000029]},"properties":{"FID":178,"Type":"ΑΙΤΙΑ ΥΠΟ ΕΚΔΙΚΑΣΗ","Municipali":"Δήμος Αμαρουσίου","Date":"2025/02"}},{"type":"Feature","id":179,"geometry":{"type":"Point","coordinates":[23.833036420000042,38.099121470000057]},"properties":{"FID":179,"Type":"ΑΙΤΙΑ ΥΠΟ ΕΚΔΙΚΑΣΗ","Municipali":"Δήμος Κηφισιάς","Date":"2025/02"}},{"type":"Feature","id":180,"geometry":{"type":"Point","coordinates":[23.708850150000046,38.019016890000046]},"properties":{"FID":180,"Type":"ΑΙΤΙΑ ΥΠΟ ΕΚΔΙΚΑΣΗ","Municipali":"Δήμος Ιλίου","Date":"2025/02"}},{"type":"Feature","id":181,"geometry":{"type":"Point","coordinates":[23.735714610000059,37.975330590000056]},"properties":{"FID":181,"Type":"ΟΔΗΓΟΣ-ΑΠΟΣΠΑΣΗ ΤΗΣ ΠΡΟΣΟΧΗΣ ΤΟΥ ΟΔΗΓΟΥ","Municipali":"Δήμος Αθηναίων","Date":"2025/01"}},{"type":"Feature","id":182,"geometry":{"type":"Point","coordinates":[23.753537400000027,37.983156700000052]},"properties":{"FID":182,"Type":"ΟΔΗΓΟΣ-ΛΟΙΠΑ ΑΙΤΙΑ ΑΝΑΦΕΡΟΜΕΝΑ ΣΕ ΟΔΗΓΟΥΣ","Municipali":"Δήμος Αθηναίων","Date":"2025/02"}},{"type":"Feature","id":183,"geometry":{"type":"Point","coordinates":[23.724964890000024,37.982679960000041]},"properties":{"FID":183,"Type":"ΟΔΗΓΟΣ-ΠΑΡΑΒΙΑΣΗ ΣΗΜΑΤΟΔΟΤΗ","Municipali":"Δήμος Αθηναίων","Date":"2025/01"}},{"type":"Feature","id":184,"geometry":{"type":"Point","coordinates":[23.766138600000033,38.048310100000037]},"properties":{"FID":184,"Type":"ΑΙΤΙΑ ΥΠΟ ΕΚΔΙΚΑΣΗ","Municipali":"Δήμος Ηρακλείου Αττικής","Date":"2025/02"}},{"type":"Feature","id":185,"geometry":{"type":"Point","coordinates":[23.696533440000053,38.02021287000008]},"properties":{"FID":185,"Type":"ΑΙΤΙΑ ΥΠΟ ΕΚΔΙΚΑΣΗ","Municipali":"Δήμος Περιστερίου","Date":"2025/02"}},{"type":"Feature","id":186,"geometry":{"type":"Point","coordinates":[23.788205980000043,38.006747430000075]},"properties":{"FID":186,"Type":"ΟΔΗΓΟΣ-ΛΟΙΠΕΣ ΠΑΡΑΒΙΑΣΕΙΣ ΣΗΜΑΝΣΕΩΝ ΕΝ ΓΕΝΕΙ","Municipali":"Δήμος Φιλοθέης - Ψυχικού","Date":"2025/01"}},{"type":"Feature","id":187,"geometry":{"type":"Point","coordinates":[23.648098110000035,37.950043730000061]},"properties":{"FID":187,"Type":"ΟΔΗΓΟΣ-ΠΑΡΑΒΙΑΣΗ ΠΡΟΤΕΡΑΙΟΤΗΤΑΣ ΓΕΝΙΚΩΣ","Municipali":"Δήμος Πειραιώς","Date":"2025/01"}},{"type":"Feature","id":188,"geometry":{"type":"Point","coordinates":[23.774553540000056,37.995169220000037]},"properties":{"FID":188,"Type":"ΟΔΗΓΟΣ-ΠΑΡΑΒΙΑΣΗ ΠΡΟΤΕΡΑΙΟΤΗΤΑΣ ΓΕΝΙΚΩΣ","Municipali":"Δήμος Αθηναίων","Date":"2025/01"}},{"type":"Feature","id":189,"geometry":{"type":"Point","coordinates":[23.745113610000033,37.910642500000051]},"properties":{"FID":189,"Type":"ΑΙΤΙΑ ΥΠΟ ΕΚΔΙΚΑΣΗ","Municipali":"Δήμος Ελληνικού - Αργυρούπολης","Date":"2025/01"}},{"type":"Feature","id":190,"geometry":{"type":"Point","coordinates":[23.811492920000035,38.01136721000006]},"properties":{"FID":190,"Type":"ΑΙΤΙΑ ΥΠΟ ΕΚΔΙΚΑΣΗ","Municipali":"Δήμος Χαλανδρίου","Date":"2025/01"}},{"type":"Feature","id":191,"geometry":{"type":"Point","coordinates":[23.735354960000052,38.013829980000025]},"properties":{"FID":191,"Type":"ΟΔΗΓΟΣ-ΑΠΟΣΠΑΣΗ ΤΗΣ ΠΡΟΣΟΧΗΣ ΤΟΥ ΟΔΗΓΟΥ","Municipali":"Δήμος Αθηναίων","Date":"2025/01"}},{"type":"Feature","id":192,"geometry":{"type":"Point","coordinates":[23.73692101000006,37.990952450000066]},"properties":{"FID":192,"Type":"ΟΔΗΓΟΣ-ΑΠΟΣΠΑΣΗ ΤΗΣ ΠΡΟΣΟΧΗΣ ΤΟΥ ΟΔΗΓΟΥ","Municipali":"Δήμος Αθηναίων","Date":"2025/01"}},{"type":"Feature","id":193,"geometry":{"type":"Point","coordinates":[23.703770040000052,37.946591890000036]},"properties":{"FID":193,"Type":"ΑΙΤΙΑ ΥΠΟ ΕΚΔΙΚΑΣΗ","Municipali":"Δήμος Νέας Σμύρνης","Date":"2025/01"}},{"type":"Feature","id":194,"geometry":{"type":"Point","coordinates":[23.682827350000025,38.006760110000073]},"properties":{"FID":194,"Type":"ΑΙΤΙΑ ΥΠΟ ΕΚΔΙΚΑΣΗ","Municipali":"Δήμος Περιστερίου","Date":"2025/01"}},{"type":"Feature","id":195,"geometry":{"type":"Point","coordinates":[23.685665130000075,38.041525980000074]},"properties":{"FID":195,"Type":"ΑΙΤΙΑ ΥΠΟ ΕΚΔΙΚΑΣΗ","Municipali":"Δήμος Πετρούπολης","Date":"2025/01"}},{"type":"Feature","id":196,"geometry":{"type":"Point","coordinates":[23.816363810000041,37.845240360000048]},"properties":{"FID":196,"Type":"ΑΙΤΙΑ ΥΠΟ ΕΚΔΙΚΑΣΗ","Municipali":"Δήμος Κρωπίας","Date":"2025/01"}},{"type":"Feature","id":197,"geometry":{"type":"Point","coordinates":[23.755822000000023,37.946604900000068]},"properties":{"FID":197,"Type":"ΑΙΤΙΑ ΥΠΟ ΕΚΔΙΚΑΣΗ","Municipali":"Δήμος Ηλιούπολης","Date":"2025/01"}},{"type":"Feature","id":198,"geometry":{"type":"Point","coordinates":[23.746283050000045,37.901406910000048]},"properties":{"FID":198,"Type":"ΟΔΗΓΟΣ-ΜΗ ΤΗΡΗΣΗ ΑΠΟΣΤΑΣΗΣ ΑΣΦΑΛΕΙΑΣ","Municipali":"Δήμος Ελληνικού - Αργυρούπολης","Date":"2025/01"}},{"type":"Feature","id":199,"geometry":{"type":"Point","coordinates":[23.752066400000047,37.999912300000062]},"properties":{"FID":199,"Type":"ΟΔΗΓΟΣ-ΑΠΟΣΠΑΣΗ ΤΗΣ ΠΡΟΣΟΧΗΣ ΤΟΥ ΟΔΗΓΟΥ","Municipali":"Δήμος Αθηναίων","Date":"2025/01"}},{"type":"Feature","id":200,"geometry":{"type":"Point","coordinates":[23.735773400000028,38.021307200000024]},"properties":{"FID":200,"Type":"ΟΔΗΓΟΣ-ΑΠΟΣΠΑΣΗ ΤΗΣ ΠΡΟΣΟΧΗΣ ΤΟΥ ΟΔΗΓΟΥ","Municipali":"Δήμος Αθηναίων","Date":"2025/01"}},{"type":"Feature","id":201,"geometry":{"type":"Point","coordinates":[23.77004850000003,37.944991100000038]},"properties":{"FID":201,"Type":"ΟΔΗΓΟΣ-ΑΠΟΣΠΑΣΗ ΤΗΣ ΠΡΟΣΟΧΗΣ ΤΟΥ ΟΔΗΓΟΥ","Municipali":"Δήμος Βύρωνα","Date":"2025/01"}},{"type":"Feature","id":202,"geometry":{"type":"Point","coordinates":[23.823745250000059,38.010881150000046]},"properties":{"FID":202,"Type":"ΑΙΤΙΑ ΥΠΟ ΕΚΔΙΚΑΣΗ","Municipali":"Δήμος Αγίας Παρασκευής","Date":"2025/01"}},{"type":"Feature","id":203,"geometry":{"type":"Point","coordinates":[23.690975900000069,37.937999650000052]},"properties":{"FID":203,"Type":"ΑΙΤΙΑ ΥΠΟ ΕΚΔΙΚΑΣΗ","Municipali":"Δήμος Καλλιθέας","Date":"2025/01"}},{"type":"Feature","id":204,"geometry":{"type":"Point","coordinates":[23.742473330000053,37.989876790000039]},"properties":{"FID":204,"Type":"ΑΙΤΙΑ ΥΠΟ ΕΚΔΙΚΑΣΗ","Municipali":"Δήμος Αθηναίων","Date":"2025/01"}},{"type":"Feature","id":205,"geometry":{"type":"Point","coordinates":[23.675730230000056,38.288572400000078]},"properties":{"FID":205,"Type":"ΟΔΗΓΟΣ-ΠΑΡΑΒΙΑΣΗ ΠΡΟΤΕΡΑΙΟΤΗΤΑΣ ΓΕΝΙΚΩΣ","Municipali":"Δήμος Ωρωπού","Date":"2025/01"}},{"type":"Feature","id":206,"geometry":{"type":"Point","coordinates":[23.721955420000029,37.921485020000034]},"properties":{"FID":206,"Type":"ΑΙΤΙΑ ΥΠΟ ΕΚΔΙΚΑΣΗ","Municipali":"Δήμος Αγίου Δημητρίου","Date":"2025/01"}},{"type":"Feature","id":207,"geometry":{"type":"Point","coordinates":[23.771243690000063,38.064395610000076]},"properties":{"FID":207,"Type":"ΑΙΤΙΑ ΥΠΟ ΕΚΔΙΚΑΣΗ","Municipali":"Δήμος Μεταμορφώσεως","Date":"2025/01"}},{"type":"Feature","id":208,"geometry":{"type":"Point","coordinates":[23.809347150000065,38.019756460000053]},"properties":{"FID":208,"Type":"ΑΙΤΙΑ ΥΠΟ ΕΚΔΙΚΑΣΗ","Municipali":"Δήμος Χαλανδρίου","Date":"2025/01"}},{"type":"Feature","id":209,"geometry":{"type":"Point","coordinates":[23.959894180000049,38.087046980000025]},"properties":{"FID":209,"Type":"ΑΙΤΙΑ ΥΠΟ ΕΚΔΙΚΑΣΗ","Municipali":"Δήμος Μαραθώνος","Date":"2025/01"}},{"type":"Feature","id":210,"geometry":{"type":"Point","coordinates":[23.592103100000031,37.96219160000004]},"properties":{"FID":210,"Type":"ΑΙΤΙΑ ΥΠΟ ΕΚΔΙΚΑΣΗ","Municipali":"Δήμος Περάματος","Date":"2025/01"}},{"type":"Feature","id":211,"geometry":{"type":"Point","coordinates":[23.632549290000043,37.953629360000036]},"properties":{"FID":211,"Type":"ΑΙΤΙΑ ΥΠΟ ΕΚΔΙΚΑΣΗ","Municipali":"Δήμος Πειραιώς","Date":"2025/01"}},{"type":"Feature","id":212,"geometry":{"type":"Point","coordinates":[23.648275140000067,37.939645410000026]},"properties":{"FID":212,"Type":"ΑΙΤΙΑ ΥΠΟ ΕΚΔΙΚΑΣΗ","Municipali":"Δήμος Πειραιώς","Date":"2025/01"}},{"type":"Feature","id":213,"geometry":{"type":"Point","coordinates":[23.884250520000023,37.930455770000037]},"properties":{"FID":213,"Type":"ΑΙΤΙΑ ΥΠΟ ΕΚΔΙΚΑΣΗ","Municipali":"Δήμος Κρωπίας","Date":"2025/01"}},{"type":"Feature","id":214,"geometry":{"type":"Point","coordinates":[23.85317445000004,38.014989280000066]},"properties":{"FID":214,"Type":"ΟΔΗΓΟΣ-ΛΟΙΠΕΣ ΠΑΡΑΒΙΑΣΕΙΣ ΣΗΜΑΝΣΕΩΝ ΕΝ ΓΕΝΕΙ","Municipali":"Δήμος Παλλήνης","Date":"2025/01"}},{"type":"Feature","id":215,"geometry":{"type":"Point","coordinates":[23.748527980000063,38.00435697000006]},"properties":{"FID":215,"Type":"ΟΔΗΓΟΣ-ΑΠΟΣΠΑΣΗ ΤΗΣ ΠΡΟΣΟΧΗΣ ΤΟΥ ΟΔΗΓΟΥ","Municipali":"Δήμος Αθηναίων","Date":"2025/01"}},{"type":"Feature","id":216,"geometry":{"type":"Point","coordinates":[23.793414830000074,38.003788590000056]},"properties":{"FID":216,"Type":"ΑΙΤΙΑ ΥΠΟ ΕΚΔΙΚΑΣΗ","Municipali":"Δήμος Παπάγου - Χολαργού","Date":"2025/01"}},{"type":"Feature","id":217,"geometry":{"type":"Point","coordinates":[23.861290810000071,38.109421200000043]},"properties":{"FID":217,"Type":"ΑΙΤΙΑ ΥΠΟ ΕΚΔΙΚΑΣΗ","Municipali":"Δήμος Διονύσου","Date":"2025/01"}},{"type":"Feature","id":218,"geometry":{"type":"Point","coordinates":[23.734843300000023,37.948351100000025]},"properties":{"FID":218,"Type":"ΟΔΗΓΟΣ-ΕΣΦΑΛΜΕΝΗ ΑΠΟΦΕΥΚΤΙΚΗ ΕΝΕΡΓΕΙΑ","Municipali":"Δήμος Δάφνης - Υμηττού","Date":"2025/01"}},{"type":"Feature","id":219,"geometry":{"type":"Point","coordinates":[23.752676930000064,38.018743370000038]},"properties":{"FID":219,"Type":"ΟΔΗΓΟΣ-ΑΠΟΣΠΑΣΗ ΤΗΣ ΠΡΟΣΟΧΗΣ ΤΟΥ ΟΔΗΓΟΥ","Municipali":"Δήμος Γαλατσίου","Date":"2025/01"}},{"type":"Feature","id":220,"geometry":{"type":"Point","coordinates":[23.76795579000003,37.978410140000051]},"properties":{"FID":220,"Type":"ΟΔΗΓΟΣ-ΛΟΙΠΑ ΑΙΤΙΑ ΑΝΑΦΕΡΟΜΕΝΑ ΣΕ ΟΔΗΓΟΥΣ","Municipali":"Δήμος Ζωγράφου","Date":"2025/01"}},{"type":"Feature","id":221,"geometry":{"type":"Point","coordinates":[23.747141700000043,37.963632600000039]},"properties":{"FID":221,"Type":"ΟΔΗΓΟΣ-ΛΟΙΠΑ ΑΙΤΙΑ ΑΝΑΦΕΡΟΜΕΝΑ ΣΕ ΟΔΗΓΟΥΣ","Municipali":"Δήμος Αθηναίων","Date":"2025/01"}},{"type":"Feature","id":222,"geometry":{"type":"Point","coordinates":[23.742541440000025,37.997190580000051]},"properties":{"FID":222,"Type":"ΟΔΗΓΟΣ-ΑΠΟΣΠΑΣΗ ΤΗΣ ΠΡΟΣΟΧΗΣ ΤΟΥ ΟΔΗΓΟΥ","Municipali":"Δήμος Αθηναίων","Date":"2025/01"}},{"type":"Feature","id":223,"geometry":{"type":"Point","coordinates":[23.721879600000022,38.004345400000034]},"properties":{"FID":223,"Type":"ΟΔΗΓΟΣ-ΑΠΟΣΠΑΣΗ ΤΗΣ ΠΡΟΣΟΧΗΣ ΤΟΥ ΟΔΗΓΟΥ","Municipali":"Δήμος Αθηναίων","Date":"2025/01"}},{"type":"Feature","id":224,"geometry":{"type":"Point","coordinates":[23.784606740000072,37.981722490000038]},"properties":{"FID":224,"Type":"ΟΔΗΓΟΣ-ΠΑΡΑΒΙΑΣΗ ΣΗΜΑΤΟΔΟΤΗ","Municipali":"Δήμος Ζωγράφου","Date":"2025/01"}},{"type":"Feature","id":225,"geometry":{"type":"Point","coordinates":[23.729014860000063,37.983188990000031]},"properties":{"FID":225,"Type":"ΟΔΗΓΟΣ-ΠΑΡΑΒΙΑΣΗ ΣΗΜΑΤΟΔΟΤΗ","Municipali":"Δήμος Αθηναίων","Date":"2025/01"}},{"type":"Feature","id":226,"geometry":{"type":"Point","coordinates":[23.806745410000076,38.043275040000026]},"properties":{"FID":226,"Type":"ΑΙΤΙΑ ΥΠΟ ΕΚΔΙΚΑΣΗ","Municipali":"Δήμος Αμαρουσίου","Date":"2025/01"}},{"type":"Feature","id":227,"geometry":{"type":"Point","coordinates":[23.711328510000044,38.031508240000051]},"properties":{"FID":227,"Type":"ΑΙΤΙΑ ΥΠΟ ΕΚΔΙΚΑΣΗ","Municipali":"Δήμος Ιλίου","Date":"2025/01"}},{"type":"Feature","id":228,"geometry":{"type":"Point","coordinates":[23.70592060000007,38.085056900000041]},"properties":{"FID":228,"Type":"ΑΙΤΙΑ ΥΠΟ ΕΚΔΙΚΑΣΗ","Municipali":"Δήμος Φυλής","Date":"2025/01"}},{"type":"Feature","id":229,"geometry":{"type":"Point","coordinates":[23.728301530000067,38.025968530000057]},"properties":{"FID":229,"Type":"ΑΙΤΙΑ ΥΠΟ ΕΚΔΙΚΑΣΗ","Municipali":"Δήμος Νέας Φιλαδέλφειας - Νέας Χαλκηδόνας","Date":"2025/01"}},{"type":"Feature","id":230,"geometry":{"type":"Point","coordinates":[23.731074770000077,38.015988850000042]},"properties":{"FID":230,"Type":"ΟΔΗΓΟΣ-ΛΟΙΠΑ ΑΙΤΙΑ ΑΝΑΦΕΡΟΜΕΝΑ ΣΕ ΟΔΗΓΟΥΣ","Municipali":"Δήμος Αθηναίων","Date":"2025/01"}},{"type":"Feature","id":231,"geometry":{"type":"Point","coordinates":[23.779178580000064,37.982008940000071]},"properties":{"FID":231,"Type":"ΟΔΗΓΟΣ-ΑΠΟΣΠΑΣΗ ΤΗΣ ΠΡΟΣΟΧΗΣ ΤΟΥ ΟΔΗΓΟΥ","Municipali":"Δήμος Ζωγράφου","Date":"2025/01"}},{"type":"Feature","id":232,"geometry":{"type":"Point","coordinates":[23.742222070000025,37.97542240000007]},"properties":{"FID":232,"Type":"ΟΔΗΓΟΣ-ΛΟΙΠΑ ΑΙΤΙΑ ΑΝΑΦΕΡΟΜΕΝΑ ΣΕ ΟΔΗΓΟΥΣ","Municipali":"Δήμος Αθηναίων","Date":"2025/01"}},{"type":"Feature","id":233,"geometry":{"type":"Point","coordinates":[23.771323480000035,37.990852450000034]},"properties":{"FID":233,"Type":"ΟΔΗΓΟΣ-ΛΟΙΠΑ ΑΙΤΙΑ ΑΝΑΦΕΡΟΜΕΝΑ ΣΕ ΟΔΗΓΟΥΣ","Municipali":"Δήμος Αθηναίων","Date":"2025/01"}},{"type":"Feature","id":234,"geometry":{"type":"Point","coordinates":[23.716467500000078,37.984184130000074]},"properties":{"FID":234,"Type":"ΟΔΗΓΟΣ-ΛΟΙΠΑ ΑΙΤΙΑ ΑΝΑΦΕΡΟΜΕΝΑ ΣΕ ΟΔΗΓΟΥΣ","Municipali":"Δήμος Αθηναίων","Date":"2025/01"}},{"type":"Feature","id":235,"geometry":{"type":"Point","coordinates":[23.753453000000036,37.847395800000072]},"properties":{"FID":235,"Type":"ΑΙΤΙΑ ΥΠΟ ΕΚΔΙΚΑΣΗ","Municipali":"Δήμος Βάρης - Βούλας - Βουλιαγμένης","Date":"2025/01"}},{"type":"Feature","id":236,"geometry":{"type":"Point","coordinates":[23.647704700000077,37.951753600000075]},"properties":{"FID":236,"Type":"ΑΙΤΙΑ ΥΠΟ ΕΚΔΙΚΑΣΗ","Municipali":"Δήμος Πειραιώς","Date":"2025/01"}},{"type":"Feature","id":237,"geometry":{"type":"Point","coordinates":[23.640158660000054,37.965364260000058]},"properties":{"FID":237,"Type":"ΟΔΗΓΟΣ-ΛΟΙΠΕΣ ΠΑΡΑΒΙΑΣΕΙΣ ΣΗΜΑΝΣΕΩΝ ΕΝ ΓΕΝΕΙ","Municipali":"Δήμος Νίκαιας - Αγίου Ιωάννη Ρέντη","Date":"2025/01"}},{"type":"Feature","id":238,"geometry":{"type":"Point","coordinates":[23.657737970000028,37.972058080000068]},"properties":{"FID":238,"Type":"ΟΔΗΓΟΣ-ΛΟΙΠΕΣ ΠΑΡΑΒΙΑΣΕΙΣ ΣΗΜΑΝΣΕΩΝ ΕΝ ΓΕΝΕΙ","Municipali":"Δήμος Νίκαιας - Αγίου Ιωάννη Ρέντη","Date":"2025/01"}},{"type":"Feature","id":239,"geometry":{"type":"Point","coordinates":[23.656997680000075,37.961802460000058]},"properties":{"FID":239,"Type":"ΟΔΗΓΟΣ-ΠΑΡΑΒΙΑΣΗ ΠΡΟΤΕΡΑΙΟΤΗΤΑΣ ΓΕΝΙΚΩΣ","Municipali":"Δήμος Πειραιώς","Date":"2025/01"}},{"type":"Feature","id":240,"geometry":{"type":"Point","coordinates":[23.731804490000059,38.051521240000056]},"properties":{"FID":240,"Type":"ΑΙΤΙΑ ΥΠΟ ΕΚΔΙΚΑΣΗ","Municipali":"Δήμος Αγίων Αναργύρων – Καματερού","Date":"2025/01"}},{"type":"Feature","id":241,"geometry":{"type":"Point","coordinates":[23.657512660000066,37.949273850000054]},"properties":{"FID":241,"Type":"ΑΙΤΙΑ ΥΠΟ ΕΚΔΙΚΑΣΗ","Municipali":"Δήμος Πειραιώς","Date":"2025/01"}},{"type":"Feature","id":242,"geometry":{"type":"Point","coordinates":[23.782138820000057,38.050828460000048]},"properties":{"FID":242,"Type":"ΟΔΗΓΟΣ-ΛΟΙΠΑ ΑΙΤΙΑ ΑΝΑΦΕΡΟΜΕΝΑ ΣΕ ΟΔΗΓΟΥΣ","Municipali":"Δήμος Ηρακλείου Αττικής","Date":"2025/01"}},{"type":"Feature","id":243,"geometry":{"type":"Point","coordinates":[23.753347990000066,38.065865380000048]},"properties":{"FID":243,"Type":"ΟΔΗΓΟΣ-ΠΑΡΑΒΙΑΣΗ ΠΡΟΤΕΡΑΙΟΤΗΤΑΣ ΓΕΝΙΚΩΣ","Municipali":"Δήμος Μεταμορφώσεως","Date":"2025/01"}},{"type":"Feature","id":244,"geometry":{"type":"Point","coordinates":[23.738883400000077,37.936616900000047]},"properties":{"FID":244,"Type":"ΟΔΗΓΟΣ-ΠΑΡΑΒΙΑΣΗ ΠΡΟΤΕΡΑΙΟΤΗΤΑΣ ΓΕΝΙΚΩΣ","Municipali":"Δήμος Αγίου Δημητρίου","Date":"2025/01"}},{"type":"Feature","id":245,"geometry":{"type":"Point","coordinates":[23.544044490000033,38.04550566000006]},"properties":{"FID":245,"Type":"ΑΙΤΙΑ ΥΠΟ ΕΚΔΙΚΑΣΗ","Municipali":"Δήμος Ελευσίνας","Date":"2025/01"}},{"type":"Feature","id":246,"geometry":{"type":"Point","coordinates":[23.793532850000076,38.045852080000031]},"properties":{"FID":246,"Type":"ΑΙΤΙΑ ΥΠΟ ΕΚΔΙΚΑΣΗ","Municipali":"Δήμος Αμαρουσίου","Date":"2025/01"}},{"type":"Feature","id":247,"geometry":{"type":"Point","coordinates":[23.64111900000006,37.953647680000074]},"properties":{"FID":247,"Type":"ΟΔΗΓΟΣ-ΛΟΙΠΑ ΑΙΤΙΑ ΑΝΑΦΕΡΟΜΕΝΑ ΣΕ ΟΔΗΓΟΥΣ","Municipali":"Δήμος Πειραιώς","Date":"2025/01"}},{"type":"Feature","id":248,"geometry":{"type":"Point","coordinates":[23.923029900000074,37.861234230000036]},"properties":{"FID":248,"Type":"ΑΙΤΙΑ ΥΠΟ ΕΚΔΙΚΑΣΗ","Municipali":"Δήμος Μαρκόπουλου Μεσογαίας","Date":"2025/01"}},{"type":"Feature","id":249,"geometry":{"type":"Point","coordinates":[23.725394010000059,38.044381910000027]},"properties":{"FID":249,"Type":"ΑΙΤΙΑ ΥΠΟ ΕΚΔΙΚΑΣΗ","Municipali":"Δήμος Ιλίου","Date":"2025/01"}},{"type":"Feature","id":250,"geometry":{"type":"Point","coordinates":[23.621249200000022,37.958765670000048]},"properties":{"FID":250,"Type":"ΟΔΗΓΟΣ-ΛΟΙΠΑ ΑΙΤΙΑ ΑΝΑΦΕΡΟΜΕΝΑ ΣΕ ΟΔΗΓΟΥΣ","Municipali":"Δήμος Κερατσινίου - Δραπετσώνας","Date":"2025/01"}},{"type":"Feature","id":251,"geometry":{"type":"Point","coordinates":[23.731165100000055,38.011812000000077]},"properties":{"FID":251,"Type":"ΟΔΗΓΟΣ-ΛΟΙΠΕΣ ΠΑΡΑΒΙΑΣΕΙΣ ΣΗΜΑΝΣΕΩΝ ΕΝ ΓΕΝΕΙ","Municipali":"Δήμος Αθηναίων","Date":"2025/01"}},{"type":"Feature","id":252,"geometry":{"type":"Point","coordinates":[23.725002260000053,37.982719060000079]},"properties":{"FID":252,"Type":"ΟΔΗΓΟΣ-ΑΠΟΣΠΑΣΗ ΤΗΣ ΠΡΟΣΟΧΗΣ ΤΟΥ ΟΔΗΓΟΥ","Municipali":"Δήμος Αθηναίων","Date":"2025/01"}},{"type":"Feature","id":253,"geometry":{"type":"Point","coordinates":[23.769453800000065,37.997996500000056]},"properties":{"FID":253,"Type":"ΟΔΗΓΟΣ-ΑΠΟΣΠΑΣΗ ΤΗΣ ΠΡΟΣΟΧΗΣ ΤΟΥ ΟΔΗΓΟΥ","Municipali":"Δήμος Αθηναίων","Date":"2025/01"}},{"type":"Feature","id":254,"geometry":{"type":"Point","coordinates":[23.744362240000044,37.967895320000025]},"properties":{"FID":254,"Type":"ΑΙΤΙΑ ΥΠΟ ΕΚΔΙΚΑΣΗ","Municipali":"Δήμος Αθηναίων","Date":"2025/01"}},{"type":"Feature","id":255,"geometry":{"type":"Point","coordinates":[23.760890390000043,37.985569130000044]},"properties":{"FID":255,"Type":"ΑΙΤΙΑ ΥΠΟ ΕΚΔΙΚΑΣΗ","Municipali":"Δήμος Αθηναίων","Date":"2025/01"}},{"type":"Feature","id":256,"geometry":{"type":"Point","coordinates":[23.746948240000052,38.057688380000059]},"properties":{"FID":256,"Type":"ΟΔΗΓΟΣ-ΛΟΙΠΑ ΑΙΤΙΑ ΑΝΑΦΕΡΟΜΕΝΑ ΣΕ ΟΔΗΓΟΥΣ","Municipali":"Δήμος Μεταμορφώσεως","Date":"2025/01"}},{"type":"Feature","id":257,"geometry":{"type":"Point","coordinates":[23.708769700000062,37.997411820000025]},"properties":{"FID":257,"Type":"ΟΔΗΓΟΣ-ΑΠΟΣΠΑΣΗ ΤΗΣ ΠΡΟΣΟΧΗΣ ΤΟΥ ΟΔΗΓΟΥ","Municipali":"Δήμος Αθηναίων","Date":"2025/01"}},{"type":"Feature","id":258,"geometry":{"type":"Point","coordinates":[23.755976980000071,37.98007369000004]},"properties":{"FID":258,"Type":"ΟΔΗΓΟΣ-ΛΟΙΠΑ ΑΙΤΙΑ ΑΝΑΦΕΡΟΜΕΝΑ ΣΕ ΟΔΗΓΟΥΣ","Municipali":"Δήμος Αθηναίων","Date":"2025/01"}},{"type":"Feature","id":259,"geometry":{"type":"Point","coordinates":[23.728826630000071,37.979597330000047]},"properties":{"FID":259,"Type":"ΟΔΗΓΟΣ-ΑΠΟΣΠΑΣΗ ΤΗΣ ΠΡΟΣΟΧΗΣ ΤΟΥ ΟΔΗΓΟΥ","Municipali":"Δήμος Αθηναίων","Date":"2025/01"}},{"type":"Feature","id":260,"geometry":{"type":"Point","coordinates":[23.766071500000066,37.986737700000049]},"properties":{"FID":260,"Type":"ΟΔΗΓΟΣ-ΑΠΟΣΠΑΣΗ ΤΗΣ ΠΡΟΣΟΧΗΣ ΤΟΥ ΟΔΗΓΟΥ","Municipali":"Δήμος Αθηναίων","Date":"2025/01"}},{"type":"Feature","id":261,"geometry":{"type":"Point","coordinates":[23.775879000000032,38.054645900000025]},"properties":{"FID":261,"Type":"ΑΙΤΙΑ ΥΠΟ ΕΚΔΙΚΑΣΗ","Municipali":"Δήμος Ηρακλείου Αττικής","Date":"2025/01"}},{"type":"Feature","id":262,"geometry":{"type":"Point","coordinates":[23.692858820000026,38.024016220000078]},"properties":{"FID":262,"Type":"ΑΙΤΙΑ ΥΠΟ ΕΚΔΙΚΑΣΗ","Municipali":"Δήμος Περιστερίου","Date":"2025/01"}},{"type":"Feature","id":263,"geometry":{"type":"Point","coordinates":[23.65020633000006,37.94952765000005]},"properties":{"FID":263,"Type":"ΑΙΤΙΑ ΥΠΟ ΕΚΔΙΚΑΣΗ","Municipali":"Δήμος Πειραιώς","Date":"2025/01"}},{"type":"Feature","id":264,"geometry":{"type":"Point","coordinates":[23.880736830000046,37.893838100000039]},"properties":{"FID":264,"Type":"ΑΙΤΙΑ ΥΠΟ ΕΚΔΙΚΑΣΗ","Municipali":"Δήμος Κρωπίας","Date":"2025/01"}},{"type":"Feature","id":265,"geometry":{"type":"Point","coordinates":[23.751845960000026,38.002972770000042]},"properties":{"FID":265,"Type":"ΟΔΗΓΟΣ-ΛΟΙΠΑ ΑΙΤΙΑ ΑΝΑΦΕΡΟΜΕΝΑ ΣΕ ΟΔΗΓΟΥΣ","Municipali":"Δήμος Αθηναίων","Date":"2025/01"}},{"type":"Feature","id":266,"geometry":{"type":"Point","coordinates":[23.650302890000034,37.978980350000029]},"properties":{"FID":266,"Type":"ΠΕΖΟΣ-ΔΕΝ ΒΑΔΙΖΕ ΣΤΙΣ ΔΙΑΒΑΣΕΙΣ","Municipali":"Δήμος Κορυδαλλού","Date":"2025/01"}},{"type":"Feature","id":267,"geometry":{"type":"Point","coordinates":[23.898746000000074,37.810668390000046]},"properties":{"FID":267,"Type":"ΟΔΗΓΟΣ-ΚΙΝΗΣΗ ΣΤΟ ΑΝΤΙΘΕΤΟ ΡΕΥΜΑ","Municipali":"Δήμος Σαρωνικού","Date":"2025/01"}},{"type":"Feature","id":268,"geometry":{"type":"Point","coordinates":[23.439470530000051,37.736198300000069]},"properties":{"FID":268,"Type":"ΑΙΤΙΑ ΥΠΟ ΕΚΔΙΚΑΣΗ","Municipali":"Δήμος Αίγινας","Date":"2025/01"}},{"type":"Feature","id":269,"geometry":{"type":"Point","coordinates":[23.762054440000043,38.325699780000036]},"properties":{"FID":269,"Type":"ΑΙΤΙΑ ΥΠΟ ΕΚΔΙΚΑΣΗ","Municipali":"Δήμος Ωρωπού","Date":"2025/01"}},{"type":"Feature","id":270,"geometry":{"type":"Point","coordinates":[23.790979390000075,37.995786440000074]},"properties":{"FID":270,"Type":"ΟΔΗΓΟΣ-ΛΟΙΠΑ ΑΙΤΙΑ ΑΝΑΦΕΡΟΜΕΝΑ ΣΕ ΟΔΗΓΟΥΣ","Municipali":"Δήμος Παπάγου - Χολαργού","Date":"2025/01"}},{"type":"Feature","id":271,"geometry":{"type":"Point","coordinates":[23.713946340000064,37.991157220000048]},"properties":{"FID":271,"Type":"ΟΔΗΓΟΣ-ΛΟΙΠΑ ΑΙΤΙΑ ΑΝΑΦΕΡΟΜΕΝΑ ΣΕ ΟΔΗΓΟΥΣ","Municipali":"Δήμος Αθηναίων","Date":"2025/01"}},{"type":"Feature","id":272,"geometry":{"type":"Point","coordinates":[23.756067750000057,37.980037450000054]},"properties":{"FID":272,"Type":"ΟΔΗΓΟΣ-ΑΠΟΣΠΑΣΗ ΤΗΣ ΠΡΟΣΟΧΗΣ ΤΟΥ ΟΔΗΓΟΥ","Municipali":"Δήμος Αθηναίων","Date":"2025/01"}},{"type":"Feature","id":273,"geometry":{"type":"Point","coordinates":[23.75770926000007,37.987166140000056]},"properties":{"FID":273,"Type":"ΟΔΗΓΟΣ-ΠΑΡΑΒΙΑΣΗ ΣΗΜΑΤΟΔΟΤΗ","Municipali":"Δήμος Αθηναίων","Date":"2025/01"}},{"type":"Feature","id":274,"geometry":{"type":"Point","coordinates":[23.728305200000023,37.983941200000061]},"properties":{"FID":274,"Type":"ΑΙΤΙΑ ΥΠΟ ΕΚΔΙΚΑΣΗ","Municipali":"Δήμος Αθηναίων","Date":"2025/01"}},{"type":"Feature","id":275,"geometry":{"type":"Point","coordinates":[23.736865300000034,38.084160700000041]},"properties":{"FID":275,"Type":"ΑΙΤΙΑ ΥΠΟ ΕΚΔΙΚΑΣΗ","Municipali":"Δήμος Αχαρνών","Date":"2025/01"}},{"type":"Feature","id":276,"geometry":{"type":"Point","coordinates":[23.675284980000072,37.959417020000046]},"properties":{"FID":276,"Type":"ΑΙΤΙΑ ΥΠΟ ΕΚΔΙΚΑΣΗ","Municipali":"Δήμος Νίκαιας - Αγίου Ιωάννη Ρέντη","Date":"2025/01"}},{"type":"Feature","id":277,"geometry":{"type":"Point","coordinates":[23.754797100000076,37.914106500000059]},"properties":{"FID":277,"Type":"ΑΙΤΙΑ ΥΠΟ ΕΚΔΙΚΑΣΗ","Municipali":"Δήμος Ελληνικού - Αργυρούπολης","Date":"2025/01"}},{"type":"Feature","id":278,"geometry":{"type":"Point","coordinates":[23.828616140000065,38.11646133000005]},"properties":{"FID":278,"Type":"ΑΙΤΙΑ ΥΠΟ ΕΚΔΙΚΑΣΗ","Municipali":"Δήμος Κηφισιάς","Date":"2025/01"}},{"type":"Feature","id":279,"geometry":{"type":"Point","coordinates":[23.478449150000074,37.74128120000006]},"properties":{"FID":279,"Type":"ΑΙΤΙΑ ΥΠΟ ΕΚΔΙΚΑΣΗ","Municipali":"Δήμος Αίγινας","Date":"2025/01"}},{"type":"Feature","id":280,"geometry":{"type":"Point","coordinates":[23.629891280000038,37.969901350000043]},"properties":{"FID":280,"Type":"ΟΔΗΓΟΣ-ΛΟΙΠΑ ΑΙΤΙΑ ΑΝΑΦΕΡΟΜΕΝΑ ΣΕ ΟΔΗΓΟΥΣ","Municipali":"Δήμος Κερατσινίου - Δραπετσώνας","Date":"2025/01"}},{"type":"Feature","id":281,"geometry":{"type":"Point","coordinates":[23.87374163000004,37.976578560000064]},"properties":{"FID":281,"Type":"ΟΔΗΓΟΣ-ΛΟΙΠΑ ΑΙΤΙΑ ΑΝΑΦΕΡΟΜΕΝΑ ΣΕ ΟΔΗΓΟΥΣ","Municipali":"Δήμος Παιανίας","Date":"2025/01"}},{"type":"Feature","id":282,"geometry":{"type":"Point","coordinates":[23.802759650000041,38.041897770000048]},"properties":{"FID":282,"Type":"ΑΙΤΙΑ ΥΠΟ ΕΚΔΙΚΑΣΗ","Municipali":"Δήμος Αμαρουσίου","Date":"2025/01"}},{"type":"Feature","id":283,"geometry":{"type":"Point","coordinates":[23.810956480000073,38.052915230000053]},"properties":{"FID":283,"Type":"ΑΙΤΙΑ ΥΠΟ ΕΚΔΙΚΑΣΗ","Municipali":"Δήμος Αμαρουσίου","Date":"2025/01"}},{"type":"Feature","id":284,"geometry":{"type":"Point","coordinates":[23.794959780000056,38.046806820000029]},"properties":{"FID":284,"Type":"ΑΙΤΙΑ ΥΠΟ ΕΚΔΙΚΑΣΗ","Municipali":"Δήμος Αμαρουσίου","Date":"2025/01"}},{"type":"Feature","id":285,"geometry":{"type":"Point","coordinates":[23.782187100000044,37.997274490000052]},"properties":{"FID":285,"Type":"ΑΙΤΙΑ ΥΠΟ ΕΚΔΙΚΑΣΗ","Municipali":"Δήμος Αθηναίων","Date":"2025/01"}},{"type":"Feature","id":286,"geometry":{"type":"Point","coordinates":[23.39483333000004,38.006944230000045]},"properties":{"FID":286,"Type":"ΑΙΤΙΑ ΥΠΟ ΕΚΔΙΚΑΣΗ","Municipali":"Δήμος Μεγαρέων","Date":"2025/01"}},{"type":"Feature","id":287,"geometry":{"type":"Point","coordinates":[23.745489120000059,37.864520680000055]},"properties":{"FID":287,"Type":"ΟΔΗΓΟΣ-ΛΟΙΠΑ ΑΙΤΙΑ ΑΝΑΦΕΡΟΜΕΝΑ ΣΕ ΟΔΗΓΟΥΣ","Municipali":"Δήμος Γλυφάδας","Date":"2025/01"}},{"type":"Feature","id":288,"geometry":{"type":"Point","coordinates":[23.702458420000028,37.97591465000005]},"properties":{"FID":288,"Type":"ΑΙΤΙΑ ΥΠΟ ΕΚΔΙΚΑΣΗ","Municipali":"Δήμος Αθηναίων","Date":"2025/01"}},{"type":"Feature","id":289,"geometry":{"type":"Point","coordinates":[23.713940980000075,38.060932260000072]},"properties":{"FID":289,"Type":"ΟΔΗΓΟΣ-ΛΟΙΠΑ ΑΙΤΙΑ ΑΝΑΦΕΡΟΜΕΝΑ ΣΕ ΟΔΗΓΟΥΣ","Municipali":"Δήμος Αγίων Αναργύρων – Καματερού","Date":"2025/01"}},{"type":"Feature","id":290,"geometry":{"type":"Point","coordinates":[23.688207860000034,38.00810000000007]},"properties":{"FID":290,"Type":"ΟΔΗΓΟΣ-ΛΟΙΠΑ ΑΙΤΙΑ ΑΝΑΦΕΡΟΜΕΝΑ ΣΕ ΟΔΗΓΟΥΣ","Municipali":"Δήμος Περιστερίου","Date":"2025/01"}},{"type":"Feature","id":291,"geometry":{"type":"Point","coordinates":[23.891143800000066,37.859472360000041]},"properties":{"FID":291,"Type":"ΑΙΤΙΑ ΥΠΟ ΕΚΔΙΚΑΣΗ","Municipali":"Δήμος Σαρωνικού","Date":"2025/01"}},{"type":"Feature","id":292,"geometry":{"type":"Point","coordinates":[23.796075580000036,38.07664697000007]},"properties":{"FID":292,"Type":"ΑΙΤΙΑ ΥΠΟ ΕΚΔΙΚΑΣΗ","Municipali":"Δήμος Κηφισιάς","Date":"2025/01"}},{"type":"Feature","id":293,"geometry":{"type":"Point","coordinates":[23.853979110000068,38.216300580000052]},"properties":{"FID":293,"Type":"ΑΙΤΙΑ ΥΠΟ ΕΚΔΙΚΑΣΗ","Municipali":"Δήμος Ωρωπού","Date":"2025/01"}},{"type":"Feature","id":294,"geometry":{"type":"Point","coordinates":[23.733940500000074,38.085990500000037]},"properties":{"FID":294,"Type":"ΑΙΤΙΑ ΥΠΟ ΕΚΔΙΚΑΣΗ","Municipali":"Δήμος Αχαρνών","Date":"2025/01"}},{"type":"Feature","id":295,"geometry":{"type":"Point","coordinates":[23.747001890000035,37.967799530000036]},"properties":{"FID":295,"Type":"ΟΔΗΓΟΣ-ΛΟΙΠΑ ΑΙΤΙΑ ΑΝΑΦΕΡΟΜΕΝΑ ΣΕ ΟΔΗΓΟΥΣ","Municipali":"Δήμος Αθηναίων","Date":"2025/01"}},{"type":"Feature","id":296,"geometry":{"type":"Point","coordinates":[23.712320920000025,37.991546170000049]},"properties":{"FID":296,"Type":"ΟΔΗΓΟΣ-ΛΟΙΠΑ ΑΙΤΙΑ ΑΝΑΦΕΡΟΜΕΝΑ ΣΕ ΟΔΗΓΟΥΣ","Municipali":"Δήμος Αθηναίων","Date":"2025/01"}},{"type":"Feature","id":297,"geometry":{"type":"Point","coordinates":[23.760423660000072,37.946989530000053]},"properties":{"FID":297,"Type":"ΑΙΤΙΑ ΥΠΟ ΕΚΔΙΚΑΣΗ","Municipali":"Δήμος Ηλιούπολης","Date":"2025/01"}},{"type":"Feature","id":298,"geometry":{"type":"Point","coordinates":[23.432126640000035,38.010187990000077]},"properties":{"FID":298,"Type":"ΑΙΤΙΑ ΥΠΟ ΕΚΔΙΚΑΣΗ","Municipali":"Δήμος Μεγαρέων","Date":"2025/01"}},{"type":"Feature","id":299,"geometry":{"type":"Point","coordinates":[23.871016500000053,38.120327200000077]},"properties":{"FID":299,"Type":"ΑΙΤΙΑ ΥΠΟ ΕΚΔΙΚΑΣΗ","Municipali":"Δήμος Διονύσου","Date":"2025/01"}},{"type":"Feature","id":300,"geometry":{"type":"Point","coordinates":[23.642272350000042,37.938854270000036]},"properties":{"FID":300,"Type":"ΑΙΤΙΑ ΥΠΟ ΕΚΔΙΚΑΣΗ","Municipali":"Δήμος Πειραιώς","Date":"2025/01"}},{"type":"Feature","id":301,"geometry":{"type":"Point","coordinates":[23.750365380000062,38.060894240000039]},"properties":{"FID":301,"Type":"ΟΔΗΓΟΣ-ΛΟΙΠΑ ΑΙΤΙΑ ΑΝΑΦΕΡΟΜΕΝΑ ΣΕ ΟΔΗΓΟΥΣ","Municipali":"Δήμος Μεταμορφώσεως","Date":"2025/01"}},{"type":"Feature","id":302,"geometry":{"type":"Point","coordinates":[23.528718350000076,38.072031310000057]},"properties":{"FID":302,"Type":"ΟΔΗΓΟΣ-ΛΟΙΠΑ ΑΙΤΙΑ ΑΝΑΦΕΡΟΜΕΝΑ ΣΕ ΟΔΗΓΟΥΣ","Municipali":"Δήμος Ελευσίνας","Date":"2025/01"}},{"type":"Feature","id":303,"geometry":{"type":"Point","coordinates":[23.749320400000045,38.005640600000049]},"properties":{"FID":303,"Type":"ΟΔΗΓΟΣ-ΛΟΙΠΕΣ ΠΑΡΑΒΙΑΣΕΙΣ ΣΗΜΑΝΣΕΩΝ ΕΝ ΓΕΝΕΙ","Municipali":"Δήμος Αθηναίων","Date":"2025/01"}},{"type":"Feature","id":304,"geometry":{"type":"Point","coordinates":[23.765763500000048,37.987374500000044]},"properties":{"FID":304,"Type":"ΟΔΗΓΟΣ-ΑΠΟΣΠΑΣΗ ΤΗΣ ΠΡΟΣΟΧΗΣ ΤΟΥ ΟΔΗΓΟΥ","Municipali":"Δήμος Αθηναίων","Date":"2025/01"}},{"type":"Feature","id":305,"geometry":{"type":"Point","coordinates":[23.616190900000049,37.964910400000065]},"properties":{"FID":305,"Type":"ΑΙΤΙΑ ΥΠΟ ΕΚΔΙΚΑΣΗ","Municipali":"Δήμος Κερατσινίου - Δραπετσώνας","Date":"2025/01"}},{"type":"Feature","id":306,"geometry":{"type":"Point","coordinates":[23.804731210000057,38.401524690000031]},"properties":{"FID":306,"Type":"ΑΙΤΙΑ ΥΠΟ ΕΚΔΙΚΑΣΗ","Municipali":"Δήμος Ερέτριας","Date":"2025/01"}},{"type":"Feature","id":307,"geometry":{"type":"Point","coordinates":[23.723078630000032,38.004057370000055]},"properties":{"FID":307,"Type":"ΟΔΗΓΟΣ-ΛΟΙΠΕΣ ΠΑΡΑΒΙΑΣΕΙΣ ΣΗΜΑΝΣΕΩΝ ΕΝ ΓΕΝΕΙ","Municipali":"Δήμος Αθηναίων","Date":"2025/01"}},{"type":"Feature","id":308,"geometry":{"type":"Point","coordinates":[23.743242640000062,37.986559760000034]},"properties":{"FID":308,"Type":"ΟΔΗΓΟΣ-ΛΟΙΠΑ ΑΙΤΙΑ ΑΝΑΦΕΡΟΜΕΝΑ ΣΕ ΟΔΗΓΟΥΣ","Municipali":"Δήμος Αθηναίων","Date":"2025/01"}},{"type":"Feature","id":309,"geometry":{"type":"Point","coordinates":[23.76023562000006,37.985181100000034]},"properties":{"FID":309,"Type":"ΟΔΗΓΟΣ-ΑΠΟΣΠΑΣΗ ΤΗΣ ΠΡΟΣΟΧΗΣ ΤΟΥ ΟΔΗΓΟΥ","Municipali":"Δήμος Αθηναίων","Date":"2025/01"}},{"type":"Feature","id":310,"geometry":{"type":"Point","coordinates":[23.707824200000061,37.99059230000006]},"properties":{"FID":310,"Type":"ΟΔΗΓΟΣ-ΛΟΙΠΑ ΑΙΤΙΑ ΑΝΑΦΕΡΟΜΕΝΑ ΣΕ ΟΔΗΓΟΥΣ","Municipali":"Δήμος Αθηναίων","Date":"2025/01"}},{"type":"Feature","id":311,"geometry":{"type":"Point","coordinates":[23.771415350000041,38.073175750000075]},"properties":{"FID":311,"Type":"ΑΙΤΙΑ ΥΠΟ ΕΚΔΙΚΑΣΗ","Municipali":"Δήμος Μεταμορφώσεως","Date":"2025/01"}},{"type":"Feature","id":312,"geometry":{"type":"Point","coordinates":[23.788619040000071,38.047077190000039]},"properties":{"FID":312,"Type":"ΟΔΗΓΟΣ-ΛΟΙΠΑ ΑΙΤΙΑ ΑΝΑΦΕΡΟΜΕΝΑ ΣΕ ΟΔΗΓΟΥΣ","Municipali":"Δήμος Αμαρουσίου","Date":"2025/01"}},{"type":"Feature","id":313,"geometry":{"type":"Point","coordinates":[24.007358600000032,37.969601100000034]},"properties":{"FID":313,"Type":"ΑΙΤΙΑ ΥΠΟ ΕΚΔΙΚΑΣΗ","Municipali":"Δήμος Σπάτων - Αρτέμιδος","Date":"2025/01"}},{"type":"Feature","id":314,"geometry":{"type":"Point","coordinates":[23.871059420000051,38.01077126000007]},"properties":{"FID":314,"Type":"ΑΙΤΙΑ ΥΠΟ ΕΚΔΙΚΑΣΗ","Municipali":"Δήμος Παλλήνης","Date":"2025/01"}},{"type":"Feature","id":315,"geometry":{"type":"Point","coordinates":[23.883193730000073,37.987656580000078]},"properties":{"FID":315,"Type":"ΑΙΤΙΑ ΥΠΟ ΕΚΔΙΚΑΣΗ","Municipali":"Δήμος Παλλήνης","Date":"2025/01"}},{"type":"Feature","id":316,"geometry":{"type":"Point","coordinates":[23.759340050000048,38.12035252000004]},"properties":{"FID":316,"Type":"ΑΙΤΙΑ ΥΠΟ ΕΚΔΙΚΑΣΗ","Municipali":"Δήμος Αχαρνών","Date":"2025/01"}},{"type":"Feature","id":317,"geometry":{"type":"Point","coordinates":[23.657212260000051,37.984832260000076]},"properties":{"FID":317,"Type":"ΠΕΖΟΣ-ΛΟΙΠΑ ΑΙΤΙΑ ΑΝΑΦΕΡΟΜΕΝΑ ΣΕ ΠΕΖΟΥΣ","Municipali":"Δήμος Κορυδαλλού","Date":"2025/01"}},{"type":"Feature","id":318,"geometry":{"type":"Point","coordinates":[23.686115740000048,38.002254170000072]},"properties":{"FID":318,"Type":"ΑΙΤΙΑ ΥΠΟ ΕΚΔΙΚΑΣΗ","Municipali":"Δήμος Περιστερίου","Date":"2025/01"}},{"type":"Feature","id":319,"geometry":{"type":"Point","coordinates":[23.700964450000072,38.078044700000078]},"properties":{"FID":319,"Type":"ΑΙΤΙΑ ΥΠΟ ΕΚΔΙΚΑΣΗ","Municipali":"Δήμος Φυλής","Date":"2025/01"}},{"type":"Feature","id":320,"geometry":{"type":"Point","coordinates":[23.753798800000027,38.119670800000051]},"properties":{"FID":320,"Type":"ΑΙΤΙΑ ΥΠΟ ΕΚΔΙΚΑΣΗ","Municipali":"Δήμος Αχαρνών","Date":"2025/01"}},{"type":"Feature","id":321,"geometry":{"type":"Point","coordinates":[23.732710670000074,37.978686320000065]},"properties":{"FID":321,"Type":"ΟΔΗΓΟΣ-ΛΟΙΠΑ ΑΙΤΙΑ ΑΝΑΦΕΡΟΜΕΝΑ ΣΕ ΟΔΗΓΟΥΣ","Municipali":"Δήμος Αθηναίων","Date":"2025/01"}},{"type":"Feature","id":322,"geometry":{"type":"Point","coordinates":[23.747258430000045,37.968852580000032]},"properties":{"FID":322,"Type":"ΟΔΗΓΟΣ-ΑΠΟΣΠΑΣΗ ΤΗΣ ΠΡΟΣΟΧΗΣ ΤΟΥ ΟΔΗΓΟΥ","Municipali":"Δήμος Αθηναίων","Date":"2025/01"}},{"type":"Feature","id":323,"geometry":{"type":"Point","coordinates":[23.68640006000004,37.989351960000079]},"properties":{"FID":323,"Type":"ΟΔΗΓΟΣ-ΛΟΙΠΑ ΑΙΤΙΑ ΑΝΑΦΕΡΟΜΕΝΑ ΣΕ ΟΔΗΓΟΥΣ","Municipali":"Δήμος Αιγάλεω","Date":"2025/01"}},{"type":"Feature","id":324,"geometry":{"type":"Point","coordinates":[23.761528730000066,37.940698850000047]},"properties":{"FID":324,"Type":"ΑΙΤΙΑ ΥΠΟ ΕΚΔΙΚΑΣΗ","Municipali":"Δήμος Ηλιούπολης","Date":"2025/01"}},{"type":"Feature","id":325,"geometry":{"type":"Point","coordinates":[23.769360620000043,37.973056020000058]},"properties":{"FID":325,"Type":"ΟΔΗΓΟΣ-ΛΟΙΠΕΣ ΠΑΡΑΒΙΑΣΕΙΣ ΣΗΜΑΝΣΕΩΝ ΕΝ ΓΕΝΕΙ","Municipali":"Δήμος Ζωγράφου","Date":"2025/01"}},{"type":"Feature","id":326,"geometry":{"type":"Point","coordinates":[23.726959720000025,37.979908140000077]},"properties":{"FID":326,"Type":"ΟΔΗΓΟΣ-ΑΠΟΣΠΑΣΗ ΤΗΣ ΠΡΟΣΟΧΗΣ ΤΟΥ ΟΔΗΓΟΥ","Municipali":"Δήμος Αθηναίων","Date":"2025/01"}},{"type":"Feature","id":327,"geometry":{"type":"Point","coordinates":[23.734921490000033,37.957382310000071]},"properties":{"FID":327,"Type":"ΟΔΗΓΟΣ-ΛΟΙΠΑ ΑΙΤΙΑ ΑΝΑΦΕΡΟΜΕΝΑ ΣΕ ΟΔΗΓΟΥΣ","Municipali":"Δήμος Αθηναίων","Date":"2025/01"}},{"type":"Feature","id":328,"geometry":{"type":"Point","coordinates":[23.728558910000061,37.98356423000007]},"properties":{"FID":328,"Type":"ΟΔΗΓΟΣ-ΛΟΙΠΑ ΑΙΤΙΑ ΑΝΑΦΕΡΟΜΕΝΑ ΣΕ ΟΔΗΓΟΥΣ","Municipali":"Δήμος Αθηναίων","Date":"2025/01"}},{"type":"Feature","id":329,"geometry":{"type":"Point","coordinates":[23.729406850000032,37.98262808000004]},"properties":{"FID":329,"Type":"ΟΔΗΓΟΣ-ΑΠΟΣΠΑΣΗ ΤΗΣ ΠΡΟΣΟΧΗΣ ΤΟΥ ΟΔΗΓΟΥ","Municipali":"Δήμος Αθηναίων","Date":"2025/01"}},{"type":"Feature","id":330,"geometry":{"type":"Point","coordinates":[23.762098800000047,37.983158700000047]},"properties":{"FID":330,"Type":"ΟΔΗΓΟΣ-ΑΠΟΣΠΑΣΗ ΤΗΣ ΠΡΟΣΟΧΗΣ ΤΟΥ ΟΔΗΓΟΥ","Municipali":"Δήμος Αθηναίων","Date":"2025/01"}},{"type":"Feature","id":331,"geometry":{"type":"Point","coordinates":[23.753487340000049,37.960687630000052]},"properties":{"FID":331,"Type":"ΟΔΗΓΟΣ-ΑΠΟΣΠΑΣΗ ΤΗΣ ΠΡΟΣΟΧΗΣ ΤΟΥ ΟΔΗΓΟΥ","Municipali":"Δήμος Βύρωνα","Date":"2025/01"}},{"type":"Feature","id":332,"geometry":{"type":"Point","coordinates":[23.821953540000038,38.013759400000026]},"properties":{"FID":332,"Type":"ΕΠΙΒΑΤΗΣ-ΠΤΩΣΗ ΑΠΟ ΤΟ ΟΧΗΜΑ","Municipali":"Δήμος Αγίας Παρασκευής","Date":"2025/01"}},{"type":"Feature","id":333,"geometry":{"type":"Point","coordinates":[23.699414130000036,37.968835640000066]},"properties":{"FID":333,"Type":"ΑΙΤΙΑ ΥΠΟ ΕΚΔΙΚΑΣΗ","Municipali":"Δήμος Μοσχάτου-Ταύρου","Date":"2025/01"}},{"type":"Feature","id":334,"geometry":{"type":"Point","coordinates":[23.748589750000065,38.062393640000039]},"properties":{"FID":334,"Type":"ΟΔΗΓΟΣ-ΛΟΙΠΑ ΑΙΤΙΑ ΑΝΑΦΕΡΟΜΕΝΑ ΣΕ ΟΔΗΓΟΥΣ","Municipali":"Δήμος Μεταμορφώσεως","Date":"2025/01"}},{"type":"Feature","id":335,"geometry":{"type":"Point","coordinates":[23.792422410000029,37.986777160000031]},"properties":{"FID":335,"Type":"ΑΙΤΙΑ ΥΠΟ ΕΚΔΙΚΑΣΗ","Municipali":"Δήμος Παπάγου - Χολαργού","Date":"2025/01"}},{"type":"Feature","id":336,"geometry":{"type":"Point","coordinates":[23.734529610000038,37.943478320000054]},"properties":{"FID":336,"Type":"ΑΙΤΙΑ ΥΠΟ ΕΚΔΙΚΑΣΗ","Municipali":"Δήμος Αγίου Δημητρίου","Date":"2025/01"}},{"type":"Feature","id":337,"geometry":{"type":"Point","coordinates":[23.493810920000044,37.724369350000075]},"properties":{"FID":337,"Type":"ΑΙΤΙΑ ΥΠΟ ΕΚΔΙΚΑΣΗ","Municipali":"Δήμος Αίγινας","Date":"2025/01"}},{"type":"Feature","id":338,"geometry":{"type":"Point","coordinates":[23.983165030000066,37.963138940000078]},"properties":{"FID":338,"Type":"ΟΔΗΓΟΣ-ΠΑΡΑΒΙΑΣΗ ΠΡΟΤΕΡΑΙΟΤΗΤΑΣ ΓΕΝΙΚΩΣ","Municipali":"Δήμος Σπάτων - Αρτέμιδος","Date":"2025/01"}},{"type":"Feature","id":339,"geometry":{"type":"Point","coordinates":[23.648157120000064,37.983758320000049]},"properties":{"FID":339,"Type":"ΕΠΙΒΑΤΗΣ-ΛΟΙΠΑ ΑΙΤΙΑ ΑΝΑΦΕΡΟΜΕΝΑ ΣΕ ΕΠΙΒΑΤΕΣ","Municipali":"Δήμος Κορυδαλλού","Date":"2025/01"}},{"type":"Feature","id":340,"geometry":{"type":"Point","coordinates":[23.831400280000025,38.014283480000074]},"properties":{"FID":340,"Type":"ΑΙΤΙΑ ΥΠΟ ΕΚΔΙΚΑΣΗ","Municipali":"Δήμος Αγίας Παρασκευής","Date":"2025/01"}},{"type":"Feature","id":341,"geometry":{"type":"Point","coordinates":[23.778705600000023,38.042607530000055]},"properties":{"FID":341,"Type":"ΑΙΤΙΑ ΥΠΟ ΕΚΔΙΚΑΣΗ","Municipali":"Δήμος Αμαρουσίου","Date":"2025/01"}},{"type":"Feature","id":342,"geometry":{"type":"Point","coordinates":[23.739204700000073,37.999936000000048]},"properties":{"FID":342,"Type":"ΟΔΗΓΟΣ-ΛΟΙΠΑ ΑΙΤΙΑ ΑΝΑΦΕΡΟΜΕΝΑ ΣΕ ΟΔΗΓΟΥΣ","Municipali":"Δήμος Αθηναίων","Date":"2025/01"}},{"type":"Feature","id":343,"geometry":{"type":"Point","coordinates":[23.729844200000059,37.986488200000053]},"properties":{"FID":343,"Type":"ΟΔΗΓΟΣ-ΠΑΡΑΒΙΑΣΗ ΣΗΜΑΤΟΔΟΤΗ","Municipali":"Δήμος Αθηναίων","Date":"2025/01"}},{"type":"Feature","id":344,"geometry":{"type":"Point","coordinates":[23.695815350000032,37.986934950000034]},"properties":{"FID":344,"Type":"ΑΙΤΙΑ ΥΠΟ ΕΚΔΙΚΑΣΗ","Municipali":"Δήμος Αθηναίων","Date":"2025/01"}},{"type":"Feature","id":345,"geometry":{"type":"Point","coordinates":[23.746579600000075,37.976093800000058]},"properties":{"FID":345,"Type":"ΑΙΤΙΑ ΥΠΟ ΕΚΔΙΚΑΣΗ","Municipali":"Δήμος Αθηναίων","Date":"2025/01"}},{"type":"Feature","id":346,"geometry":{"type":"Point","coordinates":[23.736865300000034,38.084160700000041]},"properties":{"FID":346,"Type":"ΑΙΤΙΑ ΥΠΟ ΕΚΔΙΚΑΣΗ","Municipali":"Δήμος Αχαρνών","Date":"2025/01"}},{"type":"Feature","id":347,"geometry":{"type":"Point","coordinates":[23.62283707000006,37.954933560000029]},"properties":{"FID":347,"Type":"ΟΔΗΓΟΣ-ΛΟΙΠΑ ΑΙΤΙΑ ΑΝΑΦΕΡΟΜΕΝΑ ΣΕ ΟΔΗΓΟΥΣ","Municipali":"Δήμος Κερατσινίου - Δραπετσώνας","Date":"2025/01"}},{"type":"Feature","id":348,"geometry":{"type":"Point","coordinates":[23.738048640000045,37.968867350000039]},"properties":{"FID":348,"Type":"ΟΔΗΓΟΣ-ΑΠΟΣΠΑΣΗ ΤΗΣ ΠΡΟΣΟΧΗΣ ΤΟΥ ΟΔΗΓΟΥ","Municipali":"Δήμος Αθηναίων","Date":"2025/01"}},{"type":"Feature","id":349,"geometry":{"type":"Point","coordinates":[23.727269620000072,37.960870920000048]},"properties":{"FID":349,"Type":"ΟΔΗΓΟΣ-ΛΟΙΠΑ ΑΙΤΙΑ ΑΝΑΦΕΡΟΜΕΝΑ ΣΕ ΟΔΗΓΟΥΣ","Municipali":"Δήμος Αθηναίων","Date":"2025/01"}},{"type":"Feature","id":350,"geometry":{"type":"Point","coordinates":[23.98903370000005,37.893787300000042]},"properties":{"FID":350,"Type":"ΑΙΤΙΑ ΥΠΟ ΕΚΔΙΚΑΣΗ","Municipali":"Δήμος Μαρκόπουλου Μεσογαίας","Date":"2025/01"}},{"type":"Feature","id":351,"geometry":{"type":"Point","coordinates":[23.819995520000077,38.002013220000038]},"properties":{"FID":351,"Type":"ΑΙΤΙΑ ΥΠΟ ΕΚΔΙΚΑΣΗ","Municipali":"Δήμος Αγίας Παρασκευής","Date":"2025/01"}},{"type":"Feature","id":352,"geometry":{"type":"Point","coordinates":[23.739885130000062,37.975719840000068]},"properties":{"FID":352,"Type":"ΑΙΤΙΑ ΥΠΟ ΕΚΔΙΚΑΣΗ","Municipali":"Δήμος Αθηναίων","Date":"2025/01"}},{"type":"Feature","id":353,"geometry":{"type":"Point","coordinates":[23.635212780000074,37.926909920000071]},"properties":{"FID":353,"Type":"ΑΙΤΙΑ ΥΠΟ ΕΚΔΙΚΑΣΗ","Municipali":"Δήμος Πειραιώς","Date":"2025/01"}},{"type":"Feature","id":354,"geometry":{"type":"Point","coordinates":[23.729718900000023,37.881357000000037]},"properties":{"FID":354,"Type":"ΑΙΤΙΑ ΥΠΟ ΕΚΔΙΚΑΣΗ","Municipali":"Δήμος Ελληνικού - Αργυρούπολης","Date":"2025/01"}},{"type":"Feature","id":355,"geometry":{"type":"Point","coordinates":[23.683476450000057,37.947446400000047]},"properties":{"FID":355,"Type":"ΑΙΤΙΑ ΥΠΟ ΕΚΔΙΚΑΣΗ","Municipali":"Δήμος Μοσχάτου-Ταύρου","Date":"2025/01"}},{"type":"Feature","id":356,"geometry":{"type":"Point","coordinates":[23.823772070000075,38.034580040000037]},"properties":{"FID":356,"Type":"ΑΙΤΙΑ ΥΠΟ ΕΚΔΙΚΑΣΗ","Municipali":"Δήμος Βριλησσίων","Date":"2025/01"}},{"type":"Feature","id":357,"geometry":{"type":"Point","coordinates":[23.734824340000046,37.995943210000064]},"properties":{"FID":357,"Type":"ΟΔΗΓΟΣ-ΛΟΙΠΕΣ ΠΑΡΑΒΙΑΣΕΙΣ ΣΗΜΑΝΣΕΩΝ ΕΝ ΓΕΝΕΙ","Municipali":"Δήμος Αθηναίων","Date":"2025/01"}},{"type":"Feature","id":358,"geometry":{"type":"Point","coordinates":[23.741433980000068,37.975386350000065]},"properties":{"FID":358,"Type":"ΟΔΗΓΟΣ-ΑΠΟΣΠΑΣΗ ΤΗΣ ΠΡΟΣΟΧΗΣ ΤΟΥ ΟΔΗΓΟΥ","Municipali":"Δήμος Αθηναίων","Date":"2025/01"}},{"type":"Feature","id":359,"geometry":{"type":"Point","coordinates":[23.754695180000056,37.980730120000032]},"properties":{"FID":359,"Type":"ΟΔΗΓΟΣ-ΛΟΙΠΑ ΑΙΤΙΑ ΑΝΑΦΕΡΟΜΕΝΑ ΣΕ ΟΔΗΓΟΥΣ","Municipali":"Δήμος Αθηναίων","Date":"2025/01"}},{"type":"Feature","id":360,"geometry":{"type":"Point","coordinates":[23.754314070000078,37.978391050000027]},"properties":{"FID":360,"Type":"ΟΔΗΓΟΣ-ΛΟΙΠΑ ΑΙΤΙΑ ΑΝΑΦΕΡΟΜΕΝΑ ΣΕ ΟΔΗΓΟΥΣ","Municipali":"Δήμος Αθηναίων","Date":"2025/01"}},{"type":"Feature","id":361,"geometry":{"type":"Point","coordinates":[23.724796900000058,37.982623800000056]},"properties":{"FID":361,"Type":"ΟΔΗΓΟΣ-ΛΟΙΠΑ ΑΙΤΙΑ ΑΝΑΦΕΡΟΜΕΝΑ ΣΕ ΟΔΗΓΟΥΣ","Municipali":"Δήμος Αθηναίων","Date":"2025/01"}},{"type":"Feature","id":362,"geometry":{"type":"Point","coordinates":[23.64509404000006,37.963071270000057]},"properties":{"FID":362,"Type":"ΟΔΗΓΟΣ-ΠΑΡΑΒΙΑΣΗ ΠΡΟΤΕΡΑΙΟΤΗΤΑΣ ΓΕΝΙΚΩΣ","Municipali":"Δήμος Νίκαιας - Αγίου Ιωάννη Ρέντη","Date":"2025/01"}},{"type":"Feature","id":363,"geometry":{"type":"Point","coordinates":[23.649707440000043,37.947471780000058]},"properties":{"FID":363,"Type":"ΑΙΤΙΑ ΥΠΟ ΕΚΔΙΚΑΣΗ","Municipali":"Δήμος Πειραιώς","Date":"2025/01"}},{"type":"Feature","id":364,"geometry":{"type":"Point","coordinates":[23.644852640000067,37.94790327000004]},"properties":{"FID":364,"Type":"ΑΙΤΙΑ ΥΠΟ ΕΚΔΙΚΑΣΗ","Municipali":"Δήμος Πειραιώς","Date":"2025/01"}},{"type":"Feature","id":365,"geometry":{"type":"Point","coordinates":[23.642202620000035,37.979141030000051]},"properties":{"FID":365,"Type":"ΟΔΗΓΟΣ-ΛΟΙΠΑ ΑΙΤΙΑ ΑΝΑΦΕΡΟΜΕΝΑ ΣΕ ΟΔΗΓΟΥΣ","Municipali":"Δήμος Νίκαιας - Αγίου Ιωάννη Ρέντη","Date":"2025/01"}},{"type":"Feature","id":366,"geometry":{"type":"Point","coordinates":[23.764843940000048,37.98975783000003]},"properties":{"FID":366,"Type":"ΟΔΗΓΟΣ-ΛΟΙΠΑ ΑΙΤΙΑ ΑΝΑΦΕΡΟΜΕΝΑ ΣΕ ΟΔΗΓΟΥΣ","Municipali":"Δήμος Αθηναίων","Date":"2025/01"}},{"type":"Feature","id":367,"geometry":{"type":"Point","coordinates":[23.747173580000037,37.965895880000062]},"properties":{"FID":367,"Type":"ΟΔΗΓΟΣ-ΑΠΟΣΠΑΣΗ ΤΗΣ ΠΡΟΣΟΧΗΣ ΤΟΥ ΟΔΗΓΟΥ","Municipali":"Δήμος Αθηναίων","Date":"2025/01"}},{"type":"Feature","id":368,"geometry":{"type":"Point","coordinates":[23.719631630000038,38.003787200000033]},"properties":{"FID":368,"Type":"ΟΔΗΓΟΣ-ΑΠΟΣΠΑΣΗ ΤΗΣ ΠΡΟΣΟΧΗΣ ΤΟΥ ΟΔΗΓΟΥ","Municipali":"Δήμος Αθηναίων","Date":"2025/01"}},{"type":"Feature","id":369,"geometry":{"type":"Point","coordinates":[23.766131400000063,37.848900280000066]},"properties":{"FID":369,"Type":"ΑΙΤΙΑ ΥΠΟ ΕΚΔΙΚΑΣΗ","Municipali":"Δήμος Βάρης - Βούλας - Βουλιαγμένης","Date":"2025/01"}},{"type":"Feature","id":370,"geometry":{"type":"Point","coordinates":[23.766222600000049,37.898202530000049]},"properties":{"FID":370,"Type":"ΑΙΤΙΑ ΥΠΟ ΕΚΔΙΚΑΣΗ","Municipali":"Δήμος Γλυφάδας","Date":"2025/01"}},{"type":"Feature","id":371,"geometry":{"type":"Point","coordinates":[23.708710550000035,37.987390300000072]},"properties":{"FID":371,"Type":"ΟΔΗΓΟΣ-ΛΟΙΠΕΣ ΠΑΡΑΒΙΑΣΕΙΣ ΣΗΜΑΝΣΕΩΝ ΕΝ ΓΕΝΕΙ","Municipali":"Δήμος Αθηναίων","Date":"2025/01"}},{"type":"Feature","id":372,"geometry":{"type":"Point","coordinates":[23.765637840000068,37.97566887000005]},"properties":{"FID":372,"Type":"ΟΔΗΓΟΣ-ΛΟΙΠΑ ΑΙΤΙΑ ΑΝΑΦΕΡΟΜΕΝΑ ΣΕ ΟΔΗΓΟΥΣ","Municipali":"Δήμος Ζωγράφου","Date":"2025/01"}},{"type":"Feature","id":373,"geometry":{"type":"Point","coordinates":[23.759121700000037,37.980340100000035]},"properties":{"FID":373,"Type":"ΟΔΗΓΟΣ-ΛΟΙΠΑ ΑΙΤΙΑ ΑΝΑΦΕΡΟΜΕΝΑ ΣΕ ΟΔΗΓΟΥΣ","Municipali":"Δήμος Αθηναίων","Date":"2025/01"}},{"type":"Feature","id":374,"geometry":{"type":"Point","coordinates":[23.72717410000007,37.980081000000041]},"properties":{"FID":374,"Type":"ΟΔΗΓΟΣ-ΑΠΟΣΠΑΣΗ ΤΗΣ ΠΡΟΣΟΧΗΣ ΤΟΥ ΟΔΗΓΟΥ","Municipali":"Δήμος Αθηναίων","Date":"2025/01"}},{"type":"Feature","id":375,"geometry":{"type":"Point","coordinates":[23.75479112000005,38.016616660000068]},"properties":{"FID":375,"Type":"ΑΙΤΙΑ ΥΠΟ ΕΚΔΙΚΑΣΗ","Municipali":"Δήμος Γαλατσίου","Date":"2025/01"}},{"type":"Feature","id":376,"geometry":{"type":"Point","coordinates":[23.742962480000074,37.975170440000056]},"properties":{"FID":376,"Type":"ΑΙΤΙΑ ΥΠΟ ΕΚΔΙΚΑΣΗ","Municipali":"Δήμος Αθηναίων","Date":"2025/01"}},{"type":"Feature","id":377,"geometry":{"type":"Point","coordinates":[23.641531840000027,37.964257910000072]},"properties":{"FID":377,"Type":"ΟΔΗΓΟΣ-ΛΟΙΠΑ ΑΙΤΙΑ ΑΝΑΦΕΡΟΜΕΝΑ ΣΕ ΟΔΗΓΟΥΣ","Municipali":"Δήμος Νίκαιας - Αγίου Ιωάννη Ρέντη","Date":"2025/01"}},{"type":"Feature","id":378,"geometry":{"type":"Point","coordinates":[23.684163090000027,37.952776320000055]},"properties":{"FID":378,"Type":"ΟΔΗΓΟΣ-ΠΑΡΑΒΙΑΣΗ ΠΡΟΤΕΡΑΙΟΤΗΤΑΣ ΓΕΝΙΚΩΣ","Municipali":"Δήμος Μοσχάτου-Ταύρου","Date":"2025/01"}},{"type":"Feature","id":379,"geometry":{"type":"Point","coordinates":[23.727314470000067,38.027430610000067]},"properties":{"FID":379,"Type":"ΑΙΤΙΑ ΥΠΟ ΕΚΔΙΚΑΣΗ","Municipali":"Δήμος Νέας Φιλαδέλφειας - Νέας Χαλκηδόνας","Date":"2025/01"}},{"type":"Feature","id":380,"geometry":{"type":"Point","coordinates":[23.681743740000059,38.084306720000029]},"properties":{"FID":380,"Type":"ΟΔΗΓΟΣ-ΛΟΙΠΑ ΑΙΤΙΑ ΑΝΑΦΕΡΟΜΕΝΑ ΣΕ ΟΔΗΓΟΥΣ","Municipali":"Δήμος Φυλής","Date":"2025/01"}},{"type":"Feature","id":381,"geometry":{"type":"Point","coordinates":[23.787567620000061,38.033084300000041]},"properties":{"FID":381,"Type":"ΑΙΤΙΑ ΥΠΟ ΕΚΔΙΚΑΣΗ","Municipali":"Δήμος Αμαρουσίου","Date":"2025/01"}},{"type":"Feature","id":382,"geometry":{"type":"Point","coordinates":[23.809475900000052,38.050422920000074]},"properties":{"FID":382,"Type":"ΑΙΤΙΑ ΥΠΟ ΕΚΔΙΚΑΣΗ","Municipali":"Δήμος Αμαρουσίου","Date":"2025/01"}},{"type":"Feature","id":383,"geometry":{"type":"Point","coordinates":[23.652298450000046,37.948723930000028]},"properties":{"FID":383,"Type":"ΑΙΤΙΑ ΥΠΟ ΕΚΔΙΚΑΣΗ","Municipali":"Δήμος Πειραιώς","Date":"2025/01"}},{"type":"Feature","id":384,"geometry":{"type":"Point","coordinates":[23.805581330000052,38.073872540000025]},"properties":{"FID":384,"Type":"ΑΙΤΙΑ ΥΠΟ ΕΚΔΙΚΑΣΗ","Municipali":"Δήμος Κηφισιάς","Date":"2025/01"}},{"type":"Feature","id":385,"geometry":{"type":"Point","coordinates":[23.761174680000067,37.865384620000043]},"properties":{"FID":385,"Type":"ΟΔΗΓΟΣ-ΠΑΡΑΛΕΙΨΗ ΣΗΜ.ΠΡΟΘΕΣΗΣ ΣΤΡΟΦ.Η ΑΛΛΑΓΗΣ ΠΟΡΕΙΑΣ","Municipali":"Δήμος Γλυφάδας","Date":"2025/01"}},{"type":"Feature","id":386,"geometry":{"type":"Point","coordinates":[23.670832510000025,37.967021370000055]},"properties":{"FID":386,"Type":"ΑΙΤΙΑ ΥΠΟ ΕΚΔΙΚΑΣΗ","Municipali":"Δήμος Νίκαιας - Αγίου Ιωάννη Ρέντη","Date":"2025/01"}},{"type":"Feature","id":387,"geometry":{"type":"Point","coordinates":[23.802587990000063,38.094169480000062]},"properties":{"FID":387,"Type":"ΑΙΤΙΑ ΥΠΟ ΕΚΔΙΚΑΣΗ","Municipali":"Δήμος Κηφισιάς","Date":"2025/01"}},{"type":"Feature","id":388,"geometry":{"type":"Point","coordinates":[23.85886073000006,38.052450570000076]},"properties":{"FID":388,"Type":"ΑΙΤΙΑ ΥΠΟ ΕΚΔΙΚΑΣΗ","Municipali":"Δήμος Πεντέλης","Date":"2025/01"}},{"type":"Feature","id":389,"geometry":{"type":"Point","coordinates":[23.706221580000033,37.972451360000036]},"properties":{"FID":389,"Type":"ΑΙΤΙΑ ΥΠΟ ΕΚΔΙΚΑΣΗ","Municipali":"Δήμος Αθηναίων","Date":"2025/01"}},{"type":"Feature","id":390,"geometry":{"type":"Point","coordinates":[23.823736800000063,38.289859500000034]},"properties":{"FID":390,"Type":"ΑΙΤΙΑ ΥΠΟ ΕΚΔΙΚΑΣΗ","Municipali":"Δήμος Ωρωπού","Date":"2025/01"}},{"type":"Feature","id":391,"geometry":{"type":"Point","coordinates":[23.89298916000007,37.779330730000027]},"properties":{"FID":391,"Type":"ΑΙΤΙΑ ΥΠΟ ΕΚΔΙΚΑΣΗ","Municipali":"Δήμος Σαρωνικού","Date":"2025/01"}},{"type":"Feature","id":392,"geometry":{"type":"Point","coordinates":[23.654830600000025,37.965369100000032]},"properties":{"FID":392,"Type":"ΑΙΤΙΑ ΥΠΟ ΕΚΔΙΚΑΣΗ","Municipali":"Δήμος Πειραιώς","Date":"2025/01"}},{"type":"Feature","id":393,"geometry":{"type":"Point","coordinates":[24.008393880000028,37.972730460000037]},"properties":{"FID":393,"Type":"ΟΔΗΓΟΣ-ΛΟΙΠΑ ΑΙΤΙΑ ΑΝΑΦΕΡΟΜΕΝΑ ΣΕ ΟΔΗΓΟΥΣ","Municipali":"Δήμος Σπάτων - Αρτέμιδος","Date":"2025/01"}},{"type":"Feature","id":394,"geometry":{"type":"Point","coordinates":[23.65765089000007,37.98422695000005]},"properties":{"FID":394,"Type":"ΟΔΗΓΟΣ-ΛΟΙΠΕΣ ΠΑΡΑΒΙΑΣΕΙΣ ΣΗΜΑΝΣΕΩΝ ΕΝ ΓΕΝΕΙ","Municipali":"Δήμος Κορυδαλλού","Date":"2025/01"}},{"type":"Feature","id":395,"geometry":{"type":"Point","coordinates":[23.718704580000065,38.003010810000035]},"properties":{"FID":395,"Type":"ΟΔΗΓΟΣ-ΑΠΟΣΠΑΣΗ ΤΗΣ ΠΡΟΣΟΧΗΣ ΤΟΥ ΟΔΗΓΟΥ","Municipali":"Δήμος Αθηναίων","Date":"2025/01"}},{"type":"Feature","id":396,"geometry":{"type":"Point","coordinates":[23.773153420000028,38.013324080000075]},"properties":{"FID":396,"Type":"ΑΙΤΙΑ ΥΠΟ ΕΚΔΙΚΑΣΗ","Municipali":"Δήμος Φιλοθέης - Ψυχικού","Date":"2025/01"}},{"type":"Feature","id":397,"geometry":{"type":"Point","coordinates":[23.805860280000047,38.045049400000039]},"properties":{"FID":397,"Type":"ΑΙΤΙΑ ΥΠΟ ΕΚΔΙΚΑΣΗ","Municipali":"Δήμος Αμαρουσίου","Date":"2025/01"}},{"type":"Feature","id":398,"geometry":{"type":"Point","coordinates":[23.812168840000027,38.075021180000078]},"properties":{"FID":398,"Type":"ΑΙΤΙΑ ΥΠΟ ΕΚΔΙΚΑΣΗ","Municipali":"Δήμος Κηφισιάς","Date":"2025/01"}},{"type":"Feature","id":399,"geometry":{"type":"Point","coordinates":[23.859225020000054,38.008045150000044]},"properties":{"FID":399,"Type":"ΑΙΤΙΑ ΥΠΟ ΕΚΔΙΚΑΣΗ","Municipali":"Δήμος Παλλήνης","Date":"2025/01"}},{"type":"Feature","id":400,"geometry":{"type":"Point","coordinates":[23.743000030000076,38.105943090000039]},"properties":{"FID":400,"Type":"ΑΙΤΙΑ ΥΠΟ ΕΚΔΙΚΑΣΗ","Municipali":"Δήμος Αχαρνών","Date":"2025/01"}},{"type":"Feature","id":401,"geometry":{"type":"Point","coordinates":[23.91697884000007,38.071507650000058]},"properties":{"FID":401,"Type":"ΟΔΗΓΟΣ-ΥΠΕΡΒΟΛΙΚΗ ΤΑΧΥΤΗΤΑ ΓΕΝΙΚΩΣ","Municipali":"Δήμος Μαραθώνος","Date":"2025/01"}},{"type":"Feature","id":402,"geometry":{"type":"Point","coordinates":[23.47558379000003,38.025486800000067]},"properties":{"FID":402,"Type":"ΑΙΤΙΑ ΥΠΟ ΕΚΔΙΚΑΣΗ","Municipali":"Δήμος Μεγαρέων","Date":"2025/01"}},{"type":"Feature","id":403,"geometry":{"type":"Point","coordinates":[23.795474700000057,38.074835900000039]},"properties":{"FID":403,"Type":"ΑΙΤΙΑ ΥΠΟ ΕΚΔΙΚΑΣΗ","Municipali":"Δήμος Κηφισιάς","Date":"2025/01"}},{"type":"Feature","id":404,"geometry":{"type":"Point","coordinates":[23.748444910000046,37.921375000000069]},"properties":{"FID":404,"Type":"ΟΔΗΓΟΣ-ΛΟΙΠΕΣ ΠΑΡΑΒΙΑΣΕΙΣ ΣΗΜΑΝΣΕΩΝ ΕΝ ΓΕΝΕΙ","Municipali":"Δήμος Ηλιούπολης","Date":"2025/01"}},{"type":"Feature","id":405,"geometry":{"type":"Point","coordinates":[23.718382720000022,37.946075790000066]},"properties":{"FID":405,"Type":"ΟΔΗΓΟΣ-ΠΑΡΑΒΙΑΣΗ ΠΡΟΤΕΡΑΙΟΤΗΤΑΣ ΓΕΝΙΚΩΣ","Municipali":"Δήμος Νέας Σμύρνης","Date":"2025/01"}},{"type":"Feature","id":406,"geometry":{"type":"Point","coordinates":[23.853271010000071,37.970167770000046]},"properties":{"FID":406,"Type":"ΑΙΤΙΑ ΥΠΟ ΕΚΔΙΚΑΣΗ","Municipali":"Δήμος Παιανίας","Date":"2025/01"}},{"type":"Feature","id":407,"geometry":{"type":"Point","coordinates":[23.581152300000042,38.346599900000058]},"properties":{"FID":407,"Type":"ΑΙΤΙΑ ΥΠΟ ΕΚΔΙΚΑΣΗ","Municipali":"Δήμος Τανάγρας","Date":"2025/01"}},{"type":"Feature","id":408,"geometry":{"type":"Point","coordinates":[23.761301400000036,38.065093200000035]},"properties":{"FID":408,"Type":"ΑΙΤΙΑ ΥΠΟ ΕΚΔΙΚΑΣΗ","Municipali":"Δήμος Μεταμορφώσεως","Date":"2025/01"}},{"type":"Feature","id":409,"geometry":{"type":"Point","coordinates":[23.511718510000037,37.965596150000067]},"properties":{"FID":409,"Type":"ΑΙΤΙΑ ΥΠΟ ΕΚΔΙΚΑΣΗ","Municipali":"Δήμος Σαλαμίνας","Date":"2025/01"}},{"type":"Feature","id":410,"geometry":{"type":"Point","coordinates":[23.757578150000029,38.039341250000064]},"properties":{"FID":410,"Type":"ΑΙΤΙΑ ΥΠΟ ΕΚΔΙΚΑΣΗ","Municipali":"Δήμος Νέας Ιωνίας","Date":"2025/01"}},{"type":"Feature","id":411,"geometry":{"type":"Point","coordinates":[23.78973620000005,38.026820300000054]},"properties":{"FID":411,"Type":"ΑΙΤΙΑ ΥΠΟ ΕΚΔΙΚΑΣΗ","Municipali":"Δήμος Χαλανδρίου","Date":"2025/01"}},{"type":"Feature","id":412,"geometry":{"type":"Point","coordinates":[23.75022253000003,37.964099220000037]},"properties":{"FID":412,"Type":"ΟΔΗΓΟΣ-ΛΟΙΠΕΣ ΠΑΡΑΒΙΑΣΕΙΣ ΣΗΜΑΝΣΕΩΝ ΕΝ ΓΕΝΕΙ","Municipali":"Δήμος Αθηναίων","Date":"2025/01"}},{"type":"Feature","id":413,"geometry":{"type":"Point","coordinates":[23.738406000000055,38.002629600000034]},"properties":{"FID":413,"Type":"ΟΔΗΓΟΣ-ΛΟΙΠΕΣ ΠΑΡΑΒΙΑΣΕΙΣ ΣΗΜΑΝΣΕΩΝ ΕΝ ΓΕΝΕΙ","Municipali":"Δήμος Αθηναίων","Date":"2025/01"}},{"type":"Feature","id":414,"geometry":{"type":"Point","coordinates":[23.712133170000072,37.988675500000056]},"properties":{"FID":414,"Type":"ΟΔΗΓΟΣ-ΛΟΙΠΑ ΑΙΤΙΑ ΑΝΑΦΕΡΟΜΕΝΑ ΣΕ ΟΔΗΓΟΥΣ","Municipali":"Δήμος Αθηναίων","Date":"2025/01"}},{"type":"Feature","id":415,"geometry":{"type":"Point","coordinates":[23.709005710000042,37.974375450000025]},"properties":{"FID":415,"Type":"ΟΔΗΓΟΣ-ΛΟΙΠΑ ΑΙΤΙΑ ΑΝΑΦΕΡΟΜΕΝΑ ΣΕ ΟΔΗΓΟΥΣ","Municipali":"Δήμος Αθηναίων","Date":"2025/01"}},{"type":"Feature","id":416,"geometry":{"type":"Point","coordinates":[23.742637500000058,37.996142730000031]},"properties":{"FID":416,"Type":"ΟΔΗΓΟΣ-ΑΠΟΣΠΑΣΗ ΤΗΣ ΠΡΟΣΟΧΗΣ ΤΟΥ ΟΔΗΓΟΥ","Municipali":"Δήμος Αθηναίων","Date":"2025/01"}},{"type":"Feature","id":417,"geometry":{"type":"Point","coordinates":[23.756083850000039,37.980020540000055]},"properties":{"FID":417,"Type":"ΟΔΗΓΟΣ-ΑΠΟΣΠΑΣΗ ΤΗΣ ΠΡΟΣΟΧΗΣ ΤΟΥ ΟΔΗΓΟΥ","Municipali":"Δήμος Αθηναίων","Date":"2025/01"}},{"type":"Feature","id":418,"geometry":{"type":"Point","coordinates":[23.687585590000026,38.278239020000058]},"properties":{"FID":418,"Type":"ΟΔΗΓΟΣ-ΛΟΙΠΑ ΑΙΤΙΑ ΑΝΑΦΕΡΟΜΕΝΑ ΣΕ ΟΔΗΓΟΥΣ","Municipali":"Δήμος Ωρωπού","Date":"2025/01"}},{"type":"Feature","id":419,"geometry":{"type":"Point","coordinates":[23.767585700000041,37.976827100000037]},"properties":{"FID":419,"Type":"ΟΔΗΓΟΣ-ΛΟΙΠΑ ΑΙΤΙΑ ΑΝΑΦΕΡΟΜΕΝΑ ΣΕ ΟΔΗΓΟΥΣ","Municipali":"Δήμος Ζωγράφου","Date":"2025/01"}},{"type":"Feature","id":420,"geometry":{"type":"Point","coordinates":[23.697494200000051,38.008192800000074]},"properties":{"FID":420,"Type":"ΑΙΤΙΑ ΥΠΟ ΕΚΔΙΚΑΣΗ","Municipali":"Δήμος Περιστερίου","Date":"2025/01"}},{"type":"Feature","id":421,"geometry":{"type":"Point","coordinates":[23.738923070000055,38.096233900000072]},"properties":{"FID":421,"Type":"ΑΙΤΙΑ ΥΠΟ ΕΚΔΙΚΑΣΗ","Municipali":"Δήμος Αχαρνών","Date":"2025/01"}},{"type":"Feature","id":422,"geometry":{"type":"Point","coordinates":[23.75712991000006,37.887513230000025]},"properties":{"FID":422,"Type":"ΟΔΗΓΟΣ-ΛΟΙΠΕΣ ΠΑΡΑΒΙΑΣΕΙΣ ΣΗΜΑΝΣΕΩΝ ΕΝ ΓΕΝΕΙ","Municipali":"Δήμος Γλυφάδας","Date":"2025/01"}},{"type":"Feature","id":423,"geometry":{"type":"Point","coordinates":[23.775122170000031,37.996382510000046]},"properties":{"FID":423,"Type":"ΟΔΗΓΟΣ-ΛΟΙΠΕΣ ΠΑΡΑΒΙΑΣΕΙΣ ΣΗΜΑΝΣΕΩΝ ΕΝ ΓΕΝΕΙ","Municipali":"Δήμος Αθηναίων","Date":"2025/01"}},{"type":"Feature","id":424,"geometry":{"type":"Point","coordinates":[23.546791080000048,38.363868120000063]},"properties":{"FID":424,"Type":"ΟΔΗΓΟΣ-ΛΟΙΠΑ ΑΙΤΙΑ ΑΝΑΦΕΡΟΜΕΝΑ ΣΕ ΟΔΗΓΟΥΣ","Municipali":"Δήμος Τανάγρας","Date":"2025/01"}},{"type":"Feature","id":425,"geometry":{"type":"Point","coordinates":[23.642368910000073,37.954057980000073]},"properties":{"FID":425,"Type":"ΟΔΗΓΟΣ-ΛΟΙΠΑ ΑΙΤΙΑ ΑΝΑΦΕΡΟΜΕΝΑ ΣΕ ΟΔΗΓΟΥΣ","Municipali":"Δήμος Πειραιώς","Date":"2025/01"}},{"type":"Feature","id":426,"geometry":{"type":"Point","coordinates":[23.944616320000023,37.889638510000054]},"properties":{"FID":426,"Type":"ΑΙΤΙΑ ΥΠΟ ΕΚΔΙΚΑΣΗ","Municipali":"Δήμος Μαρκόπουλου Μεσογαίας","Date":"2025/01"}},{"type":"Feature","id":427,"geometry":{"type":"Point","coordinates":[23.741921780000041,38.025482570000065]},"properties":{"FID":427,"Type":"ΑΙΤΙΑ ΥΠΟ ΕΚΔΙΚΑΣΗ","Municipali":"Δήμος Αθηναίων","Date":"2025/01"}},{"type":"Feature","id":428,"geometry":{"type":"Point","coordinates":[23.745226260000038,38.118807890000028]},"properties":{"FID":428,"Type":"ΑΙΤΙΑ ΥΠΟ ΕΚΔΙΚΑΣΗ","Municipali":"Δήμος Αχαρνών","Date":"2025/01"}},{"type":"Feature","id":429,"geometry":{"type":"Point","coordinates":[23.626956940000071,37.986240210000062]},"properties":{"FID":429,"Type":"ΟΔΗΓΟΣ-ΛΟΙΠΑ ΑΙΤΙΑ ΑΝΑΦΕΡΟΜΕΝΑ ΣΕ ΟΔΗΓΟΥΣ","Municipali":"Δήμος Νίκαιας - Αγίου Ιωάννη Ρέντη","Date":"2025/01"}},{"type":"Feature","id":430,"geometry":{"type":"Point","coordinates":[23.744041280000033,37.949454560000049]},"properties":{"FID":430,"Type":"ΟΔΗΓΟΣ-ΛΟΙΠΑ ΑΙΤΙΑ ΑΝΑΦΕΡΟΜΕΝΑ ΣΕ ΟΔΗΓΟΥΣ","Municipali":"Δήμος Δάφνης - Υμηττού","Date":"2025/01"}},{"type":"Feature","id":431,"geometry":{"type":"Point","coordinates":[23.604222540000023,38.006104950000065]},"properties":{"FID":431,"Type":"ΟΔΗΓΟΣ-ΛΟΙΠΑ ΑΙΤΙΑ ΑΝΑΦΕΡΟΜΕΝΑ ΣΕ ΟΔΗΓΟΥΣ","Municipali":"Δήμος Χαϊδαρίου","Date":"2025/01"}},{"type":"Feature","id":432,"geometry":{"type":"Point","coordinates":[23.657158610000067,38.05555951000008]},"properties":{"FID":432,"Type":"ΟΔΗΓΟΣ-ΛΟΙΠΑ ΑΙΤΙΑ ΑΝΑΦΕΡΟΜΕΝΑ ΣΕ ΟΔΗΓΟΥΣ","Municipali":"Δήμος Φυλής","Date":"2025/01"}},{"type":"Feature","id":433,"geometry":{"type":"Point","coordinates":[23.818396900000039,38.052532600000063]},"properties":{"FID":433,"Type":"ΑΙΤΙΑ ΥΠΟ ΕΚΔΙΚΑΣΗ","Municipali":"Δήμος Αμαρουσίου","Date":"2025/01"}},{"type":"Feature","id":434,"geometry":{"type":"Point","coordinates":[23.736865300000034,38.084160700000041]},"properties":{"FID":434,"Type":"ΑΙΤΙΑ ΥΠΟ ΕΚΔΙΚΑΣΗ","Municipali":"Δήμος Αχαρνών","Date":"2025/01"}},{"type":"Feature","id":435,"geometry":{"type":"Point","coordinates":[23.744630810000046,37.915103280000039]},"properties":{"FID":435,"Type":"ΟΔΗΓΟΣ-ΛΟΙΠΑ ΑΙΤΙΑ ΑΝΑΦΕΡΟΜΕΝΑ ΣΕ ΟΔΗΓΟΥΣ","Municipali":"Δήμος Ελληνικού - Αργυρούπολης","Date":"2025/01"}},{"type":"Feature","id":436,"geometry":{"type":"Point","coordinates":[23.770293520000052,37.978422480000063]},"properties":{"FID":436,"Type":"ΟΔΗΓΟΣ-ΛΟΙΠΕΣ ΠΑΡΑΒΙΑΣΕΙΣ ΣΗΜΑΝΣΕΩΝ ΕΝ ΓΕΝΕΙ","Municipali":"Δήμος Ζωγράφου","Date":"2025/01"}},{"type":"Feature","id":437,"geometry":{"type":"Point","coordinates":[23.681691160000071,37.992382830000054]},"properties":{"FID":437,"Type":"ΑΙΤΙΑ ΥΠΟ ΕΚΔΙΚΑΣΗ","Municipali":"Δήμος Αιγάλεω","Date":"2025/01"}},{"type":"Feature","id":438,"geometry":{"type":"Point","coordinates":[23.682369300000062,37.994279100000028]},"properties":{"FID":438,"Type":"ΑΙΤΙΑ ΥΠΟ ΕΚΔΙΚΑΣΗ","Municipali":"Δήμος Αιγάλεω","Date":"2025/01"}},{"type":"Feature","id":439,"geometry":{"type":"Point","coordinates":[23.621635440000034,37.971343410000031]},"properties":{"FID":439,"Type":"ΟΔΗΓΟΣ-ΛΟΙΠΑ ΑΙΤΙΑ ΑΝΑΦΕΡΟΜΕΝΑ ΣΕ ΟΔΗΓΟΥΣ","Municipali":"Δήμος Κερατσινίου - Δραπετσώνας","Date":"2025/01"}},{"type":"Feature","id":440,"geometry":{"type":"Point","coordinates":[23.744158740000046,37.933434490000025]},"properties":{"FID":440,"Type":"ΟΔΗΓΟΣ-ΛΟΙΠΕΣ ΠΑΡΑΒΙΑΣΕΙΣ ΣΗΜΑΝΣΕΩΝ ΕΝ ΓΕΝΕΙ","Municipali":"Δήμος Αγίου Δημητρίου","Date":"2025/01"}},{"type":"Feature","id":441,"geometry":{"type":"Point","coordinates":[23.752940900000056,37.972485300000073]},"properties":{"FID":441,"Type":"ΟΔΗΓΟΣ-ΑΠΟΣΠΑΣΗ ΤΗΣ ΠΡΟΣΟΧΗΣ ΤΟΥ ΟΔΗΓΟΥ","Municipali":"Δήμος Καισαριανής","Date":"2025/01"}},{"type":"Feature","id":442,"geometry":{"type":"Point","coordinates":[23.461963900000057,38.029012280000074]},"properties":{"FID":442,"Type":"ΑΙΤΙΑ ΥΠΟ ΕΚΔΙΚΑΣΗ","Municipali":"Δήμος Μεγαρέων","Date":"2025/01"}},{"type":"Feature","id":443,"geometry":{"type":"Point","coordinates":[23.857299850000061,37.958196000000044]},"properties":{"FID":443,"Type":"ΑΙΤΙΑ ΥΠΟ ΕΚΔΙΚΑΣΗ","Municipali":"Δήμος Παιανίας","Date":"2025/01"}},{"type":"Feature","id":444,"geometry":{"type":"Point","coordinates":[23.743815200000029,37.961728960000073]},"properties":{"FID":444,"Type":"ΟΔΗΓΟΣ-ΛΟΙΠΕΣ ΠΑΡΑΒΙΑΣΕΙΣ ΣΗΜΑΝΣΕΩΝ ΕΝ ΓΕΝΕΙ","Municipali":"Δήμος Αθηναίων","Date":"2025/01"}},{"type":"Feature","id":445,"geometry":{"type":"Point","coordinates":[23.710180410000078,38.010889700000064]},"properties":{"FID":445,"Type":"ΑΙΤΙΑ ΥΠΟ ΕΚΔΙΚΑΣΗ","Municipali":"Δήμος Περιστερίου","Date":"2025/01"}},{"type":"Feature","id":446,"geometry":{"type":"Point","coordinates":[23.720587460000047,37.987235920000046]},"properties":{"FID":446,"Type":"ΑΙΤΙΑ ΥΠΟ ΕΚΔΙΚΑΣΗ","Municipali":"Δήμος Αθηναίων","Date":"2025/01"}},{"type":"Feature","id":447,"geometry":{"type":"Point","coordinates":[23.753814700000078,37.906062940000027]},"properties":{"FID":447,"Type":"ΟΔΗΓΟΣ-ΛΟΙΠΑ ΑΙΤΙΑ ΑΝΑΦΕΡΟΜΕΝΑ ΣΕ ΟΔΗΓΟΥΣ","Municipali":"Δήμος Ελληνικού - Αργυρούπολης","Date":"2025/01"}},{"type":"Feature","id":448,"geometry":{"type":"Point","coordinates":[23.737558920000026,37.948427680000066]},"properties":{"FID":448,"Type":"ΟΔΗΓΟΣ-ΛΟΙΠΑ ΑΙΤΙΑ ΑΝΑΦΕΡΟΜΕΝΑ ΣΕ ΟΔΗΓΟΥΣ","Municipali":"Δήμος Αγίου Δημητρίου","Date":"2025/01"}},{"type":"Feature","id":449,"geometry":{"type":"Point","coordinates":[23.85725141000006,38.202871240000036]},"properties":{"FID":449,"Type":"ΟΔΟΣ&ΚΑΙΡΟΣ-ΟΛΙΣΘΗΡΟΤΗΤΑ ΟΔΟΣΤΡΩΜΑΤΟΣ","Municipali":"Δήμος Ωρωπού","Date":"2025/01"}},{"type":"Feature","id":450,"geometry":{"type":"Point","coordinates":[23.436579110000025,38.016869990000032]},"properties":{"FID":450,"Type":"ΑΙΤΙΑ ΥΠΟ ΕΚΔΙΚΑΣΗ","Municipali":"Δήμος Μεγαρέων","Date":"2025/01"}},{"type":"Feature","id":451,"geometry":{"type":"Point","coordinates":[23.808637840000074,38.090794390000042]},"properties":{"FID":451,"Type":"ΑΙΤΙΑ ΥΠΟ ΕΚΔΙΚΑΣΗ","Municipali":"Δήμος Κηφισιάς","Date":"2025/01"}},{"type":"Feature","id":452,"geometry":{"type":"Point","coordinates":[23.741261580000071,38.001612010000031]},"properties":{"FID":452,"Type":"ΟΔΗΓΟΣ-ΛΟΙΠΕΣ ΠΑΡΑΒΙΑΣΕΙΣ ΣΗΜΑΝΣΕΩΝ ΕΝ ΓΕΝΕΙ","Municipali":"Δήμος Αθηναίων","Date":"2025/01"}},{"type":"Feature","id":453,"geometry":{"type":"Point","coordinates":[23.743579410000052,37.995645010000032]},"properties":{"FID":453,"Type":"ΟΔΗΓΟΣ-ΑΠΟΣΠΑΣΗ ΤΗΣ ΠΡΟΣΟΧΗΣ ΤΟΥ ΟΔΗΓΟΥ","Municipali":"Δήμος Αθηναίων","Date":"2025/01"}},{"type":"Feature","id":454,"geometry":{"type":"Point","coordinates":[23.769198240000037,37.952771060000032]},"properties":{"FID":454,"Type":"ΟΔΗΓΟΣ-ΑΠΟΣΠΑΣΗ ΤΗΣ ΠΡΟΣΟΧΗΣ ΤΟΥ ΟΔΗΓΟΥ","Municipali":"Δήμος Βύρωνα","Date":"2025/01"}},{"type":"Feature","id":455,"geometry":{"type":"Point","coordinates":[23.72998498000004,37.986451870000053]},"properties":{"FID":455,"Type":"ΟΔΗΓΟΣ-ΟΔΗΓΗΣΗ ΣΕ ΚΑΤΑΣΤΑΣΗ ΜΕΘΗΣ","Municipali":"Δήμος Αθηναίων","Date":"2025/01"}},{"type":"Feature","id":456,"geometry":{"type":"Point","coordinates":[23.733343000000048,37.980045000000075]},"properties":{"FID":456,"Type":"ΟΔΗΓΟΣ-ΟΔΗΓΗΣΗ ΣΕ ΚΑΤΑΣΤΑΣΗ ΜΕΘΗΣ","Municipali":"Δήμος Αθηναίων","Date":"2025/01"}},{"type":"Feature","id":457,"geometry":{"type":"Point","coordinates":[23.667404650000037,38.011498230000029]},"properties":{"FID":457,"Type":"ΑΙΤΙΑ ΥΠΟ ΕΚΔΙΚΑΣΗ","Municipali":"Δήμος Χαϊδαρίου","Date":"2025/01"}},{"type":"Feature","id":458,"geometry":{"type":"Point","coordinates":[23.747097820000079,37.972476290000031]},"properties":{"FID":458,"Type":"ΑΙΤΙΑ ΥΠΟ ΕΚΔΙΚΑΣΗ","Municipali":"Δήμος Αθηναίων","Date":"2025/01"}},{"type":"Feature","id":459,"geometry":{"type":"Point","coordinates":[23.823895450000066,38.089715360000071]},"properties":{"FID":459,"Type":"ΑΙΤΙΑ ΥΠΟ ΕΚΔΙΚΑΣΗ","Municipali":"Δήμος Κηφισιάς","Date":"2025/01"}},{"type":"Feature","id":460,"geometry":{"type":"Point","coordinates":[23.732583200000079,38.030673700000079]},"properties":{"FID":460,"Type":"ΑΙΤΙΑ ΥΠΟ ΕΚΔΙΚΑΣΗ","Municipali":"Δήμος Νέας Φιλαδέλφειας - Νέας Χαλκηδόνας","Date":"2025/01"}},{"type":"Feature","id":461,"geometry":{"type":"Point","coordinates":[23.535676000000024,38.074463750000064]},"properties":{"FID":461,"Type":"ΑΙΤΙΑ ΥΠΟ ΕΚΔΙΚΑΣΗ","Municipali":"Δήμος Ελευσίνας","Date":"2025/01"}},{"type":"Feature","id":462,"geometry":{"type":"Point","coordinates":[23.866338730000052,38.105816460000028]},"properties":{"FID":462,"Type":"ΑΙΤΙΑ ΥΠΟ ΕΚΔΙΚΑΣΗ","Municipali":"Δήμος Διονύσου","Date":"2025/01"}},{"type":"Feature","id":463,"geometry":{"type":"Point","coordinates":[23.810377120000055,38.085307420000049]},"properties":{"FID":463,"Type":"ΑΙΤΙΑ ΥΠΟ ΕΚΔΙΚΑΣΗ","Municipali":"Δήμος Κηφισιάς","Date":"2025/01"}},{"type":"Feature","id":464,"geometry":{"type":"Point","coordinates":[23.800334930000076,37.996517780000033]},"properties":{"FID":464,"Type":"ΟΔΗΓΟΣ-ΛΟΙΠΕΣ ΠΑΡΑΒΙΑΣΕΙΣ ΣΗΜΑΝΣΕΩΝ ΕΝ ΓΕΝΕΙ","Municipali":"Δήμος Παπάγου - Χολαργού","Date":"2025/01"}},{"type":"Feature","id":465,"geometry":{"type":"Point","coordinates":[23.709491970000045,37.971337250000033]},"properties":{"FID":465,"Type":"ΟΔΗΓΟΣ-ΛΟΙΠΕΣ ΠΑΡΑΒΙΑΣΕΙΣ ΣΗΜΑΝΣΕΩΝ ΕΝ ΓΕΝΕΙ","Municipali":"Δήμος Αθηναίων","Date":"2025/01"}},{"type":"Feature","id":466,"geometry":{"type":"Point","coordinates":[23.747524500000054,37.967622700000049]},"properties":{"FID":466,"Type":"ΟΔΗΓΟΣ-ΑΠΟΣΠΑΣΗ ΤΗΣ ΠΡΟΣΟΧΗΣ ΤΟΥ ΟΔΗΓΟΥ","Municipali":"Δήμος Αθηναίων","Date":"2025/01"}},{"type":"Feature","id":467,"geometry":{"type":"Point","coordinates":[23.697096710000039,37.946816090000027]},"properties":{"FID":467,"Type":"ΟΔΗΓΟΣ-ΠΑΡΑΒΙΑΣΗ ΠΡΟΤΕΡΑΙΟΤΗΤΑΣ ΓΕΝΙΚΩΣ","Municipali":"Δήμος Καλλιθέας","Date":"2025/01"}},{"type":"Feature","id":468,"geometry":{"type":"Point","coordinates":[23.738311510000074,37.979871530000025]},"properties":{"FID":468,"Type":"ΟΔΗΓΟΣ-ΑΠΟΣΠΑΣΗ ΤΗΣ ΠΡΟΣΟΧΗΣ ΤΟΥ ΟΔΗΓΟΥ","Municipali":"Δήμος Αθηναίων","Date":"2025/01"}},{"type":"Feature","id":469,"geometry":{"type":"Point","coordinates":[23.739563900000064,38.017443300000025]},"properties":{"FID":469,"Type":"ΟΔΗΓΟΣ-ΑΠΟΣΠΑΣΗ ΤΗΣ ΠΡΟΣΟΧΗΣ ΤΟΥ ΟΔΗΓΟΥ","Municipali":"Δήμος Αθηναίων","Date":"2025/01"}},{"type":"Feature","id":470,"geometry":{"type":"Point","coordinates":[23.734481330000051,37.945212800000036]},"properties":{"FID":470,"Type":"ΟΔΗΓΟΣ-ΛΟΙΠΑ ΑΙΤΙΑ ΑΝΑΦΕΡΟΜΕΝΑ ΣΕ ΟΔΗΓΟΥΣ","Municipali":"Δήμος Αγίου Δημητρίου","Date":"2025/01"}},{"type":"Feature","id":471,"geometry":{"type":"Point","coordinates":[23.646799920000035,37.980041680000056]},"properties":{"FID":471,"Type":"ΟΔΗΓΟΣ-ΛΟΙΠΑ ΑΙΤΙΑ ΑΝΑΦΕΡΟΜΕΝΑ ΣΕ ΟΔΗΓΟΥΣ","Municipali":"Δήμος Κορυδαλλού","Date":"2025/01"}},{"type":"Feature","id":472,"geometry":{"type":"Point","coordinates":[23.717395660000022,38.010437360000026]},"properties":{"FID":472,"Type":"ΑΙΤΙΑ ΥΠΟ ΕΚΔΙΚΑΣΗ","Municipali":"Δήμος Περιστερίου","Date":"2025/01"}},{"type":"Feature","id":473,"geometry":{"type":"Point","coordinates":[23.854059580000069,38.076017770000078]},"properties":{"FID":473,"Type":"ΑΙΤΙΑ ΥΠΟ ΕΚΔΙΚΑΣΗ","Municipali":"Δήμος Κηφισιάς","Date":"2025/01"}},{"type":"Feature","id":474,"geometry":{"type":"Point","coordinates":[23.741185500000029,38.001636900000051]},"properties":{"FID":474,"Type":"ΟΔΗΓΟΣ-ΛΟΙΠΕΣ ΠΑΡΑΒΙΑΣΕΙΣ ΣΗΜΑΝΣΕΩΝ ΕΝ ΓΕΝΕΙ","Municipali":"Δήμος Αθηναίων","Date":"2025/01"}},{"type":"Feature","id":475,"geometry":{"type":"Point","coordinates":[23.735618910000028,37.990909940000051]},"properties":{"FID":475,"Type":"ΟΔΗΓΟΣ-ΛΟΙΠΑ ΑΙΤΙΑ ΑΝΑΦΕΡΟΜΕΝΑ ΣΕ ΟΔΗΓΟΥΣ","Municipali":"Δήμος Αθηναίων","Date":"2025/01"}},{"type":"Feature","id":476,"geometry":{"type":"Point","coordinates":[23.741937620000044,37.971326020000049]},"properties":{"FID":476,"Type":"ΟΔΗΓΟΣ-ΑΠΟΣΠΑΣΗ ΤΗΣ ΠΡΟΣΟΧΗΣ ΤΟΥ ΟΔΗΓΟΥ","Municipali":"Δήμος Αθηναίων","Date":"2025/01"}},{"type":"Feature","id":477,"geometry":{"type":"Point","coordinates":[23.675923350000062,38.290812370000026]},"properties":{"FID":477,"Type":"ΟΔΗΓΟΣ-ΠΑΡΑΒΙΑΣΗ ΠΡΟΤΕΡΑΙΟΤΗΤΑΣ ΓΕΝΙΚΩΣ","Municipali":"Δήμος Ωρωπού","Date":"2025/01"}},{"type":"Feature","id":478,"geometry":{"type":"Point","coordinates":[23.714383000000055,37.984255300000029]},"properties":{"FID":478,"Type":"ΟΔΗΓΟΣ-ΑΠΟΣΠΑΣΗ ΤΗΣ ΠΡΟΣΟΧΗΣ ΤΟΥ ΟΔΗΓΟΥ","Municipali":"Δήμος Αθηναίων","Date":"2025/01"}},{"type":"Feature","id":479,"geometry":{"type":"Point","coordinates":[23.717787270000031,38.023720410000067]},"properties":{"FID":479,"Type":"ΑΙΤΙΑ ΥΠΟ ΕΚΔΙΚΑΣΗ","Municipali":"Δήμος Αγίων Αναργύρων – Καματερού","Date":"2025/01"}},{"type":"Feature","id":480,"geometry":{"type":"Point","coordinates":[23.768604400000072,37.999100690000034]},"properties":{"FID":480,"Type":"ΑΙΤΙΑ ΥΠΟ ΕΚΔΙΚΑΣΗ","Municipali":"Δήμος Φιλοθέης - Ψυχικού","Date":"2025/01"}},{"type":"Feature","id":481,"geometry":{"type":"Point","coordinates":[23.63048673000003,37.936916560000043]},"properties":{"FID":481,"Type":"ΑΙΤΙΑ ΥΠΟ ΕΚΔΙΚΑΣΗ","Municipali":"Δήμος Πειραιώς","Date":"2025/01"}},{"type":"Feature","id":482,"geometry":{"type":"Point","coordinates":[23.58117776000006,38.346376590000034]},"properties":{"FID":482,"Type":"ΑΙΤΙΑ ΥΠΟ ΕΚΔΙΚΑΣΗ","Municipali":"Δήμος Τανάγρας","Date":"2025/01"}},{"type":"Feature","id":483,"geometry":{"type":"Point","coordinates":[23.724900800000057,37.998972870000046]},"properties":{"FID":483,"Type":"ΟΔΗΓΟΣ-ΛΟΙΠΕΣ ΠΑΡΑΒΙΑΣΕΙΣ ΣΗΜΑΝΣΕΩΝ ΕΝ ΓΕΝΕΙ","Municipali":"Δήμος Αθηναίων","Date":"2025/01"}},{"type":"Feature","id":484,"geometry":{"type":"Point","coordinates":[23.710664430000065,37.991196070000058]},"properties":{"FID":484,"Type":"ΟΔΗΓΟΣ-ΛΟΙΠΕΣ ΠΑΡΑΒΙΑΣΕΙΣ ΣΗΜΑΝΣΕΩΝ ΕΝ ΓΕΝΕΙ","Municipali":"Δήμος Αθηναίων","Date":"2025/01"}},{"type":"Feature","id":485,"geometry":{"type":"Point","coordinates":[23.754172200000028,37.969626800000071]},"properties":{"FID":485,"Type":"ΟΔΗΓΟΣ-ΛΟΙΠΑ ΑΙΤΙΑ ΑΝΑΦΕΡΟΜΕΝΑ ΣΕ ΟΔΗΓΟΥΣ","Municipali":"Δήμος Καισαριανής","Date":"2025/01"}},{"type":"Feature","id":486,"geometry":{"type":"Point","coordinates":[23.741465730000073,37.973144810000065]},"properties":{"FID":486,"Type":"ΟΔΗΓΟΣ-ΑΠΟΣΠΑΣΗ ΤΗΣ ΠΡΟΣΟΧΗΣ ΤΟΥ ΟΔΗΓΟΥ","Municipali":"Δήμος Αθηναίων","Date":"2025/01"}},{"type":"Feature","id":487,"geometry":{"type":"Point","coordinates":[23.727957040000035,37.987842580000063]},"properties":{"FID":487,"Type":"ΟΔΗΓΟΣ-ΛΟΙΠΑ ΑΙΤΙΑ ΑΝΑΦΕΡΟΜΕΝΑ ΣΕ ΟΔΗΓΟΥΣ","Municipali":"Δήμος Αθηναίων","Date":"2025/01"}},{"type":"Feature","id":488,"geometry":{"type":"Point","coordinates":[23.741399800000067,37.98512240000008]},"properties":{"FID":488,"Type":"ΟΔΗΓΟΣ-ΟΔΗΓΗΣΗ ΣΕ ΚΑΤΑΣΤΑΣΗ ΜΕΘΗΣ","Municipali":"Δήμος Αθηναίων","Date":"2025/01"}},{"type":"Feature","id":489,"geometry":{"type":"Point","coordinates":[23.740039400000057,37.972422400000028]},"properties":{"FID":489,"Type":"ΑΙΤΙΑ ΥΠΟ ΕΚΔΙΚΑΣΗ","Municipali":"Δήμος Αθηναίων","Date":"2025/01"}},{"type":"Feature","id":490,"geometry":{"type":"Point","coordinates":[23.654025790000048,37.969656070000042]},"properties":{"FID":490,"Type":"ΟΔΗΓΟΣ-ΛΟΙΠΑ ΑΙΤΙΑ ΑΝΑΦΕΡΟΜΕΝΑ ΣΕ ΟΔΗΓΟΥΣ","Municipali":"Δήμος Νίκαιας - Αγίου Ιωάννη Ρέντη","Date":"2025/01"}},{"type":"Feature","id":491,"geometry":{"type":"Point","coordinates":[23.739223480000078,38.037275690000058]},"properties":{"FID":491,"Type":"ΑΙΤΙΑ ΥΠΟ ΕΚΔΙΚΑΣΗ","Municipali":"Δήμος Νέας Φιλαδέλφειας - Νέας Χαλκηδόνας","Date":"2025/01"}},{"type":"Feature","id":492,"geometry":{"type":"Point","coordinates":[23.824110030000043,38.22874137000008]},"properties":{"FID":492,"Type":"ΟΔΗΓΟΣ-ΛΟΙΠΑ ΑΙΤΙΑ ΑΝΑΦΕΡΟΜΕΝΑ ΣΕ ΟΔΗΓΟΥΣ","Municipali":"Δήμος Ωρωπού","Date":"2025/01"}},{"type":"Feature","id":493,"geometry":{"type":"Point","coordinates":[23.798092600000075,38.021577870000044]},"properties":{"FID":493,"Type":"ΑΙΤΙΑ ΥΠΟ ΕΚΔΙΚΑΣΗ","Municipali":"Δήμος Χαλανδρίου","Date":"2025/01"}},{"type":"Feature","id":494,"geometry":{"type":"Point","coordinates":[23.754504300000065,38.044900600000062]},"properties":{"FID":494,"Type":"ΑΙΤΙΑ ΥΠΟ ΕΚΔΙΚΑΣΗ","Municipali":"Δήμος Νέας Ιωνίας","Date":"2025/01"}},{"type":"Feature","id":495,"geometry":{"type":"Point","coordinates":[23.839988710000057,38.016971420000061]},"properties":{"FID":495,"Type":"ΟΔΗΓΟΣ-ΛΟΙΠΑ ΑΙΤΙΑ ΑΝΑΦΕΡΟΜΕΝΑ ΣΕ ΟΔΗΓΟΥΣ","Municipali":"Δήμος Αγίας Παρασκευής","Date":"2025/01"}},{"type":"Feature","id":496,"geometry":{"type":"Point","coordinates":[23.71768534000006,37.994898660000047]},"properties":{"FID":496,"Type":"ΟΔΗΓΟΣ-ΑΠΟΣΠΑΣΗ ΤΗΣ ΠΡΟΣΟΧΗΣ ΤΟΥ ΟΔΗΓΟΥ","Municipali":"Δήμος Αθηναίων","Date":"2025/01"}},{"type":"Feature","id":497,"geometry":{"type":"Point","coordinates":[23.806970720000038,38.009575120000079]},"properties":{"FID":497,"Type":"ΑΙΤΙΑ ΥΠΟ ΕΚΔΙΚΑΣΗ","Municipali":"Δήμος Αγίας Παρασκευής","Date":"2025/01"}},{"type":"Feature","id":498,"geometry":{"type":"Point","coordinates":[23.673691750000046,37.954722070000059]},"properties":{"FID":498,"Type":"ΑΙΤΙΑ ΥΠΟ ΕΚΔΙΚΑΣΗ","Municipali":"Δήμος Μοσχάτου-Ταύρου","Date":"2025/01"}},{"type":"Feature","id":499,"geometry":{"type":"Point","coordinates":[23.756346700000051,37.933789900000079]},"properties":{"FID":499,"Type":"ΑΙΤΙΑ ΥΠΟ ΕΚΔΙΚΑΣΗ","Municipali":"Δήμος Ηλιούπολης","Date":"2025/01"}},{"type":"Feature","id":500,"geometry":{"type":"Point","coordinates":[23.706645370000047,37.962665250000043]},"properties":{"FID":500,"Type":"ΑΙΤΙΑ ΥΠΟ ΕΚΔΙΚΑΣΗ","Municipali":"Δήμος Καλλιθέας","Date":"2025/01"}},{"type":"Feature","id":501,"geometry":{"type":"Point","coordinates":[23.808136200000035,37.838860300000078]},"properties":{"FID":501,"Type":"ΟΔΗΓΟΣ-ΛΟΙΠΑ ΑΙΤΙΑ ΑΝΑΦΕΡΟΜΕΝΑ ΣΕ ΟΔΗΓΟΥΣ","Municipali":"Δήμος Βάρης - Βούλας - Βουλιαγμένης","Date":"2025/01"}},{"type":"Feature","id":502,"geometry":{"type":"Point","coordinates":[23.703394530000025,37.934974580000073]},"properties":{"FID":502,"Type":"ΑΙΤΙΑ ΥΠΟ ΕΚΔΙΚΑΣΗ","Municipali":"Δήμος Παλαιού Φαλήρου","Date":"2025/01"}},{"type":"Feature","id":503,"geometry":{"type":"Point","coordinates":[23.782852290000051,37.997942410000064]},"properties":{"FID":503,"Type":"ΑΙΤΙΑ ΥΠΟ ΕΚΔΙΚΑΣΗ","Municipali":"Δήμος Αθηναίων","Date":"2025/01"}},{"type":"Feature","id":504,"geometry":{"type":"Point","coordinates":[23.684742450000044,37.950627480000037]},"properties":{"FID":504,"Type":"ΑΙΤΙΑ ΥΠΟ ΕΚΔΙΚΑΣΗ","Municipali":"Δήμος Μοσχάτου-Ταύρου","Date":"2025/01"}},{"type":"Feature","id":505,"geometry":{"type":"Point","coordinates":[23.74847174000007,37.92400710000004]},"properties":{"FID":505,"Type":"ΑΙΤΙΑ ΥΠΟ ΕΚΔΙΚΑΣΗ","Municipali":"Δήμος Ηλιούπολης","Date":"2025/01"}},{"type":"Feature","id":506,"geometry":{"type":"Point","coordinates":[23.761271240000042,37.894642430000033]},"properties":{"FID":506,"Type":"ΑΙΤΙΑ ΥΠΟ ΕΚΔΙΚΑΣΗ","Municipali":"Δήμος Γλυφάδας","Date":"2025/01"}},{"type":"Feature","id":507,"geometry":{"type":"Point","coordinates":[23.620052930000043,37.966530800000044]},"properties":{"FID":507,"Type":"ΟΔΗΓΟΣ-ΛΟΙΠΑ ΑΙΤΙΑ ΑΝΑΦΕΡΟΜΕΝΑ ΣΕ ΟΔΗΓΟΥΣ","Municipali":"Δήμος Κερατσινίου - Δραπετσώνας","Date":"2025/01"}},{"type":"Feature","id":508,"geometry":{"type":"Point","coordinates":[23.744963170000062,37.953768470000057]},"properties":{"FID":508,"Type":"ΟΔΗΓΟΣ-ΛΟΙΠΕΣ ΠΑΡΑΒΙΑΣΕΙΣ ΣΗΜΑΝΣΕΩΝ ΕΝ ΓΕΝΕΙ","Municipali":"Δήμος Δάφνης - Υμηττού","Date":"2025/01"}},{"type":"Feature","id":509,"geometry":{"type":"Point","coordinates":[23.743858470000077,37.995575060000078]},"properties":{"FID":509,"Type":"ΟΔΗΓΟΣ-ΑΠΟΣΠΑΣΗ ΤΗΣ ΠΡΟΣΟΧΗΣ ΤΟΥ ΟΔΗΓΟΥ","Municipali":"Δήμος Αθηναίων","Date":"2025/01"}},{"type":"Feature","id":510,"geometry":{"type":"Point","coordinates":[23.74068402000006,37.995882960000074]},"properties":{"FID":510,"Type":"ΟΔΗΓΟΣ-ΑΠΟΣΠΑΣΗ ΤΗΣ ΠΡΟΣΟΧΗΣ ΤΟΥ ΟΔΗΓΟΥ","Municipali":"Δήμος Αθηναίων","Date":"2025/01"}},{"type":"Feature","id":511,"geometry":{"type":"Point","coordinates":[23.675322530000074,37.968442350000032]},"properties":{"FID":511,"Type":"ΑΙΤΙΑ ΥΠΟ ΕΚΔΙΚΑΣΗ","Municipali":"Δήμος Νίκαιας - Αγίου Ιωάννη Ρέντη","Date":"2025/01"}},{"type":"Feature","id":512,"geometry":{"type":"Point","coordinates":[23.86042714000007,38.01445676000003]},"properties":{"FID":512,"Type":"ΟΔΗΓΟΣ-ΠΑΡΑΒΙΑΣΗ ΠΡΟΤΕΡΑΙΟΤΗΤΑΣ ΓΕΝΙΚΩΣ","Municipali":"Δήμος Παλλήνης","Date":"2025/01"}},{"type":"Feature","id":513,"geometry":{"type":"Point","coordinates":[23.703694940000048,37.970831710000027]},"properties":{"FID":513,"Type":"ΑΙΤΙΑ ΥΠΟ ΕΚΔΙΚΑΣΗ","Municipali":"Δήμος Αθηναίων","Date":"2025/01"}},{"type":"Feature","id":514,"geometry":{"type":"Point","coordinates":[23.64742756000004,37.954413290000048]},"properties":{"FID":514,"Type":"ΑΙΤΙΑ ΥΠΟ ΕΚΔΙΚΑΣΗ","Municipali":"Δήμος Πειραιώς","Date":"2025/01"}},{"type":"Feature","id":515,"geometry":{"type":"Point","coordinates":[23.789332510000065,38.005783700000052]},"properties":{"FID":515,"Type":"ΟΔΗΓΟΣ-ΛΟΙΠΕΣ ΠΑΡΑΒΙΑΣΕΙΣ ΣΗΜΑΝΣΕΩΝ ΕΝ ΓΕΝΕΙ","Municipali":"Δήμος Χαλανδρίου","Date":"2025/01"}},{"type":"Feature","id":516,"geometry":{"type":"Point","coordinates":[23.635571800000037,37.979896000000053]},"properties":{"FID":516,"Type":"ΑΙΤΙΑ ΥΠΟ ΕΚΔΙΚΑΣΗ","Municipali":"Δήμος Νίκαιας - Αγίου Ιωάννη Ρέντη","Date":"2025/01"}},{"type":"Feature","id":517,"geometry":{"type":"Point","coordinates":[23.685777780000024,37.958672620000073]},"properties":{"FID":517,"Type":"ΑΙΤΙΑ ΥΠΟ ΕΚΔΙΚΑΣΗ","Municipali":"Δήμος Μοσχάτου-Ταύρου","Date":"2025/01"}},{"type":"Feature","id":518,"geometry":{"type":"Point","coordinates":[23.668112750000034,37.95287361000004]},"properties":{"FID":518,"Type":"ΑΙΤΙΑ ΥΠΟ ΕΚΔΙΚΑΣΗ","Municipali":"Δήμος Πειραιώς","Date":"2025/01"}},{"type":"Feature","id":519,"geometry":{"type":"Point","coordinates":[23.642385010000055,37.953254300000026]},"properties":{"FID":519,"Type":"ΑΙΤΙΑ ΥΠΟ ΕΚΔΙΚΑΣΗ","Municipali":"Δήμος Πειραιώς","Date":"2025/01"}},{"type":"Feature","id":520,"geometry":{"type":"Point","coordinates":[23.812479970000027,38.073897880000061]},"properties":{"FID":520,"Type":"ΑΙΤΙΑ ΥΠΟ ΕΚΔΙΚΑΣΗ","Municipali":"Δήμος Κηφισιάς","Date":"2025/01"}},{"type":"Feature","id":521,"geometry":{"type":"Point","coordinates":[23.827800750000051,38.097618600000033]},"properties":{"FID":521,"Type":"ΑΙΤΙΑ ΥΠΟ ΕΚΔΙΚΑΣΗ","Municipali":"Δήμος Κηφισιάς","Date":"2025/01"}},{"type":"Feature","id":522,"geometry":{"type":"Point","coordinates":[23.685010670000054,37.987631210000075]},"properties":{"FID":522,"Type":"ΑΙΤΙΑ ΥΠΟ ΕΚΔΙΚΑΣΗ","Municipali":"Δήμος Αιγάλεω","Date":"2025/01"}},{"type":"Feature","id":523,"geometry":{"type":"Point","coordinates":[23.711982130000024,37.993994370000053]},"properties":{"FID":523,"Type":"ΟΔΗΓΟΣ-ΛΟΙΠΕΣ ΠΑΡΑΒΙΑΣΕΙΣ ΣΗΜΑΝΣΕΩΝ ΕΝ ΓΕΝΕΙ","Municipali":"Δήμος Αθηναίων","Date":"2025/01"}},{"type":"Feature","id":524,"geometry":{"type":"Point","coordinates":[23.723613110000031,38.001268010000047]},"properties":{"FID":524,"Type":"ΟΔΗΓΟΣ-ΑΠΟΣΠΑΣΗ ΤΗΣ ΠΡΟΣΟΧΗΣ ΤΟΥ ΟΔΗΓΟΥ","Municipali":"Δήμος Αθηναίων","Date":"2025/01"}},{"type":"Feature","id":525,"geometry":{"type":"Point","coordinates":[23.812426330000051,38.07686233000004]},"properties":{"FID":525,"Type":"ΑΙΤΙΑ ΥΠΟ ΕΚΔΙΚΑΣΗ","Municipali":"Δήμος Κηφισιάς","Date":"2025/01"}},{"type":"Feature","id":526,"geometry":{"type":"Point","coordinates":[23.748067800000058,37.996195500000056]},"properties":{"FID":526,"Type":"ΑΙΤΙΑ ΥΠΟ ΕΚΔΙΚΑΣΗ","Municipali":"Δήμος Αθηναίων","Date":"2025/01"}},{"type":"Feature","id":527,"geometry":{"type":"Point","coordinates":[23.613108820000036,37.960363010000037]},"properties":{"FID":527,"Type":"ΟΔΗΓΟΣ-ΛΟΙΠΑ ΑΙΤΙΑ ΑΝΑΦΕΡΟΜΕΝΑ ΣΕ ΟΔΗΓΟΥΣ","Municipali":"Δήμος Κερατσινίου - Δραπετσώνας","Date":"2025/01"}},{"type":"Feature","id":528,"geometry":{"type":"Point","coordinates":[23.688261510000075,37.977669530000071]},"properties":{"FID":528,"Type":"ΑΙΤΙΑ ΥΠΟ ΕΚΔΙΚΑΣΗ","Municipali":"Δήμος Μοσχάτου-Ταύρου","Date":"2025/01"}},{"type":"Feature","id":529,"geometry":{"type":"Point","coordinates":[23.791043760000036,38.038103800000044]},"properties":{"FID":529,"Type":"ΑΙΤΙΑ ΥΠΟ ΕΚΔΙΚΑΣΗ","Municipali":"Δήμος Αμαρουσίου","Date":"2025/01"}},{"type":"Feature","id":530,"geometry":{"type":"Point","coordinates":[23.870372770000074,37.995875210000065]},"properties":{"FID":530,"Type":"ΑΙΤΙΑ ΥΠΟ ΕΚΔΙΚΑΣΗ","Municipali":"Δήμος Παλλήνης","Date":"2025/01"}},{"type":"Feature","id":531,"geometry":{"type":"Point","coordinates":[23.749577250000073,38.006525390000036]},"properties":{"FID":531,"Type":"ΟΔΗΓΟΣ-ΛΟΙΠΕΣ ΠΑΡΑΒΙΑΣΕΙΣ ΣΗΜΑΝΣΕΩΝ ΕΝ ΓΕΝΕΙ","Municipali":"Δήμος Αθηναίων","Date":"2025/01"}},{"type":"Feature","id":532,"geometry":{"type":"Point","coordinates":[23.759104200000024,37.962085850000051]},"properties":{"FID":532,"Type":"ΟΔΗΓΟΣ-ΛΟΙΠΑ ΑΙΤΙΑ ΑΝΑΦΕΡΟΜΕΝΑ ΣΕ ΟΔΗΓΟΥΣ","Municipali":"Δήμος Καισαριανής","Date":"2025/01"}},{"type":"Feature","id":533,"geometry":{"type":"Point","coordinates":[23.734994510000035,38.005943760000036]},"properties":{"FID":533,"Type":"ΟΔΗΓΟΣ-ΑΠΟΣΠΑΣΗ ΤΗΣ ΠΡΟΣΟΧΗΣ ΤΟΥ ΟΔΗΓΟΥ","Municipali":"Δήμος Αθηναίων","Date":"2025/01"}},{"type":"Feature","id":534,"geometry":{"type":"Point","coordinates":[23.736201000000051,38.01978790000004]},"properties":{"FID":534,"Type":"ΑΙΤΙΑ ΥΠΟ ΕΚΔΙΚΑΣΗ","Municipali":"Δήμος Αθηναίων","Date":"2025/01"}},{"type":"Feature","id":535,"geometry":{"type":"Point","coordinates":[23.643726110000046,37.94601233000003]},"properties":{"FID":535,"Type":"ΑΙΤΙΑ ΥΠΟ ΕΚΔΙΚΑΣΗ","Municipali":"Δήμος Πειραιώς","Date":"2025/01"}},{"type":"Feature","id":536,"geometry":{"type":"Point","coordinates":[23.726080360000026,37.98123221000003]},"properties":{"FID":536,"Type":"ΟΔΗΓΟΣ-ΛΟΙΠΕΣ ΠΑΡΑΒΙΑΣΕΙΣ ΣΗΜΑΝΣΕΩΝ ΕΝ ΓΕΝΕΙ","Municipali":"Δήμος Αθηναίων","Date":"2025/01"}},{"type":"Feature","id":537,"geometry":{"type":"Point","coordinates":[23.740396100000055,37.98137980000007]},"properties":{"FID":537,"Type":"ΟΔΗΓΟΣ-ΑΠΟΣΠΑΣΗ ΤΗΣ ΠΡΟΣΟΧΗΣ ΤΟΥ ΟΔΗΓΟΥ","Municipali":"Δήμος Αθηναίων","Date":"2025/01"}},{"type":"Feature","id":538,"geometry":{"type":"Point","coordinates":[23.81774783000003,38.088068750000048]},"properties":{"FID":538,"Type":"ΑΙΤΙΑ ΥΠΟ ΕΚΔΙΚΑΣΗ","Municipali":"Δήμος Κηφισιάς","Date":"2025/01"}},{"type":"Feature","id":539,"geometry":{"type":"Point","coordinates":[23.856489660000022,38.125695190000044]},"properties":{"FID":539,"Type":"ΑΙΤΙΑ ΥΠΟ ΕΚΔΙΚΑΣΗ","Municipali":"Δήμος Διονύσου","Date":"2025/01"}},{"type":"Feature","id":540,"geometry":{"type":"Point","coordinates":[23.750532290000024,37.955082450000077]},"properties":{"FID":540,"Type":"ΟΔΗΓΟΣ-ΛΟΙΠΕΣ ΠΑΡΑΒΙΑΣΕΙΣ ΣΗΜΑΝΣΕΩΝ ΕΝ ΓΕΝΕΙ","Municipali":"Δήμος Δάφνης - Υμηττού","Date":"2025/01"}},{"type":"Feature","id":541,"geometry":{"type":"Point","coordinates":[23.829002380000077,38.022769590000053]},"properties":{"FID":541,"Type":"ΑΙΤΙΑ ΥΠΟ ΕΚΔΙΚΑΣΗ","Municipali":"Δήμος Χαλανδρίου","Date":"2025/01"}},{"type":"Feature","id":542,"geometry":{"type":"Point","coordinates":[23.656461240000056,37.95508583000003]},"properties":{"FID":542,"Type":"ΑΙΤΙΑ ΥΠΟ ΕΚΔΙΚΑΣΗ","Municipali":"Δήμος Πειραιώς","Date":"2025/01"}},{"type":"Feature","id":543,"geometry":{"type":"Point","coordinates":[23.757590890000074,37.963847330000078]},"properties":{"FID":543,"Type":"ΟΔΗΓΟΣ-ΛΟΙΠΕΣ ΠΑΡΑΒΙΑΣΕΙΣ ΣΗΜΑΝΣΕΩΝ ΕΝ ΓΕΝΕΙ","Municipali":"Δήμος Καισαριανής","Date":"2025/01"}},{"type":"Feature","id":544,"geometry":{"type":"Point","coordinates":[23.764853850000065,37.981142680000062]},"properties":{"FID":544,"Type":"ΟΔΗΓΟΣ-ΛΟΙΠΕΣ ΠΑΡΑΒΙΑΣΕΙΣ ΣΗΜΑΝΣΕΩΝ ΕΝ ΓΕΝΕΙ","Municipali":"Δήμος Ζωγράφου","Date":"2025/01"}},{"type":"Feature","id":545,"geometry":{"type":"Point","coordinates":[23.754858440000078,37.970916550000027]},"properties":{"FID":545,"Type":"ΟΔΗΓΟΣ-ΑΠΟΣΠΑΣΗ ΤΗΣ ΠΡΟΣΟΧΗΣ ΤΟΥ ΟΔΗΓΟΥ","Municipali":"Δήμος Καισαριανής","Date":"2025/01"}},{"type":"Feature","id":546,"geometry":{"type":"Point","coordinates":[23.726734470000054,37.987038250000069]},"properties":{"FID":546,"Type":"ΑΙΤΙΑ ΥΠΟ ΕΚΔΙΚΑΣΗ","Municipali":"Δήμος Αθηναίων","Date":"2025/01"}},{"type":"Feature","id":547,"geometry":{"type":"Point","coordinates":[23.712894920000053,37.939628490000075]},"properties":{"FID":547,"Type":"ΟΔΗΓΟΣ-ΛΟΙΠΑ ΑΙΤΙΑ ΑΝΑΦΕΡΟΜΕΝΑ ΣΕ ΟΔΗΓΟΥΣ","Municipali":"Δήμος Νέας Σμύρνης","Date":"2025/01"}},{"type":"Feature","id":548,"geometry":{"type":"Point","coordinates":[23.809266690000072,38.043486280000025]},"properties":{"FID":548,"Type":"ΑΙΤΙΑ ΥΠΟ ΕΚΔΙΚΑΣΗ","Municipali":"Δήμος Αμαρουσίου","Date":"2025/01"}},{"type":"Feature","id":549,"geometry":{"type":"Point","coordinates":[23.633807300000058,37.952078380000046]},"properties":{"FID":549,"Type":"ΑΙΤΙΑ ΥΠΟ ΕΚΔΙΚΑΣΗ","Municipali":"Δήμος Πειραιώς","Date":"2025/01"}},{"type":"Feature","id":550,"geometry":{"type":"Point","coordinates":[23.723924890000035,37.963328060000038]},"properties":{"FID":550,"Type":"ΟΔΗΓΟΣ-ΛΟΙΠΕΣ ΠΑΡΑΒΙΑΣΕΙΣ ΣΗΜΑΝΣΕΩΝ ΕΝ ΓΕΝΕΙ","Municipali":"Δήμος Αθηναίων","Date":"2025/01"}},{"type":"Feature","id":551,"geometry":{"type":"Point","coordinates":[23.740317760000039,37.990337340000053]},"properties":{"FID":551,"Type":"ΟΔΗΓΟΣ-ΑΠΟΣΠΑΣΗ ΤΗΣ ΠΡΟΣΟΧΗΣ ΤΟΥ ΟΔΗΓΟΥ","Municipali":"Δήμος Αθηναίων","Date":"2025/01"}},{"type":"Feature","id":552,"geometry":{"type":"Point","coordinates":[23.71759454000005,37.979353480000043]},"properties":{"FID":552,"Type":"ΟΔΗΓΟΣ-ΑΠΟΣΠΑΣΗ ΤΗΣ ΠΡΟΣΟΧΗΣ ΤΟΥ ΟΔΗΓΟΥ","Municipali":"Δήμος Αθηναίων","Date":"2025/01"}},{"type":"Feature","id":553,"geometry":{"type":"Point","coordinates":[23.80181551000004,37.817607180000039]},"properties":{"FID":553,"Type":"ΑΙΤΙΑ ΥΠΟ ΕΚΔΙΚΑΣΗ","Municipali":"Δήμος Βάρης - Βούλας - Βουλιαγμένης","Date":"2025/01"}},{"type":"Feature","id":554,"geometry":{"type":"Point","coordinates":[23.789337870000054,38.011451740000041]},"properties":{"FID":554,"Type":"ΑΙΤΙΑ ΥΠΟ ΕΚΔΙΚΑΣΗ","Municipali":"Δήμος Χαλανδρίου","Date":"2025/01"}},{"type":"Feature","id":555,"geometry":{"type":"Point","coordinates":[23.756348160000073,37.965017050000029]},"properties":{"FID":555,"Type":"ΑΙΤΙΑ ΥΠΟ ΕΚΔΙΚΑΣΗ","Municipali":"Δήμος Βύρωνα","Date":"2025/01"}},{"type":"Feature","id":556,"geometry":{"type":"Point","coordinates":[23.731777670000042,37.941456130000063]},"properties":{"FID":556,"Type":"ΟΔΗΓΟΣ-ΛΟΙΠΑ ΑΙΤΙΑ ΑΝΑΦΕΡΟΜΕΝΑ ΣΕ ΟΔΗΓΟΥΣ","Municipali":"Δήμος Αγίου Δημητρίου","Date":"2025/01"}},{"type":"Feature","id":557,"geometry":{"type":"Point","coordinates":[23.765246270000034,37.988548660000049]},"properties":{"FID":557,"Type":"ΟΔΗΓΟΣ-ΛΟΙΠΕΣ ΠΑΡΑΒΙΑΣΕΙΣ ΣΗΜΑΝΣΕΩΝ ΕΝ ΓΕΝΕΙ","Municipali":"Δήμος Αθηναίων","Date":"2025/01"}},{"type":"Feature","id":558,"geometry":{"type":"Point","coordinates":[23.772976400000061,38.001497520000044]},"properties":{"FID":558,"Type":"ΑΙΤΙΑ ΥΠΟ ΕΚΔΙΚΑΣΗ","Municipali":"Δήμος Φιλοθέης - Ψυχικού","Date":"2025/01"}},{"type":"Feature","id":559,"geometry":{"type":"Point","coordinates":[23.721064930000068,37.961201880000033]},"properties":{"FID":559,"Type":"ΑΙΤΙΑ ΥΠΟ ΕΚΔΙΚΑΣΗ","Municipali":"Δήμος Αθηναίων","Date":"2025/01"}},{"type":"Feature","id":560,"geometry":{"type":"Point","coordinates":[23.707138900000075,37.973047620000045]},"properties":{"FID":560,"Type":"ΑΙΤΙΑ ΥΠΟ ΕΚΔΙΚΑΣΗ","Municipali":"Δήμος Αθηναίων","Date":"2025/01"}},{"type":"Feature","id":561,"geometry":{"type":"Point","coordinates":[23.72123122000005,37.989707090000024]},"properties":{"FID":561,"Type":"ΟΔΗΓΟΣ-ΛΟΙΠΕΣ ΠΑΡΑΒΙΑΣΕΙΣ ΣΗΜΑΝΣΕΩΝ ΕΝ ΓΕΝΕΙ","Municipali":"Δήμος Αθηναίων","Date":"2025/01"}},{"type":"Feature","id":562,"geometry":{"type":"Point","coordinates":[23.685846710000078,38.001810500000033]},"properties":{"FID":562,"Type":"ΑΙΤΙΑ ΥΠΟ ΕΚΔΙΚΑΣΗ","Municipali":"Δήμος Περιστερίου","Date":"2025/01"}},{"type":"Feature","id":563,"geometry":{"type":"Point","coordinates":[23.650109770000029,37.945009740000046]},"properties":{"FID":563,"Type":"ΑΙΤΙΑ ΥΠΟ ΕΚΔΙΚΑΣΗ","Municipali":"Δήμος Πειραιώς","Date":"2025/01"}},{"type":"Feature","id":564,"geometry":{"type":"Point","coordinates":[23.642819520000046,37.930193430000031]},"properties":{"FID":564,"Type":"ΟΔΗΓΟΣ-ΕΣΦΑΛΜΕΝΗ ΑΠΟΦΕΥΚΤΙΚΗ ΕΝΕΡΓΕΙΑ","Municipali":"Δήμος Πειραιώς","Date":"2025/01"}},{"type":"Feature","id":565,"geometry":{"type":"Point","coordinates":[23.774392600000056,38.059606000000031]},"properties":{"FID":565,"Type":"ΑΙΤΙΑ ΥΠΟ ΕΚΔΙΚΑΣΗ","Municipali":"Δήμος Ηρακλείου Αττικής","Date":"2025/01"}},{"type":"Feature","id":566,"geometry":{"type":"Point","coordinates":[23.759860700000047,38.044165700000065]},"properties":{"FID":566,"Type":"ΑΙΤΙΑ ΥΠΟ ΕΚΔΙΚΑΣΗ","Municipali":"Δήμος Νέας Ιωνίας","Date":"2025/01"}},{"type":"Feature","id":567,"geometry":{"type":"Point","coordinates":[23.732174630000031,38.063829660000067]},"properties":{"FID":567,"Type":"ΑΙΤΙΑ ΥΠΟ ΕΚΔΙΚΑΣΗ","Municipali":"Δήμος Αχαρνών","Date":"2025/01"}},{"type":"Feature","id":568,"geometry":{"type":"Point","coordinates":[23.626994490000072,37.964234330000068]},"properties":{"FID":568,"Type":"ΟΔΗΓΟΣ-ΛΟΙΠΑ ΑΙΤΙΑ ΑΝΑΦΕΡΟΜΕΝΑ ΣΕ ΟΔΗΓΟΥΣ","Municipali":"Δήμος Κερατσινίου - Δραπετσώνας","Date":"2025/01"}},{"type":"Feature","id":569,"geometry":{"type":"Point","coordinates":[23.791966440000067,38.000415360000034]},"properties":{"FID":569,"Type":"ΟΔΗΓΟΣ-ΠΑΡΑΒΙΑΣΗ ΠΡΟΤΕΡΑΙΟΤΗΤΑΣ ΓΕΝΙΚΩΣ","Municipali":"Δήμος Παπάγου - Χολαργού","Date":"2025/01"}},{"type":"Feature","id":570,"geometry":{"type":"Point","coordinates":[23.601315100000022,37.962226430000044]},"properties":{"FID":570,"Type":"ΟΔΗΓΟΣ-ΛΟΙΠΑ ΑΙΤΙΑ ΑΝΑΦΕΡΟΜΕΝΑ ΣΕ ΟΔΗΓΟΥΣ","Municipali":"Δήμος Περάματος","Date":"2025/01"}},{"type":"Feature","id":571,"geometry":{"type":"Point","coordinates":[23.728751310000064,37.988299270000027]},"properties":{"FID":571,"Type":"ΟΔΗΓΟΣ-ΛΟΙΠΑ ΑΙΤΙΑ ΑΝΑΦΕΡΟΜΕΝΑ ΣΕ ΟΔΗΓΟΥΣ","Municipali":"Δήμος Αθηναίων","Date":"2025/01"}},{"type":"Feature","id":572,"geometry":{"type":"Point","coordinates":[23.813984800000071,37.838419900000076]},"properties":{"FID":572,"Type":"ΑΙΤΙΑ ΥΠΟ ΕΚΔΙΚΑΣΗ","Municipali":"Δήμος Βάρης - Βούλας - Βουλιαγμένης","Date":"2025/01"}},{"type":"Feature","id":573,"geometry":{"type":"Point","coordinates":[23.720464110000023,37.959772310000062]},"properties":{"FID":573,"Type":"ΑΙΤΙΑ ΥΠΟ ΕΚΔΙΚΑΣΗ","Municipali":"Δήμος Αθηναίων","Date":"2025/01"}},{"type":"Feature","id":574,"geometry":{"type":"Point","coordinates":[23.744856120000065,38.052889880000066]},"properties":{"FID":574,"Type":"ΟΔΗΓΟΣ-ΜΗ ΤΗΡΗΣΗ ΑΠΟΣΤΑΣΗΣ ΑΣΦΑΛΕΙΑΣ","Municipali":"Δήμος Νέας Φιλαδέλφειας - Νέας Χαλκηδόνας","Date":"2025/01"}},{"type":"Feature","id":575,"geometry":{"type":"Point","coordinates":[23.656510250000053,37.96241131000005]},"properties":{"FID":575,"Type":"ΟΔΗΓΟΣ-ΛΟΙΠΑ ΑΙΤΙΑ ΑΝΑΦΕΡΟΜΕΝΑ ΣΕ ΟΔΗΓΟΥΣ","Municipali":"Δήμος Πειραιώς","Date":"2025/01"}},{"type":"Feature","id":576,"geometry":{"type":"Point","coordinates":[23.842670920000046,38.140151350000053]},"properties":{"FID":576,"Type":"ΟΔΗΓΟΣ-ΜΗ ΤΗΡΗΣΗ ΑΠΟΣΤΑΣΗΣ ΑΣΦΑΛΕΙΑΣ","Municipali":"Δήμος Διονύσου","Date":"2025/01"}},{"type":"Feature","id":577,"geometry":{"type":"Point","coordinates":[23.715850710000041,37.947488700000065]},"properties":{"FID":577,"Type":"ΑΙΤΙΑ ΥΠΟ ΕΚΔΙΚΑΣΗ","Municipali":"Δήμος Νέας Σμύρνης","Date":"2025/01"}},{"type":"Feature","id":578,"geometry":{"type":"Point","coordinates":[23.716142160000061,37.949215300000049]},"properties":{"FID":578,"Type":"ΑΙΤΙΑ ΥΠΟ ΕΚΔΙΚΑΣΗ","Municipali":"Δήμος Νέας Σμύρνης","Date":"2025/01"}},{"type":"Feature","id":579,"geometry":{"type":"Point","coordinates":[23.826384540000049,38.021894820000057]},"properties":{"FID":579,"Type":"ΑΙΤΙΑ ΥΠΟ ΕΚΔΙΚΑΣΗ","Municipali":"Δήμος Χαλανδρίου","Date":"2025/01"}},{"type":"Feature","id":580,"geometry":{"type":"Point","coordinates":[23.800345660000062,38.087355200000047]},"properties":{"FID":580,"Type":"ΑΙΤΙΑ ΥΠΟ ΕΚΔΙΚΑΣΗ","Municipali":"Δήμος Κηφισιάς","Date":"2025/01"}},{"type":"Feature","id":581,"geometry":{"type":"Point","coordinates":[23.734106620000034,37.96105706000003]},"properties":{"FID":581,"Type":"ΟΔΗΓΟΣ-ΛΟΙΠΕΣ ΠΑΡΑΒΙΑΣΕΙΣ ΣΗΜΑΝΣΕΩΝ ΕΝ ΓΕΝΕΙ","Municipali":"Δήμος Αθηναίων","Date":"2025/01"}},{"type":"Feature","id":582,"geometry":{"type":"Point","coordinates":[23.944332000000031,37.889185520000069]},"properties":{"FID":582,"Type":"ΑΙΤΙΑ ΥΠΟ ΕΚΔΙΚΑΣΗ","Municipali":"Δήμος Μαρκόπουλου Μεσογαίας","Date":"2025/01"}},{"type":"Feature","id":583,"geometry":{"type":"Point","coordinates":[23.94360781000006,37.713413210000056]},"properties":{"FID":583,"Type":"ΑΙΤΙΑ ΥΠΟ ΕΚΔΙΚΑΣΗ","Municipali":"Δήμος Σαρωνικού","Date":"2025/01"}},{"type":"Feature","id":584,"geometry":{"type":"Point","coordinates":[23.732432130000063,38.064353380000057]},"properties":{"FID":584,"Type":"ΑΙΤΙΑ ΥΠΟ ΕΚΔΙΚΑΣΗ","Municipali":"Δήμος Αχαρνών","Date":"2025/01"}},{"type":"Feature","id":585,"geometry":{"type":"Point","coordinates":[23.743715700000052,37.962788100000068]},"properties":{"FID":585,"Type":"ΑΙΤΙΑ ΥΠΟ ΕΚΔΙΚΑΣΗ","Municipali":"Δήμος Αθηναίων","Date":"2025/01"}},{"type":"Feature","id":586,"geometry":{"type":"Point","coordinates":[23.638597730000072,37.953651910000076]},"properties":{"FID":586,"Type":"ΟΔΗΓΟΣ-ΛΟΙΠΕΣ ΠΑΡΑΒΙΑΣΕΙΣ ΣΗΜΑΝΣΕΩΝ ΕΝ ΓΕΝΕΙ","Municipali":"Δήμος Πειραιώς","Date":"2025/01"}},{"type":"Feature","id":587,"geometry":{"type":"Point","coordinates":[23.727239370000063,37.884773980000034]},"properties":{"FID":587,"Type":"ΑΙΤΙΑ ΥΠΟ ΕΚΔΙΚΑΣΗ","Municipali":"Δήμος Ελληνικού - Αργυρούπολης","Date":"2025/01"}},{"type":"Feature","id":588,"geometry":{"type":"Point","coordinates":[23.898396490000039,38.089090500000054]},"properties":{"FID":588,"Type":"ΑΙΤΙΑ ΥΠΟ ΕΚΔΙΚΑΣΗ","Municipali":"Δήμος Διονύσου","Date":"2025/01"}},{"type":"Feature","id":589,"geometry":{"type":"Point","coordinates":[23.761475090000033,37.986388190000071]},"properties":{"FID":589,"Type":"ΑΙΤΙΑ ΥΠΟ ΕΚΔΙΚΑΣΗ","Municipali":"Δήμος Αθηναίων","Date":"2025/01"}},{"type":"Feature","id":590,"geometry":{"type":"Point","coordinates":[23.768406090000042,38.130795450000051]},"properties":{"FID":590,"Type":"ΑΙΤΙΑ ΥΠΟ ΕΚΔΙΚΑΣΗ","Municipali":"Δήμος Αχαρνών","Date":"2025/01"}},{"type":"Feature","id":591,"geometry":{"type":"Point","coordinates":[23.593633170000032,38.069666350000034]},"properties":{"FID":591,"Type":"ΟΔΗΓΟΣ-ΛΟΙΠΑ ΑΙΤΙΑ ΑΝΑΦΕΡΟΜΕΝΑ ΣΕ ΟΔΗΓΟΥΣ","Municipali":"Δήμος Ασπροπύργου","Date":"2025/01"}},{"type":"Feature","id":592,"geometry":{"type":"Point","coordinates":[23.742120270000044,37.889062750000051]},"properties":{"FID":592,"Type":"ΑΙΤΙΑ ΥΠΟ ΕΚΔΙΚΑΣΗ","Municipali":"Δήμος Ελληνικού - Αργυρούπολης","Date":"2025/01"}},{"type":"Feature","id":593,"geometry":{"type":"Point","coordinates":[23.942223790000071,37.725235170000076]},"properties":{"FID":593,"Type":"ΑΙΤΙΑ ΥΠΟ ΕΚΔΙΚΑΣΗ","Municipali":"Δήμος Σαρωνικού","Date":"2025/01"}},{"type":"Feature","id":594,"geometry":{"type":"Point","coordinates":[23.599308210000061,37.975905730000079]},"properties":{"FID":594,"Type":"ΟΔΗΓΟΣ-ΛΟΙΠΑ ΑΙΤΙΑ ΑΝΑΦΕΡΟΜΕΝΑ ΣΕ ΟΔΗΓΟΥΣ","Municipali":"Δήμος Περάματος","Date":"2025/01"}},{"type":"Feature","id":595,"geometry":{"type":"Point","coordinates":[23.801944260000027,37.818327590000024]},"properties":{"FID":595,"Type":"ΑΙΤΙΑ ΥΠΟ ΕΚΔΙΚΑΣΗ","Municipali":"Δήμος Βάρης - Βούλας - Βουλιαγμένης","Date":"2025/01"}},{"type":"Feature","id":596,"geometry":{"type":"Point","coordinates":[23.770793080000033,38.050363780000055]},"properties":{"FID":596,"Type":"ΑΙΤΙΑ ΥΠΟ ΕΚΔΙΚΑΣΗ","Municipali":"Δήμος Ηρακλείου Αττικής","Date":"2025/01"}},{"type":"Feature","id":597,"geometry":{"type":"Point","coordinates":[23.73553510000005,38.084582700000055]},"properties":{"FID":597,"Type":"ΑΙΤΙΑ ΥΠΟ ΕΚΔΙΚΑΣΗ","Municipali":"Δήμος Αχαρνών","Date":"2025/01"}},{"type":"Feature","id":598,"geometry":{"type":"Point","coordinates":[23.63823812000004,37.965790870000035]},"properties":{"FID":598,"Type":"ΟΔΗΓΟΣ-ΠΑΡΑΒΙΑΣΗ ΣΗΜΑΤΟΔΟΤΗ","Municipali":"Δήμος Νίκαιας - Αγίου Ιωάννη Ρέντη","Date":"2025/01"}},{"type":"Feature","id":599,"geometry":{"type":"Point","coordinates":[23.603383500000064,38.40444640000004]},"properties":{"FID":599,"Type":"ΑΙΤΙΑ ΥΠΟ ΕΚΔΙΚΑΣΗ","Municipali":"Δήμος Χαλκιδέων","Date":"2025/01"}},{"type":"Feature","id":600,"geometry":{"type":"Point","coordinates":[23.677521710000065,38.004687730000057]},"properties":{"FID":600,"Type":"ΑΙΤΙΑ ΥΠΟ ΕΚΔΙΚΑΣΗ","Municipali":"Δήμος Περιστερίου","Date":"2025/04"}},{"type":"Feature","id":601,"geometry":{"type":"Point","coordinates":[23.677216170000065,38.028347570000051]},"properties":{"FID":601,"Type":"ΑΙΤΙΑ ΥΠΟ ΕΚΔΙΚΑΣΗ","Municipali":"Δήμος Περιστερίου","Date":"2025/04"}},{"type":"Feature","id":602,"geometry":{"type":"Point","coordinates":[23.767654900000025,37.995114270000045]},"properties":{"FID":602,"Type":"ΑΙΤΙΑ ΥΠΟ ΕΚΔΙΚΑΣΗ","Municipali":"Δήμος Αθηναίων","Date":"2025/04"}},{"type":"Feature","id":603,"geometry":{"type":"Point","coordinates":[23.715239170000075,37.908691360000034]},"properties":{"FID":603,"Type":"ΑΙΤΙΑ ΥΠΟ ΕΚΔΙΚΑΣΗ","Municipali":"Δήμος Αλίμου","Date":"2025/04"}},{"type":"Feature","id":604,"geometry":{"type":"Point","coordinates":[23.768391800000074,37.989058800000066]},"properties":{"FID":604,"Type":"ΟΔΗΓΟΣ-ΑΠΟΣΠΑΣΗ ΤΗΣ ΠΡΟΣΟΧΗΣ ΤΟΥ ΟΔΗΓΟΥ","Municipali":"Δήμος Αθηναίων","Date":"2025/04"}},{"type":"Feature","id":605,"geometry":{"type":"Point","coordinates":[23.677221650000035,38.039969720000045]},"properties":{"FID":605,"Type":"ΑΙΤΙΑ ΥΠΟ ΕΚΔΙΚΑΣΗ","Municipali":"Δήμος Πετρούπολης","Date":"2025/04"}},{"type":"Feature","id":606,"geometry":{"type":"Point","coordinates":[23.604340550000074,38.010881150000046]},"properties":{"FID":606,"Type":"ΑΙΤΙΑ ΥΠΟ ΕΚΔΙΚΑΣΗ","Municipali":"Δήμος Χαϊδαρίου","Date":"2025/04"}},{"type":"Feature","id":607,"geometry":{"type":"Point","coordinates":[23.684420590000059,37.987013930000046]},"properties":{"FID":607,"Type":"ΑΙΤΙΑ ΥΠΟ ΕΚΔΙΚΑΣΗ","Municipali":"Δήμος Αιγάλεω","Date":"2025/04"}},{"type":"Feature","id":608,"geometry":{"type":"Point","coordinates":[23.867272140000068,38.206867420000037]},"properties":{"FID":608,"Type":"ΑΙΤΙΑ ΥΠΟ ΕΚΔΙΚΑΣΗ","Municipali":"Δήμος Ωρωπού","Date":"2025/04"}},{"type":"Feature","id":609,"geometry":{"type":"Point","coordinates":[23.762934210000026,37.981990930000052]},"properties":{"FID":609,"Type":"ΟΔΗΓΟΣ-ΛΟΙΠΑ ΑΙΤΙΑ ΑΝΑΦΕΡΟΜΕΝΑ ΣΕ ΟΔΗΓΟΥΣ","Municipali":"Δήμος Αθηναίων","Date":"2025/04"}},{"type":"Feature","id":610,"geometry":{"type":"Point","coordinates":[23.661332130000062,37.994594280000058]},"properties":{"FID":610,"Type":"ΑΙΤΙΑ ΥΠΟ ΕΚΔΙΚΑΣΗ","Municipali":"Δήμος Αγίας Βαρβάρας","Date":"2025/04"}},{"type":"Feature","id":611,"geometry":{"type":"Point","coordinates":[23.854719400000079,38.052915230000053]},"properties":{"FID":611,"Type":"ΑΙΤΙΑ ΥΠΟ ΕΚΔΙΚΑΣΗ","Municipali":"Δήμος Πεντέλης","Date":"2025/04"}},{"type":"Feature","id":612,"geometry":{"type":"Point","coordinates":[23.728862900000024,38.011265500000036]},"properties":{"FID":612,"Type":"ΑΙΤΙΑ ΥΠΟ ΕΚΔΙΚΑΣΗ","Municipali":"Δήμος Αθηναίων","Date":"2025/04"}},{"type":"Feature","id":613,"geometry":{"type":"Point","coordinates":[23.614618780000058,37.958376550000025]},"properties":{"FID":613,"Type":"ΟΔΗΓΟΣ-ΠΑΡΑΒΙΑΣΗ ΣΗΜΑΤΟΔΟΤΗ","Municipali":"Δήμος Κερατσινίου - Δραπετσώνας","Date":"2025/04"}},{"type":"Feature","id":614,"geometry":{"type":"Point","coordinates":[23.761110310000049,37.98577935000003]},"properties":{"FID":614,"Type":"ΟΔΗΓΟΣ-ΛΟΙΠΑ ΑΙΤΙΑ ΑΝΑΦΕΡΟΜΕΝΑ ΣΕ ΟΔΗΓΟΥΣ","Municipali":"Δήμος Αθηναίων","Date":"2025/04"}},{"type":"Feature","id":615,"geometry":{"type":"Point","coordinates":[23.71977755000006,38.032524600000045]},"properties":{"FID":615,"Type":"ΑΙΤΙΑ ΥΠΟ ΕΚΔΙΚΑΣΗ","Municipali":"Δήμος Ιλίου","Date":"2025/04"}},{"type":"Feature","id":616,"geometry":{"type":"Point","coordinates":[23.736865300000034,38.084160700000041]},"properties":{"FID":616,"Type":"ΑΙΤΙΑ ΥΠΟ ΕΚΔΙΚΑΣΗ","Municipali":"Δήμος Αχαρνών","Date":"2025/04"}},{"type":"Feature","id":617,"geometry":{"type":"Point","coordinates":[23.714847560000067,38.008590300000037]},"properties":{"FID":617,"Type":"ΟΔΗΓΟΣ-ΛΟΙΠΑ ΑΙΤΙΑ ΑΝΑΦΕΡΟΜΕΝΑ ΣΕ ΟΔΗΓΟΥΣ","Municipali":"Δήμος Περιστερίου","Date":"2025/04"}},{"type":"Feature","id":618,"geometry":{"type":"Point","coordinates":[23.747001890000035,37.894456160000061]},"properties":{"FID":618,"Type":"ΑΙΤΙΑ ΥΠΟ ΕΚΔΙΚΑΣΗ","Municipali":"Δήμος Ελληνικού - Αργυρούπολης","Date":"2025/02"}},{"type":"Feature","id":619,"geometry":{"type":"Point","coordinates":[23.75651836000003,37.936527320000039]},"properties":{"FID":619,"Type":"ΑΙΤΙΑ ΥΠΟ ΕΚΔΙΚΑΣΗ","Municipali":"Δήμος Ηλιούπολης","Date":"2025/02"}},{"type":"Feature","id":620,"geometry":{"type":"Point","coordinates":[23.906121250000069,37.750646430000074]},"properties":{"FID":620,"Type":"ΑΙΤΙΑ ΥΠΟ ΕΚΔΙΚΑΣΗ","Municipali":"Δήμος Σαρωνικού","Date":"2025/02"}},{"type":"Feature","id":621,"geometry":{"type":"Point","coordinates":[23.703206690000059,37.990302950000057]},"properties":{"FID":621,"Type":"ΑΙΤΙΑ ΥΠΟ ΕΚΔΙΚΑΣΗ","Municipali":"Δήμος Αθηναίων","Date":"2025/02"}},{"type":"Feature","id":622,"geometry":{"type":"Point","coordinates":[23.765705000000025,37.982787200000075]},"properties":{"FID":622,"Type":"ΟΔΗΓΟΣ-ΑΠΟΣΠΑΣΗ ΤΗΣ ΠΡΟΣΟΧΗΣ ΤΟΥ ΟΔΗΓΟΥ","Municipali":"Δήμος Αθηναίων","Date":"2025/02"}},{"type":"Feature","id":623,"geometry":{"type":"Point","coordinates":[23.759661910000034,37.961434500000053]},"properties":{"FID":623,"Type":"ΟΔΗΓΟΣ-ΚΙΝΗΣΗ ΣΤΟ ΑΝΤΙΘΕΤΟ ΡΕΥΜΑ","Municipali":"Δήμος Βύρωνα","Date":"2025/02"}},{"type":"Feature","id":624,"geometry":{"type":"Point","coordinates":[23.933801650000078,37.925242710000077]},"properties":{"FID":624,"Type":"ΑΙΤΙΑ ΥΠΟ ΕΚΔΙΚΑΣΗ","Municipali":"Δήμος Παιανίας","Date":"2025/02"}},{"type":"Feature","id":625,"geometry":{"type":"Point","coordinates":[23.766126040000074,37.941853800000047]},"properties":{"FID":625,"Type":"ΟΔΗΓΟΣ-ΛΟΙΠΑ ΑΙΤΙΑ ΑΝΑΦΕΡΟΜΕΝΑ ΣΕ ΟΔΗΓΟΥΣ","Municipali":"Δήμος Ηλιούπολης","Date":"2025/02"}},{"type":"Feature","id":626,"geometry":{"type":"Point","coordinates":[23.764070960000026,37.987507390000076]},"properties":{"FID":626,"Type":"ΟΔΗΓΟΣ-ΠΑΡΑΒΙΑΣΗ ΠΡΟΤΕΡΑΙΟΤΗΤΑΣ ΓΕΝΙΚΩΣ","Municipali":"Δήμος Αθηναίων","Date":"2025/02"}},{"type":"Feature","id":627,"geometry":{"type":"Point","coordinates":[23.643762240000058,37.979459900000052]},"properties":{"FID":627,"Type":"ΟΔΗΓΟΣ-ΛΟΙΠΑ ΑΙΤΙΑ ΑΝΑΦΕΡΟΜΕΝΑ ΣΕ ΟΔΗΓΟΥΣ","Municipali":"Δήμος Κορυδαλλού","Date":"2025/05"}},{"type":"Feature","id":628,"geometry":{"type":"Point","coordinates":[23.730940820000058,37.989956530000029]},"properties":{"FID":628,"Type":"ΟΔΗΓΟΣ-ΛΟΙΠΑ ΑΙΤΙΑ ΑΝΑΦΕΡΟΜΕΝΑ ΣΕ ΟΔΗΓΟΥΣ","Municipali":"Δήμος Αθηναίων","Date":"2025/05"}},{"type":"Feature","id":629,"geometry":{"type":"Point","coordinates":[23.789799210000069,38.027270040000076]},"properties":{"FID":629,"Type":"ΑΙΤΙΑ ΥΠΟ ΕΚΔΙΚΑΣΗ","Municipali":"Δήμος Αμαρουσίου","Date":"2025/05"}},{"type":"Feature","id":630,"geometry":{"type":"Point","coordinates":[23.692148600000053,38.011625200000026]},"properties":{"FID":630,"Type":"ΑΙΤΙΑ ΥΠΟ ΕΚΔΙΚΑΣΗ","Municipali":"Δήμος Περιστερίου","Date":"2025/05"}},{"type":"Feature","id":631,"geometry":{"type":"Point","coordinates":[23.678884510000046,37.993000490000043]},"properties":{"FID":631,"Type":"ΑΙΤΙΑ ΥΠΟ ΕΚΔΙΚΑΣΗ","Municipali":"Δήμος Αιγάλεω","Date":"2025/05"}},{"type":"Feature","id":632,"geometry":{"type":"Point","coordinates":[23.709032540000067,37.981720320000079]},"properties":{"FID":632,"Type":"ΟΔΗΓΟΣ-ΛΟΙΠΑ ΑΙΤΙΑ ΑΝΑΦΕΡΟΜΕΝΑ ΣΕ ΟΔΗΓΟΥΣ","Municipali":"Δήμος Αθηναίων","Date":"2025/05"}},{"type":"Feature","id":633,"geometry":{"type":"Point","coordinates":[23.770895000000053,37.989297000000079]},"properties":{"FID":633,"Type":"ΟΔΗΓΟΣ-ΛΟΙΠΑ ΑΙΤΙΑ ΑΝΑΦΕΡΟΜΕΝΑ ΣΕ ΟΔΗΓΟΥΣ","Municipali":"Δήμος Αθηναίων","Date":"2025/05"}},{"type":"Feature","id":634,"geometry":{"type":"Point","coordinates":[23.732464310000069,37.99152926000005]},"properties":{"FID":634,"Type":"ΟΔΗΓΟΣ-ΛΟΙΠΑ ΑΙΤΙΑ ΑΝΑΦΕΡΟΜΕΝΑ ΣΕ ΟΔΗΓΟΥΣ","Municipali":"Δήμος Αθηναίων","Date":"2025/05"}},{"type":"Feature","id":635,"geometry":{"type":"Point","coordinates":[23.720737700000029,37.990920470000049]},"properties":{"FID":635,"Type":"ΑΙΤΙΑ ΥΠΟ ΕΚΔΙΚΑΣΗ","Municipali":"Δήμος Αθηναίων","Date":"2025/05"}},{"type":"Feature","id":636,"geometry":{"type":"Point","coordinates":[23.857144120000044,38.135678940000048]},"properties":{"FID":636,"Type":"ΑΙΤΙΑ ΥΠΟ ΕΚΔΙΚΑΣΗ","Municipali":"Δήμος Διονύσου","Date":"2025/05"}},{"type":"Feature","id":637,"geometry":{"type":"Point","coordinates":[23.835713270000042,38.03479131000006]},"properties":{"FID":637,"Type":"ΟΔΗΓΟΣ-ΛΟΙΠΕΣ ΠΑΡΑΒΙΑΣΕΙΣ ΣΗΜΑΝΣΕΩΝ ΕΝ ΓΕΝΕΙ","Municipali":"Δήμος Βριλησσίων","Date":"2025/03"}},{"type":"Feature","id":638,"geometry":{"type":"Point","coordinates":[23.886809350000078,37.938663890000043]},"properties":{"FID":638,"Type":"ΟΔΗΓΟΣ-ΛΟΙΠΑ ΑΙΤΙΑ ΑΝΑΦΕΡΟΜΕΝΑ ΣΕ ΟΔΗΓΟΥΣ","Municipali":"Δήμος Παιανίας","Date":"2025/05"}},{"type":"Feature","id":639,"geometry":{"type":"Point","coordinates":[23.756014110000024,38.037837620000062]},"properties":{"FID":639,"Type":"ΑΙΤΙΑ ΥΠΟ ΕΚΔΙΚΑΣΗ","Municipali":"Δήμος Νέας Ιωνίας","Date":"2025/05"}},{"type":"Feature","id":640,"geometry":{"type":"Point","coordinates":[23.643652630000076,37.969919030000028]},"properties":{"FID":640,"Type":"ΟΔΗΓΟΣ-ΛΟΙΠΑ ΑΙΤΙΑ ΑΝΑΦΕΡΟΜΕΝΑ ΣΕ ΟΔΗΓΟΥΣ","Municipali":"Δήμος Νίκαιας - Αγίου Ιωάννη Ρέντη","Date":"2025/05"}},{"type":"Feature","id":641,"geometry":{"type":"Point","coordinates":[23.636364940000078,37.959382680000033]},"properties":{"FID":641,"Type":"ΟΔΗΓΟΣ-ΛΟΙΠΑ ΑΙΤΙΑ ΑΝΑΦΕΡΟΜΕΝΑ ΣΕ ΟΔΗΓΟΥΣ","Municipali":"Δήμος Πειραιώς","Date":"2025/05"}},{"type":"Feature","id":642,"geometry":{"type":"Point","coordinates":[23.751368520000028,38.040385270000058]},"properties":{"FID":642,"Type":"ΑΙΤΙΑ ΥΠΟ ΕΚΔΙΚΑΣΗ","Municipali":"Δήμος Νέας Ιωνίας","Date":"2025/05"}},{"type":"Feature","id":643,"geometry":{"type":"Point","coordinates":[23.80964756000003,38.082858440000052]},"properties":{"FID":643,"Type":"ΑΙΤΙΑ ΥΠΟ ΕΚΔΙΚΑΣΗ","Municipali":"Δήμος Κηφισιάς","Date":"2025/05"}},{"type":"Feature","id":644,"geometry":{"type":"Point","coordinates":[23.760732100000041,37.845078800000067]},"properties":{"FID":644,"Type":"ΑΙΤΙΑ ΥΠΟ ΕΚΔΙΚΑΣΗ","Municipali":"Δήμος Βάρης - Βούλας - Βουλιαγμένης","Date":"2025/05"}},{"type":"Feature","id":645,"geometry":{"type":"Point","coordinates":[23.729685440000026,37.995955070000036]},"properties":{"FID":645,"Type":"ΟΔΗΓΟΣ-ΠΑΡΑΒΙΑΣΗ ΣΗΜΑΤΟΔΟΤΗ","Municipali":"Δήμος Αθηναίων","Date":"2025/05"}},{"type":"Feature","id":646,"geometry":{"type":"Point","coordinates":[23.637031320000062,37.932562890000042]},"properties":{"FID":646,"Type":"ΑΙΤΙΑ ΥΠΟ ΕΚΔΙΚΑΣΗ","Municipali":"Δήμος Πειραιώς","Date":"2025/05"}},{"type":"Feature","id":647,"geometry":{"type":"Point","coordinates":[23.71061960000003,38.070041500000059]},"properties":{"FID":647,"Type":"ΑΙΤΙΑ ΥΠΟ ΕΚΔΙΚΑΣΗ","Municipali":"Δήμος Φυλής","Date":"2025/05"}},{"type":"Feature","id":648,"geometry":{"type":"Point","coordinates":[23.648457240000027,37.962241350000056]},"properties":{"FID":648,"Type":"ΟΔΗΓΟΣ-ΛΟΙΠΕΣ ΠΑΡΑΒΙΑΣΕΙΣ ΣΗΜΑΝΣΕΩΝ ΕΝ ΓΕΝΕΙ","Municipali":"Δήμος Νίκαιας - Αγίου Ιωάννη Ρέντη","Date":"2025/05"}},{"type":"Feature","id":649,"geometry":{"type":"Point","coordinates":[23.620964910000055,37.958819720000065]},"properties":{"FID":649,"Type":"ΟΔΗΓΟΣ-ΛΟΙΠΑ ΑΙΤΙΑ ΑΝΑΦΕΡΟΜΕΝΑ ΣΕ ΟΔΗΓΟΥΣ","Municipali":"Δήμος Κερατσινίου - Δραπετσώνας","Date":"2025/05"}},{"type":"Feature","id":650,"geometry":{"type":"Point","coordinates":[23.724589350000031,37.981534280000062]},"properties":{"FID":650,"Type":"ΟΔΗΓΟΣ-ΛΟΙΠΑ ΑΙΤΙΑ ΑΝΑΦΕΡΟΜΕΝΑ ΣΕ ΟΔΗΓΟΥΣ","Municipali":"Δήμος Αθηναίων","Date":"2025/05"}},{"type":"Feature","id":651,"geometry":{"type":"Point","coordinates":[23.51809269000006,38.337806990000047]},"properties":{"FID":651,"Type":"ΟΔΗΓΟΣ-ΟΔΗΓΗΣΗ ΣΕ ΚΑΤΑΣΤΑΣΗ ΜΕΘΗΣ","Municipali":"Δήμος Τανάγρας","Date":"2025/05"}},{"type":"Feature","id":652,"geometry":{"type":"Point","coordinates":[23.687425700000063,38.036549300000047]},"properties":{"FID":652,"Type":"ΑΙΤΙΑ ΥΠΟ ΕΚΔΙΚΑΣΗ","Municipali":"Δήμος Πετρούπολης","Date":"2025/05"}},{"type":"Feature","id":653,"geometry":{"type":"Point","coordinates":[23.680268530000035,37.986016120000045]},"properties":{"FID":653,"Type":"ΑΙΤΙΑ ΥΠΟ ΕΚΔΙΚΑΣΗ","Municipali":"Δήμος Αιγάλεω","Date":"2025/05"}},{"type":"Feature","id":654,"geometry":{"type":"Point","coordinates":[23.724310400000036,37.976950680000073]},"properties":{"FID":654,"Type":"ΟΔΗΓΟΣ-ΛΟΙΠΑ ΑΙΤΙΑ ΑΝΑΦΕΡΟΜΕΝΑ ΣΕ ΟΔΗΓΟΥΣ","Municipali":"Δήμος Αθηναίων","Date":"2025/05"}},{"type":"Feature","id":655,"geometry":{"type":"Point","coordinates":[23.729395870000076,37.983885170000065]},"properties":{"FID":655,"Type":"ΟΔΗΓΟΣ-ΛΟΙΠΑ ΑΙΤΙΑ ΑΝΑΦΕΡΟΜΕΝΑ ΣΕ ΟΔΗΓΟΥΣ","Municipali":"Δήμος Αθηναίων","Date":"2025/05"}},{"type":"Feature","id":656,"geometry":{"type":"Point","coordinates":[23.664261100000033,37.965135160000045]},"properties":{"FID":656,"Type":"ΑΙΤΙΑ ΥΠΟ ΕΚΔΙΚΑΣΗ","Municipali":"Δήμος Νίκαιας - Αγίου Ιωάννη Ρέντη","Date":"2025/05"}},{"type":"Feature","id":657,"geometry":{"type":"Point","coordinates":[23.652695420000043,37.944840520000071]},"properties":{"FID":657,"Type":"ΑΙΤΙΑ ΥΠΟ ΕΚΔΙΚΑΣΗ","Municipali":"Δήμος Πειραιώς","Date":"2025/05"}},{"type":"Feature","id":658,"geometry":{"type":"Point","coordinates":[23.71789455000004,37.995942850000063]},"properties":{"FID":658,"Type":"ΟΔΗΓΟΣ-ΛΟΙΠΕΣ ΠΑΡΑΒΙΑΣΕΙΣ ΣΗΜΑΝΣΕΩΝ ΕΝ ΓΕΝΕΙ","Municipali":"Δήμος Αθηναίων","Date":"2025/05"}},{"type":"Feature","id":659,"geometry":{"type":"Point","coordinates":[23.627884980000033,38.371678540000062]},"properties":{"FID":659,"Type":"ΟΔΗΓΟΣ-ΛΟΙΠΑ ΑΙΤΙΑ ΑΝΑΦΕΡΟΜΕΝΑ ΣΕ ΟΔΗΓΟΥΣ","Municipali":"Δήμος Χαλκιδέων","Date":"2025/05"}},{"type":"Feature","id":660,"geometry":{"type":"Point","coordinates":[23.72720718000005,37.985741300000029]},"properties":{"FID":660,"Type":"ΟΔΗΓΟΣ-ΛΟΙΠΑ ΑΙΤΙΑ ΑΝΑΦΕΡΟΜΕΝΑ ΣΕ ΟΔΗΓΟΥΣ","Municipali":"Δήμος Αθηναίων","Date":"2025/05"}},{"type":"Feature","id":661,"geometry":{"type":"Point","coordinates":[23.933093550000024,37.879595790000053]},"properties":{"FID":661,"Type":"ΑΙΤΙΑ ΥΠΟ ΕΚΔΙΚΑΣΗ","Municipali":"Δήμος Μαρκόπουλου Μεσογαίας","Date":"2025/05"}},{"type":"Feature","id":662,"geometry":{"type":"Point","coordinates":[23.599426750000077,38.014473660000078]},"properties":{"FID":662,"Type":"ΑΙΤΙΑ ΥΠΟ ΕΚΔΙΚΑΣΗ","Municipali":"Δήμος Χαϊδαρίου","Date":"2025/05"}},{"type":"Feature","id":663,"geometry":{"type":"Point","coordinates":[23.687446120000061,38.069404520000035]},"properties":{"FID":663,"Type":"ΑΙΤΙΑ ΥΠΟ ΕΚΔΙΚΑΣΗ","Municipali":"Δήμος Φυλής","Date":"2025/05"}},{"type":"Feature","id":664,"geometry":{"type":"Point","coordinates":[23.760895730000072,37.985576410000078]},"properties":{"FID":664,"Type":"ΟΔΗΓΟΣ-ΛΟΙΠΑ ΑΙΤΙΑ ΑΝΑΦΕΡΟΜΕΝΑ ΣΕ ΟΔΗΓΟΥΣ","Municipali":"Δήμος Αθηναίων","Date":"2025/04"}},{"type":"Feature","id":665,"geometry":{"type":"Point","coordinates":[23.647851450000076,37.963234450000073]},"properties":{"FID":665,"Type":"ΑΙΤΙΑ ΥΠΟ ΕΚΔΙΚΑΣΗ","Municipali":"Δήμος Νίκαιας - Αγίου Ιωάννη Ρέντη","Date":"2025/05"}},{"type":"Feature","id":666,"geometry":{"type":"Point","coordinates":[23.664036800000076,37.994637400000045]},"properties":{"FID":666,"Type":"ΑΙΤΙΑ ΥΠΟ ΕΚΔΙΚΑΣΗ","Municipali":"Δήμος Αγίας Βαρβάρας","Date":"2025/05"}},{"type":"Feature","id":667,"geometry":{"type":"Point","coordinates":[23.731508240000039,37.982036400000027]},"properties":{"FID":667,"Type":"ΟΔΗΓΟΣ-ΑΠΟΣΠΑΣΗ ΤΗΣ ΠΡΟΣΟΧΗΣ ΤΟΥ ΟΔΗΓΟΥ","Municipali":"Δήμος Αθηναίων","Date":"2025/04"}},{"type":"Feature","id":668,"geometry":{"type":"Point","coordinates":[23.771442170000057,38.05196901000005]},"properties":{"FID":668,"Type":"ΑΙΤΙΑ ΥΠΟ ΕΚΔΙΚΑΣΗ","Municipali":"Δήμος Ηρακλείου Αττικής","Date":"2025/04"}},{"type":"Feature","id":669,"geometry":{"type":"Point","coordinates":[23.947094680000077,37.936793870000031]},"properties":{"FID":669,"Type":"ΑΙΤΙΑ ΥΠΟ ΕΚΔΙΚΑΣΗ","Municipali":"Δήμος Σπάτων - Αρτέμιδος","Date":"2025/03"}},{"type":"Feature","id":670,"geometry":{"type":"Point","coordinates":[23.75797749000003,38.035754650000058]},"properties":{"FID":670,"Type":"ΑΙΤΙΑ ΥΠΟ ΕΚΔΙΚΑΣΗ","Municipali":"Δήμος Νέας Ιωνίας","Date":"2025/04"}},{"type":"Feature","id":671,"geometry":{"type":"Point","coordinates":[23.813778160000027,38.085518530000058]},"properties":{"FID":671,"Type":"ΑΙΤΙΑ ΥΠΟ ΕΚΔΙΚΑΣΗ","Municipali":"Δήμος Κηφισιάς","Date":"2025/04"}},{"type":"Feature","id":672,"geometry":{"type":"Point","coordinates":[23.740924000000064,38.050203260000046]},"properties":{"FID":672,"Type":"ΑΙΤΙΑ ΥΠΟ ΕΚΔΙΚΑΣΗ","Municipali":"Δήμος Νέας Φιλαδέλφειας - Νέας Χαλκηδόνας","Date":"2025/04"}},{"type":"Feature","id":673,"geometry":{"type":"Point","coordinates":[23.716843130000029,38.009655430000066]},"properties":{"FID":673,"Type":"ΑΙΤΙΑ ΥΠΟ ΕΚΔΙΚΑΣΗ","Municipali":"Δήμος Περιστερίου","Date":"2025/04"}},{"type":"Feature","id":674,"geometry":{"type":"Point","coordinates":[23.673627380000028,38.014067930000067]},"properties":{"FID":674,"Type":"ΑΙΤΙΑ ΥΠΟ ΕΚΔΙΚΑΣΗ","Municipali":"Δήμος Χαϊδαρίου","Date":"2025/04"}},{"type":"Feature","id":675,"geometry":{"type":"Point","coordinates":[23.778340820000039,37.989381550000076]},"properties":{"FID":675,"Type":"ΑΙΤΙΑ ΥΠΟ ΕΚΔΙΚΑΣΗ","Municipali":"Δήμος Αθηναίων","Date":"2025/04"}},{"type":"Feature","id":676,"geometry":{"type":"Point","coordinates":[23.80406320000003,38.002765640000064]},"properties":{"FID":676,"Type":"ΠΕΖΟΣ-ΔΕΝ ΒΑΔΙΖΕ ΣΤΙΣ ΔΙΑΒΑΣΕΙΣ","Municipali":"Δήμος Παπάγου - Χολαργού","Date":"2025/04"}},{"type":"Feature","id":677,"geometry":{"type":"Point","coordinates":[23.766785860000027,38.005445550000047]},"properties":{"FID":677,"Type":"ΑΙΤΙΑ ΥΠΟ ΕΚΔΙΚΑΣΗ","Municipali":"Δήμος Φιλοθέης - Ψυχικού","Date":"2025/04"}},{"type":"Feature","id":678,"geometry":{"type":"Point","coordinates":[23.598536250000052,38.016899570000078]},"properties":{"FID":678,"Type":"ΑΙΤΙΑ ΥΠΟ ΕΚΔΙΚΑΣΗ","Municipali":"Δήμος Χαϊδαρίου","Date":"2025/04"}},{"type":"Feature","id":679,"geometry":{"type":"Point","coordinates":[23.701024800000027,37.999976000000061]},"properties":{"FID":679,"Type":"ΑΙΤΙΑ ΥΠΟ ΕΚΔΙΚΑΣΗ","Municipali":"Δήμος Περιστερίου","Date":"2025/04"}},{"type":"Feature","id":680,"geometry":{"type":"Point","coordinates":[23.822683100000063,38.093447550000064]},"properties":{"FID":680,"Type":"ΑΙΤΙΑ ΥΠΟ ΕΚΔΙΚΑΣΗ","Municipali":"Δήμος Κηφισιάς","Date":"2025/04"}},{"type":"Feature","id":681,"geometry":{"type":"Point","coordinates":[23.757656240000074,38.013346400000046]},"properties":{"FID":681,"Type":"ΟΔΗΓΟΣ-ΛΟΙΠΕΣ ΠΑΡΑΒΙΑΣΕΙΣ ΣΗΜΑΝΣΕΩΝ ΕΝ ΓΕΝΕΙ","Municipali":"Δήμος Γαλατσίου","Date":"2025/02"}},{"type":"Feature","id":682,"geometry":{"type":"Point","coordinates":[23.743879800000059,37.999865820000025]},"properties":{"FID":682,"Type":"ΟΔΗΓΟΣ-ΛΟΙΠΑ ΑΙΤΙΑ ΑΝΑΦΕΡΟΜΕΝΑ ΣΕ ΟΔΗΓΟΥΣ","Municipali":"Δήμος Αθηναίων","Date":"2025/04"}},{"type":"Feature","id":683,"geometry":{"type":"Point","coordinates":[23.825011250000045,38.035839150000072]},"properties":{"FID":683,"Type":"ΑΙΤΙΑ ΥΠΟ ΕΚΔΙΚΑΣΗ","Municipali":"Δήμος Βριλησσίων","Date":"2025/04"}},{"type":"Feature","id":684,"geometry":{"type":"Point","coordinates":[23.633673190000025,37.929025600000045]},"properties":{"FID":684,"Type":"ΑΙΤΙΑ ΥΠΟ ΕΚΔΙΚΑΣΗ","Municipali":"Δήμος Πειραιώς","Date":"2025/04"}},{"type":"Feature","id":685,"geometry":{"type":"Point","coordinates":[23.728000450000025,38.002395390000061]},"properties":{"FID":685,"Type":"ΟΔΗΓΟΣ-ΛΟΙΠΑ ΑΙΤΙΑ ΑΝΑΦΕΡΟΜΕΝΑ ΣΕ ΟΔΗΓΟΥΣ","Municipali":"Δήμος Αθηναίων","Date":"2025/03"}},{"type":"Feature","id":686,"geometry":{"type":"Point","coordinates":[23.727926020000041,38.012323380000055]},"properties":{"FID":686,"Type":"ΟΔΗΓΟΣ-ΑΠΟΣΠΑΣΗ ΤΗΣ ΠΡΟΣΟΧΗΣ ΤΟΥ ΟΔΗΓΟΥ","Municipali":"Δήμος Αθηναίων","Date":"2025/03"}},{"type":"Feature","id":687,"geometry":{"type":"Point","coordinates":[23.734688800000072,37.957771180000066]},"properties":{"FID":687,"Type":"ΟΔΗΓΟΣ-ΠΑΡΑΒΙΑΣΗ ΣΗΜΑΤΟΔΟΤΗ","Municipali":"Δήμος Αθηναίων","Date":"2025/03"}},{"type":"Feature","id":688,"geometry":{"type":"Point","coordinates":[23.656289580000077,37.99062452000004]},"properties":{"FID":688,"Type":"ΑΙΤΙΑ ΥΠΟ ΕΚΔΙΚΑΣΗ","Municipali":"Δήμος Αγίας Βαρβάρας","Date":"2025/04"}},{"type":"Feature","id":689,"geometry":{"type":"Point","coordinates":[23.800104260000069,38.008586070000035]},"properties":{"FID":689,"Type":"ΑΙΤΙΑ ΥΠΟ ΕΚΔΙΚΑΣΗ","Municipali":"Δήμος Χαλανδρίου","Date":"2025/03"}},{"type":"Feature","id":690,"geometry":{"type":"Point","coordinates":[23.751432470000054,37.983229200000039]},"properties":{"FID":690,"Type":"ΟΔΗΓΟΣ-ΛΟΙΠΕΣ ΠΑΡΑΒΙΑΣΕΙΣ ΣΗΜΑΝΣΕΩΝ ΕΝ ΓΕΝΕΙ","Municipali":"Δήμος Αθηναίων","Date":"2025/03"}},{"type":"Feature","id":691,"geometry":{"type":"Point","coordinates":[23.703378440000051,38.011455960000035]},"properties":{"FID":691,"Type":"ΟΔΗΓΟΣ-ΛΟΙΠΑ ΑΙΤΙΑ ΑΝΑΦΕΡΟΜΕΝΑ ΣΕ ΟΔΗΓΟΥΣ","Municipali":"Δήμος Περιστερίου","Date":"2025/03"}},{"type":"Feature","id":692,"geometry":{"type":"Point","coordinates":[23.733236150000039,38.024640260000069]},"properties":{"FID":692,"Type":"ΟΔΗΓΟΣ-ΑΠΟΣΠΑΣΗ ΤΗΣ ΠΡΟΣΟΧΗΣ ΤΟΥ ΟΔΗΓΟΥ","Municipali":"Δήμος Αθηναίων","Date":"2025/03"}},{"type":"Feature","id":693,"geometry":{"type":"Point","coordinates":[23.646998410000037,37.948605480000026]},"properties":{"FID":693,"Type":"ΑΙΤΙΑ ΥΠΟ ΕΚΔΙΚΑΣΗ","Municipali":"Δήμος Πειραιώς","Date":"2025/03"}},{"type":"Feature","id":694,"geometry":{"type":"Point","coordinates":[23.659937380000031,37.940153090000024]},"properties":{"FID":694,"Type":"ΑΙΤΙΑ ΥΠΟ ΕΚΔΙΚΑΣΗ","Municipali":"Δήμος Πειραιώς","Date":"2025/03"}},{"type":"Feature","id":695,"geometry":{"type":"Point","coordinates":[23.755590500000039,37.970831500000031]},"properties":{"FID":695,"Type":"ΟΔΗΓΟΣ-ΑΠΟΣΠΑΣΗ ΤΗΣ ΠΡΟΣΟΧΗΣ ΤΟΥ ΟΔΗΓΟΥ","Municipali":"Δήμος Καισαριανής","Date":"2025/03"}},{"type":"Feature","id":696,"geometry":{"type":"Point","coordinates":[23.650282900000036,37.956559600000048]},"properties":{"FID":696,"Type":"ΟΔΗΓΟΣ-ΜΗ ΤΗΡΗΣΗ ΑΠΟΣΤΑΣΗΣ ΑΣΦΑΛΕΙΑΣ","Municipali":"Δήμος Πειραιώς","Date":"2025/03"}},{"type":"Feature","id":697,"geometry":{"type":"Point","coordinates":[23.796794410000075,38.034994120000079]},"properties":{"FID":697,"Type":"ΑΙΤΙΑ ΥΠΟ ΕΚΔΙΚΑΣΗ","Municipali":"Δήμος Αμαρουσίου","Date":"2025/03"}},{"type":"Feature","id":698,"geometry":{"type":"Point","coordinates":[23.700792790000037,38.030008210000062]},"properties":{"FID":698,"Type":"ΑΙΤΙΑ ΥΠΟ ΕΚΔΙΚΑΣΗ","Municipali":"Δήμος Ιλίου","Date":"2025/03"}},{"type":"Feature","id":699,"geometry":{"type":"Point","coordinates":[23.720603590000053,37.961248400000045]},"properties":{"FID":699,"Type":"ΠΕΖΟΣ-ΔΙΕΣΧΙΖΕ ΑΠΟΤΟΜΑ ΚΑΙ ΑΠΕΡΙΣΚΕΠΤΑ ΤΗΝ ΟΔΟ","Municipali":"Δήμος Αθηναίων","Date":"2025/03"}},{"type":"Feature","id":700,"geometry":{"type":"Point","coordinates":[23.595913050000036,38.066046980000067]},"properties":{"FID":700,"Type":"ΟΔΗΓΟΣ-ΛΟΙΠΑ ΑΙΤΙΑ ΑΝΑΦΕΡΟΜΕΝΑ ΣΕ ΟΔΗΓΟΥΣ","Municipali":"Δήμος Ασπροπύργου","Date":"2025/02"}},{"type":"Feature","id":701,"geometry":{"type":"Point","coordinates":[23.738074870000048,38.006525560000057]},"properties":{"FID":701,"Type":"ΟΔΗΓΟΣ-ΛΟΙΠΕΣ ΠΑΡΑΒΙΑΣΕΙΣ ΣΗΜΑΝΣΕΩΝ ΕΝ ΓΕΝΕΙ","Municipali":"Δήμος Αθηναίων","Date":"2025/04"}},{"type":"Feature","id":702,"geometry":{"type":"Point","coordinates":[23.684141640000064,37.990734450000048]},"properties":{"FID":702,"Type":"ΑΙΤΙΑ ΥΠΟ ΕΚΔΙΚΑΣΗ","Municipali":"Δήμος Αιγάλεω","Date":"2025/03"}},{"type":"Feature","id":703,"geometry":{"type":"Point","coordinates":[23.698802590000071,38.006675570000027]},"properties":{"FID":703,"Type":"ΑΙΤΙΑ ΥΠΟ ΕΚΔΙΚΑΣΗ","Municipali":"Δήμος Περιστερίου","Date":"2025/04"}},{"type":"Feature","id":704,"geometry":{"type":"Point","coordinates":[23.832778930000075,37.856050160000052]},"properties":{"FID":704,"Type":"ΑΙΤΙΑ ΥΠΟ ΕΚΔΙΚΑΣΗ","Municipali":"Δήμος Κρωπίας","Date":"2025/04"}},{"type":"Feature","id":705,"geometry":{"type":"Point","coordinates":[23.732914920000042,37.917803320000075]},"properties":{"FID":705,"Type":"ΟΔΗΓΟΣ-ΛΟΙΠΑ ΑΙΤΙΑ ΑΝΑΦΕΡΟΜΕΝΑ ΣΕ ΟΔΗΓΟΥΣ","Municipali":"Δήμος Αλίμου","Date":"2025/04"}},{"type":"Feature","id":706,"geometry":{"type":"Point","coordinates":[23.67545664000005,37.961925110000038]},"properties":{"FID":706,"Type":"ΑΙΤΙΑ ΥΠΟ ΕΚΔΙΚΑΣΗ","Municipali":"Δήμος Νίκαιας - Αγίου Ιωάννη Ρέντη","Date":"2025/04"}},{"type":"Feature","id":707,"geometry":{"type":"Point","coordinates":[23.94577503000005,37.717300320000049]},"properties":{"FID":707,"Type":"ΑΙΤΙΑ ΥΠΟ ΕΚΔΙΚΑΣΗ","Municipali":"Δήμος Σαρωνικού","Date":"2025/04"}},{"type":"Feature","id":708,"geometry":{"type":"Point","coordinates":[23.711487760000068,37.980906140000059]},"properties":{"FID":708,"Type":"ΑΙΤΙΑ ΥΠΟ ΕΚΔΙΚΑΣΗ","Municipali":"Δήμος Αθηναίων","Date":"2025/04"}},{"type":"Feature","id":709,"geometry":{"type":"Point","coordinates":[23.693438100000037,38.033253100000024]},"properties":{"FID":709,"Type":"ΑΙΤΙΑ ΥΠΟ ΕΚΔΙΚΑΣΗ","Municipali":"Δήμος Ιλίου","Date":"2025/04"}},{"type":"Feature","id":710,"geometry":{"type":"Point","coordinates":[23.735425470000052,38.015200600000071]},"properties":{"FID":710,"Type":"ΟΔΗΓΟΣ-ΛΟΙΠΑ ΑΙΤΙΑ ΑΝΑΦΕΡΟΜΕΝΑ ΣΕ ΟΔΗΓΟΥΣ","Municipali":"Δήμος Αθηναίων","Date":"2025/04"}},{"type":"Feature","id":711,"geometry":{"type":"Point","coordinates":[23.739590100000044,38.007291100000032]},"properties":{"FID":711,"Type":"ΟΔΗΓΟΣ-ΑΠΟΣΠΑΣΗ ΤΗΣ ΠΡΟΣΟΧΗΣ ΤΟΥ ΟΔΗΓΟΥ","Municipali":"Δήμος Αθηναίων","Date":"2025/04"}},{"type":"Feature","id":712,"geometry":{"type":"Point","coordinates":[23.772289750000027,37.834979750000059]},"properties":{"FID":712,"Type":"ΑΙΤΙΑ ΥΠΟ ΕΚΔΙΚΑΣΗ","Municipali":"Δήμος Βάρης - Βούλας - Βουλιαγμένης","Date":"2025/04"}},{"type":"Feature","id":713,"geometry":{"type":"Point","coordinates":[23.641816380000023,37.934073380000029]},"properties":{"FID":713,"Type":"ΑΙΤΙΑ ΥΠΟ ΕΚΔΙΚΑΣΗ","Municipali":"Δήμος Πειραιώς","Date":"2025/04"}},{"type":"Feature","id":714,"geometry":{"type":"Point","coordinates":[23.686324950000028,38.025275510000029]},"properties":{"FID":714,"Type":"ΟΔΗΓΟΣ-ΛΟΙΠΑ ΑΙΤΙΑ ΑΝΑΦΕΡΟΜΕΝΑ ΣΕ ΟΔΗΓΟΥΣ","Municipali":"Δήμος Περιστερίου","Date":"2025/04"}},{"type":"Feature","id":715,"geometry":{"type":"Point","coordinates":[23.86590958000005,38.016738970000063]},"properties":{"FID":715,"Type":"ΟΔΗΓΟΣ-ΛΟΙΠΑ ΑΙΤΙΑ ΑΝΑΦΕΡΟΜΕΝΑ ΣΕ ΟΔΗΓΟΥΣ","Municipali":"Δήμος Παλλήνης","Date":"2025/04"}},{"type":"Feature","id":716,"geometry":{"type":"Point","coordinates":[23.738494530000025,38.021789580000075]},"properties":{"FID":716,"Type":"ΟΔΗΓΟΣ-ΛΟΙΠΕΣ ΠΑΡΑΒΙΑΣΕΙΣ ΣΗΜΑΝΣΕΩΝ ΕΝ ΓΕΝΕΙ","Municipali":"Δήμος Αθηναίων","Date":"2025/04"}},{"type":"Feature","id":717,"geometry":{"type":"Point","coordinates":[23.72495949000006,37.963616850000051]},"properties":{"FID":717,"Type":"ΟΔΗΓΟΣ-ΛΟΙΠΕΣ ΠΑΡΑΒΙΑΣΕΙΣ ΣΗΜΑΝΣΕΩΝ ΕΝ ΓΕΝΕΙ","Municipali":"Δήμος Αθηναίων","Date":"2025/04"}},{"type":"Feature","id":718,"geometry":{"type":"Point","coordinates":[23.75490620000005,38.012108900000044]},"properties":{"FID":718,"Type":"ΟΔΗΓΟΣ-ΑΠΟΣΠΑΣΗ ΤΗΣ ΠΡΟΣΟΧΗΣ ΤΟΥ ΟΔΗΓΟΥ","Municipali":"Δήμος Γαλατσίου","Date":"2025/04"}},{"type":"Feature","id":719,"geometry":{"type":"Point","coordinates":[23.753088240000068,38.012767460000077]},"properties":{"FID":719,"Type":"ΑΙΤΙΑ ΥΠΟ ΕΚΔΙΚΑΣΗ","Municipali":"Δήμος Γαλατσίου","Date":"2025/04"}},{"type":"Feature","id":720,"geometry":{"type":"Point","coordinates":[23.736289140000054,37.954887030000066]},"properties":{"FID":720,"Type":"ΑΙΤΙΑ ΥΠΟ ΕΚΔΙΚΑΣΗ","Municipali":"Δήμος Δάφνης - Υμηττού","Date":"2025/04"}},{"type":"Feature","id":721,"geometry":{"type":"Point","coordinates":[23.710073230000035,37.944307490000028]},"properties":{"FID":721,"Type":"ΑΙΤΙΑ ΥΠΟ ΕΚΔΙΚΑΣΗ","Municipali":"Δήμος Νέας Σμύρνης","Date":"2025/04"}},{"type":"Feature","id":722,"geometry":{"type":"Point","coordinates":[23.78982067000004,38.027253140000028]},"properties":{"FID":722,"Type":"ΑΙΤΙΑ ΥΠΟ ΕΚΔΙΚΑΣΗ","Municipali":"Δήμος Αμαρουσίου","Date":"2025/04"}},{"type":"Feature","id":723,"geometry":{"type":"Point","coordinates":[23.798716690000049,38.021184650000066]},"properties":{"FID":723,"Type":"ΑΙΤΙΑ ΥΠΟ ΕΚΔΙΚΑΣΗ","Municipali":"Δήμος Χαλανδρίου","Date":"2025/04"}},{"type":"Feature","id":724,"geometry":{"type":"Point","coordinates":[23.765411350000022,37.990473340000051]},"properties":{"FID":724,"Type":"ΑΙΤΙΑ ΥΠΟ ΕΚΔΙΚΑΣΗ","Municipali":"Δήμος Αθηναίων","Date":"2025/04"}},{"type":"Feature","id":725,"geometry":{"type":"Point","coordinates":[23.70973913000006,38.018249670000046]},"properties":{"FID":725,"Type":"ΑΙΤΙΑ ΥΠΟ ΕΚΔΙΚΑΣΗ","Municipali":"Δήμος Ιλίου","Date":"2025/04"}},{"type":"Feature","id":726,"geometry":{"type":"Point","coordinates":[23.931204850000029,37.861298500000032]},"properties":{"FID":726,"Type":"ΑΙΤΙΑ ΥΠΟ ΕΚΔΙΚΑΣΗ","Municipali":"Δήμος Μαρκόπουλου Μεσογαίας","Date":"2025/04"}},{"type":"Feature","id":727,"geometry":{"type":"Point","coordinates":[23.598970770000051,38.018649210000035]},"properties":{"FID":727,"Type":"ΑΙΤΙΑ ΥΠΟ ΕΚΔΙΚΑΣΗ","Municipali":"Δήμος Χαϊδαρίου","Date":"2025/04"}},{"type":"Feature","id":728,"geometry":{"type":"Point","coordinates":[23.663048670000023,37.977669080000055]},"properties":{"FID":728,"Type":"ΟΔΗΓΟΣ-ΛΟΙΠΑ ΑΙΤΙΑ ΑΝΑΦΕΡΟΜΕΝΑ ΣΕ ΟΔΗΓΟΥΣ","Municipali":"Δήμος Νίκαιας - Αγίου Ιωάννη Ρέντη","Date":"2025/04"}},{"type":"Feature","id":729,"geometry":{"type":"Point","coordinates":[23.693916180000031,38.001185490000069]},"properties":{"FID":729,"Type":"ΟΔΗΓΟΣ-ΛΟΙΠΑ ΑΙΤΙΑ ΑΝΑΦΕΡΟΜΕΝΑ ΣΕ ΟΔΗΓΟΥΣ","Municipali":"Δήμος Περιστερίου","Date":"2025/04"}},{"type":"Feature","id":730,"geometry":{"type":"Point","coordinates":[23.739571000000069,37.98507440000003]},"properties":{"FID":730,"Type":"ΟΔΗΓΟΣ-ΑΠΟΣΠΑΣΗ ΤΗΣ ΠΡΟΣΟΧΗΣ ΤΟΥ ΟΔΗΓΟΥ","Municipali":"Δήμος Αθηναίων","Date":"2025/04"}},{"type":"Feature","id":731,"geometry":{"type":"Point","coordinates":[23.677591680000035,37.964648800000077]},"properties":{"FID":731,"Type":"ΑΙΤΙΑ ΥΠΟ ΕΚΔΙΚΑΣΗ","Municipali":"Δήμος Νίκαιας - Αγίου Ιωάννη Ρέντη","Date":"2025/04"}},{"type":"Feature","id":732,"geometry":{"type":"Point","coordinates":[23.622864470000025,37.958633000000077]},"properties":{"FID":732,"Type":"ΟΔΗΓΟΣ-ΛΟΙΠΑ ΑΙΤΙΑ ΑΝΑΦΕΡΟΜΕΝΑ ΣΕ ΟΔΗΓΟΥΣ","Municipali":"Δήμος Κερατσινίου - Δραπετσώνας","Date":"2025/04"}},{"type":"Feature","id":733,"geometry":{"type":"Point","coordinates":[23.658832310000037,38.005259570000078]},"properties":{"FID":733,"Type":"ΟΔΗΓΟΣ-ΛΟΙΠΑ ΑΙΤΙΑ ΑΝΑΦΕΡΟΜΕΝΑ ΣΕ ΟΔΗΓΟΥΣ","Municipali":"Δήμος Χαϊδαρίου","Date":"2025/03"}},{"type":"Feature","id":734,"geometry":{"type":"Point","coordinates":[23.712159990000032,37.990387770000041]},"properties":{"FID":734,"Type":"ΟΔΗΓΟΣ-ΠΑΡΑΒΙΑΣΗ ΠΡΟΤΕΡΑΙΟΤΗΤΑΣ ΓΕΝΙΚΩΣ","Municipali":"Δήμος Αθηναίων","Date":"2025/04"}},{"type":"Feature","id":735,"geometry":{"type":"Point","coordinates":[23.713978300000065,38.030160570000078]},"properties":{"FID":735,"Type":"ΑΙΤΙΑ ΥΠΟ ΕΚΔΙΚΑΣΗ","Municipali":"Δήμος Ιλίου","Date":"2025/04"}},{"type":"Feature","id":736,"geometry":{"type":"Point","coordinates":[23.692123890000062,38.087908300000038]},"properties":{"FID":736,"Type":"ΑΙΤΙΑ ΥΠΟ ΕΚΔΙΚΑΣΗ","Municipali":"Δήμος Φυλής","Date":"2025/03"}},{"type":"Feature","id":737,"geometry":{"type":"Point","coordinates":[23.62642586000004,37.964145520000045]},"properties":{"FID":737,"Type":"ΟΔΗΓΟΣ-ΜΗ ΟΔΗΓΗΣΗ ΣΤΟ ΑΚΡΟ ΔΕΞΙΟ ΤΗΣ ΟΔΟΥ","Municipali":"Δήμος Κερατσινίου - Δραπετσώνας","Date":"2025/03"}},{"type":"Feature","id":738,"geometry":{"type":"Point","coordinates":[23.684333600000059,38.018454900000052]},"properties":{"FID":738,"Type":"ΟΔΗΓΟΣ-ΛΟΙΠΑ ΑΙΤΙΑ ΑΝΑΦΕΡΟΜΕΝΑ ΣΕ ΟΔΗΓΟΥΣ","Municipali":"Δήμος Περιστερίου","Date":"2025/03"}},{"type":"Feature","id":739,"geometry":{"type":"Point","coordinates":[23.687188630000037,38.004228190000049]},"properties":{"FID":739,"Type":"ΑΙΤΙΑ ΥΠΟ ΕΚΔΙΚΑΣΗ","Municipali":"Δήμος Περιστερίου","Date":"2025/03"}},{"type":"Feature","id":740,"geometry":{"type":"Point","coordinates":[23.673194700000067,38.007554860000027]},"properties":{"FID":740,"Type":"ΑΙΤΙΑ ΥΠΟ ΕΚΔΙΚΑΣΗ","Municipali":"Δήμος Περιστερίου","Date":"2025/03"}},{"type":"Feature","id":741,"geometry":{"type":"Point","coordinates":[23.832800390000045,38.05279272000007]},"properties":{"FID":741,"Type":"ΑΙΤΙΑ ΥΠΟ ΕΚΔΙΚΑΣΗ","Municipali":"Δήμος Πεντέλης","Date":"2025/03"}},{"type":"Feature","id":742,"geometry":{"type":"Point","coordinates":[23.776000870000075,37.992789970000047]},"properties":{"FID":742,"Type":"ΟΔΗΓΟΣ-ΛΟΙΠΑ ΑΙΤΙΑ ΑΝΑΦΕΡΟΜΕΝΑ ΣΕ ΟΔΗΓΟΥΣ","Municipali":"Δήμος Αθηναίων","Date":"2025/03"}},{"type":"Feature","id":743,"geometry":{"type":"Point","coordinates":[23.734247350000032,37.959008030000064]},"properties":{"FID":743,"Type":"ΟΔΗΓΟΣ-ΛΟΙΠΑ ΑΙΤΙΑ ΑΝΑΦΕΡΟΜΕΝΑ ΣΕ ΟΔΗΓΟΥΣ","Municipali":"Δήμος Αθηναίων","Date":"2025/03"}},{"type":"Feature","id":744,"geometry":{"type":"Point","coordinates":[23.682345740000073,38.002515720000076]},"properties":{"FID":744,"Type":"ΑΙΤΙΑ ΥΠΟ ΕΚΔΙΚΑΣΗ","Municipali":"Δήμος Περιστερίου","Date":"2025/03"}},{"type":"Feature","id":745,"geometry":{"type":"Point","coordinates":[23.897898700000042,37.777732280000066]},"properties":{"FID":745,"Type":"ΑΙΤΙΑ ΥΠΟ ΕΚΔΙΚΑΣΗ","Municipali":"Δήμος Σαρωνικού","Date":"2025/03"}},{"type":"Feature","id":746,"geometry":{"type":"Point","coordinates":[23.969850540000039,38.104136440000048]},"properties":{"FID":746,"Type":"ΑΙΤΙΑ ΥΠΟ ΕΚΔΙΚΑΣΗ","Municipali":"Δήμος Μαραθώνος","Date":"2025/01"}},{"type":"Feature","id":747,"geometry":{"type":"Point","coordinates":[23.570716380000079,37.967782610000029]},"properties":{"FID":747,"Type":"ΟΔΗΓΟΣ-ΛΟΙΠΕΣ ΠΑΡΑΒΙΑΣΕΙΣ ΣΗΜΑΝΣΕΩΝ ΕΝ ΓΕΝΕΙ","Municipali":"Δήμος Περάματος","Date":"2025/03"}},{"type":"Feature","id":748,"geometry":{"type":"Point","coordinates":[23.694462780000038,37.922703760000047]},"properties":{"FID":748,"Type":"ΟΔΗΓΟΣ-ΕΣΦΑΛΜΕΝΗ ΑΠΟΦΕΥΚΤΙΚΗ ΕΝΕΡΓΕΙΑ","Municipali":"Δήμος Παλαιού Φαλήρου","Date":"2025/03"}},{"type":"Feature","id":749,"geometry":{"type":"Point","coordinates":[23.643911400000036,37.942823700000076]},"properties":{"FID":749,"Type":"ΟΔΗΓΟΣ-ΚΙΝΗΣΗ ΣΤΟ ΑΝΤΙΘΕΤΟ ΡΕΥΜΑ","Municipali":"Δήμος Πειραιώς","Date":"2025/05"}},{"type":"Feature","id":750,"geometry":{"type":"Point","coordinates":[23.652169700000059,37.957615210000029]},"properties":{"FID":750,"Type":"ΟΔΗΓΟΣ-ΠΑΡΑΒΙΑΣΗ ΣΗΜΑΤΟΔΟΤΗ","Municipali":"Δήμος Πειραιώς","Date":"2025/03"}},{"type":"Feature","id":751,"geometry":{"type":"Point","coordinates":[23.679281470000035,37.987783410000077]},"properties":{"FID":751,"Type":"ΑΙΤΙΑ ΥΠΟ ΕΚΔΙΚΑΣΗ","Municipali":"Δήμος Αιγάλεω","Date":"2025/03"}},{"type":"Feature","id":752,"geometry":{"type":"Point","coordinates":[23.726820950000047,37.987166140000056]},"properties":{"FID":752,"Type":"ΟΔΗΓΟΣ-ΛΟΙΠΑ ΑΙΤΙΑ ΑΝΑΦΕΡΟΜΕΝΑ ΣΕ ΟΔΗΓΟΥΣ","Municipali":"Δήμος Αθηναίων","Date":"2025/05"}},{"type":"Feature","id":753,"geometry":{"type":"Point","coordinates":[23.948779110000032,37.940694620000045]},"properties":{"FID":753,"Type":"ΑΙΤΙΑ ΥΠΟ ΕΚΔΙΚΑΣΗ","Municipali":"Δήμος Σπάτων - Αρτέμιδος","Date":"2025/05"}},{"type":"Feature","id":754,"geometry":{"type":"Point","coordinates":[23.739523890000044,38.074463750000064]},"properties":{"FID":754,"Type":"ΑΙΤΙΑ ΥΠΟ ΕΚΔΙΚΑΣΗ","Municipali":"Δήμος Αχαρνών","Date":"2025/05"}},{"type":"Feature","id":755,"geometry":{"type":"Point","coordinates":[23.672361370000033,37.982684360000064]},"properties":{"FID":755,"Type":"ΑΙΤΙΑ ΥΠΟ ΕΚΔΙΚΑΣΗ","Municipali":"Δήμος Αιγάλεω","Date":"2025/05"}},{"type":"Feature","id":756,"geometry":{"type":"Point","coordinates":[23.74031782000003,37.990379310000037]},"properties":{"FID":756,"Type":"ΟΔΗΓΟΣ-ΛΟΙΠΑ ΑΙΤΙΑ ΑΝΑΦΕΡΟΜΕΝΑ ΣΕ ΟΔΗΓΟΥΣ","Municipali":"Δήμος Αθηναίων","Date":"2025/05"}},{"type":"Feature","id":757,"geometry":{"type":"Point","coordinates":[23.718431000000066,37.96247070000004]},"properties":{"FID":757,"Type":"ΟΔΗΓΟΣ-ΛΟΙΠΑ ΑΙΤΙΑ ΑΝΑΦΕΡΟΜΕΝΑ ΣΕ ΟΔΗΓΟΥΣ","Municipali":"Δήμος Αθηναίων","Date":"2025/05"}},{"type":"Feature","id":758,"geometry":{"type":"Point","coordinates":[23.846173880000038,38.018011060000049]},"properties":{"FID":758,"Type":"ΑΙΤΙΑ ΥΠΟ ΕΚΔΙΚΑΣΗ","Municipali":"Δήμος Παλλήνης","Date":"2025/05"}},{"type":"Feature","id":759,"geometry":{"type":"Point","coordinates":[23.597839090000036,37.977792100000045]},"properties":{"FID":759,"Type":"ΟΔΗΓΟΣ-ΛΟΙΠΑ ΑΙΤΙΑ ΑΝΑΦΕΡΟΜΕΝΑ ΣΕ ΟΔΗΓΟΥΣ","Municipali":"Δήμος Κερατσινίου - Δραπετσώνας","Date":"2025/05"}},{"type":"Feature","id":760,"geometry":{"type":"Point","coordinates":[23.754501340000047,37.970163540000044]},"properties":{"FID":760,"Type":"ΟΔΗΓΟΣ-ΛΟΙΠΑ ΑΙΤΙΑ ΑΝΑΦΕΡΟΜΕΝΑ ΣΕ ΟΔΗΓΟΥΣ","Municipali":"Δήμος Καισαριανής","Date":"2025/05"}},{"type":"Feature","id":761,"geometry":{"type":"Point","coordinates":[23.747141360000057,37.97251902000005]},"properties":{"FID":761,"Type":"ΟΔΗΓΟΣ-ΛΟΙΠΑ ΑΙΤΙΑ ΑΝΑΦΕΡΟΜΕΝΑ ΣΕ ΟΔΗΓΟΥΣ","Municipali":"Δήμος Αθηναίων","Date":"2025/05"}},{"type":"Feature","id":762,"geometry":{"type":"Point","coordinates":[23.752977850000036,37.964213190000066]},"properties":{"FID":762,"Type":"ΟΔΗΓΟΣ-ΛΟΙΠΑ ΑΙΤΙΑ ΑΝΑΦΕΡΟΜΕΝΑ ΣΕ ΟΔΗΓΟΥΣ","Municipali":"Δήμος Βύρωνα","Date":"2025/05"}},{"type":"Feature","id":763,"geometry":{"type":"Point","coordinates":[23.781452180000031,37.983107180000047]},"properties":{"FID":763,"Type":"ΑΙΤΙΑ ΥΠΟ ΕΚΔΙΚΑΣΗ","Municipali":"Δήμος Αθηναίων","Date":"2025/05"}},{"type":"Feature","id":764,"geometry":{"type":"Point","coordinates":[23.758299350000073,37.879544980000048]},"properties":{"FID":764,"Type":"ΑΙΤΙΑ ΥΠΟ ΕΚΔΙΚΑΣΗ","Municipali":"Δήμος Γλυφάδας","Date":"2025/05"}},{"type":"Feature","id":765,"geometry":{"type":"Point","coordinates":[23.788812160000077,38.020136800000046]},"properties":{"FID":765,"Type":"ΑΙΤΙΑ ΥΠΟ ΕΚΔΙΚΑΣΗ","Municipali":"Δήμος Χαλανδρίου","Date":"2025/05"}},{"type":"Feature","id":766,"geometry":{"type":"Point","coordinates":[23.766560550000065,37.890806970000028]},"properties":{"FID":766,"Type":"ΑΙΤΙΑ ΥΠΟ ΕΚΔΙΚΑΣΗ","Municipali":"Δήμος Γλυφάδας","Date":"2025/05"}},{"type":"Feature","id":767,"geometry":{"type":"Point","coordinates":[23.66643380000005,38.011697500000025]},"properties":{"FID":767,"Type":"ΑΙΤΙΑ ΥΠΟ ΕΚΔΙΚΑΣΗ","Municipali":"Δήμος Χαϊδαρίου","Date":"2025/05"}},{"type":"Feature","id":768,"geometry":{"type":"Point","coordinates":[23.681053200000065,37.990675100000033]},"properties":{"FID":768,"Type":"ΑΙΤΙΑ ΥΠΟ ΕΚΔΙΚΑΣΗ","Municipali":"Δήμος Αιγάλεω","Date":"2025/05"}},{"type":"Feature","id":769,"geometry":{"type":"Point","coordinates":[23.622867220000046,37.952427670000077]},"properties":{"FID":769,"Type":"ΟΔΗΓΟΣ-ΛΟΙΠΑ ΑΙΤΙΑ ΑΝΑΦΕΡΟΜΕΝΑ ΣΕ ΟΔΗΓΟΥΣ","Municipali":"Δήμος Κερατσινίου - Δραπετσώνας","Date":"2025/04"}},{"type":"Feature","id":770,"geometry":{"type":"Point","coordinates":[23.745187580000049,37.996528620000049]},"properties":{"FID":770,"Type":"ΟΔΗΓΟΣ-ΛΟΙΠΑ ΑΙΤΙΑ ΑΝΑΦΕΡΟΜΕΝΑ ΣΕ ΟΔΗΓΟΥΣ","Municipali":"Δήμος Αθηναίων","Date":"2025/04"}},{"type":"Feature","id":771,"geometry":{"type":"Point","coordinates":[23.746390160000033,37.966754810000054]},"properties":{"FID":771,"Type":"ΟΔΗΓΟΣ-ΑΠΟΣΠΑΣΗ ΤΗΣ ΠΡΟΣΟΧΗΣ ΤΟΥ ΟΔΗΓΟΥ","Municipali":"Δήμος Αθηναίων","Date":"2025/04"}},{"type":"Feature","id":772,"geometry":{"type":"Point","coordinates":[23.710416900000041,37.997337880000032]},"properties":{"FID":772,"Type":"ΟΔΗΓΟΣ-ΑΠΟΣΠΑΣΗ ΤΗΣ ΠΡΟΣΟΧΗΣ ΤΟΥ ΟΔΗΓΟΥ","Municipali":"Δήμος Αθηναίων","Date":"2025/04"}},{"type":"Feature","id":773,"geometry":{"type":"Point","coordinates":[23.766753090000066,37.993049530000064]},"properties":{"FID":773,"Type":"ΟΔΗΓΟΣ-ΑΠΟΣΠΑΣΗ ΤΗΣ ΠΡΟΣΟΧΗΣ ΤΟΥ ΟΔΗΓΟΥ","Municipali":"Δήμος Αθηναίων","Date":"2025/04"}},{"type":"Feature","id":774,"geometry":{"type":"Point","coordinates":[23.681875400000024,37.991566500000033]},"properties":{"FID":774,"Type":"ΑΙΤΙΑ ΥΠΟ ΕΚΔΙΚΑΣΗ","Municipali":"Δήμος Αιγάλεω","Date":"2025/05"}},{"type":"Feature","id":775,"geometry":{"type":"Point","coordinates":[23.925068380000027,37.964128600000038]},"properties":{"FID":775,"Type":"ΠΕΖΟΣ-ΔΙΕΣΧΙΖΕ ΑΠΟΤΟΜΑ ΚΑΙ ΑΠΕΡΙΣΚΕΠΤΑ ΤΗΝ ΟΔΟ","Municipali":"Δήμος Σπάτων - Αρτέμιδος","Date":"2025/04"}},{"type":"Feature","id":776,"geometry":{"type":"Point","coordinates":[23.684796090000077,38.012242100000037]},"properties":{"FID":776,"Type":"ΟΔΗΓΟΣ-ΛΟΙΠΑ ΑΙΤΙΑ ΑΝΑΦΕΡΟΜΕΝΑ ΣΕ ΟΔΗΓΟΥΣ","Municipali":"Δήμος Περιστερίου","Date":"2025/04"}},{"type":"Feature","id":777,"geometry":{"type":"Point","coordinates":[23.721091750000028,38.016214910000031]},"properties":{"FID":777,"Type":"ΟΔΗΓΟΣ-ΛΟΙΠΑ ΑΙΤΙΑ ΑΝΑΦΕΡΟΜΕΝΑ ΣΕ ΟΔΗΓΟΥΣ","Municipali":"Δήμος Αθηναίων","Date":"2025/05"}},{"type":"Feature","id":778,"geometry":{"type":"Point","coordinates":[23.763127330000032,37.957649050000043]},"properties":{"FID":778,"Type":"ΟΔΗΓΟΣ-ΛΟΙΠΑ ΑΙΤΙΑ ΑΝΑΦΕΡΟΜΕΝΑ ΣΕ ΟΔΗΓΟΥΣ","Municipali":"Δήμος Βύρωνα","Date":"2025/05"}},{"type":"Feature","id":779,"geometry":{"type":"Point","coordinates":[23.70131850000007,37.967448510000054]},"properties":{"FID":779,"Type":"ΑΙΤΙΑ ΥΠΟ ΕΚΔΙΚΑΣΗ","Municipali":"Δήμος Μοσχάτου-Ταύρου","Date":"2025/04"}},{"type":"Feature","id":780,"geometry":{"type":"Point","coordinates":[23.780947920000074,37.996407870000041]},"properties":{"FID":780,"Type":"ΑΙΤΙΑ ΥΠΟ ΕΚΔΙΚΑΣΗ","Municipali":"Δήμος Αθηναίων","Date":"2025/05"}},{"type":"Feature","id":781,"geometry":{"type":"Point","coordinates":[23.699913020000054,37.992645370000048]},"properties":{"FID":781,"Type":"ΑΙΤΙΑ ΥΠΟ ΕΚΔΙΚΑΣΗ","Municipali":"Δήμος Αθηναίων","Date":"2025/05"}},{"type":"Feature","id":782,"geometry":{"type":"Point","coordinates":[23.928117000000043,37.83930980000008]},"properties":{"FID":782,"Type":"ΑΙΤΙΑ ΥΠΟ ΕΚΔΙΚΑΣΗ","Municipali":"Δήμος Σαρωνικού","Date":"2025/05"}},{"type":"Feature","id":783,"geometry":{"type":"Point","coordinates":[23.608599610000056,37.963780470000074]},"properties":{"FID":783,"Type":"ΟΔΗΓΟΣ-ΛΟΙΠΕΣ ΠΑΡΑΒΙΑΣΕΙΣ ΣΗΜΑΝΣΕΩΝ ΕΝ ΓΕΝΕΙ","Municipali":"Δήμος Κερατσινίου - Δραπετσώνας","Date":"2025/05"}},{"type":"Feature","id":784,"geometry":{"type":"Point","coordinates":[23.745521310000072,37.953842260000044]},"properties":{"FID":784,"Type":"ΟΔΗΓΟΣ-ΛΟΙΠΑ ΑΙΤΙΑ ΑΝΑΦΕΡΟΜΕΝΑ ΣΕ ΟΔΗΓΟΥΣ","Municipali":"Δήμος Δάφνης - Υμηττού","Date":"2025/04"}},{"type":"Feature","id":785,"geometry":{"type":"Point","coordinates":[23.728183510000065,37.985056350000036]},"properties":{"FID":785,"Type":"ΟΔΗΓΟΣ-ΛΟΙΠΑ ΑΙΤΙΑ ΑΝΑΦΕΡΟΜΕΝΑ ΣΕ ΟΔΗΓΟΥΣ","Municipali":"Δήμος Αθηναίων","Date":"2025/05"}},{"type":"Feature","id":786,"geometry":{"type":"Point","coordinates":[23.761432170000035,37.985424200000068]},"properties":{"FID":786,"Type":"ΟΔΗΓΟΣ-ΛΟΙΠΑ ΑΙΤΙΑ ΑΝΑΦΕΡΟΜΕΝΑ ΣΕ ΟΔΗΓΟΥΣ","Municipali":"Δήμος Αθηναίων","Date":"2025/05"}},{"type":"Feature","id":787,"geometry":{"type":"Point","coordinates":[23.667919640000036,38.012715470000046]},"properties":{"FID":787,"Type":"ΑΙΤΙΑ ΥΠΟ ΕΚΔΙΚΑΣΗ","Municipali":"Δήμος Χαϊδαρίου","Date":"2025/05"}},{"type":"Feature","id":788,"geometry":{"type":"Point","coordinates":[23.837349410000058,38.140936110000041]},"properties":{"FID":788,"Type":"ΑΙΤΙΑ ΥΠΟ ΕΚΔΙΚΑΣΗ","Municipali":"Δήμος Διονύσου","Date":"2025/05"}},{"type":"Feature","id":789,"geometry":{"type":"Point","coordinates":[23.72716427000006,37.983749860000046]},"properties":{"FID":789,"Type":"ΑΙΤΙΑ ΥΠΟ ΕΚΔΙΚΑΣΗ","Municipali":"Δήμος Αθηναίων","Date":"2025/05"}},{"type":"Feature","id":790,"geometry":{"type":"Point","coordinates":[23.644520040000032,37.929254090000029]},"properties":{"FID":790,"Type":"ΑΙΤΙΑ ΥΠΟ ΕΚΔΙΚΑΣΗ","Municipali":"Δήμος Πειραιώς","Date":"2025/05"}},{"type":"Feature","id":791,"geometry":{"type":"Point","coordinates":[23.739491700000031,37.977855580000039]},"properties":{"FID":791,"Type":"ΟΔΗΓΟΣ-ΛΟΙΠΑ ΑΙΤΙΑ ΑΝΑΦΕΡΟΜΕΝΑ ΣΕ ΟΔΗΓΟΥΣ","Municipali":"Δήμος Αθηναίων","Date":"2025/05"}},{"type":"Feature","id":792,"geometry":{"type":"Point","coordinates":[23.772268300000064,37.834669060000067]},"properties":{"FID":792,"Type":"ΑΙΤΙΑ ΥΠΟ ΕΚΔΙΚΑΣΗ","Municipali":"Δήμος Βάρης - Βούλας - Βουλιαγμένης","Date":"2025/05"}},{"type":"Feature","id":793,"geometry":{"type":"Point","coordinates":[23.77666712000007,37.972379470000078]},"properties":{"FID":793,"Type":"ΑΙΤΙΑ ΥΠΟ ΕΚΔΙΚΑΣΗ","Municipali":"Δήμος Ζωγράφου","Date":"2025/05"}},{"type":"Feature","id":794,"geometry":{"type":"Point","coordinates":[23.731391430000031,37.991596900000047]},"properties":{"FID":794,"Type":"ΑΙΤΙΑ ΥΠΟ ΕΚΔΙΚΑΣΗ","Municipali":"Δήμος Αθηναίων","Date":"2025/04"}},{"type":"Feature","id":795,"geometry":{"type":"Point","coordinates":[23.824603560000071,38.02450642000008]},"properties":{"FID":795,"Type":"ΑΙΤΙΑ ΥΠΟ ΕΚΔΙΚΑΣΗ","Municipali":"Δήμος Χαλανδρίου","Date":"2025/04"}},{"type":"Feature","id":796,"geometry":{"type":"Point","coordinates":[23.820247650000056,37.844020350000051]},"properties":{"FID":796,"Type":"ΑΙΤΙΑ ΥΠΟ ΕΚΔΙΚΑΣΗ","Municipali":"Δήμος Κρωπίας","Date":"2025/05"}},{"type":"Feature","id":797,"geometry":{"type":"Point","coordinates":[23.736865300000034,38.084160700000041]},"properties":{"FID":797,"Type":"ΑΙΤΙΑ ΥΠΟ ΕΚΔΙΚΑΣΗ","Municipali":"Δήμος Αχαρνών","Date":"2025/05"}},{"type":"Feature","id":798,"geometry":{"type":"Point","coordinates":[23.627450470000042,37.953097790000072]},"properties":{"FID":798,"Type":"ΑΙΤΙΑ ΥΠΟ ΕΚΔΙΚΑΣΗ","Municipali":"Δήμος Κερατσινίου - Δραπετσώνας","Date":"2025/05"}},{"type":"Feature","id":799,"geometry":{"type":"Point","coordinates":[23.921275600000058,37.889463410000076]},"properties":{"FID":799,"Type":"ΑΙΤΙΑ ΥΠΟ ΕΚΔΙΚΑΣΗ","Municipali":"Δήμος Μαρκόπουλου Μεσογαίας","Date":"2025/05"}},{"type":"Feature","id":800,"geometry":{"type":"Point","coordinates":[23.691158290000033,37.925564310000027]},"properties":{"FID":800,"Type":"ΑΙΤΙΑ ΥΠΟ ΕΚΔΙΚΑΣΗ","Municipali":"Δήμος Παλαιού Φαλήρου","Date":"2025/05"}},{"type":"Feature","id":801,"geometry":{"type":"Point","coordinates":[23.697853090000024,37.998673740000072]},"properties":{"FID":801,"Type":"ΑΙΤΙΑ ΥΠΟ ΕΚΔΙΚΑΣΗ","Municipali":"Δήμος Περιστερίου","Date":"2025/05"}},{"type":"Feature","id":802,"geometry":{"type":"Point","coordinates":[23.967229610000061,37.812558960000047]},"properties":{"FID":802,"Type":"ΑΙΤΙΑ ΥΠΟ ΕΚΔΙΚΑΣΗ","Municipali":"Δήμος Λαυρεωτικής","Date":"2025/05"}},{"type":"Feature","id":803,"geometry":{"type":"Point","coordinates":[23.751578300000062,37.931886300000031]},"properties":{"FID":803,"Type":"ΟΔΗΓΟΣ-ΛΟΙΠΑ ΑΙΤΙΑ ΑΝΑΦΕΡΟΜΕΝΑ ΣΕ ΟΔΗΓΟΥΣ","Municipali":"Δήμος Ηλιούπολης","Date":"2025/04"}},{"type":"Feature","id":804,"geometry":{"type":"Point","coordinates":[23.736959700000057,37.97838414000006]},"properties":{"FID":804,"Type":"ΟΔΗΓΟΣ-ΑΠΟΣΠΑΣΗ ΤΗΣ ΠΡΟΣΟΧΗΣ ΤΟΥ ΟΔΗΓΟΥ","Municipali":"Δήμος Αθηναίων","Date":"2025/05"}},{"type":"Feature","id":805,"geometry":{"type":"Point","coordinates":[23.660463090000064,37.95633784000006]},"properties":{"FID":805,"Type":"ΟΔΗΓΟΣ-ΕΣΦΑΛΜΕΝΗ ΑΠΟΦΕΥΚΤΙΚΗ ΕΝΕΡΓΕΙΑ","Municipali":"Δήμος Πειραιώς","Date":"2025/04"}},{"type":"Feature","id":806,"geometry":{"type":"Point","coordinates":[23.650206420000075,37.977516480000077]},"properties":{"FID":806,"Type":"ΟΔΗΓΟΣ-ΑΝΤΙΚΑΝΟΝΙΚΟ ΠΡΟΣΠΕΡΑΣΜΑ","Municipali":"Δήμος Κορυδαλλού","Date":"2025/04"}},{"type":"Feature","id":807,"geometry":{"type":"Point","coordinates":[23.764736650000032,38.059394810000072]},"properties":{"FID":807,"Type":"ΟΔΗΓΟΣ-ΛΟΙΠΑ ΑΙΤΙΑ ΑΝΑΦΕΡΟΜΕΝΑ ΣΕ ΟΔΗΓΟΥΣ","Municipali":"Δήμος Μεταμορφώσεως","Date":"2025/04"}},{"type":"Feature","id":808,"geometry":{"type":"Point","coordinates":[23.724391070000024,38.012525320000066]},"properties":{"FID":808,"Type":"ΟΔΗΓΟΣ-ΑΠΟΣΠΑΣΗ ΤΗΣ ΠΡΟΣΟΧΗΣ ΤΟΥ ΟΔΗΓΟΥ","Municipali":"Δήμος Αθηναίων","Date":"2025/04"}},{"type":"Feature","id":809,"geometry":{"type":"Point","coordinates":[23.971529600000054,37.893774600000029]},"properties":{"FID":809,"Type":"ΑΙΤΙΑ ΥΠΟ ΕΚΔΙΚΑΣΗ","Municipali":"Δήμος Μαρκόπουλου Μεσογαίας","Date":"2025/04"}},{"type":"Feature","id":810,"geometry":{"type":"Point","coordinates":[23.853721620000044,38.179454600000042]},"properties":{"FID":810,"Type":"ΑΙΤΙΑ ΥΠΟ ΕΚΔΙΚΑΣΗ","Municipali":"Δήμος Ωρωπού","Date":"2025/04"}},{"type":"Feature","id":811,"geometry":{"type":"Point","coordinates":[23.622493740000039,37.967249750000065]},"properties":{"FID":811,"Type":"ΟΔΗΓΟΣ-ΟΔΗΓΗΣΗ ΣΕ ΚΑΤΑΣΤΑΣΗ ΜΕΘΗΣ","Municipali":"Δήμος Κερατσινίου - Δραπετσώνας","Date":"2025/04"}},{"type":"Feature","id":812,"geometry":{"type":"Point","coordinates":[23.63377158000003,37.957999290000032]},"properties":{"FID":812,"Type":"ΟΔΗΓΟΣ-ΠΑΡΑΒΙΑΣΗ ΣΗΜΑΤΟΔΟΤΗ","Municipali":"Δήμος Πειραιώς","Date":"2025/04"}},{"type":"Feature","id":813,"geometry":{"type":"Point","coordinates":[23.658666010000047,37.958143920000055]},"properties":{"FID":813,"Type":"ΑΙΤΙΑ ΥΠΟ ΕΚΔΙΚΑΣΗ","Municipali":"Δήμος Πειραιώς","Date":"2025/04"}},{"type":"Feature","id":814,"geometry":{"type":"Point","coordinates":[23.424289230000056,37.753785120000032]},"properties":{"FID":814,"Type":"ΑΙΤΙΑ ΥΠΟ ΕΚΔΙΚΑΣΗ","Municipali":"Δήμος Αίγινας","Date":"2025/04"}},{"type":"Feature","id":815,"geometry":{"type":"Point","coordinates":[23.68038690000003,37.98625252000005]},"properties":{"FID":815,"Type":"ΑΙΤΙΑ ΥΠΟ ΕΚΔΙΚΑΣΗ","Municipali":"Δήμος Αιγάλεω","Date":"2025/04"}},{"type":"Feature","id":816,"geometry":{"type":"Point","coordinates":[23.484091760000069,37.96717362000004]},"properties":{"FID":816,"Type":"ΑΙΤΙΑ ΥΠΟ ΕΚΔΙΚΑΣΗ","Municipali":"Δήμος Σαλαμίνας","Date":"2025/03"}},{"type":"Feature","id":817,"geometry":{"type":"Point","coordinates":[23.663225770000054,37.951211230000069]},"properties":{"FID":817,"Type":"ΑΙΤΙΑ ΥΠΟ ΕΚΔΙΚΑΣΗ","Municipali":"Δήμος Πειραιώς","Date":"2025/04"}},{"type":"Feature","id":818,"geometry":{"type":"Point","coordinates":[23.719568250000066,38.080240480000043]},"properties":{"FID":818,"Type":"ΑΙΤΙΑ ΥΠΟ ΕΚΔΙΚΑΣΗ","Municipali":"Δήμος Αχαρνών","Date":"2025/04"}},{"type":"Feature","id":819,"geometry":{"type":"Point","coordinates":[23.643354890000069,37.979412050000064]},"properties":{"FID":819,"Type":"ΟΔΗΓΟΣ-ΛΟΙΠΑ ΑΙΤΙΑ ΑΝΑΦΕΡΟΜΕΝΑ ΣΕ ΟΔΗΓΟΥΣ","Municipali":"Δήμος Κορυδαλλού","Date":"2025/03"}},{"type":"Feature","id":820,"geometry":{"type":"Point","coordinates":[23.627547030000073,37.947882120000031]},"properties":{"FID":820,"Type":"ΑΙΤΙΑ ΥΠΟ ΕΚΔΙΚΑΣΗ","Municipali":"Δήμος Κερατσινίου - Δραπετσώνας","Date":"2025/03"}},{"type":"Feature","id":821,"geometry":{"type":"Point","coordinates":[24.051454070000034,37.709216090000041]},"properties":{"FID":821,"Type":"ΑΙΤΙΑ ΥΠΟ ΕΚΔΙΚΑΣΗ","Municipali":"Δήμος Λαυρεωτικής","Date":"2025/03"}},{"type":"Feature","id":822,"geometry":{"type":"Point","coordinates":[23.674249650000036,38.013894650000054]},"properties":{"FID":822,"Type":"ΑΙΤΙΑ ΥΠΟ ΕΚΔΙΚΑΣΗ","Municipali":"Δήμος Χαϊδαρίου","Date":"2025/03"}},{"type":"Feature","id":823,"geometry":{"type":"Point","coordinates":[23.638921780000032,38.012813710000046]},"properties":{"FID":823,"Type":"ΑΙΤΙΑ ΥΠΟ ΕΚΔΙΚΑΣΗ","Municipali":"Δήμος Χαϊδαρίου","Date":"2025/03"}},{"type":"Feature","id":824,"geometry":{"type":"Point","coordinates":[23.705276450000042,38.038124480000079]},"properties":{"FID":824,"Type":"ΑΙΤΙΑ ΥΠΟ ΕΚΔΙΚΑΣΗ","Municipali":"Δήμος Ιλίου","Date":"2025/03"}},{"type":"Feature","id":825,"geometry":{"type":"Point","coordinates":[23.750472660000071,38.060898470000041]},"properties":{"FID":825,"Type":"ΟΔΗΓΟΣ-ΛΟΙΠΑ ΑΙΤΙΑ ΑΝΑΦΕΡΟΜΕΝΑ ΣΕ ΟΔΗΓΟΥΣ","Municipali":"Δήμος Μεταμορφώσεως","Date":"2025/03"}},{"type":"Feature","id":826,"geometry":{"type":"Point","coordinates":[23.822430970000028,38.033544860000063]},"properties":{"FID":826,"Type":"ΟΔΗΓΟΣ-ΛΟΙΠΑ ΑΙΤΙΑ ΑΝΑΦΕΡΟΜΕΝΑ ΣΕ ΟΔΗΓΟΥΣ","Municipali":"Δήμος Χαλανδρίου","Date":"2025/03"}},{"type":"Feature","id":827,"geometry":{"type":"Point","coordinates":[23.719182010000054,37.917346260000045]},"properties":{"FID":827,"Type":"ΟΔΗΓΟΣ-ΠΑΡΑΒΙΑΣΗ ΠΡΟΤΕΡΑΙΟΤΗΤΑΣ ΓΕΝΙΚΩΣ","Municipali":"Δήμος Αλίμου","Date":"2025/03"}},{"type":"Feature","id":828,"geometry":{"type":"Point","coordinates":[23.727400300000056,37.931445870000061]},"properties":{"FID":828,"Type":"ΑΙΤΙΑ ΥΠΟ ΕΚΔΙΚΑΣΗ","Municipali":"Δήμος Αγίου Δημητρίου","Date":"2025/03"}},{"type":"Feature","id":829,"geometry":{"type":"Point","coordinates":[23.678695880000078,37.983400750000044]},"properties":{"FID":829,"Type":"ΑΙΤΙΑ ΥΠΟ ΕΚΔΙΚΑΣΗ","Municipali":"Δήμος Αιγάλεω","Date":"2025/03"}},{"type":"Feature","id":830,"geometry":{"type":"Point","coordinates":[23.667061450000062,37.99050630000005]},"properties":{"FID":830,"Type":"ΑΙΤΙΑ ΥΠΟ ΕΚΔΙΚΑΣΗ","Municipali":"Δήμος Αιγάλεω","Date":"2025/03"}},{"type":"Feature","id":831,"geometry":{"type":"Point","coordinates":[23.687059880000049,38.028892670000062]},"properties":{"FID":831,"Type":"ΑΙΤΙΑ ΥΠΟ ΕΚΔΙΚΑΣΗ","Municipali":"Δήμος Ιλίου","Date":"2025/03"}},{"type":"Feature","id":832,"geometry":{"type":"Point","coordinates":[23.664300150000031,37.971311550000053]},"properties":{"FID":832,"Type":"ΟΔΗΓΟΣ-ΛΟΙΠΑ ΑΙΤΙΑ ΑΝΑΦΕΡΟΜΕΝΑ ΣΕ ΟΔΗΓΟΥΣ","Municipali":"Δήμος Νίκαιας - Αγίου Ιωάννη Ρέντη","Date":"2025/03"}},{"type":"Feature","id":833,"geometry":{"type":"Point","coordinates":[23.700728420000075,37.96922894000005]},"properties":{"FID":833,"Type":"ΕΠΙΒΑΤΗΣ-ΠΤΩΣΗ ΑΠΟ ΤΟ ΟΧΗΜΑ","Municipali":"Δήμος Αθηναίων","Date":"2025/03"}},{"type":"Feature","id":834,"geometry":{"type":"Point","coordinates":[23.718420270000024,37.922889950000069]},"properties":{"FID":834,"Type":"ΑΙΤΙΑ ΥΠΟ ΕΚΔΙΚΑΣΗ","Municipali":"Δήμος Παλαιού Φαλήρου","Date":"2025/03"}},{"type":"Feature","id":835,"geometry":{"type":"Point","coordinates":[23.642390370000044,37.950745920000031]},"properties":{"FID":835,"Type":"ΑΙΤΙΑ ΥΠΟ ΕΚΔΙΚΑΣΗ","Municipali":"Δήμος Πειραιώς","Date":"2025/03"}},{"type":"Feature","id":836,"geometry":{"type":"Point","coordinates":[23.729706200000066,37.935827900000049]},"properties":{"FID":836,"Type":"ΟΔΗΓΟΣ-ΛΟΙΠΑ ΑΙΤΙΑ ΑΝΑΦΕΡΟΜΕΝΑ ΣΕ ΟΔΗΓΟΥΣ","Municipali":"Δήμος Αγίου Δημητρίου","Date":"2025/03"}},{"type":"Feature","id":837,"geometry":{"type":"Point","coordinates":[23.727646740000068,37.98275650000005]},"properties":{"FID":837,"Type":"ΟΔΗΓΟΣ-ΑΠΟΣΠΑΣΗ ΤΗΣ ΠΡΟΣΟΧΗΣ ΤΟΥ ΟΔΗΓΟΥ","Municipali":"Δήμος Αθηναίων","Date":"2025/03"}},{"type":"Feature","id":838,"geometry":{"type":"Point","coordinates":[24.008882050000068,38.018222370000046]},"properties":{"FID":838,"Type":"ΑΙΤΙΑ ΥΠΟ ΕΚΔΙΚΑΣΗ","Municipali":"Δήμος Ραφήνας - Πικερμίου","Date":"2025/02"}},{"type":"Feature","id":839,"geometry":{"type":"Point","coordinates":[23.82833719000007,38.116005510000036]},"properties":{"FID":839,"Type":"ΑΙΤΙΑ ΥΠΟ ΕΚΔΙΚΑΣΗ","Municipali":"Δήμος Κηφισιάς","Date":"2025/03"}},{"type":"Feature","id":840,"geometry":{"type":"Point","coordinates":[23.657351730000073,37.949426130000063]},"properties":{"FID":840,"Type":"ΑΙΤΙΑ ΥΠΟ ΕΚΔΙΚΑΣΗ","Municipali":"Δήμος Πειραιώς","Date":"2025/03"}},{"type":"Feature","id":841,"geometry":{"type":"Point","coordinates":[23.709113000000059,38.088626070000032]},"properties":{"FID":841,"Type":"ΑΙΤΙΑ ΥΠΟ ΕΚΔΙΚΑΣΗ","Municipali":"Δήμος Φυλής","Date":"2025/03"}},{"type":"Feature","id":842,"geometry":{"type":"Point","coordinates":[23.800206180000032,37.827090570000053]},"properties":{"FID":842,"Type":"ΟΔΗΓΟΣ-ΛΟΙΠΑ ΑΙΤΙΑ ΑΝΑΦΕΡΟΜΕΝΑ ΣΕ ΟΔΗΓΟΥΣ","Municipali":"Δήμος Βάρης - Βούλας - Βουλιαγμένης","Date":"2025/03"}},{"type":"Feature","id":843,"geometry":{"type":"Point","coordinates":[23.739207700000065,37.949293300000079]},"properties":{"FID":843,"Type":"ΟΔΗΓΟΣ-ΛΟΙΠΑ ΑΙΤΙΑ ΑΝΑΦΕΡΟΜΕΝΑ ΣΕ ΟΔΗΓΟΥΣ","Municipali":"Δήμος Δάφνης - Υμηττού","Date":"2025/03"}},{"type":"Feature","id":844,"geometry":{"type":"Point","coordinates":[23.756357210000033,37.997015840000074]},"properties":{"FID":844,"Type":"ΟΔΗΓΟΣ-ΑΠΟΣΠΑΣΗ ΤΗΣ ΠΡΟΣΟΧΗΣ ΤΟΥ ΟΔΗΓΟΥ","Municipali":"Δήμος Αθηναίων","Date":"2025/03"}},{"type":"Feature","id":845,"geometry":{"type":"Point","coordinates":[23.724945000000048,37.97697370000003]},"properties":{"FID":845,"Type":"ΟΔΗΓΟΣ-ΑΠΟΣΠΑΣΗ ΤΗΣ ΠΡΟΣΟΧΗΣ ΤΟΥ ΟΔΗΓΟΥ","Municipali":"Δήμος Αθηναίων","Date":"2025/03"}},{"type":"Feature","id":846,"geometry":{"type":"Point","coordinates":[24.018561500000033,37.996110800000054]},"properties":{"FID":846,"Type":"ΑΙΤΙΑ ΥΠΟ ΕΚΔΙΚΑΣΗ","Municipali":"Δήμος Σπάτων - Αρτέμιδος","Date":"2025/03"}},{"type":"Feature","id":847,"geometry":{"type":"Point","coordinates":[23.692864180000072,37.994632330000059]},"properties":{"FID":847,"Type":"ΑΙΤΙΑ ΥΠΟ ΕΚΔΙΚΑΣΗ","Municipali":"Δήμος Αθηναίων","Date":"2025/03"}},{"type":"Feature","id":848,"geometry":{"type":"Point","coordinates":[23.751969340000073,37.854186510000034]},"properties":{"FID":848,"Type":"ΑΙΤΙΑ ΥΠΟ ΕΚΔΙΚΑΣΗ","Municipali":"Δήμος Γλυφάδας","Date":"2025/03"}},{"type":"Feature","id":849,"geometry":{"type":"Point","coordinates":[23.628309420000051,37.976298540000073]},"properties":{"FID":849,"Type":"ΠΕΖΟΣ-ΔΙΕΣΧΙΖΕ ΑΠΟΤΟΜΑ ΚΑΙ ΑΠΕΡΙΣΚΕΠΤΑ ΤΗΝ ΟΔΟ","Municipali":"Δήμος Κερατσινίου - Δραπετσώνας","Date":"2025/03"}},{"type":"Feature","id":850,"geometry":{"type":"Point","coordinates":[23.698984980000034,37.93952272000007]},"properties":{"FID":850,"Type":"ΟΔΗΓΟΣ-ΑΠΟΣΠΑΣΗ ΤΗΣ ΠΡΟΣΟΧΗΣ ΤΟΥ ΟΔΗΓΟΥ","Municipali":"Δήμος Παλαιού Φαλήρου","Date":"2025/03"}},{"type":"Feature","id":851,"geometry":{"type":"Point","coordinates":[23.729580300000066,38.020914300000072]},"properties":{"FID":851,"Type":"ΟΔΗΓΟΣ-ΑΠΟΣΠΑΣΗ ΤΗΣ ΠΡΟΣΟΧΗΣ ΤΟΥ ΟΔΗΓΟΥ","Municipali":"Δήμος Αθηναίων","Date":"2025/03"}},{"type":"Feature","id":852,"geometry":{"type":"Point","coordinates":[23.777981400000044,38.007643510000037]},"properties":{"FID":852,"Type":"ΑΙΤΙΑ ΥΠΟ ΕΚΔΙΚΑΣΗ","Municipali":"Δήμος Φιλοθέης - Ψυχικού","Date":"2025/03"}},{"type":"Feature","id":853,"geometry":{"type":"Point","coordinates":[23.871874810000065,38.005327200000067]},"properties":{"FID":853,"Type":"ΑΙΤΙΑ ΥΠΟ ΕΚΔΙΚΑΣΗ","Municipali":"Δήμος Παλλήνης","Date":"2025/02"}},{"type":"Feature","id":854,"geometry":{"type":"Point","coordinates":[23.795989750000047,38.018742190000069]},"properties":{"FID":854,"Type":"ΟΔΗΓΟΣ-ΛΟΙΠΕΣ ΠΑΡΑΒΙΑΣΕΙΣ ΣΗΜΑΝΣΕΩΝ ΕΝ ΓΕΝΕΙ","Municipali":"Δήμος Χαλανδρίου","Date":"2025/03"}},{"type":"Feature","id":855,"geometry":{"type":"Point","coordinates":[23.942272930000058,37.725165920000052]},"properties":{"FID":855,"Type":"ΟΔΗΓΟΣ-ΛΟΙΠΕΣ ΠΑΡΑΒΙΑΣΕΙΣ ΣΗΜΑΝΣΕΩΝ ΕΝ ΓΕΝΕΙ","Municipali":"Δήμος Σαρωνικού","Date":"2025/03"}},{"type":"Feature","id":856,"geometry":{"type":"Point","coordinates":[23.862744570000075,38.012432290000049]},"properties":{"FID":856,"Type":"ΟΔΟΣ&ΚΑΙΡΟΣ-ΒΛΑΒΗ Η ΦΘΟΡΑ Η ΑΝΩΜΑΛΙΑ ΤΗΣ ΟΔΟΥ","Municipali":"Δήμος Παλλήνης","Date":"2025/02"}},{"type":"Feature","id":857,"geometry":{"type":"Point","coordinates":[23.769441250000057,37.989571800000078]},"properties":{"FID":857,"Type":"ΟΔΗΓΟΣ-ΛΟΙΠΑ ΑΙΤΙΑ ΑΝΑΦΕΡΟΜΕΝΑ ΣΕ ΟΔΗΓΟΥΣ","Municipali":"Δήμος Αθηναίων","Date":"2025/03"}},{"type":"Feature","id":858,"geometry":{"type":"Point","coordinates":[23.783796430000052,37.808266680000031]},"properties":{"FID":858,"Type":"ΑΙΤΙΑ ΥΠΟ ΕΚΔΙΚΑΣΗ","Municipali":"Δήμος Βάρης - Βούλας - Βουλιαγμένης","Date":"2025/02"}},{"type":"Feature","id":859,"geometry":{"type":"Point","coordinates":[23.637889620000067,37.935016890000043]},"properties":{"FID":859,"Type":"ΑΙΤΙΑ ΥΠΟ ΕΚΔΙΚΑΣΗ","Municipali":"Δήμος Πειραιώς","Date":"2025/03"}},{"type":"Feature","id":860,"geometry":{"type":"Point","coordinates":[23.798961640000073,37.821272710000073]},"properties":{"FID":860,"Type":"ΟΔΗΓΟΣ-ΠΑΡΑΒΙΑΣΗ ΠΡΟΤΕΡΑΙΟΤΗΤΑΣ ΓΕΝΙΚΩΣ","Municipali":"Δήμος Βάρης - Βούλας - Βουλιαγμένης","Date":"2025/03"}},{"type":"Feature","id":861,"geometry":{"type":"Point","coordinates":[23.637148650000029,37.966999510000051]},"properties":{"FID":861,"Type":"ΟΔΗΓΟΣ-ΠΑΡΑΒΙΑΣΗ ΠΡΟΤΕΡΑΙΟΤΗΤΑΣ ΓΕΝΙΚΩΣ","Municipali":"Δήμος Νίκαιας - Αγίου Ιωάννη Ρέντη","Date":"2025/02"}},{"type":"Feature","id":862,"geometry":{"type":"Point","coordinates":[23.661128680000047,37.974414170000045]},"properties":{"FID":862,"Type":"ΟΔΗΓΟΣ-ΠΑΡΑΒΙΑΣΗ ΠΡΟΤΕΡΑΙΟΤΗΤΑΣ ΓΕΝΙΚΩΣ","Municipali":"Δήμος Νίκαιας - Αγίου Ιωάννη Ρέντη","Date":"2025/02"}},{"type":"Feature","id":863,"geometry":{"type":"Point","coordinates":[23.856269720000057,37.959691950000035]},"properties":{"FID":863,"Type":"ΟΔΗΓΟΣ-ΛΟΙΠΕΣ ΠΑΡΑΒΙΑΣΕΙΣ ΣΗΜΑΝΣΕΩΝ ΕΝ ΓΕΝΕΙ","Municipali":"Δήμος Παιανίας","Date":"2025/03"}},{"type":"Feature","id":864,"geometry":{"type":"Point","coordinates":[23.770101070000067,37.901880990000052]},"properties":{"FID":864,"Type":"ΟΔΗΓΟΣ-ΛΟΙΠΑ ΑΙΤΙΑ ΑΝΑΦΕΡΟΜΕΝΑ ΣΕ ΟΔΗΓΟΥΣ","Municipali":"Δήμος Γλυφάδας","Date":"2025/03"}},{"type":"Feature","id":865,"geometry":{"type":"Point","coordinates":[23.760412920000078,37.968020730000035]},"properties":{"FID":865,"Type":"ΑΙΤΙΑ ΥΠΟ ΕΚΔΙΚΑΣΗ","Municipali":"Δήμος Καισαριανής","Date":"2025/02"}},{"type":"Feature","id":866,"geometry":{"type":"Point","coordinates":[23.345649110000068,37.983164310000063]},"properties":{"FID":866,"Type":"ΟΔΗΓΟΣ-ΛΟΙΠΑ ΑΙΤΙΑ ΑΝΑΦΕΡΟΜΕΝΑ ΣΕ ΟΔΗΓΟΥΣ","Municipali":"Δήμος Μεγαρέων","Date":"2025/02"}},{"type":"Feature","id":867,"geometry":{"type":"Point","coordinates":[23.718318340000053,38.016793910000047]},"properties":{"FID":867,"Type":"ΑΙΤΙΑ ΥΠΟ ΕΚΔΙΚΑΣΗ","Municipali":"Δήμος Αγίων Αναργύρων – Καματερού","Date":"2025/03"}},{"type":"Feature","id":868,"geometry":{"type":"Point","coordinates":[23.655363780000073,37.980534560000081]},"properties":{"FID":868,"Type":"ΑΙΤΙΑ ΥΠΟ ΕΚΔΙΚΑΣΗ","Municipali":"Δήμος Κορυδαλλού","Date":"2025/03"}},{"type":"Feature","id":869,"geometry":{"type":"Point","coordinates":[23.75267744000007,37.967917940000063]},"properties":{"FID":869,"Type":"ΟΔΗΓΟΣ-ΛΟΙΠΑ ΑΙΤΙΑ ΑΝΑΦΕΡΟΜΕΝΑ ΣΕ ΟΔΗΓΟΥΣ","Municipali":"Δήμος Αθηναίων","Date":"2025/05"}},{"type":"Feature","id":870,"geometry":{"type":"Point","coordinates":[23.742678170000033,37.972933450000028]},"properties":{"FID":870,"Type":"ΟΔΗΓΟΣ-ΛΟΙΠΑ ΑΙΤΙΑ ΑΝΑΦΕΡΟΜΕΝΑ ΣΕ ΟΔΗΓΟΥΣ","Municipali":"Δήμος Αθηναίων","Date":"2025/05"}},{"type":"Feature","id":871,"geometry":{"type":"Point","coordinates":[23.679045440000039,38.020305840000049]},"properties":{"FID":871,"Type":"ΑΙΤΙΑ ΥΠΟ ΕΚΔΙΚΑΣΗ","Municipali":"Δήμος Περιστερίου","Date":"2025/05"}},{"type":"Feature","id":872,"geometry":{"type":"Point","coordinates":[23.733043670000029,37.960559000000046]},"properties":{"FID":872,"Type":"ΕΠΙΒΑΤΗΣ-ΛΟΙΠΑ ΑΙΤΙΑ ΑΝΑΦΕΡΟΜΕΝΑ ΣΕ ΕΠΙΒΑΤΕΣ","Municipali":"Δήμος Αθηναίων","Date":"2025/05"}},{"type":"Feature","id":873,"geometry":{"type":"Point","coordinates":[23.70791674000003,38.016147290000049]},"properties":{"FID":873,"Type":"ΟΔΗΓΟΣ-ΛΟΙΠΑ ΑΙΤΙΑ ΑΝΑΦΕΡΟΜΕΝΑ ΣΕ ΟΔΗΓΟΥΣ","Municipali":"Δήμος Περιστερίου","Date":"2025/05"}},{"type":"Feature","id":874,"geometry":{"type":"Point","coordinates":[23.751572370000076,37.977796380000029]},"properties":{"FID":874,"Type":"ΟΔΗΓΟΣ-ΛΟΙΠΑ ΑΙΤΙΑ ΑΝΑΦΕΡΟΜΕΝΑ ΣΕ ΟΔΗΓΟΥΣ","Municipali":"Δήμος Αθηναίων","Date":"2025/05"}},{"type":"Feature","id":875,"geometry":{"type":"Point","coordinates":[23.742034440000054,38.049476670000047]},"properties":{"FID":875,"Type":"ΑΙΤΙΑ ΥΠΟ ΕΚΔΙΚΑΣΗ","Municipali":"Δήμος Νέας Φιλαδέλφειας - Νέας Χαλκηδόνας","Date":"2025/05"}},{"type":"Feature","id":876,"geometry":{"type":"Point","coordinates":[23.658113480000054,37.98629094000006]},"properties":{"FID":876,"Type":"ΑΙΤΙΑ ΥΠΟ ΕΚΔΙΚΑΣΗ","Municipali":"Δήμος Αγίας Βαρβάρας","Date":"2025/05"}},{"type":"Feature","id":877,"geometry":{"type":"Point","coordinates":[23.605885510000064,38.027979950000031]},"properties":{"FID":877,"Type":"ΑΙΤΙΑ ΥΠΟ ΕΚΔΙΚΑΣΗ","Municipali":"Δήμος Ασπροπύργου","Date":"2025/05"}},{"type":"Feature","id":878,"geometry":{"type":"Point","coordinates":[23.796547650000036,37.988595170000053]},"properties":{"FID":878,"Type":"ΟΔΗΓΟΣ-ΠΑΡΑΒΙΑΣΗ ΠΡΟΤΕΡΑΙΟΤΗΤΑΣ ΓΕΝΙΚΩΣ","Municipali":"Δήμος Παπάγου - Χολαργού","Date":"2025/05"}},{"type":"Feature","id":879,"geometry":{"type":"Point","coordinates":[23.738483190000068,38.042763850000028]},"properties":{"FID":879,"Type":"ΑΙΤΙΑ ΥΠΟ ΕΚΔΙΚΑΣΗ","Municipali":"Δήμος Νέας Φιλαδέλφειας - Νέας Χαλκηδόνας","Date":"2025/05"}},{"type":"Feature","id":880,"geometry":{"type":"Point","coordinates":[23.676588540000068,37.962166190000062]},"properties":{"FID":880,"Type":"ΑΙΤΙΑ ΥΠΟ ΕΚΔΙΚΑΣΗ","Municipali":"Δήμος Νίκαιας - Αγίου Ιωάννη Ρέντη","Date":"2025/05"}},{"type":"Feature","id":881,"geometry":{"type":"Point","coordinates":[23.759801390000064,37.868823330000055]},"properties":{"FID":881,"Type":"ΑΙΤΙΑ ΥΠΟ ΕΚΔΙΚΑΣΗ","Municipali":"Δήμος Γλυφάδας","Date":"2025/05"}},{"type":"Feature","id":882,"geometry":{"type":"Point","coordinates":[23.774499890000072,37.955635700000073]},"properties":{"FID":882,"Type":"ΑΙΤΙΑ ΥΠΟ ΕΚΔΙΚΑΣΗ","Municipali":"Δήμος Βύρωνα","Date":"2025/05"}},{"type":"Feature","id":883,"geometry":{"type":"Point","coordinates":[23.752505780000035,37.873650810000072]},"properties":{"FID":883,"Type":"ΟΔΗΓΟΣ-ΛΟΙΠΕΣ ΠΑΡΑΒΙΑΣΕΙΣ ΣΗΜΑΝΣΕΩΝ ΕΝ ΓΕΝΕΙ","Municipali":"Δήμος Γλυφάδας","Date":"2025/05"}},{"type":"Feature","id":884,"geometry":{"type":"Point","coordinates":[23.670285340000078,37.946930310000027]},"properties":{"FID":884,"Type":"ΟΔΗΓΟΣ-ΛΟΙΠΕΣ ΠΑΡΑΒΙΑΣΕΙΣ ΣΗΜΑΝΣΕΩΝ ΕΝ ΓΕΝΕΙ","Municipali":"Δήμος Πειραιώς","Date":"2025/04"}},{"type":"Feature","id":885,"geometry":{"type":"Point","coordinates":[23.671653270000036,37.96648005000003]},"properties":{"FID":885,"Type":"ΑΙΤΙΑ ΥΠΟ ΕΚΔΙΚΑΣΗ","Municipali":"Δήμος Νίκαιας - Αγίου Ιωάννη Ρέντη","Date":"2025/05"}},{"type":"Feature","id":886,"geometry":{"type":"Point","coordinates":[23.796129230000076,38.267129470000043]},"properties":{"FID":886,"Type":"ΑΙΤΙΑ ΥΠΟ ΕΚΔΙΚΑΣΗ","Municipali":"Δήμος Ωρωπού","Date":"2025/05"}},{"type":"Feature","id":887,"geometry":{"type":"Point","coordinates":[23.658199270000068,37.963406030000044]},"properties":{"FID":887,"Type":"ΟΔΗΓΟΣ-ΠΑΡΑΒΙΑΣΗ ΠΡΟΤΕΡΑΙΟΤΗΤΑΣ ΓΕΝΙΚΩΣ","Municipali":"Δήμος Νίκαιας - Αγίου Ιωάννη Ρέντη","Date":"2025/04"}},{"type":"Feature","id":888,"geometry":{"type":"Point","coordinates":[23.618282840000063,37.964029710000034]},"properties":{"FID":888,"Type":"ΟΔΗΓΟΣ-ΛΟΙΠΑ ΑΙΤΙΑ ΑΝΑΦΕΡΟΜΕΝΑ ΣΕ ΟΔΗΓΟΥΣ","Municipali":"Δήμος Κερατσινίου - Δραπετσώνας","Date":"2025/04"}},{"type":"Feature","id":889,"geometry":{"type":"Point","coordinates":[23.63118060000005,37.95766049000008]},"properties":{"FID":889,"Type":"ΟΔΗΓΟΣ-ΠΑΡΑΒΙΑΣΗ ΣΗΜΑΤΟΔΟΤΗ","Municipali":"Δήμος Πειραιώς","Date":"2025/04"}},{"type":"Feature","id":890,"geometry":{"type":"Point","coordinates":[23.750350010000034,38.015235990000065]},"properties":{"FID":890,"Type":"ΟΔΗΓΟΣ-ΛΟΙΠΑ ΑΙΤΙΑ ΑΝΑΦΕΡΟΜΕΝΑ ΣΕ ΟΔΗΓΟΥΣ","Municipali":"Δήμος Γαλατσίου","Date":"2025/04"}},{"type":"Feature","id":891,"geometry":{"type":"Point","coordinates":[23.726997800000049,37.994123200000047]},"properties":{"FID":891,"Type":"ΟΔΗΓΟΣ-ΑΠΟΣΠΑΣΗ ΤΗΣ ΠΡΟΣΟΧΗΣ ΤΟΥ ΟΔΗΓΟΥ","Municipali":"Δήμος Αθηναίων","Date":"2025/04"}},{"type":"Feature","id":892,"geometry":{"type":"Point","coordinates":[23.630534700000055,37.964887100000055]},"properties":{"FID":892,"Type":"ΑΙΤΙΑ ΥΠΟ ΕΚΔΙΚΑΣΗ","Municipali":"Δήμος Κερατσινίου - Δραπετσώνας","Date":"2025/04"}},{"type":"Feature","id":893,"geometry":{"type":"Point","coordinates":[23.717979830000047,37.984564810000052]},"properties":{"FID":893,"Type":"ΟΔΗΓΟΣ-ΠΑΡΑΒΙΑΣΗ ΣΗΜΑΤΟΔΟΤΗ","Municipali":"Δήμος Αθηναίων","Date":"2025/04"}},{"type":"Feature","id":894,"geometry":{"type":"Point","coordinates":[23.677238620000026,38.035405920000073]},"properties":{"FID":894,"Type":"ΑΙΤΙΑ ΥΠΟ ΕΚΔΙΚΑΣΗ","Municipali":"Δήμος Πετρούπολης","Date":"2025/04"}},{"type":"Feature","id":895,"geometry":{"type":"Point","coordinates":[23.202137950000065,37.962335360000054]},"properties":{"FID":895,"Type":"ΟΔΗΓΟΣ-ΠΑΡΑΒΙΑΣΗ ΠΡΟΤΕΡΑΙΟΤΗΤΑΣ ΓΕΝΙΚΩΣ","Municipali":"Δήμος Μεγαρέων","Date":"2025/04"}},{"type":"Feature","id":896,"geometry":{"type":"Point","coordinates":[23.715802430000053,38.012030770000024]},"properties":{"FID":896,"Type":"ΑΙΤΙΑ ΥΠΟ ΕΚΔΙΚΑΣΗ","Municipali":"Δήμος Περιστερίου","Date":"2025/04"}},{"type":"Feature","id":897,"geometry":{"type":"Point","coordinates":[23.942942620000053,38.159194010000078]},"properties":{"FID":897,"Type":"ΑΙΤΙΑ ΥΠΟ ΕΚΔΙΚΑΣΗ","Municipali":"Δήμος Μαραθώνος","Date":"2025/04"}},{"type":"Feature","id":898,"geometry":{"type":"Point","coordinates":[23.640291600000069,37.976194250000049]},"properties":{"FID":898,"Type":"ΑΙΤΙΑ ΥΠΟ ΕΚΔΙΚΑΣΗ","Municipali":"Δήμος Νίκαιας - Αγίου Ιωάννη Ρέντη","Date":"2025/03"}},{"type":"Feature","id":899,"geometry":{"type":"Point","coordinates":[23.749877210000022,37.913122630000032]},"properties":{"FID":899,"Type":"ΑΙΤΙΑ ΥΠΟ ΕΚΔΙΚΑΣΗ","Municipali":"Δήμος Ελληνικού - Αργυρούπολης","Date":"2025/03"}},{"type":"Feature","id":900,"geometry":{"type":"Point","coordinates":[23.570974260000071,37.962928570000031]},"properties":{"FID":900,"Type":"ΑΙΤΙΑ ΥΠΟ ΕΚΔΙΚΑΣΗ","Municipali":"Δήμος Περάματος","Date":"2025/03"}},{"type":"Feature","id":901,"geometry":{"type":"Point","coordinates":[23.651936760000069,37.964648970000042]},"properties":{"FID":901,"Type":"ΑΙΤΙΑ ΥΠΟ ΕΚΔΙΚΑΣΗ","Municipali":"Δήμος Πειραιώς","Date":"2025/03"}},{"type":"Feature","id":902,"geometry":{"type":"Point","coordinates":[23.730221990000075,38.081794380000076]},"properties":{"FID":902,"Type":"ΑΙΤΙΑ ΥΠΟ ΕΚΔΙΚΑΣΗ","Municipali":"Δήμος Αχαρνών","Date":"2025/03"}},{"type":"Feature","id":903,"geometry":{"type":"Point","coordinates":[23.705856800000049,38.086574090000056]},"properties":{"FID":903,"Type":"ΑΙΤΙΑ ΥΠΟ ΕΚΔΙΚΑΣΗ","Municipali":"Δήμος Φυλής","Date":"2025/03"}},{"type":"Feature","id":904,"geometry":{"type":"Point","coordinates":[23.608680370000059,38.092252760000065]},"properties":{"FID":904,"Type":"ΟΔΗΓΟΣ-ΛΟΙΠΑ ΑΙΤΙΑ ΑΝΑΦΕΡΟΜΕΝΑ ΣΕ ΟΔΗΓΟΥΣ","Municipali":"Δήμος Ασπροπύργου","Date":"2025/03"}},{"type":"Feature","id":905,"geometry":{"type":"Point","coordinates":[23.756604190000076,38.067377340000064]},"properties":{"FID":905,"Type":"ΑΙΤΙΑ ΥΠΟ ΕΚΔΙΚΑΣΗ","Municipali":"Δήμος Μεταμορφώσεως","Date":"2025/03"}},{"type":"Feature","id":906,"geometry":{"type":"Point","coordinates":[23.786720040000034,38.085315860000037]},"properties":{"FID":906,"Type":"ΑΙΤΙΑ ΥΠΟ ΕΚΔΙΚΑΣΗ","Municipali":"Δήμος Κηφισιάς","Date":"2025/03"}},{"type":"Feature","id":907,"geometry":{"type":"Point","coordinates":[23.733987810000031,38.05866831000003]},"properties":{"FID":907,"Type":"ΑΙΤΙΑ ΥΠΟ ΕΚΔΙΚΑΣΗ","Municipali":"Δήμος Αχαρνών","Date":"2025/03"}},{"type":"Feature","id":908,"geometry":{"type":"Point","coordinates":[23.753095340000073,38.012928540000075]},"properties":{"FID":908,"Type":"ΟΔΗΓΟΣ-ΛΟΙΠΑ ΑΙΤΙΑ ΑΝΑΦΕΡΟΜΕΝΑ ΣΕ ΟΔΗΓΟΥΣ","Municipali":"Δήμος Γαλατσίου","Date":"2025/03"}},{"type":"Feature","id":909,"geometry":{"type":"Point","coordinates":[23.673863410000024,37.999324740000077]},"properties":{"FID":909,"Type":"ΟΔΗΓΟΣ-ΛΟΙΠΑ ΑΙΤΙΑ ΑΝΑΦΕΡΟΜΕΝΑ ΣΕ ΟΔΗΓΟΥΣ","Municipali":"Δήμος Αιγάλεω","Date":"2025/03"}},{"type":"Feature","id":910,"geometry":{"type":"Point","coordinates":[23.634721220000074,37.977981730000067]},"properties":{"FID":910,"Type":"ΑΙΤΙΑ ΥΠΟ ΕΚΔΙΚΑΣΗ","Municipali":"Δήμος Νίκαιας - Αγίου Ιωάννη Ρέντη","Date":"2025/03"}},{"type":"Feature","id":911,"geometry":{"type":"Point","coordinates":[23.773496750000049,38.036603900000046]},"properties":{"FID":911,"Type":"ΑΙΤΙΑ ΥΠΟ ΕΚΔΙΚΑΣΗ","Municipali":"Δήμος Νέας Ιωνίας","Date":"2025/03"}},{"type":"Feature","id":912,"geometry":{"type":"Point","coordinates":[23.706425430000024,37.972527480000053]},"properties":{"FID":912,"Type":"ΑΙΤΙΑ ΥΠΟ ΕΚΔΙΚΑΣΗ","Municipali":"Δήμος Αθηναίων","Date":"2025/03"}},{"type":"Feature","id":913,"geometry":{"type":"Point","coordinates":[23.815076350000027,38.082258850000073]},"properties":{"FID":913,"Type":"ΑΙΤΙΑ ΥΠΟ ΕΚΔΙΚΑΣΗ","Municipali":"Δήμος Κηφισιάς","Date":"2025/03"}},{"type":"Feature","id":914,"geometry":{"type":"Point","coordinates":[23.756400350000035,37.934796880000079]},"properties":{"FID":914,"Type":"ΟΔΗΓΟΣ-ΛΟΙΠΑ ΑΙΤΙΑ ΑΝΑΦΕΡΟΜΕΝΑ ΣΕ ΟΔΗΓΟΥΣ","Municipali":"Δήμος Ηλιούπολης","Date":"2025/03"}},{"type":"Feature","id":915,"geometry":{"type":"Point","coordinates":[23.800334930000076,38.023437280000053]},"properties":{"FID":915,"Type":"ΟΔΗΓΟΣ-ΛΟΙΠΑ ΑΙΤΙΑ ΑΝΑΦΕΡΟΜΕΝΑ ΣΕ ΟΔΗΓΟΥΣ","Municipali":"Δήμος Χαλανδρίου","Date":"2025/05"}},{"type":"Feature","id":916,"geometry":{"type":"Point","coordinates":[23.651053690000026,37.980976930000054]},"properties":{"FID":916,"Type":"ΠΕΖΟΣ-ΔΕΝ ΒΑΔΙΖΕ ΣΤΙΣ ΔΙΑΒΑΣΕΙΣ","Municipali":"Δήμος Κορυδαλλού","Date":"2025/05"}},{"type":"Feature","id":917,"geometry":{"type":"Point","coordinates":[23.791376350000064,38.029027890000066]},"properties":{"FID":917,"Type":"ΑΙΤΙΑ ΥΠΟ ΕΚΔΙΚΑΣΗ","Municipali":"Δήμος Χαλανδρίου","Date":"2025/05"}},{"type":"Feature","id":918,"geometry":{"type":"Point","coordinates":[23.690889500000026,38.017120100000056]},"properties":{"FID":918,"Type":"ΑΙΤΙΑ ΥΠΟ ΕΚΔΙΚΑΣΗ","Municipali":"Δήμος Περιστερίου","Date":"2025/05"}},{"type":"Feature","id":919,"geometry":{"type":"Point","coordinates":[23.666492700000049,38.109750430000076]},"properties":{"FID":919,"Type":"ΑΙΤΙΑ ΥΠΟ ΕΚΔΙΚΑΣΗ","Municipali":"Δήμος Φυλής","Date":"2025/05"}},{"type":"Feature","id":920,"geometry":{"type":"Point","coordinates":[23.639863730000059,37.953250070000024]},"properties":{"FID":920,"Type":"ΟΔΗΓΟΣ-ΛΟΙΠΕΣ ΠΑΡΑΒΙΑΣΕΙΣ ΣΗΜΑΝΣΕΩΝ ΕΝ ΓΕΝΕΙ","Municipali":"Δήμος Πειραιώς","Date":"2025/05"}},{"type":"Feature","id":921,"geometry":{"type":"Point","coordinates":[23.825547700000072,38.035399730000051]},"properties":{"FID":921,"Type":"ΟΔΗΓΟΣ-ΛΟΙΠΑ ΑΙΤΙΑ ΑΝΑΦΕΡΟΜΕΝΑ ΣΕ ΟΔΗΓΟΥΣ","Municipali":"Δήμος Βριλησσίων","Date":"2025/05"}},{"type":"Feature","id":922,"geometry":{"type":"Point","coordinates":[23.698619060000055,37.998336920000042]},"properties":{"FID":922,"Type":"ΟΔΗΓΟΣ-ΛΟΙΠΕΣ ΠΑΡΑΒΙΑΣΕΙΣ ΣΗΜΑΝΣΕΩΝ ΕΝ ΓΕΝΕΙ","Municipali":"Δήμος Αθηναίων","Date":"2025/05"}},{"type":"Feature","id":923,"geometry":{"type":"Point","coordinates":[23.762569430000042,37.894396900000061]},"properties":{"FID":923,"Type":"ΟΔΗΓΟΣ-ΠΑΡΑΒΙΑΣΗ ΣΗΜΑΤΟΔΟΤΗ","Municipali":"Δήμος Γλυφάδας","Date":"2025/05"}},{"type":"Feature","id":924,"geometry":{"type":"Point","coordinates":[23.770117160000041,38.047178580000036]},"properties":{"FID":924,"Type":"ΑΙΤΙΑ ΥΠΟ ΕΚΔΙΚΑΣΗ","Municipali":"Δήμος Ηρακλείου Αττικής","Date":"2025/05"}},{"type":"Feature","id":925,"geometry":{"type":"Point","coordinates":[23.772482870000033,37.835140750000051]},"properties":{"FID":925,"Type":"ΑΙΤΙΑ ΥΠΟ ΕΚΔΙΚΑΣΗ","Municipali":"Δήμος Βάρης - Βούλας - Βουλιαγμένης","Date":"2025/05"}},{"type":"Feature","id":926,"geometry":{"type":"Point","coordinates":[23.923544880000065,37.997549270000036]},"properties":{"FID":926,"Type":"ΟΔΗΓΟΣ-ΠΑΡΑΒΙΑΣΗ ΣΗΜΑΤΟΔΟΤΗ","Municipali":"Δήμος Παλλήνης","Date":"2025/05"}},{"type":"Feature","id":927,"geometry":{"type":"Point","coordinates":[23.688712120000048,38.011616570000058]},"properties":{"FID":927,"Type":"ΑΙΤΙΑ ΥΠΟ ΕΚΔΙΚΑΣΗ","Municipali":"Δήμος Περιστερίου","Date":"2025/05"}},{"type":"Feature","id":928,"geometry":{"type":"Point","coordinates":[23.771216870000046,38.034073020000051]},"properties":{"FID":928,"Type":"ΑΙΤΙΑ ΥΠΟ ΕΚΔΙΚΑΣΗ","Municipali":"Δήμος Νέας Ιωνίας","Date":"2025/05"}},{"type":"Feature","id":929,"geometry":{"type":"Point","coordinates":[23.695782420000057,38.027358780000043]},"properties":{"FID":929,"Type":"ΑΙΤΙΑ ΥΠΟ ΕΚΔΙΚΑΣΗ","Municipali":"Δήμος Ιλίου","Date":"2025/05"}},{"type":"Feature","id":930,"geometry":{"type":"Point","coordinates":[23.803553580000028,38.01739826000005]},"properties":{"FID":930,"Type":"ΟΔΗΓΟΣ-ΠΑΡΑΒΙΑΣΗ ΠΡΟΤΕΡΑΙΟΤΗΤΑΣ ΓΕΝΙΚΩΣ","Municipali":"Δήμος Χαλανδρίου","Date":"2025/05"}},{"type":"Feature","id":931,"geometry":{"type":"Point","coordinates":[23.748435780000023,37.999550370000065]},"properties":{"FID":931,"Type":"ΟΔΗΓΟΣ-ΑΠΟΣΠΑΣΗ ΤΗΣ ΠΡΟΣΟΧΗΣ ΤΟΥ ΟΔΗΓΟΥ","Municipali":"Δήμος Αθηναίων","Date":"2025/05"}},{"type":"Feature","id":932,"geometry":{"type":"Point","coordinates":[23.753868340000054,37.959290140000064]},"properties":{"FID":932,"Type":"ΟΔΗΓΟΣ-ΑΠΟΣΠΑΣΗ ΤΗΣ ΠΡΟΣΟΧΗΣ ΤΟΥ ΟΔΗΓΟΥ","Municipali":"Δήμος Βύρωνα","Date":"2025/05"}},{"type":"Feature","id":933,"geometry":{"type":"Point","coordinates":[23.724975590000042,37.95719224000004]},"properties":{"FID":933,"Type":"ΟΔΗΓΟΣ-ΕΠΙΔΕΙΚΤΙΚΟΙ ΕΛΙΓΜΟΙ ΣΤΗ ΜΕΣΗ ΤΗΣ ΟΔΟΥ","Municipali":"Δήμος Αθηναίων","Date":"2025/02"}},{"type":"Feature","id":934,"geometry":{"type":"Point","coordinates":[23.724043600000073,38.022859600000061]},"properties":{"FID":934,"Type":"ΑΙΤΙΑ ΥΠΟ ΕΚΔΙΚΑΣΗ","Municipali":"Δήμος Αγίων Αναργύρων – Καματερού","Date":"2025/04"}},{"type":"Feature","id":935,"geometry":{"type":"Point","coordinates":[23.730761670000049,37.934041300000047]},"properties":{"FID":935,"Type":"ΑΙΤΙΑ ΥΠΟ ΕΚΔΙΚΑΣΗ","Municipali":"Δήμος Αγίου Δημητρίου","Date":"2025/04"}},{"type":"Feature","id":936,"geometry":{"type":"Point","coordinates":[23.752532600000052,38.061337730000048]},"properties":{"FID":936,"Type":"ΟΔΗΓΟΣ-ΛΟΙΠΑ ΑΙΤΙΑ ΑΝΑΦΕΡΟΜΕΝΑ ΣΕ ΟΔΗΓΟΥΣ","Municipali":"Δήμος Μεταμορφώσεως","Date":"2025/04"}},{"type":"Feature","id":937,"geometry":{"type":"Point","coordinates":[23.747988940000027,37.905952900000045]},"properties":{"FID":937,"Type":"ΑΙΤΙΑ ΥΠΟ ΕΚΔΙΚΑΣΗ","Municipali":"Δήμος Ελληνικού - Αργυρούπολης","Date":"2025/04"}},{"type":"Feature","id":938,"geometry":{"type":"Point","coordinates":[23.677130340000076,38.033063170000048]},"properties":{"FID":938,"Type":"ΑΙΤΙΑ ΥΠΟ ΕΚΔΙΚΑΣΗ","Municipali":"Δήμος Περιστερίου","Date":"2025/04"}},{"type":"Feature","id":939,"geometry":{"type":"Point","coordinates":[23.750407800000062,37.860440500000038]},"properties":{"FID":939,"Type":"ΑΙΤΙΑ ΥΠΟ ΕΚΔΙΚΑΣΗ","Municipali":"Δήμος Γλυφάδας","Date":"2025/04"}},{"type":"Feature","id":940,"geometry":{"type":"Point","coordinates":[23.691340680000053,38.034875810000074]},"properties":{"FID":940,"Type":"ΑΙΤΙΑ ΥΠΟ ΕΚΔΙΚΑΣΗ","Municipali":"Δήμος Ιλίου","Date":"2025/04"}},{"type":"Feature","id":941,"geometry":{"type":"Point","coordinates":[23.636356720000038,37.981641360000026]},"properties":{"FID":941,"Type":"ΟΔΗΓΟΣ-ΛΟΙΠΕΣ ΠΑΡΑΒΙΑΣΕΙΣ ΣΗΜΑΝΣΕΩΝ ΕΝ ΓΕΝΕΙ","Municipali":"Δήμος Νίκαιας - Αγίου Ιωάννη Ρέντη","Date":"2025/04"}},{"type":"Feature","id":942,"geometry":{"type":"Point","coordinates":[23.66704524000005,37.990408910000042]},"properties":{"FID":942,"Type":"ΟΔΗΓΟΣ-ΛΟΙΠΑ ΑΙΤΙΑ ΑΝΑΦΕΡΟΜΕΝΑ ΣΕ ΟΔΗΓΟΥΣ","Municipali":"Δήμος Αιγάλεω","Date":"2025/04"}},{"type":"Feature","id":943,"geometry":{"type":"Point","coordinates":[23.828830720000042,38.015141430000028]},"properties":{"FID":943,"Type":"ΑΙΤΙΑ ΥΠΟ ΕΚΔΙΚΑΣΗ","Municipali":"Δήμος Αγίας Παρασκευής","Date":"2025/04"}},{"type":"Feature","id":944,"geometry":{"type":"Point","coordinates":[23.80886436000003,38.064226670000039]},"properties":{"FID":944,"Type":"ΑΙΤΙΑ ΥΠΟ ΕΚΔΙΚΑΣΗ","Municipali":"Δήμος Αμαρουσίου","Date":"2025/04"}},{"type":"Feature","id":945,"geometry":{"type":"Point","coordinates":[23.63979936000004,37.958940030000065]},"properties":{"FID":945,"Type":"ΟΔΗΓΟΣ-ΛΟΙΠΕΣ ΠΑΡΑΒΙΑΣΕΙΣ ΣΗΜΑΝΣΕΩΝ ΕΝ ΓΕΝΕΙ","Municipali":"Δήμος Πειραιώς","Date":"2025/04"}},{"type":"Feature","id":946,"geometry":{"type":"Point","coordinates":[23.749952170000029,37.965219900000079]},"properties":{"FID":946,"Type":"ΟΔΗΓΟΣ-ΛΟΙΠΑ ΑΙΤΙΑ ΑΝΑΦΕΡΟΜΕΝΑ ΣΕ ΟΔΗΓΟΥΣ","Municipali":"Δήμος Αθηναίων","Date":"2025/04"}},{"type":"Feature","id":947,"geometry":{"type":"Point","coordinates":[23.720684050000045,37.896970700000054]},"properties":{"FID":947,"Type":"ΑΙΤΙΑ ΥΠΟ ΕΚΔΙΚΑΣΗ","Municipali":"Δήμος Ελληνικού - Αργυρούπολης","Date":"2025/04"}},{"type":"Feature","id":948,"geometry":{"type":"Point","coordinates":[23.673300150000046,37.944751690000032]},"properties":{"FID":948,"Type":"ΑΙΤΙΑ ΥΠΟ ΕΚΔΙΚΑΣΗ","Municipali":"Δήμος Μοσχάτου-Ταύρου","Date":"2025/04"}},{"type":"Feature","id":949,"geometry":{"type":"Point","coordinates":[23.773129700000027,37.883666500000061]},"properties":{"FID":949,"Type":"ΟΔΗΓΟΣ-ΛΟΙΠΑ ΑΙΤΙΑ ΑΝΑΦΕΡΟΜΕΝΑ ΣΕ ΟΔΗΓΟΥΣ","Municipali":"Δήμος Γλυφάδας","Date":"2025/04"}},{"type":"Feature","id":950,"geometry":{"type":"Point","coordinates":[23.602838520000034,38.001573600000029]},"properties":{"FID":950,"Type":"ΑΙΤΙΑ ΥΠΟ ΕΚΔΙΚΑΣΗ","Municipali":"Δήμος Χαϊδαρίου","Date":"2025/04"}},{"type":"Feature","id":951,"geometry":{"type":"Point","coordinates":[23.736208680000061,38.011819450000075]},"properties":{"FID":951,"Type":"ΑΙΤΙΑ ΥΠΟ ΕΚΔΙΚΑΣΗ","Municipali":"Δήμος Αθηναίων","Date":"2025/02"}},{"type":"Feature","id":952,"geometry":{"type":"Point","coordinates":[23.726885320000065,37.989060240000072]},"properties":{"FID":952,"Type":"ΑΙΤΙΑ ΥΠΟ ΕΚΔΙΚΑΣΗ","Municipali":"Δήμος Αθηναίων","Date":"2025/04"}},{"type":"Feature","id":953,"geometry":{"type":"Point","coordinates":[23.740543100000025,38.086170300000049]},"properties":{"FID":953,"Type":"ΑΙΤΙΑ ΥΠΟ ΕΚΔΙΚΑΣΗ","Municipali":"Δήμος Αχαρνών","Date":"2025/04"}},{"type":"Feature","id":954,"geometry":{"type":"Point","coordinates":[23.695728780000024,37.947852500000067]},"properties":{"FID":954,"Type":"ΟΔΗΓΟΣ-ΛΟΙΠΕΣ ΠΑΡΑΒΙΑΣΕΙΣ ΣΗΜΑΝΣΕΩΝ ΕΝ ΓΕΝΕΙ","Municipali":"Δήμος Καλλιθέας","Date":"2025/02"}},{"type":"Feature","id":955,"geometry":{"type":"Point","coordinates":[23.717336910000029,37.982914400000027]},"properties":{"FID":955,"Type":"ΟΔΗΓΟΣ-ΛΟΙΠΑ ΑΙΤΙΑ ΑΝΑΦΕΡΟΜΕΝΑ ΣΕ ΟΔΗΓΟΥΣ","Municipali":"Δήμος Αθηναίων","Date":"2025/02"}},{"type":"Feature","id":956,"geometry":{"type":"Point","coordinates":[23.733140350000042,37.998818240000048]},"properties":{"FID":956,"Type":"ΟΔΗΓΟΣ-ΛΟΙΠΑ ΑΙΤΙΑ ΑΝΑΦΕΡΟΜΕΝΑ ΣΕ ΟΔΗΓΟΥΣ","Municipali":"Δήμος Αθηναίων","Date":"2025/02"}},{"type":"Feature","id":957,"geometry":{"type":"Point","coordinates":[23.649401660000024,37.958215820000078]},"properties":{"FID":957,"Type":"ΟΔΗΓΟΣ-ΛΟΙΠΑ ΑΙΤΙΑ ΑΝΑΦΕΡΟΜΕΝΑ ΣΕ ΟΔΗΓΟΥΣ","Municipali":"Δήμος Πειραιώς","Date":"2025/02"}},{"type":"Feature","id":958,"geometry":{"type":"Point","coordinates":[23.688411710000025,38.02733765000005]},"properties":{"FID":958,"Type":"ΑΙΤΙΑ ΥΠΟ ΕΚΔΙΚΑΣΗ","Municipali":"Δήμος Περιστερίου","Date":"2025/04"}},{"type":"Feature","id":959,"geometry":{"type":"Point","coordinates":[23.800957200000028,38.020491790000051]},"properties":{"FID":959,"Type":"ΑΙΤΙΑ ΥΠΟ ΕΚΔΙΚΑΣΗ","Municipali":"Δήμος Χαλανδρίου","Date":"2025/02"}},{"type":"Feature","id":960,"geometry":{"type":"Point","coordinates":[23.648248310000042,37.949265390000051]},"properties":{"FID":960,"Type":"ΑΙΤΙΑ ΥΠΟ ΕΚΔΙΚΑΣΗ","Municipali":"Δήμος Πειραιώς","Date":"2025/02"}},{"type":"Feature","id":961,"geometry":{"type":"Point","coordinates":[23.839430810000067,38.042523040000049]},"properties":{"FID":961,"Type":"ΟΔΗΓΟΣ-ΛΟΙΠΑ ΑΙΤΙΑ ΑΝΑΦΕΡΟΜΕΝΑ ΣΕ ΟΔΗΓΟΥΣ","Municipali":"Δήμος Βριλησσίων","Date":"2025/02"}},{"type":"Feature","id":962,"geometry":{"type":"Point","coordinates":[23.711359600000037,37.990026670000077]},"properties":{"FID":962,"Type":"ΟΔΗΓΟΣ-ΠΑΡΑΒΙΑΣΗ ΠΡΟΤΕΡΑΙΟΤΗΤΑΣ ΓΕΝΙΚΩΣ","Municipali":"Δήμος Αθηναίων","Date":"2025/02"}},{"type":"Feature","id":963,"geometry":{"type":"Point","coordinates":[23.710062500000049,38.011092480000059]},"properties":{"FID":963,"Type":"ΑΙΤΙΑ ΥΠΟ ΕΚΔΙΚΑΣΗ","Municipali":"Δήμος Περιστερίου","Date":"2025/02"}},{"type":"Feature","id":964,"geometry":{"type":"Point","coordinates":[23.791826960000037,38.015707760000055]},"properties":{"FID":964,"Type":"ΟΔΗΓΟΣ-ΛΟΙΠΕΣ ΠΑΡΑΒΙΑΣΕΙΣ ΣΗΜΑΝΣΕΩΝ ΕΝ ΓΕΝΕΙ","Municipali":"Δήμος Χαλανδρίου","Date":"2025/02"}},{"type":"Feature","id":965,"geometry":{"type":"Point","coordinates":[23.841571210000041,38.025533280000047]},"properties":{"FID":965,"Type":"ΟΔΗΓΟΣ-ΥΠΕΡΒΟΛΙΚΗ ΤΑΧΥΤΗΤΑ ΓΕΝΙΚΩΣ","Municipali":"Δήμος Χαλανδρίου","Date":"2025/02"}},{"type":"Feature","id":966,"geometry":{"type":"Point","coordinates":[23.599963500000058,37.973796390000075]},"properties":{"FID":966,"Type":"ΑΙΤΙΑ ΥΠΟ ΕΚΔΙΚΑΣΗ","Municipali":"Δήμος Κερατσινίου - Δραπετσώνας","Date":"2025/02"}},{"type":"Feature","id":967,"geometry":{"type":"Point","coordinates":[23.713844420000044,37.953123170000026]},"properties":{"FID":967,"Type":"ΟΔΗΓΟΣ-ΠΑΡΑΒΙΑΣΗ ΣΗΜΑΤΟΔΟΤΗ","Municipali":"Δήμος Νέας Σμύρνης","Date":"2025/02"}},{"type":"Feature","id":968,"geometry":{"type":"Point","coordinates":[23.749732380000069,38.050934060000031]},"properties":{"FID":968,"Type":"ΑΙΤΙΑ ΥΠΟ ΕΚΔΙΚΑΣΗ","Municipali":"Δήμος Μεταμορφώσεως","Date":"2025/02"}},{"type":"Feature","id":969,"geometry":{"type":"Point","coordinates":[23.74604166000006,37.975187350000056]},"properties":{"FID":969,"Type":"ΟΔΗΓΟΣ-ΛΟΙΠΑ ΑΙΤΙΑ ΑΝΑΦΕΡΟΜΕΝΑ ΣΕ ΟΔΗΓΟΥΣ","Municipali":"Δήμος Αθηναίων","Date":"2025/02"}},{"type":"Feature","id":970,"geometry":{"type":"Point","coordinates":[23.752860550000037,37.964283650000027]},"properties":{"FID":970,"Type":"ΟΔΗΓΟΣ-ΛΟΙΠΑ ΑΙΤΙΑ ΑΝΑΦΕΡΟΜΕΝΑ ΣΕ ΟΔΗΓΟΥΣ","Municipali":"Δήμος Αθηναίων","Date":"2025/02"}},{"type":"Feature","id":971,"geometry":{"type":"Point","coordinates":[23.853260280000029,37.966776090000053]},"properties":{"FID":971,"Type":"ΟΔΗΓΟΣ-ΟΔΗΓΗΣΗ ΣΕ ΚΑΤΑΣΤΑΣΗ ΜΕΘΗΣ","Municipali":"Δήμος Παιανίας","Date":"2025/02"}},{"type":"Feature","id":972,"geometry":{"type":"Point","coordinates":[23.945174220000069,37.837276020000047]},"properties":{"FID":972,"Type":"ΑΙΤΙΑ ΥΠΟ ΕΚΔΙΚΑΣΗ","Municipali":"Δήμος Σαρωνικού","Date":"2025/02"}},{"type":"Feature","id":973,"geometry":{"type":"Point","coordinates":[23.797202110000057,38.029010990000074]},"properties":{"FID":973,"Type":"ΑΙΤΙΑ ΥΠΟ ΕΚΔΙΚΑΣΗ","Municipali":"Δήμος Χαλανδρίου","Date":"2025/02"}},{"type":"Feature","id":974,"geometry":{"type":"Point","coordinates":[23.732859940000026,37.998000120000029]},"properties":{"FID":974,"Type":"ΑΙΤΙΑ ΥΠΟ ΕΚΔΙΚΑΣΗ","Municipali":"Δήμος Αθηναίων","Date":"2025/02"}},{"type":"Feature","id":975,"geometry":{"type":"Point","coordinates":[23.746325970000044,38.062672400000054]},"properties":{"FID":975,"Type":"ΟΔΗΓΟΣ-ΟΔΗΓΗΣΗ ΣΕ ΚΑΤΑΣΤΑΣΗ ΜΕΘΗΣ","Municipali":"Δήμος Αχαρνών","Date":"2025/02"}},{"type":"Feature","id":976,"geometry":{"type":"Point","coordinates":[24.001328950000072,37.998289050000039]},"properties":{"FID":976,"Type":"ΑΙΤΙΑ ΥΠΟ ΕΚΔΙΚΑΣΗ","Municipali":"Δήμος Σπάτων - Αρτέμιδος","Date":"2025/01"}},{"type":"Feature","id":977,"geometry":{"type":"Point","coordinates":[23.749487300000055,38.049810900000068]},"properties":{"FID":977,"Type":"ΑΙΤΙΑ ΥΠΟ ΕΚΔΙΚΑΣΗ","Municipali":"Δήμος Νέας Ιωνίας","Date":"2025/02"}},{"type":"Feature","id":978,"geometry":{"type":"Point","coordinates":[23.832976500000029,38.028331100000059]},"properties":{"FID":978,"Type":"ΑΙΤΙΑ ΥΠΟ ΕΚΔΙΚΑΣΗ","Municipali":"Δήμος Βριλησσίων","Date":"2025/02"}},{"type":"Feature","id":979,"geometry":{"type":"Point","coordinates":[23.71040583000007,38.081591700000047]},"properties":{"FID":979,"Type":"ΑΙΤΙΑ ΥΠΟ ΕΚΔΙΚΑΣΗ","Municipali":"Δήμος Φυλής","Date":"2025/02"}},{"type":"Feature","id":980,"geometry":{"type":"Point","coordinates":[23.649562600000024,37.967245520000063]},"properties":{"FID":980,"Type":"ΟΔΗΓΟΣ-ΠΑΡΑΒΙΑΣΗ ΠΡΟΤΕΡΑΙΟΤΗΤΑΣ ΓΕΝΙΚΩΣ","Municipali":"Δήμος Νίκαιας - Αγίου Ιωάννη Ρέντη","Date":"2025/02"}},{"type":"Feature","id":981,"geometry":{"type":"Point","coordinates":[23.73910010000003,37.975783590000049]},"properties":{"FID":981,"Type":"ΟΔΗΓΟΣ-ΛΟΙΠΑ ΑΙΤΙΑ ΑΝΑΦΕΡΟΜΕΝΑ ΣΕ ΟΔΗΓΟΥΣ","Municipali":"Δήμος Αθηναίων","Date":"2025/02"}},{"type":"Feature","id":982,"geometry":{"type":"Point","coordinates":[23.711457300000063,37.980925500000069]},"properties":{"FID":982,"Type":"ΟΔΗΓΟΣ-ΑΠΟΣΠΑΣΗ ΤΗΣ ΠΡΟΣΟΧΗΣ ΤΟΥ ΟΔΗΓΟΥ","Municipali":"Δήμος Αθηναίων","Date":"2025/02"}},{"type":"Feature","id":983,"geometry":{"type":"Point","coordinates":[23.730844160000061,37.98088738000007]},"properties":{"FID":983,"Type":"ΟΔΗΓΟΣ-ΠΑΡΑΒΙΑΣΗ ΣΗΜΑΤΟΔΟΤΗ","Municipali":"Δήμος Αθηναίων","Date":"2025/02"}},{"type":"Feature","id":984,"geometry":{"type":"Point","coordinates":[23.65245402000005,37.943766000000039]},"properties":{"FID":984,"Type":"ΑΙΤΙΑ ΥΠΟ ΕΚΔΙΚΑΣΗ","Municipali":"Δήμος Πειραιώς","Date":"2025/02"}},{"type":"Feature","id":985,"geometry":{"type":"Point","coordinates":[23.87021720000007,37.932994460000032]},"properties":{"FID":985,"Type":"ΑΙΤΙΑ ΥΠΟ ΕΚΔΙΚΑΣΗ","Municipali":"Δήμος Κρωπίας","Date":"2025/02"}},{"type":"Feature","id":986,"geometry":{"type":"Point","coordinates":[23.760948570000039,37.989670150000052]},"properties":{"FID":986,"Type":"ΟΔΗΓΟΣ-ΑΠΟΣΠΑΣΗ ΤΗΣ ΠΡΟΣΟΧΗΣ ΤΟΥ ΟΔΗΓΟΥ","Municipali":"Δήμος Αθηναίων","Date":"2025/02"}},{"type":"Feature","id":987,"geometry":{"type":"Point","coordinates":[23.699911900000075,37.992672670000047]},"properties":{"FID":987,"Type":"ΟΔΗΓΟΣ-ΑΠΟΣΠΑΣΗ ΤΗΣ ΠΡΟΣΟΧΗΣ ΤΟΥ ΟΔΗΓΟΥ","Municipali":"Δήμος Αθηναίων","Date":"2025/02"}},{"type":"Feature","id":988,"geometry":{"type":"Point","coordinates":[23.728333710000072,38.016637540000033]},"properties":{"FID":988,"Type":"ΟΔΗΓΟΣ-ΑΠΟΣΠΑΣΗ ΤΗΣ ΠΡΟΣΟΧΗΣ ΤΟΥ ΟΔΗΓΟΥ","Municipali":"Δήμος Αθηναίων","Date":"2025/02"}},{"type":"Feature","id":989,"geometry":{"type":"Point","coordinates":[23.680429460000028,37.986219070000061]},"properties":{"FID":989,"Type":"ΑΙΤΙΑ ΥΠΟ ΕΚΔΙΚΑΣΗ","Municipali":"Δήμος Αιγάλεω","Date":"2025/04"}},{"type":"Feature","id":990,"geometry":{"type":"Point","coordinates":[23.698024750000059,38.008974930000079]},"properties":{"FID":990,"Type":"ΑΙΤΙΑ ΥΠΟ ΕΚΔΙΚΑΣΗ","Municipali":"Δήμος Περιστερίου","Date":"2025/05"}},{"type":"Feature","id":991,"geometry":{"type":"Point","coordinates":[23.829474450000077,38.051724000000036]},"properties":{"FID":991,"Type":"ΑΙΤΙΑ ΥΠΟ ΕΚΔΙΚΑΣΗ","Municipali":"Δήμος Αμαρουσίου","Date":"2025/05"}},{"type":"Feature","id":992,"geometry":{"type":"Point","coordinates":[23.70836735000006,37.986844810000036]},"properties":{"FID":992,"Type":"ΑΙΤΙΑ ΥΠΟ ΕΚΔΙΚΑΣΗ","Municipali":"Δήμος Αθηναίων","Date":"2025/04"}},{"type":"Feature","id":993,"geometry":{"type":"Point","coordinates":[23.693389890000049,38.033506830000078]},"properties":{"FID":993,"Type":"ΑΙΤΙΑ ΥΠΟ ΕΚΔΙΚΑΣΗ","Municipali":"Δήμος Ιλίου","Date":"2025/05"}},{"type":"Feature","id":994,"geometry":{"type":"Point","coordinates":[23.659195590000024,37.975526450000075]},"properties":{"FID":994,"Type":"ΟΔΗΓΟΣ-ΛΟΙΠΑ ΑΙΤΙΑ ΑΝΑΦΕΡΟΜΕΝΑ ΣΕ ΟΔΗΓΟΥΣ","Municipali":"Δήμος Νίκαιας - Αγίου Ιωάννη Ρέντη","Date":"2025/05"}},{"type":"Feature","id":995,"geometry":{"type":"Point","coordinates":[23.684951660000024,38.000893030000043]},"properties":{"FID":995,"Type":"ΟΔΗΓΟΣ-ΛΟΙΠΑ ΑΙΤΙΑ ΑΝΑΦΕΡΟΜΕΝΑ ΣΕ ΟΔΗΓΟΥΣ","Municipali":"Δήμος Αιγάλεω","Date":"2025/04"}},{"type":"Feature","id":996,"geometry":{"type":"Point","coordinates":[23.75694752000004,37.843749230000071]},"properties":{"FID":996,"Type":"ΑΙΤΙΑ ΥΠΟ ΕΚΔΙΚΑΣΗ","Municipali":"Δήμος Βάρης - Βούλας - Βουλιαγμένης","Date":"2025/05"}},{"type":"Feature","id":997,"geometry":{"type":"Point","coordinates":[23.75445730000007,37.970055800000068]},"properties":{"FID":997,"Type":"ΟΔΗΓΟΣ-ΠΑΡΑΒΙΑΣΗ ΣΗΜΑΤΟΔΟΤΗ","Municipali":"Δήμος Καισαριανής","Date":"2025/04"}},{"type":"Feature","id":998,"geometry":{"type":"Point","coordinates":[23.649980650000032,37.965449040000067]},"properties":{"FID":998,"Type":"ΟΔΗΓΟΣ-ΠΑΡΑΒΙΑΣΗ ΠΡΟΤΕΡΑΙΟΤΗΤΑΣ ΓΕΝΙΚΩΣ","Municipali":"Δήμος Νίκαιας - Αγίου Ιωάννη Ρέντη","Date":"2025/05"}},{"type":"Feature","id":999,"geometry":{"type":"Point","coordinates":[23.769579040000053,37.990763300000026]},"properties":{"FID":999,"Type":"ΟΔΗΓΟΣ-ΑΠΟΣΠΑΣΗ ΤΗΣ ΠΡΟΣΟΧΗΣ ΤΟΥ ΟΔΗΓΟΥ","Municipali":"Δήμος Αθηναίων","Date":"2025/04"}},{"type":"Feature","id":1000,"geometry":{"type":"Point","coordinates":[23.705701230000045,38.010276740000052]},"properties":{"FID":1000,"Type":"ΑΙΤΙΑ ΥΠΟ ΕΚΔΙΚΑΣΗ","Municipali":"Δήμος Περιστερίου","Date":"2025/05"}},{"type":"Feature","id":1001,"geometry":{"type":"Point","coordinates":[23.803585770000041,38.017343320000066]},"properties":{"FID":1001,"Type":"ΑΙΤΙΑ ΥΠΟ ΕΚΔΙΚΑΣΗ","Municipali":"Δήμος Χαλανδρίου","Date":"2025/04"}},{"type":"Feature","id":1002,"geometry":{"type":"Point","coordinates":[23.819121120000034,38.082647320000035]},"properties":{"FID":1002,"Type":"ΑΙΤΙΑ ΥΠΟ ΕΚΔΙΚΑΣΗ","Municipali":"Δήμος Κηφισιάς","Date":"2025/05"}},{"type":"Feature","id":1003,"geometry":{"type":"Point","coordinates":[23.64747047000003,37.94828399000005]},"properties":{"FID":1003,"Type":"ΑΙΤΙΑ ΥΠΟ ΕΚΔΙΚΑΣΗ","Municipali":"Δήμος Πειραιώς","Date":"2025/05"}},{"type":"Feature","id":1004,"geometry":{"type":"Point","coordinates":[23.873226420000037,37.907314020000058]},"properties":{"FID":1004,"Type":"ΑΙΤΙΑ ΥΠΟ ΕΚΔΙΚΑΣΗ","Municipali":"Δήμος Κρωπίας","Date":"2025/05"}},{"type":"Feature","id":1005,"geometry":{"type":"Point","coordinates":[23.785078530000078,38.011295350000069]},"properties":{"FID":1005,"Type":"ΟΔΗΓΟΣ-ΛΟΙΠΕΣ ΠΑΡΑΒΙΑΣΕΙΣ ΣΗΜΑΝΣΕΩΝ ΕΝ ΓΕΝΕΙ","Municipali":"Δήμος Χαλανδρίου","Date":"2025/05"}},{"type":"Feature","id":1006,"geometry":{"type":"Point","coordinates":[23.839366440000049,38.028740550000066]},"properties":{"FID":1006,"Type":"ΟΔΗΓΟΣ-ΛΟΙΠΕΣ ΠΑΡΑΒΙΑΣΕΙΣ ΣΗΜΑΝΣΕΩΝ ΕΝ ΓΕΝΕΙ","Municipali":"Δήμος Χαλανδρίου","Date":"2025/03"}},{"type":"Feature","id":1007,"geometry":{"type":"Point","coordinates":[23.709184500000049,38.004578400000071]},"properties":{"FID":1007,"Type":"ΑΙΤΙΑ ΥΠΟ ΕΚΔΙΚΑΣΗ","Municipali":"Δήμος Περιστερίου","Date":"2025/04"}},{"type":"Feature","id":1008,"geometry":{"type":"Point","coordinates":[23.82833719000007,38.036063080000076]},"properties":{"FID":1008,"Type":"ΑΙΤΙΑ ΥΠΟ ΕΚΔΙΚΑΣΗ","Municipali":"Δήμος Βριλησσίων","Date":"2025/04"}},{"type":"Feature","id":1009,"geometry":{"type":"Point","coordinates":[23.844398260000048,38.016295210000067]},"properties":{"FID":1009,"Type":"ΑΙΤΙΑ ΥΠΟ ΕΚΔΙΚΑΣΗ","Municipali":"Δήμος Παλλήνης","Date":"2025/03"}},{"type":"Feature","id":1010,"geometry":{"type":"Point","coordinates":[23.738429550000035,37.957141490000026]},"properties":{"FID":1010,"Type":"ΟΔΗΓΟΣ-ΠΑΡΑΛΕΙΨΗ ΣΗΜ.ΠΡΟΘΕΣΗΣ ΣΤΡΟΦ.Η ΑΛΛΑΓΗΣ ΠΟΡΕΙΑΣ","Municipali":"Δήμος Αθηναίων","Date":"2025/04"}},{"type":"Feature","id":1011,"geometry":{"type":"Point","coordinates":[23.740983010000036,37.938850040000034]},"properties":{"FID":1011,"Type":"ΟΔΗΓΟΣ-ΛΟΙΠΑ ΑΙΤΙΑ ΑΝΑΦΕΡΟΜΕΝΑ ΣΕ ΟΔΗΓΟΥΣ","Municipali":"Δήμος Αγίου Δημητρίου","Date":"2025/04"}},{"type":"Feature","id":1012,"geometry":{"type":"Point","coordinates":[23.839988710000057,38.016984090000051]},"properties":{"FID":1012,"Type":"ΑΙΤΙΑ ΥΠΟ ΕΚΔΙΚΑΣΗ","Municipali":"Δήμος Αγίας Παρασκευής","Date":"2025/04"}},{"type":"Feature","id":1013,"geometry":{"type":"Point","coordinates":[23.790040610000062,38.043127180000056]},"properties":{"FID":1013,"Type":"ΑΙΤΙΑ ΥΠΟ ΕΚΔΙΚΑΣΗ","Municipali":"Δήμος Αμαρουσίου","Date":"2025/04"}},{"type":"Feature","id":1014,"geometry":{"type":"Point","coordinates":[23.708505440000067,38.019627570000068]},"properties":{"FID":1014,"Type":"ΑΙΤΙΑ ΥΠΟ ΕΚΔΙΚΑΣΗ","Municipali":"Δήμος Ιλίου","Date":"2025/04"}},{"type":"Feature","id":1015,"geometry":{"type":"Point","coordinates":[23.717990340000028,37.98707655000004]},"properties":{"FID":1015,"Type":"ΟΔΗΓΟΣ-ΛΟΙΠΕΣ ΠΑΡΑΒΙΑΣΕΙΣ ΣΗΜΑΝΣΕΩΝ ΕΝ ΓΕΝΕΙ","Municipali":"Δήμος Αθηναίων","Date":"2025/04"}},{"type":"Feature","id":1016,"geometry":{"type":"Point","coordinates":[23.748723230000053,37.988790640000047]},"properties":{"FID":1016,"Type":"ΟΔΗΓΟΣ-ΑΠΟΣΠΑΣΗ ΤΗΣ ΠΡΟΣΟΧΗΣ ΤΟΥ ΟΔΗΓΟΥ","Municipali":"Δήμος Αθηναίων","Date":"2025/04"}},{"type":"Feature","id":1017,"geometry":{"type":"Point","coordinates":[23.693711760000042,38.036354620000054]},"properties":{"FID":1017,"Type":"ΑΙΤΙΑ ΥΠΟ ΕΚΔΙΚΑΣΗ","Municipali":"Δήμος Ιλίου","Date":"2025/04"}},{"type":"Feature","id":1018,"geometry":{"type":"Point","coordinates":[23.740382190000048,38.000728170000059]},"properties":{"FID":1018,"Type":"ΟΔΗΓΟΣ-ΛΟΙΠΕΣ ΠΑΡΑΒΙΑΣΕΙΣ ΣΗΜΑΝΣΕΩΝ ΕΝ ΓΕΝΕΙ","Municipali":"Δήμος Αθηναίων","Date":"2025/04"}},{"type":"Feature","id":1019,"geometry":{"type":"Point","coordinates":[23.801729680000051,38.022723100000064]},"properties":{"FID":1019,"Type":"ΟΔΗΓΟΣ-ΠΑΡΑΒΙΑΣΗ ΠΡΟΤΕΡΑΙΟΤΗΤΑΣ ΓΕΝΙΚΩΣ","Municipali":"Δήμος Χαλανδρίου","Date":"2025/04"}},{"type":"Feature","id":1020,"geometry":{"type":"Point","coordinates":[23.796590570000035,37.98657422000008]},"properties":{"FID":1020,"Type":"ΑΙΤΙΑ ΥΠΟ ΕΚΔΙΚΑΣΗ","Municipali":"Δήμος Παπάγου - Χολαργού","Date":"2025/04"}},{"type":"Feature","id":1021,"geometry":{"type":"Point","coordinates":[23.75778973000007,38.021142600000076]},"properties":{"FID":1021,"Type":"ΑΙΤΙΑ ΥΠΟ ΕΚΔΙΚΑΣΗ","Municipali":"Δήμος Γαλατσίου","Date":"2025/04"}},{"type":"Feature","id":1022,"geometry":{"type":"Point","coordinates":[23.707106710000062,38.077690000000075]},"properties":{"FID":1022,"Type":"ΑΙΤΙΑ ΥΠΟ ΕΚΔΙΚΑΣΗ","Municipali":"Δήμος Φυλής","Date":"2025/04"}},{"type":"Feature","id":1023,"geometry":{"type":"Point","coordinates":[23.768062650000047,37.995811370000069]},"properties":{"FID":1023,"Type":"ΟΔΗΓΟΣ-ΛΟΙΠΑ ΑΙΤΙΑ ΑΝΑΦΕΡΟΜΕΝΑ ΣΕ ΟΔΗΓΟΥΣ","Municipali":"Δήμος Αθηναίων","Date":"2025/04"}},{"type":"Feature","id":1024,"geometry":{"type":"Point","coordinates":[23.716993580000064,38.006095750000043]},"properties":{"FID":1024,"Type":"ΟΔΗΓΟΣ-ΛΟΙΠΑ ΑΙΤΙΑ ΑΝΑΦΕΡΟΜΕΝΑ ΣΕ ΟΔΗΓΟΥΣ","Municipali":"Δήμος Αθηναίων","Date":"2025/04"}},{"type":"Feature","id":1025,"geometry":{"type":"Point","coordinates":[23.752506120000078,37.953332900000078]},"properties":{"FID":1025,"Type":"ΟΔΗΓΟΣ-ΛΟΙΠΑ ΑΙΤΙΑ ΑΝΑΦΕΡΟΜΕΝΑ ΣΕ ΟΔΗΓΟΥΣ","Municipali":"Δήμος Βύρωνα","Date":"2025/04"}},{"type":"Feature","id":1026,"geometry":{"type":"Point","coordinates":[23.736766000000046,37.968115470000043]},"properties":{"FID":1026,"Type":"ΟΔΗΓΟΣ-ΑΠΟΣΠΑΣΗ ΤΗΣ ΠΡΟΣΟΧΗΣ ΤΟΥ ΟΔΗΓΟΥ","Municipali":"Δήμος Αθηναίων","Date":"2025/04"}},{"type":"Feature","id":1027,"geometry":{"type":"Point","coordinates":[23.745480300000054,38.119702400000051]},"properties":{"FID":1027,"Type":"ΑΙΤΙΑ ΥΠΟ ΕΚΔΙΚΑΣΗ","Municipali":"Δήμος Αχαρνών","Date":"2025/04"}},{"type":"Feature","id":1028,"geometry":{"type":"Point","coordinates":[23.649015430000077,37.946680720000074]},"properties":{"FID":1028,"Type":"ΟΔΗΓΟΣ-ΛΟΙΠΕΣ ΠΑΡΑΒΙΑΣΕΙΣ ΣΗΜΑΝΣΕΩΝ ΕΝ ΓΕΝΕΙ","Municipali":"Δήμος Πειραιώς","Date":"2025/04"}},{"type":"Feature","id":1029,"geometry":{"type":"Point","coordinates":[23.747763630000065,37.972299130000067]},"properties":{"FID":1029,"Type":"ΟΔΗΓΟΣ-ΠΑΡΑΒΙΑΣΗ ΣΗΜΑΤΟΔΟΤΗ","Municipali":"Δήμος Αθηναίων","Date":"2025/04"}},{"type":"Feature","id":1030,"geometry":{"type":"Point","coordinates":[23.841265440000029,38.017601120000052]},"properties":{"FID":1030,"Type":"ΑΙΤΙΑ ΥΠΟ ΕΚΔΙΚΑΣΗ","Municipali":"Δήμος Αγίας Παρασκευής","Date":"2025/04"}},{"type":"Feature","id":1031,"geometry":{"type":"Point","coordinates":[23.722317400000065,37.995614900000078]},"properties":{"FID":1031,"Type":"ΑΙΤΙΑ ΥΠΟ ΕΚΔΙΚΑΣΗ","Municipali":"Δήμος Αθηναίων","Date":"2025/04"}},{"type":"Feature","id":1032,"geometry":{"type":"Point","coordinates":[23.510763650000058,38.055238480000071]},"properties":{"FID":1032,"Type":"ΟΔΗΓΟΣ-ΛΟΙΠΑ ΑΙΤΙΑ ΑΝΑΦΕΡΟΜΕΝΑ ΣΕ ΟΔΗΓΟΥΣ","Municipali":"Δήμος Μάνδρας - Ειδυλλίας","Date":"2025/04"}},{"type":"Feature","id":1033,"geometry":{"type":"Point","coordinates":[23.804883960000041,38.008590300000037]},"properties":{"FID":1033,"Type":"ΑΙΤΙΑ ΥΠΟ ΕΚΔΙΚΑΣΗ","Municipali":"Δήμος Παπάγου - Χολαργού","Date":"2025/04"}},{"type":"Feature","id":1034,"geometry":{"type":"Point","coordinates":[23.792524340000057,38.030227930000081]},"properties":{"FID":1034,"Type":"ΑΙΤΙΑ ΥΠΟ ΕΚΔΙΚΑΣΗ","Municipali":"Δήμος Χαλανδρίου","Date":"2025/04"}},{"type":"Feature","id":1035,"geometry":{"type":"Point","coordinates":[23.674147640000058,37.992831380000041]},"properties":{"FID":1035,"Type":"ΑΙΤΙΑ ΥΠΟ ΕΚΔΙΚΑΣΗ","Municipali":"Δήμος Αιγάλεω","Date":"2025/04"}},{"type":"Feature","id":1036,"geometry":{"type":"Point","coordinates":[23.748450280000043,38.097010690000047]},"properties":{"FID":1036,"Type":"ΑΙΤΙΑ ΥΠΟ ΕΚΔΙΚΑΣΗ","Municipali":"Δήμος Αχαρνών","Date":"2025/04"}},{"type":"Feature","id":1037,"geometry":{"type":"Point","coordinates":[23.740028140000049,37.942420700000071]},"properties":{"FID":1037,"Type":"ΟΔΗΓΟΣ-ΛΟΙΠΕΣ ΠΑΡΑΒΙΑΣΕΙΣ ΣΗΜΑΝΣΕΩΝ ΕΝ ΓΕΝΕΙ","Municipali":"Δήμος Αγίου Δημητρίου","Date":"2025/04"}},{"type":"Feature","id":1038,"geometry":{"type":"Point","coordinates":[23.709252480000032,38.004566350000061]},"properties":{"FID":1038,"Type":"ΟΔΗΓΟΣ-ΛΟΙΠΑ ΑΙΤΙΑ ΑΝΑΦΕΡΟΜΕΝΑ ΣΕ ΟΔΗΓΟΥΣ","Municipali":"Δήμος Περιστερίου","Date":"2025/04"}},{"type":"Feature","id":1039,"geometry":{"type":"Point","coordinates":[23.709236700000076,37.994727900000044]},"properties":{"FID":1039,"Type":"ΟΔΗΓΟΣ-ΠΑΡΑΒΙΑΣΗ ΠΡΟΤΕΡΑΙΟΤΗΤΑΣ ΓΕΝΙΚΩΣ","Municipali":"Δήμος Αθηναίων","Date":"2025/04"}},{"type":"Feature","id":1040,"geometry":{"type":"Point","coordinates":[23.745317460000024,38.085383420000028]},"properties":{"FID":1040,"Type":"ΑΙΤΙΑ ΥΠΟ ΕΚΔΙΚΑΣΗ","Municipali":"Δήμος Αχαρνών","Date":"2025/04"}},{"type":"Feature","id":1041,"geometry":{"type":"Point","coordinates":[23.760079900000051,37.954649540000048]},"properties":{"FID":1041,"Type":"ΟΔΗΓΟΣ-ΑΠΟΣΠΑΣΗ ΤΗΣ ΠΡΟΣΟΧΗΣ ΤΟΥ ΟΔΗΓΟΥ","Municipali":"Δήμος Βύρωνα","Date":"2025/04"}},{"type":"Feature","id":1042,"geometry":{"type":"Point","coordinates":[23.713763950000043,38.064260460000071]},"properties":{"FID":1042,"Type":"ΑΙΤΙΑ ΥΠΟ ΕΚΔΙΚΑΣΗ","Municipali":"Δήμος Αγίων Αναργύρων – Καματερού","Date":"2025/04"}},{"type":"Feature","id":1043,"geometry":{"type":"Point","coordinates":[23.82784367000005,37.998923150000053]},"properties":{"FID":1043,"Type":"ΟΔΗΓΟΣ-ΛΟΙΠΑ ΑΙΤΙΑ ΑΝΑΦΕΡΟΜΕΝΑ ΣΕ ΟΔΗΓΟΥΣ","Municipali":"Δήμος Αγίας Παρασκευής","Date":"2025/03"}},{"type":"Feature","id":1044,"geometry":{"type":"Point","coordinates":[23.702058790000024,37.975309980000077]},"properties":{"FID":1044,"Type":"ΑΙΤΙΑ ΥΠΟ ΕΚΔΙΚΑΣΗ","Municipali":"Δήμος Μοσχάτου-Ταύρου","Date":"2025/03"}},{"type":"Feature","id":1045,"geometry":{"type":"Point","coordinates":[23.763567210000076,37.878799770000057]},"properties":{"FID":1045,"Type":"ΑΙΤΙΑ ΥΠΟ ΕΚΔΙΚΑΣΗ","Municipali":"Δήμος Γλυφάδας","Date":"2025/03"}},{"type":"Feature","id":1046,"geometry":{"type":"Point","coordinates":[23.731776000000025,38.061414500000069]},"properties":{"FID":1046,"Type":"ΑΙΤΙΑ ΥΠΟ ΕΚΔΙΚΑΣΗ","Municipali":"Δήμος Αχαρνών","Date":"2025/04"}},{"type":"Feature","id":1047,"geometry":{"type":"Point","coordinates":[23.680365090000066,37.94966302000006]},"properties":{"FID":1047,"Type":"ΟΔΗΓΟΣ-ΠΑΡΑΛΕΙΨΗ ΣΗΜ.ΠΡΟΘΕΣΗΣ ΣΤΡΟΦ.Η ΑΛΛΑΓΗΣ ΠΟΡΕΙΑΣ","Municipali":"Δήμος Μοσχάτου-Ταύρου","Date":"2025/03"}},{"type":"Feature","id":1048,"geometry":{"type":"Point","coordinates":[23.661342860000047,37.97176206000006]},"properties":{"FID":1048,"Type":"ΑΙΤΙΑ ΥΠΟ ΕΚΔΙΚΑΣΗ","Municipali":"Δήμος Νίκαιας - Αγίου Ιωάννη Ρέντη","Date":"2025/03"}},{"type":"Feature","id":1049,"geometry":{"type":"Point","coordinates":[23.701561800000036,38.04289620000003]},"properties":{"FID":1049,"Type":"ΑΙΤΙΑ ΥΠΟ ΕΚΔΙΚΑΣΗ","Municipali":"Δήμος Ιλίου","Date":"2025/03"}},{"type":"Feature","id":1050,"geometry":{"type":"Point","coordinates":[23.63557220000007,37.978033180000068]},"properties":{"FID":1050,"Type":"ΟΔΗΓΟΣ-ΛΟΙΠΑ ΑΙΤΙΑ ΑΝΑΦΕΡΟΜΕΝΑ ΣΕ ΟΔΗΓΟΥΣ","Municipali":"Δήμος Νίκαιας - Αγίου Ιωάννη Ρέντη","Date":"2025/03"}},{"type":"Feature","id":1051,"geometry":{"type":"Point","coordinates":[23.94262075000006,38.002423250000049]},"properties":{"FID":1051,"Type":"ΟΔΗΓΟΣ-ΛΟΙΠΑ ΑΙΤΙΑ ΑΝΑΦΕΡΟΜΕΝΑ ΣΕ ΟΔΗΓΟΥΣ","Municipali":"Δήμος Ραφήνας - Πικερμίου","Date":"2025/03"}},{"type":"Feature","id":1052,"geometry":{"type":"Point","coordinates":[23.747719920000065,37.98031061000006]},"properties":{"FID":1052,"Type":"ΟΔΗΓΟΣ-ΠΑΡΑΒΙΑΣΗ ΠΡΟΤΕΡΑΙΟΤΗΤΑΣ ΓΕΝΙΚΩΣ","Municipali":"Δήμος Αθηναίων","Date":"2025/03"}},{"type":"Feature","id":1053,"geometry":{"type":"Point","coordinates":[23.73305976000006,38.066389080000079]},"properties":{"FID":1053,"Type":"ΑΙΤΙΑ ΥΠΟ ΕΚΔΙΚΑΣΗ","Municipali":"Δήμος Αχαρνών","Date":"2025/03"}},{"type":"Feature","id":1054,"geometry":{"type":"Point","coordinates":[23.711168450000059,38.016984770000079]},"properties":{"FID":1054,"Type":"ΑΙΤΙΑ ΥΠΟ ΕΚΔΙΚΑΣΗ","Municipali":"Δήμος Ιλίου","Date":"2025/03"}},{"type":"Feature","id":1055,"geometry":{"type":"Point","coordinates":[23.725640770000041,37.919309880000071]},"properties":{"FID":1055,"Type":"ΟΔΗΓΟΣ-ΛΟΙΠΕΣ ΠΑΡΑΒΙΑΣΕΙΣ ΣΗΜΑΝΣΕΩΝ ΕΝ ΓΕΝΕΙ","Municipali":"Δήμος Αγίου Δημητρίου","Date":"2025/03"}},{"type":"Feature","id":1056,"geometry":{"type":"Point","coordinates":[23.758256440000025,37.928420520000032]},"properties":{"FID":1056,"Type":"ΟΔΗΓΟΣ-ΜΗ ΤΗΡΗΣΗ ΑΠΟΣΤΑΣΗΣ ΑΣΦΑΛΕΙΑΣ","Municipali":"Δήμος Ηλιούπολης","Date":"2025/03"}},{"type":"Feature","id":1057,"geometry":{"type":"Point","coordinates":[23.74383720000003,37.962494700000036]},"properties":{"FID":1057,"Type":"ΟΔΗΓΟΣ-ΑΠΟΣΠΑΣΗ ΤΗΣ ΠΡΟΣΟΧΗΣ ΤΟΥ ΟΔΗΓΟΥ","Municipali":"Δήμος Αθηναίων","Date":"2025/03"}},{"type":"Feature","id":1058,"geometry":{"type":"Point","coordinates":[23.674657700000068,38.013623100000075]},"properties":{"FID":1058,"Type":"ΑΙΤΙΑ ΥΠΟ ΕΚΔΙΚΑΣΗ","Municipali":"Δήμος Περιστερίου","Date":"2025/03"}},{"type":"Feature","id":1059,"geometry":{"type":"Point","coordinates":[23.700438740000038,38.035357480000073]},"properties":{"FID":1059,"Type":"ΑΙΤΙΑ ΥΠΟ ΕΚΔΙΚΑΣΗ","Municipali":"Δήμος Ιλίου","Date":"2025/03"}},{"type":"Feature","id":1060,"geometry":{"type":"Point","coordinates":[23.801692130000049,37.833556200000032]},"properties":{"FID":1060,"Type":"ΟΔΗΓΟΣ-ΛΟΙΠΑ ΑΙΤΙΑ ΑΝΑΦΕΡΟΜΕΝΑ ΣΕ ΟΔΗΓΟΥΣ","Municipali":"Δήμος Βάρης - Βούλας - Βουλιαγμένης","Date":"2025/03"}},{"type":"Feature","id":1061,"geometry":{"type":"Point","coordinates":[23.626887200000056,37.957725180000068]},"properties":{"FID":1061,"Type":"ΟΔΗΓΟΣ-ΛΟΙΠΑ ΑΙΤΙΑ ΑΝΑΦΕΡΟΜΕΝΑ ΣΕ ΟΔΗΓΟΥΣ","Municipali":"Δήμος Κερατσινίου - Δραπετσώνας","Date":"2025/03"}},{"type":"Feature","id":1062,"geometry":{"type":"Point","coordinates":[23.738772870000048,38.038889650000044]},"properties":{"FID":1062,"Type":"ΑΙΤΙΑ ΥΠΟ ΕΚΔΙΚΑΣΗ","Municipali":"Δήμος Νέας Φιλαδέλφειας - Νέας Χαλκηδόνας","Date":"2025/03"}},{"type":"Feature","id":1063,"geometry":{"type":"Point","coordinates":[23.726162900000077,38.000127200000065]},"properties":{"FID":1063,"Type":"ΟΔΗΓΟΣ-ΠΑΡΑΒΙΑΣΗ ΠΡΟΤΕΡΑΙΟΤΗΤΑΣ ΓΕΝΙΚΩΣ","Municipali":"Δήμος Αθηναίων","Date":"2025/03"}},{"type":"Feature","id":1064,"geometry":{"type":"Point","coordinates":[23.669169550000049,37.944607850000068]},"properties":{"FID":1064,"Type":"ΑΙΤΙΑ ΥΠΟ ΕΚΔΙΚΑΣΗ","Municipali":"Δήμος Πειραιώς","Date":"2025/03"}},{"type":"Feature","id":1065,"geometry":{"type":"Point","coordinates":[23.439084290000039,38.104474130000028]},"properties":{"FID":1065,"Type":"ΟΔΗΓΟΣ-ΑΝΤΙΚΑΝΟΝΙΚΟ ΠΡΟΣΠΕΡΑΣΜΑ","Municipali":"Δήμος Μάνδρας - Ειδυλλίας","Date":"2025/05"}},{"type":"Feature","id":1066,"geometry":{"type":"Point","coordinates":[23.747913840000024,37.97351701000008]},"properties":{"FID":1066,"Type":"ΟΔΗΓΟΣ-ΛΟΙΠΑ ΑΙΤΙΑ ΑΝΑΦΕΡΟΜΕΝΑ ΣΕ ΟΔΗΓΟΥΣ","Municipali":"Δήμος Αθηναίων","Date":"2025/05"}},{"type":"Feature","id":1067,"geometry":{"type":"Point","coordinates":[23.713946340000064,38.007914020000044]},"properties":{"FID":1067,"Type":"ΑΙΤΙΑ ΥΠΟ ΕΚΔΙΚΑΣΗ","Municipali":"Δήμος Περιστερίου","Date":"2025/05"}},{"type":"Feature","id":1068,"geometry":{"type":"Point","coordinates":[23.821146900000031,38.091283600000054]},"properties":{"FID":1068,"Type":"ΑΙΤΙΑ ΥΠΟ ΕΚΔΙΚΑΣΗ","Municipali":"Δήμος Κηφισιάς","Date":"2025/03"}},{"type":"Feature","id":1069,"geometry":{"type":"Point","coordinates":[23.670483830000023,37.996048540000061]},"properties":{"FID":1069,"Type":"ΑΙΤΙΑ ΥΠΟ ΕΚΔΙΚΑΣΗ","Municipali":"Δήμος Αιγάλεω","Date":"2025/05"}},{"type":"Feature","id":1070,"geometry":{"type":"Point","coordinates":[23.547413350000056,38.042861020000032]},"properties":{"FID":1070,"Type":"ΟΔΗΓΟΣ-ΛΟΙΠΑ ΑΙΤΙΑ ΑΝΑΦΕΡΟΜΕΝΑ ΣΕ ΟΔΗΓΟΥΣ","Municipali":"Δήμος Ελευσίνας","Date":"2025/05"}},{"type":"Feature","id":1071,"geometry":{"type":"Point","coordinates":[23.763449190000074,37.881018460000064]},"properties":{"FID":1071,"Type":"ΟΔΗΓΟΣ-ΛΟΙΠΑ ΑΙΤΙΑ ΑΝΑΦΕΡΟΜΕΝΑ ΣΕ ΟΔΗΓΟΥΣ","Municipali":"Δήμος Γλυφάδας","Date":"2025/05"}},{"type":"Feature","id":1072,"geometry":{"type":"Point","coordinates":[23.733558650000077,38.000914170000044]},"properties":{"FID":1072,"Type":"ΟΔΗΓΟΣ-ΛΟΙΠΑ ΑΙΤΙΑ ΑΝΑΦΕΡΟΜΕΝΑ ΣΕ ΟΔΗΓΟΥΣ","Municipali":"Δήμος Αθηναίων","Date":"2025/05"}},{"type":"Feature","id":1073,"geometry":{"type":"Point","coordinates":[23.707273010000051,38.016240270000026]},"properties":{"FID":1073,"Type":"ΑΙΤΙΑ ΥΠΟ ΕΚΔΙΚΑΣΗ","Municipali":"Δήμος Περιστερίου","Date":"2025/05"}},{"type":"Feature","id":1074,"geometry":{"type":"Point","coordinates":[23.692327740000053,38.015986690000034]},"properties":{"FID":1074,"Type":"ΑΙΤΙΑ ΥΠΟ ΕΚΔΙΚΑΣΗ","Municipali":"Δήμος Περιστερίου","Date":"2025/05"}},{"type":"Feature","id":1075,"geometry":{"type":"Point","coordinates":[23.746926780000024,38.014253890000077]},"properties":{"FID":1075,"Type":"ΟΔΗΓΟΣ-ΛΟΙΠΑ ΑΙΤΙΑ ΑΝΑΦΕΡΟΜΕΝΑ ΣΕ ΟΔΗΓΟΥΣ","Municipali":"Δήμος Γαλατσίου","Date":"2025/05"}},{"type":"Feature","id":1076,"geometry":{"type":"Point","coordinates":[23.716821670000058,37.979149490000054]},"properties":{"FID":1076,"Type":"ΟΔΗΓΟΣ-ΛΟΙΠΑ ΑΙΤΙΑ ΑΝΑΦΕΡΟΜΕΝΑ ΣΕ ΟΔΗΓΟΥΣ","Municipali":"Δήμος Αθηναίων","Date":"2025/05"}},{"type":"Feature","id":1077,"geometry":{"type":"Point","coordinates":[23.716231580000056,38.02752780000003]},"properties":{"FID":1077,"Type":"ΑΙΤΙΑ ΥΠΟ ΕΚΔΙΚΑΣΗ","Municipali":"Δήμος Αγίων Αναργύρων – Καματερού","Date":"2025/05"}},{"type":"Feature","id":1078,"geometry":{"type":"Point","coordinates":[23.78969193000006,38.023754220000058]},"properties":{"FID":1078,"Type":"ΑΙΤΙΑ ΥΠΟ ΕΚΔΙΚΑΣΗ","Municipali":"Δήμος Χαλανδρίου","Date":"2025/05"}},{"type":"Feature","id":1079,"geometry":{"type":"Point","coordinates":[23.816524740000034,38.085222970000075]},"properties":{"FID":1079,"Type":"ΑΙΤΙΑ ΥΠΟ ΕΚΔΙΚΑΣΗ","Municipali":"Δήμος Κηφισιάς","Date":"2025/05"}},{"type":"Feature","id":1080,"geometry":{"type":"Point","coordinates":[23.667824840000037,37.976305460000049]},"properties":{"FID":1080,"Type":"ΟΔΗΓΟΣ-ΛΟΙΠΑ ΑΙΤΙΑ ΑΝΑΦΕΡΟΜΕΝΑ ΣΕ ΟΔΗΓΟΥΣ","Municipali":"Δήμος Νίκαιας - Αγίου Ιωάννη Ρέντη","Date":"2025/05"}},{"type":"Feature","id":1081,"geometry":{"type":"Point","coordinates":[23.711553810000055,38.062207800000067]},"properties":{"FID":1081,"Type":"ΑΙΤΙΑ ΥΠΟ ΕΚΔΙΚΑΣΗ","Municipali":"Δήμος Αγίων Αναργύρων – Καματερού","Date":"2025/05"}},{"type":"Feature","id":1082,"geometry":{"type":"Point","coordinates":[23.702595230000043,37.960880440000039]},"properties":{"FID":1082,"Type":"ΑΙΤΙΑ ΥΠΟ ΕΚΔΙΚΑΣΗ","Municipali":"Δήμος Καλλιθέας","Date":"2025/05"}},{"type":"Feature","id":1083,"geometry":{"type":"Point","coordinates":[23.751624900000024,38.045247400000051]},"properties":{"FID":1083,"Type":"ΑΙΤΙΑ ΥΠΟ ΕΚΔΙΚΑΣΗ","Municipali":"Δήμος Νέας Ιωνίας","Date":"2025/05"}},{"type":"Feature","id":1084,"geometry":{"type":"Point","coordinates":[23.721349240000052,37.986049950000051]},"properties":{"FID":1084,"Type":"ΟΔΗΓΟΣ-ΛΟΙΠΑ ΑΙΤΙΑ ΑΝΑΦΕΡΟΜΕΝΑ ΣΕ ΟΔΗΓΟΥΣ","Municipali":"Δήμος Αθηναίων","Date":"2025/05"}},{"type":"Feature","id":1085,"geometry":{"type":"Point","coordinates":[23.764586450000024,37.956887710000046]},"properties":{"FID":1085,"Type":"ΟΔΗΓΟΣ-ΛΟΙΠΑ ΑΙΤΙΑ ΑΝΑΦΕΡΟΜΕΝΑ ΣΕ ΟΔΗΓΟΥΣ","Municipali":"Δήμος Βύρωνα","Date":"2025/05"}},{"type":"Feature","id":1086,"geometry":{"type":"Point","coordinates":[23.945131300000071,37.937090030000036]},"properties":{"FID":1086,"Type":"ΑΙΤΙΑ ΥΠΟ ΕΚΔΙΚΑΣΗ","Municipali":"Δήμος Σπάτων - Αρτέμιδος","Date":"2025/05"}},{"type":"Feature","id":1087,"geometry":{"type":"Point","coordinates":[23.730801340000028,37.969753340000068]},"properties":{"FID":1087,"Type":"ΑΙΤΙΑ ΥΠΟ ΕΚΔΙΚΑΣΗ","Municipali":"Δήμος Αθηναίων","Date":"2025/05"}},{"type":"Feature","id":1088,"geometry":{"type":"Point","coordinates":[23.652008770000066,37.99051460000004]},"properties":{"FID":1088,"Type":"ΑΙΤΙΑ ΥΠΟ ΕΚΔΙΚΑΣΗ","Municipali":"Δήμος Αγίας Βαρβάρας","Date":"2025/05"}},{"type":"Feature","id":1089,"geometry":{"type":"Point","coordinates":[23.68957043000006,38.006189480000046]},"properties":{"FID":1089,"Type":"ΑΙΤΙΑ ΥΠΟ ΕΚΔΙΚΑΣΗ","Municipali":"Δήμος Περιστερίου","Date":"2025/05"}},{"type":"Feature","id":1090,"geometry":{"type":"Point","coordinates":[23.688883780000026,38.012259010000037]},"properties":{"FID":1090,"Type":"ΑΙΤΙΑ ΥΠΟ ΕΚΔΙΚΑΣΗ","Municipali":"Δήμος Περιστερίου","Date":"2025/05"}},{"type":"Feature","id":1091,"geometry":{"type":"Point","coordinates":[23.704156280000063,38.035974360000068]},"properties":{"FID":1091,"Type":"ΑΙΤΙΑ ΥΠΟ ΕΚΔΙΚΑΣΗ","Municipali":"Δήμος Ιλίου","Date":"2025/04"}},{"type":"Feature","id":1092,"geometry":{"type":"Point","coordinates":[23.650238510000065,37.980741390000048]},"properties":{"FID":1092,"Type":"ΟΔΗΓΟΣ-ΛΟΙΠΑ ΑΙΤΙΑ ΑΝΑΦΕΡΟΜΕΝΑ ΣΕ ΟΔΗΓΟΥΣ","Municipali":"Δήμος Κορυδαλλού","Date":"2025/04"}},{"type":"Feature","id":1093,"geometry":{"type":"Point","coordinates":[24.012991190000037,37.882017690000055]},"properties":{"FID":1093,"Type":"ΑΙΤΙΑ ΥΠΟ ΕΚΔΙΚΑΣΗ","Municipali":"Δήμος Μαρκόπουλου Μεσογαίας","Date":"2025/04"}},{"type":"Feature","id":1094,"geometry":{"type":"Point","coordinates":[23.604166900000052,38.009851000000026]},"properties":{"FID":1094,"Type":"ΑΙΤΙΑ ΥΠΟ ΕΚΔΙΚΑΣΗ","Municipali":"Δήμος Χαϊδαρίου","Date":"2025/04"}},{"type":"Feature","id":1095,"geometry":{"type":"Point","coordinates":[23.678168200000073,37.992345200000045]},"properties":{"FID":1095,"Type":"ΑΙΤΙΑ ΥΠΟ ΕΚΔΙΚΑΣΗ","Municipali":"Δήμος Αιγάλεω","Date":"2025/04"}},{"type":"Feature","id":1096,"geometry":{"type":"Point","coordinates":[23.726826310000035,37.959996470000078]},"properties":{"FID":1096,"Type":"ΟΔΗΓΟΣ-ΠΑΡΑΒΙΑΣΗ ΠΡΟΤΕΡΑΙΟΤΗΤΑΣ ΓΕΝΙΚΩΣ","Municipali":"Δήμος Αθηναίων","Date":"2025/04"}},{"type":"Feature","id":1097,"geometry":{"type":"Point","coordinates":[23.70488940000007,37.916580800000077]},"properties":{"FID":1097,"Type":"ΑΙΤΙΑ ΥΠΟ ΕΚΔΙΚΑΣΗ","Municipali":"Δήμος Αλίμου","Date":"2025/04"}},{"type":"Feature","id":1098,"geometry":{"type":"Point","coordinates":[23.732583200000079,38.030673700000079]},"properties":{"FID":1098,"Type":"ΑΙΤΙΑ ΥΠΟ ΕΚΔΙΚΑΣΗ","Municipali":"Δήμος Νέας Φιλαδέλφειας - Νέας Χαλκηδόνας","Date":"2025/04"}},{"type":"Feature","id":1099,"geometry":{"type":"Point","coordinates":[23.769066400000042,37.835815100000048]},"properties":{"FID":1099,"Type":"ΑΙΤΙΑ ΥΠΟ ΕΚΔΙΚΑΣΗ","Municipali":"Δήμος Βάρης - Βούλας - Βουλιαγμένης","Date":"2025/04"}},{"type":"Feature","id":1100,"geometry":{"type":"Point","coordinates":[23.751314880000052,38.052125300000057]},"properties":{"FID":1100,"Type":"ΑΙΤΙΑ ΥΠΟ ΕΚΔΙΚΑΣΗ","Municipali":"Δήμος Μεταμορφώσεως","Date":"2025/05"}},{"type":"Feature","id":1101,"geometry":{"type":"Point","coordinates":[23.719616530000053,37.903184700000054]},"properties":{"FID":1101,"Type":"ΑΙΤΙΑ ΥΠΟ ΕΚΔΙΚΑΣΗ","Municipali":"Δήμος Αλίμου","Date":"2025/04"}},{"type":"Feature","id":1102,"geometry":{"type":"Point","coordinates":[23.743751050000071,37.934957650000058]},"properties":{"FID":1102,"Type":"ΟΔΗΓΟΣ-ΜΗ ΤΗΡΗΣΗ ΑΠΟΣΤΑΣΗΣ ΑΣΦΑΛΕΙΑΣ","Municipali":"Δήμος Αγίου Δημητρίου","Date":"2025/05"}},{"type":"Feature","id":1103,"geometry":{"type":"Point","coordinates":[23.76133561000006,37.943486780000057]},"properties":{"FID":1103,"Type":"ΟΔΗΓΟΣ-ΛΟΙΠΑ ΑΙΤΙΑ ΑΝΑΦΕΡΟΜΕΝΑ ΣΕ ΟΔΗΓΟΥΣ","Municipali":"Δήμος Ηλιούπολης","Date":"2025/05"}},{"type":"Feature","id":1104,"geometry":{"type":"Point","coordinates":[23.764135840000051,37.982176970000069]},"properties":{"FID":1104,"Type":"ΟΔΗΓΟΣ-ΛΟΙΠΑ ΑΙΤΙΑ ΑΝΑΦΕΡΟΜΕΝΑ ΣΕ ΟΔΗΓΟΥΣ","Municipali":"Δήμος Αθηναίων","Date":"2025/05"}},{"type":"Feature","id":1105,"geometry":{"type":"Point","coordinates":[23.76207590000007,37.983310140000071]},"properties":{"FID":1105,"Type":"ΟΔΗΓΟΣ-ΛΟΙΠΑ ΑΙΤΙΑ ΑΝΑΦΕΡΟΜΕΝΑ ΣΕ ΟΔΗΓΟΥΣ","Municipali":"Δήμος Αθηναίων","Date":"2025/05"}},{"type":"Feature","id":1106,"geometry":{"type":"Point","coordinates":[23.797159190000059,37.800900230000025]},"properties":{"FID":1106,"Type":"ΑΙΤΙΑ ΥΠΟ ΕΚΔΙΚΑΣΗ","Municipali":"Δήμος Βάρης - Βούλας - Βουλιαγμένης","Date":"2025/05"}},{"type":"Feature","id":1107,"geometry":{"type":"Point","coordinates":[24.004231100000027,37.886785030000055]},"properties":{"FID":1107,"Type":"ΑΙΤΙΑ ΥΠΟ ΕΚΔΙΚΑΣΗ","Municipali":"Δήμος Μαρκόπουλου Μεσογαίας","Date":"2025/05"}},{"type":"Feature","id":1108,"geometry":{"type":"Point","coordinates":[23.748863340000071,38.041289390000031]},"properties":{"FID":1108,"Type":"ΑΙΤΙΑ ΥΠΟ ΕΚΔΙΚΑΣΗ","Municipali":"Δήμος Νέας Ιωνίας","Date":"2025/05"}},{"type":"Feature","id":1109,"geometry":{"type":"Point","coordinates":[23.771324160000063,37.996264140000051]},"properties":{"FID":1109,"Type":"ΑΙΤΙΑ ΥΠΟ ΕΚΔΙΚΑΣΗ","Municipali":"Δήμος Αθηναίων","Date":"2025/05"}},{"type":"Feature","id":1110,"geometry":{"type":"Point","coordinates":[23.804647920000036,38.108425060000059]},"properties":{"FID":1110,"Type":"ΑΙΤΙΑ ΥΠΟ ΕΚΔΙΚΑΣΗ","Municipali":"Δήμος Αχαρνών","Date":"2025/05"}},{"type":"Feature","id":1111,"geometry":{"type":"Point","coordinates":[23.847799300000077,37.822243090000029]},"properties":{"FID":1111,"Type":"ΟΔΗΓΟΣ-ΠΑΡΑΛΕΙΨΗ ΣΗΜ.ΠΡΟΘΕΣΗΣ ΣΤΡΟΦ.Η ΑΛΛΑΓΗΣ ΠΟΡΕΙΑΣ","Municipali":"Δήμος Κρωπίας","Date":"2025/05"}},{"type":"Feature","id":1112,"geometry":{"type":"Point","coordinates":[23.769114020000075,37.978050090000067]},"properties":{"FID":1112,"Type":"ΟΔΗΓΟΣ-ΛΟΙΠΑ ΑΙΤΙΑ ΑΝΑΦΕΡΟΜΕΝΑ ΣΕ ΟΔΗΓΟΥΣ","Municipali":"Δήμος Ζωγράφου","Date":"2025/05"}},{"type":"Feature","id":1113,"geometry":{"type":"Point","coordinates":[23.728086950000034,38.002892460000055]},"properties":{"FID":1113,"Type":"ΟΔΗΓΟΣ-ΛΟΙΠΑ ΑΙΤΙΑ ΑΝΑΦΕΡΟΜΕΝΑ ΣΕ ΟΔΗΓΟΥΣ","Municipali":"Δήμος Αθηναίων","Date":"2025/05"}},{"type":"Feature","id":1114,"geometry":{"type":"Point","coordinates":[23.706865310000069,38.047305320000078]},"properties":{"FID":1114,"Type":"ΑΙΤΙΑ ΥΠΟ ΕΚΔΙΚΑΣΗ","Municipali":"Δήμος Αγίων Αναργύρων – Καματερού","Date":"2025/05"}},{"type":"Feature","id":1115,"geometry":{"type":"Point","coordinates":[23.628259800000023,37.949092600000029]},"properties":{"FID":1115,"Type":"ΑΙΤΙΑ ΥΠΟ ΕΚΔΙΚΑΣΗ","Municipali":"Δήμος Κερατσινίου - Δραπετσώνας","Date":"2025/05"}},{"type":"Feature","id":1116,"geometry":{"type":"Point","coordinates":[23.701415060000045,38.058406440000056]},"properties":{"FID":1116,"Type":"ΑΙΤΙΑ ΥΠΟ ΕΚΔΙΚΑΣΗ","Municipali":"Δήμος Αγίων Αναργύρων – Καματερού","Date":"2025/05"}},{"type":"Feature","id":1117,"geometry":{"type":"Point","coordinates":[23.680885430000046,38.028656040000044]},"properties":{"FID":1117,"Type":"ΑΙΤΙΑ ΥΠΟ ΕΚΔΙΚΑΣΗ","Municipali":"Δήμος Περιστερίου","Date":"2025/05"}},{"type":"Feature","id":1118,"geometry":{"type":"Point","coordinates":[23.728344440000058,38.003771680000057]},"properties":{"FID":1118,"Type":"ΟΔΗΓΟΣ-ΛΟΙΠΑ ΑΙΤΙΑ ΑΝΑΦΕΡΟΜΕΝΑ ΣΕ ΟΔΗΓΟΥΣ","Municipali":"Δήμος Αθηναίων","Date":"2025/05"}},{"type":"Feature","id":1119,"geometry":{"type":"Point","coordinates":[23.761453630000062,37.967761470000028]},"properties":{"FID":1119,"Type":"ΑΙΤΙΑ ΥΠΟ ΕΚΔΙΚΑΣΗ","Municipali":"Δήμος Καισαριανής","Date":"2025/05"}},{"type":"Feature","id":1120,"geometry":{"type":"Point","coordinates":[23.878698350000036,37.886099160000072]},"properties":{"FID":1120,"Type":"ΑΙΤΙΑ ΥΠΟ ΕΚΔΙΚΑΣΗ","Municipali":"Δήμος Κρωπίας","Date":"2025/04"}},{"type":"Feature","id":1121,"geometry":{"type":"Point","coordinates":[23.735747340000046,38.107707490000053]},"properties":{"FID":1121,"Type":"ΑΙΤΙΑ ΥΠΟ ΕΚΔΙΚΑΣΗ","Municipali":"Δήμος Αχαρνών","Date":"2025/05"}},{"type":"Feature","id":1122,"geometry":{"type":"Point","coordinates":[23.667168620000041,37.997786000000076]},"properties":{"FID":1122,"Type":"ΑΙΤΙΑ ΥΠΟ ΕΚΔΙΚΑΣΗ","Municipali":"Δήμος Αιγάλεω","Date":"2025/05"}},{"type":"Feature","id":1123,"geometry":{"type":"Point","coordinates":[23.76509070000003,37.98008819000006]},"properties":{"FID":1123,"Type":"ΟΔΗΓΟΣ-ΛΟΙΠΕΣ ΠΑΡΑΒΙΑΣΕΙΣ ΣΗΜΑΝΣΕΩΝ ΕΝ ΓΕΝΕΙ","Municipali":"Δήμος Ζωγράφου","Date":"2025/05"}},{"type":"Feature","id":1124,"geometry":{"type":"Point","coordinates":[23.675880430000063,38.292092320000052]},"properties":{"FID":1124,"Type":"ΟΔΗΓΟΣ-ΛΟΙΠΕΣ ΠΑΡΑΒΙΑΣΕΙΣ ΣΗΜΑΝΣΕΩΝ ΕΝ ΓΕΝΕΙ","Municipali":"Δήμος Ωρωπού","Date":"2025/05"}},{"type":"Feature","id":1125,"geometry":{"type":"Point","coordinates":[23.642985820000035,37.942488390000051]},"properties":{"FID":1125,"Type":"ΑΙΤΙΑ ΥΠΟ ΕΚΔΙΚΑΣΗ","Municipali":"Δήμος Πειραιώς","Date":"2025/05"}},{"type":"Feature","id":1126,"geometry":{"type":"Point","coordinates":[23.720104470000024,37.980522850000057]},"properties":{"FID":1126,"Type":"ΟΔΗΓΟΣ-ΑΠΟΣΠΑΣΗ ΤΗΣ ΠΡΟΣΟΧΗΣ ΤΟΥ ΟΔΗΓΟΥ","Municipali":"Δήμος Αθηναίων","Date":"2025/03"}},{"type":"Feature","id":1127,"geometry":{"type":"Point","coordinates":[23.687510490000022,38.017178500000057]},"properties":{"FID":1127,"Type":"ΑΙΤΙΑ ΥΠΟ ΕΚΔΙΚΑΣΗ","Municipali":"Δήμος Περιστερίου","Date":"2025/04"}},{"type":"Feature","id":1128,"geometry":{"type":"Point","coordinates":[23.969045880000067,38.09851357000008]},"properties":{"FID":1128,"Type":"ΑΙΤΙΑ ΥΠΟ ΕΚΔΙΚΑΣΗ","Municipali":"Δήμος Μαραθώνος","Date":"2025/04"}},{"type":"Feature","id":1129,"geometry":{"type":"Point","coordinates":[23.754190870000059,37.976596370000038]},"properties":{"FID":1129,"Type":"ΑΙΤΙΑ ΥΠΟ ΕΚΔΙΚΑΣΗ","Municipali":"Δήμος Αθηναίων","Date":"2025/04"}},{"type":"Feature","id":1130,"geometry":{"type":"Point","coordinates":[23.736865300000034,38.084160700000041]},"properties":{"FID":1130,"Type":"ΑΙΤΙΑ ΥΠΟ ΕΚΔΙΚΑΣΗ","Municipali":"Δήμος Αχαρνών","Date":"2025/04"}},{"type":"Feature","id":1131,"geometry":{"type":"Point","coordinates":[23.749834760000056,37.961352290000036]},"properties":{"FID":1131,"Type":"ΟΔΗΓΟΣ-ΛΟΙΠΕΣ ΠΑΡΑΒΙΑΣΕΙΣ ΣΗΜΑΝΣΕΩΝ ΕΝ ΓΕΝΕΙ","Municipali":"Δήμος Βύρωνα","Date":"2025/04"}},{"type":"Feature","id":1132,"geometry":{"type":"Point","coordinates":[23.721162630000038,38.001566420000074]},"properties":{"FID":1132,"Type":"ΟΔΗΓΟΣ-ΚΙΝΗΣΗ ΣΤΟ ΑΝΤΙΘΕΤΟ ΡΕΥΜΑ","Municipali":"Δήμος Αθηναίων","Date":"2025/04"}},{"type":"Feature","id":1133,"geometry":{"type":"Point","coordinates":[23.95096779000005,37.959366270000032]},"properties":{"FID":1133,"Type":"ΑΙΤΙΑ ΥΠΟ ΕΚΔΙΚΑΣΗ","Municipali":"Δήμος Σπάτων - Αρτέμιδος","Date":"2025/04"}},{"type":"Feature","id":1134,"geometry":{"type":"Point","coordinates":[23.538208010000062,38.131586020000043]},"properties":{"FID":1134,"Type":"ΑΙΤΙΑ ΥΠΟ ΕΚΔΙΚΑΣΗ","Municipali":"Δήμος Ασπροπύργου","Date":"2025/04"}},{"type":"Feature","id":1135,"geometry":{"type":"Point","coordinates":[23.854676490000031,38.001734230000068]},"properties":{"FID":1135,"Type":"ΑΙΤΙΑ ΥΠΟ ΕΚΔΙΚΑΣΗ","Municipali":"Δήμος Παιανίας","Date":"2025/04"}},{"type":"Feature","id":1136,"geometry":{"type":"Point","coordinates":[23.703882690000057,38.022655490000034]},"properties":{"FID":1136,"Type":"ΑΙΤΙΑ ΥΠΟ ΕΚΔΙΚΑΣΗ","Municipali":"Δήμος Ιλίου","Date":"2025/04"}},{"type":"Feature","id":1137,"geometry":{"type":"Point","coordinates":[23.736090660000059,37.942048410000041]},"properties":{"FID":1137,"Type":"ΟΔΗΓΟΣ-ΛΟΙΠΕΣ ΠΑΡΑΒΙΑΣΕΙΣ ΣΗΜΑΝΣΕΩΝ ΕΝ ΓΕΝΕΙ","Municipali":"Δήμος Αγίου Δημητρίου","Date":"2025/04"}},{"type":"Feature","id":1138,"geometry":{"type":"Point","coordinates":[23.754554990000031,38.060214220000034]},"properties":{"FID":1138,"Type":"ΟΔΗΓΟΣ-ΛΟΙΠΑ ΑΙΤΙΑ ΑΝΑΦΕΡΟΜΕΝΑ ΣΕ ΟΔΗΓΟΥΣ","Municipali":"Δήμος Μεταμορφώσεως","Date":"2025/04"}},{"type":"Feature","id":1139,"geometry":{"type":"Point","coordinates":[23.728918430000078,37.931534720000059]},"properties":{"FID":1139,"Type":"ΟΔΗΓΟΣ-ΠΑΡΑΒΙΑΣΗ ΠΡΟΤΕΡΑΙΟΤΗΤΑΣ ΓΕΝΙΚΩΣ","Municipali":"Δήμος Αγίου Δημητρίου","Date":"2025/04"}},{"type":"Feature","id":1140,"geometry":{"type":"Point","coordinates":[23.986973760000069,38.138050200000066]},"properties":{"FID":1140,"Type":"ΟΔΟΣ&ΚΑΙΡΟΣ-ΒΛΑΒΗ Η ΦΘΟΡΑ Η ΑΝΩΜΑΛΙΑ ΤΗΣ ΟΔΟΥ","Municipali":"Δήμος Μαραθώνος","Date":"2025/02"}},{"type":"Feature","id":1141,"geometry":{"type":"Point","coordinates":[23.753750320000051,37.892212480000069]},"properties":{"FID":1141,"Type":"ΟΔΗΓΟΣ-ΠΑΡΑΒΙΑΣΗ ΣΗΜΑΤΟΔΟΤΗ","Municipali":"Δήμος Ελληνικού - Αργυρούπολης","Date":"2025/02"}},{"type":"Feature","id":1142,"geometry":{"type":"Point","coordinates":[23.706645500000036,38.005273630000033]},"properties":{"FID":1142,"Type":"ΑΙΤΙΑ ΥΠΟ ΕΚΔΙΚΑΣΗ","Municipali":"Δήμος Περιστερίου","Date":"2025/04"}},{"type":"Feature","id":1143,"geometry":{"type":"Point","coordinates":[23.695610760000022,37.948804300000063]},"properties":{"FID":1143,"Type":"ΑΙΤΙΑ ΥΠΟ ΕΚΔΙΚΑΣΗ","Municipali":"Δήμος Καλλιθέας","Date":"2025/02"}},{"type":"Feature","id":1144,"geometry":{"type":"Point","coordinates":[23.719299450000051,38.008909760000051]},"properties":{"FID":1144,"Type":"ΟΔΗΓΟΣ-ΑΠΟΣΠΑΣΗ ΤΗΣ ΠΡΟΣΟΧΗΣ ΤΟΥ ΟΔΗΓΟΥ","Municipali":"Δήμος Αθηναίων","Date":"2025/02"}},{"type":"Feature","id":1145,"geometry":{"type":"Point","coordinates":[23.726772610000069,37.987239380000062]},"properties":{"FID":1145,"Type":"ΟΔΗΓΟΣ-ΑΠΟΣΠΑΣΗ ΤΗΣ ΠΡΟΣΟΧΗΣ ΤΟΥ ΟΔΗΓΟΥ","Municipali":"Δήμος Αθηναίων","Date":"2025/02"}},{"type":"Feature","id":1146,"geometry":{"type":"Point","coordinates":[23.726626100000033,37.987146390000078]},"properties":{"FID":1146,"Type":"ΟΔΗΓΟΣ-ΑΠΟΣΠΑΣΗ ΤΗΣ ΠΡΟΣΟΧΗΣ ΤΟΥ ΟΔΗΓΟΥ","Municipali":"Δήμος Αθηναίων","Date":"2025/02"}},{"type":"Feature","id":1147,"geometry":{"type":"Point","coordinates":[23.740404020000028,37.981347550000066]},"properties":{"FID":1147,"Type":"ΟΔΗΓΟΣ-ΑΠΟΣΠΑΣΗ ΤΗΣ ΠΡΟΣΟΧΗΣ ΤΟΥ ΟΔΗΓΟΥ","Municipali":"Δήμος Αθηναίων","Date":"2025/02"}},{"type":"Feature","id":1148,"geometry":{"type":"Point","coordinates":[23.742152000000033,37.989798300000075]},"properties":{"FID":1148,"Type":"ΟΔΗΓΟΣ-ΑΠΟΣΠΑΣΗ ΤΗΣ ΠΡΟΣΟΧΗΣ ΤΟΥ ΟΔΗΓΟΥ","Municipali":"Δήμος Αθηναίων","Date":"2025/02"}},{"type":"Feature","id":1149,"geometry":{"type":"Point","coordinates":[23.630003930000044,38.03071809000005]},"properties":{"FID":1149,"Type":"ΑΙΤΙΑ ΥΠΟ ΕΚΔΙΚΑΣΗ","Municipali":"Δήμος Ασπροπύργου","Date":"2025/02"}},{"type":"Feature","id":1150,"geometry":{"type":"Point","coordinates":[23.744947310000043,38.092235880000032]},"properties":{"FID":1150,"Type":"ΑΙΤΙΑ ΥΠΟ ΕΚΔΙΚΑΣΗ","Municipali":"Δήμος Αχαρνών","Date":"2025/02"}},{"type":"Feature","id":1151,"geometry":{"type":"Point","coordinates":[23.70395190000005,37.954348100000061]},"properties":{"FID":1151,"Type":"ΟΔΗΓΟΣ-ΛΟΙΠΑ ΑΙΤΙΑ ΑΝΑΦΕΡΟΜΕΝΑ ΣΕ ΟΔΗΓΟΥΣ","Municipali":"Δήμος Καλλιθέας","Date":"2025/02"}},{"type":"Feature","id":1152,"geometry":{"type":"Point","coordinates":[23.740307030000054,37.990361310000026]},"properties":{"FID":1152,"Type":"ΟΔΗΓΟΣ-ΑΠΟΣΠΑΣΗ ΤΗΣ ΠΡΟΣΟΧΗΣ ΤΟΥ ΟΔΗΓΟΥ","Municipali":"Δήμος Αθηναίων","Date":"2025/02"}},{"type":"Feature","id":1153,"geometry":{"type":"Point","coordinates":[23.708053300000074,37.970657800000026]},"properties":{"FID":1153,"Type":"ΟΔΗΓΟΣ-ΑΠΟΣΠΑΣΗ ΤΗΣ ΠΡΟΣΟΧΗΣ ΤΟΥ ΟΔΗΓΟΥ","Municipali":"Δήμος Αθηναίων","Date":"2025/02"}},{"type":"Feature","id":1154,"geometry":{"type":"Point","coordinates":[23.723779320000062,38.025558630000035]},"properties":{"FID":1154,"Type":"ΑΙΤΙΑ ΥΠΟ ΕΚΔΙΚΑΣΗ","Municipali":"Δήμος Αγίων Αναργύρων – Καματερού","Date":"2025/02"}},{"type":"Feature","id":1155,"geometry":{"type":"Point","coordinates":[23.960237500000062,37.977001420000079]},"properties":{"FID":1155,"Type":"ΑΙΤΙΑ ΥΠΟ ΕΚΔΙΚΑΣΗ","Municipali":"Δήμος Σπάτων - Αρτέμιδος","Date":"2025/02"}},{"type":"Feature","id":1156,"geometry":{"type":"Point","coordinates":[23.654471040000033,37.948516650000045]},"properties":{"FID":1156,"Type":"ΑΙΤΙΑ ΥΠΟ ΕΚΔΙΚΑΣΗ","Municipali":"Δήμος Πειραιώς","Date":"2025/02"}},{"type":"Feature","id":1157,"geometry":{"type":"Point","coordinates":[23.625021190000041,37.968678320000038]},"properties":{"FID":1157,"Type":"ΟΔΗΓΟΣ-ΛΟΙΠΕΣ ΠΑΡΑΒΙΑΣΕΙΣ ΣΗΜΑΝΣΕΩΝ ΕΝ ΓΕΝΕΙ","Municipali":"Δήμος Κερατσινίου - Δραπετσώνας","Date":"2025/02"}},{"type":"Feature","id":1158,"geometry":{"type":"Point","coordinates":[23.677221540000062,37.944552860000044]},"properties":{"FID":1158,"Type":"ΑΙΤΙΑ ΥΠΟ ΕΚΔΙΚΑΣΗ","Municipali":"Δήμος Μοσχάτου-Ταύρου","Date":"2025/02"}},{"type":"Feature","id":1159,"geometry":{"type":"Point","coordinates":[23.744834880000042,37.924569800000029]},"properties":{"FID":1159,"Type":"ΑΙΤΙΑ ΥΠΟ ΕΚΔΙΚΑΣΗ","Municipali":"Δήμος Ηλιούπολης","Date":"2025/02"}},{"type":"Feature","id":1160,"geometry":{"type":"Point","coordinates":[23.863742350000052,38.106973030000063]},"properties":{"FID":1160,"Type":"ΑΙΤΙΑ ΥΠΟ ΕΚΔΙΚΑΣΗ","Municipali":"Δήμος Διονύσου","Date":"2025/02"}},{"type":"Feature","id":1161,"geometry":{"type":"Point","coordinates":[23.614887420000059,37.951955460000079]},"properties":{"FID":1161,"Type":"ΟΔΗΓΟΣ-ΛΟΙΠΕΣ ΠΑΡΑΒΙΑΣΕΙΣ ΣΗΜΑΝΣΕΩΝ ΕΝ ΓΕΝΕΙ","Municipali":"Δήμος Κερατσινίου - Δραπετσώνας","Date":"2025/02"}},{"type":"Feature","id":1162,"geometry":{"type":"Point","coordinates":[23.734223840000027,38.039730410000061]},"properties":{"FID":1162,"Type":"ΑΙΤΙΑ ΥΠΟ ΕΚΔΙΚΑΣΗ","Municipali":"Δήμος Νέας Φιλαδέλφειας - Νέας Χαλκηδόνας","Date":"2025/02"}},{"type":"Feature","id":1163,"geometry":{"type":"Point","coordinates":[23.726877020000074,37.997482700000035]},"properties":{"FID":1163,"Type":"ΟΔΗΓΟΣ-ΑΠΟΣΠΑΣΗ ΤΗΣ ΠΡΟΣΟΧΗΣ ΤΟΥ ΟΔΗΓΟΥ","Municipali":"Δήμος Αθηναίων","Date":"2025/02"}},{"type":"Feature","id":1164,"geometry":{"type":"Point","coordinates":[23.706956510000055,37.959315520000075]},"properties":{"FID":1164,"Type":"ΑΙΤΙΑ ΥΠΟ ΕΚΔΙΚΑΣΗ","Municipali":"Δήμος Καλλιθέας","Date":"2025/02"}},{"type":"Feature","id":1165,"geometry":{"type":"Point","coordinates":[23.737034040000026,38.023523060000059]},"properties":{"FID":1165,"Type":"ΑΙΤΙΑ ΥΠΟ ΕΚΔΙΚΑΣΗ","Municipali":"Δήμος Αθηναίων","Date":"2025/02"}},{"type":"Feature","id":1166,"geometry":{"type":"Point","coordinates":[23.738898000000063,38.065355200000056]},"properties":{"FID":1166,"Type":"ΑΙΤΙΑ ΥΠΟ ΕΚΔΙΚΑΣΗ","Municipali":"Δήμος Αχαρνών","Date":"2025/02"}},{"type":"Feature","id":1167,"geometry":{"type":"Point","coordinates":[23.614836340000068,37.958124400000031]},"properties":{"FID":1167,"Type":"ΟΔΗΓΟΣ-ΛΟΙΠΑ ΑΙΤΙΑ ΑΝΑΦΕΡΟΜΕΝΑ ΣΕ ΟΔΗΓΟΥΣ","Municipali":"Δήμος Κερατσινίου - Δραπετσώνας","Date":"2025/02"}},{"type":"Feature","id":1168,"geometry":{"type":"Point","coordinates":[23.744039400000077,37.915231200000051]},"properties":{"FID":1168,"Type":"ΟΔΗΓΟΣ-ΛΟΙΠΑ ΑΙΤΙΑ ΑΝΑΦΕΡΟΜΕΝΑ ΣΕ ΟΔΗΓΟΥΣ","Municipali":"Δήμος Ελληνικού - Αργυρούπολης","Date":"2025/02"}},{"type":"Feature","id":1169,"geometry":{"type":"Point","coordinates":[23.755016330000046,37.915492630000074]},"properties":{"FID":1169,"Type":"ΟΔΗΓΟΣ-ΜΗ ΤΗΡΗΣΗ ΑΠΟΣΤΑΣΗΣ ΑΣΦΑΛΕΙΑΣ","Municipali":"Δήμος Ελληνικού - Αργυρούπολης","Date":"2025/02"}},{"type":"Feature","id":1170,"geometry":{"type":"Point","coordinates":[23.728741060000061,37.965919550000081]},"properties":{"FID":1170,"Type":"ΟΔΗΓΟΣ-ΠΑΡΑΒΙΑΣΗ ΣΗΜΑΤΟΔΟΤΗ","Municipali":"Δήμος Αθηναίων","Date":"2025/02"}},{"type":"Feature","id":1171,"geometry":{"type":"Point","coordinates":[23.853313920000062,38.029188460000057]},"properties":{"FID":1171,"Type":"ΑΙΤΙΑ ΥΠΟ ΕΚΔΙΚΑΣΗ","Municipali":"Δήμος Παλλήνης","Date":"2025/02"}},{"type":"Feature","id":1172,"geometry":{"type":"Point","coordinates":[23.664384480000024,38.012614030000066]},"properties":{"FID":1172,"Type":"ΟΔΗΓΟΣ-ΛΟΙΠΑ ΑΙΤΙΑ ΑΝΑΦΕΡΟΜΕΝΑ ΣΕ ΟΔΗΓΟΥΣ","Municipali":"Δήμος Χαϊδαρίου","Date":"2025/02"}},{"type":"Feature","id":1173,"geometry":{"type":"Point","coordinates":[23.752066400000047,37.999912300000062]},"properties":{"FID":1173,"Type":"ΟΔΗΓΟΣ-ΛΟΙΠΑ ΑΙΤΙΑ ΑΝΑΦΕΡΟΜΕΝΑ ΣΕ ΟΔΗΓΟΥΣ","Municipali":"Δήμος Αθηναίων","Date":"2025/02"}},{"type":"Feature","id":1174,"geometry":{"type":"Point","coordinates":[23.819689750000066,38.04917252000007]},"properties":{"FID":1174,"Type":"ΑΙΤΙΑ ΥΠΟ ΕΚΔΙΚΑΣΗ","Municipali":"Δήμος Αμαρουσίου","Date":"2025/02"}},{"type":"Feature","id":1175,"geometry":{"type":"Point","coordinates":[23.736596430000077,37.961136970000041]},"properties":{"FID":1175,"Type":"ΟΔΗΓΟΣ-ΛΟΙΠΑ ΑΙΤΙΑ ΑΝΑΦΕΡΟΜΕΝΑ ΣΕ ΟΔΗΓΟΥΣ","Municipali":"Δήμος Αθηναίων","Date":"2025/02"}},{"type":"Feature","id":1176,"geometry":{"type":"Point","coordinates":[23.731550000000027,38.01603700000004]},"properties":{"FID":1176,"Type":"ΟΔΗΓΟΣ-ΑΠΟΣΠΑΣΗ ΤΗΣ ΠΡΟΣΟΧΗΣ ΤΟΥ ΟΔΗΓΟΥ","Municipali":"Δήμος Αθηναίων","Date":"2025/02"}},{"type":"Feature","id":1177,"geometry":{"type":"Point","coordinates":[23.63254666000006,37.95132121000006]},"properties":{"FID":1177,"Type":"ΑΙΤΙΑ ΥΠΟ ΕΚΔΙΚΑΣΗ","Municipali":"Δήμος Κερατσινίου - Δραπετσώνας","Date":"2025/02"}},{"type":"Feature","id":1178,"geometry":{"type":"Point","coordinates":[23.646810980000055,37.980019810000044]},"properties":{"FID":1178,"Type":"ΑΙΤΙΑ ΥΠΟ ΕΚΔΙΚΑΣΗ","Municipali":"Δήμος Κορυδαλλού","Date":"2025/02"}},{"type":"Feature","id":1179,"geometry":{"type":"Point","coordinates":[23.708363200000065,37.980580600000053]},"properties":{"FID":1179,"Type":"ΟΔΗΓΟΣ-ΛΟΙΠΑ ΑΙΤΙΑ ΑΝΑΦΕΡΟΜΕΝΑ ΣΕ ΟΔΗΓΟΥΣ","Municipali":"Δήμος Αθηναίων","Date":"2025/02"}},{"type":"Feature","id":1180,"geometry":{"type":"Point","coordinates":[23.661469390000036,37.967269830000077]},"properties":{"FID":1180,"Type":"ΑΙΤΙΑ ΥΠΟ ΕΚΔΙΚΑΣΗ","Municipali":"Δήμος Νίκαιας - Αγίου Ιωάννη Ρέντη","Date":"2025/02"}},{"type":"Feature","id":1181,"geometry":{"type":"Point","coordinates":[23.692279460000066,37.965714570000046]},"properties":{"FID":1181,"Type":"ΑΙΤΙΑ ΥΠΟ ΕΚΔΙΚΑΣΗ","Municipali":"Δήμος Μοσχάτου-Ταύρου","Date":"2025/02"}},{"type":"Feature","id":1182,"geometry":{"type":"Point","coordinates":[23.749307980000026,37.97630920000006]},"properties":{"FID":1182,"Type":"ΑΙΤΙΑ ΥΠΟ ΕΚΔΙΚΑΣΗ","Municipali":"Δήμος Αθηναίων","Date":"2025/02"}},{"type":"Feature","id":1183,"geometry":{"type":"Point","coordinates":[23.643876310000053,37.940720000000056]},"properties":{"FID":1183,"Type":"ΑΙΤΙΑ ΥΠΟ ΕΚΔΙΚΑΣΗ","Municipali":"Δήμος Πειραιώς","Date":"2025/02"}},{"type":"Feature","id":1184,"geometry":{"type":"Point","coordinates":[23.744502070000067,37.955043530000069]},"properties":{"FID":1184,"Type":"ΟΔΗΓΟΣ-ΛΟΙΠΑ ΑΙΤΙΑ ΑΝΑΦΕΡΟΜΕΝΑ ΣΕ ΟΔΗΓΟΥΣ","Municipali":"Δήμος Δάφνης - Υμηττού","Date":"2025/04"}},{"type":"Feature","id":1185,"geometry":{"type":"Point","coordinates":[23.698453900000061,37.993338700000038]},"properties":{"FID":1185,"Type":"ΟΔΗΓΟΣ-ΛΟΙΠΑ ΑΙΤΙΑ ΑΝΑΦΕΡΟΜΕΝΑ ΣΕ ΟΔΗΓΟΥΣ","Municipali":"Δήμος Αθηναίων","Date":"2025/04"}},{"type":"Feature","id":1186,"geometry":{"type":"Point","coordinates":[23.727314470000067,37.967004460000055]},"properties":{"FID":1186,"Type":"ΟΔΗΓΟΣ-ΠΑΡΑΒΙΑΣΗ ΣΗΜΑΤΟΔΟΤΗ","Municipali":"Δήμος Αθηναίων","Date":"2025/04"}},{"type":"Feature","id":1187,"geometry":{"type":"Point","coordinates":[23.769006730000058,37.862708070000053]},"properties":{"FID":1187,"Type":"ΑΙΤΙΑ ΥΠΟ ΕΚΔΙΚΑΣΗ","Municipali":"Δήμος Γλυφάδας","Date":"2025/04"}},{"type":"Feature","id":1188,"geometry":{"type":"Point","coordinates":[23.839774130000023,38.132193650000033]},"properties":{"FID":1188,"Type":"ΟΔΗΓΟΣ-ΑΠΟΣΠΑΣΗ ΤΗΣ ΠΡΟΣΟΧΗΣ ΤΟΥ ΟΔΗΓΟΥ","Municipali":"Δήμος Διονύσου","Date":"2025/04"}},{"type":"Feature","id":1189,"geometry":{"type":"Point","coordinates":[23.716768030000026,38.05732512000003]},"properties":{"FID":1189,"Type":"ΑΙΤΙΑ ΥΠΟ ΕΚΔΙΚΑΣΗ","Municipali":"Δήμος Αγίων Αναργύρων – Καματερού","Date":"2025/04"}},{"type":"Feature","id":1190,"geometry":{"type":"Point","coordinates":[23.717390300000034,37.90543228000007]},"properties":{"FID":1190,"Type":"ΟΔΗΓΟΣ-ΛΟΙΠΑ ΑΙΤΙΑ ΑΝΑΦΕΡΟΜΕΝΑ ΣΕ ΟΔΗΓΟΥΣ","Municipali":"Δήμος Αλίμου","Date":"2025/04"}},{"type":"Feature","id":1191,"geometry":{"type":"Point","coordinates":[23.742399220000038,38.026610840000046]},"properties":{"FID":1191,"Type":"ΑΙΤΙΑ ΥΠΟ ΕΚΔΙΚΑΣΗ","Municipali":"Δήμος Αθηναίων","Date":"2025/03"}},{"type":"Feature","id":1192,"geometry":{"type":"Point","coordinates":[23.742238280000038,37.975064720000034]},"properties":{"FID":1192,"Type":"ΟΔΗΓΟΣ-ΛΟΙΠΑ ΑΙΤΙΑ ΑΝΑΦΕΡΟΜΕΝΑ ΣΕ ΟΔΗΓΟΥΣ","Municipali":"Δήμος Αθηναίων","Date":"2025/03"}},{"type":"Feature","id":1193,"geometry":{"type":"Point","coordinates":[23.753230200000075,37.97331575000004]},"properties":{"FID":1193,"Type":"ΟΔΗΓΟΣ-ΠΑΡΑΒΙΑΣΗ ΠΡΟΤΕΡΑΙΟΤΗΤΑΣ ΓΕΝΙΚΩΣ","Municipali":"Δήμος Αθηναίων","Date":"2025/03"}},{"type":"Feature","id":1194,"geometry":{"type":"Point","coordinates":[23.881321550000052,37.89936662000008]},"properties":{"FID":1194,"Type":"ΟΔΗΓΟΣ-ΠΑΡΑΒΙΑΣΗ ΠΡΟΤΕΡΑΙΟΤΗΤΑΣ ΓΕΝΙΚΩΣ","Municipali":"Δήμος Κρωπίας","Date":"2025/03"}},{"type":"Feature","id":1195,"geometry":{"type":"Point","coordinates":[24.01042700000005,37.884117730000071]},"properties":{"FID":1195,"Type":"ΑΙΤΙΑ ΥΠΟ ΕΚΔΙΚΑΣΗ","Municipali":"Δήμος Μαρκόπουλου Μεσογαίας","Date":"2025/03"}},{"type":"Feature","id":1196,"geometry":{"type":"Point","coordinates":[23.800570960000073,38.013104300000066]},"properties":{"FID":1196,"Type":"ΑΙΤΙΑ ΥΠΟ ΕΚΔΙΚΑΣΗ","Municipali":"Δήμος Χαλανδρίου","Date":"2025/03"}},{"type":"Feature","id":1197,"geometry":{"type":"Point","coordinates":[23.85737886000004,38.135664810000037]},"properties":{"FID":1197,"Type":"ΑΙΤΙΑ ΥΠΟ ΕΚΔΙΚΑΣΗ","Municipali":"Δήμος Διονύσου","Date":"2025/03"}},{"type":"Feature","id":1198,"geometry":{"type":"Point","coordinates":[23.812313680000045,38.074636890000079]},"properties":{"FID":1198,"Type":"ΑΙΤΙΑ ΥΠΟ ΕΚΔΙΚΑΣΗ","Municipali":"Δήμος Κηφισιάς","Date":"2025/03"}},{"type":"Feature","id":1199,"geometry":{"type":"Point","coordinates":[23.688446200000044,38.012061300000028]},"properties":{"FID":1199,"Type":"ΑΙΤΙΑ ΥΠΟ ΕΚΔΙΚΑΣΗ","Municipali":"Δήμος Περιστερίου","Date":"2025/03"}},{"type":"Feature","id":1200,"geometry":{"type":"Point","coordinates":[23.724106550000045,38.025841760000048]},"properties":{"FID":1200,"Type":"ΟΔΗΓΟΣ-ΛΟΙΠΑ ΑΙΤΙΑ ΑΝΑΦΕΡΟΜΕΝΑ ΣΕ ΟΔΗΓΟΥΣ","Municipali":"Δήμος Αγίων Αναργύρων – Καματερού","Date":"2025/03"}},{"type":"Feature","id":1201,"geometry":{"type":"Point","coordinates":[23.754968050000059,38.034630750000076]},"properties":{"FID":1201,"Type":"ΑΙΤΙΑ ΥΠΟ ΕΚΔΙΚΑΣΗ","Municipali":"Δήμος Νέας Ιωνίας","Date":"2025/03"}},{"type":"Feature","id":1202,"geometry":{"type":"Point","coordinates":[23.806342750000056,38.00943366000007]},"properties":{"FID":1202,"Type":"ΑΙΤΙΑ ΥΠΟ ΕΚΔΙΚΑΣΗ","Municipali":"Δήμος Χαλανδρίου","Date":"2025/03"}},{"type":"Feature","id":1203,"geometry":{"type":"Point","coordinates":[23.726948220000054,37.990563070000064]},"properties":{"FID":1203,"Type":"ΑΙΤΙΑ ΥΠΟ ΕΚΔΙΚΑΣΗ","Municipali":"Δήμος Αθηναίων","Date":"2025/03"}},{"type":"Feature","id":1204,"geometry":{"type":"Point","coordinates":[23.676266670000075,37.961320300000068]},"properties":{"FID":1204,"Type":"ΑΙΤΙΑ ΥΠΟ ΕΚΔΙΚΑΣΗ","Municipali":"Δήμος Νίκαιας - Αγίου Ιωάννη Ρέντη","Date":"2025/03"}},{"type":"Feature","id":1205,"geometry":{"type":"Point","coordinates":[23.761249780000071,38.048205130000042]},"properties":{"FID":1205,"Type":"ΑΙΤΙΑ ΥΠΟ ΕΚΔΙΚΑΣΗ","Municipali":"Δήμος Ηρακλείου Αττικής","Date":"2025/03"}},{"type":"Feature","id":1206,"geometry":{"type":"Point","coordinates":[23.637626770000054,37.935994230000063]},"properties":{"FID":1206,"Type":"ΑΙΤΙΑ ΥΠΟ ΕΚΔΙΚΑΣΗ","Municipali":"Δήμος Πειραιώς","Date":"2025/03"}},{"type":"Feature","id":1207,"geometry":{"type":"Point","coordinates":[23.865008350000039,37.875293770000042]},"properties":{"FID":1207,"Type":"ΑΙΤΙΑ ΥΠΟ ΕΚΔΙΚΑΣΗ","Municipali":"Δήμος Κρωπίας","Date":"2025/03"}},{"type":"Feature","id":1208,"geometry":{"type":"Point","coordinates":[23.714537000000064,38.007803300000035]},"properties":{"FID":1208,"Type":"ΟΔΗΓΟΣ-ΑΠΟΣΠΑΣΗ ΤΗΣ ΠΡΟΣΟΧΗΣ ΤΟΥ ΟΔΗΓΟΥ","Municipali":"Δήμος Αθηναίων","Date":"2025/03"}},{"type":"Feature","id":1209,"geometry":{"type":"Point","coordinates":[23.752529200000026,37.978015900000059]},"properties":{"FID":1209,"Type":"ΟΔΗΓΟΣ-ΑΠΟΣΠΑΣΗ ΤΗΣ ΠΡΟΣΟΧΗΣ ΤΟΥ ΟΔΗΓΟΥ","Municipali":"Δήμος Αθηναίων","Date":"2025/03"}},{"type":"Feature","id":1210,"geometry":{"type":"Point","coordinates":[23.729889390000039,37.991377060000048]},"properties":{"FID":1210,"Type":"ΟΔΗΓΟΣ-ΠΑΡΑΒΙΑΣΗ ΣΗΜΑΤΟΔΟΤΗ","Municipali":"Δήμος Αθηναίων","Date":"2025/03"}},{"type":"Feature","id":1211,"geometry":{"type":"Point","coordinates":[23.69072914000003,37.961751700000036]},"properties":{"FID":1211,"Type":"ΑΙΤΙΑ ΥΠΟ ΕΚΔΙΚΑΣΗ","Municipali":"Δήμος Μοσχάτου-Ταύρου","Date":"2025/03"}},{"type":"Feature","id":1212,"geometry":{"type":"Point","coordinates":[23.677190520000067,37.992889250000076]},"properties":{"FID":1212,"Type":"ΑΙΤΙΑ ΥΠΟ ΕΚΔΙΚΑΣΗ","Municipali":"Δήμος Αιγάλεω","Date":"2025/03"}},{"type":"Feature","id":1213,"geometry":{"type":"Point","coordinates":[23.754243850000023,37.85379684000003]},"properties":{"FID":1213,"Type":"ΟΔΗΓΟΣ-ΛΟΙΠΑ ΑΙΤΙΑ ΑΝΑΦΕΡΟΜΕΝΑ ΣΕ ΟΔΗΓΟΥΣ","Municipali":"Δήμος Βάρης - Βούλας - Βουλιαγμένης","Date":"2025/03"}},{"type":"Feature","id":1214,"geometry":{"type":"Point","coordinates":[23.733880520000071,38.002304890000062]},"properties":{"FID":1214,"Type":"ΟΔΗΓΟΣ-ΑΠΟΣΠΑΣΗ ΤΗΣ ΠΡΟΣΟΧΗΣ ΤΟΥ ΟΔΗΓΟΥ","Municipali":"Δήμος Αθηναίων","Date":"2025/03"}},{"type":"Feature","id":1215,"geometry":{"type":"Point","coordinates":[23.772724270000026,37.977145190000044]},"properties":{"FID":1215,"Type":"ΟΔΗΓΟΣ-ΛΟΙΠΑ ΑΙΤΙΑ ΑΝΑΦΕΡΟΜΕΝΑ ΣΕ ΟΔΗΓΟΥΣ","Municipali":"Δήμος Ζωγράφου","Date":"2025/03"}},{"type":"Feature","id":1216,"geometry":{"type":"Point","coordinates":[23.672640320000028,37.950449820000074]},"properties":{"FID":1216,"Type":"ΑΙΤΙΑ ΥΠΟ ΕΚΔΙΚΑΣΗ","Municipali":"Δήμος Μοσχάτου-Ταύρου","Date":"2025/04"}},{"type":"Feature","id":1217,"geometry":{"type":"Point","coordinates":[23.648972510000078,37.941828420000036]},"properties":{"FID":1217,"Type":"ΑΙΤΙΑ ΥΠΟ ΕΚΔΙΚΑΣΗ","Municipali":"Δήμος Πειραιώς","Date":"2025/04"}},{"type":"Feature","id":1218,"geometry":{"type":"Point","coordinates":[23.733267500000068,37.995563700000048]},"properties":{"FID":1218,"Type":"ΟΔΗΓΟΣ-ΠΑΡΑΛΕΙΨΗ ΣΗΜ.ΠΡΟΘΕΣΗΣ ΣΤΡΟΦ.Η ΑΛΛΑΓΗΣ ΠΟΡΕΙΑΣ","Municipali":"Δήμος Αθηναίων","Date":"2025/03"}},{"type":"Feature","id":1219,"geometry":{"type":"Point","coordinates":[23.724600080000073,37.962821740000038]},"properties":{"FID":1219,"Type":"ΟΔΗΓΟΣ-ΠΑΡΑΒΙΑΣΗ ΠΡΟΤΕΡΑΙΟΤΗΤΑΣ ΓΕΝΙΚΩΣ","Municipali":"Δήμος Αθηναίων","Date":"2025/04"}},{"type":"Feature","id":1220,"geometry":{"type":"Point","coordinates":[23.706688280000037,38.021653940000078]},"properties":{"FID":1220,"Type":"ΟΔΗΓΟΣ-ΛΟΙΠΑ ΑΙΤΙΑ ΑΝΑΦΕΡΟΜΕΝΑ ΣΕ ΟΔΗΓΟΥΣ","Municipali":"Δήμος Ιλίου","Date":"2025/04"}},{"type":"Feature","id":1221,"geometry":{"type":"Point","coordinates":[23.796139960000062,38.096727840000028]},"properties":{"FID":1221,"Type":"ΑΙΤΙΑ ΥΠΟ ΕΚΔΙΚΑΣΗ","Municipali":"Δήμος Κηφισιάς","Date":"2025/04"}},{"type":"Feature","id":1222,"geometry":{"type":"Point","coordinates":[23.752098080000053,37.876377770000033]},"properties":{"FID":1222,"Type":"ΟΔΗΓΟΣ-ΛΟΙΠΕΣ ΠΑΡΑΒΙΑΣΕΙΣ ΣΗΜΑΝΣΕΩΝ ΕΝ ΓΕΝΕΙ","Municipali":"Δήμος Γλυφάδας","Date":"2025/04"}},{"type":"Feature","id":1223,"geometry":{"type":"Point","coordinates":[23.693261030000031,38.01503273000003]},"properties":{"FID":1223,"Type":"ΑΙΤΙΑ ΥΠΟ ΕΚΔΙΚΑΣΗ","Municipali":"Δήμος Περιστερίου","Date":"2025/04"}},{"type":"Feature","id":1224,"geometry":{"type":"Point","coordinates":[23.691925410000067,37.998039640000059]},"properties":{"FID":1224,"Type":"ΑΙΤΙΑ ΥΠΟ ΕΚΔΙΚΑΣΗ","Municipali":"Δήμος Περιστερίου","Date":"2025/04"}},{"type":"Feature","id":1225,"geometry":{"type":"Point","coordinates":[23.660849330000076,37.93888811000005]},"properties":{"FID":1225,"Type":"ΑΙΤΙΑ ΥΠΟ ΕΚΔΙΚΑΣΗ","Municipali":"Δήμος Πειραιώς","Date":"2025/04"}},{"type":"Feature","id":1226,"geometry":{"type":"Point","coordinates":[23.672275480000053,37.994777780000049]},"properties":{"FID":1226,"Type":"ΑΙΤΙΑ ΥΠΟ ΕΚΔΙΚΑΣΗ","Municipali":"Δήμος Αιγάλεω","Date":"2025/04"}},{"type":"Feature","id":1227,"geometry":{"type":"Point","coordinates":[23.725361820000046,38.022435740000049]},"properties":{"FID":1227,"Type":"ΑΙΤΙΑ ΥΠΟ ΕΚΔΙΚΑΣΗ","Municipali":"Δήμος Νέας Φιλαδέλφειας - Νέας Χαλκηδόνας","Date":"2025/02"}},{"type":"Feature","id":1228,"geometry":{"type":"Point","coordinates":[23.561924100000056,37.963870610000072]},"properties":{"FID":1228,"Type":"ΑΙΤΙΑ ΥΠΟ ΕΚΔΙΚΑΣΗ","Municipali":"Δήμος Περάματος","Date":"2025/04"}},{"type":"Feature","id":1229,"geometry":{"type":"Point","coordinates":[23.807282150000049,38.046431380000058]},"properties":{"FID":1229,"Type":"ΑΙΤΙΑ ΥΠΟ ΕΚΔΙΚΑΣΗ","Municipali":"Δήμος Αμαρουσίου","Date":"2025/04"}},{"type":"Feature","id":1230,"geometry":{"type":"Point","coordinates":[23.677143400000034,38.007309400000054]},"properties":{"FID":1230,"Type":"ΑΙΤΙΑ ΥΠΟ ΕΚΔΙΚΑΣΗ","Municipali":"Δήμος Περιστερίου","Date":"2025/03"}},{"type":"Feature","id":1231,"geometry":{"type":"Point","coordinates":[23.728710600000056,38.097762600000067]},"properties":{"FID":1231,"Type":"ΑΙΤΙΑ ΥΠΟ ΕΚΔΙΚΑΣΗ","Municipali":"Δήμος Αχαρνών","Date":"2025/04"}},{"type":"Feature","id":1232,"geometry":{"type":"Point","coordinates":[23.833395840000037,38.015302030000043]},"properties":{"FID":1232,"Type":"ΠΕΖΟΣ-ΔΙΕΣΧΙΖΕ ΑΠΟΤΟΜΑ ΚΑΙ ΑΠΕΡΙΣΚΕΠΤΑ ΤΗΝ ΟΔΟ","Municipali":"Δήμος Αγίας Παρασκευής","Date":"2025/04"}},{"type":"Feature","id":1233,"geometry":{"type":"Point","coordinates":[23.664003610000066,37.988442970000051]},"properties":{"FID":1233,"Type":"ΟΔΗΓΟΣ-ΛΟΙΠΑ ΑΙΤΙΑ ΑΝΑΦΕΡΟΜΕΝΑ ΣΕ ΟΔΗΓΟΥΣ","Municipali":"Δήμος Αγίας Βαρβάρας","Date":"2025/04"}},{"type":"Feature","id":1234,"geometry":{"type":"Point","coordinates":[23.654057980000061,38.01179409000008]},"properties":{"FID":1234,"Type":"ΟΔΗΓΟΣ-ΛΟΙΠΑ ΑΙΤΙΑ ΑΝΑΦΕΡΟΜΕΝΑ ΣΕ ΟΔΗΓΟΥΣ","Municipali":"Δήμος Χαϊδαρίου","Date":"2025/04"}},{"type":"Feature","id":1235,"geometry":{"type":"Point","coordinates":[23.740891130000023,37.991017530000079]},"properties":{"FID":1235,"Type":"ΟΔΗΓΟΣ-ΛΟΙΠΑ ΑΙΤΙΑ ΑΝΑΦΕΡΟΜΕΝΑ ΣΕ ΟΔΗΓΟΥΣ","Municipali":"Δήμος Αθηναίων","Date":"2025/04"}},{"type":"Feature","id":1236,"geometry":{"type":"Point","coordinates":[23.683685660000037,37.99790014000007]},"properties":{"FID":1236,"Type":"ΟΔΗΓΟΣ-ΛΟΙΠΑ ΑΙΤΙΑ ΑΝΑΦΕΡΟΜΕΝΑ ΣΕ ΟΔΗΓΟΥΣ","Municipali":"Δήμος Αιγάλεω","Date":"2025/04"}},{"type":"Feature","id":1237,"geometry":{"type":"Point","coordinates":[23.76373835000004,37.973430130000054]},"properties":{"FID":1237,"Type":"ΟΔΗΓΟΣ-ΠΑΡΑΒΙΑΣΗ ΠΡΟΤΕΡΑΙΟΤΗΤΑΣ ΓΕΝΙΚΩΣ","Municipali":"Δήμος Ζωγράφου","Date":"2025/04"}},{"type":"Feature","id":1238,"geometry":{"type":"Point","coordinates":[23.596025710000049,38.056590160000042]},"properties":{"FID":1238,"Type":"ΟΔΗΓΟΣ-ΠΑΡΑΒΙΑΣΗ ΠΡΟΤΕΡΑΙΟΤΗΤΑΣ ΓΕΝΙΚΩΣ","Municipali":"Δήμος Ασπροπύργου","Date":"2025/04"}},{"type":"Feature","id":1239,"geometry":{"type":"Point","coordinates":[23.763137750000055,37.957551120000062]},"properties":{"FID":1239,"Type":"ΟΔΗΓΟΣ-ΑΠΟΣΠΑΣΗ ΤΗΣ ΠΡΟΣΟΧΗΣ ΤΟΥ ΟΔΗΓΟΥ","Municipali":"Δήμος Βύρωνα","Date":"2025/04"}},{"type":"Feature","id":1240,"geometry":{"type":"Point","coordinates":[23.763883710000073,38.06167140000008]},"properties":{"FID":1240,"Type":"ΑΙΤΙΑ ΥΠΟ ΕΚΔΙΚΑΣΗ","Municipali":"Δήμος Μεταμορφώσεως","Date":"2025/04"}},{"type":"Feature","id":1241,"geometry":{"type":"Point","coordinates":[23.806230430000028,38.009384920000059]},"properties":{"FID":1241,"Type":"ΑΙΤΙΑ ΥΠΟ ΕΚΔΙΚΑΣΗ","Municipali":"Δήμος Χαλανδρίου","Date":"2025/04"}},{"type":"Feature","id":1242,"geometry":{"type":"Point","coordinates":[23.695148480000057,38.050135430000068]},"properties":{"FID":1242,"Type":"ΑΙΤΙΑ ΥΠΟ ΕΚΔΙΚΑΣΗ","Municipali":"Δήμος Αγίων Αναργύρων – Καματερού","Date":"2025/04"}},{"type":"Feature","id":1243,"geometry":{"type":"Point","coordinates":[23.711811300000022,37.951473490000069]},"properties":{"FID":1243,"Type":"ΑΙΤΙΑ ΥΠΟ ΕΚΔΙΚΑΣΗ","Municipali":"Δήμος Νέας Σμύρνης","Date":"2025/04"}},{"type":"Feature","id":1244,"geometry":{"type":"Point","coordinates":[23.844344620000072,38.04977660000003]},"properties":{"FID":1244,"Type":"ΑΙΤΙΑ ΥΠΟ ΕΚΔΙΚΑΣΗ","Municipali":"Δήμος Βριλησσίων","Date":"2025/04"}},{"type":"Feature","id":1245,"geometry":{"type":"Point","coordinates":[23.732067860000029,37.958535110000071]},"properties":{"FID":1245,"Type":"ΑΙΤΙΑ ΥΠΟ ΕΚΔΙΚΑΣΗ","Municipali":"Δήμος Αθηναίων","Date":"2025/04"}},{"type":"Feature","id":1246,"geometry":{"type":"Point","coordinates":[23.661226350000049,37.972375170000078]},"properties":{"FID":1246,"Type":"ΟΔΗΓΟΣ-ΛΟΙΠΑ ΑΙΤΙΑ ΑΝΑΦΕΡΟΜΕΝΑ ΣΕ ΟΔΗΓΟΥΣ","Municipali":"Δήμος Νίκαιας - Αγίου Ιωάννη Ρέντη","Date":"2025/04"}},{"type":"Feature","id":1247,"geometry":{"type":"Point","coordinates":[23.774391810000054,37.990279400000077]},"properties":{"FID":1247,"Type":"ΟΔΗΓΟΣ-ΑΠΟΣΠΑΣΗ ΤΗΣ ΠΡΟΣΟΧΗΣ ΤΟΥ ΟΔΗΓΟΥ","Municipali":"Δήμος Αθηναίων","Date":"2025/04"}},{"type":"Feature","id":1248,"geometry":{"type":"Point","coordinates":[23.691223960000059,37.983154110000044]},"properties":{"FID":1248,"Type":"ΟΔΗΓΟΣ-ΛΟΙΠΑ ΑΙΤΙΑ ΑΝΑΦΕΡΟΜΕΝΑ ΣΕ ΟΔΗΓΟΥΣ","Municipali":"Δήμος Αιγάλεω","Date":"2025/04"}},{"type":"Feature","id":1249,"geometry":{"type":"Point","coordinates":[23.670430180000039,37.973123740000062]},"properties":{"FID":1249,"Type":"ΑΙΤΙΑ ΥΠΟ ΕΚΔΙΚΑΣΗ","Municipali":"Δήμος Νίκαιας - Αγίου Ιωάννη Ρέντη","Date":"2025/04"}},{"type":"Feature","id":1250,"geometry":{"type":"Point","coordinates":[23.739062820000072,37.949847480000074]},"properties":{"FID":1250,"Type":"ΟΔΗΓΟΣ-ΠΑΡΑΒΙΑΣΗ ΣΗΜΑΤΟΔΟΤΗ","Municipali":"Δήμος Δάφνης - Υμηττού","Date":"2025/04"}},{"type":"Feature","id":1251,"geometry":{"type":"Point","coordinates":[23.776645660000042,38.040364150000073]},"properties":{"FID":1251,"Type":"ΑΙΤΙΑ ΥΠΟ ΕΚΔΙΚΑΣΗ","Municipali":"Δήμος Νέας Ιωνίας","Date":"2025/04"}},{"type":"Feature","id":1252,"geometry":{"type":"Point","coordinates":[23.662593800000025,38.000627800000075]},"properties":{"FID":1252,"Type":"ΑΙΤΙΑ ΥΠΟ ΕΚΔΙΚΑΣΗ","Municipali":"Δήμος Χαϊδαρίου","Date":"2025/04"}},{"type":"Feature","id":1253,"geometry":{"type":"Point","coordinates":[23.769258860000036,38.096373220000032]},"properties":{"FID":1253,"Type":"ΑΙΤΙΑ ΥΠΟ ΕΚΔΙΚΑΣΗ","Municipali":"Δήμος Αχαρνών","Date":"2025/04"}},{"type":"Feature","id":1254,"geometry":{"type":"Point","coordinates":[23.640410900000063,37.974337390000073]},"properties":{"FID":1254,"Type":"ΟΔΗΓΟΣ-ΛΟΙΠΑ ΑΙΤΙΑ ΑΝΑΦΕΡΟΜΕΝΑ ΣΕ ΟΔΗΓΟΥΣ","Municipali":"Δήμος Νίκαιας - Αγίου Ιωάννη Ρέντη","Date":"2025/03"}},{"type":"Feature","id":1255,"geometry":{"type":"Point","coordinates":[23.745982710000078,37.992872900000066]},"properties":{"FID":1255,"Type":"ΟΔΗΓΟΣ-ΛΟΙΠΕΣ ΠΑΡΑΒΙΑΣΕΙΣ ΣΗΜΑΝΣΕΩΝ ΕΝ ΓΕΝΕΙ","Municipali":"Δήμος Αθηναίων","Date":"2025/04"}},{"type":"Feature","id":1256,"geometry":{"type":"Point","coordinates":[23.713479300000074,37.977142700000059]},"properties":{"FID":1256,"Type":"ΑΙΤΙΑ ΥΠΟ ΕΚΔΙΚΑΣΗ","Municipali":"Δήμος Αθηναίων","Date":"2025/03"}},{"type":"Feature","id":1257,"geometry":{"type":"Point","coordinates":[23.881764000000032,37.89199560000003]},"properties":{"FID":1257,"Type":"ΑΙΤΙΑ ΥΠΟ ΕΚΔΙΚΑΣΗ","Municipali":"Δήμος Κρωπίας","Date":"2025/04"}},{"type":"Feature","id":1258,"geometry":{"type":"Point","coordinates":[23.626104290000058,37.975371090000067]},"properties":{"FID":1258,"Type":"ΟΔΗΓΟΣ-ΛΟΙΠΑ ΑΙΤΙΑ ΑΝΑΦΕΡΟΜΕΝΑ ΣΕ ΟΔΗΓΟΥΣ","Municipali":"Δήμος Κερατσινίου - Δραπετσώνας","Date":"2025/03"}},{"type":"Feature","id":1259,"geometry":{"type":"Point","coordinates":[23.83421659000004,38.033591330000036]},"properties":{"FID":1259,"Type":"ΟΔΗΓΟΣ-ΛΟΙΠΕΣ ΠΑΡΑΒΙΑΣΕΙΣ ΣΗΜΑΝΣΕΩΝ ΕΝ ΓΕΝΕΙ","Municipali":"Δήμος Βριλησσίων","Date":"2025/03"}},{"type":"Feature","id":1260,"geometry":{"type":"Point","coordinates":[23.733332950000033,38.000052880000055]},"properties":{"FID":1260,"Type":"ΟΔΗΓΟΣ-ΛΟΙΠΕΣ ΠΑΡΑΒΙΑΣΕΙΣ ΣΗΜΑΝΣΕΩΝ ΕΝ ΓΕΝΕΙ","Municipali":"Δήμος Αθηναίων","Date":"2025/03"}},{"type":"Feature","id":1261,"geometry":{"type":"Point","coordinates":[23.679125980000038,38.044567960000052]},"properties":{"FID":1261,"Type":"ΑΙΤΙΑ ΥΠΟ ΕΚΔΙΚΑΣΗ","Municipali":"Δήμος Πετρούπολης","Date":"2025/03"}},{"type":"Feature","id":1262,"geometry":{"type":"Point","coordinates":[23.665435910000042,37.946909160000075]},"properties":{"FID":1262,"Type":"ΟΔΗΓΟΣ-ΜΗ ΤΗΡΗΣΗ ΑΠΟΣΤΑΣΗΣ ΑΣΦΑΛΕΙΑΣ","Municipali":"Δήμος Πειραιώς","Date":"2025/03"}},{"type":"Feature","id":1263,"geometry":{"type":"Point","coordinates":[23.819861410000044,38.005699160000063]},"properties":{"FID":1263,"Type":"ΑΙΤΙΑ ΥΠΟ ΕΚΔΙΚΑΣΗ","Municipali":"Δήμος Αγίας Παρασκευής","Date":"2025/03"}},{"type":"Feature","id":1264,"geometry":{"type":"Point","coordinates":[23.716145750000067,37.956236330000024]},"properties":{"FID":1264,"Type":"ΑΙΤΙΑ ΥΠΟ ΕΚΔΙΚΑΣΗ","Municipali":"Δήμος Αθηναίων","Date":"2025/03"}},{"type":"Feature","id":1265,"geometry":{"type":"Point","coordinates":[23.62446785000003,37.943706770000063]},"properties":{"FID":1265,"Type":"ΟΔΗΓΟΣ-ΠΑΡΑΒΙΑΣΗ ΠΡΟΤΕΡΑΙΟΤΗΤΑΣ ΓΕΝΙΚΩΣ","Municipali":"Δήμος Κερατσινίου - Δραπετσώνας","Date":"2025/03"}},{"type":"Feature","id":1266,"geometry":{"type":"Point","coordinates":[23.740264180000054,37.97426973000006]},"properties":{"FID":1266,"Type":"ΟΔΗΓΟΣ-ΛΟΙΠΑ ΑΙΤΙΑ ΑΝΑΦΕΡΟΜΕΝΑ ΣΕ ΟΔΗΓΟΥΣ","Municipali":"Δήμος Αθηναίων","Date":"2025/03"}},{"type":"Feature","id":1267,"geometry":{"type":"Point","coordinates":[23.920025830000043,37.966243210000073]},"properties":{"FID":1267,"Type":"ΑΙΤΙΑ ΥΠΟ ΕΚΔΙΚΑΣΗ","Municipali":"Δήμος Σπάτων - Αρτέμιδος","Date":"2025/01"}},{"type":"Feature","id":1268,"geometry":{"type":"Point","coordinates":[23.790400030000058,38.024328930000024]},"properties":{"FID":1268,"Type":"ΑΙΤΙΑ ΥΠΟ ΕΚΔΙΚΑΣΗ","Municipali":"Δήμος Χαλανδρίου","Date":"2025/03"}},{"type":"Feature","id":1269,"geometry":{"type":"Point","coordinates":[23.751170040000034,37.957276840000077]},"properties":{"FID":1269,"Type":"ΑΙΤΙΑ ΥΠΟ ΕΚΔΙΚΑΣΗ","Municipali":"Δήμος Βύρωνα","Date":"2025/03"}},{"type":"Feature","id":1270,"geometry":{"type":"Point","coordinates":[23.644611240000074,37.969495370000061]},"properties":{"FID":1270,"Type":"ΟΔΗΓΟΣ-ΛΟΙΠΕΣ ΠΑΡΑΒΙΑΣΕΙΣ ΣΗΜΑΝΣΕΩΝ ΕΝ ΓΕΝΕΙ","Municipali":"Δήμος Νίκαιας - Αγίου Ιωάννη Ρέντη","Date":"2025/03"}},{"type":"Feature","id":1271,"geometry":{"type":"Point","coordinates":[23.593708280000044,37.982160060000069]},"properties":{"FID":1271,"Type":"ΠΕΖΟΣ-ΔΙΕΣΧΙΖΕ ΑΠΟΤΟΜΑ ΚΑΙ ΑΠΕΡΙΣΚΕΠΤΑ ΤΗΝ ΟΔΟ","Municipali":"Δήμος Περάματος","Date":"2025/03"}},{"type":"Feature","id":1272,"geometry":{"type":"Point","coordinates":[23.731177800000069,37.992294100000038]},"properties":{"FID":1272,"Type":"ΟΔΗΓΟΣ-ΛΟΙΠΑ ΑΙΤΙΑ ΑΝΑΦΕΡΟΜΕΝΑ ΣΕ ΟΔΗΓΟΥΣ","Municipali":"Δήμος Αθηναίων","Date":"2025/03"}},{"type":"Feature","id":1273,"geometry":{"type":"Point","coordinates":[23.751114600000051,37.977881900000057]},"properties":{"FID":1273,"Type":"ΟΔΗΓΟΣ-ΑΠΟΣΠΑΣΗ ΤΗΣ ΠΡΟΣΟΧΗΣ ΤΟΥ ΟΔΗΓΟΥ","Municipali":"Δήμος Αθηναίων","Date":"2025/03"}},{"type":"Feature","id":1274,"geometry":{"type":"Point","coordinates":[23.927965250000057,37.879916840000078]},"properties":{"FID":1274,"Type":"ΑΙΤΙΑ ΥΠΟ ΕΚΔΙΚΑΣΗ","Municipali":"Δήμος Μαρκόπουλου Μεσογαίας","Date":"2025/03"}},{"type":"Feature","id":1275,"geometry":{"type":"Point","coordinates":[23.598418240000058,37.977170560000047]},"properties":{"FID":1275,"Type":"ΟΔΗΓΟΣ-ΛΟΙΠΑ ΑΙΤΙΑ ΑΝΑΦΕΡΟΜΕΝΑ ΣΕ ΟΔΗΓΟΥΣ","Municipali":"Δήμος Κερατσινίου - Δραπετσώνας","Date":"2025/03"}},{"type":"Feature","id":1276,"geometry":{"type":"Point","coordinates":[23.73146797000004,37.992867670000066]},"properties":{"FID":1276,"Type":"ΟΔΗΓΟΣ-ΛΟΙΠΑ ΑΙΤΙΑ ΑΝΑΦΕΡΟΜΕΝΑ ΣΕ ΟΔΗΓΟΥΣ","Municipali":"Δήμος Αθηναίων","Date":"2025/03"}},{"type":"Feature","id":1277,"geometry":{"type":"Point","coordinates":[23.793962000000079,38.000254730000051]},"properties":{"FID":1277,"Type":"ΑΙΤΙΑ ΥΠΟ ΕΚΔΙΚΑΣΗ","Municipali":"Δήμος Παπάγου - Χολαργού","Date":"2025/03"}},{"type":"Feature","id":1278,"geometry":{"type":"Point","coordinates":[23.65515232000007,37.952319480000028]},"properties":{"FID":1278,"Type":"ΑΙΤΙΑ ΥΠΟ ΕΚΔΙΚΑΣΗ","Municipali":"Δήμος Πειραιώς","Date":"2025/03"}},{"type":"Feature","id":1279,"geometry":{"type":"Point","coordinates":[23.832757470000047,37.856236520000039]},"properties":{"FID":1279,"Type":"ΑΙΤΙΑ ΥΠΟ ΕΚΔΙΚΑΣΗ","Municipali":"Δήμος Κρωπίας","Date":"2025/03"}},{"type":"Feature","id":1280,"geometry":{"type":"Point","coordinates":[23.700487020000025,38.075549040000055]},"properties":{"FID":1280,"Type":"ΑΙΤΙΑ ΥΠΟ ΕΚΔΙΚΑΣΗ","Municipali":"Δήμος Φυλής","Date":"2025/03"}},{"type":"Feature","id":1281,"geometry":{"type":"Point","coordinates":[23.71387124000006,38.05936102000004]},"properties":{"FID":1281,"Type":"ΑΙΤΙΑ ΥΠΟ ΕΚΔΙΚΑΣΗ","Municipali":"Δήμος Αγίων Αναργύρων – Καματερού","Date":"2025/03"}},{"type":"Feature","id":1282,"geometry":{"type":"Point","coordinates":[23.721617460000061,37.893986260000077]},"properties":{"FID":1282,"Type":"ΑΙΤΙΑ ΥΠΟ ΕΚΔΙΚΑΣΗ","Municipali":"Δήμος Ελληνικού - Αργυρούπολης","Date":"2025/03"}},{"type":"Feature","id":1283,"geometry":{"type":"Point","coordinates":[23.643640280000056,37.947116440000059]},"properties":{"FID":1283,"Type":"ΑΙΤΙΑ ΥΠΟ ΕΚΔΙΚΑΣΗ","Municipali":"Δήμος Πειραιώς","Date":"2025/03"}},{"type":"Feature","id":1284,"geometry":{"type":"Point","coordinates":[23.643790480000064,37.945999640000025]},"properties":{"FID":1284,"Type":"ΑΙΤΙΑ ΥΠΟ ΕΚΔΙΚΑΣΗ","Municipali":"Δήμος Πειραιώς","Date":"2025/03"}},{"type":"Feature","id":1285,"geometry":{"type":"Point","coordinates":[23.695513700000049,38.012811100000079]},"properties":{"FID":1285,"Type":"ΑΙΤΙΑ ΥΠΟ ΕΚΔΙΚΑΣΗ","Municipali":"Δήμος Περιστερίου","Date":"2025/03"}},{"type":"Feature","id":1286,"geometry":{"type":"Point","coordinates":[23.75010788000003,37.972730460000037]},"properties":{"FID":1286,"Type":"ΟΔΗΓΟΣ-ΛΟΙΠΑ ΑΙΤΙΑ ΑΝΑΦΕΡΟΜΕΝΑ ΣΕ ΟΔΗΓΟΥΣ","Municipali":"Δήμος Καισαριανής","Date":"2025/03"}},{"type":"Feature","id":1287,"geometry":{"type":"Point","coordinates":[23.720704310000031,37.990912230000049]},"properties":{"FID":1287,"Type":"ΟΔΗΓΟΣ-ΑΠΟΣΠΑΣΗ ΤΗΣ ΠΡΟΣΟΧΗΣ ΤΟΥ ΟΔΗΓΟΥ","Municipali":"Δήμος Αθηναίων","Date":"2025/03"}},{"type":"Feature","id":1288,"geometry":{"type":"Point","coordinates":[23.670119600000078,37.976049750000072]},"properties":{"FID":1288,"Type":"ΑΙΤΙΑ ΥΠΟ ΕΚΔΙΚΑΣΗ","Municipali":"Δήμος Νίκαιας - Αγίου Ιωάννη Ρέντη","Date":"2025/03"}},{"type":"Feature","id":1289,"geometry":{"type":"Point","coordinates":[23.792427780000025,38.074235710000039]},"properties":{"FID":1289,"Type":"ΑΙΤΙΑ ΥΠΟ ΕΚΔΙΚΑΣΗ","Municipali":"Δήμος Λυκόβρυσης - Πεύκης","Date":"2025/03"}},{"type":"Feature","id":1290,"geometry":{"type":"Point","coordinates":[23.654465680000044,38.013104300000066]},"properties":{"FID":1290,"Type":"ΑΙΤΙΑ ΥΠΟ ΕΚΔΙΚΑΣΗ","Municipali":"Δήμος Χαϊδαρίου","Date":"2025/03"}},{"type":"Feature","id":1291,"geometry":{"type":"Point","coordinates":[24.053483250000056,37.712586520000059]},"properties":{"FID":1291,"Type":"ΑΙΤΙΑ ΥΠΟ ΕΚΔΙΚΑΣΗ","Municipali":"Δήμος Λαυρεωτικής","Date":"2025/03"}},{"type":"Feature","id":1292,"geometry":{"type":"Point","coordinates":[23.700306800000078,38.003435400000058]},"properties":{"FID":1292,"Type":"ΑΙΤΙΑ ΥΠΟ ΕΚΔΙΚΑΣΗ","Municipali":"Δήμος Περιστερίου","Date":"2025/03"}},{"type":"Feature","id":1293,"geometry":{"type":"Point","coordinates":[23.752131730000031,38.141904750000037]},"properties":{"FID":1293,"Type":"ΑΙΤΙΑ ΥΠΟ ΕΚΔΙΚΑΣΗ","Municipali":"Δήμος Αχαρνών","Date":"2025/03"}},{"type":"Feature","id":1294,"geometry":{"type":"Point","coordinates":[23.73870850000003,37.922094390000041]},"properties":{"FID":1294,"Type":"ΟΔΗΓΟΣ-ΛΟΙΠΑ ΑΙΤΙΑ ΑΝΑΦΕΡΟΜΕΝΑ ΣΕ ΟΔΗΓΟΥΣ","Municipali":"Δήμος Αλίμου","Date":"2025/03"}},{"type":"Feature","id":1295,"geometry":{"type":"Point","coordinates":[23.784897060000048,38.026465680000058]},"properties":{"FID":1295,"Type":"ΑΙΤΙΑ ΥΠΟ ΕΚΔΙΚΑΣΗ","Municipali":"Δήμος Φιλοθέης - Ψυχικού","Date":"2025/03"}},{"type":"Feature","id":1296,"geometry":{"type":"Point","coordinates":[23.604227900000069,38.012149120000061]},"properties":{"FID":1296,"Type":"ΑΙΤΙΑ ΥΠΟ ΕΚΔΙΚΑΣΗ","Municipali":"Δήμος Χαϊδαρίου","Date":"2025/03"}},{"type":"Feature","id":1297,"geometry":{"type":"Point","coordinates":[23.643913870000063,37.943457170000045]},"properties":{"FID":1297,"Type":"ΑΙΤΙΑ ΥΠΟ ΕΚΔΙΚΑΣΗ","Municipali":"Δήμος Πειραιώς","Date":"2025/03"}},{"type":"Feature","id":1298,"geometry":{"type":"Point","coordinates":[23.763170240000022,37.893787300000042]},"properties":{"FID":1298,"Type":"ΑΙΤΙΑ ΥΠΟ ΕΚΔΙΚΑΣΗ","Municipali":"Δήμος Γλυφάδας","Date":"2025/03"}},{"type":"Feature","id":1299,"geometry":{"type":"Point","coordinates":[23.701865670000075,38.083804260000079]},"properties":{"FID":1299,"Type":"ΑΙΤΙΑ ΥΠΟ ΕΚΔΙΚΑΣΗ","Municipali":"Δήμος Φυλής","Date":"2025/03"}},{"type":"Feature","id":1300,"geometry":{"type":"Point","coordinates":[23.770739440000057,37.990138330000036]},"properties":{"FID":1300,"Type":"ΟΔΗΓΟΣ-ΛΟΙΠΑ ΑΙΤΙΑ ΑΝΑΦΕΡΟΜΕΝΑ ΣΕ ΟΔΗΓΟΥΣ","Municipali":"Δήμος Αθηναίων","Date":"2025/03"}},{"type":"Feature","id":1301,"geometry":{"type":"Point","coordinates":[23.733932920000029,37.995322430000044]},"properties":{"FID":1301,"Type":"ΟΔΗΓΟΣ-ΛΟΙΠΑ ΑΙΤΙΑ ΑΝΑΦΕΡΟΜΕΝΑ ΣΕ ΟΔΗΓΟΥΣ","Municipali":"Δήμος Αθηναίων","Date":"2025/03"}},{"type":"Feature","id":1302,"geometry":{"type":"Point","coordinates":[23.746358150000049,37.989176530000066]},"properties":{"FID":1302,"Type":"ΟΔΗΓΟΣ-ΑΠΟΣΠΑΣΗ ΤΗΣ ΠΡΟΣΟΧΗΣ ΤΟΥ ΟΔΗΓΟΥ","Municipali":"Δήμος Αθηναίων","Date":"2025/03"}},{"type":"Feature","id":1303,"geometry":{"type":"Point","coordinates":[23.721938700000067,37.98524690000005]},"properties":{"FID":1303,"Type":"ΟΔΗΓΟΣ-ΑΠΟΣΠΑΣΗ ΤΗΣ ΠΡΟΣΟΧΗΣ ΤΟΥ ΟΔΗΓΟΥ","Municipali":"Δήμος Αθηναίων","Date":"2025/02"}},{"type":"Feature","id":1304,"geometry":{"type":"Point","coordinates":[23.947062490000064,37.767619180000054]},"properties":{"FID":1304,"Type":"ΑΙΤΙΑ ΥΠΟ ΕΚΔΙΚΑΣΗ","Municipali":"Δήμος Σαρωνικού","Date":"2025/03"}},{"type":"Feature","id":1305,"geometry":{"type":"Point","coordinates":[23.738722900000027,38.072398000000078]},"properties":{"FID":1305,"Type":"ΑΙΤΙΑ ΥΠΟ ΕΚΔΙΚΑΣΗ","Municipali":"Δήμος Αχαρνών","Date":"2025/03"}},{"type":"Feature","id":1306,"geometry":{"type":"Point","coordinates":[23.736272860000042,37.983805090000033]},"properties":{"FID":1306,"Type":"ΟΔΗΓΟΣ-ΛΟΙΠΕΣ ΠΑΡΑΒΙΑΣΕΙΣ ΣΗΜΑΝΣΕΩΝ ΕΝ ΓΕΝΕΙ","Municipali":"Δήμος Αθηναίων","Date":"2025/03"}},{"type":"Feature","id":1307,"geometry":{"type":"Point","coordinates":[23.745285270000068,37.929601060000039]},"properties":{"FID":1307,"Type":"ΟΔΗΓΟΣ-ΛΟΙΠΑ ΑΙΤΙΑ ΑΝΑΦΕΡΟΜΕΝΑ ΣΕ ΟΔΗΓΟΥΣ","Municipali":"Δήμος Ηλιούπολης","Date":"2025/03"}},{"type":"Feature","id":1308,"geometry":{"type":"Point","coordinates":[23.712207640000031,37.988659720000044]},"properties":{"FID":1308,"Type":"ΟΔΗΓΟΣ-ΛΟΙΠΕΣ ΠΑΡΑΒΙΑΣΕΙΣ ΣΗΜΑΝΣΕΩΝ ΕΝ ΓΕΝΕΙ","Municipali":"Δήμος Αθηναίων","Date":"2025/03"}},{"type":"Feature","id":1309,"geometry":{"type":"Point","coordinates":[23.748557380000022,37.967654400000072]},"properties":{"FID":1309,"Type":"ΟΔΗΓΟΣ-ΑΠΟΣΠΑΣΗ ΤΗΣ ΠΡΟΣΟΧΗΣ ΤΟΥ ΟΔΗΓΟΥ","Municipali":"Δήμος Αθηναίων","Date":"2025/03"}},{"type":"Feature","id":1310,"geometry":{"type":"Point","coordinates":[23.70952606000003,38.07504651000005]},"properties":{"FID":1310,"Type":"ΑΙΤΙΑ ΥΠΟ ΕΚΔΙΚΑΣΗ","Municipali":"Δήμος Φυλής","Date":"2025/03"}},{"type":"Feature","id":1311,"geometry":{"type":"Point","coordinates":[23.741006140000025,37.96997317000006]},"properties":{"FID":1311,"Type":"ΟΔΗΓΟΣ-ΑΠΟΣΠΑΣΗ ΤΗΣ ΠΡΟΣΟΧΗΣ ΤΟΥ ΟΔΗΓΟΥ","Municipali":"Δήμος Αθηναίων","Date":"2025/03"}},{"type":"Feature","id":1312,"geometry":{"type":"Point","coordinates":[23.754464400000074,37.910528300000067]},"properties":{"FID":1312,"Type":"ΑΙΤΙΑ ΥΠΟ ΕΚΔΙΚΑΣΗ","Municipali":"Δήμος Ελληνικού - Αργυρούπολης","Date":"2025/03"}},{"type":"Feature","id":1313,"geometry":{"type":"Point","coordinates":[23.653993610000043,38.012022320000028]},"properties":{"FID":1313,"Type":"ΑΙΤΙΑ ΥΠΟ ΕΚΔΙΚΑΣΗ","Municipali":"Δήμος Χαϊδαρίου","Date":"2025/03"}},{"type":"Feature","id":1314,"geometry":{"type":"Point","coordinates":[23.673550800000044,38.026086600000042]},"properties":{"FID":1314,"Type":"ΑΙΤΙΑ ΥΠΟ ΕΚΔΙΚΑΣΗ","Municipali":"Δήμος Περιστερίου","Date":"2025/03"}},{"type":"Feature","id":1315,"geometry":{"type":"Point","coordinates":[23.778448100000048,37.995080450000046]},"properties":{"FID":1315,"Type":"ΑΙΤΙΑ ΥΠΟ ΕΚΔΙΚΑΣΗ","Municipali":"Δήμος Αθηναίων","Date":"2025/03"}},{"type":"Feature","id":1316,"geometry":{"type":"Point","coordinates":[23.804004190000057,38.084302500000035]},"properties":{"FID":1316,"Type":"ΑΙΤΙΑ ΥΠΟ ΕΚΔΙΚΑΣΗ","Municipali":"Δήμος Κηφισιάς","Date":"2025/03"}},{"type":"Feature","id":1317,"geometry":{"type":"Point","coordinates":[23.710566760000063,38.043051130000038]},"properties":{"FID":1317,"Type":"ΑΙΤΙΑ ΥΠΟ ΕΚΔΙΚΑΣΗ","Municipali":"Δήμος Ιλίου","Date":"2025/03"}},{"type":"Feature","id":1318,"geometry":{"type":"Point","coordinates":[23.733923440000069,38.02880816000004]},"properties":{"FID":1318,"Type":"ΑΙΤΙΑ ΥΠΟ ΕΚΔΙΚΑΣΗ","Municipali":"Δήμος Νέας Φιλαδέλφειας - Νέας Χαλκηδόνας","Date":"2025/03"}},{"type":"Feature","id":1319,"geometry":{"type":"Point","coordinates":[23.717910650000078,38.022249800000054]},"properties":{"FID":1319,"Type":"ΑΙΤΙΑ ΥΠΟ ΕΚΔΙΚΑΣΗ","Municipali":"Δήμος Αγίων Αναργύρων – Καματερού","Date":"2025/03"}},{"type":"Feature","id":1320,"geometry":{"type":"Point","coordinates":[23.758188300000029,37.963217200000031]},"properties":{"FID":1320,"Type":"ΟΔΗΓΟΣ-ΑΠΟΣΠΑΣΗ ΤΗΣ ΠΡΟΣΟΧΗΣ ΤΟΥ ΟΔΗΓΟΥ","Municipali":"Δήμος Βύρωνα","Date":"2025/04"}},{"type":"Feature","id":1321,"geometry":{"type":"Point","coordinates":[23.736777310000036,38.019511340000065]},"properties":{"FID":1321,"Type":"ΟΔΗΓΟΣ-ΠΑΡΑΒΙΑΣΗ ΣΗΜΑΤΟΔΟΤΗ","Municipali":"Δήμος Αθηναίων","Date":"2025/04"}},{"type":"Feature","id":1322,"geometry":{"type":"Point","coordinates":[23.75770926000007,38.04645196000007]},"properties":{"FID":1322,"Type":"ΑΙΤΙΑ ΥΠΟ ΕΚΔΙΚΑΣΗ","Municipali":"Δήμος Νέας Ιωνίας","Date":"2025/03"}},{"type":"Feature","id":1323,"geometry":{"type":"Point","coordinates":[23.754493600000046,38.031562800000074]},"properties":{"FID":1323,"Type":"ΑΙΤΙΑ ΥΠΟ ΕΚΔΙΚΑΣΗ","Municipali":"Δήμος Νέας Ιωνίας","Date":"2025/04"}},{"type":"Feature","id":1324,"geometry":{"type":"Point","coordinates":[23.744976200000053,38.084024200000044]},"properties":{"FID":1324,"Type":"ΑΙΤΙΑ ΥΠΟ ΕΚΔΙΚΑΣΗ","Municipali":"Δήμος Αχαρνών","Date":"2025/04"}},{"type":"Feature","id":1325,"geometry":{"type":"Point","coordinates":[23.761652110000057,37.95638437000008]},"properties":{"FID":1325,"Type":"ΟΔΗΓΟΣ-ΠΑΡΑΛΕΙΨΗ ΣΗΜ.ΠΡΟΘΕΣΗΣ ΣΤΡΟΦ.Η ΑΛΛΑΓΗΣ ΠΟΡΕΙΑΣ","Municipali":"Δήμος Βύρωνα","Date":"2025/04"}},{"type":"Feature","id":1326,"geometry":{"type":"Point","coordinates":[23.692327740000053,38.015318940000043]},"properties":{"FID":1326,"Type":"ΑΙΤΙΑ ΥΠΟ ΕΚΔΙΚΑΣΗ","Municipali":"Δήμος Περιστερίου","Date":"2025/04"}},{"type":"Feature","id":1327,"geometry":{"type":"Point","coordinates":[23.808810710000046,38.040740160000041]},"properties":{"FID":1327,"Type":"ΑΙΤΙΑ ΥΠΟ ΕΚΔΙΚΑΣΗ","Municipali":"Δήμος Αμαρουσίου","Date":"2025/04"}},{"type":"Feature","id":1328,"geometry":{"type":"Point","coordinates":[23.647234440000034,37.947954030000062]},"properties":{"FID":1328,"Type":"ΑΙΤΙΑ ΥΠΟ ΕΚΔΙΚΑΣΗ","Municipali":"Δήμος Πειραιώς","Date":"2025/04"}},{"type":"Feature","id":1329,"geometry":{"type":"Point","coordinates":[23.668853040000045,37.976976050000076]},"properties":{"FID":1329,"Type":"ΑΙΤΙΑ ΥΠΟ ΕΚΔΙΚΑΣΗ","Municipali":"Δήμος Αιγάλεω","Date":"2025/04"}},{"type":"Feature","id":1330,"geometry":{"type":"Point","coordinates":[23.726119500000038,37.956148600000063]},"properties":{"FID":1330,"Type":"ΑΙΤΙΑ ΥΠΟ ΕΚΔΙΚΑΣΗ","Municipali":"Δήμος Αθηναίων","Date":"2025/04"}},{"type":"Feature","id":1331,"geometry":{"type":"Point","coordinates":[23.637487290000024,37.982155830000067]},"properties":{"FID":1331,"Type":"ΟΔΗΓΟΣ-ΛΟΙΠΕΣ ΠΑΡΑΒΙΑΣΕΙΣ ΣΗΜΑΝΣΕΩΝ ΕΝ ΓΕΝΕΙ","Municipali":"Δήμος Νίκαιας - Αγίου Ιωάννη Ρέντη","Date":"2025/04"}},{"type":"Feature","id":1332,"geometry":{"type":"Point","coordinates":[23.949787620000052,38.004836870000076]},"properties":{"FID":1332,"Type":"ΑΙΤΙΑ ΥΠΟ ΕΚΔΙΚΑΣΗ","Municipali":"Δήμος Ραφήνας - Πικερμίου","Date":"2025/04"}},{"type":"Feature","id":1333,"geometry":{"type":"Point","coordinates":[23.722808360000045,37.922500630000059]},"properties":{"FID":1333,"Type":"ΟΔΗΓΟΣ-ΛΟΙΠΑ ΑΙΤΙΑ ΑΝΑΦΕΡΟΜΕΝΑ ΣΕ ΟΔΗΓΟΥΣ","Municipali":"Δήμος Αγίου Δημητρίου","Date":"2025/04"}},{"type":"Feature","id":1334,"geometry":{"type":"Point","coordinates":[23.737094900000045,37.871849800000064]},"properties":{"FID":1334,"Type":"ΟΔΗΓΟΣ-ΑΝΤΙΚΑΝΟΝΙΚΟ ΠΡΟΣΠΕΡΑΣΜΑ","Municipali":"Δήμος Γλυφάδας","Date":"2025/04"}},{"type":"Feature","id":1335,"geometry":{"type":"Point","coordinates":[23.687246850000065,38.004053830000032]},"properties":{"FID":1335,"Type":"ΑΙΤΙΑ ΥΠΟ ΕΚΔΙΚΑΣΗ","Municipali":"Δήμος Περιστερίου","Date":"2025/04"}},{"type":"Feature","id":1336,"geometry":{"type":"Point","coordinates":[23.753085140000053,37.883829820000074]},"properties":{"FID":1336,"Type":"ΑΙΤΙΑ ΥΠΟ ΕΚΔΙΚΑΣΗ","Municipali":"Δήμος Γλυφάδας","Date":"2025/04"}},{"type":"Feature","id":1337,"geometry":{"type":"Point","coordinates":[23.831555840000078,38.108268880000026]},"properties":{"FID":1337,"Type":"ΑΙΤΙΑ ΥΠΟ ΕΚΔΙΚΑΣΗ","Municipali":"Δήμος Κηφισιάς","Date":"2025/04"}},{"type":"Feature","id":1338,"geometry":{"type":"Point","coordinates":[23.767563700000039,37.988379550000047]},"properties":{"FID":1338,"Type":"ΟΔΗΓΟΣ-ΛΟΙΠΑ ΑΙΤΙΑ ΑΝΑΦΕΡΟΜΕΝΑ ΣΕ ΟΔΗΓΟΥΣ","Municipali":"Δήμος Αθηναίων","Date":"2025/03"}},{"type":"Feature","id":1339,"geometry":{"type":"Point","coordinates":[23.732196090000059,38.051398730000074]},"properties":{"FID":1339,"Type":"ΑΙΤΙΑ ΥΠΟ ΕΚΔΙΚΑΣΗ","Municipali":"Δήμος Αγίων Αναργύρων – Καματερού","Date":"2025/03"}},{"type":"Feature","id":1340,"geometry":{"type":"Point","coordinates":[23.676846030000036,37.961531770000079]},"properties":{"FID":1340,"Type":"ΑΙΤΙΑ ΥΠΟ ΕΚΔΙΚΑΣΗ","Municipali":"Δήμος Νίκαιας - Αγίου Ιωάννη Ρέντη","Date":"2025/03"}},{"type":"Feature","id":1341,"geometry":{"type":"Point","coordinates":[23.836775420000038,38.007537840000055]},"properties":{"FID":1341,"Type":"ΟΔΗΓΟΣ-ΛΟΙΠΑ ΑΙΤΙΑ ΑΝΑΦΕΡΟΜΕΝΑ ΣΕ ΟΔΗΓΟΥΣ","Municipali":"Δήμος Αγίας Παρασκευής","Date":"2025/03"}},{"type":"Feature","id":1342,"geometry":{"type":"Point","coordinates":[23.828986290000046,38.027561610000078]},"properties":{"FID":1342,"Type":"ΟΔΗΓΟΣ-ΛΟΙΠΑ ΑΙΤΙΑ ΑΝΑΦΕΡΟΜΕΝΑ ΣΕ ΟΔΗΓΟΥΣ","Municipali":"Δήμος Χαλανδρίου","Date":"2025/03"}},{"type":"Feature","id":1343,"geometry":{"type":"Point","coordinates":[23.759216670000058,37.984206500000028]},"properties":{"FID":1343,"Type":"ΟΔΗΓΟΣ-ΛΟΙΠΑ ΑΙΤΙΑ ΑΝΑΦΕΡΟΜΕΝΑ ΣΕ ΟΔΗΓΟΥΣ","Municipali":"Δήμος Αθηναίων","Date":"2025/03"}},{"type":"Feature","id":1344,"geometry":{"type":"Point","coordinates":[23.728486800000042,38.011743000000024]},"properties":{"FID":1344,"Type":"ΟΔΗΓΟΣ-ΑΠΟΣΠΑΣΗ ΤΗΣ ΠΡΟΣΟΧΗΣ ΤΟΥ ΟΔΗΓΟΥ","Municipali":"Δήμος Αθηναίων","Date":"2025/03"}},{"type":"Feature","id":1345,"geometry":{"type":"Point","coordinates":[23.668266300000028,38.013758700000039]},"properties":{"FID":1345,"Type":"ΑΙΤΙΑ ΥΠΟ ΕΚΔΙΚΑΣΗ","Municipali":"Δήμος Χαϊδαρίου","Date":"2025/03"}},{"type":"Feature","id":1346,"geometry":{"type":"Point","coordinates":[23.695431700000029,38.034686200000067]},"properties":{"FID":1346,"Type":"ΑΙΤΙΑ ΥΠΟ ΕΚΔΙΚΑΣΗ","Municipali":"Δήμος Ιλίου","Date":"2025/03"}},{"type":"Feature","id":1347,"geometry":{"type":"Point","coordinates":[23.683315520000065,38.006781240000066]},"properties":{"FID":1347,"Type":"ΟΔΗΓΟΣ-ΛΟΙΠΑ ΑΙΤΙΑ ΑΝΑΦΕΡΟΜΕΝΑ ΣΕ ΟΔΗΓΟΥΣ","Municipali":"Δήμος Περιστερίου","Date":"2025/03"}},{"type":"Feature","id":1348,"geometry":{"type":"Point","coordinates":[23.75544012000006,37.893025290000026]},"properties":{"FID":1348,"Type":"ΟΔΗΓΟΣ-ΛΟΙΠΕΣ ΠΑΡΑΒΙΑΣΕΙΣ ΣΗΜΑΝΣΕΩΝ ΕΝ ΓΕΝΕΙ","Municipali":"Δήμος Ελληνικού - Αργυρούπολης","Date":"2025/04"}},{"type":"Feature","id":1349,"geometry":{"type":"Point","coordinates":[23.752933670000061,37.982395950000068]},"properties":{"FID":1349,"Type":"ΟΔΗΓΟΣ-ΑΠΟΣΠΑΣΗ ΤΗΣ ΠΡΟΣΟΧΗΣ ΤΟΥ ΟΔΗΓΟΥ","Municipali":"Δήμος Αθηναίων","Date":"2025/03"}},{"type":"Feature","id":1350,"geometry":{"type":"Point","coordinates":[23.694918750000056,38.017077070000028]},"properties":{"FID":1350,"Type":"ΑΙΤΙΑ ΥΠΟ ΕΚΔΙΚΑΣΗ","Municipali":"Δήμος Περιστερίου","Date":"2025/03"}},{"type":"Feature","id":1351,"geometry":{"type":"Point","coordinates":[23.706889200000035,37.958717400000069]},"properties":{"FID":1351,"Type":"ΑΙΤΙΑ ΥΠΟ ΕΚΔΙΚΑΣΗ","Municipali":"Δήμος Καλλιθέας","Date":"2025/03"}},{"type":"Feature","id":1352,"geometry":{"type":"Point","coordinates":[23.731643560000066,38.068863940000028]},"properties":{"FID":1352,"Type":"ΑΙΤΙΑ ΥΠΟ ΕΚΔΙΚΑΣΗ","Municipali":"Δήμος Αχαρνών","Date":"2025/03"}},{"type":"Feature","id":1353,"geometry":{"type":"Point","coordinates":[23.565797380000049,37.965702330000056]},"properties":{"FID":1353,"Type":"ΟΔΗΓΟΣ-ΠΑΡΑΒΙΑΣΗ ΠΡΟΤΕΡΑΙΟΤΗΤΑΣ ΓΕΝΙΚΩΣ","Municipali":"Δήμος Περάματος","Date":"2025/04"}},{"type":"Feature","id":1354,"geometry":{"type":"Point","coordinates":[23.731520380000063,37.99286993000004]},"properties":{"FID":1354,"Type":"ΟΔΗΓΟΣ-ΑΠΟΣΠΑΣΗ ΤΗΣ ΠΡΟΣΟΧΗΣ ΤΟΥ ΟΔΗΓΟΥ","Municipali":"Δήμος Αθηναίων","Date":"2025/04"}},{"type":"Feature","id":1355,"geometry":{"type":"Point","coordinates":[23.728558960000043,38.004186630000049]},"properties":{"FID":1355,"Type":"ΟΔΗΓΟΣ-ΑΠΟΣΠΑΣΗ ΤΗΣ ΠΡΟΣΟΧΗΣ ΤΟΥ ΟΔΗΓΟΥ","Municipali":"Δήμος Αθηναίων","Date":"2025/04"}},{"type":"Feature","id":1356,"geometry":{"type":"Point","coordinates":[23.637963640000066,38.315829380000025]},"properties":{"FID":1356,"Type":"ΑΙΤΙΑ ΥΠΟ ΕΚΔΙΚΑΣΗ","Municipali":"Δήμος Τανάγρας","Date":"2025/04"}},{"type":"Feature","id":1357,"geometry":{"type":"Point","coordinates":[23.690889500000026,38.017120100000056]},"properties":{"FID":1357,"Type":"ΑΙΤΙΑ ΥΠΟ ΕΚΔΙΚΑΣΗ","Municipali":"Δήμος Περιστερίου","Date":"2025/04"}},{"type":"Feature","id":1358,"geometry":{"type":"Point","coordinates":[23.685709900000063,38.019503500000042]},"properties":{"FID":1358,"Type":"ΑΙΤΙΑ ΥΠΟ ΕΚΔΙΚΑΣΗ","Municipali":"Δήμος Περιστερίου","Date":"2025/04"}},{"type":"Feature","id":1359,"geometry":{"type":"Point","coordinates":[23.639251180000031,37.962766600000066]},"properties":{"FID":1359,"Type":"ΟΔΗΓΟΣ-ΠΑΡΑΒΙΑΣΗ ΠΡΟΤΕΡΑΙΟΤΗΤΑΣ ΓΕΝΙΚΩΣ","Municipali":"Δήμος Πειραιώς","Date":"2025/04"}},{"type":"Feature","id":1360,"geometry":{"type":"Point","coordinates":[23.766131400000063,38.002266850000069]},"properties":{"FID":1360,"Type":"ΑΙΤΙΑ ΥΠΟ ΕΚΔΙΚΑΣΗ","Municipali":"Δήμος Φιλοθέης - Ψυχικού","Date":"2025/04"}},{"type":"Feature","id":1361,"geometry":{"type":"Point","coordinates":[23.813316820000068,38.016485400000079]},"properties":{"FID":1361,"Type":"ΑΙΤΙΑ ΥΠΟ ΕΚΔΙΚΑΣΗ","Municipali":"Δήμος Χαλανδρίου","Date":"2025/04"}},{"type":"Feature","id":1362,"geometry":{"type":"Point","coordinates":[23.800646070000028,38.087114540000073]},"properties":{"FID":1362,"Type":"ΑΙΤΙΑ ΥΠΟ ΕΚΔΙΚΑΣΗ","Municipali":"Δήμος Κηφισιάς","Date":"2025/04"}},{"type":"Feature","id":1363,"geometry":{"type":"Point","coordinates":[23.726162900000077,38.000127200000065]},"properties":{"FID":1363,"Type":"ΟΔΗΓΟΣ-ΛΟΙΠΕΣ ΠΑΡΑΒΙΑΣΕΙΣ ΣΗΜΑΝΣΕΩΝ ΕΝ ΓΕΝΕΙ","Municipali":"Δήμος Αθηναίων","Date":"2025/04"}},{"type":"Feature","id":1364,"geometry":{"type":"Point","coordinates":[23.73088690000003,37.989870860000053]},"properties":{"FID":1364,"Type":"ΟΔΗΓΟΣ-ΑΠΟΣΠΑΣΗ ΤΗΣ ΠΡΟΣΟΧΗΣ ΤΟΥ ΟΔΗΓΟΥ","Municipali":"Δήμος Αθηναίων","Date":"2025/04"}},{"type":"Feature","id":1365,"geometry":{"type":"Point","coordinates":[23.610854370000027,37.961941190000061]},"properties":{"FID":1365,"Type":"ΑΙΤΙΑ ΥΠΟ ΕΚΔΙΚΑΣΗ","Municipali":"Δήμος Κερατσινίου - Δραπετσώνας","Date":"2025/04"}},{"type":"Feature","id":1366,"geometry":{"type":"Point","coordinates":[23.699492000000077,38.014418900000067]},"properties":{"FID":1366,"Type":"ΑΙΤΙΑ ΥΠΟ ΕΚΔΙΚΑΣΗ","Municipali":"Δήμος Περιστερίου","Date":"2025/04"}},{"type":"Feature","id":1367,"geometry":{"type":"Point","coordinates":[23.816835880000042,38.083905600000037]},"properties":{"FID":1367,"Type":"ΑΙΤΙΑ ΥΠΟ ΕΚΔΙΚΑΣΗ","Municipali":"Δήμος Κηφισιάς","Date":"2025/04"}},{"type":"Feature","id":1368,"geometry":{"type":"Point","coordinates":[23.763974910000059,37.92466722000006]},"properties":{"FID":1368,"Type":"ΟΔΗΓΟΣ-ΛΟΙΠΑ ΑΙΤΙΑ ΑΝΑΦΕΡΟΜΕΝΑ ΣΕ ΟΔΗΓΟΥΣ","Municipali":"Δήμος Ηλιούπολης","Date":"2025/04"}},{"type":"Feature","id":1369,"geometry":{"type":"Point","coordinates":[23.757237220000036,37.997284730000047]},"properties":{"FID":1369,"Type":"ΟΔΗΓΟΣ-ΠΑΡΑΒΙΑΣΗ ΠΡΟΤΕΡΑΙΟΤΗΤΑΣ ΓΕΝΙΚΩΣ","Municipali":"Δήμος Αθηναίων","Date":"2025/04"}},{"type":"Feature","id":1370,"geometry":{"type":"Point","coordinates":[23.805066350000061,38.001184710000075]},"properties":{"FID":1370,"Type":"ΑΙΤΙΑ ΥΠΟ ΕΚΔΙΚΑΣΗ","Municipali":"Δήμος Παπάγου - Χολαργού","Date":"2025/04"}},{"type":"Feature","id":1371,"geometry":{"type":"Point","coordinates":[23.628566270000078,38.013607250000064]},"properties":{"FID":1371,"Type":"ΑΙΤΙΑ ΥΠΟ ΕΚΔΙΚΑΣΗ","Municipali":"Δήμος Χαϊδαρίου","Date":"2025/04"}},{"type":"Feature","id":1372,"geometry":{"type":"Point","coordinates":[23.667697600000054,37.988991100000078]},"properties":{"FID":1372,"Type":"ΑΙΤΙΑ ΥΠΟ ΕΚΔΙΚΑΣΗ","Municipali":"Δήμος Αιγάλεω","Date":"2025/04"}},{"type":"Feature","id":1373,"geometry":{"type":"Point","coordinates":[23.740564640000059,37.975553940000054]},"properties":{"FID":1373,"Type":"ΟΔΗΓΟΣ-ΛΟΙΠΑ ΑΙΤΙΑ ΑΝΑΦΕΡΟΜΕΝΑ ΣΕ ΟΔΗΓΟΥΣ","Municipali":"Δήμος Αθηναίων","Date":"2025/05"}},{"type":"Feature","id":1374,"geometry":{"type":"Point","coordinates":[23.730661870000063,37.989330820000077]},"properties":{"FID":1374,"Type":"ΟΔΗΓΟΣ-ΛΟΙΠΑ ΑΙΤΙΑ ΑΝΑΦΕΡΟΜΕΝΑ ΣΕ ΟΔΗΓΟΥΣ","Municipali":"Δήμος Αθηναίων","Date":"2025/05"}},{"type":"Feature","id":1375,"geometry":{"type":"Point","coordinates":[24.001039270000035,37.984375630000045]},"properties":{"FID":1375,"Type":"ΑΙΤΙΑ ΥΠΟ ΕΚΔΙΚΑΣΗ","Municipali":"Δήμος Σπάτων - Αρτέμιδος","Date":"2025/05"}},{"type":"Feature","id":1376,"geometry":{"type":"Point","coordinates":[23.879427910000061,38.003890030000036]},"properties":{"FID":1376,"Type":"ΑΙΤΙΑ ΥΠΟ ΕΚΔΙΚΑΣΗ","Municipali":"Δήμος Παλλήνης","Date":"2025/05"}},{"type":"Feature","id":1377,"geometry":{"type":"Point","coordinates":[23.696421400000077,38.032634900000062]},"properties":{"FID":1377,"Type":"ΑΙΤΙΑ ΥΠΟ ΕΚΔΙΚΑΣΗ","Municipali":"Δήμος Ιλίου","Date":"2025/05"}},{"type":"Feature","id":1378,"geometry":{"type":"Point","coordinates":[23.695396180000046,37.93299023000003]},"properties":{"FID":1378,"Type":"ΟΔΗΓΟΣ-ΛΟΙΠΑ ΑΙΤΙΑ ΑΝΑΦΕΡΟΜΕΝΑ ΣΕ ΟΔΗΓΟΥΣ","Municipali":"Δήμος Παλαιού Φαλήρου","Date":"2025/05"}},{"type":"Feature","id":1379,"geometry":{"type":"Point","coordinates":[23.64109768000003,37.956454620000045]},"properties":{"FID":1379,"Type":"ΟΔΗΓΟΣ-ΛΟΙΠΕΣ ΠΑΡΑΒΙΑΣΕΙΣ ΣΗΜΑΝΣΕΩΝ ΕΝ ΓΕΝΕΙ","Municipali":"Δήμος Πειραιώς","Date":"2025/05"}},{"type":"Feature","id":1380,"geometry":{"type":"Point","coordinates":[23.682108520000043,38.040279650000059]},"properties":{"FID":1380,"Type":"ΑΙΤΙΑ ΥΠΟ ΕΚΔΙΚΑΣΗ","Municipali":"Δήμος Πετρούπολης","Date":"2025/05"}},{"type":"Feature","id":1381,"geometry":{"type":"Point","coordinates":[23.757591250000075,37.982819660000075]},"properties":{"FID":1381,"Type":"ΑΙΤΙΑ ΥΠΟ ΕΚΔΙΚΑΣΗ","Municipali":"Δήμος Αθηναίων","Date":"2025/05"}},{"type":"Feature","id":1382,"geometry":{"type":"Point","coordinates":[23.604432730000042,37.962538260000031]},"properties":{"FID":1382,"Type":"ΟΔΗΓΟΣ-ΛΟΙΠΑ ΑΙΤΙΑ ΑΝΑΦΕΡΟΜΕΝΑ ΣΕ ΟΔΗΓΟΥΣ","Municipali":"Δήμος Περάματος","Date":"2025/05"}},{"type":"Feature","id":1383,"geometry":{"type":"Point","coordinates":[23.730447290000029,37.979470850000041]},"properties":{"FID":1383,"Type":"ΟΔΗΓΟΣ-ΛΟΙΠΑ ΑΙΤΙΑ ΑΝΑΦΕΡΟΜΕΝΑ ΣΕ ΟΔΗΓΟΥΣ","Municipali":"Δήμος Αθηναίων","Date":"2025/05"}},{"type":"Feature","id":1384,"geometry":{"type":"Point","coordinates":[23.72720718000005,37.98043492000005]},"properties":{"FID":1384,"Type":"ΑΙΤΙΑ ΥΠΟ ΕΚΔΙΚΑΣΗ","Municipali":"Δήμος Αθηναίων","Date":"2025/05"}},{"type":"Feature","id":1385,"geometry":{"type":"Point","coordinates":[23.687510490000022,37.990028410000036]},"properties":{"FID":1385,"Type":"ΑΙΤΙΑ ΥΠΟ ΕΚΔΙΚΑΣΗ","Municipali":"Δήμος Αιγάλεω","Date":"2025/05"}},{"type":"Feature","id":1386,"geometry":{"type":"Point","coordinates":[23.709714900000051,37.985774900000024]},"properties":{"FID":1386,"Type":"ΑΙΤΙΑ ΥΠΟ ΕΚΔΙΚΑΣΗ","Municipali":"Δήμος Αθηναίων","Date":"2025/05"}},{"type":"Feature","id":1387,"geometry":{"type":"Point","coordinates":[23.640879410000025,37.969816270000024]},"properties":{"FID":1387,"Type":"ΟΔΗΓΟΣ-ΚΙΝΗΣΗ ΣΤΟ ΑΝΤΙΘΕΤΟ ΡΕΥΜΑ","Municipali":"Δήμος Νίκαιας - Αγίου Ιωάννη Ρέντη","Date":"2025/05"}},{"type":"Feature","id":1388,"geometry":{"type":"Point","coordinates":[23.657383920000029,37.98517897000005]},"properties":{"FID":1388,"Type":"ΟΔΗΓΟΣ-ΛΟΙΠΕΣ ΠΑΡΑΒΙΑΣΕΙΣ ΣΗΜΑΝΣΕΩΝ ΕΝ ΓΕΝΕΙ","Municipali":"Δήμος Κορυδαλλού","Date":"2025/05"}},{"type":"Feature","id":1389,"geometry":{"type":"Point","coordinates":[23.654259860000025,37.985470990000067]},"properties":{"FID":1389,"Type":"ΟΔΗΓΟΣ-ΠΑΡΑΒΙΑΣΗ ΠΡΟΤΕΡΑΙΟΤΗΤΑΣ ΓΕΝΙΚΩΣ","Municipali":"Δήμος Κορυδαλλού","Date":"2025/05"}},{"type":"Feature","id":1390,"geometry":{"type":"Point","coordinates":[23.746594190000053,37.990852820000043]},"properties":{"FID":1390,"Type":"ΟΔΗΓΟΣ-ΠΑΡΑΒΙΑΣΗ ΠΡΟΤΕΡΑΙΟΤΗΤΑΣ ΓΕΝΙΚΩΣ","Municipali":"Δήμος Αθηναίων","Date":"2025/05"}},{"type":"Feature","id":1391,"geometry":{"type":"Point","coordinates":[23.640700580000043,37.938579270000048]},"properties":{"FID":1391,"Type":"ΑΙΤΙΑ ΥΠΟ ΕΚΔΙΚΑΣΗ","Municipali":"Δήμος Πειραιώς","Date":"2025/05"}},{"type":"Feature","id":1392,"geometry":{"type":"Point","coordinates":[23.790948530000037,38.002411070000051]},"properties":{"FID":1392,"Type":"ΟΔΗΓΟΣ-ΠΑΡΑΒΙΑΣΗ ΠΡΟΤΕΡΑΙΟΤΗΤΑΣ ΓΕΝΙΚΩΣ","Municipali":"Δήμος Φιλοθέης - Ψυχικού","Date":"2025/05"}},{"type":"Feature","id":1393,"geometry":{"type":"Point","coordinates":[23.679667710000047,38.02647139000004]},"properties":{"FID":1393,"Type":"ΑΙΤΙΑ ΥΠΟ ΕΚΔΙΚΑΣΗ","Municipali":"Δήμος Περιστερίου","Date":"2025/05"}},{"type":"Feature","id":1394,"geometry":{"type":"Point","coordinates":[23.730340000000069,37.967190540000047]},"properties":{"FID":1394,"Type":"ΑΙΤΙΑ ΥΠΟ ΕΚΔΙΚΑΣΗ","Municipali":"Δήμος Αθηναίων","Date":"2025/02"}},{"type":"Feature","id":1395,"geometry":{"type":"Point","coordinates":[23.695434400000067,38.024668700000063]},"properties":{"FID":1395,"Type":"ΑΙΤΙΑ ΥΠΟ ΕΚΔΙΚΑΣΗ","Municipali":"Δήμος Ιλίου","Date":"2025/05"}},{"type":"Feature","id":1396,"geometry":{"type":"Point","coordinates":[23.729181290000042,37.999671370000044]},"properties":{"FID":1396,"Type":"ΟΔΗΓΟΣ-ΛΟΙΠΕΣ ΠΑΡΑΒΙΑΣΕΙΣ ΣΗΜΑΝΣΕΩΝ ΕΝ ΓΕΝΕΙ","Municipali":"Δήμος Αθηναίων","Date":"2025/02"}},{"type":"Feature","id":1397,"geometry":{"type":"Point","coordinates":[23.736299580000036,37.957040250000034]},"properties":{"FID":1397,"Type":"ΟΔΗΓΟΣ-ΛΟΙΠΑ ΑΙΤΙΑ ΑΝΑΦΕΡΟΜΕΝΑ ΣΕ ΟΔΗΓΟΥΣ","Municipali":"Δήμος Αθηναίων","Date":"2025/02"}},{"type":"Feature","id":1398,"geometry":{"type":"Point","coordinates":[23.681545260000064,37.976481310000054]},"properties":{"FID":1398,"Type":"ΑΙΤΙΑ ΥΠΟ ΕΚΔΙΚΑΣΗ","Municipali":"Δήμος Νίκαιας - Αγίου Ιωάννη Ρέντη","Date":"2025/02"}},{"type":"Feature","id":1399,"geometry":{"type":"Point","coordinates":[23.621490800000061,37.971391980000078]},"properties":{"FID":1399,"Type":"ΟΔΗΓΟΣ-ΛΟΙΠΕΣ ΠΑΡΑΒΙΑΣΕΙΣ ΣΗΜΑΝΣΕΩΝ ΕΝ ΓΕΝΕΙ","Municipali":"Δήμος Κερατσινίου - Δραπετσώνας","Date":"2025/02"}},{"type":"Feature","id":1400,"geometry":{"type":"Point","coordinates":[23.748965260000034,38.061996620000059]},"properties":{"FID":1400,"Type":"ΟΔΗΓΟΣ-ΛΟΙΠΑ ΑΙΤΙΑ ΑΝΑΦΕΡΟΜΕΝΑ ΣΕ ΟΔΗΓΟΥΣ","Municipali":"Δήμος Μεταμορφώσεως","Date":"2025/02"}},{"type":"Feature","id":1401,"geometry":{"type":"Point","coordinates":[23.843105440000045,38.008023920000028]},"properties":{"FID":1401,"Type":"ΟΔΗΓΟΣ-ΛΟΙΠΑ ΑΙΤΙΑ ΑΝΑΦΕΡΟΜΕΝΑ ΣΕ ΟΔΗΓΟΥΣ","Municipali":"Δήμος Παιανίας","Date":"2025/02"}},{"type":"Feature","id":1402,"geometry":{"type":"Point","coordinates":[23.760952100000054,37.895801100000028]},"properties":{"FID":1402,"Type":"ΑΙΤΙΑ ΥΠΟ ΕΚΔΙΚΑΣΗ","Municipali":"Δήμος Ελληνικού - Αργυρούπολης","Date":"2025/02"}},{"type":"Feature","id":1403,"geometry":{"type":"Point","coordinates":[23.824196000000029,38.02480410000004]},"properties":{"FID":1403,"Type":"ΑΙΤΙΑ ΥΠΟ ΕΚΔΙΚΑΣΗ","Municipali":"Δήμος Χαλανδρίου","Date":"2025/02"}},{"type":"Feature","id":1404,"geometry":{"type":"Point","coordinates":[23.559637670000029,37.966556020000041]},"properties":{"FID":1404,"Type":"ΟΔΗΓΟΣ-ΛΟΙΠΑ ΑΙΤΙΑ ΑΝΑΦΕΡΟΜΕΝΑ ΣΕ ΟΔΗΓΟΥΣ","Municipali":"Δήμος Περάματος","Date":"2025/02"}},{"type":"Feature","id":1405,"geometry":{"type":"Point","coordinates":[23.710137790000033,37.984110930000043]},"properties":{"FID":1405,"Type":"ΟΔΗΓΟΣ-ΛΟΙΠΑ ΑΙΤΙΑ ΑΝΑΦΕΡΟΜΕΝΑ ΣΕ ΟΔΗΓΟΥΣ","Municipali":"Δήμος Αθηναίων","Date":"2025/02"}},{"type":"Feature","id":1406,"geometry":{"type":"Point","coordinates":[23.74625087000004,38.056522580000035]},"properties":{"FID":1406,"Type":"ΑΙΤΙΑ ΥΠΟ ΕΚΔΙΚΑΣΗ","Municipali":"Δήμος Μεταμορφώσεως","Date":"2025/02"}},{"type":"Feature","id":1407,"geometry":{"type":"Point","coordinates":[23.656380770000055,37.980291150000028]},"properties":{"FID":1407,"Type":"ΑΙΤΙΑ ΥΠΟ ΕΚΔΙΚΑΣΗ","Municipali":"Δήμος Κορυδαλλού","Date":"2025/02"}},{"type":"Feature","id":1408,"geometry":{"type":"Point","coordinates":[23.728612260000034,37.966007580000053]},"properties":{"FID":1408,"Type":"ΑΙΤΙΑ ΥΠΟ ΕΚΔΙΚΑΣΗ","Municipali":"Δήμος Αθηναίων","Date":"2025/02"}},{"type":"Feature","id":1409,"geometry":{"type":"Point","coordinates":[23.709928390000073,38.017960350000067]},"properties":{"FID":1409,"Type":"ΑΙΤΙΑ ΥΠΟ ΕΚΔΙΚΑΣΗ","Municipali":"Δήμος Ιλίου","Date":"2025/02"}},{"type":"Feature","id":1410,"geometry":{"type":"Point","coordinates":[23.729813480000075,37.985937540000066]},"properties":{"FID":1410,"Type":"ΟΔΗΓΟΣ-ΚΙΝΗΣΗ ΣΤΟ ΑΝΤΙΘΕΤΟ ΡΕΥΜΑ","Municipali":"Δήμος Αθηναίων","Date":"2025/02"}},{"type":"Feature","id":1411,"geometry":{"type":"Point","coordinates":[23.685150150000027,37.958410380000032]},"properties":{"FID":1411,"Type":"ΑΙΤΙΑ ΥΠΟ ΕΚΔΙΚΑΣΗ","Municipali":"Δήμος Μοσχάτου-Ταύρου","Date":"2025/02"}},{"type":"Feature","id":1412,"geometry":{"type":"Point","coordinates":[23.76523018000006,37.986692600000026]},"properties":{"FID":1412,"Type":"ΑΙΤΙΑ ΥΠΟ ΕΚΔΙΚΑΣΗ","Municipali":"Δήμος Αθηναίων","Date":"2025/02"}},{"type":"Feature","id":1413,"geometry":{"type":"Point","coordinates":[23.793757500000027,38.004531500000041]},"properties":{"FID":1413,"Type":"ΑΙΤΙΑ ΥΠΟ ΕΚΔΙΚΑΣΗ","Municipali":"Δήμος Χαλανδρίου","Date":"2025/02"}},{"type":"Feature","id":1414,"geometry":{"type":"Point","coordinates":[23.977231980000056,38.092349870000078]},"properties":{"FID":1414,"Type":"ΟΔΗΓΟΣ-ΛΟΙΠΕΣ ΠΑΡΑΒΙΑΣΕΙΣ ΣΗΜΑΝΣΕΩΝ ΕΝ ΓΕΝΕΙ","Municipali":"Δήμος Μαραθώνος","Date":"2025/02"}},{"type":"Feature","id":1415,"geometry":{"type":"Point","coordinates":[23.59728098000005,38.386746020000032]},"properties":{"FID":1415,"Type":"ΟΔΗΓΟΣ-ΛΟΙΠΑ ΑΙΤΙΑ ΑΝΑΦΕΡΟΜΕΝΑ ΣΕ ΟΔΗΓΟΥΣ","Municipali":"Δήμος Χαλκιδέων","Date":"2025/02"}},{"type":"Feature","id":1416,"geometry":{"type":"Point","coordinates":[23.748514650000061,37.972316040000067]},"properties":{"FID":1416,"Type":"ΟΔΗΓΟΣ-ΑΠΟΣΠΑΣΗ ΤΗΣ ΠΡΟΣΟΧΗΣ ΤΟΥ ΟΔΗΓΟΥ","Municipali":"Δήμος Αθηναίων","Date":"2025/03"}},{"type":"Feature","id":1417,"geometry":{"type":"Point","coordinates":[23.75799894000005,38.021442640000032]},"properties":{"FID":1417,"Type":"ΑΙΤΙΑ ΥΠΟ ΕΚΔΙΚΑΣΗ","Municipali":"Δήμος Γαλατσίου","Date":"2025/02"}},{"type":"Feature","id":1418,"geometry":{"type":"Point","coordinates":[23.815215830000056,38.06834026000007]},"properties":{"FID":1418,"Type":"ΑΙΤΙΑ ΥΠΟ ΕΚΔΙΚΑΣΗ","Municipali":"Δήμος Κηφισιάς","Date":"2025/02"}},{"type":"Feature","id":1419,"geometry":{"type":"Point","coordinates":[23.680289980000055,37.988599400000055]},"properties":{"FID":1419,"Type":"ΑΙΤΙΑ ΥΠΟ ΕΚΔΙΚΑΣΗ","Municipali":"Δήμος Αιγάλεω","Date":"2025/03"}},{"type":"Feature","id":1420,"geometry":{"type":"Point","coordinates":[23.790260550000028,37.98073936000003]},"properties":{"FID":1420,"Type":"ΟΔΗΓΟΣ-ΠΑΡΑΒΙΑΣΗ ΠΡΟΤΕΡΑΙΟΤΗΤΑΣ ΓΕΝΙΚΩΣ","Municipali":"Δήμος Παπάγου - Χολαργού","Date":"2025/03"}},{"type":"Feature","id":1421,"geometry":{"type":"Point","coordinates":[23.718841830000031,38.002308750000054]},"properties":{"FID":1421,"Type":"ΟΔΗΓΟΣ-ΑΠΟΣΠΑΣΗ ΤΗΣ ΠΡΟΣΟΧΗΣ ΤΟΥ ΟΔΗΓΟΥ","Municipali":"Δήμος Αθηναίων","Date":"2025/03"}},{"type":"Feature","id":1422,"geometry":{"type":"Point","coordinates":[23.727877740000054,37.966623840000068]},"properties":{"FID":1422,"Type":"ΟΔΗΓΟΣ-ΠΑΡΑΒΙΑΣΗ ΣΗΜΑΤΟΔΟΤΗ","Municipali":"Δήμος Αθηναίων","Date":"2025/03"}},{"type":"Feature","id":1423,"geometry":{"type":"Point","coordinates":[23.745757340000068,38.055356750000044]},"properties":{"FID":1423,"Type":"ΑΙΤΙΑ ΥΠΟ ΕΚΔΙΚΑΣΗ","Municipali":"Δήμος Μεταμορφώσεως","Date":"2025/03"}},{"type":"Feature","id":1424,"geometry":{"type":"Point","coordinates":[23.787846570000056,38.01851398000008]},"properties":{"FID":1424,"Type":"ΑΙΤΙΑ ΥΠΟ ΕΚΔΙΚΑΣΗ","Municipali":"Δήμος Χαλανδρίου","Date":"2025/03"}},{"type":"Feature","id":1425,"geometry":{"type":"Point","coordinates":[23.703367710000066,37.990091820000032]},"properties":{"FID":1425,"Type":"ΟΔΗΓΟΣ-ΑΠΟΣΠΑΣΗ ΤΗΣ ΠΡΟΣΟΧΗΣ ΤΟΥ ΟΔΗΓΟΥ","Municipali":"Δήμος Αθηναίων","Date":"2025/03"}},{"type":"Feature","id":1426,"geometry":{"type":"Point","coordinates":[23.708887700000048,38.01913944000006]},"properties":{"FID":1426,"Type":"ΑΙΤΙΑ ΥΠΟ ΕΚΔΙΚΑΣΗ","Municipali":"Δήμος Ιλίου","Date":"2025/03"}},{"type":"Feature","id":1427,"geometry":{"type":"Point","coordinates":[23.733247520000077,37.907341190000068]},"properties":{"FID":1427,"Type":"ΑΙΤΙΑ ΥΠΟ ΕΚΔΙΚΑΣΗ","Municipali":"Δήμος Αλίμου","Date":"2025/03"}},{"type":"Feature","id":1428,"geometry":{"type":"Point","coordinates":[23.763105950000067,37.956590850000055]},"properties":{"FID":1428,"Type":"ΑΙΤΙΑ ΥΠΟ ΕΚΔΙΚΑΣΗ","Municipali":"Δήμος Βύρωνα","Date":"2025/03"}},{"type":"Feature","id":1429,"geometry":{"type":"Point","coordinates":[23.72547940000004,38.022552700000062]},"properties":{"FID":1429,"Type":"ΑΙΤΙΑ ΥΠΟ ΕΚΔΙΚΑΣΗ","Municipali":"Δήμος Νέας Φιλαδέλφειας - Νέας Χαλκηδόνας","Date":"2025/03"}},{"type":"Feature","id":1430,"geometry":{"type":"Point","coordinates":[23.743218360000071,38.117140900000038]},"properties":{"FID":1430,"Type":"ΑΙΤΙΑ ΥΠΟ ΕΚΔΙΚΑΣΗ","Municipali":"Δήμος Αχαρνών","Date":"2025/03"}},{"type":"Feature","id":1431,"geometry":{"type":"Point","coordinates":[23.710513110000022,37.997295620000045]},"properties":{"FID":1431,"Type":"ΟΔΗΓΟΣ-ΑΠΟΣΠΑΣΗ ΤΗΣ ΠΡΟΣΟΧΗΣ ΤΟΥ ΟΔΗΓΟΥ","Municipali":"Δήμος Αθηναίων","Date":"2025/03"}},{"type":"Feature","id":1432,"geometry":{"type":"Point","coordinates":[23.736283780000065,37.908162300000072]},"properties":{"FID":1432,"Type":"ΟΔΗΓΟΣ-ΛΟΙΠΑ ΑΙΤΙΑ ΑΝΑΦΕΡΟΜΕΝΑ ΣΕ ΟΔΗΓΟΥΣ","Municipali":"Δήμος Αλίμου","Date":"2025/03"}},{"type":"Feature","id":1433,"geometry":{"type":"Point","coordinates":[23.720238800000061,38.051918320000027]},"properties":{"FID":1433,"Type":"ΑΙΤΙΑ ΥΠΟ ΕΚΔΙΚΑΣΗ","Municipali":"Δήμος Αγίων Αναργύρων – Καματερού","Date":"2025/03"}},{"type":"Feature","id":1434,"geometry":{"type":"Point","coordinates":[23.663835600000027,37.989423000000045]},"properties":{"FID":1434,"Type":"ΑΙΤΙΑ ΥΠΟ ΕΚΔΙΚΑΣΗ","Municipali":"Δήμος Αγίας Βαρβάρας","Date":"2025/03"}},{"type":"Feature","id":1435,"geometry":{"type":"Point","coordinates":[23.732407700000067,37.957116400000075]},"properties":{"FID":1435,"Type":"ΟΔΗΓΟΣ-ΠΑΡΑΛΕΙΨΗ ΣΗΜ.ΠΡΟΘΕΣΗΣ ΣΤΡΟΦ.Η ΑΛΛΑΓΗΣ ΠΟΡΕΙΑΣ","Municipali":"Δήμος Αθηναίων","Date":"2025/03"}},{"type":"Feature","id":1436,"geometry":{"type":"Point","coordinates":[23.744609360000027,37.930134190000047]},"properties":{"FID":1436,"Type":"ΟΔΗΓΟΣ-ΛΟΙΠΑ ΑΙΤΙΑ ΑΝΑΦΕΡΟΜΕΝΑ ΣΕ ΟΔΗΓΟΥΣ","Municipali":"Δήμος Ηλιούπολης","Date":"2025/03"}},{"type":"Feature","id":1437,"geometry":{"type":"Point","coordinates":[23.727432490000069,37.943144120000056]},"properties":{"FID":1437,"Type":"ΑΙΤΙΑ ΥΠΟ ΕΚΔΙΚΑΣΗ","Municipali":"Δήμος Νέας Σμύρνης","Date":"2025/03"}},{"type":"Feature","id":1438,"geometry":{"type":"Point","coordinates":[23.475744610000049,37.961814770000046]},"properties":{"FID":1438,"Type":"ΑΙΤΙΑ ΥΠΟ ΕΚΔΙΚΑΣΗ","Municipali":"Δήμος Σαλαμίνας","Date":"2025/03"}},{"type":"Feature","id":1439,"geometry":{"type":"Point","coordinates":[23.717095260000065,37.962432640000031]},"properties":{"FID":1439,"Type":"ΟΔΗΓΟΣ-ΛΟΙΠΑ ΑΙΤΙΑ ΑΝΑΦΕΡΟΜΕΝΑ ΣΕ ΟΔΗΓΟΥΣ","Municipali":"Δήμος Καλλιθέας","Date":"2025/04"}},{"type":"Feature","id":1440,"geometry":{"type":"Point","coordinates":[23.743182000000047,37.906233800000052]},"properties":{"FID":1440,"Type":"ΑΙΤΙΑ ΥΠΟ ΕΚΔΙΚΑΣΗ","Municipali":"Δήμος Ελληνικού - Αργυρούπολης","Date":"2025/03"}},{"type":"Feature","id":1441,"geometry":{"type":"Point","coordinates":[23.765251640000031,37.986692600000026]},"properties":{"FID":1441,"Type":"ΟΔΗΓΟΣ-ΠΑΡΑΒΙΑΣΗ ΣΗΜΑΤΟΔΟΤΗ","Municipali":"Δήμος Αθηναίων","Date":"2025/04"}},{"type":"Feature","id":1442,"geometry":{"type":"Point","coordinates":[23.603696820000039,38.012800000000027]},"properties":{"FID":1442,"Type":"ΑΙΤΙΑ ΥΠΟ ΕΚΔΙΚΑΣΗ","Municipali":"Δήμος Χαϊδαρίου","Date":"2025/04"}},{"type":"Feature","id":1443,"geometry":{"type":"Point","coordinates":[23.728601930000025,38.012191380000047]},"properties":{"FID":1443,"Type":"ΟΔΗΓΟΣ-ΛΟΙΠΑ ΑΙΤΙΑ ΑΝΑΦΕΡΟΜΕΝΑ ΣΕ ΟΔΗΓΟΥΣ","Municipali":"Δήμος Αθηναίων","Date":"2025/04"}},{"type":"Feature","id":1444,"geometry":{"type":"Point","coordinates":[23.718897000000027,38.018040500000041]},"properties":{"FID":1444,"Type":"ΑΙΤΙΑ ΥΠΟ ΕΚΔΙΚΑΣΗ","Municipali":"Δήμος Αγίων Αναργύρων – Καματερού","Date":"2025/04"}},{"type":"Feature","id":1445,"geometry":{"type":"Point","coordinates":[23.643693920000032,37.944662850000043]},"properties":{"FID":1445,"Type":"ΑΙΤΙΑ ΥΠΟ ΕΚΔΙΚΑΣΗ","Municipali":"Δήμος Πειραιώς","Date":"2025/04"}},{"type":"Feature","id":1446,"geometry":{"type":"Point","coordinates":[23.638973240000041,37.936176160000059]},"properties":{"FID":1446,"Type":"ΑΙΤΙΑ ΥΠΟ ΕΚΔΙΚΑΣΗ","Municipali":"Δήμος Πειραιώς","Date":"2025/04"}},{"type":"Feature","id":1447,"geometry":{"type":"Point","coordinates":[23.793339730000071,38.024261320000051]},"properties":{"FID":1447,"Type":"ΟΔΗΓΟΣ-ΛΟΙΠΕΣ ΠΑΡΑΒΙΑΣΕΙΣ ΣΗΜΑΝΣΕΩΝ ΕΝ ΓΕΝΕΙ","Municipali":"Δήμος Χαλανδρίου","Date":"2025/04"}},{"type":"Feature","id":1448,"geometry":{"type":"Point","coordinates":[23.728219960000047,37.966752480000025]},"properties":{"FID":1448,"Type":"ΟΔΗΓΟΣ-ΛΟΙΠΑ ΑΙΤΙΑ ΑΝΑΦΕΡΟΜΕΝΑ ΣΕ ΟΔΗΓΟΥΣ","Municipali":"Δήμος Αθηναίων","Date":"2025/04"}},{"type":"Feature","id":1449,"geometry":{"type":"Point","coordinates":[23.752650620000054,37.962699090000058]},"properties":{"FID":1449,"Type":"ΟΔΗΓΟΣ-ΛΟΙΠΑ ΑΙΤΙΑ ΑΝΑΦΕΡΟΜΕΝΑ ΣΕ ΟΔΗΓΟΥΣ","Municipali":"Δήμος Βύρωνα","Date":"2025/04"}},{"type":"Feature","id":1450,"geometry":{"type":"Point","coordinates":[23.733955620000074,38.002698010000074]},"properties":{"FID":1450,"Type":"ΟΔΗΓΟΣ-ΠΑΡΑΒΙΑΣΗ ΣΗΜΑΤΟΔΟΤΗ","Municipali":"Δήμος Αθηναίων","Date":"2025/04"}},{"type":"Feature","id":1451,"geometry":{"type":"Point","coordinates":[23.955774310000038,37.93356988000005]},"properties":{"FID":1451,"Type":"ΑΙΤΙΑ ΥΠΟ ΕΚΔΙΚΑΣΗ","Municipali":"Δήμος Σπάτων - Αρτέμιδος","Date":"2025/04"}},{"type":"Feature","id":1452,"geometry":{"type":"Point","coordinates":[23.821749690000047,38.033354720000034]},"properties":{"FID":1452,"Type":"ΑΙΤΙΑ ΥΠΟ ΕΚΔΙΚΑΣΗ","Municipali":"Δήμος Χαλανδρίου","Date":"2025/05"}},{"type":"Feature","id":1453,"geometry":{"type":"Point","coordinates":[23.660286900000074,37.969238000000075]},"properties":{"FID":1453,"Type":"ΟΔΗΓΟΣ-ΜΗ ΤΗΡΗΣΗ ΑΠΟΣΤΑΣΗΣ ΑΣΦΑΛΕΙΑΣ","Municipali":"Δήμος Νίκαιας - Αγίου Ιωάννη Ρέντη","Date":"2025/05"}},{"type":"Feature","id":1454,"geometry":{"type":"Point","coordinates":[23.706972600000029,37.932490960000052]},"properties":{"FID":1454,"Type":"ΟΔΗΓΟΣ-ΛΟΙΠΕΣ ΠΑΡΑΒΙΑΣΕΙΣ ΣΗΜΑΝΣΕΩΝ ΕΝ ΓΕΝΕΙ","Municipali":"Δήμος Παλαιού Φαλήρου","Date":"2025/05"}},{"type":"Feature","id":1455,"geometry":{"type":"Point","coordinates":[23.756004680000046,38.018883150000079]},"properties":{"FID":1455,"Type":"ΟΔΗΓΟΣ-ΑΠΟΣΠΑΣΗ ΤΗΣ ΠΡΟΣΟΧΗΣ ΤΟΥ ΟΔΗΓΟΥ","Municipali":"Δήμος Γαλατσίου","Date":"2025/05"}},{"type":"Feature","id":1456,"geometry":{"type":"Point","coordinates":[23.746132850000038,38.091961450000042]},"properties":{"FID":1456,"Type":"ΑΙΤΙΑ ΥΠΟ ΕΚΔΙΚΑΣΗ","Municipali":"Δήμος Αχαρνών","Date":"2025/05"}},{"type":"Feature","id":1457,"geometry":{"type":"Point","coordinates":[23.644541730000071,37.968283390000067]},"properties":{"FID":1457,"Type":"ΑΙΤΙΑ ΥΠΟ ΕΚΔΙΚΑΣΗ","Municipali":"Δήμος Νίκαιας - Αγίου Ιωάννη Ρέντη","Date":"2025/05"}},{"type":"Feature","id":1458,"geometry":{"type":"Point","coordinates":[23.735253810000074,37.928323200000079]},"properties":{"FID":1458,"Type":"ΟΔΗΓΟΣ-ΛΟΙΠΑ ΑΙΤΙΑ ΑΝΑΦΕΡΟΜΕΝΑ ΣΕ ΟΔΗΓΟΥΣ","Municipali":"Δήμος Αγίου Δημητρίου","Date":"2025/05"}},{"type":"Feature","id":1459,"geometry":{"type":"Point","coordinates":[23.860695360000022,37.952979360000029]},"properties":{"FID":1459,"Type":"ΟΔΗΓΟΣ-ΛΟΙΠΑ ΑΙΤΙΑ ΑΝΑΦΕΡΟΜΕΝΑ ΣΕ ΟΔΗΓΟΥΣ","Municipali":"Δήμος Παιανίας","Date":"2025/04"}},{"type":"Feature","id":1460,"geometry":{"type":"Point","coordinates":[23.673375250000049,37.959539680000034]},"properties":{"FID":1460,"Type":"ΑΙΤΙΑ ΥΠΟ ΕΚΔΙΚΑΣΗ","Municipali":"Δήμος Νίκαιας - Αγίου Ιωάννη Ρέντη","Date":"2025/05"}},{"type":"Feature","id":1461,"geometry":{"type":"Point","coordinates":[23.736865300000034,38.084160700000041]},"properties":{"FID":1461,"Type":"ΑΙΤΙΑ ΥΠΟ ΕΚΔΙΚΑΣΗ","Municipali":"Δήμος Αχαρνών","Date":"2025/05"}},{"type":"Feature","id":1462,"geometry":{"type":"Point","coordinates":[23.659587890000068,37.968854280000073]},"properties":{"FID":1462,"Type":"ΟΔΗΓΟΣ-ΛΟΙΠΑ ΑΙΤΙΑ ΑΝΑΦΕΡΟΜΕΝΑ ΣΕ ΟΔΗΓΟΥΣ","Municipali":"Δήμος Νίκαιας - Αγίου Ιωάννη Ρέντη","Date":"2025/05"}},{"type":"Feature","id":1463,"geometry":{"type":"Point","coordinates":[23.748441270000058,37.991132810000067]},"properties":{"FID":1463,"Type":"ΟΔΗΓΟΣ-ΛΟΙΠΕΣ ΠΑΡΑΒΙΑΣΕΙΣ ΣΗΜΑΝΣΕΩΝ ΕΝ ΓΕΝΕΙ","Municipali":"Δήμος Αθηναίων","Date":"2025/05"}},{"type":"Feature","id":1464,"geometry":{"type":"Point","coordinates":[23.742495390000045,38.014248640000062]},"properties":{"FID":1464,"Type":"ΟΔΗΓΟΣ-ΛΟΙΠΕΣ ΠΑΡΑΒΙΑΣΕΙΣ ΣΗΜΑΝΣΕΩΝ ΕΝ ΓΕΝΕΙ","Municipali":"Δήμος Αθηναίων","Date":"2025/05"}},{"type":"Feature","id":1465,"geometry":{"type":"Point","coordinates":[23.969812990000037,37.811644480000041]},"properties":{"FID":1465,"Type":"ΑΙΤΙΑ ΥΠΟ ΕΚΔΙΚΑΣΗ","Municipali":"Δήμος Λαυρεωτικής","Date":"2025/05"}},{"type":"Feature","id":1466,"geometry":{"type":"Point","coordinates":[23.648748470000044,37.963309610000067]},"properties":{"FID":1466,"Type":"ΟΔΗΓΟΣ-ΛΟΙΠΑ ΑΙΤΙΑ ΑΝΑΦΕΡΟΜΕΝΑ ΣΕ ΟΔΗΓΟΥΣ","Municipali":"Δήμος Νίκαιας - Αγίου Ιωάννη Ρέντη","Date":"2025/02"}},{"type":"Feature","id":1467,"geometry":{"type":"Point","coordinates":[23.734073640000076,37.983876710000061]},"properties":{"FID":1467,"Type":"ΟΔΗΓΟΣ-ΛΟΙΠΕΣ ΠΑΡΑΒΙΑΣΕΙΣ ΣΗΜΑΝΣΕΩΝ ΕΝ ΓΕΝΕΙ","Municipali":"Δήμος Αθηναίων","Date":"2025/05"}},{"type":"Feature","id":1468,"geometry":{"type":"Point","coordinates":[23.649637700000028,37.950635940000041]},"properties":{"FID":1468,"Type":"ΟΔΗΓΟΣ-ΛΟΙΠΕΣ ΠΑΡΑΒΙΑΣΕΙΣ ΣΗΜΑΝΣΕΩΝ ΕΝ ΓΕΝΕΙ","Municipali":"Δήμος Πειραιώς","Date":"2025/02"}},{"type":"Feature","id":1469,"geometry":{"type":"Point","coordinates":[23.715123800000072,37.977732020000076]},"properties":{"FID":1469,"Type":"ΟΔΗΓΟΣ-ΑΠΟΣΠΑΣΗ ΤΗΣ ΠΡΟΣΟΧΗΣ ΤΟΥ ΟΔΗΓΟΥ","Municipali":"Δήμος Αθηναίων","Date":"2025/02"}},{"type":"Feature","id":1470,"geometry":{"type":"Point","coordinates":[23.737469320000059,38.102279080000073]},"properties":{"FID":1470,"Type":"ΑΙΤΙΑ ΥΠΟ ΕΚΔΙΚΑΣΗ","Municipali":"Δήμος Αχαρνών","Date":"2025/02"}},{"type":"Feature","id":1471,"geometry":{"type":"Point","coordinates":[23.766024670000036,37.987361880000037]},"properties":{"FID":1471,"Type":"ΟΔΗΓΟΣ-ΑΠΟΣΠΑΣΗ ΤΗΣ ΠΡΟΣΟΧΗΣ ΤΟΥ ΟΔΗΓΟΥ","Municipali":"Δήμος Αθηναίων","Date":"2025/02"}},{"type":"Feature","id":1472,"geometry":{"type":"Point","coordinates":[23.675687310000058,37.970506090000072]},"properties":{"FID":1472,"Type":"ΑΙΤΙΑ ΥΠΟ ΕΚΔΙΚΑΣΗ","Municipali":"Δήμος Νίκαιας - Αγίου Ιωάννη Ρέντη","Date":"2025/02"}},{"type":"Feature","id":1473,"geometry":{"type":"Point","coordinates":[23.737957760000029,38.014979160000053]},"properties":{"FID":1473,"Type":"ΟΔΗΓΟΣ-ΛΟΙΠΕΣ ΠΑΡΑΒΙΑΣΕΙΣ ΣΗΜΑΝΣΕΩΝ ΕΝ ΓΕΝΕΙ","Municipali":"Δήμος Αθηναίων","Date":"2025/02"}},{"type":"Feature","id":1474,"geometry":{"type":"Point","coordinates":[23.701543150000077,37.995928620000029]},"properties":{"FID":1474,"Type":"ΟΔΗΓΟΣ-ΛΟΙΠΑ ΑΙΤΙΑ ΑΝΑΦΕΡΟΜΕΝΑ ΣΕ ΟΔΗΓΟΥΣ","Municipali":"Δήμος Αθηναίων","Date":"2025/01"}},{"type":"Feature","id":1475,"geometry":{"type":"Point","coordinates":[23.771957090000058,37.977379270000029]},"properties":{"FID":1475,"Type":"ΟΔΗΓΟΣ-ΛΟΙΠΑ ΑΙΤΙΑ ΑΝΑΦΕΡΟΜΕΝΑ ΣΕ ΟΔΗΓΟΥΣ","Municipali":"Δήμος Ζωγράφου","Date":"2025/02"}},{"type":"Feature","id":1476,"geometry":{"type":"Point","coordinates":[23.730710480000027,38.000446280000062]},"properties":{"FID":1476,"Type":"ΟΔΗΓΟΣ-ΑΠΟΣΠΑΣΗ ΤΗΣ ΠΡΟΣΟΧΗΣ ΤΟΥ ΟΔΗΓΟΥ","Municipali":"Δήμος Αθηναίων","Date":"2025/03"}},{"type":"Feature","id":1477,"geometry":{"type":"Point","coordinates":[23.733816250000075,37.972020010000051]},"properties":{"FID":1477,"Type":"ΟΔΗΓΟΣ-ΑΠΟΣΠΑΣΗ ΤΗΣ ΠΡΟΣΟΧΗΣ ΤΟΥ ΟΔΗΓΟΥ","Municipali":"Δήμος Αθηναίων","Date":"2025/03"}},{"type":"Feature","id":1478,"geometry":{"type":"Point","coordinates":[23.67191076000006,37.976206450000063]},"properties":{"FID":1478,"Type":"ΟΔΗΓΟΣ-ΑΠΟΣΠΑΣΗ ΤΗΣ ΠΡΟΣΟΧΗΣ ΤΟΥ ΟΔΗΓΟΥ","Municipali":"Δήμος Αιγάλεω","Date":"2025/02"}},{"type":"Feature","id":1479,"geometry":{"type":"Point","coordinates":[23.649004700000035,37.965465040000026]},"properties":{"FID":1479,"Type":"ΟΔΗΓΟΣ-ΛΟΙΠΑ ΑΙΤΙΑ ΑΝΑΦΕΡΟΜΕΝΑ ΣΕ ΟΔΗΓΟΥΣ","Municipali":"Δήμος Νίκαιας - Αγίου Ιωάννη Ρέντη","Date":"2025/03"}},{"type":"Feature","id":1480,"geometry":{"type":"Point","coordinates":[23.733392170000059,37.967075530000045]},"properties":{"FID":1480,"Type":"ΟΔΗΓΟΣ-ΛΟΙΠΑ ΑΙΤΙΑ ΑΝΑΦΕΡΟΜΕΝΑ ΣΕ ΟΔΗΓΟΥΣ","Municipali":"Δήμος Αθηναίων","Date":"2025/03"}},{"type":"Feature","id":1481,"geometry":{"type":"Point","coordinates":[23.630020020000075,37.958042410000076]},"properties":{"FID":1481,"Type":"ΟΔΗΓΟΣ-ΜΗ ΤΗΡΗΣΗ ΑΠΟΣΤΑΣΗΣ ΑΣΦΑΛΕΙΑΣ","Municipali":"Δήμος Πειραιώς","Date":"2025/03"}},{"type":"Feature","id":1482,"geometry":{"type":"Point","coordinates":[23.741717880000067,37.990186440000059]},"properties":{"FID":1482,"Type":"ΟΔΗΓΟΣ-ΠΑΡΑΒΙΑΣΗ ΣΗΜΑΤΟΔΟΤΗ","Municipali":"Δήμος Αθηναίων","Date":"2025/03"}},{"type":"Feature","id":1483,"geometry":{"type":"Point","coordinates":[23.615195310000047,37.963545230000079]},"properties":{"FID":1483,"Type":"ΟΔΗΓΟΣ-ΛΟΙΠΑ ΑΙΤΙΑ ΑΝΑΦΕΡΟΜΕΝΑ ΣΕ ΟΔΗΓΟΥΣ","Municipali":"Δήμος Κερατσινίου - Δραπετσώνας","Date":"2025/03"}},{"type":"Feature","id":1484,"geometry":{"type":"Point","coordinates":[23.809084300000052,38.040305000000046]},"properties":{"FID":1484,"Type":"ΟΔΗΓΟΣ-ΛΟΙΠΑ ΑΙΤΙΑ ΑΝΑΦΕΡΟΜΕΝΑ ΣΕ ΟΔΗΓΟΥΣ","Municipali":"Δήμος Αμαρουσίου","Date":"2025/03"}},{"type":"Feature","id":1485,"geometry":{"type":"Point","coordinates":[23.784885410000072,38.026496740000027]},"properties":{"FID":1485,"Type":"ΑΙΤΙΑ ΥΠΟ ΕΚΔΙΚΑΣΗ","Municipali":"Δήμος Φιλοθέης - Ψυχικού","Date":"2025/02"}},{"type":"Feature","id":1486,"geometry":{"type":"Point","coordinates":[23.532501180000054,37.950724540000067]},"properties":{"FID":1486,"Type":"ΑΙΤΙΑ ΥΠΟ ΕΚΔΙΚΑΣΗ","Municipali":"Δήμος Σαλαμίνας","Date":"2025/03"}},{"type":"Feature","id":1487,"geometry":{"type":"Point","coordinates":[23.742302350000045,37.969946340000035]},"properties":{"FID":1487,"Type":"ΟΔΗΓΟΣ-ΛΟΙΠΕΣ ΠΑΡΑΒΙΑΣΕΙΣ ΣΗΜΑΝΣΕΩΝ ΕΝ ΓΕΝΕΙ","Municipali":"Δήμος Αθηναίων","Date":"2025/03"}},{"type":"Feature","id":1488,"geometry":{"type":"Point","coordinates":[23.719117490000031,37.988707500000032]},"properties":{"FID":1488,"Type":"ΟΔΗΓΟΣ-ΑΠΟΣΠΑΣΗ ΤΗΣ ΠΡΟΣΟΧΗΣ ΤΟΥ ΟΔΗΓΟΥ","Municipali":"Δήμος Αθηναίων","Date":"2025/03"}},{"type":"Feature","id":1489,"geometry":{"type":"Point","coordinates":[23.830761910000035,38.040026160000025]},"properties":{"FID":1489,"Type":"ΑΙΤΙΑ ΥΠΟ ΕΚΔΙΚΑΣΗ","Municipali":"Δήμος Βριλησσίων","Date":"2025/02"}},{"type":"Feature","id":1490,"geometry":{"type":"Point","coordinates":[23.739176460000067,37.923235050000073]},"properties":{"FID":1490,"Type":"ΑΙΤΙΑ ΥΠΟ ΕΚΔΙΚΑΣΗ","Municipali":"Δήμος Αλίμου","Date":"2025/03"}},{"type":"Feature","id":1491,"geometry":{"type":"Point","coordinates":[23.813552860000073,38.102954490000059]},"properties":{"FID":1491,"Type":"ΟΔΗΓΟΣ-ΛΟΙΠΑ ΑΙΤΙΑ ΑΝΑΦΕΡΟΜΕΝΑ ΣΕ ΟΔΗΓΟΥΣ","Municipali":"Δήμος Κηφισιάς","Date":"2025/03"}},{"type":"Feature","id":1492,"geometry":{"type":"Point","coordinates":[23.733542710000052,37.971488280000074]},"properties":{"FID":1492,"Type":"ΟΔΗΓΟΣ-ΑΠΟΣΠΑΣΗ ΤΗΣ ΠΡΟΣΟΧΗΣ ΤΟΥ ΟΔΗΓΟΥ","Municipali":"Δήμος Αθηναίων","Date":"2025/03"}},{"type":"Feature","id":1493,"geometry":{"type":"Point","coordinates":[23.781403900000043,37.986540390000073]},"properties":{"FID":1493,"Type":"ΑΙΤΙΑ ΥΠΟ ΕΚΔΙΚΑΣΗ","Municipali":"Δήμος Αθηναίων","Date":"2025/03"}},{"type":"Feature","id":1494,"geometry":{"type":"Point","coordinates":[23.78217101000007,37.997240670000053]},"properties":{"FID":1494,"Type":"ΑΙΤΙΑ ΥΠΟ ΕΚΔΙΚΑΣΗ","Municipali":"Δήμος Αθηναίων","Date":"2025/03"}},{"type":"Feature","id":1495,"geometry":{"type":"Point","coordinates":[23.83872271000007,38.023272470000052]},"properties":{"FID":1495,"Type":"ΟΔΗΓΟΣ-ΛΟΙΠΑ ΑΙΤΙΑ ΑΝΑΦΕΡΟΜΕΝΑ ΣΕ ΟΔΗΓΟΥΣ","Municipali":"Δήμος Χαλανδρίου","Date":"2025/03"}},{"type":"Feature","id":1496,"geometry":{"type":"Point","coordinates":[23.707702160000053,37.974312010000062]},"properties":{"FID":1496,"Type":"ΟΔΗΓΟΣ-ΛΟΙΠΕΣ ΠΑΡΑΒΙΑΣΕΙΣ ΣΗΜΑΝΣΕΩΝ ΕΝ ΓΕΝΕΙ","Municipali":"Δήμος Αθηναίων","Date":"2025/03"}},{"type":"Feature","id":1497,"geometry":{"type":"Point","coordinates":[23.724535560000049,37.981431230000055]},"properties":{"FID":1497,"Type":"ΟΔΗΓΟΣ-ΛΟΙΠΑ ΑΙΤΙΑ ΑΝΑΦΕΡΟΜΕΝΑ ΣΕ ΟΔΗΓΟΥΣ","Municipali":"Δήμος Αθηναίων","Date":"2025/03"}},{"type":"Feature","id":1498,"geometry":{"type":"Point","coordinates":[23.699778700000024,37.949064900000053]},"properties":{"FID":1498,"Type":"ΟΔΗΓΟΣ-ΛΟΙΠΑ ΑΙΤΙΑ ΑΝΑΦΕΡΟΜΕΝΑ ΣΕ ΟΔΗΓΟΥΣ","Municipali":"Δήμος Καλλιθέας","Date":"2025/03"}},{"type":"Feature","id":1499,"geometry":{"type":"Point","coordinates":[23.735458230000063,38.023615390000032]},"properties":{"FID":1499,"Type":"ΟΔΗΓΟΣ-ΛΟΙΠΑ ΑΙΤΙΑ ΑΝΑΦΕΡΟΜΕΝΑ ΣΕ ΟΔΗΓΟΥΣ","Municipali":"Δήμος Αθηναίων","Date":"2025/03"}},{"type":"Feature","id":1500,"geometry":{"type":"Point","coordinates":[23.750628430000063,37.956639470000027]},"properties":{"FID":1500,"Type":"ΟΔΗΓΟΣ-ΛΟΙΠΑ ΑΙΤΙΑ ΑΝΑΦΕΡΟΜΕΝΑ ΣΕ ΟΔΗΓΟΥΣ","Municipali":"Δήμος Βύρωνα","Date":"2025/01"}},{"type":"Feature","id":1501,"geometry":{"type":"Point","coordinates":[23.734244400000023,37.93745030000008]},"properties":{"FID":1501,"Type":"ΑΙΤΙΑ ΥΠΟ ΕΚΔΙΚΑΣΗ","Municipali":"Δήμος Αγίου Δημητρίου","Date":"2025/03"}},{"type":"Feature","id":1502,"geometry":{"type":"Point","coordinates":[23.710395100000028,38.005022860000054]},"properties":{"FID":1502,"Type":"ΟΔΗΓΟΣ-ΛΟΙΠΑ ΑΙΤΙΑ ΑΝΑΦΕΡΟΜΕΝΑ ΣΕ ΟΔΗΓΟΥΣ","Municipali":"Δήμος Περιστερίου","Date":"2025/03"}},{"type":"Feature","id":1503,"geometry":{"type":"Point","coordinates":[23.843121530000076,38.010466940000072]},"properties":{"FID":1503,"Type":"ΟΔΗΓΟΣ-ΛΟΙΠΑ ΑΙΤΙΑ ΑΝΑΦΕΡΟΜΕΝΑ ΣΕ ΟΔΗΓΟΥΣ","Municipali":"Δήμος Παιανίας","Date":"2025/01"}},{"type":"Feature","id":1504,"geometry":{"type":"Point","coordinates":[23.710200490000034,37.990169260000073]},"properties":{"FID":1504,"Type":"ΟΔΗΓΟΣ-ΠΑΡΑΒΙΑΣΗ ΠΡΟΤΕΡΑΙΟΤΗΤΑΣ ΓΕΝΙΚΩΣ","Municipali":"Δήμος Αθηναίων","Date":"2025/03"}},{"type":"Feature","id":1505,"geometry":{"type":"Point","coordinates":[23.708132500000033,37.995158200000049]},"properties":{"FID":1505,"Type":"ΟΔΗΓΟΣ-ΑΠΟΣΠΑΣΗ ΤΗΣ ΠΡΟΣΟΧΗΣ ΤΟΥ ΟΔΗΓΟΥ","Municipali":"Δήμος Αθηναίων","Date":"2025/02"}},{"type":"Feature","id":1506,"geometry":{"type":"Point","coordinates":[23.66494238000007,37.972455590000038]},"properties":{"FID":1506,"Type":"ΑΙΤΙΑ ΥΠΟ ΕΚΔΙΚΑΣΗ","Municipali":"Δήμος Νίκαιας - Αγίου Ιωάννη Ρέντη","Date":"2025/03"}},{"type":"Feature","id":1507,"geometry":{"type":"Point","coordinates":[23.685176970000043,37.976223360000063]},"properties":{"FID":1507,"Type":"ΑΙΤΙΑ ΥΠΟ ΕΚΔΙΚΑΣΗ","Municipali":"Δήμος Μοσχάτου-Ταύρου","Date":"2025/03"}},{"type":"Feature","id":1508,"geometry":{"type":"Point","coordinates":[23.732743260000063,37.978684360000045]},"properties":{"FID":1508,"Type":"ΟΔΗΓΟΣ-ΠΑΡΑΛΕΙΨΗ ΣΗΜ.ΠΡΟΘΕΣΗΣ ΣΤΡΟΦ.Η ΑΛΛΑΓΗΣ ΠΟΡΕΙΑΣ","Municipali":"Δήμος Αθηναίων","Date":"2025/03"}},{"type":"Feature","id":1509,"geometry":{"type":"Point","coordinates":[24.012906250000071,37.882175550000056]},"properties":{"FID":1509,"Type":"ΟΔΗΓΟΣ-ΠΑΡΑΒΙΑΣΗ ΠΡΟΤΕΡΑΙΟΤΗΤΑΣ ΓΕΝΙΚΩΣ","Municipali":"Δήμος Μαρκόπουλου Μεσογαίας","Date":"2025/03"}},{"type":"Feature","id":1510,"geometry":{"type":"Point","coordinates":[23.803440930000079,38.030020880000052]},"properties":{"FID":1510,"Type":"ΟΔΗΓΟΣ-ΛΟΙΠΕΣ ΠΑΡΑΒΙΑΣΕΙΣ ΣΗΜΑΝΣΕΩΝ ΕΝ ΓΕΝΕΙ","Municipali":"Δήμος Χαλανδρίου","Date":"2025/03"}},{"type":"Feature","id":1511,"geometry":{"type":"Point","coordinates":[23.762075320000065,37.999932370000067]},"properties":{"FID":1511,"Type":"ΟΔΗΓΟΣ-ΑΠΟΣΠΑΣΗ ΤΗΣ ΠΡΟΣΟΧΗΣ ΤΟΥ ΟΔΗΓΟΥ","Municipali":"Δήμος Αθηναίων","Date":"2025/03"}},{"type":"Feature","id":1512,"geometry":{"type":"Point","coordinates":[23.723874300000034,37.97714940000003]},"properties":{"FID":1512,"Type":"ΑΙΤΙΑ ΥΠΟ ΕΚΔΙΚΑΣΗ","Municipali":"Δήμος Αθηναίων","Date":"2025/03"}},{"type":"Feature","id":1513,"geometry":{"type":"Point","coordinates":[23.736382700000036,37.995246200000054]},"properties":{"FID":1513,"Type":"ΟΔΗΓΟΣ-ΛΟΙΠΑ ΑΙΤΙΑ ΑΝΑΦΕΡΟΜΕΝΑ ΣΕ ΟΔΗΓΟΥΣ","Municipali":"Δήμος Αθηναίων","Date":"2025/03"}},{"type":"Feature","id":1514,"geometry":{"type":"Point","coordinates":[23.724722800000052,37.976893600000039]},"properties":{"FID":1514,"Type":"ΟΔΗΓΟΣ-ΑΠΟΣΠΑΣΗ ΤΗΣ ΠΡΟΣΟΧΗΣ ΤΟΥ ΟΔΗΓΟΥ","Municipali":"Δήμος Αθηναίων","Date":"2025/03"}},{"type":"Feature","id":1515,"geometry":{"type":"Point","coordinates":[23.74921149000005,37.976067080000064]},"properties":{"FID":1515,"Type":"ΑΙΤΙΑ ΥΠΟ ΕΚΔΙΚΑΣΗ","Municipali":"Δήμος Αθηναίων","Date":"2025/03"}},{"type":"Feature","id":1516,"geometry":{"type":"Point","coordinates":[23.709354400000052,38.004447990000074]},"properties":{"FID":1516,"Type":"ΑΙΤΙΑ ΥΠΟ ΕΚΔΙΚΑΣΗ","Municipali":"Δήμος Αθηναίων","Date":"2025/03"}},{"type":"Feature","id":1517,"geometry":{"type":"Point","coordinates":[23.743751050000071,38.030819500000064]},"properties":{"FID":1517,"Type":"ΟΔΗΓΟΣ-ΛΟΙΠΕΣ ΠΑΡΑΒΙΑΣΕΙΣ ΣΗΜΑΝΣΕΩΝ ΕΝ ΓΕΝΕΙ","Municipali":"Δήμος Αθηναίων","Date":"2025/03"}},{"type":"Feature","id":1518,"geometry":{"type":"Point","coordinates":[23.638629910000077,37.951329670000064]},"properties":{"FID":1518,"Type":"ΟΔΗΓΟΣ-ΛΟΙΠΕΣ ΠΑΡΑΒΙΑΣΕΙΣ ΣΗΜΑΝΣΕΩΝ ΕΝ ΓΕΝΕΙ","Municipali":"Δήμος Πειραιώς","Date":"2025/04"}},{"type":"Feature","id":1519,"geometry":{"type":"Point","coordinates":[23.696436880000078,38.020255130000066]},"properties":{"FID":1519,"Type":"ΑΙΤΙΑ ΥΠΟ ΕΚΔΙΚΑΣΗ","Municipali":"Δήμος Περιστερίου","Date":"2025/03"}},{"type":"Feature","id":1520,"geometry":{"type":"Point","coordinates":[23.657274100000052,38.008793300000036]},"properties":{"FID":1520,"Type":"ΑΙΤΙΑ ΥΠΟ ΕΚΔΙΚΑΣΗ","Municipali":"Δήμος Χαϊδαρίου","Date":"2025/04"}},{"type":"Feature","id":1521,"geometry":{"type":"Point","coordinates":[23.797234300000071,37.990506150000044]},"properties":{"FID":1521,"Type":"ΟΔΗΓΟΣ-ΛΟΙΠΑ ΑΙΤΙΑ ΑΝΑΦΕΡΟΜΕΝΑ ΣΕ ΟΔΗΓΟΥΣ","Municipali":"Δήμος Παπάγου - Χολαργού","Date":"2025/03"}},{"type":"Feature","id":1522,"geometry":{"type":"Point","coordinates":[23.738053690000072,37.950411300000042]},"properties":{"FID":1522,"Type":"ΟΔΗΓΟΣ-ΛΟΙΠΑ ΑΙΤΙΑ ΑΝΑΦΕΡΟΜΕΝΑ ΣΕ ΟΔΗΓΟΥΣ","Municipali":"Δήμος Δάφνης - Υμηττού","Date":"2025/04"}},{"type":"Feature","id":1523,"geometry":{"type":"Point","coordinates":[23.702579140000068,37.950788220000049]},"properties":{"FID":1523,"Type":"ΟΔΗΓΟΣ-ΛΟΙΠΕΣ ΠΑΡΑΒΙΑΣΕΙΣ ΣΗΜΑΝΣΕΩΝ ΕΝ ΓΕΝΕΙ","Municipali":"Δήμος Καλλιθέας","Date":"2025/04"}},{"type":"Feature","id":1524,"geometry":{"type":"Point","coordinates":[23.716800380000052,37.988764760000038]},"properties":{"FID":1524,"Type":"ΟΔΗΓΟΣ-ΛΟΙΠΕΣ ΠΑΡΑΒΙΑΣΕΙΣ ΣΗΜΑΝΣΕΩΝ ΕΝ ΓΕΝΕΙ","Municipali":"Δήμος Αθηναίων","Date":"2025/04"}},{"type":"Feature","id":1525,"geometry":{"type":"Point","coordinates":[23.863672610000037,38.010661370000037]},"properties":{"FID":1525,"Type":"ΟΔΗΓΟΣ-ΠΑΡΑΒΙΑΣΗ ΠΡΟΤΕΡΑΙΟΤΗΤΑΣ ΓΕΝΙΚΩΣ","Municipali":"Δήμος Παλλήνης","Date":"2025/04"}},{"type":"Feature","id":1526,"geometry":{"type":"Point","coordinates":[23.702573780000023,38.041754120000064]},"properties":{"FID":1526,"Type":"ΑΙΤΙΑ ΥΠΟ ΕΚΔΙΚΑΣΗ","Municipali":"Δήμος Ιλίου","Date":"2025/04"}},{"type":"Feature","id":1527,"geometry":{"type":"Point","coordinates":[23.65245402000005,37.974138640000035]},"properties":{"FID":1527,"Type":"ΟΔΗΓΟΣ-ΠΑΡΑΛΕΙΨΗ ΣΗΜ.ΠΡΟΘΕΣΗΣ ΣΤΡΟΦ.Η ΑΛΛΑΓΗΣ ΠΟΡΕΙΑΣ","Municipali":"Δήμος Κορυδαλλού","Date":"2025/04"}},{"type":"Feature","id":1528,"geometry":{"type":"Point","coordinates":[23.408775330000026,38.164120500000024]},"properties":{"FID":1528,"Type":"ΑΙΤΙΑ ΥΠΟ ΕΚΔΙΚΑΣΗ","Municipali":"Δήμος Μάνδρας - Ειδυλλίας","Date":"2025/04"}},{"type":"Feature","id":1529,"geometry":{"type":"Point","coordinates":[23.839420080000025,38.042518810000047]},"properties":{"FID":1529,"Type":"ΑΙΤΙΑ ΥΠΟ ΕΚΔΙΚΑΣΗ","Municipali":"Δήμος Βριλησσίων","Date":"2025/04"}},{"type":"Feature","id":1530,"geometry":{"type":"Point","coordinates":[23.642224070000054,37.940178480000043]},"properties":{"FID":1530,"Type":"ΑΙΤΙΑ ΥΠΟ ΕΚΔΙΚΑΣΗ","Municipali":"Δήμος Πειραιώς","Date":"2025/04"}},{"type":"Feature","id":1531,"geometry":{"type":"Point","coordinates":[23.749399900000071,37.867066500000078]},"properties":{"FID":1531,"Type":"ΑΙΤΙΑ ΥΠΟ ΕΚΔΙΚΑΣΗ","Municipali":"Δήμος Γλυφάδας","Date":"2025/04"}},{"type":"Feature","id":1532,"geometry":{"type":"Point","coordinates":[23.716993330000037,38.032577260000039]},"properties":{"FID":1532,"Type":"ΑΙΤΙΑ ΥΠΟ ΕΚΔΙΚΑΣΗ","Municipali":"Δήμος Ιλίου","Date":"2025/04"}},{"type":"Feature","id":1533,"geometry":{"type":"Point","coordinates":[23.722068680000064,38.014943630000062]},"properties":{"FID":1533,"Type":"ΟΔΗΓΟΣ-ΛΟΙΠΕΣ ΠΑΡΑΒΙΑΣΕΙΣ ΣΗΜΑΝΣΕΩΝ ΕΝ ΓΕΝΕΙ","Municipali":"Δήμος Αθηναίων","Date":"2025/04"}},{"type":"Feature","id":1534,"geometry":{"type":"Point","coordinates":[23.74934077000006,38.051149500000065]},"properties":{"FID":1534,"Type":"ΑΙΤΙΑ ΥΠΟ ΕΚΔΙΚΑΣΗ","Municipali":"Δήμος Μεταμορφώσεως","Date":"2025/04"}},{"type":"Feature","id":1535,"geometry":{"type":"Point","coordinates":[23.861489300000073,38.400570170000037]},"properties":{"FID":1535,"Type":"ΑΙΤΙΑ ΥΠΟ ΕΚΔΙΚΑΣΗ","Municipali":"Δήμος Ερέτριας","Date":"2025/04"}},{"type":"Feature","id":1536,"geometry":{"type":"Point","coordinates":[23.576815000000067,37.963079260000029]},"properties":{"FID":1536,"Type":"ΟΔΗΓΟΣ-ΛΟΙΠΑ ΑΙΤΙΑ ΑΝΑΦΕΡΟΜΕΝΑ ΣΕ ΟΔΗΓΟΥΣ","Municipali":"Δήμος Περάματος","Date":"2025/04"}},{"type":"Feature","id":1537,"geometry":{"type":"Point","coordinates":[23.749748120000049,38.004195770000024]},"properties":{"FID":1537,"Type":"ΟΔΗΓΟΣ-ΛΟΙΠΑ ΑΙΤΙΑ ΑΝΑΦΕΡΟΜΕΝΑ ΣΕ ΟΔΗΓΟΥΣ","Municipali":"Δήμος Αθηναίων","Date":"2025/04"}},{"type":"Feature","id":1538,"geometry":{"type":"Point","coordinates":[23.674206380000044,37.992787170000042]},"properties":{"FID":1538,"Type":"ΑΙΤΙΑ ΥΠΟ ΕΚΔΙΚΑΣΗ","Municipali":"Δήμος Αιγάλεω","Date":"2025/04"}},{"type":"Feature","id":1539,"geometry":{"type":"Point","coordinates":[23.696072100000038,37.970802110000079]},"properties":{"FID":1539,"Type":"ΟΔΗΓΟΣ-ΛΟΙΠΕΣ ΠΑΡΑΒΙΑΣΕΙΣ ΣΗΜΑΝΣΕΩΝ ΕΝ ΓΕΝΕΙ","Municipali":"Δήμος Μοσχάτου-Ταύρου","Date":"2025/04"}},{"type":"Feature","id":1540,"geometry":{"type":"Point","coordinates":[23.646534680000059,37.975010170000076]},"properties":{"FID":1540,"Type":"ΟΔΗΓΟΣ-ΛΟΙΠΑ ΑΙΤΙΑ ΑΝΑΦΕΡΟΜΕΝΑ ΣΕ ΟΔΗΓΟΥΣ","Municipali":"Δήμος Κορυδαλλού","Date":"2025/04"}},{"type":"Feature","id":1541,"geometry":{"type":"Point","coordinates":[23.721871450000037,37.962997330000064]},"properties":{"FID":1541,"Type":"ΟΔΗΓΟΣ-ΑΠΟΣΠΑΣΗ ΤΗΣ ΠΡΟΣΟΧΗΣ ΤΟΥ ΟΔΗΓΟΥ","Municipali":"Δήμος Αθηναίων","Date":"2025/03"}},{"type":"Feature","id":1542,"geometry":{"type":"Point","coordinates":[24.019458890000067,37.658928110000033]},"properties":{"FID":1542,"Type":"ΑΙΤΙΑ ΥΠΟ ΕΚΔΙΚΑΣΗ","Municipali":"Δήμος Λαυρεωτικής","Date":"2025/04"}},{"type":"Feature","id":1543,"geometry":{"type":"Point","coordinates":[23.571038590000057,37.963695070000028]},"properties":{"FID":1543,"Type":"ΟΔΗΓΟΣ-ΛΟΙΠΑ ΑΙΤΙΑ ΑΝΑΦΕΡΟΜΕΝΑ ΣΕ ΟΔΗΓΟΥΣ","Municipali":"Δήμος Περάματος","Date":"2025/04"}},{"type":"Feature","id":1544,"geometry":{"type":"Point","coordinates":[23.740049960000078,37.981200530000081]},"properties":{"FID":1544,"Type":"ΟΔΗΓΟΣ-ΛΟΙΠΑ ΑΙΤΙΑ ΑΝΑΦΕΡΟΜΕΝΑ ΣΕ ΟΔΗΓΟΥΣ","Municipali":"Δήμος Αθηναίων","Date":"2025/04"}},{"type":"Feature","id":1545,"geometry":{"type":"Point","coordinates":[23.769066400000042,37.835815100000048]},"properties":{"FID":1545,"Type":"ΑΙΤΙΑ ΥΠΟ ΕΚΔΙΚΑΣΗ","Municipali":"Δήμος Βάρης - Βούλας - Βουλιαγμένης","Date":"2025/04"}},{"type":"Feature","id":1546,"geometry":{"type":"Point","coordinates":[23.649809360000063,38.010416220000025]},"properties":{"FID":1546,"Type":"ΑΙΤΙΑ ΥΠΟ ΕΚΔΙΚΑΣΗ","Municipali":"Δήμος Χαϊδαρίου","Date":"2025/04"}},{"type":"Feature","id":1547,"geometry":{"type":"Point","coordinates":[23.699247840000055,38.037558770000032]},"properties":{"FID":1547,"Type":"ΑΙΤΙΑ ΥΠΟ ΕΚΔΙΚΑΣΗ","Municipali":"Δήμος Ιλίου","Date":"2025/04"}},{"type":"Feature","id":1548,"geometry":{"type":"Point","coordinates":[23.660903780000069,37.966577210000025]},"properties":{"FID":1548,"Type":"ΟΔΗΓΟΣ-ΛΟΙΠΑ ΑΙΤΙΑ ΑΝΑΦΕΡΟΜΕΝΑ ΣΕ ΟΔΗΓΟΥΣ","Municipali":"Δήμος Νίκαιας - Αγίου Ιωάννη Ρέντη","Date":"2025/03"}},{"type":"Feature","id":1549,"geometry":{"type":"Point","coordinates":[23.648564820000047,37.969118990000027]},"properties":{"FID":1549,"Type":"ΟΔΗΓΟΣ-ΠΑΡΑΒΙΑΣΗ ΣΗΜΑΤΟΔΟΤΗ","Municipali":"Δήμος Νίκαιας - Αγίου Ιωάννη Ρέντη","Date":"2025/04"}},{"type":"Feature","id":1550,"geometry":{"type":"Point","coordinates":[23.723800780000033,37.907129560000044]},"properties":{"FID":1550,"Type":"ΟΔΗΓΟΣ-ΠΑΡΑΒΙΑΣΗ ΣΗΜΑΤΟΔΟΤΗ","Municipali":"Δήμος Αλίμου","Date":"2025/03"}},{"type":"Feature","id":1551,"geometry":{"type":"Point","coordinates":[23.887066840000045,38.058144560000073]},"properties":{"FID":1551,"Type":"ΑΙΤΙΑ ΥΠΟ ΕΚΔΙΚΑΣΗ","Municipali":"Δήμος Πεντέλης","Date":"2025/04"}},{"type":"Feature","id":1552,"geometry":{"type":"Point","coordinates":[23.746366500000079,37.996905100000049]},"properties":{"FID":1552,"Type":"ΑΙΤΙΑ ΥΠΟ ΕΚΔΙΚΑΣΗ","Municipali":"Δήμος Αθηναίων","Date":"2025/03"}},{"type":"Feature","id":1553,"geometry":{"type":"Point","coordinates":[23.747366760000034,37.969747420000033]},"properties":{"FID":1553,"Type":"ΟΔΗΓΟΣ-ΛΟΙΠΑ ΑΙΤΙΑ ΑΝΑΦΕΡΟΜΕΝΑ ΣΕ ΟΔΗΓΟΥΣ","Municipali":"Δήμος Αθηναίων","Date":"2025/03"}},{"type":"Feature","id":1554,"geometry":{"type":"Point","coordinates":[23.720925450000038,37.89647965000006]},"properties":{"FID":1554,"Type":"ΑΙΤΙΑ ΥΠΟ ΕΚΔΙΚΑΣΗ","Municipali":"Δήμος Ελληνικού - Αργυρούπολης","Date":"2025/03"}},{"type":"Feature","id":1555,"geometry":{"type":"Point","coordinates":[23.730817440000067,37.950492120000035]},"properties":{"FID":1555,"Type":"ΑΙΤΙΑ ΥΠΟ ΕΚΔΙΚΑΣΗ","Municipali":"Δήμος Δάφνης - Υμηττού","Date":"2025/03"}},{"type":"Feature","id":1556,"geometry":{"type":"Point","coordinates":[23.755729790000032,38.039552970000045]},"properties":{"FID":1556,"Type":"ΑΙΤΙΑ ΥΠΟ ΕΚΔΙΚΑΣΗ","Municipali":"Δήμος Νέας Ιωνίας","Date":"2025/03"}},{"type":"Feature","id":1557,"geometry":{"type":"Point","coordinates":[23.635808230000066,37.949629180000045]},"properties":{"FID":1557,"Type":"ΑΙΤΙΑ ΥΠΟ ΕΚΔΙΚΑΣΗ","Municipali":"Δήμος Πειραιώς","Date":"2025/03"}},{"type":"Feature","id":1558,"geometry":{"type":"Point","coordinates":[23.78310392000003,37.983790690000035]},"properties":{"FID":1558,"Type":"ΟΔΗΓΟΣ-ΑΠΟΣΠΑΣΗ ΤΗΣ ΠΡΟΣΟΧΗΣ ΤΟΥ ΟΔΗΓΟΥ","Municipali":"Δήμος Παπάγου - Χολαργού","Date":"2025/03"}},{"type":"Feature","id":1559,"geometry":{"type":"Point","coordinates":[23.74773349000003,38.010134770000036]},"properties":{"FID":1559,"Type":"ΟΔΗΓΟΣ-ΠΑΡΑΒΙΑΣΗ ΠΡΟΤΕΡΑΙΟΤΗΤΑΣ ΓΕΝΙΚΩΣ","Municipali":"Δήμος Γαλατσίου","Date":"2025/02"}},{"type":"Feature","id":1560,"geometry":{"type":"Point","coordinates":[23.730854900000054,37.980898100000047]},"properties":{"FID":1560,"Type":"ΟΔΗΓΟΣ-ΑΠΟΣΠΑΣΗ ΤΗΣ ΠΡΟΣΟΧΗΣ ΤΟΥ ΟΔΗΓΟΥ","Municipali":"Δήμος Αθηναίων","Date":"2025/02"}},{"type":"Feature","id":1561,"geometry":{"type":"Point","coordinates":[23.77485310000003,37.993828000000065]},"properties":{"FID":1561,"Type":"ΟΔΗΓΟΣ-ΛΟΙΠΑ ΑΙΤΙΑ ΑΝΑΦΕΡΟΜΕΝΑ ΣΕ ΟΔΗΓΟΥΣ","Municipali":"Δήμος Αθηναίων","Date":"2025/03"}},{"type":"Feature","id":1562,"geometry":{"type":"Point","coordinates":[23.620010020000052,37.964225870000064]},"properties":{"FID":1562,"Type":"ΟΔΗΓΟΣ-ΛΟΙΠΕΣ ΠΑΡΑΒΙΑΣΕΙΣ ΣΗΜΑΝΣΕΩΝ ΕΝ ΓΕΝΕΙ","Municipali":"Δήμος Κερατσινίου - Δραπετσώνας","Date":"2025/03"}},{"type":"Feature","id":1563,"geometry":{"type":"Point","coordinates":[23.889298440000061,38.057080140000039]},"properties":{"FID":1563,"Type":"ΟΔΗΓΟΣ-ΥΠΕΡΒΟΛΙΚΗ ΤΑΧΥΤΗΤΑ ΓΕΝΙΚΩΣ","Municipali":"Δήμος Πεντέλης","Date":"2025/03"}},{"type":"Feature","id":1564,"geometry":{"type":"Point","coordinates":[23.679168820000029,38.016451590000031]},"properties":{"FID":1564,"Type":"ΑΙΤΙΑ ΥΠΟ ΕΚΔΙΚΑΣΗ","Municipali":"Δήμος Περιστερίου","Date":"2025/03"}},{"type":"Feature","id":1565,"geometry":{"type":"Point","coordinates":[23.716279860000043,38.068745690000071]},"properties":{"FID":1565,"Type":"ΑΙΤΙΑ ΥΠΟ ΕΚΔΙΚΑΣΗ","Municipali":"Δήμος Φυλής","Date":"2025/03"}},{"type":"Feature","id":1566,"geometry":{"type":"Point","coordinates":[23.736031650000029,38.007453300000066]},"properties":{"FID":1566,"Type":"ΟΔΗΓΟΣ-ΛΟΙΠΕΣ ΠΑΡΑΒΙΑΣΕΙΣ ΣΗΜΑΝΣΕΩΝ ΕΝ ΓΕΝΕΙ","Municipali":"Δήμος Αθηναίων","Date":"2025/03"}},{"type":"Feature","id":1567,"geometry":{"type":"Point","coordinates":[23.735602770000071,37.956362440000078]},"properties":{"FID":1567,"Type":"ΟΔΗΓΟΣ-ΑΠΟΣΠΑΣΗ ΤΗΣ ΠΡΟΣΟΧΗΣ ΤΟΥ ΟΔΗΓΟΥ","Municipali":"Δήμος Αθηναίων","Date":"2025/03"}},{"type":"Feature","id":1568,"geometry":{"type":"Point","coordinates":[23.675075770000035,37.957268380000073]},"properties":{"FID":1568,"Type":"ΑΙΤΙΑ ΥΠΟ ΕΚΔΙΚΑΣΗ","Municipali":"Δήμος Νίκαιας - Αγίου Ιωάννη Ρέντη","Date":"2025/03"}},{"type":"Feature","id":1569,"geometry":{"type":"Point","coordinates":[23.683584100000076,38.029958000000079]},"properties":{"FID":1569,"Type":"ΑΙΤΙΑ ΥΠΟ ΕΚΔΙΚΑΣΗ","Municipali":"Δήμος Περιστερίου","Date":"2025/03"}},{"type":"Feature","id":1570,"geometry":{"type":"Point","coordinates":[23.756201860000033,37.992539670000042]},"properties":{"FID":1570,"Type":"ΟΔΗΓΟΣ-ΠΑΡΑΒΙΑΣΗ ΠΡΟΤΕΡΑΙΟΤΗΤΑΣ ΓΕΝΙΚΩΣ","Municipali":"Δήμος Αθηναίων","Date":"2025/03"}},{"type":"Feature","id":1571,"geometry":{"type":"Point","coordinates":[23.657560940000053,37.953393890000029]},"properties":{"FID":1571,"Type":"ΑΙΤΙΑ ΥΠΟ ΕΚΔΙΚΑΣΗ","Municipali":"Δήμος Πειραιώς","Date":"2025/03"}},{"type":"Feature","id":1572,"geometry":{"type":"Point","coordinates":[23.708233240000027,38.07661741000004]},"properties":{"FID":1572,"Type":"ΑΙΤΙΑ ΥΠΟ ΕΚΔΙΚΑΣΗ","Municipali":"Δήμος Φυλής","Date":"2025/03"}},{"type":"Feature","id":1573,"geometry":{"type":"Point","coordinates":[23.707981110000048,38.033591330000036]},"properties":{"FID":1573,"Type":"ΑΙΤΙΑ ΥΠΟ ΕΚΔΙΚΑΣΗ","Municipali":"Δήμος Ιλίου","Date":"2025/03"}},{"type":"Feature","id":1574,"geometry":{"type":"Point","coordinates":[23.725469110000063,38.023090760000059]},"properties":{"FID":1574,"Type":"ΑΙΤΙΑ ΥΠΟ ΕΚΔΙΚΑΣΗ","Municipali":"Δήμος Αγίων Αναργύρων – Καματερού","Date":"2025/03"}},{"type":"Feature","id":1575,"geometry":{"type":"Point","coordinates":[23.713881970000045,38.006967220000035]},"properties":{"FID":1575,"Type":"ΑΙΤΙΑ ΥΠΟ ΕΚΔΙΚΑΣΗ","Municipali":"Δήμος Αθηναίων","Date":"2025/03"}},{"type":"Feature","id":1576,"geometry":{"type":"Point","coordinates":[23.68188710000004,38.026263300000039]},"properties":{"FID":1576,"Type":"ΑΙΤΙΑ ΥΠΟ ΕΚΔΙΚΑΣΗ","Municipali":"Δήμος Περιστερίου","Date":"2025/03"}},{"type":"Feature","id":1577,"geometry":{"type":"Point","coordinates":[23.629338740000037,37.950745920000031]},"properties":{"FID":1577,"Type":"ΟΔΗΓΟΣ-ΠΑΡΑΒΙΑΣΗ ΠΡΟΤΕΡΑΙΟΤΗΤΑΣ ΓΕΝΙΚΩΣ","Municipali":"Δήμος Κερατσινίου - Δραπετσώνας","Date":"2025/03"}},{"type":"Feature","id":1578,"geometry":{"type":"Point","coordinates":[23.730811800000026,37.951687200000038]},"properties":{"FID":1578,"Type":"ΟΔΗΓΟΣ-ΛΟΙΠΑ ΑΙΤΙΑ ΑΝΑΦΕΡΟΜΕΝΑ ΣΕ ΟΔΗΓΟΥΣ","Municipali":"Δήμος Δάφνης - Υμηττού","Date":"2025/03"}},{"type":"Feature","id":1579,"geometry":{"type":"Point","coordinates":[23.739566800000034,37.96140489000004]},"properties":{"FID":1579,"Type":"ΟΔΗΓΟΣ-ΛΟΙΠΕΣ ΠΑΡΑΒΙΑΣΕΙΣ ΣΗΜΑΝΣΕΩΝ ΕΝ ΓΕΝΕΙ","Municipali":"Δήμος Αθηναίων","Date":"2025/03"}},{"type":"Feature","id":1580,"geometry":{"type":"Point","coordinates":[23.730892460000064,37.980931600000076]},"properties":{"FID":1580,"Type":"ΟΔΗΓΟΣ-ΠΑΡΑΒΙΑΣΗ ΣΗΜΑΤΟΔΟΤΗ","Municipali":"Δήμος Αθηναίων","Date":"2025/03"}},{"type":"Feature","id":1581,"geometry":{"type":"Point","coordinates":[23.972882100000049,37.976912600000048]},"properties":{"FID":1581,"Type":"ΑΙΤΙΑ ΥΠΟ ΕΚΔΙΚΑΣΗ","Municipali":"Δήμος Σπάτων - Αρτέμιδος","Date":"2025/02"}},{"type":"Feature","id":1582,"geometry":{"type":"Point","coordinates":[23.821685310000078,38.041095050000024]},"properties":{"FID":1582,"Type":"ΑΙΤΙΑ ΥΠΟ ΕΚΔΙΚΑΣΗ","Municipali":"Δήμος Αμαρουσίου","Date":"2025/02"}},{"type":"Feature","id":1583,"geometry":{"type":"Point","coordinates":[23.718452450000029,38.080189810000036]},"properties":{"FID":1583,"Type":"ΑΙΤΙΑ ΥΠΟ ΕΚΔΙΚΑΣΗ","Municipali":"Δήμος Αχαρνών","Date":"2025/03"}},{"type":"Feature","id":1584,"geometry":{"type":"Point","coordinates":[23.602688310000076,38.061848790000056]},"properties":{"FID":1584,"Type":"ΑΙΤΙΑ ΥΠΟ ΕΚΔΙΚΑΣΗ","Municipali":"Δήμος Ασπροπύργου","Date":"2025/02"}},{"type":"Feature","id":1585,"geometry":{"type":"Point","coordinates":[23.856623770000056,38.060666160000039]},"properties":{"FID":1585,"Type":"ΑΙΤΙΑ ΥΠΟ ΕΚΔΙΚΑΣΗ","Municipali":"Δήμος Πεντέλης","Date":"2025/02"}},{"type":"Feature","id":1586,"geometry":{"type":"Point","coordinates":[23.98501039000007,38.002689560000078]},"properties":{"FID":1586,"Type":"ΟΔΗΓΟΣ-ΠΑΡΑΒΙΑΣΗ ΠΡΟΤΕΡΑΙΟΤΗΤΑΣ ΓΕΝΙΚΩΣ","Municipali":"Δήμος Σπάτων - Αρτέμιδος","Date":"2025/04"}},{"type":"Feature","id":1587,"geometry":{"type":"Point","coordinates":[23.683728580000036,38.029623690000051]},"properties":{"FID":1587,"Type":"ΟΔΗΓΟΣ-ΛΟΙΠΑ ΑΙΤΙΑ ΑΝΑΦΕΡΟΜΕΝΑ ΣΕ ΟΔΗΓΟΥΣ","Municipali":"Δήμος Περιστερίου","Date":"2025/05"}},{"type":"Feature","id":1588,"geometry":{"type":"Point","coordinates":[23.706972880000023,37.968645000000038]},"properties":{"FID":1588,"Type":"ΟΔΗΓΟΣ-ΑΠΟΣΠΑΣΗ ΤΗΣ ΠΡΟΣΟΧΗΣ ΤΟΥ ΟΔΗΓΟΥ","Municipali":"Δήμος Αθηναίων","Date":"2025/05"}},{"type":"Feature","id":1589,"geometry":{"type":"Point","coordinates":[23.632557390000045,37.953165470000044]},"properties":{"FID":1589,"Type":"ΑΙΤΙΑ ΥΠΟ ΕΚΔΙΚΑΣΗ","Municipali":"Δήμος Πειραιώς","Date":"2025/02"}},{"type":"Feature","id":1590,"geometry":{"type":"Point","coordinates":[23.655130900000074,37.980568100000028]},"properties":{"FID":1590,"Type":"ΑΙΤΙΑ ΥΠΟ ΕΚΔΙΚΑΣΗ","Municipali":"Δήμος Κορυδαλλού","Date":"2025/05"}},{"type":"Feature","id":1591,"geometry":{"type":"Point","coordinates":[23.731295130000035,37.966463150000038]},"properties":{"FID":1591,"Type":"ΟΔΗΓΟΣ-ΛΟΙΠΑ ΑΙΤΙΑ ΑΝΑΦΕΡΟΜΕΝΑ ΣΕ ΟΔΗΓΟΥΣ","Municipali":"Δήμος Αθηναίων","Date":"2025/03"}},{"type":"Feature","id":1592,"geometry":{"type":"Point","coordinates":[23.689752820000024,38.018091360000028]},"properties":{"FID":1592,"Type":"ΑΙΤΙΑ ΥΠΟ ΕΚΔΙΚΑΣΗ","Municipali":"Δήμος Περιστερίου","Date":"2025/05"}},{"type":"Feature","id":1593,"geometry":{"type":"Point","coordinates":[23.679887650000069,38.009820270000034]},"properties":{"FID":1593,"Type":"ΑΙΤΙΑ ΥΠΟ ΕΚΔΙΚΑΣΗ","Municipali":"Δήμος Περιστερίου","Date":"2025/05"}},{"type":"Feature","id":1594,"geometry":{"type":"Point","coordinates":[23.712476490000029,37.955830270000035]},"properties":{"FID":1594,"Type":"ΟΔΗΓΟΣ-ΛΟΙΠΑ ΑΙΤΙΑ ΑΝΑΦΕΡΟΜΕΝΑ ΣΕ ΟΔΗΓΟΥΣ","Municipali":"Δήμος Καλλιθέας","Date":"2025/05"}},{"type":"Feature","id":1595,"geometry":{"type":"Point","coordinates":[23.865437510000049,37.945953110000062]},"properties":{"FID":1595,"Type":"ΑΙΤΙΑ ΥΠΟ ΕΚΔΙΚΑΣΗ","Municipali":"Δήμος Κρωπίας","Date":"2025/05"}},{"type":"Feature","id":1596,"geometry":{"type":"Point","coordinates":[23.751100300000076,38.064378720000036]},"properties":{"FID":1596,"Type":"ΟΔΗΓΟΣ-ΛΟΙΠΑ ΑΙΤΙΑ ΑΝΑΦΕΡΟΜΕΝΑ ΣΕ ΟΔΗΓΟΥΣ","Municipali":"Δήμος Μεταμορφώσεως","Date":"2025/05"}},{"type":"Feature","id":1597,"geometry":{"type":"Point","coordinates":[23.769628500000067,37.844294300000058]},"properties":{"FID":1597,"Type":"ΟΔΗΓΟΣ-ΛΟΙΠΑ ΑΙΤΙΑ ΑΝΑΦΕΡΟΜΕΝΑ ΣΕ ΟΔΗΓΟΥΣ","Municipali":"Δήμος Βάρης - Βούλας - Βουλιαγμένης","Date":"2025/05"}},{"type":"Feature","id":1598,"geometry":{"type":"Point","coordinates":[24.024464050000063,37.870193590000042]},"properties":{"FID":1598,"Type":"ΟΔΗΓΟΣ-ΛΟΙΠΕΣ ΠΑΡΑΒΙΑΣΕΙΣ ΣΗΜΑΝΣΕΩΝ ΕΝ ΓΕΝΕΙ","Municipali":"Δήμος Μαρκόπουλου Μεσογαίας","Date":"2025/05"}},{"type":"Feature","id":1599,"geometry":{"type":"Point","coordinates":[23.764719300000024,37.935130400000048]},"properties":{"FID":1599,"Type":"ΟΔΗΓΟΣ-ΛΟΙΠΑ ΑΙΤΙΑ ΑΝΑΦΕΡΟΜΕΝΑ ΣΕ ΟΔΗΓΟΥΣ","Municipali":"Δήμος Ηλιούπολης","Date":"2025/05"}},{"type":"Feature","id":1600,"geometry":{"type":"Point","coordinates":[23.738941500000067,38.038437100000067]},"properties":{"FID":1600,"Type":"ΑΙΤΙΑ ΥΠΟ ΕΚΔΙΚΑΣΗ","Municipali":"Δήμος Νέας Φιλαδέλφειας - Νέας Χαλκηδόνας","Date":"2025/05"}},{"type":"Feature","id":1601,"geometry":{"type":"Point","coordinates":[23.703491090000057,37.918526980000024]},"properties":{"FID":1601,"Type":"ΟΔΗΓΟΣ-ΠΑΡΑΒΙΑΣΗ ΠΡΟΤΕΡΑΙΟΤΗΤΑΣ ΓΕΝΙΚΩΣ","Municipali":"Δήμος Αλίμου","Date":"2025/05"}},{"type":"Feature","id":1602,"geometry":{"type":"Point","coordinates":[23.711430430000064,37.910816030000035]},"properties":{"FID":1602,"Type":"ΟΔΗΓΟΣ-ΠΑΡΑΒΙΑΣΗ ΣΗΜΑΤΟΔΟΤΗ","Municipali":"Δήμος Αλίμου","Date":"2025/05"}},{"type":"Feature","id":1603,"geometry":{"type":"Point","coordinates":[23.713393810000071,37.909647890000031]},"properties":{"FID":1603,"Type":"ΑΙΤΙΑ ΥΠΟ ΕΚΔΙΚΑΣΗ","Municipali":"Δήμος Αλίμου","Date":"2025/05"}},{"type":"Feature","id":1604,"geometry":{"type":"Point","coordinates":[23.755499120000025,37.931716660000063]},"properties":{"FID":1604,"Type":"ΟΔΗΓΟΣ-ΛΟΙΠΕΣ ΠΑΡΑΒΙΑΣΕΙΣ ΣΗΜΑΝΣΕΩΝ ΕΝ ΓΕΝΕΙ","Municipali":"Δήμος Ηλιούπολης","Date":"2025/04"}},{"type":"Feature","id":1605,"geometry":{"type":"Point","coordinates":[23.740205170000024,37.969918260000043]},"properties":{"FID":1605,"Type":"ΟΔΗΓΟΣ-ΑΠΟΣΠΑΣΗ ΤΗΣ ΠΡΟΣΟΧΗΣ ΤΟΥ ΟΔΗΓΟΥ","Municipali":"Δήμος Αθηναίων","Date":"2025/04"}},{"type":"Feature","id":1606,"geometry":{"type":"Point","coordinates":[23.724578910000048,38.002309590000038]},"properties":{"FID":1606,"Type":"ΟΔΗΓΟΣ-ΑΠΟΣΠΑΣΗ ΤΗΣ ΠΡΟΣΟΧΗΣ ΤΟΥ ΟΔΗΓΟΥ","Municipali":"Δήμος Αθηναίων","Date":"2025/04"}},{"type":"Feature","id":1607,"geometry":{"type":"Point","coordinates":[23.736865300000034,38.084160700000041]},"properties":{"FID":1607,"Type":"ΑΙΤΙΑ ΥΠΟ ΕΚΔΙΚΑΣΗ","Municipali":"Δήμος Αχαρνών","Date":"2025/04"}},{"type":"Feature","id":1608,"geometry":{"type":"Point","coordinates":[23.64416680000005,37.995968340000047]},"properties":{"FID":1608,"Type":"ΟΔΗΓΟΣ-ΠΑΡΑΒΙΑΣΗ ΠΡΟΤΕΡΑΙΟΤΗΤΑΣ ΓΕΝΙΚΩΣ","Municipali":"Δήμος Κορυδαλλού","Date":"2025/04"}},{"type":"Feature","id":1609,"geometry":{"type":"Point","coordinates":[23.880388140000036,38.003839310000046]},"properties":{"FID":1609,"Type":"ΟΔΗΓΟΣ-ΛΟΙΠΑ ΑΙΤΙΑ ΑΝΑΦΕΡΟΜΕΝΑ ΣΕ ΟΔΗΓΟΥΣ","Municipali":"Δήμος Παλλήνης","Date":"2025/04"}},{"type":"Feature","id":1610,"geometry":{"type":"Point","coordinates":[23.702445030000035,38.03330402000006]},"properties":{"FID":1610,"Type":"ΟΔΗΓΟΣ-ΛΟΙΠΑ ΑΙΤΙΑ ΑΝΑΦΕΡΟΜΕΝΑ ΣΕ ΟΔΗΓΟΥΣ","Municipali":"Δήμος Ιλίου","Date":"2025/04"}},{"type":"Feature","id":1611,"geometry":{"type":"Point","coordinates":[23.710464840000043,37.96345191000006]},"properties":{"FID":1611,"Type":"ΑΙΤΙΑ ΥΠΟ ΕΚΔΙΚΑΣΗ","Municipali":"Δήμος Καλλιθέας","Date":"2025/04"}},{"type":"Feature","id":1612,"geometry":{"type":"Point","coordinates":[23.767156000000057,37.842770660000042]},"properties":{"FID":1612,"Type":"ΟΔΗΓΟΣ-ΛΟΙΠΕΣ ΠΑΡΑΒΙΑΣΕΙΣ ΣΗΜΑΝΣΕΩΝ ΕΝ ΓΕΝΕΙ","Municipali":"Δήμος Βάρης - Βούλας - Βουλιαγμένης","Date":"2025/04"}},{"type":"Feature","id":1613,"geometry":{"type":"Point","coordinates":[23.777160640000034,37.813403250000079]},"properties":{"FID":1613,"Type":"ΟΔΗΓΟΣ-ΛΟΙΠΑ ΑΙΤΙΑ ΑΝΑΦΕΡΟΜΕΝΑ ΣΕ ΟΔΗΓΟΥΣ","Municipali":"Δήμος Βάρης - Βούλας - Βουλιαγμένης","Date":"2025/04"}},{"type":"Feature","id":1614,"geometry":{"type":"Point","coordinates":[24.016730190000033,38.002900910000051]},"properties":{"FID":1614,"Type":"ΟΔΗΓΟΣ-ΛΟΙΠΑ ΑΙΤΙΑ ΑΝΑΦΕΡΟΜΕΝΑ ΣΕ ΟΔΗΓΟΥΣ","Municipali":"Δήμος Ραφήνας - Πικερμίου","Date":"2025/04"}},{"type":"Feature","id":1615,"geometry":{"type":"Point","coordinates":[23.797518610000054,38.027591190000066]},"properties":{"FID":1615,"Type":"ΟΔΗΓΟΣ-ΛΟΙΠΕΣ ΠΑΡΑΒΙΑΣΕΙΣ ΣΗΜΑΝΣΕΩΝ ΕΝ ΓΕΝΕΙ","Municipali":"Δήμος Χαλανδρίου","Date":"2025/04"}},{"type":"Feature","id":1616,"geometry":{"type":"Point","coordinates":[23.784370420000073,38.010669820000032]},"properties":{"FID":1616,"Type":"ΟΔΗΓΟΣ-ΛΟΙΠΑ ΑΙΤΙΑ ΑΝΑΦΕΡΟΜΕΝΑ ΣΕ ΟΔΗΓΟΥΣ","Municipali":"Δήμος Χαλανδρίου","Date":"2025/04"}},{"type":"Feature","id":1617,"geometry":{"type":"Point","coordinates":[23.701393600000074,37.935321510000051]},"properties":{"FID":1617,"Type":"ΟΔΗΓΟΣ-ΛΟΙΠΑ ΑΙΤΙΑ ΑΝΑΦΕΡΟΜΕΝΑ ΣΕ ΟΔΗΓΟΥΣ","Municipali":"Δήμος Παλαιού Φαλήρου","Date":"2025/04"}},{"type":"Feature","id":1618,"geometry":{"type":"Point","coordinates":[23.693368430000078,38.033549080000057]},"properties":{"FID":1618,"Type":"ΟΔΗΓΟΣ-ΛΟΙΠΑ ΑΙΤΙΑ ΑΝΑΦΕΡΟΜΕΝΑ ΣΕ ΟΔΗΓΟΥΣ","Municipali":"Δήμος Ιλίου","Date":"2025/04"}},{"type":"Feature","id":1619,"geometry":{"type":"Point","coordinates":[23.644305470000063,37.93344718000003]},"properties":{"FID":1619,"Type":"ΑΙΤΙΑ ΥΠΟ ΕΚΔΙΚΑΣΗ","Municipali":"Δήμος Πειραιώς","Date":"2025/04"}},{"type":"Feature","id":1620,"geometry":{"type":"Point","coordinates":[23.750960830000054,38.060898470000041]},"properties":{"FID":1620,"Type":"ΟΔΗΓΟΣ-ΛΟΙΠΑ ΑΙΤΙΑ ΑΝΑΦΕΡΟΜΕΝΑ ΣΕ ΟΔΗΓΟΥΣ","Municipali":"Δήμος Μεταμορφώσεως","Date":"2025/04"}},{"type":"Feature","id":1621,"geometry":{"type":"Point","coordinates":[23.75599802000005,37.979580790000057]},"properties":{"FID":1621,"Type":"ΟΔΗΓΟΣ-ΛΟΙΠΑ ΑΙΤΙΑ ΑΝΑΦΕΡΟΜΕΝΑ ΣΕ ΟΔΗΓΟΥΣ","Municipali":"Δήμος Αθηναίων","Date":"2025/04"}},{"type":"Feature","id":1622,"geometry":{"type":"Point","coordinates":[23.724922050000032,38.026599150000038]},"properties":{"FID":1622,"Type":"ΑΙΤΙΑ ΥΠΟ ΕΚΔΙΚΑΣΗ","Municipali":"Δήμος Αγίων Αναργύρων – Καματερού","Date":"2025/04"}},{"type":"Feature","id":1623,"geometry":{"type":"Point","coordinates":[23.823122980000051,38.025571310000032]},"properties":{"FID":1623,"Type":"ΑΙΤΙΑ ΥΠΟ ΕΚΔΙΚΑΣΗ","Municipali":"Δήμος Χαλανδρίου","Date":"2025/05"}},{"type":"Feature","id":1624,"geometry":{"type":"Point","coordinates":[23.708388810000031,38.020922840000026]},"properties":{"FID":1624,"Type":"ΑΙΤΙΑ ΥΠΟ ΕΚΔΙΚΑΣΗ","Municipali":"Δήμος Ιλίου","Date":"2025/05"}},{"type":"Feature","id":1625,"geometry":{"type":"Point","coordinates":[23.730854990000068,37.995824480000067]},"properties":{"FID":1625,"Type":"ΟΔΗΓΟΣ-ΛΟΙΠΑ ΑΙΤΙΑ ΑΝΑΦΕΡΟΜΕΝΑ ΣΕ ΟΔΗΓΟΥΣ","Municipali":"Δήμος Αθηναίων","Date":"2025/05"}},{"type":"Feature","id":1626,"geometry":{"type":"Point","coordinates":[23.715212350000058,38.029120850000027]},"properties":{"FID":1626,"Type":"ΑΙΤΙΑ ΥΠΟ ΕΚΔΙΚΑΣΗ","Municipali":"Δήμος Αγίων Αναργύρων – Καματερού","Date":"2025/05"}},{"type":"Feature","id":1627,"geometry":{"type":"Point","coordinates":[23.688368800000035,38.016007830000035]},"properties":{"FID":1627,"Type":"ΑΙΤΙΑ ΥΠΟ ΕΚΔΙΚΑΣΗ","Municipali":"Δήμος Περιστερίου","Date":"2025/05"}},{"type":"Feature","id":1628,"geometry":{"type":"Point","coordinates":[23.672274300000026,38.027281600000038]},"properties":{"FID":1628,"Type":"ΑΙΤΙΑ ΥΠΟ ΕΚΔΙΚΑΣΗ","Municipali":"Δήμος Περιστερίου","Date":"2025/05"}},{"type":"Feature","id":1629,"geometry":{"type":"Point","coordinates":[23.747162820000028,37.972349870000073]},"properties":{"FID":1629,"Type":"ΟΔΗΓΟΣ-ΛΟΙΠΑ ΑΙΤΙΑ ΑΝΑΦΕΡΟΜΕΝΑ ΣΕ ΟΔΗΓΟΥΣ","Municipali":"Δήμος Αθηναίων","Date":"2025/03"}},{"type":"Feature","id":1630,"geometry":{"type":"Point","coordinates":[23.719794800000045,37.903511500000036]},"properties":{"FID":1630,"Type":"ΟΔΗΓΟΣ-ΛΟΙΠΑ ΑΙΤΙΑ ΑΝΑΦΕΡΟΜΕΝΑ ΣΕ ΟΔΗΓΟΥΣ","Municipali":"Δήμος Αλίμου","Date":"2025/05"}},{"type":"Feature","id":1631,"geometry":{"type":"Point","coordinates":[23.767783640000061,38.005141210000033]},"properties":{"FID":1631,"Type":"ΑΙΤΙΑ ΥΠΟ ΕΚΔΙΚΑΣΗ","Municipali":"Δήμος Φιλοθέης - Ψυχικού","Date":"2025/05"}},{"type":"Feature","id":1632,"geometry":{"type":"Point","coordinates":[23.676111100000071,38.040457100000026]},"properties":{"FID":1632,"Type":"ΑΙΤΙΑ ΥΠΟ ΕΚΔΙΚΑΣΗ","Municipali":"Δήμος Πετρούπολης","Date":"2025/05"}},{"type":"Feature","id":1633,"geometry":{"type":"Point","coordinates":[23.646467330000064,38.012474560000044]},"properties":{"FID":1633,"Type":"ΑΙΤΙΑ ΥΠΟ ΕΚΔΙΚΑΣΗ","Municipali":"Δήμος Χαϊδαρίου","Date":"2025/05"}},{"type":"Feature","id":1634,"geometry":{"type":"Point","coordinates":[23.717100620000053,37.988349950000043]},"properties":{"FID":1634,"Type":"ΑΙΤΙΑ ΥΠΟ ΕΚΔΙΚΑΣΗ","Municipali":"Δήμος Αθηναίων","Date":"2025/05"}},{"type":"Feature","id":1635,"geometry":{"type":"Point","coordinates":[23.732099530000028,37.99463656000006]},"properties":{"FID":1635,"Type":"ΑΙΤΙΑ ΥΠΟ ΕΚΔΙΚΑΣΗ","Municipali":"Δήμος Αθηναίων","Date":"2025/05"}},{"type":"Feature","id":1636,"geometry":{"type":"Point","coordinates":[23.759307860000035,37.97603730000003]},"properties":{"FID":1636,"Type":"ΟΔΗΓΟΣ-ΛΟΙΠΑ ΑΙΤΙΑ ΑΝΑΦΕΡΟΜΕΝΑ ΣΕ ΟΔΗΓΟΥΣ","Municipali":"Δήμος Ζωγράφου","Date":"2025/05"}},{"type":"Feature","id":1637,"geometry":{"type":"Point","coordinates":[23.790464400000076,38.028064460000053]},"properties":{"FID":1637,"Type":"ΑΙΤΙΑ ΥΠΟ ΕΚΔΙΚΑΣΗ","Municipali":"Δήμος Αμαρουσίου","Date":"2025/05"}},{"type":"Feature","id":1638,"geometry":{"type":"Point","coordinates":[23.791770640000038,38.402450120000026]},"properties":{"FID":1638,"Type":"ΑΙΤΙΑ ΥΠΟ ΕΚΔΙΚΑΣΗ","Municipali":"Δήμος Ερέτριας","Date":"2025/05"}},{"type":"Feature","id":1639,"geometry":{"type":"Point","coordinates":[23.802416320000077,37.833107100000063]},"properties":{"FID":1639,"Type":"ΟΔΗΓΟΣ-ΛΟΙΠΑ ΑΙΤΙΑ ΑΝΑΦΕΡΟΜΕΝΑ ΣΕ ΟΔΗΓΟΥΣ","Municipali":"Δήμος Βάρης - Βούλας - Βουλιαγμένης","Date":"2025/05"}},{"type":"Feature","id":1640,"geometry":{"type":"Point","coordinates":[23.783190250000075,37.98395282000007]},"properties":{"FID":1640,"Type":"ΑΙΤΙΑ ΥΠΟ ΕΚΔΙΚΑΣΗ","Municipali":"Δήμος Παπάγου - Χολαργού","Date":"2025/05"}},{"type":"Feature","id":1641,"geometry":{"type":"Point","coordinates":[23.426899510000055,38.022721130000036]},"properties":{"FID":1641,"Type":"ΑΙΤΙΑ ΥΠΟ ΕΚΔΙΚΑΣΗ","Municipali":"Δήμος Μεγαρέων","Date":"2025/05"}},{"type":"Feature","id":1642,"geometry":{"type":"Point","coordinates":[23.700122240000042,38.029611010000053]},"properties":{"FID":1642,"Type":"ΑΙΤΙΑ ΥΠΟ ΕΚΔΙΚΑΣΗ","Municipali":"Δήμος Ιλίου","Date":"2025/05"}},{"type":"Feature","id":1643,"geometry":{"type":"Point","coordinates":[23.757226470000035,37.968636880000076]},"properties":{"FID":1643,"Type":"ΟΔΗΓΟΣ-ΛΟΙΠΑ ΑΙΤΙΑ ΑΝΑΦΕΡΟΜΕΝΑ ΣΕ ΟΔΗΓΟΥΣ","Municipali":"Δήμος Καισαριανής","Date":"2025/05"}},{"type":"Feature","id":1644,"geometry":{"type":"Point","coordinates":[23.637609390000023,37.957964010000069]},"properties":{"FID":1644,"Type":"ΟΔΗΓΟΣ-ΠΑΡΑΒΙΑΣΗ ΠΡΟΤΕΡΑΙΟΤΗΤΑΣ ΓΕΝΙΚΩΣ","Municipali":"Δήμος Πειραιώς","Date":"2025/05"}},{"type":"Feature","id":1645,"geometry":{"type":"Point","coordinates":[23.621662120000053,37.970123710000053]},"properties":{"FID":1645,"Type":"ΟΔΗΓΟΣ-ΛΟΙΠΑ ΑΙΤΙΑ ΑΝΑΦΕΡΟΜΕΝΑ ΣΕ ΟΔΗΓΟΥΣ","Municipali":"Δήμος Κερατσινίου - Δραπετσώνας","Date":"2025/02"}},{"type":"Feature","id":1646,"geometry":{"type":"Point","coordinates":[23.639436900000078,37.958076300000073]},"properties":{"FID":1646,"Type":"ΑΙΤΙΑ ΥΠΟ ΕΚΔΙΚΑΣΗ","Municipali":"Δήμος Πειραιώς","Date":"2025/02"}},{"type":"Feature","id":1647,"geometry":{"type":"Point","coordinates":[23.748337630000037,38.08836430000008]},"properties":{"FID":1647,"Type":"ΑΙΤΙΑ ΥΠΟ ΕΚΔΙΚΑΣΗ","Municipali":"Δήμος Αχαρνών","Date":"2025/02"}},{"type":"Feature","id":1648,"geometry":{"type":"Point","coordinates":[23.75561698000007,37.98761759000007]},"properties":{"FID":1648,"Type":"ΟΔΗΓΟΣ-ΑΠΟΣΠΑΣΗ ΤΗΣ ΠΡΟΣΟΧΗΣ ΤΟΥ ΟΔΗΓΟΥ","Municipali":"Δήμος Αθηναίων","Date":"2025/03"}},{"type":"Feature","id":1649,"geometry":{"type":"Point","coordinates":[23.703105700000037,37.967566600000055]},"properties":{"FID":1649,"Type":"ΟΔΗΓΟΣ-ΑΠΟΣΠΑΣΗ ΤΗΣ ΠΡΟΣΟΧΗΣ ΤΟΥ ΟΔΗΓΟΥ","Municipali":"Δήμος Αθηναίων","Date":"2025/03"}},{"type":"Feature","id":1650,"geometry":{"type":"Point","coordinates":[23.81693370000005,37.821573400000034]},"properties":{"FID":1650,"Type":"ΑΙΤΙΑ ΥΠΟ ΕΚΔΙΚΑΣΗ","Municipali":"Δήμος Βάρης - Βούλας - Βουλιαγμένης","Date":"2025/02"}},{"type":"Feature","id":1651,"geometry":{"type":"Point","coordinates":[23.807367680000027,38.01889433000008]},"properties":{"FID":1651,"Type":"ΑΙΤΙΑ ΥΠΟ ΕΚΔΙΚΑΣΗ","Municipali":"Δήμος Χαλανδρίου","Date":"2025/02"}},{"type":"Feature","id":1652,"geometry":{"type":"Point","coordinates":[23.641140460000031,37.953250070000024]},"properties":{"FID":1652,"Type":"ΑΙΤΙΑ ΥΠΟ ΕΚΔΙΚΑΣΗ","Municipali":"Δήμος Πειραιώς","Date":"2025/02"}},{"type":"Feature","id":1653,"geometry":{"type":"Point","coordinates":[23.722593780000068,37.981601930000068]},"properties":{"FID":1653,"Type":"ΟΔΗΓΟΣ-ΛΟΙΠΕΣ ΠΑΡΑΒΙΑΣΕΙΣ ΣΗΜΑΝΣΕΩΝ ΕΝ ΓΕΝΕΙ","Municipali":"Δήμος Αθηναίων","Date":"2025/03"}},{"type":"Feature","id":1654,"geometry":{"type":"Point","coordinates":[23.723918800000035,37.95463747000008]},"properties":{"FID":1654,"Type":"ΕΠΙΒΑΤΗΣ-ΛΟΙΠΑ ΑΙΤΙΑ ΑΝΑΦΕΡΟΜΕΝΑ ΣΕ ΕΠΙΒΑΤΕΣ","Municipali":"Δήμος Αθηναίων","Date":"2025/03"}},{"type":"Feature","id":1655,"geometry":{"type":"Point","coordinates":[23.853024240000025,37.956168650000052]},"properties":{"FID":1655,"Type":"ΟΔΗΓΟΣ-ΠΑΡΑΒΙΑΣΗ ΠΡΟΤΕΡΑΙΟΤΗΤΑΣ ΓΕΝΙΚΩΣ","Municipali":"Δήμος Παιανίας","Date":"2025/03"}},{"type":"Feature","id":1656,"geometry":{"type":"Point","coordinates":[23.854789140000037,37.986130280000054]},"properties":{"FID":1656,"Type":"ΟΔΗΓΟΣ-ΠΑΡΑΒΙΑΣΗ ΠΡΟΤΕΡΑΙΟΤΗΤΑΣ ΓΕΝΙΚΩΣ","Municipali":"Δήμος Παλλήνης","Date":"2025/03"}},{"type":"Feature","id":1657,"geometry":{"type":"Point","coordinates":[23.736950100000058,38.015449000000046]},"properties":{"FID":1657,"Type":"ΑΙΤΙΑ ΥΠΟ ΕΚΔΙΚΑΣΗ","Municipali":"Δήμος Αθηναίων","Date":"2025/03"}},{"type":"Feature","id":1658,"geometry":{"type":"Point","coordinates":[23.755102180000051,38.01734569000007]},"properties":{"FID":1658,"Type":"ΟΔΗΓΟΣ-ΠΑΡΑΒΙΑΣΗ ΠΡΟΤΕΡΑΙΟΤΗΤΑΣ ΓΕΝΙΚΩΣ","Municipali":"Δήμος Γαλατσίου","Date":"2025/03"}},{"type":"Feature","id":1659,"geometry":{"type":"Point","coordinates":[23.522286420000057,38.075021180000078]},"properties":{"FID":1659,"Type":"ΑΙΤΙΑ ΥΠΟ ΕΚΔΙΚΑΣΗ","Municipali":"Δήμος Ελευσίνας","Date":"2025/03"}},{"type":"Feature","id":1660,"geometry":{"type":"Point","coordinates":[23.740714790000027,38.069936640000037]},"properties":{"FID":1660,"Type":"ΑΙΤΙΑ ΥΠΟ ΕΚΔΙΚΑΣΗ","Municipali":"Δήμος Αχαρνών","Date":"2025/03"}},{"type":"Feature","id":1661,"geometry":{"type":"Point","coordinates":[23.648865220000062,37.973449350000067]},"properties":{"FID":1661,"Type":"ΟΔΗΓΟΣ-ΛΟΙΠΕΣ ΠΑΡΑΒΙΑΣΕΙΣ ΣΗΜΑΝΣΕΩΝ ΕΝ ΓΕΝΕΙ","Municipali":"Δήμος Κορυδαλλού","Date":"2025/03"}},{"type":"Feature","id":1662,"geometry":{"type":"Point","coordinates":[23.762311940000075,37.853830720000076]},"properties":{"FID":1662,"Type":"ΟΔΗΓΟΣ-ΛΟΙΠΑ ΑΙΤΙΑ ΑΝΑΦΕΡΟΜΕΝΑ ΣΕ ΟΔΗΓΟΥΣ","Municipali":"Δήμος Γλυφάδας","Date":"2025/03"}},{"type":"Feature","id":1663,"geometry":{"type":"Point","coordinates":[23.674764630000027,37.972789670000054]},"properties":{"FID":1663,"Type":"ΑΙΤΙΑ ΥΠΟ ΕΚΔΙΚΑΣΗ","Municipali":"Δήμος Νίκαιας - Αγίου Ιωάννη Ρέντη","Date":"2025/03"}},{"type":"Feature","id":1664,"geometry":{"type":"Point","coordinates":[23.663080930000035,37.947860960000071]},"properties":{"FID":1664,"Type":"ΑΙΤΙΑ ΥΠΟ ΕΚΔΙΚΑΣΗ","Municipali":"Δήμος Πειραιώς","Date":"2025/03"}},{"type":"Feature","id":1665,"geometry":{"type":"Point","coordinates":[23.750951500000042,37.969935400000054]},"properties":{"FID":1665,"Type":"ΟΔΗΓΟΣ-ΛΟΙΠΕΣ ΠΑΡΑΒΙΑΣΕΙΣ ΣΗΜΑΝΣΕΩΝ ΕΝ ΓΕΝΕΙ","Municipali":"Δήμος Αθηναίων","Date":"2025/03"}},{"type":"Feature","id":1666,"geometry":{"type":"Point","coordinates":[23.764318230000072,37.891001710000069]},"properties":{"FID":1666,"Type":"ΟΔΗΓΟΣ-ΠΑΡΑΒΙΑΣΗ ΠΡΟΤΕΡΑΙΟΤΗΤΑΣ ΓΕΝΙΚΩΣ","Municipali":"Δήμος Γλυφάδας","Date":"2025/03"}},{"type":"Feature","id":1667,"geometry":{"type":"Point","coordinates":[23.75426611000006,37.964554120000059]},"properties":{"FID":1667,"Type":"ΑΙΤΙΑ ΥΠΟ ΕΚΔΙΚΑΣΗ","Municipali":"Δήμος Βύρωνα","Date":"2025/03"}},{"type":"Feature","id":1668,"geometry":{"type":"Point","coordinates":[23.734797840000056,38.118554660000029]},"properties":{"FID":1668,"Type":"ΑΙΤΙΑ ΥΠΟ ΕΚΔΙΚΑΣΗ","Municipali":"Δήμος Αχαρνών","Date":"2025/03"}},{"type":"Feature","id":1669,"geometry":{"type":"Point","coordinates":[23.707546590000049,38.031284290000031]},"properties":{"FID":1669,"Type":"ΑΙΤΙΑ ΥΠΟ ΕΚΔΙΚΑΣΗ","Municipali":"Δήμος Ιλίου","Date":"2025/04"}},{"type":"Feature","id":1670,"geometry":{"type":"Point","coordinates":[23.715147060000049,38.001174110000079]},"properties":{"FID":1670,"Type":"ΟΔΗΓΟΣ-ΑΠΟΣΠΑΣΗ ΤΗΣ ΠΡΟΣΟΧΗΣ ΤΟΥ ΟΔΗΓΟΥ","Municipali":"Δήμος Αθηναίων","Date":"2025/04"}},{"type":"Feature","id":1671,"geometry":{"type":"Point","coordinates":[23.718067500000075,38.004247000000078]},"properties":{"FID":1671,"Type":"ΑΙΤΙΑ ΥΠΟ ΕΚΔΙΚΑΣΗ","Municipali":"Δήμος Αθηναίων","Date":"2025/01"}},{"type":"Feature","id":1672,"geometry":{"type":"Point","coordinates":[23.713114860000076,37.909749470000065]},"properties":{"FID":1672,"Type":"ΟΔΗΓΟΣ-ΜΗ ΤΗΡΗΣΗ ΑΠΟΣΤΑΣΗΣ ΑΣΦΑΛΕΙΑΣ","Municipali":"Δήμος Αλίμου","Date":"2025/04"}},{"type":"Feature","id":1673,"geometry":{"type":"Point","coordinates":[23.689592410000046,38.017966500000057]},"properties":{"FID":1673,"Type":"ΑΙΤΙΑ ΥΠΟ ΕΚΔΙΚΑΣΗ","Municipali":"Δήμος Περιστερίου","Date":"2025/04"}},{"type":"Feature","id":1674,"geometry":{"type":"Point","coordinates":[23.816084860000046,38.01636706000005]},"properties":{"FID":1674,"Type":"ΑΙΤΙΑ ΥΠΟ ΕΚΔΙΚΑΣΗ","Municipali":"Δήμος Χαλανδρίου","Date":"2025/04"}},{"type":"Feature","id":1675,"geometry":{"type":"Point","coordinates":[23.700551390000044,37.954810890000033]},"properties":{"FID":1675,"Type":"ΑΙΤΙΑ ΥΠΟ ΕΚΔΙΚΑΣΗ","Municipali":"Δήμος Καλλιθέας","Date":"2025/04"}},{"type":"Feature","id":1676,"geometry":{"type":"Point","coordinates":[23.758481740000036,37.946820320000029]},"properties":{"FID":1676,"Type":"ΟΔΗΓΟΣ-ΛΟΙΠΑ ΑΙΤΙΑ ΑΝΑΦΕΡΟΜΕΝΑ ΣΕ ΟΔΗΓΟΥΣ","Municipali":"Δήμος Ηλιούπολης","Date":"2025/04"}},{"type":"Feature","id":1677,"geometry":{"type":"Point","coordinates":[23.617666600000064,37.951281400000028]},"properties":{"FID":1677,"Type":"ΑΙΤΙΑ ΥΠΟ ΕΚΔΙΚΑΣΗ","Municipali":"Δήμος Κερατσινίου - Δραπετσώνας","Date":"2025/04"}},{"type":"Feature","id":1678,"geometry":{"type":"Point","coordinates":[23.993883130000029,37.891890740000065]},"properties":{"FID":1678,"Type":"ΑΙΤΙΑ ΥΠΟ ΕΚΔΙΚΑΣΗ","Municipali":"Δήμος Μαρκόπουλου Μεσογαίας","Date":"2025/03"}},{"type":"Feature","id":1679,"geometry":{"type":"Point","coordinates":[23.741530180000041,37.942133020000028]},"properties":{"FID":1679,"Type":"ΑΙΤΙΑ ΥΠΟ ΕΚΔΙΚΑΣΗ","Municipali":"Δήμος Αγίου Δημητρίου","Date":"2025/04"}},{"type":"Feature","id":1680,"geometry":{"type":"Point","coordinates":[23.745296000000053,37.929609520000042]},"properties":{"FID":1680,"Type":"ΑΙΤΙΑ ΥΠΟ ΕΚΔΙΚΑΣΗ","Municipali":"Δήμος Ηλιούπολης","Date":"2025/04"}},{"type":"Feature","id":1681,"geometry":{"type":"Point","coordinates":[23.809518810000043,38.087435420000077]},"properties":{"FID":1681,"Type":"ΑΙΤΙΑ ΥΠΟ ΕΚΔΙΚΑΣΗ","Municipali":"Δήμος Κηφισιάς","Date":"2025/04"}},{"type":"Feature","id":1682,"geometry":{"type":"Point","coordinates":[23.739889300000073,37.997306600000059]},"properties":{"FID":1682,"Type":"ΟΔΗΓΟΣ-ΠΑΡΑΛΕΙΨΗ ΣΗΜ.ΠΡΟΘΕΣΗΣ ΣΤΡΟΦ.Η ΑΛΛΑΓΗΣ ΠΟΡΕΙΑΣ","Municipali":"Δήμος Αθηναίων","Date":"2025/04"}},{"type":"Feature","id":1683,"geometry":{"type":"Point","coordinates":[23.776462410000079,37.992480830000034]},"properties":{"FID":1683,"Type":"ΟΔΗΓΟΣ-ΑΠΟΣΠΑΣΗ ΤΗΣ ΠΡΟΣΟΧΗΣ ΤΟΥ ΟΔΗΓΟΥ","Municipali":"Δήμος Αθηναίων","Date":"2025/04"}},{"type":"Feature","id":1684,"geometry":{"type":"Point","coordinates":[23.772567500000036,37.838288400000067]},"properties":{"FID":1684,"Type":"ΑΙΤΙΑ ΥΠΟ ΕΚΔΙΚΑΣΗ","Municipali":"Δήμος Βάρης - Βούλας - Βουλιαγμένης","Date":"2025/04"}},{"type":"Feature","id":1685,"geometry":{"type":"Point","coordinates":[23.74950350000006,37.869810900000061]},"properties":{"FID":1685,"Type":"ΟΔΗΓΟΣ-ΛΟΙΠΑ ΑΙΤΙΑ ΑΝΑΦΕΡΟΜΕΝΑ ΣΕ ΟΔΗΓΟΥΣ","Municipali":"Δήμος Γλυφάδας","Date":"2025/04"}},{"type":"Feature","id":1686,"geometry":{"type":"Point","coordinates":[23.775808810000058,37.96521129000007]},"properties":{"FID":1686,"Type":"ΟΔΗΓΟΣ-ΚΙΝΗΣΗ ΣΤΟ ΑΝΤΙΘΕΤΟ ΡΕΥΜΑ","Municipali":"Δήμος Καισαριανής","Date":"2025/04"}},{"type":"Feature","id":1687,"geometry":{"type":"Point","coordinates":[23.741127850000055,37.941159990000074]},"properties":{"FID":1687,"Type":"ΑΙΤΙΑ ΥΠΟ ΕΚΔΙΚΑΣΗ","Municipali":"Δήμος Ηλιούπολης","Date":"2025/04"}},{"type":"Feature","id":1688,"geometry":{"type":"Point","coordinates":[23.769843580000042,37.989880430000028]},"properties":{"FID":1688,"Type":"ΑΙΤΙΑ ΥΠΟ ΕΚΔΙΚΑΣΗ","Municipali":"Δήμος Αθηναίων","Date":"2025/04"}},{"type":"Feature","id":1689,"geometry":{"type":"Point","coordinates":[23.705192560000057,38.001653020000049]},"properties":{"FID":1689,"Type":"ΑΙΤΙΑ ΥΠΟ ΕΚΔΙΚΑΣΗ","Municipali":"Δήμος Αθηναίων","Date":"2025/04"}},{"type":"Feature","id":1690,"geometry":{"type":"Point","coordinates":[23.747742200000062,37.923994900000025]},"properties":{"FID":1690,"Type":"ΑΙΤΙΑ ΥΠΟ ΕΚΔΙΚΑΣΗ","Municipali":"Δήμος Ηλιούπολης","Date":"2025/04"}},{"type":"Feature","id":1691,"geometry":{"type":"Point","coordinates":[23.768444900000077,37.841904500000055]},"properties":{"FID":1691,"Type":"ΟΔΗΓΟΣ-ΛΟΙΠΑ ΑΙΤΙΑ ΑΝΑΦΕΡΟΜΕΝΑ ΣΕ ΟΔΗΓΟΥΣ","Municipali":"Δήμος Βάρης - Βούλας - Βουλιαγμένης","Date":"2025/04"}},{"type":"Feature","id":1692,"geometry":{"type":"Point","coordinates":[23.774510620000058,37.981864080000037]},"properties":{"FID":1692,"Type":"ΟΔΗΓΟΣ-ΛΟΙΠΑ ΑΙΤΙΑ ΑΝΑΦΕΡΟΜΕΝΑ ΣΕ ΟΔΗΓΟΥΣ","Municipali":"Δήμος Ζωγράφου","Date":"2025/04"}},{"type":"Feature","id":1693,"geometry":{"type":"Point","coordinates":[23.732246500000031,38.063944800000058]},"properties":{"FID":1693,"Type":"ΑΙΤΙΑ ΥΠΟ ΕΚΔΙΚΑΣΗ","Municipali":"Δήμος Αχαρνών","Date":"2025/05"}},{"type":"Feature","id":1694,"geometry":{"type":"Point","coordinates":[23.73351574000003,37.963942510000038]},"properties":{"FID":1694,"Type":"ΟΔΗΓΟΣ-ΛΟΙΠΑ ΑΙΤΙΑ ΑΝΑΦΕΡΟΜΕΝΑ ΣΕ ΟΔΗΓΟΥΣ","Municipali":"Δήμος Αθηναίων","Date":"2025/05"}},{"type":"Feature","id":1695,"geometry":{"type":"Point","coordinates":[23.66714716000007,37.970590660000028]},"properties":{"FID":1695,"Type":"ΑΙΤΙΑ ΥΠΟ ΕΚΔΙΚΑΣΗ","Municipali":"Δήμος Νίκαιας - Αγίου Ιωάννη Ρέντη","Date":"2025/05"}},{"type":"Feature","id":1696,"geometry":{"type":"Point","coordinates":[23.644863370000053,37.931445870000061]},"properties":{"FID":1696,"Type":"ΑΙΤΙΑ ΥΠΟ ΕΚΔΙΚΑΣΗ","Municipali":"Δήμος Πειραιώς","Date":"2025/05"}},{"type":"Feature","id":1697,"geometry":{"type":"Point","coordinates":[23.650458460000038,37.944827830000065]},"properties":{"FID":1697,"Type":"ΑΙΤΙΑ ΥΠΟ ΕΚΔΙΚΑΣΗ","Municipali":"Δήμος Πειραιώς","Date":"2025/05"}},{"type":"Feature","id":1698,"geometry":{"type":"Point","coordinates":[23.641499880000026,37.932423260000064]},"properties":{"FID":1698,"Type":"ΑΙΤΙΑ ΥΠΟ ΕΚΔΙΚΑΣΗ","Municipali":"Δήμος Πειραιώς","Date":"2025/05"}},{"type":"Feature","id":1699,"geometry":{"type":"Point","coordinates":[23.797159190000059,38.043794680000076]},"properties":{"FID":1699,"Type":"ΟΔΗΓΟΣ-ΛΟΙΠΑ ΑΙΤΙΑ ΑΝΑΦΕΡΟΜΕΝΑ ΣΕ ΟΔΗΓΟΥΣ","Municipali":"Δήμος Αμαρουσίου","Date":"2025/05"}},{"type":"Feature","id":1700,"geometry":{"type":"Point","coordinates":[23.729717730000061,38.008421230000067]},"properties":{"FID":1700,"Type":"ΟΔΗΓΟΣ-ΛΟΙΠΑ ΑΙΤΙΑ ΑΝΑΦΕΡΟΜΕΝΑ ΣΕ ΟΔΗΓΟΥΣ","Municipali":"Δήμος Αθηναίων","Date":"2025/05"}},{"type":"Feature","id":1701,"geometry":{"type":"Point","coordinates":[23.700116870000045,38.010940320000032]},"properties":{"FID":1701,"Type":"ΑΙΤΙΑ ΥΠΟ ΕΚΔΙΚΑΣΗ","Municipali":"Δήμος Περιστερίου","Date":"2025/05"}},{"type":"Feature","id":1702,"geometry":{"type":"Point","coordinates":[23.822194930000023,38.03348993000003]},"properties":{"FID":1702,"Type":"ΑΙΤΙΑ ΥΠΟ ΕΚΔΙΚΑΣΗ","Municipali":"Δήμος Χαλανδρίου","Date":"2025/05"}},{"type":"Feature","id":1703,"geometry":{"type":"Point","coordinates":[23.880833390000078,37.933730660000037]},"properties":{"FID":1703,"Type":"ΑΙΤΙΑ ΥΠΟ ΕΚΔΙΚΑΣΗ","Municipali":"Δήμος Κρωπίας","Date":"2025/05"}},{"type":"Feature","id":1704,"geometry":{"type":"Point","coordinates":[23.732324840000047,38.301687020000031]},"properties":{"FID":1704,"Type":"ΑΙΤΙΑ ΥΠΟ ΕΚΔΙΚΑΣΗ","Municipali":"Δήμος Ωρωπού","Date":"2025/05"}},{"type":"Feature","id":1705,"geometry":{"type":"Point","coordinates":[23.739824300000066,37.942979130000026]},"properties":{"FID":1705,"Type":"ΟΔΗΓΟΣ-ΛΟΙΠΑ ΑΙΤΙΑ ΑΝΑΦΕΡΟΜΕΝΑ ΣΕ ΟΔΗΓΟΥΣ","Municipali":"Δήμος Αγίου Δημητρίου","Date":"2025/05"}},{"type":"Feature","id":1706,"geometry":{"type":"Point","coordinates":[23.748686310000039,37.988840390000064]},"properties":{"FID":1706,"Type":"ΑΙΤΙΑ ΥΠΟ ΕΚΔΙΚΑΣΗ","Municipali":"Δήμος Αθηναίων","Date":"2025/05"}},{"type":"Feature","id":1707,"geometry":{"type":"Point","coordinates":[23.577711580000027,38.086025200000051]},"properties":{"FID":1707,"Type":"ΟΔΗΓΟΣ-ΛΟΙΠΕΣ ΠΑΡΑΒΙΑΣΕΙΣ ΣΗΜΑΝΣΕΩΝ ΕΝ ΓΕΝΕΙ","Municipali":"Δήμος Ασπροπύργου","Date":"2025/05"}},{"type":"Feature","id":1708,"geometry":{"type":"Point","coordinates":[23.628588470000068,37.953649660000053]},"properties":{"FID":1708,"Type":"ΟΔΗΓΟΣ-ΠΑΡΑΒΙΑΣΗ ΠΡΟΤΕΡΑΙΟΤΗΤΑΣ ΓΕΝΙΚΩΣ","Municipali":"Δήμος Πειραιώς","Date":"2025/05"}},{"type":"Feature","id":1709,"geometry":{"type":"Point","coordinates":[23.824099300000057,38.096411210000042]},"properties":{"FID":1709,"Type":"ΑΙΤΙΑ ΥΠΟ ΕΚΔΙΚΑΣΗ","Municipali":"Δήμος Κηφισιάς","Date":"2025/05"}},{"type":"Feature","id":1710,"geometry":{"type":"Point","coordinates":[23.76848638000007,38.394856680000032]},"properties":{"FID":1710,"Type":"ΑΙΤΙΑ ΥΠΟ ΕΚΔΙΚΑΣΗ","Municipali":"Δήμος Ερέτριας","Date":"2025/05"}},{"type":"Feature","id":1711,"geometry":{"type":"Point","coordinates":[23.712036600000033,38.031070850000049]},"properties":{"FID":1711,"Type":"ΑΙΤΙΑ ΥΠΟ ΕΚΔΙΚΑΣΗ","Municipali":"Δήμος Ιλίου","Date":"2025/05"}},{"type":"Feature","id":1712,"geometry":{"type":"Point","coordinates":[23.639068980000047,37.976804050000055]},"properties":{"FID":1712,"Type":"ΟΔΗΓΟΣ-ΛΟΙΠΑ ΑΙΤΙΑ ΑΝΑΦΕΡΟΜΕΝΑ ΣΕ ΟΔΗΓΟΥΣ","Municipali":"Δήμος Νίκαιας - Αγίου Ιωάννη Ρέντη","Date":"2025/05"}},{"type":"Feature","id":1713,"geometry":{"type":"Point","coordinates":[23.732507230000067,38.027227780000032]},"properties":{"FID":1713,"Type":"ΑΙΤΙΑ ΥΠΟ ΕΚΔΙΚΑΣΗ","Municipali":"Δήμος Νέας Φιλαδέλφειας - Νέας Χαλκηδόνας","Date":"2025/05"}},{"type":"Feature","id":1714,"geometry":{"type":"Point","coordinates":[23.762461760000065,37.987488810000059]},"properties":{"FID":1714,"Type":"ΟΔΗΓΟΣ-ΑΠΟΣΠΑΣΗ ΤΗΣ ΠΡΟΣΟΧΗΣ ΤΟΥ ΟΔΗΓΟΥ","Municipali":"Δήμος Αθηναίων","Date":"2025/02"}},{"type":"Feature","id":1715,"geometry":{"type":"Point","coordinates":[23.738808800000072,37.979422800000066]},"properties":{"FID":1715,"Type":"ΟΔΗΓΟΣ-ΛΟΙΠΑ ΑΙΤΙΑ ΑΝΑΦΕΡΟΜΕΝΑ ΣΕ ΟΔΗΓΟΥΣ","Municipali":"Δήμος Αθηναίων","Date":"2025/02"}},{"type":"Feature","id":1716,"geometry":{"type":"Point","coordinates":[23.76521925000003,37.986738930000058]},"properties":{"FID":1716,"Type":"ΑΙΤΙΑ ΥΠΟ ΕΚΔΙΚΑΣΗ","Municipali":"Δήμος Αθηναίων","Date":"2025/02"}},{"type":"Feature","id":1717,"geometry":{"type":"Point","coordinates":[23.751583100000062,37.89360103000007]},"properties":{"FID":1717,"Type":"ΟΔΗΓΟΣ-ΛΟΙΠΑ ΑΙΤΙΑ ΑΝΑΦΕΡΟΜΕΝΑ ΣΕ ΟΔΗΓΟΥΣ","Municipali":"Δήμος Ελληνικού - Αργυρούπολης","Date":"2025/02"}},{"type":"Feature","id":1718,"geometry":{"type":"Point","coordinates":[23.753471500000046,37.950547400000062]},"properties":{"FID":1718,"Type":"ΟΔΗΓΟΣ-ΑΠΟΣΠΑΣΗ ΤΗΣ ΠΡΟΣΟΧΗΣ ΤΟΥ ΟΔΗΓΟΥ","Municipali":"Δήμος Δάφνης - Υμηττού","Date":"2025/02"}},{"type":"Feature","id":1719,"geometry":{"type":"Point","coordinates":[23.71153226000007,37.980916020000052]},"properties":{"FID":1719,"Type":"ΟΔΗΓΟΣ-ΑΠΟΣΠΑΣΗ ΤΗΣ ΠΡΟΣΟΧΗΣ ΤΟΥ ΟΔΗΓΟΥ","Municipali":"Δήμος Αθηναίων","Date":"2025/02"}},{"type":"Feature","id":1720,"geometry":{"type":"Point","coordinates":[23.934316570000078,37.879762440000036]},"properties":{"FID":1720,"Type":"ΑΙΤΙΑ ΥΠΟ ΕΚΔΙΚΑΣΗ","Municipali":"Δήμος Μαρκόπουλου Μεσογαίας","Date":"2025/02"}},{"type":"Feature","id":1721,"geometry":{"type":"Point","coordinates":[23.759608270000058,38.023585180000055]},"properties":{"FID":1721,"Type":"ΑΙΤΙΑ ΥΠΟ ΕΚΔΙΚΑΣΗ","Municipali":"Δήμος Γαλατσίου","Date":"2025/02"}},{"type":"Feature","id":1722,"geometry":{"type":"Point","coordinates":[23.738085600000034,38.006506390000027]},"properties":{"FID":1722,"Type":"ΟΔΗΓΟΣ-ΛΟΙΠΑ ΑΙΤΙΑ ΑΝΑΦΕΡΟΜΕΝΑ ΣΕ ΟΔΗΓΟΥΣ","Municipali":"Δήμος Αθηναίων","Date":"2025/02"}},{"type":"Feature","id":1723,"geometry":{"type":"Point","coordinates":[23.735853950000035,37.957010260000061]},"properties":{"FID":1723,"Type":"ΟΔΗΓΟΣ-ΑΠΟΣΠΑΣΗ ΤΗΣ ΠΡΟΣΟΧΗΣ ΤΟΥ ΟΔΗΓΟΥ","Municipali":"Δήμος Αθηναίων","Date":"2025/02"}},{"type":"Feature","id":1724,"geometry":{"type":"Point","coordinates":[23.729319740000051,37.986042480000037]},"properties":{"FID":1724,"Type":"ΟΔΗΓΟΣ-ΑΠΟΣΠΑΣΗ ΤΗΣ ΠΡΟΣΟΧΗΣ ΤΟΥ ΟΔΗΓΟΥ","Municipali":"Δήμος Αθηναίων","Date":"2025/02"}},{"type":"Feature","id":1725,"geometry":{"type":"Point","coordinates":[23.714383000000055,37.984255300000029]},"properties":{"FID":1725,"Type":"ΟΔΗΓΟΣ-ΛΟΙΠΑ ΑΙΤΙΑ ΑΝΑΦΕΡΟΜΕΝΑ ΣΕ ΟΔΗΓΟΥΣ","Municipali":"Δήμος Αθηναίων","Date":"2025/02"}},{"type":"Feature","id":1726,"geometry":{"type":"Point","coordinates":[23.603487610000059,38.080932990000065]},"properties":{"FID":1726,"Type":"ΟΔΗΓΟΣ-ΛΟΙΠΕΣ ΠΑΡΑΒΙΑΣΕΙΣ ΣΗΜΑΝΣΕΩΝ ΕΝ ΓΕΝΕΙ","Municipali":"Δήμος Ασπροπύργου","Date":"2025/02"}},{"type":"Feature","id":1727,"geometry":{"type":"Point","coordinates":[23.746175770000036,38.056357840000032]},"properties":{"FID":1727,"Type":"ΟΔΗΓΟΣ-ΛΟΙΠΑ ΑΙΤΙΑ ΑΝΑΦΕΡΟΜΕΝΑ ΣΕ ΟΔΗΓΟΥΣ","Municipali":"Δήμος Μεταμορφώσεως","Date":"2025/02"}},{"type":"Feature","id":1728,"geometry":{"type":"Point","coordinates":[23.735659380000072,38.004100100000073]},"properties":{"FID":1728,"Type":"ΟΔΗΓΟΣ-ΑΠΟΣΠΑΣΗ ΤΗΣ ΠΡΟΣΟΧΗΣ ΤΟΥ ΟΔΗΓΟΥ","Municipali":"Δήμος Αθηναίων","Date":"2025/04"}},{"type":"Feature","id":1729,"geometry":{"type":"Point","coordinates":[23.69433403000005,38.022114570000042]},"properties":{"FID":1729,"Type":"ΑΙΤΙΑ ΥΠΟ ΕΚΔΙΚΑΣΗ","Municipali":"Δήμος Περιστερίου","Date":"2025/04"}},{"type":"Feature","id":1730,"geometry":{"type":"Point","coordinates":[23.924296190000064,37.844387590000053]},"properties":{"FID":1730,"Type":"ΟΔΗΓΟΣ-ΛΟΙΠΕΣ ΠΑΡΑΒΙΑΣΕΙΣ ΣΗΜΑΝΣΕΩΝ ΕΝ ΓΕΝΕΙ","Municipali":"Δήμος Σαρωνικού","Date":"2025/04"}},{"type":"Feature","id":1731,"geometry":{"type":"Point","coordinates":[23.944715620000068,37.890476170000056]},"properties":{"FID":1731,"Type":"ΑΙΤΙΑ ΥΠΟ ΕΚΔΙΚΑΣΗ","Municipali":"Δήμος Μαρκόπουλου Μεσογαίας","Date":"2025/04"}},{"type":"Feature","id":1732,"geometry":{"type":"Point","coordinates":[23.989924190000067,37.954409060000046]},"properties":{"FID":1732,"Type":"ΑΙΤΙΑ ΥΠΟ ΕΚΔΙΚΑΣΗ","Municipali":"Δήμος Σπάτων - Αρτέμιδος","Date":"2025/04"}},{"type":"Feature","id":1733,"geometry":{"type":"Point","coordinates":[23.695288900000037,37.940093870000055]},"properties":{"FID":1733,"Type":"ΑΙΤΙΑ ΥΠΟ ΕΚΔΙΚΑΣΗ","Municipali":"Δήμος Καλλιθέας","Date":"2025/04"}},{"type":"Feature","id":1734,"geometry":{"type":"Point","coordinates":[23.346824140000024,37.983854630000053]},"properties":{"FID":1734,"Type":"ΑΙΤΙΑ ΥΠΟ ΕΚΔΙΚΑΣΗ","Municipali":"Δήμος Μεγαρέων","Date":"2025/04"}},{"type":"Feature","id":1735,"geometry":{"type":"Point","coordinates":[23.736865300000034,38.084160700000041]},"properties":{"FID":1735,"Type":"ΑΙΤΙΑ ΥΠΟ ΕΚΔΙΚΑΣΗ","Municipali":"Δήμος Αχαρνών","Date":"2025/04"}},{"type":"Feature","id":1736,"geometry":{"type":"Point","coordinates":[23.724353310000026,37.961912420000033]},"properties":{"FID":1736,"Type":"ΟΔΗΓΟΣ-ΛΟΙΠΑ ΑΙΤΙΑ ΑΝΑΦΕΡΟΜΕΝΑ ΣΕ ΟΔΗΓΟΥΣ","Municipali":"Δήμος Αθηναίων","Date":"2025/04"}},{"type":"Feature","id":1737,"geometry":{"type":"Point","coordinates":[23.708911080000064,37.974036500000068]},"properties":{"FID":1737,"Type":"ΟΔΗΓΟΣ-ΑΠΟΣΠΑΣΗ ΤΗΣ ΠΡΟΣΟΧΗΣ ΤΟΥ ΟΔΗΓΟΥ","Municipali":"Δήμος Αθηναίων","Date":"2025/04"}},{"type":"Feature","id":1738,"geometry":{"type":"Point","coordinates":[23.655468580000047,37.980616590000068]},"properties":{"FID":1738,"Type":"ΟΔΗΓΟΣ-ΠΑΡΑΒΙΑΣΗ ΣΗΜΑΤΟΔΟΤΗ","Municipali":"Δήμος Κορυδαλλού","Date":"2025/04"}},{"type":"Feature","id":1739,"geometry":{"type":"Point","coordinates":[23.68324578000005,37.996746060000078]},"properties":{"FID":1739,"Type":"ΑΙΤΙΑ ΥΠΟ ΕΚΔΙΚΑΣΗ","Municipali":"Δήμος Αιγάλεω","Date":"2025/03"}},{"type":"Feature","id":1740,"geometry":{"type":"Point","coordinates":[23.705180880000057,37.924210210000069]},"properties":{"FID":1740,"Type":"ΑΙΤΙΑ ΥΠΟ ΕΚΔΙΚΑΣΗ","Municipali":"Δήμος Παλαιού Φαλήρου","Date":"2025/03"}},{"type":"Feature","id":1741,"geometry":{"type":"Point","coordinates":[23.794144390000042,38.044504430000075]},"properties":{"FID":1741,"Type":"ΑΙΤΙΑ ΥΠΟ ΕΚΔΙΚΑΣΗ","Municipali":"Δήμος Αμαρουσίου","Date":"2025/03"}},{"type":"Feature","id":1742,"geometry":{"type":"Point","coordinates":[23.790464400000076,38.028182770000058]},"properties":{"FID":1742,"Type":"ΑΙΤΙΑ ΥΠΟ ΕΚΔΙΚΑΣΗ","Municipali":"Δήμος Αμαρουσίου","Date":"2025/03"}},{"type":"Feature","id":1743,"geometry":{"type":"Point","coordinates":[23.484728200000063,37.944917600000053]},"properties":{"FID":1743,"Type":"ΑΙΤΙΑ ΥΠΟ ΕΚΔΙΚΑΣΗ","Municipali":"Δήμος Σαλαμίνας","Date":"2025/03"}},{"type":"Feature","id":1744,"geometry":{"type":"Point","coordinates":[23.734749560000068,38.036261660000036]},"properties":{"FID":1744,"Type":"ΑΙΤΙΑ ΥΠΟ ΕΚΔΙΚΑΣΗ","Municipali":"Δήμος Νέας Φιλαδέλφειας - Νέας Χαλκηδόνας","Date":"2025/03"}},{"type":"Feature","id":1745,"geometry":{"type":"Point","coordinates":[23.662405010000043,37.944265190000067]},"properties":{"FID":1745,"Type":"ΑΙΤΙΑ ΥΠΟ ΕΚΔΙΚΑΣΗ","Municipali":"Δήμος Πειραιώς","Date":"2025/03"}},{"type":"Feature","id":1746,"geometry":{"type":"Point","coordinates":[23.647142900000063,37.939575900000079]},"properties":{"FID":1746,"Type":"ΑΙΤΙΑ ΥΠΟ ΕΚΔΙΚΑΣΗ","Municipali":"Δήμος Πειραιώς","Date":"2025/03"}},{"type":"Feature","id":1747,"geometry":{"type":"Point","coordinates":[23.800361750000036,37.830115850000027]},"properties":{"FID":1747,"Type":"ΟΔΗΓΟΣ-ΛΟΙΠΑ ΑΙΤΙΑ ΑΝΑΦΕΡΟΜΕΝΑ ΣΕ ΟΔΗΓΟΥΣ","Municipali":"Δήμος Βάρης - Βούλας - Βουλιαγμένης","Date":"2025/03"}},{"type":"Feature","id":1748,"geometry":{"type":"Point","coordinates":[23.714714380000032,37.984553320000032]},"properties":{"FID":1748,"Type":"ΟΔΗΓΟΣ-ΛΟΙΠΕΣ ΠΑΡΑΒΙΑΣΕΙΣ ΣΗΜΑΝΣΕΩΝ ΕΝ ΓΕΝΕΙ","Municipali":"Δήμος Αθηναίων","Date":"2025/03"}},{"type":"Feature","id":1749,"geometry":{"type":"Point","coordinates":[23.719427580000058,37.982653630000073]},"properties":{"FID":1749,"Type":"ΟΔΗΓΟΣ-ΑΠΟΣΠΑΣΗ ΤΗΣ ΠΡΟΣΟΧΗΣ ΤΟΥ ΟΔΗΓΟΥ","Municipali":"Δήμος Αθηναίων","Date":"2025/03"}},{"type":"Feature","id":1750,"geometry":{"type":"Point","coordinates":[23.720184900000049,37.973640700000033]},"properties":{"FID":1750,"Type":"ΟΔΗΓΟΣ-ΑΠΟΣΠΑΣΗ ΤΗΣ ΠΡΟΣΟΧΗΣ ΤΟΥ ΟΔΗΓΟΥ","Municipali":"Δήμος Αθηναίων","Date":"2025/03"}},{"type":"Feature","id":1751,"geometry":{"type":"Point","coordinates":[23.771379200000069,37.996589700000072]},"properties":{"FID":1751,"Type":"ΑΙΤΙΑ ΥΠΟ ΕΚΔΙΚΑΣΗ","Municipali":"Δήμος Αθηναίων","Date":"2025/03"}},{"type":"Feature","id":1752,"geometry":{"type":"Point","coordinates":[23.71043265000003,38.081629700000065]},"properties":{"FID":1752,"Type":"ΑΙΤΙΑ ΥΠΟ ΕΚΔΙΚΑΣΗ","Municipali":"Δήμος Φυλής","Date":"2025/03"}},{"type":"Feature","id":1753,"geometry":{"type":"Point","coordinates":[23.624886270000047,37.973423980000064]},"properties":{"FID":1753,"Type":"ΟΔΗΓΟΣ-ΛΟΙΠΕΣ ΠΑΡΑΒΙΑΣΕΙΣ ΣΗΜΑΝΣΕΩΝ ΕΝ ΓΕΝΕΙ","Municipali":"Δήμος Κερατσινίου - Δραπετσώνας","Date":"2025/03"}},{"type":"Feature","id":1754,"geometry":{"type":"Point","coordinates":[23.649621610000054,37.956862330000035]},"properties":{"FID":1754,"Type":"ΟΔΗΓΟΣ-ΠΑΡΑΛΕΙΨΗ ΣΗΜ.ΠΡΟΘΕΣΗΣ ΣΤΡΟΦ.Η ΑΛΛΑΓΗΣ ΠΟΡΕΙΑΣ","Municipali":"Δήμος Πειραιώς","Date":"2025/03"}},{"type":"Feature","id":1755,"geometry":{"type":"Point","coordinates":[23.760960100000034,37.891145650000055]},"properties":{"FID":1755,"Type":"ΟΔΗΓΟΣ-ΛΟΙΠΑ ΑΙΤΙΑ ΑΝΑΦΕΡΟΜΕΝΑ ΣΕ ΟΔΗΓΟΥΣ","Municipali":"Δήμος Γλυφάδας","Date":"2025/03"}},{"type":"Feature","id":1756,"geometry":{"type":"Point","coordinates":[23.675510290000034,38.040727490000052]},"properties":{"FID":1756,"Type":"ΑΙΤΙΑ ΥΠΟ ΕΚΔΙΚΑΣΗ","Municipali":"Δήμος Πετρούπολης","Date":"2025/03"}},{"type":"Feature","id":1757,"geometry":{"type":"Point","coordinates":[23.681303860000071,38.02508535000004]},"properties":{"FID":1757,"Type":"ΑΙΤΙΑ ΥΠΟ ΕΚΔΙΚΑΣΗ","Municipali":"Δήμος Περιστερίου","Date":"2025/03"}},{"type":"Feature","id":1758,"geometry":{"type":"Point","coordinates":[23.684948400000053,37.941422300000056]},"properties":{"FID":1758,"Type":"ΑΙΤΙΑ ΥΠΟ ΕΚΔΙΚΑΣΗ","Municipali":"Δήμος Καλλιθέας","Date":"2025/03"}},{"type":"Feature","id":1759,"geometry":{"type":"Point","coordinates":[23.713613750000036,38.054676680000057]},"properties":{"FID":1759,"Type":"ΟΔΗΓΟΣ-ΛΟΙΠΑ ΑΙΤΙΑ ΑΝΑΦΕΡΟΜΕΝΑ ΣΕ ΟΔΗΓΟΥΣ","Municipali":"Δήμος Αγίων Αναργύρων – Καματερού","Date":"2025/03"}},{"type":"Feature","id":1760,"geometry":{"type":"Point","coordinates":[23.677677510000024,37.947662140000034]},"properties":{"FID":1760,"Type":"ΑΙΤΙΑ ΥΠΟ ΕΚΔΙΚΑΣΗ","Municipali":"Δήμος Μοσχάτου-Ταύρου","Date":"2025/03"}},{"type":"Feature","id":1761,"geometry":{"type":"Point","coordinates":[23.706833120000056,38.031660360000046]},"properties":{"FID":1761,"Type":"ΑΙΤΙΑ ΥΠΟ ΕΚΔΙΚΑΣΗ","Municipali":"Δήμος Ιλίου","Date":"2025/03"}},{"type":"Feature","id":1762,"geometry":{"type":"Point","coordinates":[23.713227510000024,38.030789920000075]},"properties":{"FID":1762,"Type":"ΑΙΤΙΑ ΥΠΟ ΕΚΔΙΚΑΣΗ","Municipali":"Δήμος Ιλίου","Date":"2025/03"}},{"type":"Feature","id":1763,"geometry":{"type":"Point","coordinates":[23.713828330000069,38.062951160000068]},"properties":{"FID":1763,"Type":"ΟΔΗΓΟΣ-ΛΟΙΠΑ ΑΙΤΙΑ ΑΝΑΦΕΡΟΜΕΝΑ ΣΕ ΟΔΗΓΟΥΣ","Municipali":"Δήμος Αγίων Αναργύρων – Καματερού","Date":"2025/03"}},{"type":"Feature","id":1764,"geometry":{"type":"Point","coordinates":[23.701457980000043,38.268982360000052]},"properties":{"FID":1764,"Type":"ΑΙΤΙΑ ΥΠΟ ΕΚΔΙΚΑΣΗ","Municipali":"Δήμος Ωρωπού","Date":"2025/03"}},{"type":"Feature","id":1765,"geometry":{"type":"Point","coordinates":[23.75818133000007,38.060315590000073]},"properties":{"FID":1765,"Type":"ΑΙΤΙΑ ΥΠΟ ΕΚΔΙΚΑΣΗ","Municipali":"Δήμος Μεταμορφώσεως","Date":"2025/03"}},{"type":"Feature","id":1766,"geometry":{"type":"Point","coordinates":[23.684763910000072,37.942725300000063]},"properties":{"FID":1766,"Type":"ΑΙΤΙΑ ΥΠΟ ΕΚΔΙΚΑΣΗ","Municipali":"Δήμος Καλλιθέας","Date":"2025/03"}},{"type":"Feature","id":1767,"geometry":{"type":"Point","coordinates":[23.686599200000046,37.997247900000048]},"properties":{"FID":1767,"Type":"ΑΙΤΙΑ ΥΠΟ ΕΚΔΙΚΑΣΗ","Municipali":"Δήμος Αιγάλεω","Date":"2025/03"}},{"type":"Feature","id":1768,"geometry":{"type":"Point","coordinates":[23.72821569000007,37.984324890000039]},"properties":{"FID":1768,"Type":"ΟΔΗΓΟΣ-ΑΠΟΣΠΑΣΗ ΤΗΣ ΠΡΟΣΟΧΗΣ ΤΟΥ ΟΔΗΓΟΥ","Municipali":"Δήμος Αθηναίων","Date":"2025/03"}},{"type":"Feature","id":1769,"geometry":{"type":"Point","coordinates":[23.806321620000062,38.052619530000072]},"properties":{"FID":1769,"Type":"ΑΙΤΙΑ ΥΠΟ ΕΚΔΙΚΑΣΗ","Municipali":"Δήμος Αμαρουσίου","Date":"2025/03"}},{"type":"Feature","id":1770,"geometry":{"type":"Point","coordinates":[23.641435500000057,37.940601540000046]},"properties":{"FID":1770,"Type":"ΑΙΤΙΑ ΥΠΟ ΕΚΔΙΚΑΣΗ","Municipali":"Δήμος Πειραιώς","Date":"2025/03"}},{"type":"Feature","id":1771,"geometry":{"type":"Point","coordinates":[23.704977040000074,38.091940340000065]},"properties":{"FID":1771,"Type":"ΑΙΤΙΑ ΥΠΟ ΕΚΔΙΚΑΣΗ","Municipali":"Δήμος Φυλής","Date":"2025/03"}},{"type":"Feature","id":1772,"geometry":{"type":"Point","coordinates":[23.939198260000069,37.887826520000033]},"properties":{"FID":1772,"Type":"ΑΙΤΙΑ ΥΠΟ ΕΚΔΙΚΑΣΗ","Municipali":"Δήμος Μαρκόπουλου Μεσογαίας","Date":"2025/03"}},{"type":"Feature","id":1773,"geometry":{"type":"Point","coordinates":[23.684333600000059,38.018454900000052]},"properties":{"FID":1773,"Type":"ΑΙΤΙΑ ΥΠΟ ΕΚΔΙΚΑΣΗ","Municipali":"Δήμος Περιστερίου","Date":"2025/03"}},{"type":"Feature","id":1774,"geometry":{"type":"Point","coordinates":[23.754919040000061,38.066548020000027]},"properties":{"FID":1774,"Type":"ΟΔΗΓΟΣ-ΜΗ ΤΗΡΗΣΗ ΑΠΟΣΤΑΣΗΣ ΑΣΦΑΛΕΙΑΣ","Municipali":"Δήμος Μεταμορφώσεως","Date":"2025/03"}},{"type":"Feature","id":1775,"geometry":{"type":"Point","coordinates":[23.870630260000041,38.001823000000059]},"properties":{"FID":1775,"Type":"ΟΔΗΓΟΣ-ΛΟΙΠΑ ΑΙΤΙΑ ΑΝΑΦΕΡΟΜΕΝΑ ΣΕ ΟΔΗΓΟΥΣ","Municipali":"Δήμος Παλλήνης","Date":"2025/05"}},{"type":"Feature","id":1776,"geometry":{"type":"Point","coordinates":[23.72823733000007,38.009877720000077]},"properties":{"FID":1776,"Type":"ΟΔΗΓΟΣ-ΑΠΟΣΠΑΣΗ ΤΗΣ ΠΡΟΣΟΧΗΣ ΤΟΥ ΟΔΗΓΟΥ","Municipali":"Δήμος Αθηναίων","Date":"2025/05"}},{"type":"Feature","id":1777,"geometry":{"type":"Point","coordinates":[23.657533350000051,37.97209526000006]},"properties":{"FID":1777,"Type":"ΑΙΤΙΑ ΥΠΟ ΕΚΔΙΚΑΣΗ","Municipali":"Δήμος Νίκαιας - Αγίου Ιωάννη Ρέντη","Date":"2025/03"}},{"type":"Feature","id":1778,"geometry":{"type":"Point","coordinates":[23.666911130000074,37.990480780000041]},"properties":{"FID":1778,"Type":"ΑΙΤΙΑ ΥΠΟ ΕΚΔΙΚΑΣΗ","Municipali":"Δήμος Αγίας Βαρβάρας","Date":"2025/05"}},{"type":"Feature","id":1779,"geometry":{"type":"Point","coordinates":[23.681965700000035,38.015196400000036]},"properties":{"FID":1779,"Type":"ΑΙΤΙΑ ΥΠΟ ΕΚΔΙΚΑΣΗ","Municipali":"Δήμος Περιστερίου","Date":"2025/05"}},{"type":"Feature","id":1780,"geometry":{"type":"Point","coordinates":[23.754436970000029,37.931302010000024]},"properties":{"FID":1780,"Type":"ΟΔΗΓΟΣ-ΛΟΙΠΑ ΑΙΤΙΑ ΑΝΑΦΕΡΟΜΕΝΑ ΣΕ ΟΔΗΓΟΥΣ","Municipali":"Δήμος Ηλιούπολης","Date":"2025/05"}},{"type":"Feature","id":1781,"geometry":{"type":"Point","coordinates":[23.751529460000029,38.019604320000042]},"properties":{"FID":1781,"Type":"ΟΔΗΓΟΣ-ΛΟΙΠΑ ΑΙΤΙΑ ΑΝΑΦΕΡΟΜΕΝΑ ΣΕ ΟΔΗΓΟΥΣ","Municipali":"Δήμος Γαλατσίου","Date":"2025/05"}},{"type":"Feature","id":1782,"geometry":{"type":"Point","coordinates":[23.748750690000065,37.966784540000049]},"properties":{"FID":1782,"Type":"ΟΔΗΓΟΣ-ΛΟΙΠΑ ΑΙΤΙΑ ΑΝΑΦΕΡΟΜΕΝΑ ΣΕ ΟΔΗΓΟΥΣ","Municipali":"Δήμος Αθηναίων","Date":"2025/05"}},{"type":"Feature","id":1783,"geometry":{"type":"Point","coordinates":[23.748412400000063,37.891737700000078]},"properties":{"FID":1783,"Type":"ΑΙΤΙΑ ΥΠΟ ΕΚΔΙΚΑΣΗ","Municipali":"Δήμος Ελληνικού - Αργυρούπολης","Date":"2025/05"}},{"type":"Feature","id":1784,"geometry":{"type":"Point","coordinates":[23.780121800000074,38.054849870000055]},"properties":{"FID":1784,"Type":"ΑΙΤΙΑ ΥΠΟ ΕΚΔΙΚΑΣΗ","Municipali":"Δήμος Ηρακλείου Αττικής","Date":"2025/05"}},{"type":"Feature","id":1785,"geometry":{"type":"Point","coordinates":[23.723006840000039,37.95385495000005]},"properties":{"FID":1785,"Type":"ΑΙΤΙΑ ΥΠΟ ΕΚΔΙΚΑΣΗ","Municipali":"Δήμος Αθηναίων","Date":"2025/05"}},{"type":"Feature","id":1786,"geometry":{"type":"Point","coordinates":[23.764929770000037,37.981077620000065]},"properties":{"FID":1786,"Type":"ΟΔΗΓΟΣ-ΛΟΙΠΑ ΑΙΤΙΑ ΑΝΑΦΕΡΟΜΕΝΑ ΣΕ ΟΔΗΓΟΥΣ","Municipali":"Δήμος Ζωγράφου","Date":"2025/05"}},{"type":"Feature","id":1787,"geometry":{"type":"Point","coordinates":[23.72757340000004,37.980944000000079]},"properties":{"FID":1787,"Type":"ΟΔΗΓΟΣ-ΛΟΙΠΑ ΑΙΤΙΑ ΑΝΑΦΕΡΟΜΕΝΑ ΣΕ ΟΔΗΓΟΥΣ","Municipali":"Δήμος Αθηναίων","Date":"2025/05"}},{"type":"Feature","id":1788,"geometry":{"type":"Point","coordinates":[23.723283800000047,37.992663300000061]},"properties":{"FID":1788,"Type":"ΟΔΗΓΟΣ-ΑΠΟΣΠΑΣΗ ΤΗΣ ΠΡΟΣΟΧΗΣ ΤΟΥ ΟΔΗΓΟΥ","Municipali":"Δήμος Αθηναίων","Date":"2025/05"}},{"type":"Feature","id":1789,"geometry":{"type":"Point","coordinates":[23.937315340000055,37.885315910000031]},"properties":{"FID":1789,"Type":"ΑΙΤΙΑ ΥΠΟ ΕΚΔΙΚΑΣΗ","Municipali":"Δήμος Μαρκόπουλου Μεσογαίας","Date":"2025/05"}},{"type":"Feature","id":1790,"geometry":{"type":"Point","coordinates":[23.758063320000076,37.988772740000059]},"properties":{"FID":1790,"Type":"ΑΙΤΙΑ ΥΠΟ ΕΚΔΙΚΑΣΗ","Municipali":"Δήμος Αθηναίων","Date":"2025/05"}},{"type":"Feature","id":1791,"geometry":{"type":"Point","coordinates":[23.661181580000061,37.973979340000028]},"properties":{"FID":1791,"Type":"ΠΕΖΟΣ-ΔΕΝ ΒΑΔΙΖΕ ΣΤΙΣ ΔΙΑΒΑΣΕΙΣ","Municipali":"Δήμος Νίκαιας - Αγίου Ιωάννη Ρέντη","Date":"2025/05"}},{"type":"Feature","id":1792,"geometry":{"type":"Point","coordinates":[23.793143240000063,38.016109850000078]},"properties":{"FID":1792,"Type":"ΟΔΗΓΟΣ-ΠΑΡΑΒΙΑΣΗ ΠΡΟΤΕΡΑΙΟΤΗΤΑΣ ΓΕΝΙΚΩΣ","Municipali":"Δήμος Χαλανδρίου","Date":"2025/05"}},{"type":"Feature","id":1793,"geometry":{"type":"Point","coordinates":[23.729519250000067,38.049894880000068]},"properties":{"FID":1793,"Type":"ΑΙΤΙΑ ΥΠΟ ΕΚΔΙΚΑΣΗ","Municipali":"Δήμος Αγίων Αναργύρων – Καματερού","Date":"2025/05"}},{"type":"Feature","id":1794,"geometry":{"type":"Point","coordinates":[23.79268527000005,38.021899050000059]},"properties":{"FID":1794,"Type":"ΑΙΤΙΑ ΥΠΟ ΕΚΔΙΚΑΣΗ","Municipali":"Δήμος Χαλανδρίου","Date":"2025/05"}},{"type":"Feature","id":1795,"geometry":{"type":"Point","coordinates":[23.731327060000069,37.991630720000046]},"properties":{"FID":1795,"Type":"ΑΙΤΙΑ ΥΠΟ ΕΚΔΙΚΑΣΗ","Municipali":"Δήμος Αθηναίων","Date":"2025/05"}},{"type":"Feature","id":1796,"geometry":{"type":"Point","coordinates":[23.670172000000036,38.037056100000029]},"properties":{"FID":1796,"Type":"ΑΙΤΙΑ ΥΠΟ ΕΚΔΙΚΑΣΗ","Municipali":"Δήμος Πετρούπολης","Date":"2025/05"}},{"type":"Feature","id":1797,"geometry":{"type":"Point","coordinates":[23.757805820000044,37.906604720000075]},"properties":{"FID":1797,"Type":"ΟΔΗΓΟΣ-ΛΟΙΠΑ ΑΙΤΙΑ ΑΝΑΦΕΡΟΜΕΝΑ ΣΕ ΟΔΗΓΟΥΣ","Municipali":"Δήμος Ελληνικού - Αργυρούπολης","Date":"2025/05"}},{"type":"Feature","id":1798,"geometry":{"type":"Point","coordinates":[23.807775380000066,38.047115210000072]},"properties":{"FID":1798,"Type":"ΑΙΤΙΑ ΥΠΟ ΕΚΔΙΚΑΣΗ","Municipali":"Δήμος Αμαρουσίου","Date":"2025/05"}},{"type":"Feature","id":1799,"geometry":{"type":"Point","coordinates":[23.720946910000066,37.961176500000079]},"properties":{"FID":1799,"Type":"ΑΙΤΙΑ ΥΠΟ ΕΚΔΙΚΑΣΗ","Municipali":"Δήμος Αθηναίων","Date":"2025/05"}},{"type":"Feature","id":1800,"geometry":{"type":"Point","coordinates":[23.734475970000062,38.075755960000038]},"properties":{"FID":1800,"Type":"ΑΙΤΙΑ ΥΠΟ ΕΚΔΙΚΑΣΗ","Municipali":"Δήμος Αχαρνών","Date":"2025/05"}},{"type":"Feature","id":1801,"geometry":{"type":"Point","coordinates":[23.780829910000023,38.037715090000063]},"properties":{"FID":1801,"Type":"ΑΙΤΙΑ ΥΠΟ ΕΚΔΙΚΑΣΗ","Municipali":"Δήμος Αμαρουσίου","Date":"2025/05"}},{"type":"Feature","id":1802,"geometry":{"type":"Point","coordinates":[23.659808640000051,37.941997640000068]},"properties":{"FID":1802,"Type":"ΑΙΤΙΑ ΥΠΟ ΕΚΔΙΚΑΣΗ","Municipali":"Δήμος Πειραιώς","Date":"2025/05"}},{"type":"Feature","id":1803,"geometry":{"type":"Point","coordinates":[23.741455080000037,37.970759820000069]},"properties":{"FID":1803,"Type":"ΟΔΗΓΟΣ-ΛΟΙΠΑ ΑΙΤΙΑ ΑΝΑΦΕΡΟΜΕΝΑ ΣΕ ΟΔΗΓΟΥΣ","Municipali":"Δήμος Αθηναίων","Date":"2025/05"}},{"type":"Feature","id":1804,"geometry":{"type":"Point","coordinates":[23.732834720000028,37.918175700000063]},"properties":{"FID":1804,"Type":"ΟΔΗΓΟΣ-ΛΟΙΠΑ ΑΙΤΙΑ ΑΝΑΦΕΡΟΜΕΝΑ ΣΕ ΟΔΗΓΟΥΣ","Municipali":"Δήμος Αλίμου","Date":"2025/05"}},{"type":"Feature","id":1805,"geometry":{"type":"Point","coordinates":[23.780229090000034,38.037343290000024]},"properties":{"FID":1805,"Type":"ΑΙΤΙΑ ΥΠΟ ΕΚΔΙΚΑΣΗ","Municipali":"Δήμος Αμαρουσίου","Date":"2025/05"}},{"type":"Feature","id":1806,"geometry":{"type":"Point","coordinates":[23.883338570000035,37.995190360000038]},"properties":{"FID":1806,"Type":"ΑΙΤΙΑ ΥΠΟ ΕΚΔΙΚΑΣΗ","Municipali":"Δήμος Παλλήνης","Date":"2025/05"}},{"type":"Feature","id":1807,"geometry":{"type":"Point","coordinates":[23.855352400000072,38.021353900000065]},"properties":{"FID":1807,"Type":"ΑΙΤΙΑ ΥΠΟ ΕΚΔΙΚΑΣΗ","Municipali":"Δήμος Παλλήνης","Date":"2025/05"}},{"type":"Feature","id":1808,"geometry":{"type":"Point","coordinates":[23.701572200000044,37.950101400000051]},"properties":{"FID":1808,"Type":"ΑΙΤΙΑ ΥΠΟ ΕΚΔΙΚΑΣΗ","Municipali":"Δήμος Καλλιθέας","Date":"2025/05"}},{"type":"Feature","id":1809,"geometry":{"type":"Point","coordinates":[23.763277530000039,37.893922760000066]},"properties":{"FID":1809,"Type":"ΟΔΗΓΟΣ-ΛΟΙΠΑ ΑΙΤΙΑ ΑΝΑΦΕΡΟΜΕΝΑ ΣΕ ΟΔΗΓΟΥΣ","Municipali":"Δήμος Γλυφάδας","Date":"2025/05"}},{"type":"Feature","id":1810,"geometry":{"type":"Point","coordinates":[23.830718240000067,38.013817690000053]},"properties":{"FID":1810,"Type":"ΑΙΤΙΑ ΥΠΟ ΕΚΔΙΚΑΣΗ","Municipali":"Δήμος Αγίας Παρασκευής","Date":"2025/05"}},{"type":"Feature","id":1811,"geometry":{"type":"Point","coordinates":[23.683133130000044,38.027743310000062]},"properties":{"FID":1811,"Type":"ΑΙΤΙΑ ΥΠΟ ΕΚΔΙΚΑΣΗ","Municipali":"Δήμος Περιστερίου","Date":"2025/05"}},{"type":"Feature","id":1812,"geometry":{"type":"Point","coordinates":[23.641891480000027,37.93124277000004]},"properties":{"FID":1812,"Type":"ΑΙΤΙΑ ΥΠΟ ΕΚΔΙΚΑΣΗ","Municipali":"Δήμος Πειραιώς","Date":"2025/05"}},{"type":"Feature","id":1813,"geometry":{"type":"Point","coordinates":[23.780905010000026,38.001522880000039]},"properties":{"FID":1813,"Type":"ΟΔΗΓΟΣ-ΛΟΙΠΕΣ ΠΑΡΑΒΙΑΣΕΙΣ ΣΗΜΑΝΣΕΩΝ ΕΝ ΓΕΝΕΙ","Municipali":"Δήμος Φιλοθέης - Ψυχικού","Date":"2025/05"}},{"type":"Feature","id":1814,"geometry":{"type":"Point","coordinates":[23.678648470000041,37.976510910000059]},"properties":{"FID":1814,"Type":"ΟΔΗΓΟΣ-ΛΟΙΠΑ ΑΙΤΙΑ ΑΝΑΦΕΡΟΜΕΝΑ ΣΕ ΟΔΗΓΟΥΣ","Municipali":"Δήμος Αιγάλεω","Date":"2025/05"}},{"type":"Feature","id":1815,"geometry":{"type":"Point","coordinates":[23.726938960000041,37.930582700000059]},"properties":{"FID":1815,"Type":"ΑΙΤΙΑ ΥΠΟ ΕΚΔΙΚΑΣΗ","Municipali":"Δήμος Αγίου Δημητρίου","Date":"2025/05"}},{"type":"Feature","id":1816,"geometry":{"type":"Point","coordinates":[23.760000900000023,38.067008100000066]},"properties":{"FID":1816,"Type":"ΑΙΤΙΑ ΥΠΟ ΕΚΔΙΚΑΣΗ","Municipali":"Δήμος Μεταμορφώσεως","Date":"2025/05"}},{"type":"Feature","id":1817,"geometry":{"type":"Point","coordinates":[23.816063400000075,37.99151235000005]},"properties":{"FID":1817,"Type":"ΟΔΗΓΟΣ-ΛΟΙΠΑ ΑΙΤΙΑ ΑΝΑΦΕΡΟΜΕΝΑ ΣΕ ΟΔΗΓΟΥΣ","Municipali":"Δήμος Παπάγου - Χολαργού","Date":"2025/03"}},{"type":"Feature","id":1818,"geometry":{"type":"Point","coordinates":[23.936634060000074,37.960237550000045]},"properties":{"FID":1818,"Type":"ΑΙΤΙΑ ΥΠΟ ΕΚΔΙΚΑΣΗ","Municipali":"Δήμος Σπάτων - Αρτέμιδος","Date":"2025/03"}},{"type":"Feature","id":1819,"geometry":{"type":"Point","coordinates":[23.76483858000006,38.037372860000062]},"properties":{"FID":1819,"Type":"ΑΙΤΙΑ ΥΠΟ ΕΚΔΙΚΑΣΗ","Municipali":"Δήμος Νέας Ιωνίας","Date":"2025/03"}},{"type":"Feature","id":1820,"geometry":{"type":"Point","coordinates":[23.75842810000006,38.089816690000077]},"properties":{"FID":1820,"Type":"ΑΙΤΙΑ ΥΠΟ ΕΚΔΙΚΑΣΗ","Municipali":"Δήμος Αχαρνών","Date":"2025/03"}},{"type":"Feature","id":1821,"geometry":{"type":"Point","coordinates":[23.81774783000003,37.83689049000003]},"properties":{"FID":1821,"Type":"ΟΔΗΓΟΣ-ΠΑΡΑΒΙΑΣΗ ΠΡΟΤΕΡΑΙΟΤΗΤΑΣ ΓΕΝΙΚΩΣ","Municipali":"Δήμος Βάρης - Βούλας - Βουλιαγμένης","Date":"2025/03"}},{"type":"Feature","id":1822,"geometry":{"type":"Point","coordinates":[23.815902470000026,38.015268220000053]},"properties":{"FID":1822,"Type":"ΑΙΤΙΑ ΥΠΟ ΕΚΔΙΚΑΣΗ","Municipali":"Δήμος Αγίας Παρασκευής","Date":"2025/03"}},{"type":"Feature","id":1823,"geometry":{"type":"Point","coordinates":[23.83988142000004,38.046849070000064]},"properties":{"FID":1823,"Type":"ΑΙΤΙΑ ΥΠΟ ΕΚΔΙΚΑΣΗ","Municipali":"Δήμος Πεντέλης","Date":"2025/03"}},{"type":"Feature","id":1824,"geometry":{"type":"Point","coordinates":[23.678390980000074,37.977728720000073]},"properties":{"FID":1824,"Type":"ΑΙΤΙΑ ΥΠΟ ΕΚΔΙΚΑΣΗ","Municipali":"Δήμος Αιγάλεω","Date":"2025/03"}},{"type":"Feature","id":1825,"geometry":{"type":"Point","coordinates":[23.677972560000057,38.018319570000074]},"properties":{"FID":1825,"Type":"ΟΔΗΓΟΣ-ΛΟΙΠΑ ΑΙΤΙΑ ΑΝΑΦΕΡΟΜΕΝΑ ΣΕ ΟΔΗΓΟΥΣ","Municipali":"Δήμος Περιστερίου","Date":"2025/03"}},{"type":"Feature","id":1826,"geometry":{"type":"Point","coordinates":[23.753535750000026,38.055500370000061]},"properties":{"FID":1826,"Type":"ΑΙΤΙΑ ΥΠΟ ΕΚΔΙΚΑΣΗ","Municipali":"Δήμος Μεταμορφώσεως","Date":"2025/03"}},{"type":"Feature","id":1827,"geometry":{"type":"Point","coordinates":[23.751497270000073,38.039747310000052]},"properties":{"FID":1827,"Type":"ΑΙΤΙΑ ΥΠΟ ΕΚΔΙΚΑΣΗ","Municipali":"Δήμος Νέας Ιωνίας","Date":"2025/03"}},{"type":"Feature","id":1828,"geometry":{"type":"Point","coordinates":[23.734721800000045,38.029644700000063]},"properties":{"FID":1828,"Type":"ΑΙΤΙΑ ΥΠΟ ΕΚΔΙΚΑΣΗ","Municipali":"Δήμος Νέας Φιλαδέλφειας - Νέας Χαλκηδόνας","Date":"2025/03"}},{"type":"Feature","id":1829,"geometry":{"type":"Point","coordinates":[23.644976500000041,37.96745130000005]},"properties":{"FID":1829,"Type":"ΑΙΤΙΑ ΥΠΟ ΕΚΔΙΚΑΣΗ","Municipali":"Δήμος Νίκαιας - Αγίου Ιωάννη Ρέντη","Date":"2025/03"}},{"type":"Feature","id":1830,"geometry":{"type":"Point","coordinates":[23.715341090000038,37.962606040000026]},"properties":{"FID":1830,"Type":"ΟΔΗΓΟΣ-ΛΟΙΠΕΣ ΠΑΡΑΒΙΑΣΕΙΣ ΣΗΜΑΝΣΕΩΝ ΕΝ ΓΕΝΕΙ","Municipali":"Δήμος Καλλιθέας","Date":"2025/03"}},{"type":"Feature","id":1831,"geometry":{"type":"Point","coordinates":[23.751229050000063,38.021362350000061]},"properties":{"FID":1831,"Type":"ΑΙΤΙΑ ΥΠΟ ΕΚΔΙΚΑΣΗ","Municipali":"Δήμος Γαλατσίου","Date":"2025/03"}},{"type":"Feature","id":1832,"geometry":{"type":"Point","coordinates":[23.67440522000004,38.005601950000028]},"properties":{"FID":1832,"Type":"ΑΙΤΙΑ ΥΠΟ ΕΚΔΙΚΑΣΗ","Municipali":"Δήμος Αιγάλεω","Date":"2025/03"}},{"type":"Feature","id":1833,"geometry":{"type":"Point","coordinates":[23.705255990000069,38.037782690000029]},"properties":{"FID":1833,"Type":"ΑΙΤΙΑ ΥΠΟ ΕΚΔΙΚΑΣΗ","Municipali":"Δήμος Ιλίου","Date":"2025/03"}},{"type":"Feature","id":1834,"geometry":{"type":"Point","coordinates":[23.709923030000027,37.938790810000057]},"properties":{"FID":1834,"Type":"ΟΔΗΓΟΣ-ΛΟΙΠΑ ΑΙΤΙΑ ΑΝΑΦΕΡΟΜΕΝΑ ΣΕ ΟΔΗΓΟΥΣ","Municipali":"Δήμος Νέας Σμύρνης","Date":"2025/03"}},{"type":"Feature","id":1835,"geometry":{"type":"Point","coordinates":[23.745639320000066,38.054326080000067]},"properties":{"FID":1835,"Type":"ΑΙΤΙΑ ΥΠΟ ΕΚΔΙΚΑΣΗ","Municipali":"Δήμος Νέας Φιλαδέλφειας - Νέας Χαλκηδόνας","Date":"2025/03"}},{"type":"Feature","id":1836,"geometry":{"type":"Point","coordinates":[23.740312460000041,37.990387770000041]},"properties":{"FID":1836,"Type":"ΟΔΗΓΟΣ-ΛΟΙΠΑ ΑΙΤΙΑ ΑΝΑΦΕΡΟΜΕΝΑ ΣΕ ΟΔΗΓΟΥΣ","Municipali":"Δήμος Αθηναίων","Date":"2025/03"}},{"type":"Feature","id":1837,"geometry":{"type":"Point","coordinates":[23.620014640000022,37.964213960000052]},"properties":{"FID":1837,"Type":"ΟΔΗΓΟΣ-ΛΟΙΠΑ ΑΙΤΙΑ ΑΝΑΦΕΡΟΜΕΝΑ ΣΕ ΟΔΗΓΟΥΣ","Municipali":"Δήμος Κερατσινίου - Δραπετσώνας","Date":"2025/03"}},{"type":"Feature","id":1838,"geometry":{"type":"Point","coordinates":[23.725436910000042,37.978075020000063]},"properties":{"FID":1838,"Type":"ΟΔΗΓΟΣ-ΑΠΟΣΠΑΣΗ ΤΗΣ ΠΡΟΣΟΧΗΣ ΤΟΥ ΟΔΗΓΟΥ","Municipali":"Δήμος Αθηναίων","Date":"2025/03"}},{"type":"Feature","id":1839,"geometry":{"type":"Point","coordinates":[23.739186400000051,37.996013100000027]},"properties":{"FID":1839,"Type":"ΟΔΗΓΟΣ-ΑΠΟΣΠΑΣΗ ΤΗΣ ΠΡΟΣΟΧΗΣ ΤΟΥ ΟΔΗΓΟΥ","Municipali":"Δήμος Αθηναίων","Date":"2025/03"}},{"type":"Feature","id":1840,"geometry":{"type":"Point","coordinates":[23.647856110000077,37.966072230000066]},"properties":{"FID":1840,"Type":"ΟΔΗΓΟΣ-ΛΟΙΠΕΣ ΠΑΡΑΒΙΑΣΕΙΣ ΣΗΜΑΝΣΕΩΝ ΕΝ ΓΕΝΕΙ","Municipali":"Δήμος Νίκαιας - Αγίου Ιωάννη Ρέντη","Date":"2025/03"}},{"type":"Feature","id":1841,"geometry":{"type":"Point","coordinates":[23.659197090000077,37.989068690000067]},"properties":{"FID":1841,"Type":"ΟΔΗΓΟΣ-ΛΟΙΠΑ ΑΙΤΙΑ ΑΝΑΦΕΡΟΜΕΝΑ ΣΕ ΟΔΗΓΟΥΣ","Municipali":"Δήμος Αγίας Βαρβάρας","Date":"2025/03"}},{"type":"Feature","id":1842,"geometry":{"type":"Point","coordinates":[23.693647380000073,37.97672233000003]},"properties":{"FID":1842,"Type":"ΟΔΗΓΟΣ-ΑΠΟΣΠΑΣΗ ΤΗΣ ΠΡΟΣΟΧΗΣ ΤΟΥ ΟΔΗΓΟΥ","Municipali":"Δήμος Μοσχάτου-Ταύρου","Date":"2025/03"}},{"type":"Feature","id":1843,"geometry":{"type":"Point","coordinates":[23.713737130000027,38.059652460000052]},"properties":{"FID":1843,"Type":"ΑΙΤΙΑ ΥΠΟ ΕΚΔΙΚΑΣΗ","Municipali":"Δήμος Αγίων Αναργύρων – Καματερού","Date":"2025/03"}},{"type":"Feature","id":1844,"geometry":{"type":"Point","coordinates":[23.796263340000053,37.99195203000005]},"properties":{"FID":1844,"Type":"ΑΙΤΙΑ ΥΠΟ ΕΚΔΙΚΑΣΗ","Municipali":"Δήμος Παπάγου - Χολαργού","Date":"2025/03"}},{"type":"Feature","id":1845,"geometry":{"type":"Point","coordinates":[23.79897150000005,38.083432900000048]},"properties":{"FID":1845,"Type":"ΑΙΤΙΑ ΥΠΟ ΕΚΔΙΚΑΣΗ","Municipali":"Δήμος Κηφισιάς","Date":"2025/03"}},{"type":"Feature","id":1846,"geometry":{"type":"Point","coordinates":[23.633828760000029,37.949362680000036]},"properties":{"FID":1846,"Type":"ΟΔΗΓΟΣ-ΛΟΙΠΕΣ ΠΑΡΑΒΙΑΣΕΙΣ ΣΗΜΑΝΣΕΩΝ ΕΝ ΓΕΝΕΙ","Municipali":"Δήμος Κερατσινίου - Δραπετσώνας","Date":"2025/03"}},{"type":"Feature","id":1847,"geometry":{"type":"Point","coordinates":[23.747375400000067,37.969255100000055]},"properties":{"FID":1847,"Type":"ΟΔΗΓΟΣ-ΛΟΙΠΑ ΑΙΤΙΑ ΑΝΑΦΕΡΟΜΕΝΑ ΣΕ ΟΔΗΓΟΥΣ","Municipali":"Δήμος Αθηναίων","Date":"2025/03"}},{"type":"Feature","id":1848,"geometry":{"type":"Point","coordinates":[23.750171300000034,37.95943950000003]},"properties":{"FID":1848,"Type":"ΟΔΗΓΟΣ-ΛΟΙΠΑ ΑΙΤΙΑ ΑΝΑΦΕΡΟΜΕΝΑ ΣΕ ΟΔΗΓΟΥΣ","Municipali":"Δήμος Βύρωνα","Date":"2025/03"}},{"type":"Feature","id":1849,"geometry":{"type":"Point","coordinates":[23.706028460000027,37.988113190000036]},"properties":{"FID":1849,"Type":"ΑΙΤΙΑ ΥΠΟ ΕΚΔΙΚΑΣΗ","Municipali":"Δήμος Αθηναίων","Date":"2025/03"}},{"type":"Feature","id":1850,"geometry":{"type":"Point","coordinates":[23.739700910000067,37.940626930000064]},"properties":{"FID":1850,"Type":"ΟΔΗΓΟΣ-ΛΟΙΠΑ ΑΙΤΙΑ ΑΝΑΦΕΡΟΜΕΝΑ ΣΕ ΟΔΗΓΟΥΣ","Municipali":"Δήμος Αγίου Δημητρίου","Date":"2025/03"}},{"type":"Feature","id":1851,"geometry":{"type":"Point","coordinates":[23.731186490000027,37.996917830000029]},"properties":{"FID":1851,"Type":"ΟΔΗΓΟΣ-ΠΑΡΑΒΙΑΣΗ ΣΗΜΑΤΟΔΟΤΗ","Municipali":"Δήμος Αθηναίων","Date":"2025/03"}},{"type":"Feature","id":1852,"geometry":{"type":"Point","coordinates":[23.745816350000041,38.027857400000073]},"properties":{"FID":1852,"Type":"ΑΙΤΙΑ ΥΠΟ ΕΚΔΙΚΑΣΗ","Municipali":"Δήμος Αθηναίων","Date":"2025/03"}},{"type":"Feature","id":1853,"geometry":{"type":"Point","coordinates":[23.757046000000059,37.87420300000008]},"properties":{"FID":1853,"Type":"ΑΙΤΙΑ ΥΠΟ ΕΚΔΙΚΑΣΗ","Municipali":"Δήμος Γλυφάδας","Date":"2025/03"}},{"type":"Feature","id":1854,"geometry":{"type":"Point","coordinates":[23.704408410000042,38.070046440000056]},"properties":{"FID":1854,"Type":"ΑΙΤΙΑ ΥΠΟ ΕΚΔΙΚΑΣΗ","Municipali":"Δήμος Φυλής","Date":"2025/03"}},{"type":"Feature","id":1855,"geometry":{"type":"Point","coordinates":[23.681110740000065,38.032226560000026]},"properties":{"FID":1855,"Type":"ΑΙΤΙΑ ΥΠΟ ΕΚΔΙΚΑΣΗ","Municipali":"Δήμος Περιστερίου","Date":"2025/03"}},{"type":"Feature","id":1856,"geometry":{"type":"Point","coordinates":[23.683514000000059,37.985128230000043]},"properties":{"FID":1856,"Type":"ΑΙΤΙΑ ΥΠΟ ΕΚΔΙΚΑΣΗ","Municipali":"Δήμος Αιγάλεω","Date":"2025/03"}},{"type":"Feature","id":1857,"geometry":{"type":"Point","coordinates":[23.815135360000056,38.103840950000063]},"properties":{"FID":1857,"Type":"ΟΔΗΓΟΣ-ΛΟΙΠΕΣ ΠΑΡΑΒΙΑΣΕΙΣ ΣΗΜΑΝΣΕΩΝ ΕΝ ΓΕΝΕΙ","Municipali":"Δήμος Κηφισιάς","Date":"2025/03"}},{"type":"Feature","id":1858,"geometry":{"type":"Point","coordinates":[23.730490210000028,38.02823348000004]},"properties":{"FID":1858,"Type":"ΑΙΤΙΑ ΥΠΟ ΕΚΔΙΚΑΣΗ","Municipali":"Δήμος Νέας Φιλαδέλφειας - Νέας Χαλκηδόνας","Date":"2025/03"}},{"type":"Feature","id":1859,"geometry":{"type":"Point","coordinates":[23.888166550000051,38.098302490000037]},"properties":{"FID":1859,"Type":"ΑΙΤΙΑ ΥΠΟ ΕΚΔΙΚΑΣΗ","Municipali":"Δήμος Διονύσου","Date":"2025/03"}},{"type":"Feature","id":1860,"geometry":{"type":"Point","coordinates":[23.702187540000068,38.073222200000032]},"properties":{"FID":1860,"Type":"ΑΙΤΙΑ ΥΠΟ ΕΚΔΙΚΑΣΗ","Municipali":"Δήμος Φυλής","Date":"2025/03"}},{"type":"Feature","id":1861,"geometry":{"type":"Point","coordinates":[23.702026600000067,38.042365800000027]},"properties":{"FID":1861,"Type":"ΑΙΤΙΑ ΥΠΟ ΕΚΔΙΚΑΣΗ","Municipali":"Δήμος Ιλίου","Date":"2025/03"}},{"type":"Feature","id":1862,"geometry":{"type":"Point","coordinates":[23.735420310000052,38.003151160000073]},"properties":{"FID":1862,"Type":"ΟΔΗΓΟΣ-ΛΟΙΠΑ ΑΙΤΙΑ ΑΝΑΦΕΡΟΜΕΝΑ ΣΕ ΟΔΗΓΟΥΣ","Municipali":"Δήμος Αθηναίων","Date":"2025/03"}},{"type":"Feature","id":1863,"geometry":{"type":"Point","coordinates":[23.741315200000031,37.977369810000027]},"properties":{"FID":1863,"Type":"ΟΔΗΓΟΣ-ΑΠΟΣΠΑΣΗ ΤΗΣ ΠΡΟΣΟΧΗΣ ΤΟΥ ΟΔΗΓΟΥ","Municipali":"Δήμος Αθηναίων","Date":"2025/03"}},{"type":"Feature","id":1864,"geometry":{"type":"Point","coordinates":[23.658027650000065,37.986320540000065]},"properties":{"FID":1864,"Type":"ΑΙΤΙΑ ΥΠΟ ΕΚΔΙΚΑΣΗ","Municipali":"Δήμος Αγίας Βαρβάρας","Date":"2025/03"}},{"type":"Feature","id":1865,"geometry":{"type":"Point","coordinates":[23.747833370000023,37.944857450000029]},"properties":{"FID":1865,"Type":"ΟΔΗΓΟΣ-ΛΟΙΠΑ ΑΙΤΙΑ ΑΝΑΦΕΡΟΜΕΝΑ ΣΕ ΟΔΗΓΟΥΣ","Municipali":"Δήμος Ηλιούπολης","Date":"2025/03"}},{"type":"Feature","id":1866,"geometry":{"type":"Point","coordinates":[23.732904870000027,37.98328674000004]},"properties":{"FID":1866,"Type":"ΟΔΗΓΟΣ-ΑΠΟΣΠΑΣΗ ΤΗΣ ΠΡΟΣΟΧΗΣ ΤΟΥ ΟΔΗΓΟΥ","Municipali":"Δήμος Αθηναίων","Date":"2025/03"}},{"type":"Feature","id":1867,"geometry":{"type":"Point","coordinates":[23.779178240000078,38.030141300000025]},"properties":{"FID":1867,"Type":"ΑΙΤΙΑ ΥΠΟ ΕΚΔΙΚΑΣΗ","Municipali":"Δήμος Νέας Ιωνίας","Date":"2025/03"}},{"type":"Feature","id":1868,"geometry":{"type":"Point","coordinates":[23.743290020000074,38.010104800000079]},"properties":{"FID":1868,"Type":"ΑΙΤΙΑ ΥΠΟ ΕΚΔΙΚΑΣΗ","Municipali":"Δήμος Αθηναίων","Date":"2025/03"}},{"type":"Feature","id":1869,"geometry":{"type":"Point","coordinates":[23.703861270000061,37.989673870000047]},"properties":{"FID":1869,"Type":"ΟΔΗΓΟΣ-ΛΟΙΠΑ ΑΙΤΙΑ ΑΝΑΦΕΡΟΜΕΝΑ ΣΕ ΟΔΗΓΟΥΣ","Municipali":"Δήμος Αθηναίων","Date":"2025/03"}},{"type":"Feature","id":1870,"geometry":{"type":"Point","coordinates":[23.773534300000051,38.036903880000068]},"properties":{"FID":1870,"Type":"ΑΙΤΙΑ ΥΠΟ ΕΚΔΙΚΑΣΗ","Municipali":"Δήμος Νέας Ιωνίας","Date":"2025/03"}},{"type":"Feature","id":1871,"geometry":{"type":"Point","coordinates":[23.740521720000061,37.981181340000035]},"properties":{"FID":1871,"Type":"ΟΔΗΓΟΣ-ΑΠΟΣΠΑΣΗ ΤΗΣ ΠΡΟΣΟΧΗΣ ΤΟΥ ΟΔΗΓΟΥ","Municipali":"Δήμος Αθηναίων","Date":"2025/03"}},{"type":"Feature","id":1872,"geometry":{"type":"Point","coordinates":[23.731702630000029,38.016070540000044]},"properties":{"FID":1872,"Type":"ΟΔΗΓΟΣ-ΑΠΟΣΠΑΣΗ ΤΗΣ ΠΡΟΣΟΧΗΣ ΤΟΥ ΟΔΗΓΟΥ","Municipali":"Δήμος Αθηναίων","Date":"2025/03"}},{"type":"Feature","id":1873,"geometry":{"type":"Point","coordinates":[23.729873500000053,38.007992200000047]},"properties":{"FID":1873,"Type":"ΟΔΗΓΟΣ-ΑΠΟΣΠΑΣΗ ΤΗΣ ΠΡΟΣΟΧΗΣ ΤΟΥ ΟΔΗΓΟΥ","Municipali":"Δήμος Αθηναίων","Date":"2025/03"}},{"type":"Feature","id":1874,"geometry":{"type":"Point","coordinates":[23.727330540000025,37.964358570000059]},"properties":{"FID":1874,"Type":"ΠΕΖΟΣ-ΔΕΝ ΥΠΑΚΟΥΣΕ ΣΕ ΣΗΜΑ ΤΡΟΧ.Η ΦΩΤΕΙΝΟ ΣΗΜΑΤΟΔΟΤΗ","Municipali":"Δήμος Αθηναίων","Date":"2025/03"}},{"type":"Feature","id":1875,"geometry":{"type":"Point","coordinates":[23.729127130000052,37.98856346000008]},"properties":{"FID":1875,"Type":"ΟΔΗΓΟΣ-ΛΟΙΠΑ ΑΙΤΙΑ ΑΝΑΦΕΡΟΜΕΝΑ ΣΕ ΟΔΗΓΟΥΣ","Municipali":"Δήμος Αθηναίων","Date":"2025/02"}},{"type":"Feature","id":1876,"geometry":{"type":"Point","coordinates":[23.778362270000059,37.997955090000062]},"properties":{"FID":1876,"Type":"ΑΙΤΙΑ ΥΠΟ ΕΚΔΙΚΑΣΗ","Municipali":"Δήμος Αθηναίων","Date":"2025/03"}},{"type":"Feature","id":1877,"geometry":{"type":"Point","coordinates":[23.756411080000078,38.10590932000008]},"properties":{"FID":1877,"Type":"ΑΙΤΙΑ ΥΠΟ ΕΚΔΙΚΑΣΗ","Municipali":"Δήμος Αχαρνών","Date":"2025/03"}},{"type":"Feature","id":1878,"geometry":{"type":"Point","coordinates":[23.780508350000048,37.985952070000053]},"properties":{"FID":1878,"Type":"ΟΔΗΓΟΣ-ΑΠΟΣΠΑΣΗ ΤΗΣ ΠΡΟΣΟΧΗΣ ΤΟΥ ΟΔΗΓΟΥ","Municipali":"Δήμος Αθηναίων","Date":"2025/02"}},{"type":"Feature","id":1879,"geometry":{"type":"Point","coordinates":[23.51384033000005,38.056141440000033]},"properties":{"FID":1879,"Type":"ΑΙΤΙΑ ΥΠΟ ΕΚΔΙΚΑΣΗ","Municipali":"Δήμος Μάνδρας - Ειδυλλίας","Date":"2025/02"}},{"type":"Feature","id":1880,"geometry":{"type":"Point","coordinates":[23.68808985000004,37.939916180000068]},"properties":{"FID":1880,"Type":"ΑΙΤΙΑ ΥΠΟ ΕΚΔΙΚΑΣΗ","Municipali":"Δήμος Καλλιθέας","Date":"2025/02"}},{"type":"Feature","id":1881,"geometry":{"type":"Point","coordinates":[23.76763378000004,37.994401090000054]},"properties":{"FID":1881,"Type":"ΑΙΤΙΑ ΥΠΟ ΕΚΔΙΚΑΣΗ","Municipali":"Δήμος Αθηναίων","Date":"2025/03"}},{"type":"Feature","id":1882,"geometry":{"type":"Point","coordinates":[23.641918300000043,37.948698540000066]},"properties":{"FID":1882,"Type":"ΑΙΤΙΑ ΥΠΟ ΕΚΔΙΚΑΣΗ","Municipali":"Δήμος Πειραιώς","Date":"2025/02"}},{"type":"Feature","id":1883,"geometry":{"type":"Point","coordinates":[23.686244490000036,38.012521050000032]},"properties":{"FID":1883,"Type":"ΑΙΤΙΑ ΥΠΟ ΕΚΔΙΚΑΣΗ","Municipali":"Δήμος Περιστερίου","Date":"2025/02"}},{"type":"Feature","id":1884,"geometry":{"type":"Point","coordinates":[23.680648700000063,38.003393550000055]},"properties":{"FID":1884,"Type":"ΑΙΤΙΑ ΥΠΟ ΕΚΔΙΚΑΣΗ","Municipali":"Δήμος Περιστερίου","Date":"2025/02"}},{"type":"Feature","id":1885,"geometry":{"type":"Point","coordinates":[23.837327960000039,38.140834850000033]},"properties":{"FID":1885,"Type":"ΑΙΤΙΑ ΥΠΟ ΕΚΔΙΚΑΣΗ","Municipali":"Δήμος Διονύσου","Date":"2025/02"}},{"type":"Feature","id":1886,"geometry":{"type":"Point","coordinates":[23.724460600000043,38.091725030000077]},"properties":{"FID":1886,"Type":"ΑΙΤΙΑ ΥΠΟ ΕΚΔΙΚΑΣΗ","Municipali":"Δήμος Αχαρνών","Date":"2025/02"}},{"type":"Feature","id":1887,"geometry":{"type":"Point","coordinates":[23.731187580000039,37.918306920000077]},"properties":{"FID":1887,"Type":"ΑΙΤΙΑ ΥΠΟ ΕΚΔΙΚΑΣΗ","Municipali":"Δήμος Αλίμου","Date":"2025/02"}},{"type":"Feature","id":1888,"geometry":{"type":"Point","coordinates":[23.772567500000036,37.838288400000067]},"properties":{"FID":1888,"Type":"ΟΔΗΓΟΣ-ΛΟΙΠΑ ΑΙΤΙΑ ΑΝΑΦΕΡΟΜΕΝΑ ΣΕ ΟΔΗΓΟΥΣ","Municipali":"Δήμος Βάρης - Βούλας - Βουλιαγμένης","Date":"2025/02"}},{"type":"Feature","id":1889,"geometry":{"type":"Point","coordinates":[23.820483680000052,38.027388360000032]},"properties":{"FID":1889,"Type":"ΟΔΗΓΟΣ-ΛΟΙΠΕΣ ΠΑΡΑΒΙΑΣΕΙΣ ΣΗΜΑΝΣΕΩΝ ΕΝ ΓΕΝΕΙ","Municipali":"Δήμος Χαλανδρίου","Date":"2025/02"}},{"type":"Feature","id":1890,"geometry":{"type":"Point","coordinates":[23.873655800000051,37.976121880000051]},"properties":{"FID":1890,"Type":"ΟΔΗΓΟΣ-ΛΟΙΠΑ ΑΙΤΙΑ ΑΝΑΦΕΡΟΜΕΝΑ ΣΕ ΟΔΗΓΟΥΣ","Municipali":"Δήμος Παιανίας","Date":"2025/02"}},{"type":"Feature","id":1891,"geometry":{"type":"Point","coordinates":[23.706503000000055,37.982745200000068]},"properties":{"FID":1891,"Type":"ΟΔΗΓΟΣ-ΑΠΟΣΠΑΣΗ ΤΗΣ ΠΡΟΣΟΧΗΣ ΤΟΥ ΟΔΗΓΟΥ","Municipali":"Δήμος Αθηναίων","Date":"2025/02"}},{"type":"Feature","id":1892,"geometry":{"type":"Point","coordinates":[23.717320560000076,37.947429480000039]},"properties":{"FID":1892,"Type":"ΟΔΗΓΟΣ-ΚΙΝΗΣΗ ΣΤΟ ΑΝΤΙΘΕΤΟ ΡΕΥΜΑ","Municipali":"Δήμος Νέας Σμύρνης","Date":"2025/02"}},{"type":"Feature","id":1893,"geometry":{"type":"Point","coordinates":[23.739993550000065,37.93946075000008]},"properties":{"FID":1893,"Type":"ΑΙΤΙΑ ΥΠΟ ΕΚΔΙΚΑΣΗ","Municipali":"Δήμος Αγίου Δημητρίου","Date":"2025/02"}},{"type":"Feature","id":1894,"geometry":{"type":"Point","coordinates":[23.733344080000052,38.025482570000065]},"properties":{"FID":1894,"Type":"ΑΙΤΙΑ ΥΠΟ ΕΚΔΙΚΑΣΗ","Municipali":"Δήμος Αθηναίων","Date":"2025/02"}},{"type":"Feature","id":1895,"geometry":{"type":"Point","coordinates":[23.712615970000058,37.953402350000033]},"properties":{"FID":1895,"Type":"ΑΙΤΙΑ ΥΠΟ ΕΚΔΙΚΑΣΗ","Municipali":"Δήμος Νέας Σμύρνης","Date":"2025/05"}},{"type":"Feature","id":1896,"geometry":{"type":"Point","coordinates":[23.671068310000067,38.420984700000076]},"properties":{"FID":1896,"Type":"ΑΙΤΙΑ ΥΠΟ ΕΚΔΙΚΑΣΗ","Municipali":"Δήμος Χαλκιδέων","Date":"2025/02"}},{"type":"Feature","id":1897,"geometry":{"type":"Point","coordinates":[23.508373910000046,37.93838420000003]},"properties":{"FID":1897,"Type":"ΑΙΤΙΑ ΥΠΟ ΕΚΔΙΚΑΣΗ","Municipali":"Δήμος Σαλαμίνας","Date":"2025/02"}},{"type":"Feature","id":1898,"geometry":{"type":"Point","coordinates":[23.850374220000049,38.026171360000035]},"properties":{"FID":1898,"Type":"ΑΙΤΙΑ ΥΠΟ ΕΚΔΙΚΑΣΗ","Municipali":"Δήμος Παλλήνης","Date":"2025/04"}},{"type":"Feature","id":1899,"geometry":{"type":"Point","coordinates":[23.711081740000054,38.016912250000075]},"properties":{"FID":1899,"Type":"ΑΙΤΙΑ ΥΠΟ ΕΚΔΙΚΑΣΗ","Municipali":"Δήμος Ιλίου","Date":"2025/05"}},{"type":"Feature","id":1900,"geometry":{"type":"Point","coordinates":[23.940152220000073,37.842675670000062]},"properties":{"FID":1900,"Type":"ΟΔΗΓΟΣ-ΠΑΡΑΒΙΑΣΗ ΠΡΟΤΕΡΑΙΟΤΗΤΑΣ ΓΕΝΙΚΩΣ","Municipali":"Δήμος Σαρωνικού","Date":"2025/05"}},{"type":"Feature","id":1901,"geometry":{"type":"Point","coordinates":[23.731847410000057,38.051512790000061]},"properties":{"FID":1901,"Type":"ΑΙΤΙΑ ΥΠΟ ΕΚΔΙΚΑΣΗ","Municipali":"Δήμος Αγίων Αναργύρων – Καματερού","Date":"2025/05"}},{"type":"Feature","id":1902,"geometry":{"type":"Point","coordinates":[23.753020760000027,38.012783090000028]},"properties":{"FID":1902,"Type":"ΑΙΤΙΑ ΥΠΟ ΕΚΔΙΚΑΣΗ","Municipali":"Δήμος Γαλατσίου","Date":"2025/05"}},{"type":"Feature","id":1903,"geometry":{"type":"Point","coordinates":[23.938758370000073,37.684465620000026]},"properties":{"FID":1903,"Type":"ΑΙΤΙΑ ΥΠΟ ΕΚΔΙΚΑΣΗ","Municipali":"Δήμος Σαρωνικού","Date":"2025/05"}},{"type":"Feature","id":1904,"geometry":{"type":"Point","coordinates":[23.82061243000004,38.013459330000046]},"properties":{"FID":1904,"Type":"ΟΔΗΓΟΣ-ΛΟΙΠΑ ΑΙΤΙΑ ΑΝΑΦΕΡΟΜΕΝΑ ΣΕ ΟΔΗΓΟΥΣ","Municipali":"Δήμος Αγίας Παρασκευής","Date":"2025/05"}},{"type":"Feature","id":1905,"geometry":{"type":"Point","coordinates":[23.738139870000055,37.941016150000053]},"properties":{"FID":1905,"Type":"ΑΙΤΙΑ ΥΠΟ ΕΚΔΙΚΑΣΗ","Municipali":"Δήμος Αγίου Δημητρίου","Date":"2025/05"}},{"type":"Feature","id":1906,"geometry":{"type":"Point","coordinates":[23.599052510000035,38.022984110000039]},"properties":{"FID":1906,"Type":"ΑΙΤΙΑ ΥΠΟ ΕΚΔΙΚΑΣΗ","Municipali":"Δήμος Ασπροπύργου","Date":"2025/05"}},{"type":"Feature","id":1907,"geometry":{"type":"Point","coordinates":[23.71108251000004,38.005171700000062]},"properties":{"FID":1907,"Type":"ΑΙΤΙΑ ΥΠΟ ΕΚΔΙΚΑΣΗ","Municipali":"Δήμος Αθηναίων","Date":"2025/05"}},{"type":"Feature","id":1908,"geometry":{"type":"Point","coordinates":[23.685599800000034,38.021166700000038]},"properties":{"FID":1908,"Type":"ΑΙΤΙΑ ΥΠΟ ΕΚΔΙΚΑΣΗ","Municipali":"Δήμος Περιστερίου","Date":"2025/05"}},{"type":"Feature","id":1909,"geometry":{"type":"Point","coordinates":[23.749861120000048,38.095997490000059]},"properties":{"FID":1909,"Type":"ΑΙΤΙΑ ΥΠΟ ΕΚΔΙΚΑΣΗ","Municipali":"Δήμος Αχαρνών","Date":"2025/05"}},{"type":"Feature","id":1910,"geometry":{"type":"Point","coordinates":[23.737013340000033,37.960745090000046]},"properties":{"FID":1910,"Type":"ΟΔΗΓΟΣ-ΛΟΙΠΑ ΑΙΤΙΑ ΑΝΑΦΕΡΟΜΕΝΑ ΣΕ ΟΔΗΓΟΥΣ","Municipali":"Δήμος Αθηναίων","Date":"2025/05"}},{"type":"Feature","id":1911,"geometry":{"type":"Point","coordinates":[23.755708340000069,38.039540290000048]},"properties":{"FID":1911,"Type":"ΑΙΤΙΑ ΥΠΟ ΕΚΔΙΚΑΣΗ","Municipali":"Δήμος Νέας Ιωνίας","Date":"2025/05"}},{"type":"Feature","id":1912,"geometry":{"type":"Point","coordinates":[23.942631480000045,37.933671430000061]},"properties":{"FID":1912,"Type":"ΟΔΗΓΟΣ-ΜΗ ΤΗΡΗΣΗ ΑΠΟΣΤΑΣΗΣ ΑΣΦΑΛΕΙΑΣ","Municipali":"Δήμος Σπάτων - Αρτέμιδος","Date":"2025/05"}},{"type":"Feature","id":1913,"geometry":{"type":"Point","coordinates":[23.721241950000035,37.989702870000031]},"properties":{"FID":1913,"Type":"ΟΔΗΓΟΣ-ΛΟΙΠΕΣ ΠΑΡΑΒΙΑΣΕΙΣ ΣΗΜΑΝΣΕΩΝ ΕΝ ΓΕΝΕΙ","Municipali":"Δήμος Αθηναίων","Date":"2025/05"}},{"type":"Feature","id":1914,"geometry":{"type":"Point","coordinates":[23.690106870000022,38.011447510000039]},"properties":{"FID":1914,"Type":"ΑΙΤΙΑ ΥΠΟ ΕΚΔΙΚΑΣΗ","Municipali":"Δήμος Περιστερίου","Date":"2025/05"}},{"type":"Feature","id":1915,"geometry":{"type":"Point","coordinates":[23.796381350000047,38.03880515000003]},"properties":{"FID":1915,"Type":"ΑΙΤΙΑ ΥΠΟ ΕΚΔΙΚΑΣΗ","Municipali":"Δήμος Αμαρουσίου","Date":"2025/05"}},{"type":"Feature","id":1916,"geometry":{"type":"Point","coordinates":[24.053154910000046,37.720045310000046]},"properties":{"FID":1916,"Type":"ΟΔΗΓΟΣ-ΑΠΟΣΠΑΣΗ ΤΗΣ ΠΡΟΣΟΧΗΣ ΤΟΥ ΟΔΗΓΟΥ","Municipali":"Δήμος Λαυρεωτικής","Date":"2025/05"}},{"type":"Feature","id":1917,"geometry":{"type":"Point","coordinates":[23.694574970000076,38.022983450000027]},"properties":{"FID":1917,"Type":"ΟΔΗΓΟΣ-ΛΟΙΠΑ ΑΙΤΙΑ ΑΝΑΦΕΡΟΜΕΝΑ ΣΕ ΟΔΗΓΟΥΣ","Municipali":"Δήμος Περιστερίου","Date":"2025/05"}},{"type":"Feature","id":1918,"geometry":{"type":"Point","coordinates":[23.659510700000055,37.97910180000008]},"properties":{"FID":1918,"Type":"ΠΕΖΟΣ-ΔΕΝ ΒΑΔΙΖΕ ΣΤΙΣ ΔΙΑΒΑΣΕΙΣ","Municipali":"Δήμος Κορυδαλλού","Date":"2025/05"}},{"type":"Feature","id":1919,"geometry":{"type":"Point","coordinates":[23.621973610000055,37.943263010000067]},"properties":{"FID":1919,"Type":"ΑΙΤΙΑ ΥΠΟ ΕΚΔΙΚΑΣΗ","Municipali":"Δήμος Κερατσινίου - Δραπετσώνας","Date":"2025/03"}},{"type":"Feature","id":1920,"geometry":{"type":"Point","coordinates":[23.68732274000007,38.001552470000036]},"properties":{"FID":1920,"Type":"ΑΙΤΙΑ ΥΠΟ ΕΚΔΙΚΑΣΗ","Municipali":"Δήμος Περιστερίου","Date":"2025/05"}},{"type":"Feature","id":1921,"geometry":{"type":"Point","coordinates":[23.74336481000006,37.927324590000069]},"properties":{"FID":1921,"Type":"ΑΙΤΙΑ ΥΠΟ ΕΚΔΙΚΑΣΗ","Municipali":"Δήμος Αλίμου","Date":"2025/05"}},{"type":"Feature","id":1922,"geometry":{"type":"Point","coordinates":[23.713710310000067,38.064159090000032]},"properties":{"FID":1922,"Type":"ΑΙΤΙΑ ΥΠΟ ΕΚΔΙΚΑΣΗ","Municipali":"Δήμος Αγίων Αναργύρων – Καματερού","Date":"2025/03"}},{"type":"Feature","id":1923,"geometry":{"type":"Point","coordinates":[23.725790980000056,37.985322720000056]},"properties":{"FID":1923,"Type":"ΟΔΗΓΟΣ-ΛΟΙΠΕΣ ΠΑΡΑΒΙΑΣΕΙΣ ΣΗΜΑΝΣΕΩΝ ΕΝ ΓΕΝΕΙ","Municipali":"Δήμος Αθηναίων","Date":"2025/03"}},{"type":"Feature","id":1924,"geometry":{"type":"Point","coordinates":[23.873779180000042,38.05684782000003]},"properties":{"FID":1924,"Type":"ΑΙΤΙΑ ΥΠΟ ΕΚΔΙΚΑΣΗ","Municipali":"Δήμος Πεντέλης","Date":"2025/03"}},{"type":"Feature","id":1925,"geometry":{"type":"Point","coordinates":[23.738054630000079,37.998360680000076]},"properties":{"FID":1925,"Type":"ΑΙΤΙΑ ΥΠΟ ΕΚΔΙΚΑΣΗ","Municipali":"Δήμος Αθηναίων","Date":"2025/03"}},{"type":"Feature","id":1926,"geometry":{"type":"Point","coordinates":[23.625256830000069,37.974543790000041]},"properties":{"FID":1926,"Type":"ΟΔΗΓΟΣ-ΛΟΙΠΑ ΑΙΤΙΑ ΑΝΑΦΕΡΟΜΕΝΑ ΣΕ ΟΔΗΓΟΥΣ","Municipali":"Δήμος Κερατσινίου - Δραπετσώνας","Date":"2025/03"}},{"type":"Feature","id":1927,"geometry":{"type":"Point","coordinates":[23.732834460000049,37.993473980000033]},"properties":{"FID":1927,"Type":"ΟΔΗΓΟΣ-ΑΠΟΣΠΑΣΗ ΤΗΣ ΠΡΟΣΟΧΗΣ ΤΟΥ ΟΔΗΓΟΥ","Municipali":"Δήμος Αθηναίων","Date":"2025/03"}},{"type":"Feature","id":1928,"geometry":{"type":"Point","coordinates":[23.387306930000022,37.999739010000042]},"properties":{"FID":1928,"Type":"ΑΙΤΙΑ ΥΠΟ ΕΚΔΙΚΑΣΗ","Municipali":"Δήμος Μεγαρέων","Date":"2025/03"}},{"type":"Feature","id":1929,"geometry":{"type":"Point","coordinates":[23.752092720000064,38.094376350000061]},"properties":{"FID":1929,"Type":"ΑΙΤΙΑ ΥΠΟ ΕΚΔΙΚΑΣΗ","Municipali":"Δήμος Αχαρνών","Date":"2025/03"}},{"type":"Feature","id":1930,"geometry":{"type":"Point","coordinates":[23.639896000000078,37.958447000000035]},"properties":{"FID":1930,"Type":"ΑΙΤΙΑ ΥΠΟ ΕΚΔΙΚΑΣΗ","Municipali":"Δήμος Πειραιώς","Date":"2025/03"}},{"type":"Feature","id":1931,"geometry":{"type":"Point","coordinates":[23.67553711000005,38.291688130000068]},"properties":{"FID":1931,"Type":"ΑΙΤΙΑ ΥΠΟ ΕΚΔΙΚΑΣΗ","Municipali":"Δήμος Ωρωπού","Date":"2025/03"}},{"type":"Feature","id":1932,"geometry":{"type":"Point","coordinates":[23.728355170000043,37.979686490000063]},"properties":{"FID":1932,"Type":"ΕΠΙΒΑΤΗΣ-ΛΟΙΠΑ ΑΙΤΙΑ ΑΝΑΦΕΡΟΜΕΝΑ ΣΕ ΕΠΙΒΑΤΕΣ","Municipali":"Δήμος Αθηναίων","Date":"2025/03"}},{"type":"Feature","id":1933,"geometry":{"type":"Point","coordinates":[23.696731930000055,37.99806078000006]},"properties":{"FID":1933,"Type":"ΑΙΤΙΑ ΥΠΟ ΕΚΔΙΚΑΣΗ","Municipali":"Δήμος Περιστερίου","Date":"2025/03"}},{"type":"Feature","id":1934,"geometry":{"type":"Point","coordinates":[23.729272480000077,38.000630950000073]},"properties":{"FID":1934,"Type":"ΑΙΤΙΑ ΥΠΟ ΕΚΔΙΚΑΣΗ","Municipali":"Δήμος Αθηναίων","Date":"2025/03"}},{"type":"Feature","id":1935,"geometry":{"type":"Point","coordinates":[23.725844620000032,38.001040980000028]},"properties":{"FID":1935,"Type":"ΑΙΤΙΑ ΥΠΟ ΕΚΔΙΚΑΣΗ","Municipali":"Δήμος Αθηναίων","Date":"2025/03"}},{"type":"Feature","id":1936,"geometry":{"type":"Point","coordinates":[23.679764270000078,38.029247620000035]},"properties":{"FID":1936,"Type":"ΑΙΤΙΑ ΥΠΟ ΕΚΔΙΚΑΣΗ","Municipali":"Δήμος Περιστερίου","Date":"2025/03"}},{"type":"Feature","id":1937,"geometry":{"type":"Point","coordinates":[23.79445553000005,38.022875240000076]},"properties":{"FID":1937,"Type":"ΑΙΤΙΑ ΥΠΟ ΕΚΔΙΚΑΣΗ","Municipali":"Δήμος Χαλανδρίου","Date":"2025/03"}},{"type":"Feature","id":1938,"geometry":{"type":"Point","coordinates":[23.646622900000068,37.939175800000044]},"properties":{"FID":1938,"Type":"ΑΙΤΙΑ ΥΠΟ ΕΚΔΙΚΑΣΗ","Municipali":"Δήμος Πειραιώς","Date":"2025/03"}},{"type":"Feature","id":1939,"geometry":{"type":"Point","coordinates":[23.713173870000048,37.993964380000079]},"properties":{"FID":1939,"Type":"ΑΙΤΙΑ ΥΠΟ ΕΚΔΙΚΑΣΗ","Municipali":"Δήμος Αθηναίων","Date":"2025/01"}},{"type":"Feature","id":1940,"geometry":{"type":"Point","coordinates":[23.72197151000006,38.052214010000057]},"properties":{"FID":1940,"Type":"ΟΔΗΓΟΣ-ΛΟΙΠΑ ΑΙΤΙΑ ΑΝΑΦΕΡΟΜΕΝΑ ΣΕ ΟΔΗΓΟΥΣ","Municipali":"Δήμος Αγίων Αναργύρων – Καματερού","Date":"2025/03"}},{"type":"Feature","id":1941,"geometry":{"type":"Point","coordinates":[23.710486290000063,37.962952850000079]},"properties":{"FID":1941,"Type":"ΟΔΗΓΟΣ-ΕΠΙΔΕΙΚΤΙΚΟΙ ΕΛΙΓΜΟΙ ΣΤΗ ΜΕΣΗ ΤΗΣ ΟΔΟΥ","Municipali":"Δήμος Καλλιθέας","Date":"2025/03"}},{"type":"Feature","id":1942,"geometry":{"type":"Point","coordinates":[23.689527510000062,37.991825200000051]},"properties":{"FID":1942,"Type":"ΟΔΗΓΟΣ-ΛΟΙΠΑ ΑΙΤΙΑ ΑΝΑΦΕΡΟΜΕΝΑ ΣΕ ΟΔΗΓΟΥΣ","Municipali":"Δήμος Αιγάλεω","Date":"2025/03"}},{"type":"Feature","id":1943,"geometry":{"type":"Point","coordinates":[23.741619700000058,37.972197300000062]},"properties":{"FID":1943,"Type":"ΟΔΗΓΟΣ-ΑΠΟΣΠΑΣΗ ΤΗΣ ΠΡΟΣΟΧΗΣ ΤΟΥ ΟΔΗΓΟΥ","Municipali":"Δήμος Αθηναίων","Date":"2025/03"}},{"type":"Feature","id":1944,"geometry":{"type":"Point","coordinates":[23.692322370000056,38.015314710000041]},"properties":{"FID":1944,"Type":"ΑΙΤΙΑ ΥΠΟ ΕΚΔΙΚΑΣΗ","Municipali":"Δήμος Περιστερίου","Date":"2025/03"}},{"type":"Feature","id":1945,"geometry":{"type":"Point","coordinates":[23.730093240000031,37.987018160000048]},"properties":{"FID":1945,"Type":"ΑΙΤΙΑ ΥΠΟ ΕΚΔΙΚΑΣΗ","Municipali":"Δήμος Αθηναίων","Date":"2025/03"}},{"type":"Feature","id":1946,"geometry":{"type":"Point","coordinates":[23.789150120000045,38.020411490000072]},"properties":{"FID":1946,"Type":"ΠΕΖΟΣ-ΔΙΕΣΧΙΖΕ ΑΠΟΤΟΜΑ ΚΑΙ ΑΠΕΡΙΣΚΕΠΤΑ ΤΗΝ ΟΔΟ","Municipali":"Δήμος Χαλανδρίου","Date":"2025/03"}},{"type":"Feature","id":1947,"geometry":{"type":"Point","coordinates":[23.73164440000005,37.977583400000071]},"properties":{"FID":1947,"Type":"ΟΔΗΓΟΣ-ΛΟΙΠΑ ΑΙΤΙΑ ΑΝΑΦΕΡΟΜΕΝΑ ΣΕ ΟΔΗΓΟΥΣ","Municipali":"Δήμος Αθηναίων","Date":"2025/03"}},{"type":"Feature","id":1948,"geometry":{"type":"Point","coordinates":[23.672313090000046,37.945123960000046]},"properties":{"FID":1948,"Type":"ΑΙΤΙΑ ΥΠΟ ΕΚΔΙΚΑΣΗ","Municipali":"Δήμος Μοσχάτου-Ταύρου","Date":"2025/03"}},{"type":"Feature","id":1949,"geometry":{"type":"Point","coordinates":[23.692982200000074,38.015382330000079]},"properties":{"FID":1949,"Type":"ΑΙΤΙΑ ΥΠΟ ΕΚΔΙΚΑΣΗ","Municipali":"Δήμος Περιστερίου","Date":"2025/03"}},{"type":"Feature","id":1950,"geometry":{"type":"Point","coordinates":[23.692038060000073,38.016198010000039]},"properties":{"FID":1950,"Type":"ΟΔΗΓΟΣ-ΛΟΙΠΑ ΑΙΤΙΑ ΑΝΑΦΕΡΟΜΕΝΑ ΣΕ ΟΔΗΓΟΥΣ","Municipali":"Δήμος Περιστερίου","Date":"2025/04"}},{"type":"Feature","id":1951,"geometry":{"type":"Point","coordinates":[23.882582190000051,37.789446460000079]},"properties":{"FID":1951,"Type":"ΟΔΗΓΟΣ-ΛΟΙΠΑ ΑΙΤΙΑ ΑΝΑΦΕΡΟΜΕΝΑ ΣΕ ΟΔΗΓΟΥΣ","Municipali":"Δήμος Σαρωνικού","Date":"2025/03"}},{"type":"Feature","id":1952,"geometry":{"type":"Point","coordinates":[23.746883870000033,37.86438516000004]},"properties":{"FID":1952,"Type":"ΟΔΗΓΟΣ-ΛΟΙΠΑ ΑΙΤΙΑ ΑΝΑΦΕΡΟΜΕΝΑ ΣΕ ΟΔΗΓΟΥΣ","Municipali":"Δήμος Γλυφάδας","Date":"2025/03"}},{"type":"Feature","id":1953,"geometry":{"type":"Point","coordinates":[23.741653560000032,37.97218072000004]},"properties":{"FID":1953,"Type":"ΟΔΗΓΟΣ-ΑΠΟΣΠΑΣΗ ΤΗΣ ΠΡΟΣΟΧΗΣ ΤΟΥ ΟΔΗΓΟΥ","Municipali":"Δήμος Αθηναίων","Date":"2025/03"}},{"type":"Feature","id":1954,"geometry":{"type":"Point","coordinates":[23.771865960000071,38.049713240000074]},"properties":{"FID":1954,"Type":"ΑΙΤΙΑ ΥΠΟ ΕΚΔΙΚΑΣΗ","Municipali":"Δήμος Ηρακλείου Αττικής","Date":"2025/03"}},{"type":"Feature","id":1955,"geometry":{"type":"Point","coordinates":[23.810548780000033,38.019511340000065]},"properties":{"FID":1955,"Type":"ΑΙΤΙΑ ΥΠΟ ΕΚΔΙΚΑΣΗ","Municipali":"Δήμος Χαλανδρίου","Date":"2025/04"}},{"type":"Feature","id":1956,"geometry":{"type":"Point","coordinates":[23.787213560000055,38.080392500000073]},"properties":{"FID":1956,"Type":"ΑΙΤΙΑ ΥΠΟ ΕΚΔΙΚΑΣΗ","Municipali":"Δήμος Κηφισιάς","Date":"2025/03"}},{"type":"Feature","id":1957,"geometry":{"type":"Point","coordinates":[23.784786900000029,37.981730850000076]},"properties":{"FID":1957,"Type":"ΟΔΗΓΟΣ-ΑΠΟΣΠΑΣΗ ΤΗΣ ΠΡΟΣΟΧΗΣ ΤΟΥ ΟΔΗΓΟΥ","Municipali":"Δήμος Παπάγου - Χολαργού","Date":"2025/04"}},{"type":"Feature","id":1958,"geometry":{"type":"Point","coordinates":[23.67259204000004,38.017664520000039]},"properties":{"FID":1958,"Type":"ΟΔΗΓΟΣ-ΛΟΙΠΑ ΑΙΤΙΑ ΑΝΑΦΕΡΟΜΕΝΑ ΣΕ ΟΔΗΓΟΥΣ","Municipali":"Δήμος Περιστερίου","Date":"2025/04"}},{"type":"Feature","id":1959,"geometry":{"type":"Point","coordinates":[23.745664680000061,37.989305490000049]},"properties":{"FID":1959,"Type":"ΟΔΗΓΟΣ-ΑΠΟΣΠΑΣΗ ΤΗΣ ΠΡΟΣΟΧΗΣ ΤΟΥ ΟΔΗΓΟΥ","Municipali":"Δήμος Αθηναίων","Date":"2025/04"}},{"type":"Feature","id":1960,"geometry":{"type":"Point","coordinates":[23.763926630000071,38.067863030000069]},"properties":{"FID":1960,"Type":"ΑΙΤΙΑ ΥΠΟ ΕΚΔΙΚΑΣΗ","Municipali":"Δήμος Μεταμορφώσεως","Date":"2025/04"}},{"type":"Feature","id":1961,"geometry":{"type":"Point","coordinates":[23.68027907000004,38.04396950000006]},"properties":{"FID":1961,"Type":"ΑΙΤΙΑ ΥΠΟ ΕΚΔΙΚΑΣΗ","Municipali":"Δήμος Πετρούπολης","Date":"2025/04"}},{"type":"Feature","id":1962,"geometry":{"type":"Point","coordinates":[23.714836840000032,37.935478060000037]},"properties":{"FID":1962,"Type":"ΟΔΗΓΟΣ-ΛΟΙΠΑ ΑΙΤΙΑ ΑΝΑΦΕΡΟΜΕΝΑ ΣΕ ΟΔΗΓΟΥΣ","Municipali":"Δήμος Νέας Σμύρνης","Date":"2025/04"}},{"type":"Feature","id":1963,"geometry":{"type":"Point","coordinates":[23.640228690000072,37.984516080000049]},"properties":{"FID":1963,"Type":"ΠΕΖΟΣ-ΔΕΝ ΒΑΔΙΖΕ ΣΤΙΣ ΔΙΑΒΑΣΕΙΣ","Municipali":"Δήμος Κορυδαλλού","Date":"2025/04"}},{"type":"Feature","id":1964,"geometry":{"type":"Point","coordinates":[23.771388530000024,38.034719480000035]},"properties":{"FID":1964,"Type":"ΑΙΤΙΑ ΥΠΟ ΕΚΔΙΚΑΣΗ","Municipali":"Δήμος Νέας Ιωνίας","Date":"2025/04"}},{"type":"Feature","id":1965,"geometry":{"type":"Point","coordinates":[23.746143580000023,37.903315920000068]},"properties":{"FID":1965,"Type":"ΑΙΤΙΑ ΥΠΟ ΕΚΔΙΚΑΣΗ","Municipali":"Δήμος Ελληνικού - Αργυρούπολης","Date":"2025/04"}},{"type":"Feature","id":1966,"geometry":{"type":"Point","coordinates":[23.815140720000045,38.002334480000059]},"properties":{"FID":1966,"Type":"ΑΙΤΙΑ ΥΠΟ ΕΚΔΙΚΑΣΗ","Municipali":"Δήμος Αγίας Παρασκευής","Date":"2025/03"}},{"type":"Feature","id":1967,"geometry":{"type":"Point","coordinates":[23.696217200000035,38.003852080000058]},"properties":{"FID":1967,"Type":"ΑΙΤΙΑ ΥΠΟ ΕΚΔΙΚΑΣΗ","Municipali":"Δήμος Περιστερίου","Date":"2025/04"}},{"type":"Feature","id":1968,"geometry":{"type":"Point","coordinates":[23.749885500000062,37.954007700000034]},"properties":{"FID":1968,"Type":"ΟΔΗΓΟΣ-ΑΠΟΣΠΑΣΗ ΤΗΣ ΠΡΟΣΟΧΗΣ ΤΟΥ ΟΔΗΓΟΥ","Municipali":"Δήμος Δάφνης - Υμηττού","Date":"2025/01"}},{"type":"Feature","id":1969,"geometry":{"type":"Point","coordinates":[23.641157930000077,37.95643879000005]},"properties":{"FID":1969,"Type":"ΟΔΗΓΟΣ-ΛΟΙΠΑ ΑΙΤΙΑ ΑΝΑΦΕΡΟΜΕΝΑ ΣΕ ΟΔΗΓΟΥΣ","Municipali":"Δήμος Πειραιώς","Date":"2025/04"}},{"type":"Feature","id":1970,"geometry":{"type":"Point","coordinates":[23.679367300000024,37.94594888000006]},"properties":{"FID":1970,"Type":"ΑΙΤΙΑ ΥΠΟ ΕΚΔΙΚΑΣΗ","Municipali":"Δήμος Μοσχάτου-Ταύρου","Date":"2025/04"}},{"type":"Feature","id":1971,"geometry":{"type":"Point","coordinates":[23.621882200000073,38.067546280000045]},"properties":{"FID":1971,"Type":"ΑΙΤΙΑ ΥΠΟ ΕΚΔΙΚΑΣΗ","Municipali":"Δήμος Ασπροπύργου","Date":"2025/04"}},{"type":"Feature","id":1972,"geometry":{"type":"Point","coordinates":[23.79286766000007,38.011510910000027]},"properties":{"FID":1972,"Type":"ΟΔΗΓΟΣ-ΠΑΡΑΒΙΑΣΗ ΠΡΟΤΕΡΑΙΟΤΗΤΑΣ ΓΕΝΙΚΩΣ","Municipali":"Δήμος Χαλανδρίου","Date":"2025/04"}},{"type":"Feature","id":1973,"geometry":{"type":"Point","coordinates":[23.706709100000069,38.032171000000062]},"properties":{"FID":1973,"Type":"ΟΔΗΓΟΣ-ΛΟΙΠΑ ΑΙΤΙΑ ΑΝΑΦΕΡΟΜΕΝΑ ΣΕ ΟΔΗΓΟΥΣ","Municipali":"Δήμος Ιλίου","Date":"2025/04"}},{"type":"Feature","id":1974,"geometry":{"type":"Point","coordinates":[23.724889760000053,38.027202430000045]},"properties":{"FID":1974,"Type":"ΑΙΤΙΑ ΥΠΟ ΕΚΔΙΚΑΣΗ","Municipali":"Δήμος Αγίων Αναργύρων – Καματερού","Date":"2025/04"}},{"type":"Feature","id":1975,"geometry":{"type":"Point","coordinates":[23.835804460000077,38.058630300000061]},"properties":{"FID":1975,"Type":"ΑΙΤΙΑ ΥΠΟ ΕΚΔΙΚΑΣΗ","Municipali":"Δήμος Πεντέλης","Date":"2025/04"}},{"type":"Feature","id":1976,"geometry":{"type":"Point","coordinates":[23.736626460000025,37.967925720000039]},"properties":{"FID":1976,"Type":"ΑΙΤΙΑ ΥΠΟ ΕΚΔΙΚΑΣΗ","Municipali":"Δήμος Αθηναίων","Date":"2025/04"}},{"type":"Feature","id":1977,"geometry":{"type":"Point","coordinates":[23.508373910000046,37.93838420000003]},"properties":{"FID":1977,"Type":"ΑΙΤΙΑ ΥΠΟ ΕΚΔΙΚΑΣΗ","Municipali":"Δήμος Σαλαμίνας","Date":"2025/04"}},{"type":"Feature","id":1978,"geometry":{"type":"Point","coordinates":[24.007358600000032,37.969601100000034]},"properties":{"FID":1978,"Type":"ΟΔΗΓΟΣ-ΛΟΙΠΑ ΑΙΤΙΑ ΑΝΑΦΕΡΟΜΕΝΑ ΣΕ ΟΔΗΓΟΥΣ","Municipali":"Δήμος Σπάτων - Αρτέμιδος","Date":"2025/03"}},{"type":"Feature","id":1979,"geometry":{"type":"Point","coordinates":[23.758599760000038,37.936006920000068]},"properties":{"FID":1979,"Type":"ΟΔΗΓΟΣ-ΛΟΙΠΑ ΑΙΤΙΑ ΑΝΑΦΕΡΟΜΕΝΑ ΣΕ ΟΔΗΓΟΥΣ","Municipali":"Δήμος Ηλιούπολης","Date":"2025/04"}},{"type":"Feature","id":1980,"geometry":{"type":"Point","coordinates":[23.718133910000063,37.997185750000028]},"properties":{"FID":1980,"Type":"ΟΔΗΓΟΣ-ΠΑΡΑΒΙΑΣΗ ΠΡΟΤΕΡΑΙΟΤΗΤΑΣ ΓΕΝΙΚΩΣ","Municipali":"Δήμος Αθηναίων","Date":"2025/03"}},{"type":"Feature","id":1981,"geometry":{"type":"Point","coordinates":[23.756414150000069,37.965098400000045]},"properties":{"FID":1981,"Type":"ΟΔΗΓΟΣ-ΑΠΟΣΠΑΣΗ ΤΗΣ ΠΡΟΣΟΧΗΣ ΤΟΥ ΟΔΗΓΟΥ","Municipali":"Δήμος Βύρωνα","Date":"2025/03"}},{"type":"Feature","id":1982,"geometry":{"type":"Point","coordinates":[23.815065620000041,38.029332130000057]},"properties":{"FID":1982,"Type":"ΟΔΗΓΟΣ-ΛΟΙΠΑ ΑΙΤΙΑ ΑΝΑΦΕΡΟΜΕΝΑ ΣΕ ΟΔΗΓΟΥΣ","Municipali":"Δήμος Χαλανδρίου","Date":"2025/03"}},{"type":"Feature","id":1983,"geometry":{"type":"Point","coordinates":[23.721414240000058,38.009480600000074]},"properties":{"FID":1983,"Type":"ΟΔΗΓΟΣ-ΠΑΡΑΒΙΑΣΗ ΠΡΟΤΕΡΑΙΟΤΗΤΑΣ ΓΕΝΙΚΩΣ","Municipali":"Δήμος Αθηναίων","Date":"2025/03"}},{"type":"Feature","id":1984,"geometry":{"type":"Point","coordinates":[23.775406480000072,38.032163180000055]},"properties":{"FID":1984,"Type":"ΑΙΤΙΑ ΥΠΟ ΕΚΔΙΚΑΣΗ","Municipali":"Δήμος Φιλοθέης - Ψυχικού","Date":"2025/03"}},{"type":"Feature","id":1985,"geometry":{"type":"Point","coordinates":[23.690101500000026,38.018395640000051]},"properties":{"FID":1985,"Type":"ΑΙΤΙΑ ΥΠΟ ΕΚΔΙΚΑΣΗ","Municipali":"Δήμος Περιστερίου","Date":"2025/03"}},{"type":"Feature","id":1986,"geometry":{"type":"Point","coordinates":[23.745537290000073,37.976456390000067]},"properties":{"FID":1986,"Type":"ΑΙΤΙΑ ΥΠΟ ΕΚΔΙΚΑΣΗ","Municipali":"Δήμος Αθηναίων","Date":"2025/03"}},{"type":"Feature","id":1987,"geometry":{"type":"Point","coordinates":[23.650753500000064,37.945843120000063]},"properties":{"FID":1987,"Type":"ΑΙΤΙΑ ΥΠΟ ΕΚΔΙΚΑΣΗ","Municipali":"Δήμος Πειραιώς","Date":"2025/03"}},{"type":"Feature","id":1988,"geometry":{"type":"Point","coordinates":[23.737082350000037,37.952810170000078]},"properties":{"FID":1988,"Type":"ΟΔΗΓΟΣ-ΛΟΙΠΕΣ ΠΑΡΑΒΙΑΣΕΙΣ ΣΗΜΑΝΣΕΩΝ ΕΝ ΓΕΝΕΙ","Municipali":"Δήμος Δάφνης - Υμηττού","Date":"2025/03"}},{"type":"Feature","id":1989,"geometry":{"type":"Point","coordinates":[23.734384780000028,38.028503920000048]},"properties":{"FID":1989,"Type":"ΑΙΤΙΑ ΥΠΟ ΕΚΔΙΚΑΣΗ","Municipali":"Δήμος Νέας Φιλαδέλφειας - Νέας Χαλκηδόνας","Date":"2025/03"}},{"type":"Feature","id":1990,"geometry":{"type":"Point","coordinates":[23.729776740000034,38.051157950000061]},"properties":{"FID":1990,"Type":"ΑΙΤΙΑ ΥΠΟ ΕΚΔΙΚΑΣΗ","Municipali":"Δήμος Αγίων Αναργύρων – Καματερού","Date":"2025/03"}},{"type":"Feature","id":1991,"geometry":{"type":"Point","coordinates":[23.633834120000074,37.950305990000061]},"properties":{"FID":1991,"Type":"ΑΙΤΙΑ ΥΠΟ ΕΚΔΙΚΑΣΗ","Municipali":"Δήμος Κερατσινίου - Δραπετσώνας","Date":"2025/03"}},{"type":"Feature","id":1992,"geometry":{"type":"Point","coordinates":[24.068185690000064,37.755990600000075]},"properties":{"FID":1992,"Type":"ΑΙΤΙΑ ΥΠΟ ΕΚΔΙΚΑΣΗ","Municipali":"Δήμος Λαυρεωτικής","Date":"2025/03"}},{"type":"Feature","id":1993,"geometry":{"type":"Point","coordinates":[23.785078530000078,38.011291130000075]},"properties":{"FID":1993,"Type":"ΟΔΗΓΟΣ-ΛΟΙΠΑ ΑΙΤΙΑ ΑΝΑΦΕΡΟΜΕΝΑ ΣΕ ΟΔΗΓΟΥΣ","Municipali":"Δήμος Χαλανδρίου","Date":"2025/03"}},{"type":"Feature","id":1994,"geometry":{"type":"Point","coordinates":[23.869653940000035,38.045856300000025]},"properties":{"FID":1994,"Type":"ΟΔΗΓΟΣ-ΛΟΙΠΕΣ ΠΑΡΑΒΙΑΣΕΙΣ ΣΗΜΑΝΣΕΩΝ ΕΝ ΓΕΝΕΙ","Municipali":"Δήμος Πεντέλης","Date":"2025/03"}},{"type":"Feature","id":1995,"geometry":{"type":"Point","coordinates":[23.734330990000046,37.978655720000063]},"properties":{"FID":1995,"Type":"ΟΔΗΓΟΣ-ΛΟΙΠΑ ΑΙΤΙΑ ΑΝΑΦΕΡΟΜΕΝΑ ΣΕ ΟΔΗΓΟΥΣ","Municipali":"Δήμος Αθηναίων","Date":"2025/01"}},{"type":"Feature","id":1996,"geometry":{"type":"Point","coordinates":[23.695090410000034,37.93975118000003]},"properties":{"FID":1996,"Type":"ΑΙΤΙΑ ΥΠΟ ΕΚΔΙΚΑΣΗ","Municipali":"Δήμος Παλαιού Φαλήρου","Date":"2025/03"}},{"type":"Feature","id":1997,"geometry":{"type":"Point","coordinates":[23.68671119000004,38.013269140000034]},"properties":{"FID":1997,"Type":"ΑΙΤΙΑ ΥΠΟ ΕΚΔΙΚΑΣΗ","Municipali":"Δήμος Περιστερίου","Date":"2025/03"}},{"type":"Feature","id":1998,"geometry":{"type":"Point","coordinates":[23.766163180000035,37.991410320000057]},"properties":{"FID":1998,"Type":"ΟΔΗΓΟΣ-ΛΟΙΠΑ ΑΙΤΙΑ ΑΝΑΦΕΡΟΜΕΝΑ ΣΕ ΟΔΗΓΟΥΣ","Municipali":"Δήμος Αθηναίων","Date":"2025/03"}},{"type":"Feature","id":1999,"geometry":{"type":"Point","coordinates":[23.753083550000042,38.012922390000028]},"properties":{"FID":1999,"Type":"ΟΔΗΓΟΣ-ΑΠΟΣΠΑΣΗ ΤΗΣ ΠΡΟΣΟΧΗΣ ΤΟΥ ΟΔΗΓΟΥ","Municipali":"Δήμος Γαλατσίου","Date":"2025/03"}},{"type":"Feature","id":2000,"geometry":{"type":"Point","coordinates":[23.758460250000041,37.981275570000037]},"properties":{"FID":2000,"Type":"ΟΔΗΓΟΣ-ΠΑΡΑΒΙΑΣΗ ΣΗΜΑΤΟΔΟΤΗ","Municipali":"Δήμος Αθηναίων","Date":"2025/03"}},{"type":"Feature","id":2001,"geometry":{"type":"Point","coordinates":[23.883778450000023,38.044212920000064]},"properties":{"FID":2001,"Type":"ΟΔΗΓΟΣ-ΠΑΡΑΒΙΑΣΗ ΠΡΟΤΕΡΑΙΟΤΗΤΑΣ ΓΕΝΙΚΩΣ","Municipali":"Δήμος Πεντέλης","Date":"2025/03"}},{"type":"Feature","id":2002,"geometry":{"type":"Point","coordinates":[23.782069300000046,37.812735700000076]},"properties":{"FID":2002,"Type":"ΑΙΤΙΑ ΥΠΟ ΕΚΔΙΚΑΣΗ","Municipali":"Δήμος Βάρης - Βούλας - Βουλιαγμένης","Date":"2025/03"}},{"type":"Feature","id":2003,"geometry":{"type":"Point","coordinates":[23.75474330000003,37.903906500000062]},"properties":{"FID":2003,"Type":"ΑΙΤΙΑ ΥΠΟ ΕΚΔΙΚΑΣΗ","Municipali":"Δήμος Ελληνικού - Αργυρούπολης","Date":"2025/03"}},{"type":"Feature","id":2004,"geometry":{"type":"Point","coordinates":[23.689788290000024,38.018630830000063]},"properties":{"FID":2004,"Type":"ΑΙΤΙΑ ΥΠΟ ΕΚΔΙΚΑΣΗ","Municipali":"Δήμος Περιστερίου","Date":"2025/03"}},{"type":"Feature","id":2005,"geometry":{"type":"Point","coordinates":[23.826765420000072,38.037250340000071]},"properties":{"FID":2005,"Type":"ΑΙΤΙΑ ΥΠΟ ΕΚΔΙΚΑΣΗ","Municipali":"Δήμος Βριλησσίων","Date":"2025/03"}},{"type":"Feature","id":2006,"geometry":{"type":"Point","coordinates":[23.637331720000077,37.935863070000039]},"properties":{"FID":2006,"Type":"ΑΙΤΙΑ ΥΠΟ ΕΚΔΙΚΑΣΗ","Municipali":"Δήμος Πειραιώς","Date":"2025/03"}},{"type":"Feature","id":2007,"geometry":{"type":"Point","coordinates":[23.799529880000023,37.977081610000027]},"properties":{"FID":2007,"Type":"ΟΔΗΓΟΣ-ΛΟΙΠΑ ΑΙΤΙΑ ΑΝΑΦΕΡΟΜΕΝΑ ΣΕ ΟΔΗΓΟΥΣ","Municipali":"Δήμος Παπάγου - Χολαργού","Date":"2025/03"}},{"type":"Feature","id":2008,"geometry":{"type":"Point","coordinates":[23.72790456000007,38.028918020000049]},"properties":{"FID":2008,"Type":"ΑΙΤΙΑ ΥΠΟ ΕΚΔΙΚΑΣΗ","Municipali":"Δήμος Νέας Φιλαδέλφειας - Νέας Χαλκηδόνας","Date":"2025/03"}},{"type":"Feature","id":2009,"geometry":{"type":"Point","coordinates":[23.782353400000034,37.810440860000028]},"properties":{"FID":2009,"Type":"ΑΙΤΙΑ ΥΠΟ ΕΚΔΙΚΑΣΗ","Municipali":"Δήμος Βάρης - Βούλας - Βουλιαγμένης","Date":"2025/03"}},{"type":"Feature","id":2010,"geometry":{"type":"Point","coordinates":[23.77596974000005,38.006079580000062]},"properties":{"FID":2010,"Type":"ΑΙΤΙΑ ΥΠΟ ΕΚΔΙΚΑΣΗ","Municipali":"Δήμος Φιλοθέης - Ψυχικού","Date":"2025/03"}},{"type":"Feature","id":2011,"geometry":{"type":"Point","coordinates":[23.668112750000034,37.953977610000038]},"properties":{"FID":2011,"Type":"ΟΔΗΓΟΣ-ΛΟΙΠΕΣ ΠΑΡΑΒΙΑΣΕΙΣ ΣΗΜΑΝΣΕΩΝ ΕΝ ΓΕΝΕΙ","Municipali":"Δήμος Πειραιώς","Date":"2025/03"}},{"type":"Feature","id":2012,"geometry":{"type":"Point","coordinates":[23.689785000000029,38.018006840000055]},"properties":{"FID":2012,"Type":"ΑΙΤΙΑ ΥΠΟ ΕΚΔΙΚΑΣΗ","Municipali":"Δήμος Περιστερίου","Date":"2025/03"}},{"type":"Feature","id":2013,"geometry":{"type":"Point","coordinates":[23.700723200000027,38.00763100000006]},"properties":{"FID":2013,"Type":"ΑΙΤΙΑ ΥΠΟ ΕΚΔΙΚΑΣΗ","Municipali":"Δήμος Περιστερίου","Date":"2025/03"}},{"type":"Feature","id":2014,"geometry":{"type":"Point","coordinates":[23.69062185000007,38.082182850000038]},"properties":{"FID":2014,"Type":"ΑΙΤΙΑ ΥΠΟ ΕΚΔΙΚΑΣΗ","Municipali":"Δήμος Φυλής","Date":"2025/03"}},{"type":"Feature","id":2015,"geometry":{"type":"Point","coordinates":[23.755949380000061,37.988624730000026]},"properties":{"FID":2015,"Type":"ΟΔΗΓΟΣ-ΛΟΙΠΑ ΑΙΤΙΑ ΑΝΑΦΕΡΟΜΕΝΑ ΣΕ ΟΔΗΓΟΥΣ","Municipali":"Δήμος Αθηναίων","Date":"2025/02"}},{"type":"Feature","id":2016,"geometry":{"type":"Point","coordinates":[23.73555003000007,38.019524110000077]},"properties":{"FID":2016,"Type":"ΟΔΗΓΟΣ-ΛΟΙΠΑ ΑΙΤΙΑ ΑΝΑΦΕΡΟΜΕΝΑ ΣΕ ΟΔΗΓΟΥΣ","Municipali":"Δήμος Αθηναίων","Date":"2025/02"}},{"type":"Feature","id":2017,"geometry":{"type":"Point","coordinates":[23.723090900000045,37.985795300000063]},"properties":{"FID":2017,"Type":"ΟΔΗΓΟΣ-ΛΟΙΠΑ ΑΙΤΙΑ ΑΝΑΦΕΡΟΜΕΝΑ ΣΕ ΟΔΗΓΟΥΣ","Municipali":"Δήμος Αθηναίων","Date":"2025/02"}},{"type":"Feature","id":2018,"geometry":{"type":"Point","coordinates":[23.771045210000068,38.04736446000004]},"properties":{"FID":2018,"Type":"ΑΙΤΙΑ ΥΠΟ ΕΚΔΙΚΑΣΗ","Municipali":"Δήμος Ηρακλείου Αττικής","Date":"2025/03"}},{"type":"Feature","id":2019,"geometry":{"type":"Point","coordinates":[23.766071500000066,37.986737700000049]},"properties":{"FID":2019,"Type":"ΑΙΤΙΑ ΥΠΟ ΕΚΔΙΚΑΣΗ","Municipali":"Δήμος Αθηναίων","Date":"2025/02"}},{"type":"Feature","id":2020,"geometry":{"type":"Point","coordinates":[23.663520810000023,38.099155240000073]},"properties":{"FID":2020,"Type":"ΑΙΤΙΑ ΥΠΟ ΕΚΔΙΚΑΣΗ","Municipali":"Δήμος Φυλής","Date":"2025/02"}},{"type":"Feature","id":2021,"geometry":{"type":"Point","coordinates":[24.019766450000077,38.001611650000029]},"properties":{"FID":2021,"Type":"ΑΙΤΙΑ ΥΠΟ ΕΚΔΙΚΑΣΗ","Municipali":"Δήμος Ραφήνας - Πικερμίου","Date":"2025/02"}},{"type":"Feature","id":2022,"geometry":{"type":"Point","coordinates":[23.774049280000042,38.00265574000008]},"properties":{"FID":2022,"Type":"ΑΙΤΙΑ ΥΠΟ ΕΚΔΙΚΑΣΗ","Municipali":"Δήμος Φιλοθέης - Ψυχικού","Date":"2025/02"}},{"type":"Feature","id":2023,"geometry":{"type":"Point","coordinates":[23.674882650000029,37.976159930000051]},"properties":{"FID":2023,"Type":"ΟΔΗΓΟΣ-ΕΣΦΑΛΜΕΝΗ ΑΠΟΦΕΥΚΤΙΚΗ ΕΝΕΡΓΕΙΑ","Municipali":"Δήμος Νίκαιας - Αγίου Ιωάννη Ρέντη","Date":"2025/02"}},{"type":"Feature","id":2024,"geometry":{"type":"Point","coordinates":[23.843261000000041,37.967461200000059]},"properties":{"FID":2024,"Type":"ΟΔΗΓΟΣ-ΕΣΦΑΛΜΕΝΗ ΑΠΟΦΕΥΚΤΙΚΗ ΕΝΕΡΓΕΙΑ","Municipali":"Δήμος Παιανίας","Date":"2025/02"}},{"type":"Feature","id":2025,"geometry":{"type":"Point","coordinates":[23.747734120000075,38.006538730000045]},"properties":{"FID":2025,"Type":"ΑΙΤΙΑ ΥΠΟ ΕΚΔΙΚΑΣΗ","Municipali":"Δήμος Αθηναίων","Date":"2025/02"}},{"type":"Feature","id":2026,"geometry":{"type":"Point","coordinates":[23.604166900000052,38.009851000000026]},"properties":{"FID":2026,"Type":"ΑΙΤΙΑ ΥΠΟ ΕΚΔΙΚΑΣΗ","Municipali":"Δήμος Χαϊδαρίου","Date":"2025/02"}},{"type":"Feature","id":2027,"geometry":{"type":"Point","coordinates":[23.787914970000031,37.965273830000058]},"properties":{"FID":2027,"Type":"ΟΔΗΓΟΣ-ΛΟΙΠΑ ΑΙΤΙΑ ΑΝΑΦΕΡΟΜΕΝΑ ΣΕ ΟΔΗΓΟΥΣ","Municipali":"Δήμος Καισαριανής","Date":"2025/02"}},{"type":"Feature","id":2028,"geometry":{"type":"Point","coordinates":[23.76821816000006,37.949003120000043]},"properties":{"FID":2028,"Type":"ΟΔΗΓΟΣ-ΑΠΟΣΠΑΣΗ ΤΗΣ ΠΡΟΣΟΧΗΣ ΤΟΥ ΟΔΗΓΟΥ","Municipali":"Δήμος Βύρωνα","Date":"2025/02"}},{"type":"Feature","id":2029,"geometry":{"type":"Point","coordinates":[23.746851880000065,37.979960230000074]},"properties":{"FID":2029,"Type":"ΑΙΤΙΑ ΥΠΟ ΕΚΔΙΚΑΣΗ","Municipali":"Δήμος Αθηναίων","Date":"2025/02"}},{"type":"Feature","id":2030,"geometry":{"type":"Point","coordinates":[23.725246300000038,38.014912600000059]},"properties":{"FID":2030,"Type":"ΑΙΤΙΑ ΥΠΟ ΕΚΔΙΚΑΣΗ","Municipali":"Δήμος Αθηναίων","Date":"2025/02"}},{"type":"Feature","id":2031,"geometry":{"type":"Point","coordinates":[23.814765210000076,37.991131850000045]},"properties":{"FID":2031,"Type":"ΟΔΗΓΟΣ-ΛΟΙΠΑ ΑΙΤΙΑ ΑΝΑΦΕΡΟΜΕΝΑ ΣΕ ΟΔΗΓΟΥΣ","Municipali":"Δήμος Παπάγου - Χολαργού","Date":"2025/02"}},{"type":"Feature","id":2032,"geometry":{"type":"Point","coordinates":[23.739502430000073,38.01668826000008]},"properties":{"FID":2032,"Type":"ΟΔΗΓΟΣ-ΛΟΙΠΑ ΑΙΤΙΑ ΑΝΑΦΕΡΟΜΕΝΑ ΣΕ ΟΔΗΓΟΥΣ","Municipali":"Δήμος Αθηναίων","Date":"2025/05"}},{"type":"Feature","id":2033,"geometry":{"type":"Point","coordinates":[23.514899610000043,37.965173230000062]},"properties":{"FID":2033,"Type":"ΑΙΤΙΑ ΥΠΟ ΕΚΔΙΚΑΣΗ","Municipali":"Δήμος Σαλαμίνας","Date":"2025/02"}},{"type":"Feature","id":2034,"geometry":{"type":"Point","coordinates":[23.647545580000042,37.952962440000078]},"properties":{"FID":2034,"Type":"ΑΙΤΙΑ ΥΠΟ ΕΚΔΙΚΑΣΗ","Municipali":"Δήμος Πειραιώς","Date":"2025/05"}},{"type":"Feature","id":2035,"geometry":{"type":"Point","coordinates":[23.639741940000079,37.960909130000061]},"properties":{"FID":2035,"Type":"ΠΕΖΟΣ-ΔΙΕΣΧΙΖΕ ΑΠΟΤΟΜΑ ΚΑΙ ΑΠΕΡΙΣΚΕΠΤΑ ΤΗΝ ΟΔΟ","Municipali":"Δήμος Πειραιώς","Date":"2025/05"}},{"type":"Feature","id":2036,"geometry":{"type":"Point","coordinates":[23.851715330000047,38.188870220000069]},"properties":{"FID":2036,"Type":"ΟΔΗΓΟΣ-ΛΟΙΠΕΣ ΠΑΡΑΒΙΑΣΕΙΣ ΣΗΜΑΝΣΕΩΝ ΕΝ ΓΕΝΕΙ","Municipali":"Δήμος Ωρωπού","Date":"2025/04"}},{"type":"Feature","id":2037,"geometry":{"type":"Point","coordinates":[23.764732040000069,37.87154860000004]},"properties":{"FID":2037,"Type":"ΟΔΗΓΟΣ-ΚΙΝΗΣΗ ΣΤΟ ΑΝΤΙΘΕΤΟ ΡΕΥΜΑ","Municipali":"Δήμος Γλυφάδας","Date":"2025/04"}},{"type":"Feature","id":2038,"geometry":{"type":"Point","coordinates":[23.713908790000062,37.953135860000032]},"properties":{"FID":2038,"Type":"ΑΙΤΙΑ ΥΠΟ ΕΚΔΙΚΑΣΗ","Municipali":"Δήμος Νέας Σμύρνης","Date":"2025/04"}},{"type":"Feature","id":2039,"geometry":{"type":"Point","coordinates":[23.646783830000061,37.946820320000029]},"properties":{"FID":2039,"Type":"ΑΙΤΙΑ ΥΠΟ ΕΚΔΙΚΑΣΗ","Municipali":"Δήμος Πειραιώς","Date":"2025/04"}},{"type":"Feature","id":2040,"geometry":{"type":"Point","coordinates":[23.714391590000048,38.008307110000032]},"properties":{"FID":2040,"Type":"ΟΔΗΓΟΣ-ΛΟΙΠΑ ΑΙΤΙΑ ΑΝΑΦΕΡΟΜΕΝΑ ΣΕ ΟΔΗΓΟΥΣ","Municipali":"Δήμος Περιστερίου","Date":"2025/04"}},{"type":"Feature","id":2041,"geometry":{"type":"Point","coordinates":[23.646049340000047,37.979894080000065]},"properties":{"FID":2041,"Type":"ΟΔΗΓΟΣ-ΛΟΙΠΑ ΑΙΤΙΑ ΑΝΑΦΕΡΟΜΕΝΑ ΣΕ ΟΔΗΓΟΥΣ","Municipali":"Δήμος Κορυδαλλού","Date":"2025/04"}},{"type":"Feature","id":2042,"geometry":{"type":"Point","coordinates":[23.710707640000066,37.985288270000069]},"properties":{"FID":2042,"Type":"ΟΔΗΓΟΣ-ΛΟΙΠΑ ΑΙΤΙΑ ΑΝΑΦΕΡΟΜΕΝΑ ΣΕ ΟΔΗΓΟΥΣ","Municipali":"Δήμος Αθηναίων","Date":"2025/04"}},{"type":"Feature","id":2043,"geometry":{"type":"Point","coordinates":[23.657190780000064,37.988861780000036]},"properties":{"FID":2043,"Type":"ΑΙΤΙΑ ΥΠΟ ΕΚΔΙΚΑΣΗ","Municipali":"Δήμος Αγίας Βαρβάρας","Date":"2025/04"}},{"type":"Feature","id":2044,"geometry":{"type":"Point","coordinates":[23.738971350000043,37.943905600000051]},"properties":{"FID":2044,"Type":"ΑΙΤΙΑ ΥΠΟ ΕΚΔΙΚΑΣΗ","Municipali":"Δήμος Αγίου Δημητρίου","Date":"2025/04"}},{"type":"Feature","id":2045,"geometry":{"type":"Point","coordinates":[23.803531100000043,38.021017700000073]},"properties":{"FID":2045,"Type":"ΑΙΤΙΑ ΥΠΟ ΕΚΔΙΚΑΣΗ","Municipali":"Δήμος Χαλανδρίου","Date":"2025/03"}},{"type":"Feature","id":2046,"geometry":{"type":"Point","coordinates":[23.731246590000069,37.925936680000063]},"properties":{"FID":2046,"Type":"ΟΔΗΓΟΣ-ΠΑΡΑΒΙΑΣΗ ΠΡΟΤΕΡΑΙΟΤΗΤΑΣ ΓΕΝΙΚΩΣ","Municipali":"Δήμος Αγίου Δημητρίου","Date":"2025/04"}},{"type":"Feature","id":2047,"geometry":{"type":"Point","coordinates":[23.752151490000074,37.95786116000005]},"properties":{"FID":2047,"Type":"ΟΔΗΓΟΣ-ΛΟΙΠΕΣ ΠΑΡΑΒΙΑΣΕΙΣ ΣΗΜΑΝΣΕΩΝ ΕΝ ΓΕΝΕΙ","Municipali":"Δήμος Βύρωνα","Date":"2025/04"}},{"type":"Feature","id":2048,"geometry":{"type":"Point","coordinates":[23.721874950000029,37.924688380000077]},"properties":{"FID":2048,"Type":"ΑΙΤΙΑ ΥΠΟ ΕΚΔΙΚΑΣΗ","Municipali":"Δήμος Παλαιού Φαλήρου","Date":"2025/04"}},{"type":"Feature","id":2049,"geometry":{"type":"Point","coordinates":[23.756424140000036,37.987144350000051]},"properties":{"FID":2049,"Type":"ΟΔΗΓΟΣ-ΛΟΙΠΑ ΑΙΤΙΑ ΑΝΑΦΕΡΟΜΕΝΑ ΣΕ ΟΔΗΓΟΥΣ","Municipali":"Δήμος Αθηναίων","Date":"2025/03"}},{"type":"Feature","id":2050,"geometry":{"type":"Point","coordinates":[23.756432530000041,38.060188880000055]},"properties":{"FID":2050,"Type":"ΑΙΤΙΑ ΥΠΟ ΕΚΔΙΚΑΣΗ","Municipali":"Δήμος Μεταμορφώσεως","Date":"2025/04"}},{"type":"Feature","id":2051,"geometry":{"type":"Point","coordinates":[23.780910370000072,38.010420450000026]},"properties":{"FID":2051,"Type":"ΑΙΤΙΑ ΥΠΟ ΕΚΔΙΚΑΣΗ","Municipali":"Δήμος Χαλανδρίου","Date":"2025/04"}},{"type":"Feature","id":2052,"geometry":{"type":"Point","coordinates":[23.837436160000038,38.037366570000074]},"properties":{"FID":2052,"Type":"ΟΔΗΓΟΣ-ΛΟΙΠΕΣ ΠΑΡΑΒΙΑΣΕΙΣ ΣΗΜΑΝΣΕΩΝ ΕΝ ΓΕΝΕΙ","Municipali":"Δήμος Βριλησσίων","Date":"2025/04"}},{"type":"Feature","id":2053,"geometry":{"type":"Point","coordinates":[23.742087770000069,37.999302550000039]},"properties":{"FID":2053,"Type":"ΟΔΗΓΟΣ-ΛΟΙΠΑ ΑΙΤΙΑ ΑΝΑΦΕΡΟΜΕΝΑ ΣΕ ΟΔΗΓΟΥΣ","Municipali":"Δήμος Αθηναίων","Date":"2025/03"}},{"type":"Feature","id":2054,"geometry":{"type":"Point","coordinates":[23.731777850000071,37.968379810000044]},"properties":{"FID":2054,"Type":"ΟΔΗΓΟΣ-ΛΟΙΠΑ ΑΙΤΙΑ ΑΝΑΦΕΡΟΜΕΝΑ ΣΕ ΟΔΗΓΟΥΣ","Municipali":"Δήμος Αθηναίων","Date":"2025/03"}},{"type":"Feature","id":2055,"geometry":{"type":"Point","coordinates":[23.722926390000055,37.981785160000072]},"properties":{"FID":2055,"Type":"ΟΔΗΓΟΣ-ΑΠΟΣΠΑΣΗ ΤΗΣ ΠΡΟΣΟΧΗΣ ΤΟΥ ΟΔΗΓΟΥ","Municipali":"Δήμος Αθηναίων","Date":"2025/03"}},{"type":"Feature","id":2056,"geometry":{"type":"Point","coordinates":[23.721501200000034,37.977308400000027]},"properties":{"FID":2056,"Type":"ΟΔΗΓΟΣ-ΑΠΟΣΠΑΣΗ ΤΗΣ ΠΡΟΣΟΧΗΣ ΤΟΥ ΟΔΗΓΟΥ","Municipali":"Δήμος Αθηναίων","Date":"2025/03"}},{"type":"Feature","id":2057,"geometry":{"type":"Point","coordinates":[23.699660900000026,37.97108122000003]},"properties":{"FID":2057,"Type":"ΑΙΤΙΑ ΥΠΟ ΕΚΔΙΚΑΣΗ","Municipali":"Δήμος Μοσχάτου-Ταύρου","Date":"2025/04"}},{"type":"Feature","id":2058,"geometry":{"type":"Point","coordinates":[23.670306800000048,37.953618070000061]},"properties":{"FID":2058,"Type":"ΑΙΤΙΑ ΥΠΟ ΕΚΔΙΚΑΣΗ","Municipali":"Δήμος Πειραιώς","Date":"2025/04"}},{"type":"Feature","id":2059,"geometry":{"type":"Point","coordinates":[23.736865300000034,38.084160700000041]},"properties":{"FID":2059,"Type":"ΑΙΤΙΑ ΥΠΟ ΕΚΔΙΚΑΣΗ","Municipali":"Δήμος Αχαρνών","Date":"2025/03"}},{"type":"Feature","id":2060,"geometry":{"type":"Point","coordinates":[23.827371600000049,38.043211670000062]},"properties":{"FID":2060,"Type":"ΑΙΤΙΑ ΥΠΟ ΕΚΔΙΚΑΣΗ","Municipali":"Δήμος Αμαρουσίου","Date":"2025/03"}},{"type":"Feature","id":2061,"geometry":{"type":"Point","coordinates":[23.73495500000007,38.001308820000077]},"properties":{"FID":2061,"Type":"ΑΙΤΙΑ ΥΠΟ ΕΚΔΙΚΑΣΗ","Municipali":"Δήμος Αθηναίων","Date":"2025/03"}},{"type":"Feature","id":2062,"geometry":{"type":"Point","coordinates":[23.815956120000067,38.075544810000054]},"properties":{"FID":2062,"Type":"ΑΙΤΙΑ ΥΠΟ ΕΚΔΙΚΑΣΗ","Municipali":"Δήμος Κηφισιάς","Date":"2025/03"}},{"type":"Feature","id":2063,"geometry":{"type":"Point","coordinates":[23.63514304000006,37.953190850000055]},"properties":{"FID":2063,"Type":"ΑΙΤΙΑ ΥΠΟ ΕΚΔΙΚΑΣΗ","Municipali":"Δήμος Πειραιώς","Date":"2025/03"}},{"type":"Feature","id":2064,"geometry":{"type":"Point","coordinates":[23.679571460000034,37.984902370000043]},"properties":{"FID":2064,"Type":"ΑΙΤΙΑ ΥΠΟ ΕΚΔΙΚΑΣΗ","Municipali":"Δήμος Αιγάλεω","Date":"2025/03"}},{"type":"Feature","id":2065,"geometry":{"type":"Point","coordinates":[23.687639240000067,37.990193290000036]},"properties":{"FID":2065,"Type":"ΑΙΤΙΑ ΥΠΟ ΕΚΔΙΚΑΣΗ","Municipali":"Δήμος Αιγάλεω","Date":"2025/03"}},{"type":"Feature","id":2066,"geometry":{"type":"Point","coordinates":[23.658487700000023,37.96547060000006]},"properties":{"FID":2066,"Type":"ΑΙΤΙΑ ΥΠΟ ΕΚΔΙΚΑΣΗ","Municipali":"Δήμος Νίκαιας - Αγίου Ιωάννη Ρέντη","Date":"2025/03"}},{"type":"Feature","id":2067,"geometry":{"type":"Point","coordinates":[23.733558690000052,38.000893150000024]},"properties":{"FID":2067,"Type":"ΟΔΗΓΟΣ-ΠΑΡΑΒΙΑΣΗ ΣΗΜΑΤΟΔΟΤΗ","Municipali":"Δήμος Αθηναίων","Date":"2025/03"}},{"type":"Feature","id":2068,"geometry":{"type":"Point","coordinates":[23.773770330000048,38.032949090000045]},"properties":{"FID":2068,"Type":"ΑΙΤΙΑ ΥΠΟ ΕΚΔΙΚΑΣΗ","Municipali":"Δήμος Φιλοθέης - Ψυχικού","Date":"2025/03"}},{"type":"Feature","id":2069,"geometry":{"type":"Point","coordinates":[23.648038450000058,38.010718200000042]},"properties":{"FID":2069,"Type":"ΑΙΤΙΑ ΥΠΟ ΕΚΔΙΚΑΣΗ","Municipali":"Δήμος Χαϊδαρίου","Date":"2025/03"}},{"type":"Feature","id":2070,"geometry":{"type":"Point","coordinates":[23.73083889000003,38.057008330000031]},"properties":{"FID":2070,"Type":"ΑΙΤΙΑ ΥΠΟ ΕΚΔΙΚΑΣΗ","Municipali":"Δήμος Αχαρνών","Date":"2025/03"}},{"type":"Feature","id":2071,"geometry":{"type":"Point","coordinates":[23.718925780000063,37.996484240000029]},"properties":{"FID":2071,"Type":"ΟΔΗΓΟΣ-ΛΟΙΠΑ ΑΙΤΙΑ ΑΝΑΦΕΡΟΜΕΝΑ ΣΕ ΟΔΗΓΟΥΣ","Municipali":"Δήμος Αθηναίων","Date":"2025/03"}},{"type":"Feature","id":2072,"geometry":{"type":"Point","coordinates":[23.706806190000066,37.987936570000045]},"properties":{"FID":2072,"Type":"ΟΔΗΓΟΣ-ΛΟΙΠΑ ΑΙΤΙΑ ΑΝΑΦΕΡΟΜΕΝΑ ΣΕ ΟΔΗΓΟΥΣ","Municipali":"Δήμος Αθηναίων","Date":"2025/03"}},{"type":"Feature","id":2073,"geometry":{"type":"Point","coordinates":[23.728656090000072,38.012238240000045]},"properties":{"FID":2073,"Type":"ΟΔΗΓΟΣ-ΛΟΙΠΑ ΑΙΤΙΑ ΑΝΑΦΕΡΟΜΕΝΑ ΣΕ ΟΔΗΓΟΥΣ","Municipali":"Δήμος Αθηναίων","Date":"2025/03"}},{"type":"Feature","id":2074,"geometry":{"type":"Point","coordinates":[23.689844010000058,37.992269100000044]},"properties":{"FID":2074,"Type":"ΑΙΤΙΑ ΥΠΟ ΕΚΔΙΚΑΣΗ","Municipali":"Δήμος Αιγάλεω","Date":"2025/03"}},{"type":"Feature","id":2075,"geometry":{"type":"Point","coordinates":[23.741390710000076,37.92618211000007]},"properties":{"FID":2075,"Type":"ΑΙΤΙΑ ΥΠΟ ΕΚΔΙΚΑΣΗ","Municipali":"Δήμος Αλίμου","Date":"2025/03"}},{"type":"Feature","id":2076,"geometry":{"type":"Point","coordinates":[23.853228090000073,37.95441752000005]},"properties":{"FID":2076,"Type":"ΟΔΗΓΟΣ-ΛΟΙΠΑ ΑΙΤΙΑ ΑΝΑΦΕΡΟΜΕΝΑ ΣΕ ΟΔΗΓΟΥΣ","Municipali":"Δήμος Παιανίας","Date":"2025/03"}},{"type":"Feature","id":2077,"geometry":{"type":"Point","coordinates":[23.785807830000067,37.833515440000042]},"properties":{"FID":2077,"Type":"ΑΙΤΙΑ ΥΠΟ ΕΚΔΙΚΑΣΗ","Municipali":"Δήμος Βάρης - Βούλας - Βουλιαγμένης","Date":"2025/03"}},{"type":"Feature","id":2078,"geometry":{"type":"Point","coordinates":[23.665242790000036,38.002499340000043]},"properties":{"FID":2078,"Type":"ΑΙΤΙΑ ΥΠΟ ΕΚΔΙΚΑΣΗ","Municipali":"Δήμος Χαϊδαρίου","Date":"2025/03"}},{"type":"Feature","id":2079,"geometry":{"type":"Point","coordinates":[23.760917190000043,37.985593320000078]},"properties":{"FID":2079,"Type":"ΟΔΗΓΟΣ-ΛΟΙΠΑ ΑΙΤΙΑ ΑΝΑΦΕΡΟΜΕΝΑ ΣΕ ΟΔΗΓΟΥΣ","Municipali":"Δήμος Αθηναίων","Date":"2025/05"}},{"type":"Feature","id":2080,"geometry":{"type":"Point","coordinates":[23.714383000000055,37.984255300000029]},"properties":{"FID":2080,"Type":"ΟΔΗΓΟΣ-ΑΠΟΣΠΑΣΗ ΤΗΣ ΠΡΟΣΟΧΗΣ ΤΟΥ ΟΔΗΓΟΥ","Municipali":"Δήμος Αθηναίων","Date":"2025/03"}},{"type":"Feature","id":2081,"geometry":{"type":"Point","coordinates":[23.760732100000041,37.845078800000067]},"properties":{"FID":2081,"Type":"ΑΙΤΙΑ ΥΠΟ ΕΚΔΙΚΑΣΗ","Municipali":"Δήμος Βάρης - Βούλας - Βουλιαγμένης","Date":"2025/05"}},{"type":"Feature","id":2082,"geometry":{"type":"Point","coordinates":[23.703240200000039,38.052767600000038]},"properties":{"FID":2082,"Type":"ΑΙΤΙΑ ΥΠΟ ΕΚΔΙΚΑΣΗ","Municipali":"Δήμος Αγίων Αναργύρων – Καματερού","Date":"2025/05"}},{"type":"Feature","id":2083,"geometry":{"type":"Point","coordinates":[23.765294310000058,37.986694890000024]},"properties":{"FID":2083,"Type":"ΟΔΗΓΟΣ-ΠΑΡΑΒΙΑΣΗ ΣΗΜΑΤΟΔΟΤΗ","Municipali":"Δήμος Αθηναίων","Date":"2025/03"}},{"type":"Feature","id":2084,"geometry":{"type":"Point","coordinates":[23.796708580000029,38.04864869000005]},"properties":{"FID":2084,"Type":"ΑΙΤΙΑ ΥΠΟ ΕΚΔΙΚΑΣΗ","Municipali":"Δήμος Αμαρουσίου","Date":"2025/05"}},{"type":"Feature","id":2085,"geometry":{"type":"Point","coordinates":[23.810141090000059,38.09680805000005]},"properties":{"FID":2085,"Type":"ΑΙΤΙΑ ΥΠΟ ΕΚΔΙΚΑΣΗ","Municipali":"Δήμος Κηφισιάς","Date":"2025/05"}},{"type":"Feature","id":2086,"geometry":{"type":"Point","coordinates":[23.752291200000059,38.019207060000042]},"properties":{"FID":2086,"Type":"ΟΔΗΓΟΣ-ΛΟΙΠΑ ΑΙΤΙΑ ΑΝΑΦΕΡΟΜΕΝΑ ΣΕ ΟΔΗΓΟΥΣ","Municipali":"Δήμος Γαλατσίου","Date":"2025/05"}},{"type":"Feature","id":2087,"geometry":{"type":"Point","coordinates":[23.748857980000025,38.020711540000036]},"properties":{"FID":2087,"Type":"ΟΔΗΓΟΣ-ΛΟΙΠΑ ΑΙΤΙΑ ΑΝΑΦΕΡΟΜΕΝΑ ΣΕ ΟΔΗΓΟΥΣ","Municipali":"Δήμος Γαλατσίου","Date":"2025/05"}},{"type":"Feature","id":2088,"geometry":{"type":"Point","coordinates":[23.774414060000026,37.994184210000071]},"properties":{"FID":2088,"Type":"ΟΔΗΓΟΣ-ΛΟΙΠΑ ΑΙΤΙΑ ΑΝΑΦΕΡΟΜΕΝΑ ΣΕ ΟΔΗΓΟΥΣ","Municipali":"Δήμος Αθηναίων","Date":"2025/05"}},{"type":"Feature","id":2089,"geometry":{"type":"Point","coordinates":[23.695616200000075,38.049965300000054]},"properties":{"FID":2089,"Type":"ΑΙΤΙΑ ΥΠΟ ΕΚΔΙΚΑΣΗ","Municipali":"Δήμος Αγίων Αναργύρων – Καματερού","Date":"2025/05"}},{"type":"Feature","id":2090,"geometry":{"type":"Point","coordinates":[23.666170840000063,37.98737753000006]},"properties":{"FID":2090,"Type":"ΑΙΤΙΑ ΥΠΟ ΕΚΔΙΚΑΣΗ","Municipali":"Δήμος Αγίας Βαρβάρας","Date":"2025/05"}},{"type":"Feature","id":2091,"geometry":{"type":"Point","coordinates":[23.741712570000061,37.973161800000071]},"properties":{"FID":2091,"Type":"ΟΔΗΓΟΣ-ΛΟΙΠΑ ΑΙΤΙΑ ΑΝΑΦΕΡΟΜΕΝΑ ΣΕ ΟΔΗΓΟΥΣ","Municipali":"Δήμος Αθηναίων","Date":"2025/05"}},{"type":"Feature","id":2092,"geometry":{"type":"Point","coordinates":[23.676609990000031,37.975631360000079]},"properties":{"FID":2092,"Type":"ΑΙΤΙΑ ΥΠΟ ΕΚΔΙΚΑΣΗ","Municipali":"Δήμος Νίκαιας - Αγίου Ιωάννη Ρέντη","Date":"2025/05"}},{"type":"Feature","id":2093,"geometry":{"type":"Point","coordinates":[24.019289020000031,37.80184969000004]},"properties":{"FID":2093,"Type":"ΑΙΤΙΑ ΥΠΟ ΕΚΔΙΚΑΣΗ","Municipali":"Δήμος Λαυρεωτικής","Date":"2025/05"}},{"type":"Feature","id":2094,"geometry":{"type":"Point","coordinates":[23.711435790000053,37.989888890000032]},"properties":{"FID":2094,"Type":"ΟΔΗΓΟΣ-ΛΟΙΠΑ ΑΙΤΙΑ ΑΝΑΦΕΡΟΜΕΝΑ ΣΕ ΟΔΗΓΟΥΣ","Municipali":"Δήμος Αθηναίων","Date":"2025/05"}},{"type":"Feature","id":2095,"geometry":{"type":"Point","coordinates":[23.717301000000077,38.016952700000047]},"properties":{"FID":2095,"Type":"ΑΙΤΙΑ ΥΠΟ ΕΚΔΙΚΑΣΗ","Municipali":"Δήμος Αγίων Αναργύρων – Καματερού","Date":"2025/05"}},{"type":"Feature","id":2096,"geometry":{"type":"Point","coordinates":[23.646638990000042,37.939150420000033]},"properties":{"FID":2096,"Type":"ΑΙΤΙΑ ΥΠΟ ΕΚΔΙΚΑΣΗ","Municipali":"Δήμος Πειραιώς","Date":"2025/05"}},{"type":"Feature","id":2097,"geometry":{"type":"Point","coordinates":[23.637664320000056,37.93596462000005]},"properties":{"FID":2097,"Type":"ΑΙΤΙΑ ΥΠΟ ΕΚΔΙΚΑΣΗ","Municipali":"Δήμος Πειραιώς","Date":"2025/05"}},{"type":"Feature","id":2098,"geometry":{"type":"Point","coordinates":[23.684881930000074,37.987098490000051]},"properties":{"FID":2098,"Type":"ΑΙΤΙΑ ΥΠΟ ΕΚΔΙΚΑΣΗ","Municipali":"Δήμος Αιγάλεω","Date":"2025/05"}},{"type":"Feature","id":2099,"geometry":{"type":"Point","coordinates":[23.763231100000041,37.839004600000067]},"properties":{"FID":2099,"Type":"ΟΔΗΓΟΣ-ΛΟΙΠΑ ΑΙΤΙΑ ΑΝΑΦΕΡΟΜΕΝΑ ΣΕ ΟΔΗΓΟΥΣ","Municipali":"Δήμος Βάρης - Βούλας - Βουλιαγμένης","Date":"2025/05"}},{"type":"Feature","id":2100,"geometry":{"type":"Point","coordinates":[23.853319290000059,37.96670419000003]},"properties":{"FID":2100,"Type":"ΟΔΗΓΟΣ-ΛΟΙΠΑ ΑΙΤΙΑ ΑΝΑΦΕΡΟΜΕΝΑ ΣΕ ΟΔΗΓΟΥΣ","Municipali":"Δήμος Παιανίας","Date":"2025/02"}},{"type":"Feature","id":2101,"geometry":{"type":"Point","coordinates":[23.790936470000076,38.03820520000005]},"properties":{"FID":2101,"Type":"ΑΙΤΙΑ ΥΠΟ ΕΚΔΙΚΑΣΗ","Municipali":"Δήμος Αμαρουσίου","Date":"2025/05"}},{"type":"Feature","id":2102,"geometry":{"type":"Point","coordinates":[23.869922160000044,37.983935900000063]},"properties":{"FID":2102,"Type":"ΑΙΤΙΑ ΥΠΟ ΕΚΔΙΚΑΣΗ","Municipali":"Δήμος Παιανίας","Date":"2025/05"}},{"type":"Feature","id":2103,"geometry":{"type":"Point","coordinates":[23.754518400000052,37.969195350000064]},"properties":{"FID":2103,"Type":"ΟΔΗΓΟΣ-ΑΠΟΣΠΑΣΗ ΤΗΣ ΠΡΟΣΟΧΗΣ ΤΟΥ ΟΔΗΓΟΥ","Municipali":"Δήμος Καισαριανής","Date":"2025/02"}},{"type":"Feature","id":2104,"geometry":{"type":"Point","coordinates":[23.754320800000073,38.013234200000056]},"properties":{"FID":2104,"Type":"ΟΔΗΓΟΣ-ΠΑΡΑΒΙΑΣΗ ΠΡΟΤΕΡΑΙΟΤΗΤΑΣ ΓΕΝΙΚΩΣ","Municipali":"Δήμος Γαλατσίου","Date":"2025/02"}},{"type":"Feature","id":2105,"geometry":{"type":"Point","coordinates":[23.749811700000066,37.972340100000054]},"properties":{"FID":2105,"Type":"ΟΔΗΓΟΣ-ΑΠΟΣΠΑΣΗ ΤΗΣ ΠΡΟΣΟΧΗΣ ΤΟΥ ΟΔΗΓΟΥ","Municipali":"Δήμος Αθηναίων","Date":"2025/02"}},{"type":"Feature","id":2106,"geometry":{"type":"Point","coordinates":[23.948977590000027,37.959239380000042]},"properties":{"FID":2106,"Type":"ΑΙΤΙΑ ΥΠΟ ΕΚΔΙΚΑΣΗ","Municipali":"Δήμος Σπάτων - Αρτέμιδος","Date":"2025/02"}},{"type":"Feature","id":2107,"geometry":{"type":"Point","coordinates":[23.708088400000065,38.016705160000072]},"properties":{"FID":2107,"Type":"ΑΙΤΙΑ ΥΠΟ ΕΚΔΙΚΑΣΗ","Municipali":"Δήμος Περιστερίου","Date":"2025/02"}},{"type":"Feature","id":2108,"geometry":{"type":"Point","coordinates":[23.650650560000031,37.967141670000046]},"properties":{"FID":2108,"Type":"ΠΕΖΟΣ-ΔΙΕΣΧΙΖΕ ΑΠΟΤΟΜΑ ΚΑΙ ΑΠΕΡΙΣΚΕΠΤΑ ΤΗΝ ΟΔΟ","Municipali":"Δήμος Νίκαιας - Αγίου Ιωάννη Ρέντη","Date":"2025/02"}},{"type":"Feature","id":2109,"geometry":{"type":"Point","coordinates":[23.747377400000062,37.894583160000025]},"properties":{"FID":2109,"Type":"ΟΔΗΓΟΣ-ΛΟΙΠΑ ΑΙΤΙΑ ΑΝΑΦΕΡΟΜΕΝΑ ΣΕ ΟΔΗΓΟΥΣ","Municipali":"Δήμος Ελληνικού - Αργυρούπολης","Date":"2025/02"}},{"type":"Feature","id":2110,"geometry":{"type":"Point","coordinates":[23.64237428000007,37.950729000000024]},"properties":{"FID":2110,"Type":"ΑΙΤΙΑ ΥΠΟ ΕΚΔΙΚΑΣΗ","Municipali":"Δήμος Πειραιώς","Date":"2025/02"}},{"type":"Feature","id":2111,"geometry":{"type":"Point","coordinates":[23.681856390000064,37.99040468000004]},"properties":{"FID":2111,"Type":"ΑΙΤΙΑ ΥΠΟ ΕΚΔΙΚΑΣΗ","Municipali":"Δήμος Αιγάλεω","Date":"2025/02"}},{"type":"Feature","id":2112,"geometry":{"type":"Point","coordinates":[23.745461600000056,38.086529900000073]},"properties":{"FID":2112,"Type":"ΑΙΤΙΑ ΥΠΟ ΕΚΔΙΚΑΣΗ","Municipali":"Δήμος Αχαρνών","Date":"2025/02"}},{"type":"Feature","id":2113,"geometry":{"type":"Point","coordinates":[23.640107920000048,37.976292080000064]},"properties":{"FID":2113,"Type":"ΑΙΤΙΑ ΥΠΟ ΕΚΔΙΚΑΣΗ","Municipali":"Δήμος Νίκαιας - Αγίου Ιωάννη Ρέντη","Date":"2025/02"}},{"type":"Feature","id":2114,"geometry":{"type":"Point","coordinates":[23.727421960000072,37.965193070000055]},"properties":{"FID":2114,"Type":"ΟΔΗΓΟΣ-ΜΗ ΤΗΡΗΣΗ ΑΠΟΣΤΑΣΗΣ ΑΣΦΑΛΕΙΑΣ","Municipali":"Δήμος Αθηναίων","Date":"2025/02"}},{"type":"Feature","id":2115,"geometry":{"type":"Point","coordinates":[23.746609790000036,37.976052510000045]},"properties":{"FID":2115,"Type":"ΠΕΖΟΣ-ΔΕΝ ΒΑΔΙΖΕ ΣΤΙΣ ΔΙΑΒΑΣΕΙΣ","Municipali":"Δήμος Αθηναίων","Date":"2025/02"}},{"type":"Feature","id":2116,"geometry":{"type":"Point","coordinates":[23.729653360000043,37.985441110000068]},"properties":{"FID":2116,"Type":"ΟΔΗΓΟΣ-ΠΑΡΑΒΙΑΣΗ ΣΗΜΑΤΟΔΟΤΗ","Municipali":"Δήμος Αθηναίων","Date":"2025/02"}},{"type":"Feature","id":2117,"geometry":{"type":"Point","coordinates":[23.714697360000059,38.008438140000067]},"properties":{"FID":2117,"Type":"ΑΙΤΙΑ ΥΠΟ ΕΚΔΙΚΑΣΗ","Municipali":"Δήμος Περιστερίου","Date":"2025/02"}},{"type":"Feature","id":2118,"geometry":{"type":"Point","coordinates":[23.732700240000042,37.98344521000007]},"properties":{"FID":2118,"Type":"ΟΔΗΓΟΣ-ΑΠΟΣΠΑΣΗ ΤΗΣ ΠΡΟΣΟΧΗΣ ΤΟΥ ΟΔΗΓΟΥ","Municipali":"Δήμος Αθηναίων","Date":"2025/02"}},{"type":"Feature","id":2119,"geometry":{"type":"Point","coordinates":[23.755402300000071,37.927448200000072]},"properties":{"FID":2119,"Type":"ΟΔΗΓΟΣ-ΛΟΙΠΑ ΑΙΤΙΑ ΑΝΑΦΕΡΟΜΕΝΑ ΣΕ ΟΔΗΓΟΥΣ","Municipali":"Δήμος Ηλιούπολης","Date":"2025/02"}},{"type":"Feature","id":2120,"geometry":{"type":"Point","coordinates":[23.728752040000074,37.963186760000042]},"properties":{"FID":2120,"Type":"ΟΔΗΓΟΣ-ΠΑΡΑΒΙΑΣΗ ΠΡΟΤΕΡΑΙΟΤΗΤΑΣ ΓΕΝΙΚΩΣ","Municipali":"Δήμος Αθηναίων","Date":"2025/02"}},{"type":"Feature","id":2121,"geometry":{"type":"Point","coordinates":[23.75520978000003,37.981264170000031]},"properties":{"FID":2121,"Type":"ΟΔΟΣ&ΚΑΙΡΟΣ-ΛΟΙΠΑ ΑΙΤΙΑ ΟΔΟΥ-ΚΑΙΡΟΥ","Municipali":"Δήμος Αθηναίων","Date":"2025/02"}},{"type":"Feature","id":2122,"geometry":{"type":"Point","coordinates":[23.755332830000043,38.035534940000048]},"properties":{"FID":2122,"Type":"ΑΙΤΙΑ ΥΠΟ ΕΚΔΙΚΑΣΗ","Municipali":"Δήμος Νέας Ιωνίας","Date":"2025/02"}},{"type":"Feature","id":2123,"geometry":{"type":"Point","coordinates":[23.64752948000006,37.943579850000049]},"properties":{"FID":2123,"Type":"ΑΙΤΙΑ ΥΠΟ ΕΚΔΙΚΑΣΗ","Municipali":"Δήμος Πειραιώς","Date":"2025/02"}},{"type":"Feature","id":2124,"geometry":{"type":"Point","coordinates":[23.716832400000044,37.962741380000068]},"properties":{"FID":2124,"Type":"ΟΔΗΓΟΣ-ΛΟΙΠΑ ΑΙΤΙΑ ΑΝΑΦΕΡΟΜΕΝΑ ΣΕ ΟΔΗΓΟΥΣ","Municipali":"Δήμος Καλλιθέας","Date":"2025/02"}},{"type":"Feature","id":2125,"geometry":{"type":"Point","coordinates":[23.739459100000033,37.985095590000071]},"properties":{"FID":2125,"Type":"ΟΔΗΓΟΣ-ΑΠΟΣΠΑΣΗ ΤΗΣ ΠΡΟΣΟΧΗΣ ΤΟΥ ΟΔΗΓΟΥ","Municipali":"Δήμος Αθηναίων","Date":"2025/02"}},{"type":"Feature","id":2126,"geometry":{"type":"Point","coordinates":[23.715909730000078,38.001121620000049]},"properties":{"FID":2126,"Type":"ΟΔΗΓΟΣ-ΑΠΟΣΠΑΣΗ ΤΗΣ ΠΡΟΣΟΧΗΣ ΤΟΥ ΟΔΗΓΟΥ","Municipali":"Δήμος Αθηναίων","Date":"2025/02"}},{"type":"Feature","id":2127,"geometry":{"type":"Point","coordinates":[23.754295300000024,38.01479340000003]},"properties":{"FID":2127,"Type":"ΑΙΤΙΑ ΥΠΟ ΕΚΔΙΚΑΣΗ","Municipali":"Δήμος Γαλατσίου","Date":"2025/02"}},{"type":"Feature","id":2128,"geometry":{"type":"Point","coordinates":[24.015405180000073,38.003120720000027]},"properties":{"FID":2128,"Type":"ΟΔΗΓΟΣ-ΥΠΕΡΒΟΛΙΚΗ ΤΑΧΥΤΗΤΑ ΓΕΝΙΚΩΣ","Municipali":"Δήμος Ραφήνας - Πικερμίου","Date":"2025/02"}},{"type":"Feature","id":2129,"geometry":{"type":"Point","coordinates":[23.724588360000041,37.962907250000058]},"properties":{"FID":2129,"Type":"ΟΔΗΓΟΣ-ΛΟΙΠΑ ΑΙΤΙΑ ΑΝΑΦΕΡΟΜΕΝΑ ΣΕ ΟΔΗΓΟΥΣ","Municipali":"Δήμος Αθηναίων","Date":"2025/02"}},{"type":"Feature","id":2130,"geometry":{"type":"Point","coordinates":[23.730951550000043,38.057329350000032]},"properties":{"FID":2130,"Type":"ΑΙΤΙΑ ΥΠΟ ΕΚΔΙΚΑΣΗ","Municipali":"Δήμος Αχαρνών","Date":"2025/02"}},{"type":"Feature","id":2131,"geometry":{"type":"Point","coordinates":[23.722443580000061,38.006223300000045]},"properties":{"FID":2131,"Type":"ΟΔΗΓΟΣ-ΛΟΙΠΕΣ ΠΑΡΑΒΙΑΣΕΙΣ ΣΗΜΑΝΣΕΩΝ ΕΝ ΓΕΝΕΙ","Municipali":"Δήμος Αθηναίων","Date":"2025/04"}},{"type":"Feature","id":2132,"geometry":{"type":"Point","coordinates":[23.779414850000023,37.974703710000028]},"properties":{"FID":2132,"Type":"ΟΔΗΓΟΣ-ΛΟΙΠΑ ΑΙΤΙΑ ΑΝΑΦΕΡΟΜΕΝΑ ΣΕ ΟΔΗΓΟΥΣ","Municipali":"Δήμος Ζωγράφου","Date":"2025/04"}},{"type":"Feature","id":2133,"geometry":{"type":"Point","coordinates":[23.70113611000005,37.999967280000078]},"properties":{"FID":2133,"Type":"ΑΙΤΙΑ ΥΠΟ ΕΚΔΙΚΑΣΗ","Municipali":"Δήμος Περιστερίου","Date":"2025/04"}},{"type":"Feature","id":2134,"geometry":{"type":"Point","coordinates":[23.772461150000026,37.988048350000042]},"properties":{"FID":2134,"Type":"ΑΙΤΙΑ ΥΠΟ ΕΚΔΙΚΑΣΗ","Municipali":"Δήμος Αθηναίων","Date":"2025/04"}},{"type":"Feature","id":2135,"geometry":{"type":"Point","coordinates":[23.754858440000078,37.970916550000027]},"properties":{"FID":2135,"Type":"ΟΔΗΓΟΣ-ΑΠΟΣΠΑΣΗ ΤΗΣ ΠΡΟΣΟΧΗΣ ΤΟΥ ΟΔΗΓΟΥ","Municipali":"Δήμος Καισαριανής","Date":"2025/04"}},{"type":"Feature","id":2136,"geometry":{"type":"Point","coordinates":[23.641483780000044,37.932410570000059]},"properties":{"FID":2136,"Type":"ΑΙΤΙΑ ΥΠΟ ΕΚΔΙΚΑΣΗ","Municipali":"Δήμος Πειραιώς","Date":"2025/04"}},{"type":"Feature","id":2137,"geometry":{"type":"Point","coordinates":[23.663681750000023,37.949950670000078]},"properties":{"FID":2137,"Type":"ΑΙΤΙΑ ΥΠΟ ΕΚΔΙΚΑΣΗ","Municipali":"Δήμος Πειραιώς","Date":"2025/04"}},{"type":"Feature","id":2138,"geometry":{"type":"Point","coordinates":[23.809711930000049,38.074936720000039]},"properties":{"FID":2138,"Type":"ΑΙΤΙΑ ΥΠΟ ΕΚΔΙΚΑΣΗ","Municipali":"Δήμος Κηφισιάς","Date":"2025/04"}},{"type":"Feature","id":2139,"geometry":{"type":"Point","coordinates":[23.652603920000047,37.971920860000068]},"properties":{"FID":2139,"Type":"ΟΔΗΓΟΣ-ΜΗ ΤΗΡΗΣΗ ΑΠΟΣΤΑΣΗΣ ΑΣΦΑΛΕΙΑΣ","Municipali":"Δήμος Κορυδαλλού","Date":"2025/04"}},{"type":"Feature","id":2140,"geometry":{"type":"Point","coordinates":[23.656611440000063,38.012216740000042]},"properties":{"FID":2140,"Type":"ΑΙΤΙΑ ΥΠΟ ΕΚΔΙΚΑΣΗ","Municipali":"Δήμος Χαϊδαρίου","Date":"2025/04"}},{"type":"Feature","id":2141,"geometry":{"type":"Point","coordinates":[23.679206370000031,37.99110649000005]},"properties":{"FID":2141,"Type":"ΑΙΤΙΑ ΥΠΟ ΕΚΔΙΚΑΣΗ","Municipali":"Δήμος Αιγάλεω","Date":"2025/04"}},{"type":"Feature","id":2142,"geometry":{"type":"Point","coordinates":[23.650243880000062,38.01228014000003]},"properties":{"FID":2142,"Type":"ΟΔΗΓΟΣ-ΛΟΙΠΑ ΑΙΤΙΑ ΑΝΑΦΕΡΟΜΕΝΑ ΣΕ ΟΔΗΓΟΥΣ","Municipali":"Δήμος Χαϊδαρίου","Date":"2025/04"}},{"type":"Feature","id":2143,"geometry":{"type":"Point","coordinates":[23.739867210000057,37.958867180000027]},"properties":{"FID":2143,"Type":"ΟΔΗΓΟΣ-ΛΟΙΠΑ ΑΙΤΙΑ ΑΝΑΦΕΡΟΜΕΝΑ ΣΕ ΟΔΗΓΟΥΣ","Municipali":"Δήμος Αθηναίων","Date":"2025/04"}},{"type":"Feature","id":2144,"geometry":{"type":"Point","coordinates":[23.722111620000078,38.014960840000072]},"properties":{"FID":2144,"Type":"ΟΔΗΓΟΣ-ΑΠΟΣΠΑΣΗ ΤΗΣ ΠΡΟΣΟΧΗΣ ΤΟΥ ΟΔΗΓΟΥ","Municipali":"Δήμος Αθηναίων","Date":"2025/04"}},{"type":"Feature","id":2145,"geometry":{"type":"Point","coordinates":[23.768700960000047,38.054233150000073]},"properties":{"FID":2145,"Type":"ΑΙΤΙΑ ΥΠΟ ΕΚΔΙΚΑΣΗ","Municipali":"Δήμος Ηρακλείου Αττικής","Date":"2025/04"}},{"type":"Feature","id":2146,"geometry":{"type":"Point","coordinates":[23.775828100000069,38.038539900000046]},"properties":{"FID":2146,"Type":"ΑΙΤΙΑ ΥΠΟ ΕΚΔΙΚΑΣΗ","Municipali":"Δήμος Νέας Ιωνίας","Date":"2025/04"}},{"type":"Feature","id":2147,"geometry":{"type":"Point","coordinates":[23.766260150000051,37.887403150000068]},"properties":{"FID":2147,"Type":"ΟΔΗΓΟΣ-ΛΟΙΠΑ ΑΙΤΙΑ ΑΝΑΦΕΡΟΜΕΝΑ ΣΕ ΟΔΗΓΟΥΣ","Municipali":"Δήμος Γλυφάδας","Date":"2025/04"}},{"type":"Feature","id":2148,"geometry":{"type":"Point","coordinates":[23.962758780000058,38.152284560000055]},"properties":{"FID":2148,"Type":"ΑΙΤΙΑ ΥΠΟ ΕΚΔΙΚΑΣΗ","Municipali":"Δήμος Μαραθώνος","Date":"2025/04"}},{"type":"Feature","id":2149,"geometry":{"type":"Point","coordinates":[23.749780650000048,37.865384620000043]},"properties":{"FID":2149,"Type":"ΑΙΤΙΑ ΥΠΟ ΕΚΔΙΚΑΣΗ","Municipali":"Δήμος Γλυφάδας","Date":"2025/04"}},{"type":"Feature","id":2150,"geometry":{"type":"Point","coordinates":[23.865308760000062,37.998546920000024]},"properties":{"FID":2150,"Type":"ΟΔΗΓΟΣ-ΠΑΡΑΒΙΑΣΗ ΠΡΟΤΕΡΑΙΟΤΗΤΑΣ ΓΕΝΙΚΩΣ","Municipali":"Δήμος Παλλήνης","Date":"2025/04"}},{"type":"Feature","id":2151,"geometry":{"type":"Point","coordinates":[23.818659780000075,38.052349180000078]},"properties":{"FID":2151,"Type":"ΑΙΤΙΑ ΥΠΟ ΕΚΔΙΚΑΣΗ","Municipali":"Δήμος Αμαρουσίου","Date":"2025/04"}},{"type":"Feature","id":2152,"geometry":{"type":"Point","coordinates":[23.68816060000006,38.101643800000033]},"properties":{"FID":2152,"Type":"ΑΙΤΙΑ ΥΠΟ ΕΚΔΙΚΑΣΗ","Municipali":"Δήμος Φυλής","Date":"2025/04"}},{"type":"Feature","id":2153,"geometry":{"type":"Point","coordinates":[23.648972510000078,38.414967530000069]},"properties":{"FID":2153,"Type":"ΟΔΗΓΟΣ-ΛΟΙΠΑ ΑΙΤΙΑ ΑΝΑΦΕΡΟΜΕΝΑ ΣΕ ΟΔΗΓΟΥΣ","Municipali":"Δήμος Χαλκιδέων","Date":"2025/04"}},{"type":"Feature","id":2154,"geometry":{"type":"Point","coordinates":[23.711655740000026,38.005538540000032]},"properties":{"FID":2154,"Type":"ΟΔΗΓΟΣ-ΛΟΙΠΑ ΑΙΤΙΑ ΑΝΑΦΕΡΟΜΕΝΑ ΣΕ ΟΔΗΓΟΥΣ","Municipali":"Δήμος Αθηναίων","Date":"2025/04"}},{"type":"Feature","id":2155,"geometry":{"type":"Point","coordinates":[23.688336610000079,37.991072670000051]},"properties":{"FID":2155,"Type":"ΑΙΤΙΑ ΥΠΟ ΕΚΔΙΚΑΣΗ","Municipali":"Δήμος Αιγάλεω","Date":"2025/04"}},{"type":"Feature","id":2156,"geometry":{"type":"Point","coordinates":[23.713785290000033,38.00146170000005]},"properties":{"FID":2156,"Type":"ΟΔΗΓΟΣ-ΑΠΟΣΠΑΣΗ ΤΗΣ ΠΡΟΣΟΧΗΣ ΤΟΥ ΟΔΗΓΟΥ","Municipali":"Δήμος Αθηναίων","Date":"2025/04"}},{"type":"Feature","id":2157,"geometry":{"type":"Point","coordinates":[23.804523500000073,38.001839600000039]},"properties":{"FID":2157,"Type":"ΟΔΗΓΟΣ-ΛΟΙΠΕΣ ΠΑΡΑΒΙΑΣΕΙΣ ΣΗΜΑΝΣΕΩΝ ΕΝ ΓΕΝΕΙ","Municipali":"Δήμος Παπάγου - Χολαργού","Date":"2025/04"}},{"type":"Feature","id":2158,"geometry":{"type":"Point","coordinates":[23.657699880000052,37.979789280000034]},"properties":{"FID":2158,"Type":"ΟΔΗΓΟΣ-ΟΔΗΓΗΣΗ ΣΕ ΚΑΤΑΣΤΑΣΗ ΜΕΘΗΣ","Municipali":"Δήμος Κορυδαλλού","Date":"2025/04"}},{"type":"Feature","id":2159,"geometry":{"type":"Point","coordinates":[23.82542968000007,38.039303690000054]},"properties":{"FID":2159,"Type":"ΑΙΤΙΑ ΥΠΟ ΕΚΔΙΚΑΣΗ","Municipali":"Δήμος Βριλησσίων","Date":"2025/04"}},{"type":"Feature","id":2160,"geometry":{"type":"Point","coordinates":[23.508373910000046,37.93838420000003]},"properties":{"FID":2160,"Type":"ΑΙΤΙΑ ΥΠΟ ΕΚΔΙΚΑΣΗ","Municipali":"Δήμος Σαλαμίνας","Date":"2025/04"}},{"type":"Feature","id":2161,"geometry":{"type":"Point","coordinates":[23.737714900000071,37.942314500000066]},"properties":{"FID":2161,"Type":"ΟΔΗΓΟΣ-ΛΟΙΠΑ ΑΙΤΙΑ ΑΝΑΦΕΡΟΜΕΝΑ ΣΕ ΟΔΗΓΟΥΣ","Municipali":"Δήμος Αγίου Δημητρίου","Date":"2025/04"}},{"type":"Feature","id":2162,"geometry":{"type":"Point","coordinates":[23.825955390000047,38.013915780000048]},"properties":{"FID":2162,"Type":"ΑΙΤΙΑ ΥΠΟ ΕΚΔΙΚΑΣΗ","Municipali":"Δήμος Αγίας Παρασκευής","Date":"2025/04"}},{"type":"Feature","id":2163,"geometry":{"type":"Point","coordinates":[23.637036680000051,37.932533270000079]},"properties":{"FID":2163,"Type":"ΑΙΤΙΑ ΥΠΟ ΕΚΔΙΚΑΣΗ","Municipali":"Δήμος Πειραιώς","Date":"2025/04"}},{"type":"Feature","id":2164,"geometry":{"type":"Point","coordinates":[23.744404900000063,37.972782390000077]},"properties":{"FID":2164,"Type":"ΑΙΤΙΑ ΥΠΟ ΕΚΔΙΚΑΣΗ","Municipali":"Δήμος Αθηναίων","Date":"2025/04"}},{"type":"Feature","id":2165,"geometry":{"type":"Point","coordinates":[23.777310840000041,37.976189290000036]},"properties":{"FID":2165,"Type":"ΟΔΗΓΟΣ-ΑΠΟΣΠΑΣΗ ΤΗΣ ΠΡΟΣΟΧΗΣ ΤΟΥ ΟΔΗΓΟΥ","Municipali":"Δήμος Ζωγράφου","Date":"2025/04"}},{"type":"Feature","id":2166,"geometry":{"type":"Point","coordinates":[23.654685720000032,37.980925290000073]},"properties":{"FID":2166,"Type":"ΟΔΗΓΟΣ-ΠΑΡΑΒΙΑΣΗ ΣΗΜΑΤΟΔΟΤΗ","Municipali":"Δήμος Κορυδαλλού","Date":"2025/04"}},{"type":"Feature","id":2167,"geometry":{"type":"Point","coordinates":[23.794380430000047,38.078196720000051]},"properties":{"FID":2167,"Type":"ΑΙΤΙΑ ΥΠΟ ΕΚΔΙΚΑΣΗ","Municipali":"Δήμος Κηφισιάς","Date":"2025/04"}},{"type":"Feature","id":2168,"geometry":{"type":"Point","coordinates":[23.635112200000037,37.958317840000063]},"properties":{"FID":2168,"Type":"ΟΔΗΓΟΣ-ΛΟΙΠΕΣ ΠΑΡΑΒΙΑΣΕΙΣ ΣΗΜΑΝΣΕΩΝ ΕΝ ΓΕΝΕΙ","Municipali":"Δήμος Πειραιώς","Date":"2025/02"}},{"type":"Feature","id":2169,"geometry":{"type":"Point","coordinates":[23.649605510000072,37.95684964000003]},"properties":{"FID":2169,"Type":"ΟΔΗΓΟΣ-ΛΟΙΠΕΣ ΠΑΡΑΒΙΑΣΕΙΣ ΣΗΜΑΝΣΕΩΝ ΕΝ ΓΕΝΕΙ","Municipali":"Δήμος Πειραιώς","Date":"2025/02"}},{"type":"Feature","id":2170,"geometry":{"type":"Point","coordinates":[23.730044960000043,37.934623410000029]},"properties":{"FID":2170,"Type":"ΟΔΗΓΟΣ-ΚΙΝΗΣΗ ΣΤΟ ΑΝΤΙΘΕΤΟ ΡΕΥΜΑ","Municipali":"Δήμος Αγίου Δημητρίου","Date":"2025/02"}},{"type":"Feature","id":2171,"geometry":{"type":"Point","coordinates":[23.723162400000035,37.985747540000034]},"properties":{"FID":2171,"Type":"ΟΔΗΓΟΣ-ΠΑΡΑΒΙΑΣΗ ΣΗΜΑΤΟΔΟΤΗ","Municipali":"Δήμος Αθηναίων","Date":"2025/02"}},{"type":"Feature","id":2172,"geometry":{"type":"Point","coordinates":[23.761898880000047,38.075945980000029]},"properties":{"FID":2172,"Type":"ΑΙΤΙΑ ΥΠΟ ΕΚΔΙΚΑΣΗ","Municipali":"Δήμος Μεταμορφώσεως","Date":"2025/02"}},{"type":"Feature","id":2173,"geometry":{"type":"Point","coordinates":[23.732464310000069,37.99675029000008]},"properties":{"FID":2173,"Type":"ΟΔΗΓΟΣ-ΑΠΟΣΠΑΣΗ ΤΗΣ ΠΡΟΣΟΧΗΣ ΤΟΥ ΟΔΗΓΟΥ","Municipali":"Δήμος Αθηναίων","Date":"2025/02"}},{"type":"Feature","id":2174,"geometry":{"type":"Point","coordinates":[23.766984340000079,37.987521280000067]},"properties":{"FID":2174,"Type":"ΟΔΗΓΟΣ-ΛΟΙΠΑ ΑΙΤΙΑ ΑΝΑΦΕΡΟΜΕΝΑ ΣΕ ΟΔΗΓΟΥΣ","Municipali":"Δήμος Αθηναίων","Date":"2025/02"}},{"type":"Feature","id":2175,"geometry":{"type":"Point","coordinates":[23.768041130000029,38.039604980000036]},"properties":{"FID":2175,"Type":"ΑΙΤΙΑ ΥΠΟ ΕΚΔΙΚΑΣΗ","Municipali":"Δήμος Ηρακλείου Αττικής","Date":"2025/02"}},{"type":"Feature","id":2176,"geometry":{"type":"Point","coordinates":[23.734835390000057,37.995917490000068]},"properties":{"FID":2176,"Type":"ΑΙΤΙΑ ΥΠΟ ΕΚΔΙΚΑΣΗ","Municipali":"Δήμος Αθηναίων","Date":"2025/02"}},{"type":"Feature","id":2177,"geometry":{"type":"Point","coordinates":[23.752505780000035,37.873616930000026]},"properties":{"FID":2177,"Type":"ΟΔΗΓΟΣ-ΠΑΡΑΛΕΙΨΗ ΣΗΜ.ΠΡΟΘΕΣΗΣ ΣΤΡΟΦ.Η ΑΛΛΑΓΗΣ ΠΟΡΕΙΑΣ","Municipali":"Δήμος Γλυφάδας","Date":"2025/02"}},{"type":"Feature","id":2178,"geometry":{"type":"Point","coordinates":[23.659592890000056,37.97680401000008]},"properties":{"FID":2178,"Type":"ΟΔΗΓΟΣ-ΚΙΝΗΣΗ ΣΤΟ ΑΝΤΙΘΕΤΟ ΡΕΥΜΑ","Municipali":"Δήμος Νίκαιας - Αγίου Ιωάννη Ρέντη","Date":"2025/02"}},{"type":"Feature","id":2179,"geometry":{"type":"Point","coordinates":[23.713024380000036,37.984042980000027]},"properties":{"FID":2179,"Type":"ΟΔΗΓΟΣ-ΛΟΙΠΕΣ ΠΑΡΑΒΙΑΣΕΙΣ ΣΗΜΑΝΣΕΩΝ ΕΝ ΓΕΝΕΙ","Municipali":"Δήμος Αθηναίων","Date":"2025/02"}},{"type":"Feature","id":2180,"geometry":{"type":"Point","coordinates":[23.789391520000038,38.027777120000053]},"properties":{"FID":2180,"Type":"ΑΙΤΙΑ ΥΠΟ ΕΚΔΙΚΑΣΗ","Municipali":"Δήμος Αμαρουσίου","Date":"2025/02"}},{"type":"Feature","id":2181,"geometry":{"type":"Point","coordinates":[23.722331750000023,38.109619950000024]},"properties":{"FID":2181,"Type":"ΑΙΤΙΑ ΥΠΟ ΕΚΔΙΚΑΣΗ","Municipali":"Δήμος Αχαρνών","Date":"2025/02"}},{"type":"Feature","id":2182,"geometry":{"type":"Point","coordinates":[23.695263000000068,38.250851600000033]},"properties":{"FID":2182,"Type":"ΑΙΤΙΑ ΥΠΟ ΕΚΔΙΚΑΣΗ","Municipali":"Δήμος Ωρωπού","Date":"2025/02"}},{"type":"Feature","id":2183,"geometry":{"type":"Point","coordinates":[23.70761611000006,37.974381060000042]},"properties":{"FID":2183,"Type":"ΟΔΗΓΟΣ-ΛΟΙΠΕΣ ΠΑΡΑΒΙΑΣΕΙΣ ΣΗΜΑΝΣΕΩΝ ΕΝ ΓΕΝΕΙ","Municipali":"Δήμος Αθηναίων","Date":"2025/02"}},{"type":"Feature","id":2184,"geometry":{"type":"Point","coordinates":[23.722293280000031,37.997299740000074]},"properties":{"FID":2184,"Type":"ΟΔΗΓΟΣ-ΑΠΟΣΠΑΣΗ ΤΗΣ ΠΡΟΣΟΧΗΣ ΤΟΥ ΟΔΗΓΟΥ","Municipali":"Δήμος Αθηναίων","Date":"2025/02"}},{"type":"Feature","id":2185,"geometry":{"type":"Point","coordinates":[23.721144500000037,38.010385100000065]},"properties":{"FID":2185,"Type":"ΟΔΗΓΟΣ-ΠΑΡΑΒΙΑΣΗ ΠΡΟΤΕΡΑΙΟΤΗΤΑΣ ΓΕΝΙΚΩΣ","Municipali":"Δήμος Αθηναίων","Date":"2025/02"}},{"type":"Feature","id":2186,"geometry":{"type":"Point","coordinates":[23.712465760000043,37.970083190000025]},"properties":{"FID":2186,"Type":"ΟΔΗΓΟΣ-ΑΠΟΣΠΑΣΗ ΤΗΣ ΠΡΟΣΟΧΗΣ ΤΟΥ ΟΔΗΓΟΥ","Municipali":"Δήμος Αθηναίων","Date":"2025/05"}},{"type":"Feature","id":2187,"geometry":{"type":"Point","coordinates":[23.77417803000003,38.03764749000004]},"properties":{"FID":2187,"Type":"ΑΙΤΙΑ ΥΠΟ ΕΚΔΙΚΑΣΗ","Municipali":"Δήμος Νέας Ιωνίας","Date":"2025/05"}},{"type":"Feature","id":2188,"geometry":{"type":"Point","coordinates":[23.646268840000062,37.948816990000068]},"properties":{"FID":2188,"Type":"ΑΙΤΙΑ ΥΠΟ ΕΚΔΙΚΑΣΗ","Municipali":"Δήμος Πειραιώς","Date":"2025/05"}},{"type":"Feature","id":2189,"geometry":{"type":"Point","coordinates":[23.778383750000046,37.815920590000076]},"properties":{"FID":2189,"Type":"ΟΔΗΓΟΣ-ΜΗ ΤΗΡΗΣΗ ΑΠΟΣΤΑΣΗΣ ΑΣΦΑΛΕΙΑΣ","Municipali":"Δήμος Βάρης - Βούλας - Βουλιαγμένης","Date":"2025/05"}},{"type":"Feature","id":2190,"geometry":{"type":"Point","coordinates":[23.717658520000043,38.002063950000036]},"properties":{"FID":2190,"Type":"ΟΔΗΓΟΣ-ΛΟΙΠΑ ΑΙΤΙΑ ΑΝΑΦΕΡΟΜΕΝΑ ΣΕ ΟΔΗΓΟΥΣ","Municipali":"Δήμος Αθηναίων","Date":"2025/05"}},{"type":"Feature","id":2191,"geometry":{"type":"Point","coordinates":[23.716961150000031,38.060408510000059]},"properties":{"FID":2191,"Type":"ΑΙΤΙΑ ΥΠΟ ΕΚΔΙΚΑΣΗ","Municipali":"Δήμος Αγίων Αναργύρων – Καματερού","Date":"2025/05"}},{"type":"Feature","id":2192,"geometry":{"type":"Point","coordinates":[23.693363070000032,38.015179470000078]},"properties":{"FID":2192,"Type":"ΑΙΤΙΑ ΥΠΟ ΕΚΔΙΚΑΣΗ","Municipali":"Δήμος Περιστερίου","Date":"2025/05"}},{"type":"Feature","id":2193,"geometry":{"type":"Point","coordinates":[23.719332220000069,37.980164300000069]},"properties":{"FID":2193,"Type":"ΑΙΤΙΑ ΥΠΟ ΕΚΔΙΚΑΣΗ","Municipali":"Δήμος Αθηναίων","Date":"2025/05"}},{"type":"Feature","id":2194,"geometry":{"type":"Point","coordinates":[23.753068600000063,37.978667400000063]},"properties":{"FID":2194,"Type":"ΑΙΤΙΑ ΥΠΟ ΕΚΔΙΚΑΣΗ","Municipali":"Δήμος Αθηναίων","Date":"2025/04"}},{"type":"Feature","id":2195,"geometry":{"type":"Point","coordinates":[23.71040583000007,38.081541030000039]},"properties":{"FID":2195,"Type":"ΑΙΤΙΑ ΥΠΟ ΕΚΔΙΚΑΣΗ","Municipali":"Δήμος Φυλής","Date":"2025/05"}},{"type":"Feature","id":2196,"geometry":{"type":"Point","coordinates":[23.721735480000063,38.008573390000038]},"properties":{"FID":2196,"Type":"ΟΔΗΓΟΣ-ΛΟΙΠΑ ΑΙΤΙΑ ΑΝΑΦΕΡΟΜΕΝΑ ΣΕ ΟΔΗΓΟΥΣ","Municipali":"Δήμος Αθηναίων","Date":"2025/05"}},{"type":"Feature","id":2197,"geometry":{"type":"Point","coordinates":[23.760402200000044,37.976570110000068]},"properties":{"FID":2197,"Type":"ΟΔΗΓΟΣ-ΑΠΟΣΠΑΣΗ ΤΗΣ ΠΡΟΣΟΧΗΣ ΤΟΥ ΟΔΗΓΟΥ","Municipali":"Δήμος Ζωγράφου","Date":"2025/04"}},{"type":"Feature","id":2198,"geometry":{"type":"Point","coordinates":[23.704395250000061,37.95206053000004]},"properties":{"FID":2198,"Type":"ΑΙΤΙΑ ΥΠΟ ΕΚΔΙΚΑΣΗ","Municipali":"Δήμος Καλλιθέας","Date":"2025/05"}},{"type":"Feature","id":2199,"geometry":{"type":"Point","coordinates":[23.765412720000029,37.974921260000031]},"properties":{"FID":2199,"Type":"ΟΔΗΓΟΣ-ΛΟΙΠΕΣ ΠΑΡΑΒΙΑΣΕΙΣ ΣΗΜΑΝΣΕΩΝ ΕΝ ΓΕΝΕΙ","Municipali":"Δήμος Ζωγράφου","Date":"2025/04"}},{"type":"Feature","id":2200,"geometry":{"type":"Point","coordinates":[23.638592850000066,37.957101670000043]},"properties":{"FID":2200,"Type":"ΟΔΗΓΟΣ-ΛΟΙΠΑ ΑΙΤΙΑ ΑΝΑΦΕΡΟΜΕΝΑ ΣΕ ΟΔΗΓΟΥΣ","Municipali":"Δήμος Πειραιώς","Date":"2025/05"}},{"type":"Feature","id":2201,"geometry":{"type":"Point","coordinates":[23.735833170000035,38.021269380000035]},"properties":{"FID":2201,"Type":"ΟΔΗΓΟΣ-ΛΟΙΠΑ ΑΙΤΙΑ ΑΝΑΦΕΡΟΜΕΝΑ ΣΕ ΟΔΗΓΟΥΣ","Municipali":"Δήμος Αθηναίων","Date":"2025/05"}},{"type":"Feature","id":2202,"geometry":{"type":"Point","coordinates":[23.652067060000036,37.970326330000034]},"properties":{"FID":2202,"Type":"ΟΔΗΓΟΣ-ΠΑΡΑΒΙΑΣΗ ΣΗΜΑΤΟΔΟΤΗ","Municipali":"Δήμος Νίκαιας - Αγίου Ιωάννη Ρέντη","Date":"2025/05"}},{"type":"Feature","id":2203,"geometry":{"type":"Point","coordinates":[23.693840500000078,38.009904800000072]},"properties":{"FID":2203,"Type":"ΑΙΤΙΑ ΥΠΟ ΕΚΔΙΚΑΣΗ","Municipali":"Δήμος Περιστερίου","Date":"2025/05"}},{"type":"Feature","id":2204,"geometry":{"type":"Point","coordinates":[23.75739813000007,38.07866966000006]},"properties":{"FID":2204,"Type":"ΑΙΤΙΑ ΥΠΟ ΕΚΔΙΚΑΣΗ","Municipali":"Δήμος Αχαρνών","Date":"2025/05"}},{"type":"Feature","id":2205,"geometry":{"type":"Point","coordinates":[23.718581200000074,37.943139880000047]},"properties":{"FID":2205,"Type":"ΟΔΗΓΟΣ-ΛΟΙΠΕΣ ΠΑΡΑΒΙΑΣΕΙΣ ΣΗΜΑΝΣΕΩΝ ΕΝ ΓΕΝΕΙ","Municipali":"Δήμος Νέας Σμύρνης","Date":"2025/05"}},{"type":"Feature","id":2206,"geometry":{"type":"Point","coordinates":[23.753487470000039,37.880806750000033]},"properties":{"FID":2206,"Type":"ΟΔΗΓΟΣ-ΛΟΙΠΕΣ ΠΑΡΑΒΙΑΣΕΙΣ ΣΗΜΑΝΣΕΩΝ ΕΝ ΓΕΝΕΙ","Municipali":"Δήμος Γλυφάδας","Date":"2025/04"}},{"type":"Feature","id":2207,"geometry":{"type":"Point","coordinates":[23.786103130000072,37.983669530000043]},"properties":{"FID":2207,"Type":"ΑΙΤΙΑ ΥΠΟ ΕΚΔΙΚΑΣΗ","Municipali":"Δήμος Παπάγου - Χολαργού","Date":"2025/03"}},{"type":"Feature","id":2208,"geometry":{"type":"Point","coordinates":[23.680263300000036,38.034563930000047]},"properties":{"FID":2208,"Type":"ΑΙΤΙΑ ΥΠΟ ΕΚΔΙΚΑΣΗ","Municipali":"Δήμος Πετρούπολης","Date":"2025/04"}},{"type":"Feature","id":2209,"geometry":{"type":"Point","coordinates":[24.053422810000029,37.71253476000004]},"properties":{"FID":2209,"Type":"ΑΙΤΙΑ ΥΠΟ ΕΚΔΙΚΑΣΗ","Municipali":"Δήμος Λαυρεωτικής","Date":"2025/04"}},{"type":"Feature","id":2210,"geometry":{"type":"Point","coordinates":[23.928163650000045,37.839402750000033]},"properties":{"FID":2210,"Type":"ΑΙΤΙΑ ΥΠΟ ΕΚΔΙΚΑΣΗ","Municipali":"Δήμος Σαρωνικού","Date":"2025/04"}},{"type":"Feature","id":2211,"geometry":{"type":"Point","coordinates":[23.736069200000031,37.919284490000052]},"properties":{"FID":2211,"Type":"ΑΙΤΙΑ ΥΠΟ ΕΚΔΙΚΑΣΗ","Municipali":"Δήμος Αλίμου","Date":"2025/05"}},{"type":"Feature","id":2212,"geometry":{"type":"Point","coordinates":[23.754356500000029,37.969985930000064]},"properties":{"FID":2212,"Type":"ΟΔΗΓΟΣ-ΠΑΡΑΛΕΙΨΗ ΣΗΜ.ΠΡΟΘΕΣΗΣ ΣΤΡΟΦ.Η ΑΛΛΑΓΗΣ ΠΟΡΕΙΑΣ","Municipali":"Δήμος Καισαριανής","Date":"2025/04"}},{"type":"Feature","id":2213,"geometry":{"type":"Point","coordinates":[23.70445146000003,37.979812830000071]},"properties":{"FID":2213,"Type":"ΟΔΗΓΟΣ-ΛΟΙΠΕΣ ΠΑΡΑΒΙΑΣΕΙΣ ΣΗΜΑΝΣΕΩΝ ΕΝ ΓΕΝΕΙ","Municipali":"Δήμος Αθηναίων","Date":"2025/04"}},{"type":"Feature","id":2214,"geometry":{"type":"Point","coordinates":[23.883126290000064,37.892632570000046]},"properties":{"FID":2214,"Type":"ΟΔΗΓΟΣ-ΠΑΡΑΒΙΑΣΗ ΠΡΟΤΕΡΑΙΟΤΗΤΑΣ ΓΕΝΙΚΩΣ","Municipali":"Δήμος Κρωπίας","Date":"2025/04"}},{"type":"Feature","id":2215,"geometry":{"type":"Point","coordinates":[23.735929730000066,37.946943000000033]},"properties":{"FID":2215,"Type":"ΑΙΤΙΑ ΥΠΟ ΕΚΔΙΚΑΣΗ","Municipali":"Δήμος Αγίου Δημητρίου","Date":"2025/04"}},{"type":"Feature","id":2216,"geometry":{"type":"Point","coordinates":[23.721069610000029,38.016196840000077]},"properties":{"FID":2216,"Type":"ΟΔΗΓΟΣ-ΛΟΙΠΑ ΑΙΤΙΑ ΑΝΑΦΕΡΟΜΕΝΑ ΣΕ ΟΔΗΓΟΥΣ","Municipali":"Δήμος Αθηναίων","Date":"2025/03"}},{"type":"Feature","id":2217,"geometry":{"type":"Point","coordinates":[23.734062820000076,37.956847120000077]},"properties":{"FID":2217,"Type":"ΟΔΗΓΟΣ-ΛΟΙΠΑ ΑΙΤΙΑ ΑΝΑΦΕΡΟΜΕΝΑ ΣΕ ΟΔΗΓΟΥΣ","Municipali":"Δήμος Αθηναίων","Date":"2025/04"}},{"type":"Feature","id":2218,"geometry":{"type":"Point","coordinates":[23.685305710000023,37.976388280000037]},"properties":{"FID":2218,"Type":"ΑΙΤΙΑ ΥΠΟ ΕΚΔΙΚΑΣΗ","Municipali":"Δήμος Μοσχάτου-Ταύρου","Date":"2025/04"}},{"type":"Feature","id":2219,"geometry":{"type":"Point","coordinates":[23.706087470000057,38.031542040000033]},"properties":{"FID":2219,"Type":"ΑΙΤΙΑ ΥΠΟ ΕΚΔΙΚΑΣΗ","Municipali":"Δήμος Ιλίου","Date":"2025/04"}},{"type":"Feature","id":2220,"geometry":{"type":"Point","coordinates":[23.649405910000041,37.95820021000003]},"properties":{"FID":2220,"Type":"ΟΔΗΓΟΣ-ΛΟΙΠΕΣ ΠΑΡΑΒΙΑΣΕΙΣ ΣΗΜΑΝΣΕΩΝ ΕΝ ΓΕΝΕΙ","Municipali":"Δήμος Πειραιώς","Date":"2025/04"}},{"type":"Feature","id":2221,"geometry":{"type":"Point","coordinates":[23.784515260000035,38.009241210000027]},"properties":{"FID":2221,"Type":"ΟΔΗΓΟΣ-ΑΝΤΙΚΑΝΟΝΙΚΟ ΠΡΟΣΠΕΡΑΣΜΑ","Municipali":"Δήμος Χαλανδρίου","Date":"2025/04"}},{"type":"Feature","id":2222,"geometry":{"type":"Point","coordinates":[23.789788590000057,37.975895750000063]},"properties":{"FID":2222,"Type":"ΟΔΗΓΟΣ-ΑΠΟΣΠΑΣΗ ΤΗΣ ΠΡΟΣΟΧΗΣ ΤΟΥ ΟΔΗΓΟΥ","Municipali":"Δήμος Παπάγου - Χολαργού","Date":"2025/04"}},{"type":"Feature","id":2223,"geometry":{"type":"Point","coordinates":[23.731058020000035,37.990435090000062]},"properties":{"FID":2223,"Type":"ΟΔΗΓΟΣ-ΑΠΟΣΠΑΣΗ ΤΗΣ ΠΡΟΣΟΧΗΣ ΤΟΥ ΟΔΗΓΟΥ","Municipali":"Δήμος Αθηναίων","Date":"2025/04"}},{"type":"Feature","id":2224,"geometry":{"type":"Point","coordinates":[23.633807300000058,37.953186620000054]},"properties":{"FID":2224,"Type":"ΑΙΤΙΑ ΥΠΟ ΕΚΔΙΚΑΣΗ","Municipali":"Δήμος Πειραιώς","Date":"2025/04"}},{"type":"Feature","id":2225,"geometry":{"type":"Point","coordinates":[23.68521553000005,38.03036233000006]},"properties":{"FID":2225,"Type":"ΑΙΤΙΑ ΥΠΟ ΕΚΔΙΚΑΣΗ","Municipali":"Δήμος Ιλίου","Date":"2025/04"}},{"type":"Feature","id":2226,"geometry":{"type":"Point","coordinates":[23.768853100000058,37.84223650000007]},"properties":{"FID":2226,"Type":"ΟΔΗΓΟΣ-ΛΟΙΠΑ ΑΙΤΙΑ ΑΝΑΦΕΡΟΜΕΝΑ ΣΕ ΟΔΗΓΟΥΣ","Municipali":"Δήμος Βάρης - Βούλας - Βουλιαγμένης","Date":"2025/04"}},{"type":"Feature","id":2227,"geometry":{"type":"Point","coordinates":[23.817999960000066,38.010010470000054]},"properties":{"FID":2227,"Type":"ΟΔΗΓΟΣ-ΛΟΙΠΑ ΑΙΤΙΑ ΑΝΑΦΕΡΟΜΕΝΑ ΣΕ ΟΔΗΓΟΥΣ","Municipali":"Δήμος Αγίας Παρασκευής","Date":"2025/04"}},{"type":"Feature","id":2228,"geometry":{"type":"Point","coordinates":[23.675284980000072,37.950995490000025]},"properties":{"FID":2228,"Type":"ΑΙΤΙΑ ΥΠΟ ΕΚΔΙΚΑΣΗ","Municipali":"Δήμος Μοσχάτου-Ταύρου","Date":"2025/04"}},{"type":"Feature","id":2229,"geometry":{"type":"Point","coordinates":[23.734975200000065,37.922064200000079]},"properties":{"FID":2229,"Type":"ΑΙΤΙΑ ΥΠΟ ΕΚΔΙΚΑΣΗ","Municipali":"Δήμος Αγίου Δημητρίου","Date":"2025/04"}},{"type":"Feature","id":2230,"geometry":{"type":"Point","coordinates":[23.737156300000038,37.943470700000034]},"properties":{"FID":2230,"Type":"ΑΙΤΙΑ ΥΠΟ ΕΚΔΙΚΑΣΗ","Municipali":"Δήμος Αγίου Δημητρίου","Date":"2025/02"}},{"type":"Feature","id":2231,"geometry":{"type":"Point","coordinates":[23.738402720000067,38.035281430000055]},"properties":{"FID":2231,"Type":"ΑΙΤΙΑ ΥΠΟ ΕΚΔΙΚΑΣΗ","Municipali":"Δήμος Νέας Φιλαδέλφειας - Νέας Χαλκηδόνας","Date":"2025/02"}},{"type":"Feature","id":2232,"geometry":{"type":"Point","coordinates":[23.71397864000005,37.992688420000036]},"properties":{"FID":2232,"Type":"ΟΔΗΓΟΣ-ΠΑΡΑΒΙΑΣΗ ΣΗΜΑΤΟΔΟΤΗ","Municipali":"Δήμος Αθηναίων","Date":"2025/02"}},{"type":"Feature","id":2233,"geometry":{"type":"Point","coordinates":[23.755112890000078,38.041378120000047]},"properties":{"FID":2233,"Type":"ΑΙΤΙΑ ΥΠΟ ΕΚΔΙΚΑΣΗ","Municipali":"Δήμος Νέας Ιωνίας","Date":"2025/02"}},{"type":"Feature","id":2234,"geometry":{"type":"Point","coordinates":[23.734733460000029,38.078437420000057]},"properties":{"FID":2234,"Type":"ΑΙΤΙΑ ΥΠΟ ΕΚΔΙΚΑΣΗ","Municipali":"Δήμος Αχαρνών","Date":"2025/02"}},{"type":"Feature","id":2235,"geometry":{"type":"Point","coordinates":[23.68085861000003,37.984451740000054]},"properties":{"FID":2235,"Type":"ΑΙΤΙΑ ΥΠΟ ΕΚΔΙΚΑΣΗ","Municipali":"Δήμος Αιγάλεω","Date":"2025/02"}},{"type":"Feature","id":2236,"geometry":{"type":"Point","coordinates":[23.711881040000037,37.910511300000053]},"properties":{"FID":2236,"Type":"ΠΕΖΟΣ-ΔΙΕΣΧΙΖΕ ΑΠΟΤΟΜΑ ΚΑΙ ΑΠΕΡΙΣΚΕΠΤΑ ΤΗΝ ΟΔΟ","Municipali":"Δήμος Αλίμου","Date":"2025/02"}},{"type":"Feature","id":2237,"geometry":{"type":"Point","coordinates":[23.79493296000004,38.004955230000064]},"properties":{"FID":2237,"Type":"ΑΙΤΙΑ ΥΠΟ ΕΚΔΙΚΑΣΗ","Municipali":"Δήμος Παπάγου - Χολαργού","Date":"2025/02"}},{"type":"Feature","id":2238,"geometry":{"type":"Point","coordinates":[24.006744100000049,37.952615000000037]},"properties":{"FID":2238,"Type":"ΑΙΤΙΑ ΥΠΟ ΕΚΔΙΚΑΣΗ","Municipali":"Δήμος Σπάτων - Αρτέμιδος","Date":"2025/02"}},{"type":"Feature","id":2239,"geometry":{"type":"Point","coordinates":[23.734669090000068,38.078462750000028]},"properties":{"FID":2239,"Type":"ΑΙΤΙΑ ΥΠΟ ΕΚΔΙΚΑΣΗ","Municipali":"Δήμος Αχαρνών","Date":"2025/02"}},{"type":"Feature","id":2240,"geometry":{"type":"Point","coordinates":[23.734116550000067,37.96466995000003]},"properties":{"FID":2240,"Type":"ΟΔΗΓΟΣ-ΛΟΙΠΑ ΑΙΤΙΑ ΑΝΑΦΕΡΟΜΕΝΑ ΣΕ ΟΔΗΓΟΥΣ","Municipali":"Δήμος Αθηναίων","Date":"2025/03"}},{"type":"Feature","id":2241,"geometry":{"type":"Point","coordinates":[23.74950707000005,37.976274110000077]},"properties":{"FID":2241,"Type":"ΑΙΤΙΑ ΥΠΟ ΕΚΔΙΚΑΣΗ","Municipali":"Δήμος Αθηναίων","Date":"2025/02"}},{"type":"Feature","id":2242,"geometry":{"type":"Point","coordinates":[23.757891650000033,37.98728452000006]},"properties":{"FID":2242,"Type":"ΑΙΤΙΑ ΥΠΟ ΕΚΔΙΚΑΣΗ","Municipali":"Δήμος Αθηναίων","Date":"2025/04"}},{"type":"Feature","id":2243,"geometry":{"type":"Point","coordinates":[23.612515930000029,38.063534010000069]},"properties":{"FID":2243,"Type":"ΟΔΗΓΟΣ-ΚΙΝΗΣΗ ΣΤΟ ΑΝΤΙΘΕΤΟ ΡΕΥΜΑ","Municipali":"Δήμος Ασπροπύργου","Date":"2025/04"}},{"type":"Feature","id":2244,"geometry":{"type":"Point","coordinates":[23.673563000000058,37.954248320000033]},"properties":{"FID":2244,"Type":"ΑΙΤΙΑ ΥΠΟ ΕΚΔΙΚΑΣΗ","Municipali":"Δήμος Μοσχάτου-Ταύρου","Date":"2025/04"}},{"type":"Feature","id":2245,"geometry":{"type":"Point","coordinates":[23.751395340000045,38.028309540000066]},"properties":{"FID":2245,"Type":"ΑΙΤΙΑ ΥΠΟ ΕΚΔΙΚΑΣΗ","Municipali":"Δήμος Αθηναίων","Date":"2025/04"}},{"type":"Feature","id":2246,"geometry":{"type":"Point","coordinates":[23.809057470000027,38.040317680000044]},"properties":{"FID":2246,"Type":"ΟΔΗΓΟΣ-ΛΟΙΠΑ ΑΙΤΙΑ ΑΝΑΦΕΡΟΜΕΝΑ ΣΕ ΟΔΗΓΟΥΣ","Municipali":"Δήμος Αμαρουσίου","Date":"2025/04"}},{"type":"Feature","id":2247,"geometry":{"type":"Point","coordinates":[23.747409550000043,37.996302180000043]},"properties":{"FID":2247,"Type":"ΟΔΗΓΟΣ-ΛΟΙΠΑ ΑΙΤΙΑ ΑΝΑΦΕΡΟΜΕΝΑ ΣΕ ΟΔΗΓΟΥΣ","Municipali":"Δήμος Αθηναίων","Date":"2025/04"}},{"type":"Feature","id":2248,"geometry":{"type":"Point","coordinates":[23.747323090000066,37.969867470000054]},"properties":{"FID":2248,"Type":"ΟΔΗΓΟΣ-ΑΠΟΣΠΑΣΗ ΤΗΣ ΠΡΟΣΟΧΗΣ ΤΟΥ ΟΔΗΓΟΥ","Municipali":"Δήμος Αθηναίων","Date":"2025/04"}},{"type":"Feature","id":2249,"geometry":{"type":"Point","coordinates":[23.749705550000044,37.963798720000057]},"properties":{"FID":2249,"Type":"ΟΔΗΓΟΣ-ΠΑΡΑΒΙΑΣΗ ΠΡΟΤΕΡΑΙΟΤΗΤΑΣ ΓΕΝΙΚΩΣ","Municipali":"Δήμος Βύρωνα","Date":"2025/04"}},{"type":"Feature","id":2250,"geometry":{"type":"Point","coordinates":[23.746905020000042,37.987817260000043]},"properties":{"FID":2250,"Type":"ΟΔΗΓΟΣ-ΠΑΡΑΒΙΑΣΗ ΣΗΜΑΤΟΔΟΤΗ","Municipali":"Δήμος Αθηναίων","Date":"2025/04"}},{"type":"Feature","id":2251,"geometry":{"type":"Point","coordinates":[23.754951950000077,38.057641920000037]},"properties":{"FID":2251,"Type":"ΑΙΤΙΑ ΥΠΟ ΕΚΔΙΚΑΣΗ","Municipali":"Δήμος Μεταμορφώσεως","Date":"2025/04"}},{"type":"Feature","id":2252,"geometry":{"type":"Point","coordinates":[23.663472530000035,38.000039140000069]},"properties":{"FID":2252,"Type":"ΑΙΤΙΑ ΥΠΟ ΕΚΔΙΚΑΣΗ","Municipali":"Δήμος Χαϊδαρίου","Date":"2025/04"}},{"type":"Feature","id":2253,"geometry":{"type":"Point","coordinates":[23.746811200000025,37.903383700000063]},"properties":{"FID":2253,"Type":"ΟΔΗΓΟΣ-ΛΟΙΠΑ ΑΙΤΙΑ ΑΝΑΦΕΡΟΜΕΝΑ ΣΕ ΟΔΗΓΟΥΣ","Municipali":"Δήμος Ελληνικού - Αργυρούπολης","Date":"2025/04"}},{"type":"Feature","id":2254,"geometry":{"type":"Point","coordinates":[23.77042294000006,38.065022940000063]},"properties":{"FID":2254,"Type":"ΑΙΤΙΑ ΥΠΟ ΕΚΔΙΚΑΣΗ","Municipali":"Δήμος Μεταμορφώσεως","Date":"2025/04"}},{"type":"Feature","id":2255,"geometry":{"type":"Point","coordinates":[23.716446040000051,37.984220380000068]},"properties":{"FID":2255,"Type":"ΟΔΗΓΟΣ-ΑΠΟΣΠΑΣΗ ΤΗΣ ΠΡΟΣΟΧΗΣ ΤΟΥ ΟΔΗΓΟΥ","Municipali":"Δήμος Αθηναίων","Date":"2025/04"}},{"type":"Feature","id":2256,"geometry":{"type":"Point","coordinates":[23.763250330000062,37.988311450000026]},"properties":{"FID":2256,"Type":"ΟΔΗΓΟΣ-ΑΠΟΣΠΑΣΗ ΤΗΣ ΠΡΟΣΟΧΗΣ ΤΟΥ ΟΔΗΓΟΥ","Municipali":"Δήμος Αθηναίων","Date":"2025/04"}},{"type":"Feature","id":2257,"geometry":{"type":"Point","coordinates":[23.638899400000071,38.307767800000079]},"properties":{"FID":2257,"Type":"ΑΙΤΙΑ ΥΠΟ ΕΚΔΙΚΑΣΗ","Municipali":"Δήμος Τανάγρας","Date":"2025/04"}},{"type":"Feature","id":2258,"geometry":{"type":"Point","coordinates":[23.771499800000072,38.057638000000054]},"properties":{"FID":2258,"Type":"ΑΙΤΙΑ ΥΠΟ ΕΚΔΙΚΑΣΗ","Municipali":"Δήμος Ηρακλείου Αττικής","Date":"2025/04"}},{"type":"Feature","id":2259,"geometry":{"type":"Point","coordinates":[23.676341770000079,38.068120650000026]},"properties":{"FID":2259,"Type":"ΑΙΤΙΑ ΥΠΟ ΕΚΔΙΚΑΣΗ","Municipali":"Δήμος Φυλής","Date":"2025/04"}},{"type":"Feature","id":2260,"geometry":{"type":"Point","coordinates":[23.812233210000045,38.027299620000065]},"properties":{"FID":2260,"Type":"ΑΙΤΙΑ ΥΠΟ ΕΚΔΙΚΑΣΗ","Municipali":"Δήμος Χαλανδρίου","Date":"2025/03"}},{"type":"Feature","id":2261,"geometry":{"type":"Point","coordinates":[23.678682400000071,37.978501700000038]},"properties":{"FID":2261,"Type":"ΑΙΤΙΑ ΥΠΟ ΕΚΔΙΚΑΣΗ","Municipali":"Δήμος Αιγάλεω","Date":"2025/04"}},{"type":"Feature","id":2262,"geometry":{"type":"Point","coordinates":[23.568624260000036,37.964179350000052]},"properties":{"FID":2262,"Type":"ΟΔΗΓΟΣ-ΛΟΙΠΑ ΑΙΤΙΑ ΑΝΑΦΕΡΟΜΕΝΑ ΣΕ ΟΔΗΓΟΥΣ","Municipali":"Δήμος Περάματος","Date":"2025/04"}}]}