{"type":"FeatureCollection","features":[{"type":"Feature","id":1,"geometry":{"type":"LineString","coordinates":[[23.700609600000064,37.923213700000076],[23.700634300000047,37.923231800000053],[23.70067350000005,37.923250200000041],[23.70071020000006,37.923264000000074],[23.700764200000037,37.923274200000037],[23.700824100000034,37.923281100000054],[23.700879500000042,37.923290400000042],[23.700892500000066,37.923294400000032],[23.700932200000068,37.923306800000034],[23.700980800000025,37.923329700000068],[23.701024000000075,37.923358700000051],[23.70106050000004,37.923392800000045],[23.701089500000023,37.923431300000061],[23.701165900000035,37.923562900000036],[23.701318300000025,37.923800100000051]]},"properties":{"OBJECTID":1,"length":96.205601812154441}},{"type":"Feature","id":2,"geometry":{"type":"LineString","coordinates":[[23.733859500000051,37.971944200000053],[23.733920100000034,37.972014900000033],[23.734048500000029,37.972171500000059],[23.734168100000034,37.972305300000073],[23.734291300000052,37.972451600000056],[23.734602400000028,37.972796300000027],[23.734732100000031,37.972947100000056],[23.734792000000027,37.973006600000076],[23.734969900000067,37.973209600000075],[23.735110100000043,37.973378900000057],[23.735144900000023,37.973423500000024],[23.735174000000029,37.973470600000041],[23.735197000000028,37.973519700000054],[23.735213900000076,37.973570300000063],[23.735233000000051,37.973641000000043],[23.735302900000079,37.973950800000068]]},"properties":{"OBJECTID":2,"length":259.7392599084215}},{"type":"Feature","id":3,"geometry":{"type":"LineString","coordinates":[[23.701297400000044,37.924134600000059],[23.701286800000048,37.924156700000026],[23.701278700000046,37.924176700000032],[23.701276000000064,37.924200600000063],[23.70127720000005,37.92421980000006],[23.701281800000061,37.924240900000029],[23.70128980000004,37.924263000000053],[23.701301200000046,37.924282300000073],[23.701596300000062,37.924730800000077],[23.701700300000027,37.924866200000054],[23.701740800000039,37.924919000000045],[23.701942700000075,37.925240200000076],[23.702277000000038,37.925772300000062],[23.702321300000051,37.925861900000029],[23.702686000000028,37.926405000000045],[23.703434600000037,37.927556500000037],[23.70354750000007,37.927672100000052],[23.703605000000039,37.927712300000053],[23.703687800000068,37.927751000000058],[23.703786100000059,37.927775200000042],[23.705482000000075,37.928196700000058],[23.705524800000035,37.928207300000054],[23.70556780000004,37.92821790000005],[23.706026000000065,37.928331300000025],[23.706426400000055,37.928427500000055],[23.706546700000047,37.928456400000073],[23.707482000000027,37.928685900000062],[23.709482600000058,37.929193100000077]]},"properties":{"OBJECTID":3,"length":991.59245701086786}},{"type":"Feature","id":4,"geometry":{"type":"LineString","coordinates":[[23.726990900000033,37.956779900000072],[23.726948600000071,37.956736900000067],[23.726903200000038,37.956705400000033],[23.726702100000068,37.956588700000054],[23.726477800000055,37.95646320000003]]},"properties":{"OBJECTID":4,"length":57.404514739968342}},{"type":"Feature","id":5,"geometry":{"type":"LineString","coordinates":[[23.700525600000049,37.923242900000048],[23.700517700000034,37.923205800000062],[23.700485700000058,37.923129900000049],[23.70004380000006,37.922452900000053],[23.699993100000029,37.922396200000037],[23.699970700000051,37.922371200000043],[23.699736100000052,37.922002200000065],[23.699526700000035,37.921673000000055],[23.699492600000042,37.921597600000041],[23.699441900000068,37.92149210000008],[23.698941500000046,37.920750500000054]]},"properties":{"OBJECTID":5,"length":310.29631830889667}},{"type":"Feature","id":6,"geometry":{"type":"LineString","coordinates":[[23.700706600000046,37.924040300000058],[23.70056610000006,37.923813800000062],[23.700557400000037,37.923800300000039],[23.700503000000026,37.923715500000071],[23.700470100000075,37.923668000000077],[23.700449700000036,37.92362600000007],[23.700438400000053,37.923581900000045],[23.700436500000023,37.923536900000045],[23.700444000000061,37.923492300000078],[23.700452900000073,37.923471400000039],[23.700484800000027,37.923411300000055],[23.700519100000065,37.92337340000006],[23.70053310000003,37.923347300000046],[23.700538800000061,37.923329200000069],[23.700541500000043,37.923309700000061],[23.700537300000065,37.923283300000037],[23.700525600000049,37.923242900000048]]},"properties":{"OBJECTID":6,"length":96.057195958501524}},{"type":"Feature","id":7,"geometry":{"type":"LineString","coordinates":[[23.698971300000039,37.920734000000039],[23.699477700000045,37.921482900000058],[23.699548100000072,37.921573600000045],[23.699606700000061,37.921646100000032],[23.699814500000059,37.921972500000038],[23.700061300000073,37.922360100000049],[23.700065100000074,37.922367100000031],[23.700099800000032,37.922432300000025],[23.700498800000048,37.923081400000058],[23.700520700000027,37.923119300000053],[23.700545900000066,37.923158300000068],[23.700567100000058,37.923184000000049],[23.700609600000064,37.923213700000076]]},"properties":{"OBJECTID":7,"length":311.14517918670833}},{"type":"Feature","id":8,"geometry":{"type":"LineString","coordinates":[[23.726477800000055,37.95646320000003],[23.726470500000062,37.956458700000042],[23.726352200000065,37.956389100000024],[23.726258100000052,37.95633360000005],[23.726016000000072,37.956194700000026],[23.725886500000058,37.956120400000032],[23.725443300000052,37.955865900000049],[23.725273200000061,37.955769400000065],[23.725039800000047,37.95561930000008],[23.724959600000034,37.955565700000079],[23.724799200000064,37.955455000000029],[23.724780500000065,37.955441900000039],[23.724631900000077,37.95532890000004],[23.724489400000039,37.955215200000055],[23.724342500000034,37.955091700000025],[23.724178700000039,37.954952700000035],[23.724154800000065,37.954932500000041],[23.72387770000006,37.954671400000052],[23.723603400000059,37.954412800000057],[23.723357700000065,37.954160500000057],[23.723099700000034,37.953900500000032],[23.723032200000034,37.953839900000048],[23.723022800000024,37.953831100000059],[23.722585400000071,37.953418900000031],[23.722030300000029,37.952895500000068],[23.72171510000004,37.952593000000036],[23.721410000000049,37.952297500000043],[23.721328800000038,37.952218800000026],[23.721032300000047,37.951926800000024],[23.720797300000072,37.951704300000074],[23.72049910000004,37.951424900000063],[23.720187500000065,37.95112430000006],[23.720172900000023,37.951110800000038],[23.720109400000069,37.951052000000061],[23.719291000000055,37.950422900000035],[23.719228500000042,37.950394300000028],[23.718904900000041,37.950146400000051],[23.718601300000046,37.949910000000045],[23.718325400000026,37.949682000000053],[23.718213300000059,37.949592800000062],[23.718169100000068,37.949562300000025],[23.718154500000026,37.949551000000042],[23.717897700000037,37.949352300000044],[23.717365700000073,37.948940100000073],[23.716799900000069,37.948499200000072],[23.716569900000025,37.948322300000029],[23.716503600000067,37.948269500000038],[23.716459800000052,37.948231300000032],[23.716411100000073,37.948179100000061],[23.716375500000026,37.948130800000058],[23.716368800000055,37.94812040000005],[23.716352000000029,37.948093200000073],[23.716326300000048,37.948042600000065],[23.716293600000029,37.947963400000049],[23.716265100000044,37.947893800000031],[23.716233700000032,37.947841600000061],[23.716198100000042,37.947789900000032],[23.716147600000056,37.947736000000077],[23.716096300000061,37.947690500000078],[23.716045000000065,37.947651200000053],[23.715984500000047,37.947616900000071],[23.715907600000037,37.947579900000051],[23.715812100000051,37.947539400000039],[23.71561360000004,37.947478500000045],[23.715543900000057,37.947447500000067],[23.715487600000074,37.947423400000048],[23.715432100000044,37.947393000000034],[23.715394400000037,37.947369000000037],[23.715333100000066,37.947320000000047],[23.715283900000031,37.947272300000066],[23.715249800000038,37.947232400000075],[23.71522200000004,37.947186900000077],[23.715193900000031,37.947136500000056],[23.715162500000076,37.947065800000075],[23.715044500000033,37.946738800000048],[23.714919100000031,37.946387300000026],[23.714887700000077,37.946281500000055],[23.714855400000033,37.94615680000004],[23.714794700000027,37.945879200000036],[23.714769800000056,37.945788600000071],[23.714743100000078,37.945687600000042],[23.714716400000043,37.94560800000005],[23.714701800000057,37.945544600000062],[23.714503600000057,37.944934800000055],[23.71438500000005,37.944569900000033],[23.713930300000072,37.943136300000049],[23.713910800000065,37.943074000000024],[23.713904800000023,37.943055600000037],[23.713793200000055,37.942701400000033],[23.713681000000065,37.942349300000046],[23.713661100000024,37.942251100000078],[23.713640100000077,37.942168300000048],[23.713607800000034,37.942051200000037],[23.713520500000072,37.941733000000056],[23.713350800000057,37.941191200000048],[23.713293800000031,37.941008700000054],[23.713262400000076,37.940919700000052],[23.713230500000066,37.940839500000038],[23.713195600000063,37.940751900000066],[23.71316390000004,37.940654700000039],[23.713128400000073,37.940541500000052],[23.71302600000007,37.940214600000047],[23.712939600000027,37.939938700000027],[23.712876000000051,37.939743900000053],[23.712810900000022,37.939533400000073],[23.712753300000031,37.939350000000047],[23.712705600000049,37.93921290000003],[23.712701100000061,37.93919980000004],[23.712662300000034,37.939087000000029],[23.712631200000033,37.939004300000079],[23.712604500000054,37.938936800000079],[23.712571300000036,37.938839600000051],[23.712539900000024,37.938743700000032],[23.712499800000046,37.938613000000032],[23.712455400000067,37.938467800000069],[23.712412200000074,37.938324100000045],[23.712356600000078,37.93808990000008],[23.712303100000042,37.937892400000067],[23.712170300000025,37.93750220000004],[23.712167100000045,37.937492500000076],[23.712055200000066,37.937150600000052],[23.711915400000066,37.936717800000054],[23.711696300000028,37.935995300000059],[23.711682000000053,37.935948100000076],[23.711550100000068,37.935509400000058],[23.711445200000071,37.935191400000065],[23.711337600000036,37.934851600000059],[23.711153800000034,37.934265700000026],[23.711137200000053,37.934206800000027],[23.710967200000027,37.933672700000045],[23.710848500000054,37.933304200000066],[23.710721900000067,37.932906100000025],[23.710695500000043,37.932814500000063],[23.710478800000033,37.93211800000006],[23.710290300000054,37.931490000000053],[23.710252000000025,37.93136700000008],[23.710238000000061,37.931313700000032],[23.710233200000062,37.93129730000004],[23.710110300000053,37.930878900000039],[23.709964600000035,37.930436400000076],[23.709866400000067,37.93010570000007],[23.709757600000046,37.929726600000038],[23.709713900000054,37.929537000000039],[23.709699100000023,37.929494700000078],[23.709676700000045,37.929430800000034],[23.709656400000028,37.929381000000035],[23.709595300000046,37.929308700000036],[23.709558800000025,37.929281200000048],[23.709518400000036,37.929253100000039],[23.709468600000037,37.929229100000043]]},"properties":{"OBJECTID":8,"length":3499.8730069635694}},{"type":"Feature","id":9,"geometry":{"type":"LineString","coordinates":[[23.723533300000042,37.96012920000004],[23.723499900000036,37.959954700000026],[23.723485500000038,37.959898100000032]]},"properties":{"OBJECTID":9,"length":25.998439429563177}},{"type":"Feature","id":10,"geometry":{"type":"LineString","coordinates":[[23.725687200000039,37.962900300000058],[23.725777600000072,37.962954900000057],[23.725894900000071,37.963023000000078],[23.725969600000042,37.963070000000073]]},"properties":{"OBJECTID":10,"length":31.159035078401729}},{"type":"Feature","id":11,"geometry":{"type":"LineString","coordinates":[[23.726477800000055,37.95646320000003],[23.726560900000038,37.956503100000077],[23.726742400000035,37.956579200000078],[23.726827300000025,37.956618800000058]]},"properties":{"OBJECTID":11,"length":35.250305016693048}},{"type":"Feature","id":12,"geometry":{"type":"LineString","coordinates":[[23.725087500000029,37.962133300000062],[23.725175100000058,37.962207300000046],[23.72519090000003,37.96222060000008],[23.725201600000048,37.962243800000067],[23.725199500000031,37.962288800000067],[23.725201300000037,37.962342400000068],[23.725210200000049,37.962441700000056],[23.725219500000037,37.962472000000048],[23.725232900000037,37.962496800000054],[23.725283400000023,37.962540600000068],[23.725969600000042,37.963070000000073],[23.726142100000061,37.963205600000038],[23.726297500000044,37.963321400000041],[23.726376100000039,37.963373200000035],[23.726509800000031,37.963460200000043],[23.726554200000066,37.963498500000071],[23.726621000000023,37.963545000000067],[23.726675500000056,37.963604400000065],[23.72672620000003,37.963669400000072],[23.726774400000068,37.963755200000037],[23.726828000000069,37.963885400000038],[23.726869000000079,37.963991300000032],[23.726902900000027,37.964065400000038],[23.726934000000028,37.964124600000048],[23.726974000000041,37.964187000000038],[23.727019300000052,37.964248300000065],[23.727066800000046,37.964304900000059],[23.72711570000007,37.964363800000058],[23.727159400000062,37.964408300000059],[23.727210800000023,37.964462000000026],[23.727286700000036,37.964522100000067],[23.727353200000039,37.96457950000007],[23.727420500000051,37.964630800000066],[23.727638600000034,37.96478970000004],[23.727750400000048,37.964856200000042],[23.72805070000004,37.96500640000005],[23.728149100000053,37.965039500000046],[23.72827280000007,37.965074900000047],[23.728387200000043,37.965104900000028],[23.728548600000067,37.965145000000064],[23.728911400000072,37.965230200000065],[23.729463200000055,37.965350000000058],[23.729553400000043,37.965370800000073],[23.729964900000027,37.965482400000042],[23.730115600000033,37.965523000000076],[23.730255500000055,37.965575000000058],[23.730381800000032,37.965629400000068],[23.730502500000057,37.965693900000076],[23.730643300000054,37.965784600000063],[23.730784400000061,37.965892900000028],[23.731146700000068,37.966173300000037]]},"properties":{"OBJECTID":12,"length":731.31462705818751}},{"type":"Feature","id":13,"geometry":{"type":"LineString","coordinates":[[23.730781800000045,37.965983200000039],[23.730876200000068,37.96603650000003],[23.731023100000073,37.966097200000036],[23.731146700000068,37.966173300000037]]},"properties":{"OBJECTID":13,"length":38.508808462353208}},{"type":"Feature","id":14,"geometry":{"type":"LineString","coordinates":[[23.752903200000048,37.854460900000049],[23.752956500000039,37.85451850000004],[23.753046900000072,37.854581900000028],[23.753263700000048,37.854732500000068],[23.753354200000047,37.854808300000059],[23.753490600000077,37.854931200000067],[23.753558800000064,37.854995100000053],[23.753796500000078,37.855223700000067],[23.753911100000039,37.85534030000008],[23.753972900000065,37.855420400000071],[23.754004300000076,37.855469600000049],[23.754078800000059,37.855589500000065],[23.754150800000048,37.855728000000056],[23.754189100000076,37.855803800000047],[23.754311900000062,37.856065500000057],[23.754397300000051,37.856262000000072],[23.754474800000025,37.856452000000047],[23.754502100000025,37.856513000000064],[23.754535500000031,37.856624500000066],[23.754602200000022,37.856806400000039],[23.754665000000045,37.857042400000068],[23.754719200000068,37.857305200000042],[23.754755000000046,37.857505900000035],[23.754802400000074,37.857768200000066],[23.754819300000065,37.857832500000029],[23.754859900000042,37.858017100000041],[23.754873000000032,37.858101900000065],[23.754884100000027,37.858296400000029],[23.754880800000024,37.858531500000026],[23.75485290000006,37.858807800000079],[23.754819000000055,37.858966600000031],[23.754777800000056,37.859154400000079],[23.754718400000058,37.859316100000058],[23.754625800000042,37.859555200000045],[23.754574600000069,37.859671200000037],[23.754521200000056,37.859770600000047],[23.754426800000033,37.859936600000026],[23.754275600000028,37.860181100000034],[23.754115700000057,37.860457800000063],[23.753811300000052,37.860958400000072],[23.753770600000053,37.861022200000036],[23.753715000000057,37.861088500000051],[23.753642500000069,37.86117420000005],[23.753567700000076,37.861237900000049],[23.753366300000039,37.861424800000066],[23.753203800000051,37.861578800000075],[23.753046200000028,37.861722900000075],[23.752759400000059,37.861964300000068],[23.75257270000003,37.862126200000034],[23.752456800000061,37.862221100000056],[23.752336000000071,37.862313300000039],[23.752199000000076,37.862401300000045],[23.752130700000066,37.862433000000067],[23.752021200000058,37.862492900000063],[23.751842900000042,37.862584600000048],[23.751444000000049,37.862770500000067],[23.751256000000069,37.862855700000068],[23.751028100000042,37.862950900000044],[23.750758700000063,37.863047700000038],[23.750484800000038,37.863132200000052],[23.750193400000057,37.863218500000073],[23.749968000000024,37.863277800000049],[23.749759400000073,37.863332200000059],[23.749561700000072,37.863374000000078],[23.749342200000058,37.863416000000029],[23.749195000000043,37.863437900000065],[23.74889840000003,37.863464600000043],[23.748598300000026,37.863499200000035],[23.748280300000033,37.863526000000036],[23.748153500000058,37.863537600000029],[23.748096700000076,37.863544900000079],[23.747945700000059,37.863530900000057],[23.747927400000037,37.863530200000071],[23.747821300000055,37.863524000000041],[23.747715200000073,37.863515800000073],[23.747609300000079,37.863505700000076],[23.747503800000061,37.863493800000072],[23.747398600000054,37.863480000000038],[23.747293900000045,37.863464400000055],[23.74718960000007,37.863446900000042],[23.747042000000079,37.863418200000069],[23.747000300000025,37.863407600000073],[23.746950100000049,37.863391600000057],[23.746889100000033,37.863365500000043],[23.746815200000071,37.863316500000053]]},"properties":{"OBJECTID":14,"length":1507.4328939081261}},{"type":"Feature","id":15,"geometry":{"type":"LineString","coordinates":[[23.727277100000038,37.957787500000052],[23.727282700000046,37.95776630000006],[23.727284700000041,37.957745500000044],[23.727283800000066,37.957715600000029],[23.727276700000061,37.957676800000058],[23.727114900000061,37.957102400000053],[23.727085300000056,37.956995500000062],[23.727062500000045,37.956917500000031],[23.727050100000042,37.956880600000034],[23.727037000000053,37.956851000000029],[23.727016100000071,37.956814200000053],[23.726990900000033,37.956779900000072]]},"properties":{"OBJECTID":15,"length":115.34950269917431}},{"type":"Feature","id":16,"geometry":{"type":"LineString","coordinates":[[23.724598800000024,37.889605900000049],[23.724454700000024,37.88956120000006],[23.724380900000028,37.889534000000026],[23.72435420000005,37.889524200000039],[23.724306200000058,37.889499200000046],[23.724299400000064,37.889494200000058],[23.72427440000007,37.889475600000026],[23.724247100000071,37.88944470000007],[23.724221900000032,37.889396400000066],[23.724205300000051,37.889359400000046],[23.724199700000042,37.889337900000044],[23.724189900000056,37.889288800000031],[23.724187000000029,37.889262900000062],[23.724184700000023,37.889223300000026],[23.724186200000076,37.889187000000049]]},"properties":{"OBJECTID":16,"length":65.862875725093275}},{"type":"Feature","id":17,"geometry":{"type":"LineString","coordinates":[[23.728020000000072,37.889409800000067],[23.727625700000033,37.889287400000057],[23.727539100000058,37.889258900000073],[23.727441400000032,37.889233100000069],[23.727377300000057,37.889220400000056],[23.727293100000054,37.889206300000069],[23.727209000000073,37.889198200000067],[23.727126600000076,37.889194800000041],[23.727046600000051,37.889196800000036],[23.726961900000049,37.889202700000055],[23.726886200000024,37.889214000000038],[23.726782600000035,37.889233800000056],[23.726710500000024,37.889251700000045],[23.726600100000041,37.889285400000063],[23.726406000000054,37.889347900000075],[23.726308300000028,37.889384200000052],[23.726174400000048,37.889433500000052],[23.726057300000036,37.889469000000076],[23.72576250000003,37.889568600000075],[23.725602300000048,37.889621100000056],[23.725520600000038,37.88964500000003],[23.725426800000037,37.889668800000038],[23.725356300000044,37.889681500000052],[23.725274200000058,37.889692300000036],[23.725206400000047,37.889695700000061],[23.725123300000064,37.88969730000008],[23.725022000000024,37.889694800000029],[23.724937800000077,37.889687000000038],[23.724874900000032,37.889677900000038],[23.724784600000078,37.889658600000075],[23.724709700000062,37.889638200000036],[23.724598800000024,37.889605900000049],[23.724533400000041,37.889589300000068],[23.724412100000052,37.88956120000006],[23.724369700000068,37.889551400000073],[23.724316100000067,37.889542100000028],[23.724239600000033,37.889530400000069],[23.724194000000068,37.889527400000077],[23.724134800000058,37.889534400000059],[23.724090800000056,37.889543900000035],[23.724035100000037,37.889567000000056],[23.723985400000061,37.88960430000003],[23.723895800000037,37.889703000000054]]},"properties":{"OBJECTID":17,"length":387.69506342094132}},{"type":"Feature","id":18,"geometry":{"type":"LineString","coordinates":[[23.733989600000029,37.89586550000007],[23.733928000000049,37.895968400000072],[23.733754200000078,37.896261600000059],[23.733712000000025,37.896345200000042],[23.733678000000054,37.896417500000041],[23.733650500000067,37.896493500000076],[23.733635400000026,37.896552300000053],[23.733626300000026,37.896611000000064],[23.733622800000035,37.896695700000066],[23.733625300000028,37.896754500000043],[23.733633400000031,37.89681870000004],[23.733650500000067,37.896890000000042],[23.733683100000064,37.896978100000069],[23.733719200000053,37.897058300000026],[23.733755400000064,37.897119700000076],[23.73407050000003,37.897597700000063],[23.734487200000046,37.898222500000031],[23.734872000000053,37.898793200000057],[23.73511510000003,37.899158200000045],[23.735248600000034,37.899361300000066],[23.735371800000053,37.899555100000043],[23.735671900000057,37.899999100000059],[23.735676800000078,37.900006700000063]]},"properties":{"OBJECTID":18,"length":509.75137827808049}},{"type":"Feature","id":19,"geometry":{"type":"LineString","coordinates":[[23.724263400000041,37.889146900000071],[23.724247200000036,37.889207300000066],[23.724242300000071,37.889258600000062],[23.724244600000077,37.889295700000048],[23.724253700000077,37.889339100000029],[23.724263300000075,37.889363200000048],[23.724277800000038,37.889396800000043],[23.724300000000028,37.889424400000053],[23.724328600000035,37.889451200000053],[23.724372300000027,37.88948060000007],[23.724404800000059,37.889496800000074],[23.724448100000075,37.889515900000049],[23.724515500000052,37.889539900000045],[23.724546600000053,37.889551600000061],[23.724615300000039,37.889573600000062]]},"properties":{"OBJECTID":19,"length":64.670147554093916}},{"type":"Feature","id":20,"geometry":{"type":"LineString","coordinates":[[23.72775740000003,37.889283900000066],[23.727855400000067,37.889331100000049],[23.72789460000007,37.889351600000055],[23.727935900000034,37.88937210000006],[23.728020000000072,37.889409800000067]]},"properties":{"OBJECTID":20,"length":27.004786765913927}},{"type":"Feature","id":21,"geometry":{"type":"LineString","coordinates":[[23.726174400000048,37.889433500000052],[23.726231700000028,37.889399100000048],[23.726281100000051,37.88937020000003],[23.726343500000041,37.889332200000069]]},"properties":{"OBJECTID":21,"length":18.646740694974433}},{"type":"Feature","id":22,"geometry":{"type":"LineString","coordinates":[[23.742653400000052,37.864897300000052],[23.742463300000054,37.865027400000031]]},"properties":{"OBJECTID":22,"length":22.09824675163776}},{"type":"Feature","id":23,"geometry":{"type":"LineString","coordinates":[[23.746815200000071,37.863316500000053],[23.746649200000036,37.86315570000005],[23.746256100000039,37.862796100000025],[23.746128800000065,37.862738300000046],[23.746067400000072,37.862718700000073],[23.745978900000068,37.862696800000037],[23.745918500000073,37.86270090000005],[23.745795400000077,37.862708500000053],[23.745666700000072,37.862739400000066],[23.745537400000046,37.862801700000034],[23.745432400000027,37.862890500000049],[23.745350300000041,37.863011800000038],[23.745306000000028,37.863102200000071],[23.745243400000049,37.863230000000044],[23.745078700000079,37.86357780000003],[23.744970800000033,37.863775000000032],[23.744874800000048,37.863893300000029],[23.744799100000023,37.863959500000078],[23.744673200000022,37.864038400000027],[23.744585500000028,37.864084400000024],[23.743620700000065,37.864495100000056],[23.743204400000025,37.864679700000067],[23.742942700000071,37.864798200000052],[23.742791000000068,37.864869300000066],[23.742463300000054,37.865027400000031],[23.741964800000062,37.865265300000033],[23.741918800000064,37.865284100000054],[23.741815000000031,37.86534080000007],[23.741548700000067,37.865517600000032],[23.741338600000063,37.865681000000052],[23.741012800000078,37.865943700000059],[23.740782400000057,37.866125200000056],[23.740571200000034,37.866294900000071],[23.740329400000064,37.866498400000069],[23.739902500000028,37.86688440000006],[23.739500900000053,37.867261600000063],[23.739370100000031,37.867378300000041],[23.73923590000004,37.867470800000035],[23.739093700000069,37.86754540000004],[23.738862900000072,37.867622400000073],[23.738800200000071,37.867643300000054],[23.738398400000051,37.867769900000042],[23.738155500000062,37.867846500000041],[23.737962300000049,37.86790760000008],[23.737782500000037,37.867965500000025],[23.737624200000027,37.868037600000036],[23.73753540000007,37.868091000000049],[23.737474500000076,37.868134600000076],[23.737333800000044,37.86824770000004],[23.737223500000027,37.868360800000062],[23.737127100000066,37.868513700000051],[23.737056600000074,37.868648400000041],[23.73693030000004,37.86896420000005],[23.736866900000052,37.869127000000049],[23.736685000000023,37.869544500000075],[23.736513400000035,37.869939200000033],[23.736493100000075,37.86998820000008],[23.736454300000048,37.870067900000038],[23.736369900000057,37.870233900000073],[23.736228400000073,37.870455800000059],[23.736010100000044,37.870734900000059],[23.73592270000006,37.870836000000054],[23.735789900000043,37.870967900000039],[23.735332700000072,37.871389500000078],[23.735224300000027,37.871487800000068],[23.735072200000047,37.871625700000038],[23.734947300000044,37.871744300000046],[23.734790200000077,37.87188180000004],[23.734536000000048,37.872113100000036],[23.734392600000035,37.872248100000036]]},"properties":{"OBJECTID":23,"length":1633.6184869858769}},{"type":"Feature","id":24,"geometry":{"type":"LineString","coordinates":[[23.745202200000051,37.863228700000036],[23.745267200000058,37.863091600000075],[23.745297900000025,37.863026900000079],[23.745341100000076,37.862941600000056],[23.745385300000066,37.86287770000007],[23.745511700000066,37.862770900000044],[23.745636800000057,37.862708200000043],[23.745731400000068,37.862682100000029],[23.745864700000027,37.86266420000004],[23.745973800000058,37.862662400000033],[23.74602230000005,37.862666100000069],[23.746082600000022,37.86267980000008],[23.746115100000054,37.862690100000066],[23.746154800000056,37.86270410000003],[23.746198700000036,37.862721000000079],[23.746268600000064,37.862755200000038],[23.746357100000068,37.862819200000047],[23.74666030000003,37.863097000000039],[23.74668790000004,37.863122200000078],[23.746796800000027,37.863229200000035],[23.746849600000075,37.863283400000057],[23.746925900000065,37.863340400000027],[23.747016600000052,37.863378600000033],[23.747093800000073,37.863401400000043],[23.747197000000028,37.86342060000004],[23.747300600000074,37.863438000000031],[23.747404600000038,37.863453500000048],[23.747509000000036,37.863467200000059],[23.747613800000067,37.863479000000041],[23.747718900000052,37.863489000000072],[23.747824200000025,37.863497100000075],[23.747948800000074,37.863505200000077],[23.748067800000058,37.863502500000038],[23.748170300000027,37.863497500000051],[23.748267000000055,37.863479600000062],[23.748520400000075,37.863451000000055],[23.748777800000028,37.863419600000043],[23.749139400000047,37.863379100000031],[23.749324100000024,37.863353400000051],[23.749599500000045,37.863301700000079],[23.749895700000025,37.863233000000037],[23.750552800000037,37.863042500000063],[23.750916500000073,37.86291760000006],[23.750959300000034,37.862902900000051],[23.751231800000028,37.862790500000074],[23.751404400000069,37.862714400000073],[23.751572400000043,37.862640400000032],[23.751776600000028,37.862543500000072],[23.751990100000057,37.862435800000071],[23.752085200000067,37.862388200000055],[23.752147300000047,37.862351300000057],[23.752276400000028,37.862264700000026],[23.752404500000068,37.862172400000077],[23.752517900000043,37.862080500000047],[23.752706800000055,37.86192090000003],[23.752939400000059,37.861722300000054],[23.753266500000052,37.861424500000055],[23.753512600000079,37.861204200000032],[23.753598900000043,37.861118800000042],[23.753629200000034,37.861088900000027],[23.753678700000023,37.861027600000057],[23.753743100000065,37.860931700000037],[23.754035200000033,37.860425900000052],[23.754197100000056,37.860154900000055],[23.754441100000065,37.859743900000069],[23.754498100000035,37.85965340000007],[23.754526100000078,37.859602900000027],[23.754705000000058,37.859152100000074],[23.754736100000059,37.859025200000076],[23.754772600000024,37.858861000000047],[23.754806500000029,37.858587300000067],[23.754813100000035,37.858390400000076],[23.754813500000068,37.858274400000028],[23.754798100000073,37.858105400000056],[23.754783000000032,37.858019400000046],[23.754755400000079,37.857872000000043],[23.754731500000048,37.857776900000033],[23.754633700000056,37.857254600000033],[23.754600700000026,37.857074400000045],[23.75455050000005,37.856885200000079],[23.754467900000066,37.856626800000072],[23.754424300000039,37.856529100000046],[23.754398800000047,37.856471200000044],[23.754238100000066,37.856090800000061],[23.754208000000062,37.856019600000025],[23.754073900000037,37.855755000000045],[23.753999100000044,37.85560410000005],[23.753907000000027,37.855444700000078],[23.753853500000048,37.855356900000061],[23.753770000000031,37.855261300000052],[23.753648200000043,37.855142700000044],[23.753578100000027,37.855075200000044],[23.753399500000057,37.854899500000045],[23.753297800000041,37.854812800000047],[23.753226400000074,37.854756400000042],[23.75294370000006,37.85455660000008],[23.752852700000062,37.854464800000073]]},"properties":{"OBJECTID":24,"length":1700.6505470653485}},{"type":"Feature","id":25,"geometry":{"type":"LineString","coordinates":[[23.753558800000064,37.854995100000053],[23.753648200000043,37.855142700000044]]},"properties":{"OBJECTID":25,"length":18.173936701045271}},{"type":"Feature","id":26,"geometry":{"type":"LineString","coordinates":[[23.752350200000024,37.850658100000032],[23.75233430000003,37.850821300000064]]},"properties":{"OBJECTID":26,"length":18.168135944949242}},{"type":"Feature","id":27,"geometry":{"type":"LineString","coordinates":[[23.75243480000006,37.850357900000063],[23.752449700000057,37.850317200000063],[23.752467100000047,37.850283300000058],[23.752505600000063,37.850213200000042],[23.752519600000028,37.850180900000055],[23.752534400000059,37.85014220000005]]},"properties":{"OBJECTID":27,"length":25.532295390376042}},{"type":"Feature","id":28,"geometry":{"type":"LineString","coordinates":[[23.752647700000068,37.849319700000081],[23.752551200000028,37.849659700000075],[23.752454900000032,37.84999520000008],[23.752402500000073,37.85016470000005],[23.75239270000003,37.850216300000056],[23.752388500000052,37.850271200000066]]},"properties":{"OBJECTID":28,"length":108.13947515166684}},{"type":"Feature","id":29,"geometry":{"type":"LineString","coordinates":[[23.752570400000025,37.84930600000007],[23.752473400000042,37.849645800000076],[23.752377600000045,37.849981500000069],[23.752369400000077,37.850027800000078],[23.752371500000038,37.85007150000007],[23.752388500000052,37.850271200000066],[23.75240180000003,37.850424800000042],[23.752401200000065,37.850462300000061],[23.752393700000027,37.850510000000043]]},"properties":{"OBJECTID":29,"length":135.7183790493286}},{"type":"Feature","id":30,"geometry":{"type":"LineString","coordinates":[[23.737364300000024,37.902819700000066],[23.737271100000044,37.902585100000067],[23.737093300000026,37.902157500000044],[23.737074500000062,37.902113800000052],[23.737063100000057,37.90208860000007],[23.737052800000072,37.902067400000078],[23.737041500000032,37.902047800000048],[23.737028700000053,37.902028600000051],[23.73701600000004,37.902012900000045],[23.737002000000075,37.901997200000039],[23.736987000000056,37.901981500000034],[23.736969100000067,37.901966500000071],[23.736912700000062,37.901924200000053]]},"properties":{"OBJECTID":30,"length":108.19978041819988}},{"type":"Feature","id":31,"geometry":{"type":"LineString","coordinates":[[23.738149800000031,37.902844000000073],[23.739017800000056,37.90260550000005]]},"properties":{"OBJECTID":31,"length":80.798808609405015}},{"type":"Feature","id":32,"geometry":{"type":"LineString","coordinates":[[23.737989300000038,37.902481400000056],[23.738859700000035,37.902245700000037]]},"properties":{"OBJECTID":32,"length":80.897578543472605}},{"type":"Feature","id":33,"geometry":{"type":"LineString","coordinates":[[23.739000600000054,37.902565200000026],[23.739098100000035,37.902538700000036],[23.739142000000072,37.902526100000046],[23.739185700000064,37.902511600000025],[23.739209000000074,37.90250270000007],[23.739237800000069,37.902491300000065],[23.739260600000023,37.902480500000024],[23.739288500000043,37.902465600000028],[23.739313000000038,37.902451300000052],[23.739323400000046,37.902443500000061],[23.739338800000041,37.902432000000033],[23.739382300000045,37.902399800000069],[23.739439600000026,37.902353500000061],[23.73947140000007,37.902329500000064],[23.739509400000031,37.902297400000066],[23.739560200000028,37.902265400000033],[23.739603400000078,37.902247900000077],[23.739645000000053,37.902238200000056],[23.739685500000064,37.902231800000038],[23.739734600000077,37.902229800000043],[23.739774800000077,37.902235800000028],[23.739863800000023,37.902260100000035]]},"properties":{"OBJECTID":33,"length":88.338914828657025}},{"type":"Feature","id":34,"geometry":{"type":"LineString","coordinates":[[23.737999400000035,37.902405800000054],[23.738828300000023,37.90217460000008]]},"properties":{"OBJECTID":34,"length":77.28560977724679}},{"type":"Feature","id":35,"geometry":{"type":"LineString","coordinates":[[23.737979200000041,37.902353300000073],[23.738803300000029,37.902118100000052]]},"properties":{"OBJECTID":35,"length":77.036903058160263}},{"type":"Feature","id":36,"geometry":{"type":"LineString","coordinates":[[23.738171900000054,37.902899900000079],[23.739043300000048,37.902663500000074]]},"properties":{"OBJECTID":36,"length":81.005530526154246}},{"type":"Feature","id":37,"geometry":{"type":"LineString","coordinates":[[23.737355100000059,37.902941800000065],[23.737357000000031,37.902921500000048],[23.737358800000038,37.902904600000056],[23.737361600000042,37.902879200000029],[23.737362800000028,37.902852600000074],[23.737364300000024,37.902819700000066],[23.737367600000027,37.902758400000039],[23.737367000000063,37.902728400000058],[23.737365800000077,37.902710200000058],[23.737363000000073,37.902697800000055],[23.737358700000073,37.902684300000033],[23.737344000000064,37.902650700000038],[23.737287900000069,37.902520000000038],[23.737259800000061,37.90244940000008],[23.737252500000068,37.902429100000063],[23.737247700000069,37.902414800000031],[23.737242900000069,37.90239820000005],[23.737239600000066,37.90238480000005],[23.737236300000063,37.902368600000045],[23.73723380000007,37.902349300000026],[23.73723270000005,37.902331700000047],[23.737234400000034,37.90231220000004],[23.737239700000032,37.902290400000027],[23.737246700000071,37.902269200000035],[23.737254300000075,37.902253700000074],[23.737262400000077,37.902241100000026],[23.737273400000049,37.902227400000072],[23.737283500000046,37.902214900000047],[23.73730530000006,37.902192200000059],[23.737323900000035,37.902176700000041],[23.737342200000057,37.902163400000063],[23.73735460000006,37.902156600000069],[23.73737200000005,37.90214700000007],[23.737398100000064,37.902135600000065],[23.737426800000037,37.902126000000067],[23.737463300000059,37.902116300000046],[23.737509900000077,37.902106200000048],[23.73765190000006,37.902069600000061]]},"properties":{"OBJECTID":37,"length":120.47045008206457}},{"type":"Feature","id":38,"geometry":{"type":"LineString","coordinates":[[23.738197300000024,37.90295830000008],[23.739068900000063,37.902721600000064]]},"properties":{"OBJECTID":38,"length":81.032904822564134}},{"type":"Feature","id":39,"geometry":{"type":"LineString","coordinates":[[23.738013900000055,37.902537900000027],[23.738885000000039,37.902303000000074]]},"properties":{"OBJECTID":39,"length":80.927129969101827}},{"type":"Feature","id":40,"geometry":{"type":"LineString","coordinates":[[23.719567900000072,37.901839800000062],[23.719568400000071,37.901864400000079],[23.71957290000006,37.902075300000035],[23.719575100000043,37.90222760000006],[23.719574600000044,37.90237170000006],[23.719567600000062,37.902578100000028],[23.719553100000041,37.90277830000008],[23.719541200000037,37.902863000000025],[23.719520000000045,37.902971200000025],[23.719457400000067,37.903211800000065],[23.719407700000033,37.903380500000026],[23.719385900000077,37.903439100000071],[23.719342500000039,37.903550500000051],[23.719224600000075,37.903780100000063],[23.719137100000069,37.903919700000074],[23.719015300000024,37.904074300000048]]},"properties":{"OBJECTID":40,"length":257.08998124767203}},{"type":"Feature","id":41,"geometry":{"type":"LineString","coordinates":[[23.719522700000027,37.901643900000067],[23.719515700000045,37.901333700000066],[23.719512900000041,37.901209600000072],[23.719505500000025,37.90072020000008],[23.719501900000068,37.900326000000064],[23.719517100000076,37.900085600000068],[23.719541700000036,37.899849400000051],[23.719578700000056,37.899642800000038],[23.719669000000067,37.899301300000047],[23.719783800000073,37.898917700000027],[23.719910000000027,37.89848470000004],[23.72000440000005,37.898141100000032],[23.720174600000064,37.897587300000055],[23.720392300000071,37.896880000000067],[23.720422400000075,37.896796400000028],[23.720434200000057,37.896750000000054],[23.72056850000007,37.896305600000062],[23.720719400000064,37.895803200000046],[23.720836000000077,37.895406000000037],[23.720973400000048,37.894954300000052],[23.721070600000076,37.894613900000024],[23.721166100000062,37.894295600000078],[23.721291400000041,37.893866400000036],[23.721389200000033,37.893565000000081],[23.721464100000048,37.893393400000036],[23.721565100000078,37.893214300000068],[23.721750300000053,37.892935100000045],[23.722059800000068,37.892458500000032],[23.722799700000053,37.891384200000061],[23.722868400000038,37.891288400000064],[23.722915100000023,37.891222700000071],[23.722961200000043,37.891148700000031],[23.723141800000064,37.890867400000047],[23.723196800000039,37.890782100000024],[23.723446800000033,37.890359700000033],[23.723728300000062,37.889893200000074],[23.723911800000053,37.889610100000027],[23.723947600000031,37.889557900000057],[23.724152000000061,37.889239500000031],[23.724186200000076,37.889187000000049],[23.724230400000067,37.889118100000076],[23.724413700000071,37.888868200000047],[23.72460540000003,37.888595400000042],[23.724685800000032,37.888479500000074],[23.725005900000042,37.888006800000028],[23.725260100000071,37.887585800000068],[23.725405900000055,37.887349900000061],[23.725588800000025,37.887053800000047],[23.72597120000006,37.886525400000039],[23.726180800000066,37.886202900000058],[23.726495200000045,37.885719000000051],[23.726759000000072,37.885315800000058],[23.726929100000063,37.885049000000038],[23.727235800000074,37.884574200000031],[23.727456700000062,37.884239600000058],[23.727713000000051,37.88385100000005],[23.727767500000027,37.883767700000078],[23.728021700000056,37.88337910000007],[23.728291600000034,37.882960000000026],[23.728548300000057,37.882569500000045],[23.728795900000023,37.882189400000073],[23.729233800000031,37.881502200000057],[23.729253200000073,37.881473000000028],[23.729272900000069,37.881443300000058],[23.729462900000044,37.881158800000037],[23.72959000000003,37.880968600000074],[23.72967680000005,37.880831800000067],[23.729903400000069,37.880475900000079],[23.729917100000023,37.88045100000005],[23.730006200000048,37.880288900000039],[23.73016350000006,37.879925900000046],[23.730437700000039,37.879222900000059],[23.730561600000044,37.878879500000039],[23.730669700000078,37.878590900000063],[23.730813200000057,37.878200400000026],[23.731022400000029,37.877636000000052],[23.731222500000058,37.877097000000049],[23.731300900000065,37.87688600000007],[23.731440400000054,37.876586300000042],[23.731578800000023,37.876334600000064],[23.73181210000007,37.87595390000007],[23.731857200000036,37.875881600000071],[23.731993000000045,37.875663800000041],[23.732087100000058,37.875520900000026],[23.732124700000043,37.875427100000024],[23.732144700000049,37.875339500000052],[23.732113900000058,37.875166700000079],[23.732104500000048,37.875088000000062],[23.732091500000024,37.875028200000031],[23.732067000000029,37.874872400000072],[23.732066600000053,37.874776800000063],[23.732102400000031,37.874684800000068],[23.732156800000041,37.874604300000044],[23.732249400000057,37.87451550000003],[23.732428500000026,37.87435540000007],[23.732466600000066,37.874320400000045],[23.732852800000046,37.873981100000037],[23.733087100000034,37.873781700000052],[23.733136700000045,37.873731600000042],[23.733319300000062,37.873531100000037],[23.733513300000027,37.87330170000007],[23.733674600000029,37.873096600000054],[23.733905800000059,37.872772900000029],[23.734127300000068,37.872466900000063],[23.73422910000005,37.872345600000074],[23.73430170000006,37.872273200000052],[23.734355300000061,37.872224100000039]]},"properties":{"OBJECTID":41,"length":3567.9019501831235}},{"type":"Feature","id":42,"geometry":{"type":"LineString","coordinates":[[23.719564000000048,37.901653700000054],[23.719567900000072,37.901839800000062]]},"properties":{"OBJECTID":42,"length":20.658946104644059}},{"type":"Feature","id":43,"geometry":{"type":"LineString","coordinates":[[23.719527800000037,37.901828700000067],[23.719522700000027,37.901643900000067]]},"properties":{"OBJECTID":43,"length":20.516709079324823}},{"type":"Feature","id":44,"geometry":{"type":"LineString","coordinates":[[23.718967600000042,37.904055100000051],[23.719082800000024,37.903912300000059],[23.719179300000064,37.903765500000077],[23.719227400000022,37.903669600000057],[23.719275500000037,37.903582800000038],[23.719365400000072,37.903369600000076],[23.71941140000007,37.903222300000039],[23.719475700000032,37.902971000000036],[23.719496000000049,37.902860900000064],[23.719511100000034,37.902774800000032],[23.719528400000058,37.902577200000053],[23.719528700000069,37.902527400000054],[23.719529900000055,37.90237250000007],[23.719531600000039,37.90222840000007],[23.719532500000071,37.90207300000003],[23.719528500000024,37.901864100000068],[23.719527800000037,37.901828700000067]]},"properties":{"OBJECTID":44,"length":256.48039165918857}},{"type":"Feature","id":45,"geometry":{"type":"LineString","coordinates":[[23.734355300000061,37.872224100000039],[23.734464900000035,37.872123900000076],[23.734750000000076,37.871869300000071],[23.734911300000078,37.871719900000073],[23.735049100000026,37.871594200000061],[23.735189400000024,37.871467200000041],[23.735369800000058,37.871301800000026],[23.735662500000046,37.871032500000069],[23.73588710000007,37.870818100000065],[23.736093900000071,37.870567900000026],[23.736229300000048,37.870373900000061],[23.736318600000061,37.870224800000074],[23.736414700000068,37.870056600000055],[23.73646830000007,37.869930900000043],[23.736573700000065,37.869680200000062],[23.736685100000045,37.869415100000026],[23.736855600000069,37.868992300000059],[23.736872100000028,37.868950600000062],[23.736999200000071,37.868647400000043],[23.737070000000074,37.868492400000036],[23.737155700000073,37.868360400000029],[23.737275000000068,37.868227900000079],[23.737442900000076,37.868096600000058],[23.737507200000039,37.868054800000039],[23.73756480000003,37.868015400000047],[23.737737500000037,37.867933700000037],[23.737943900000062,37.86786740000008],[23.738380300000074,37.867734200000029],[23.738476200000036,37.867705000000058],[23.738841800000046,37.867585100000042],[23.738891800000033,37.867564000000073],[23.739091900000062,37.867491100000052],[23.739228400000059,37.867407100000037],[23.739375600000074,37.867292400000053],[23.739674800000046,37.867007700000045],[23.740115200000048,37.866595800000027],[23.740526700000032,37.866256700000065],[23.740735700000073,37.866090100000065],[23.741113600000062,37.86579340000003],[23.741343100000051,37.865607300000079],[23.741753800000026,37.865321000000051],[23.741889900000047,37.865251400000034],[23.741970200000026,37.865211700000032],[23.742117000000064,37.86513750000006],[23.742485000000045,37.864974000000075],[23.742653400000052,37.864897300000052],[23.742769500000065,37.864840300000026],[23.743185600000061,37.864655300000038],[23.743601000000069,37.864463800000067],[23.744566500000076,37.86405220000006],[23.744607900000062,37.864027500000077],[23.744688300000064,37.863983300000029],[23.744841700000052,37.863866200000075],[23.744933900000035,37.863756800000033],[23.745011300000044,37.863624400000049],[23.745038800000032,37.863567500000045],[23.745202200000051,37.863228700000036]]},"properties":{"OBJECTID":45,"length":1432.8714030941837}},{"type":"Feature","id":46,"geometry":{"type":"LineString","coordinates":[[23.734392600000035,37.872248100000036],[23.734339500000033,37.872299200000043],[23.734307100000024,37.872329000000036],[23.73419240000004,37.872456400000033],[23.734081400000036,37.872600300000045],[23.733921200000054,37.872834300000079],[23.733743600000025,37.873088800000062],[23.733514000000071,37.873382700000036],[23.733353300000033,37.873567300000047],[23.733171700000071,37.873761500000057],[23.733122300000048,37.873803300000077],[23.732460500000059,37.874377700000025],[23.732320900000047,37.87450350000006],[23.732197100000064,37.87462400000004],[23.732149600000071,37.874693300000047],[23.732118600000035,37.874777800000061],[23.732109800000046,37.874862900000039],[23.732120500000065,37.874947900000052],[23.732145200000048,37.875102900000059],[23.73216270000006,37.875191800000039],[23.732183400000054,37.87534450000004],[23.732174200000031,37.875438100000054],[23.732125100000076,37.875544000000048],[23.732063900000071,37.875640100000055],[23.731901500000049,37.875895600000035],[23.731830400000035,37.876007400000049],[23.731634000000042,37.876335600000061],[23.731455400000073,37.876646600000072],[23.731292100000076,37.87702070000006],[23.731260200000065,37.877104400000064],[23.731049400000074,37.877657200000044],[23.730845300000055,37.878211400000055],[23.730697500000076,37.878612500000031],[23.730539000000078,37.879061200000081],[23.730194200000028,37.879929400000037],[23.730044400000054,37.880294100000071],[23.729909000000077,37.880528600000048],[23.729701600000055,37.88084230000004],[23.729604800000061,37.880983900000047],[23.729483900000048,37.881168200000047],[23.729294300000049,37.881447000000037],[23.729253300000039,37.881509900000026],[23.728838200000041,37.882193800000039],[23.728578500000026,37.882594700000027],[23.72827650000005,37.883056600000032],[23.728055600000062,37.88339030000003],[23.727870100000075,37.883672500000046],[23.727774900000043,37.883817800000031],[23.727670200000034,37.883984100000077],[23.727266000000043,37.884601400000065],[23.726968800000066,37.885059900000044],[23.726794100000063,37.88532930000008],[23.726692800000023,37.885485500000073],[23.726237900000058,37.886189400000035],[23.725605200000075,37.887067900000034],[23.725420500000041,37.887365600000066],[23.725391400000035,37.887412600000062],[23.724936100000036,37.888186500000074],[23.724654300000054,37.888616400000046],[23.724340400000074,37.889029700000037],[23.724263400000041,37.889146900000071],[23.724187000000029,37.889262900000062],[23.724165000000028,37.889292300000079],[23.724134700000036,37.889339000000064],[23.724006200000076,37.889534800000035],[23.723895800000037,37.889703000000054],[23.723869800000045,37.889742400000046],[23.723843800000054,37.889781700000071],[23.723504200000036,37.890354700000046],[23.723237100000063,37.890795400000059],[23.723005400000034,37.891150700000026],[23.722946900000068,37.891237600000068],[23.722898300000054,37.891314100000045],[23.722818700000062,37.891422700000078],[23.722550200000057,37.891814600000032],[23.722098800000026,37.892468200000053],[23.721863900000073,37.892832500000054],[23.721780100000046,37.892963400000042],[23.721610300000066,37.893226200000072],[23.721512800000028,37.89340240000007],[23.721437000000037,37.893580600000064],[23.721328600000049,37.893900200000076],[23.721208600000068,37.894300100000066],[23.721112400000038,37.894620400000065],[23.720853500000032,37.895483100000035],[23.720761000000039,37.89581510000005],[23.720520400000055,37.896616300000062],[23.720484100000078,37.896735800000044],[23.720459900000037,37.896810000000073],[23.720430000000079,37.896914400000071],[23.720218500000044,37.897593000000029],[23.719959300000028,37.898491000000035],[23.719831700000043,37.898933100000079],[23.719719800000064,37.899317100000076],[23.719633100000067,37.899646400000051],[23.719587100000069,37.899853800000074],[23.719564700000035,37.900088700000026],[23.719546700000024,37.900332100000071],[23.719544100000064,37.900734100000079],[23.719555100000036,37.901229600000079],[23.719556900000043,37.901317500000062],[23.719564000000048,37.901653700000054]]},"properties":{"OBJECTID":46,"length":3566.0256961108621}},{"type":"Feature","id":47,"geometry":{"type":"LineString","coordinates":[[23.682327500000042,37.94325020000008],[23.681573700000058,37.943457700000067],[23.67920300000003,37.944110300000034],[23.679024300000037,37.944164400000034],[23.678927700000031,37.944190200000037],[23.678841900000066,37.944206700000052],[23.678700200000037,37.944230700000048],[23.678564900000026,37.94424900000007],[23.678409100000067,37.944264100000055],[23.67818740000007,37.944280900000024],[23.677967200000069,37.94429480000008],[23.677471700000069,37.944319600000028],[23.677127600000063,37.944351400000073],[23.675702100000024,37.94444290000007],[23.673898200000053,37.944544700000051],[23.673220900000047,37.944581700000072],[23.67305390000007,37.944587500000068],[23.672924500000079,37.94458990000004],[23.672749300000078,37.944593000000054],[23.672637700000053,37.944595000000049],[23.672553500000049,37.94459530000006],[23.672307400000022,37.944595800000059],[23.67186090000007,37.944591100000025],[23.671791000000042,37.944591900000034],[23.67172910000005,37.944592700000044],[23.67166160000005,37.944594800000061],[23.670990800000027,37.944616300000064],[23.670789800000023,37.944619000000046],[23.670636700000045,37.944621300000051],[23.670510500000034,37.944621500000039],[23.669368300000031,37.944617300000061],[23.669238900000039,37.944617000000051],[23.669143000000076,37.944616900000028],[23.669097400000055,37.944616800000063],[23.669067400000074,37.944616800000063],[23.669044400000075,37.94461670000004],[23.668943800000022,37.944616600000074],[23.668777800000043,37.944614500000057],[23.668628900000044,37.944611000000066],[23.668550900000071,37.94460840000005],[23.66812740000006,37.944594500000051],[23.668054500000039,37.944592100000079],[23.667967700000077,37.944589300000075],[23.667922200000078,37.944587800000079],[23.667744000000027,37.94458190000006]]},"properties":{"OBJECTID":47,"length":1301.9050827188764}},{"type":"Feature","id":48,"geometry":{"type":"LineString","coordinates":[[23.650093200000072,37.94121320000005],[23.649978300000043,37.941276300000027],[23.649735600000042,37.941409500000077],[23.649348800000041,37.941608200000076],[23.648958100000073,37.941821000000061],[23.648585300000036,37.942033600000059],[23.648260100000073,37.942213800000047],[23.648196900000073,37.942249300000071],[23.647716400000036,37.942518600000028],[23.647501500000033,37.942636700000037],[23.647073800000044,37.942869100000053],[23.647028300000045,37.942895100000044],[23.646982900000069,37.942922200000055],[23.646873800000037,37.94297970000008],[23.646137900000042,37.943368000000078],[23.645757900000035,37.943558900000028],[23.645557500000052,37.943660100000045]]},"properties":{"OBJECTID":48,"length":482.49233305215773}},{"type":"Feature","id":49,"geometry":{"type":"LineString","coordinates":[[23.644778900000063,37.944088600000043],[23.644706300000053,37.944144300000062],[23.644672700000058,37.944179400000053],[23.644651300000078,37.944219800000042],[23.644647300000031,37.94425190000004],[23.644663700000024,37.944299800000067],[23.644687300000044,37.94434590000003]]},"properties":{"OBJECTID":49,"length":33.247061803223119}},{"type":"Feature","id":50,"geometry":{"type":"LineString","coordinates":[[23.655209100000036,37.94694220000008],[23.65516690000004,37.946893300000056],[23.654589300000055,37.946223900000064],[23.654584700000044,37.946218700000031],[23.654579800000079,37.94621310000008],[23.653996200000051,37.945518900000025],[23.653823700000032,37.945311900000036]]},"properties":{"OBJECTID":50,"length":218.11831642465586}},{"type":"Feature","id":51,"geometry":{"type":"LineString","coordinates":[[23.656642000000033,37.948583300000053],[23.656603400000051,37.948520300000041],[23.656559500000071,37.94846780000006],[23.656494100000032,37.948403000000042],[23.656379400000048,37.948290300000053],[23.656269500000064,37.948176100000069],[23.656164200000035,37.948060300000066],[23.656059900000059,37.947942300000079],[23.655990000000031,37.947869300000036],[23.655209100000036,37.94694220000008]]},"properties":{"OBJECTID":51,"length":221.66002034867461}},{"type":"Feature","id":52,"geometry":{"type":"LineString","coordinates":[[23.653823700000032,37.945311900000036],[23.653721500000074,37.945182400000078],[23.653245600000048,37.944618700000035],[23.65320980000007,37.944578900000067],[23.652476700000022,37.943772600000045],[23.652463700000055,37.943757600000026],[23.652036000000066,37.943268000000046],[23.652006700000072,37.943236700000057],[23.651722100000029,37.942908800000055],[23.651720600000033,37.94290710000007],[23.651718100000039,37.942904100000078],[23.65119930000003,37.94230170000003],[23.651001500000064,37.94207010000008],[23.650962200000038,37.942024700000047],[23.650903300000039,37.941956600000026],[23.650818100000038,37.941854100000057],[23.650394400000039,37.941344500000071],[23.650313100000062,37.941246000000035],[23.650288000000046,37.94121830000006],[23.650271400000065,37.941207900000052],[23.650245600000062,37.941191900000035],[23.650204100000053,37.94117650000004],[23.650176000000044,37.94118050000003],[23.650141500000075,37.941191400000037],[23.650093200000072,37.94121320000005]]},"properties":{"OBJECTID":52,"length":569.99681069736744}},{"type":"Feature","id":53,"geometry":{"type":"LineString","coordinates":[[23.662993100000051,37.944323300000065],[23.662895700000036,37.944332900000063],[23.662786900000071,37.94434890000008],[23.662699400000065,37.944365900000037],[23.662601400000028,37.944387200000051],[23.66247050000004,37.944425100000046],[23.662391000000071,37.944455100000027],[23.662257800000077,37.944518000000073],[23.662149300000067,37.944574300000056],[23.661956200000077,37.944694600000048],[23.661296400000026,37.945133700000042],[23.661048600000072,37.945288700000049]]},"properties":{"OBJECTID":53,"length":205.33861441644569}},{"type":"Feature","id":54,"geometry":{"type":"LineString","coordinates":[[23.661048600000072,37.945288700000049],[23.660623000000044,37.94554370000003],[23.660042600000054,37.945916700000055],[23.659875500000055,37.946031100000027],[23.659863800000039,37.946039400000075],[23.659520100000066,37.946284100000071],[23.659095100000059,37.946558200000027],[23.658980500000041,37.946634800000027],[23.658893400000068,37.94669220000003],[23.658697200000063,37.946826100000067],[23.658004300000073,37.947283600000048],[23.657903400000066,37.947357200000056],[23.657742000000042,37.947458500000039],[23.657679800000039,37.947497500000054],[23.657450500000039,37.947626400000047],[23.657123200000058,37.947780800000032],[23.656984400000056,37.947843700000078],[23.656837100000075,37.947904100000073],[23.656730800000048,37.947942300000079],[23.656587800000068,37.947987100000034]]},"properties":{"OBJECTID":54,"length":495.16045836478315}},{"type":"Feature","id":55,"geometry":{"type":"LineString","coordinates":[[23.663398400000062,37.943766800000049],[23.663794600000074,37.943748800000037],[23.664244200000041,37.943728400000055],[23.664305100000036,37.943727000000024],[23.664369200000067,37.943726300000037],[23.664419300000077,37.943727800000033],[23.664462700000058,37.943732300000079],[23.664710700000057,37.943776700000058],[23.664762300000064,37.943781000000058],[23.664833800000054,37.943792600000052],[23.664902200000029,37.943800700000054],[23.664948000000038,37.94380330000007]]},"properties":{"OBJECTID":55,"length":137.15252631001906}},{"type":"Feature","id":56,"geometry":{"type":"LineString","coordinates":[[23.664470000000051,37.943867900000043],[23.66478120000005,37.943814200000077],[23.664842500000077,37.943808000000047]]},"properties":{"OBJECTID":56,"length":33.428152247209781}},{"type":"Feature","id":57,"geometry":{"type":"LineString","coordinates":[[23.663400100000047,37.943898300000058],[23.663807000000077,37.943863400000055],[23.664477600000055,37.943821000000071],[23.664505600000041,37.943821700000058],[23.664537000000053,37.943821600000035],[23.664842500000077,37.943808000000047],[23.664948000000038,37.94380330000007],[23.665019900000061,37.943800000000067],[23.665481500000055,37.943779400000039],[23.665544300000079,37.94377680000008],[23.665605200000073,37.943781600000079],[23.665669900000069,37.943791400000066],[23.665729600000077,37.943811100000062],[23.665785600000049,37.943836700000077],[23.665836900000045,37.943867900000043],[23.665882400000044,37.943904100000054],[23.665921600000047,37.943944800000054],[23.665955300000064,37.943992300000048],[23.666094900000076,37.944300000000055],[23.666107200000056,37.944334600000047],[23.666121700000076,37.944366200000047],[23.666151700000057,37.944406700000059],[23.666187600000058,37.944444900000065],[23.666229000000044,37.944471600000043],[23.666272800000058,37.944490100000053],[23.666321900000071,37.944506100000069],[23.666374400000052,37.944517100000041],[23.666422800000078,37.944520800000078],[23.666468300000076,37.944523300000071],[23.666516700000045,37.944523900000036],[23.667107600000065,37.94453210000006],[23.667198400000075,37.944534300000043],[23.66792410000005,37.944551900000079],[23.668129300000032,37.94455860000005],[23.668151900000055,37.94455940000006],[23.668552800000043,37.944572600000072],[23.668630500000063,37.944575100000066],[23.668778800000041,37.944578600000057],[23.668944200000055,37.944580600000052],[23.66906750000004,37.94458080000004],[23.669097500000078,37.944580900000062],[23.669176900000025,37.944581000000028],[23.669237500000065,37.94458110000005],[23.669368400000053,37.944581300000038],[23.670510600000057,37.944585600000039],[23.670636200000047,37.944585300000028],[23.67078900000007,37.944583100000045],[23.670989500000076,37.944580400000063],[23.671659800000043,37.944558900000061],[23.671727800000042,37.944556800000043],[23.671790200000032,37.944556000000034],[23.671860800000047,37.944555100000059],[23.672307700000033,37.944559900000058],[23.672553300000061,37.94455940000006],[23.672637100000031,37.944559100000049],[23.672748300000023,37.944557100000054],[23.672923500000024,37.944554000000039],[23.673052400000074,37.944551600000068],[23.67321830000003,37.944545900000037],[23.673895000000073,37.944508900000073],[23.675699400000042,37.944408000000067],[23.67712240000003,37.944315600000039],[23.677468500000032,37.944289400000059],[23.677963400000067,37.944259100000068],[23.678183000000047,37.944244300000037],[23.678405500000054,37.94422910000003],[23.678559000000064,37.944215000000042],[23.678691000000072,37.944196700000077],[23.678831700000046,37.944173100000057],[23.679007700000057,37.944133100000045],[23.679190400000039,37.94408500000003],[23.681558500000051,37.943425800000057],[23.682311600000048,37.943216200000052]]},"properties":{"OBJECTID":57,"length":1728.572457482657}},{"type":"Feature","id":58,"geometry":{"type":"LineString","coordinates":[[23.665390000000059,37.943819500000075],[23.665327600000069,37.943819000000076],[23.665082600000062,37.943800600000031],[23.665019900000061,37.943800000000067]]},"properties":{"OBJECTID":58,"length":32.62888967896297}},{"type":"Feature","id":59,"geometry":{"type":"LineString","coordinates":[[23.664710700000057,37.943776700000058],[23.664432700000077,37.943788200000029],[23.664211400000056,37.943797400000051],[23.664081900000042,37.943805300000065],[23.663802500000031,37.94382070000006],[23.663419400000066,37.943841700000064]]},"properties":{"OBJECTID":59,"length":113.73835886186873}},{"type":"Feature","id":60,"geometry":{"type":"LineString","coordinates":[[23.691432900000052,37.937648000000024],[23.691491000000042,37.937628000000075],[23.691605400000071,37.937590800000066],[23.691675600000053,37.937572100000068],[23.691802200000041,37.937538200000063],[23.692289500000072,37.937409500000058],[23.692753400000072,37.937286900000061],[23.693093600000054,37.937207200000046],[23.693237700000054,37.937162700000044],[23.69336990000005,37.937114200000053],[23.693497500000035,37.937063500000079],[23.693623500000058,37.936999600000036],[23.693732700000055,37.936935400000038],[23.693857800000046,37.936857700000076],[23.69395860000003,37.936779700000045],[23.694069700000057,37.936676200000079],[23.694157000000075,37.936591700000065],[23.694236600000067,37.936498000000029],[23.694309700000076,37.936401600000067],[23.69437460000006,37.936300900000049],[23.694430800000077,37.936195700000042],[23.694479500000057,37.936081300000069],[23.69451330000004,37.935968200000048],[23.694538500000078,37.935858400000029],[23.694557800000041,37.935737500000073],[23.694598000000042,37.935450200000048],[23.694606300000032,37.93536940000007],[23.694610300000022,37.935330500000077],[23.694615900000031,37.935262300000034],[23.694618400000024,37.935214600000052],[23.694622200000026,37.935143900000071],[23.694620900000075,37.935068400000034],[23.694612900000038,37.934985200000028],[23.694601400000067,37.934912200000042],[23.694583400000056,37.934838300000024],[23.694557300000042,37.93476540000006],[23.69452270000005,37.934691300000054],[23.694482600000072,37.934622000000047],[23.694433600000025,37.934551700000043],[23.694381500000077,37.934484700000041],[23.694326800000056,37.934419800000057],[23.694264800000042,37.934353300000055],[23.694218400000068,37.934303500000055],[23.693930500000079,37.934016600000064],[23.693647400000032,37.933734500000071],[23.693632100000059,37.933719300000064],[23.693551200000059,37.933638700000074],[23.693516600000066,37.933604000000059],[23.693478900000059,37.933571200000074],[23.69343850000007,37.933540600000072],[23.693395500000065,37.933512200000052],[23.693350200000054,37.933486200000061],[23.693302700000061,37.933462800000029],[23.693253200000072,37.933441900000048],[23.693206700000076,37.933417700000064],[23.693154100000072,37.93340070000005],[23.693100300000026,37.933385300000054],[23.693042400000024,37.933375200000057],[23.69298630000003,37.933365700000024],[23.69292960000007,37.933361600000069],[23.692874400000051,37.933358800000065],[23.692804200000069,37.933358000000055],[23.692650400000048,37.933363800000052],[23.692546400000026,37.933367600000054],[23.692474900000036,37.933370700000069],[23.692405800000074,37.933374600000036],[23.69234780000005,37.933374300000025],[23.692310200000065,37.933372400000053],[23.692253000000051,37.933370600000046],[23.692201300000079,37.933367200000077],[23.692144900000073,37.933362000000045],[23.692129100000045,37.933361000000048],[23.692085700000064,37.933358100000078],[23.692024500000059,37.933354100000031],[23.691606500000034,37.933299300000044],[23.691480600000034,37.933278600000051],[23.691362200000071,37.933261900000048],[23.691252700000064,37.933243700000048],[23.691146600000025,37.933215400000051],[23.691039500000045,37.933186800000044],[23.690936600000043,37.933150300000079],[23.690871600000037,37.933121000000028],[23.690839600000061,37.933105800000078],[23.690799900000059,37.933086900000035],[23.690311700000052,37.932814600000029],[23.690208000000041,37.932752100000073],[23.690109300000074,37.932703400000037],[23.690014200000064,37.932664700000032],[23.689918800000044,37.93263520000005],[23.689817800000071,37.93260870000006],[23.689715300000046,37.932586300000025],[23.688673100000074,37.932390700000042],[23.688587000000041,37.932367900000031],[23.688554200000056,37.932355400000063],[23.688420700000052,37.932304900000076],[23.687915100000055,37.932092200000056],[23.687849700000072,37.932061800000042],[23.687724600000024,37.932000500000072],[23.687659500000052,37.931960600000025],[23.687606000000073,37.93192700000003],[23.687581200000068,37.931907500000079],[23.687537400000053,37.93187290000003],[23.687478600000077,37.931818600000042],[23.687459800000056,37.931801200000052],[23.687416300000052,37.931736800000067],[23.687384300000076,37.93168200000008],[23.687226400000043,37.931394100000034],[23.687036300000045,37.931047700000079],[23.687009200000034,37.930998900000077],[23.686973200000068,37.930933800000048],[23.686923600000057,37.930854800000077],[23.686817200000064,37.930648000000076],[23.686755900000037,37.930508800000041],[23.686705800000027,37.930371100000059],[23.686664900000039,37.93022330000008],[23.686647200000039,37.930080800000042],[23.686640300000079,37.929985200000033],[23.686644700000045,37.929833200000076],[23.68665580000004,37.929671000000042],[23.686678800000038,37.929528300000072],[23.686720700000023,37.929380500000036],[23.686748200000068,37.929293100000052],[23.686773600000038,37.929234000000065],[23.686804100000074,37.929163000000074],[23.686883300000034,37.929015100000072],[23.686933000000067,37.928935600000045],[23.686968000000036,37.928879600000073],[23.68706480000003,37.928749900000071],[23.687114700000052,37.928693200000055],[23.687125500000036,37.928680900000074],[23.687177700000063,37.928621600000042],[23.687296600000025,37.928495000000055],[23.687433400000032,37.928376300000025],[23.687494000000072,37.928320700000029],[23.687639900000079,37.92822330000007],[23.687789300000077,37.928137000000049],[23.687835200000052,37.928114500000049],[23.68788870000003,37.928088200000047],[23.688133400000027,37.927977000000055],[23.688249100000064,37.927927900000043],[23.688404300000059,37.927861200000052],[23.68843540000006,37.927847200000031],[23.68859150000003,37.927776700000038],[23.688765400000023,37.927693400000067],[23.688945000000047,37.927602800000045],[23.689016300000048,37.927563000000077],[23.689115100000038,37.92750790000008],[23.689278800000068,37.927408600000035],[23.689441900000077,37.927305200000035],[23.689595100000076,37.927196300000048],[23.689721300000031,37.927096500000061],[23.689850800000045,37.926993300000049],[23.689974500000062,37.926880900000072],[23.690146200000072,37.92671990000008],[23.690247700000043,37.926610000000039],[23.690353300000027,37.926489200000049],[23.690498800000057,37.926307800000075],[23.690590900000075,37.926189600000043],[23.690618100000052,37.926154700000041],[23.690686600000049,37.926057600000036],[23.690938600000038,37.925700500000062],[23.691025500000023,37.925577400000066],[23.691116100000045,37.925451400000043],[23.691409700000065,37.925063300000033],[23.692097100000069,37.924154700000031],[23.692131800000027,37.924116000000026],[23.692438400000071,37.923811300000068],[23.692709100000059,37.923563300000069],[23.693041100000073,37.923266400000045],[23.693081600000028,37.923232200000029],[23.693356000000051,37.923000200000047],[23.693460500000072,37.922916600000065],[23.693493600000068,37.922893400000078],[23.693569900000057,37.922838800000079],[23.693720300000052,37.922748200000058],[23.693803700000046,37.92270080000003],[23.693962900000031,37.922622800000056],[23.694071700000052,37.922573600000078],[23.694129500000031,37.922547400000042],[23.695118000000036,37.922108000000037],[23.695696000000055,37.921849500000064],[23.69607110000004,37.921680700000024],[23.696176500000036,37.921634100000063],[23.696420100000068,37.92152660000005],[23.696976500000062,37.921280900000056],[23.69813860000005,37.920769700000051],[23.69845040000007,37.920632600000033]]},"properties":{"OBJECTID":60,"length":2963.6829787724882}},{"type":"Feature","id":61,"geometry":{"type":"LineString","coordinates":[[23.682311600000048,37.943216200000052],[23.682839500000057,37.943066600000066]]},"properties":{"OBJECTID":61,"length":49.284055681876666}},{"type":"Feature","id":62,"geometry":{"type":"LineString","coordinates":[[23.682855200000063,37.943100300000026],[23.682327500000042,37.94325020000008]]},"properties":{"OBJECTID":62,"length":49.278716662677951}},{"type":"Feature","id":63,"geometry":{"type":"LineString","coordinates":[[23.682959700000026,37.943069500000036],[23.68300000000005,37.943052900000055],[23.683187600000053,37.94296810000003],[23.68323520000007,37.942949900000031]]},"properties":{"OBJECTID":63,"length":27.626414850548482}},{"type":"Feature","id":64,"geometry":{"type":"LineString","coordinates":[[23.698476400000061,37.920664300000055],[23.698164900000052,37.920800500000041],[23.696870300000057,37.921366300000045],[23.696442700000034,37.921558600000026],[23.696095400000047,37.921714800000075],[23.695721100000071,37.921883100000059],[23.694935100000066,37.922228300000029],[23.694145700000036,37.922578600000065],[23.694091400000048,37.922602500000039],[23.693981400000041,37.922651100000053],[23.693900700000029,37.922690700000032],[23.693821700000058,37.922732300000064],[23.693744300000048,37.922775800000068],[23.693668800000069,37.922821200000044],[23.693595100000039,37.92286850000005],[23.693521100000055,37.922918500000037],[23.693453500000032,37.922968500000025],[23.693384700000024,37.923024500000054],[23.693115300000045,37.923255300000051],[23.693091600000059,37.923275600000068],[23.692748000000051,37.923585500000058],[23.692474900000036,37.923834200000044],[23.692172800000037,37.924130800000057],[23.691917700000033,37.924455300000034],[23.691700700000069,37.92473810000007],[23.691583300000048,37.924899200000027],[23.691489000000047,37.925027500000056],[23.691449200000022,37.925081500000033],[23.691403300000047,37.925143700000035],[23.691176100000064,37.925450700000056],[23.690728800000045,37.926070300000049],[23.690655000000049,37.926172500000064],[23.690601100000038,37.926241800000071],[23.690418300000033,37.92647670000008],[23.690287300000023,37.926623800000073],[23.690177600000027,37.926735800000074],[23.690141600000061,37.926772500000027],[23.690000400000031,37.926911000000075],[23.68987640000006,37.927020700000071],[23.689754700000037,37.927123900000026],[23.689622300000053,37.927225400000054],[23.68946980000004,37.927334600000052],[23.689305600000068,37.927439800000059],[23.689134700000068,37.927540700000065],[23.689040700000078,37.927592600000025],[23.689027600000031,37.927599900000075],[23.688784200000043,37.927725300000077],[23.688456900000062,37.927871900000071],[23.687926300000072,37.92810970000005],[23.687859800000069,37.928144900000063],[23.687742800000024,37.928212700000074],[23.687584700000059,37.928309500000069],[23.687458400000025,37.928411100000062],[23.687323400000025,37.92852380000005],[23.687209100000075,37.92864220000007],[23.68710070000003,37.928767100000073],[23.687004300000069,37.928898300000071],[23.686918500000047,37.929035500000055],[23.686812900000064,37.929229500000076],[23.686804100000074,37.929253800000026],[23.686776200000054,37.929330400000026],[23.686732600000028,37.929471100000058],[23.686704600000041,37.929619000000059],[23.686687800000072,37.92976740000006],[23.686684100000036,37.92999240000006],[23.686694300000056,37.930143400000077],[23.686710500000061,37.930232400000079],[23.686727900000051,37.930309500000078],[23.686776300000076,37.93044320000007],[23.686860800000034,37.930640900000071],[23.686971600000049,37.930845000000033],[23.687014600000055,37.930916000000025],[23.687051300000064,37.930981600000052],[23.68708010000006,37.931032900000048],[23.687273100000027,37.931381600000066],[23.687432300000069,37.931669300000067],[23.687465100000054,37.931722600000057],[23.687502300000062,37.931772800000033],[23.687539800000025,37.931818100000044],[23.687594200000035,37.931868000000065],[23.687642800000049,37.931903000000034],[23.687653200000057,37.931910500000072],[23.687749500000052,37.93196770000003],[23.687878400000045,37.93203740000007],[23.687945200000058,37.932069400000046],[23.688442000000066,37.932281500000045],[23.688554300000078,37.932320300000072],[23.688644100000033,37.932348600000068],[23.68875520000006,37.932373000000041],[23.689374600000065,37.932480500000054],[23.689844300000061,37.932571900000028],[23.689940200000024,37.932596400000079],[23.690034900000057,37.932628500000078],[23.690132700000049,37.932670900000062],[23.690223800000069,37.932716300000038],[23.690340700000036,37.932791100000031],[23.690843100000052,37.93306670000004],[23.690856900000028,37.933074200000078],[23.690898000000061,37.933096500000033],[23.690960000000075,37.933121800000038],[23.691054400000041,37.933159100000069],[23.691155300000048,37.933188700000073],[23.691261200000042,37.933219000000065],[23.691371600000025,37.933239400000048],[23.691479000000072,37.933257500000025],[23.691599600000075,37.933275200000026],[23.692049600000075,37.933326700000066],[23.69209520000004,37.933329300000025],[23.692140600000073,37.933331900000042],[23.692228200000045,37.933339200000034],[23.692287500000077,37.933339400000079],[23.692301600000064,37.933339900000078],[23.69234350000005,37.933341400000074],[23.692401800000027,37.933341000000041],[23.692470400000047,37.933338000000049],[23.692561300000023,37.933332800000073],[23.692664500000035,37.933327800000029],[23.69278440000005,37.933321500000034],[23.692876100000035,37.933321600000056],[23.692941800000028,37.933325000000025],[23.693001600000059,37.933329700000058],[23.693060800000069,37.933338200000037],[23.693114800000046,37.933350000000075],[23.693174800000065,37.933365500000036],[23.693228700000077,37.933382900000026],[23.693279600000039,37.93340690000008],[23.693331800000067,37.933431300000052],[23.693379700000037,37.933459700000071],[23.693426100000067,37.93348960000003],[23.693471500000044,37.933519500000045],[23.693513400000029,37.933551900000055],[23.693552500000067,37.933587600000067],[23.69358950000003,37.933622100000036],[23.693664200000057,37.933697900000027],[23.693684400000052,37.933718400000032],[23.693962300000067,37.933998200000076],[23.694248600000037,37.934286400000076],[23.694280900000024,37.934318900000051],[23.694362900000044,37.934405200000072],[23.69442040000007,37.934470800000042],[23.694475200000056,37.934539900000061],[23.694524200000046,37.934607200000073],[23.694563500000072,37.934679300000028],[23.694600300000047,37.934753000000057],[23.694627000000025,37.934830500000032],[23.694649600000048,37.934911800000066],[23.69465880000007,37.934978200000046],[23.694662500000049,37.935068700000045],[23.69466280000006,37.935142900000073],[23.69466170000004,37.935210400000074],[23.694658200000049,37.93525980000004],[23.694653200000062,37.935328800000036],[23.694648400000062,37.935368800000049],[23.694637000000057,37.935463700000071],[23.694604300000037,37.935747500000048],[23.694581700000072,37.935868300000038],[23.694560300000035,37.935979900000063],[23.694529500000044,37.936097300000029],[23.694482400000027,37.936210900000049],[23.694427400000052,37.936315300000047],[23.694364000000064,37.936421300000063],[23.694289100000049,37.93652620000006],[23.694217200000026,37.936610400000063],[23.694124400000078,37.936709300000075],[23.694030000000055,37.936797500000068],[23.693917500000055,37.936885500000074],[23.693804400000033,37.936962200000039],[23.693686200000059,37.937029000000052],[23.693561400000078,37.937095800000066],[23.693430200000023,37.937156600000037],[23.693313500000045,37.937200700000062],[23.693195400000036,37.937242000000026],[23.693018400000028,37.937292100000036],[23.69278010000005,37.937348500000041],[23.692314100000033,37.937469700000065],[23.691826800000058,37.937596400000075],[23.691764700000078,37.937612900000033],[23.691648800000053,37.937645700000076],[23.691532100000074,37.937682800000061],[23.691448300000047,37.937711900000068]]},"properties":{"OBJECTID":64,"length":2968.2669602016667}},{"type":"Feature","id":65,"geometry":{"type":"LineString","coordinates":[[23.705892700000049,37.915608600000041],[23.706102100000066,37.915527000000054]]},"properties":{"OBJECTID":65,"length":20.52018279866914}},{"type":"Feature","id":66,"geometry":{"type":"LineString","coordinates":[[23.699021500000072,37.920362500000067],[23.698992000000032,37.92039230000006],[23.698959700000046,37.920433900000035],[23.698935000000063,37.920478600000024],[23.698922000000039,37.92051820000006],[23.698919700000033,37.920557500000029],[23.698918000000049,37.92059160000008],[23.698920800000053,37.920625100000052],[23.69892660000005,37.920650300000034],[23.698942000000045,37.92068880000005],[23.698954700000058,37.920710400000075],[23.698971300000039,37.920734000000039]]},"properties":{"OBJECTID":66,"length":44.432404985317859}},{"type":"Feature","id":67,"geometry":{"type":"LineString","coordinates":[[23.698941500000046,37.920750500000054],[23.698918200000037,37.920730400000025],[23.698892700000044,37.920713800000044],[23.698847000000058,37.920692100000053],[23.698816500000078,37.920675800000026],[23.698782700000038,37.92066120000004],[23.698747000000026,37.92064970000007],[23.698705700000062,37.920636900000034],[23.698652400000071,37.920635400000037],[23.698594600000035,37.920637200000044],[23.698537900000076,37.920646600000055],[23.698476400000061,37.920664300000055]]},"properties":{"OBJECTID":67,"length":45.1462888439263}},{"type":"Feature","id":68,"geometry":{"type":"LineString","coordinates":[[23.698941500000046,37.920750500000054],[23.698907500000075,37.920704000000057],[23.698891700000047,37.920668600000056],[23.698880400000064,37.920630700000061],[23.698872800000061,37.92058540000005],[23.698872600000072,37.920545200000049],[23.69887650000004,37.920516500000076],[23.698888900000043,37.920479000000057],[23.69890440000006,37.920448900000054],[23.69892580000004,37.920412100000078],[23.698949000000027,37.920383000000072],[23.69897560000004,37.920355800000038],[23.698990900000069,37.920337500000073]]},"properties":{"OBJECTID":68,"length":49.676565591627934}},{"type":"Feature","id":69,"geometry":{"type":"LineString","coordinates":[[23.69845040000007,37.920632600000033],[23.698539600000061,37.920612800000072],[23.698579700000039,37.920605900000055],[23.698620500000061,37.920602700000074],[23.698654800000043,37.920602700000074],[23.698690300000067,37.920604200000071],[23.69871930000005,37.920607300000029],[23.69874980000003,37.920612000000062],[23.698790400000064,37.920622000000037],[23.698840300000029,37.920642400000077],[23.698891700000047,37.920668600000056],[23.698932400000047,37.920694400000059],[23.698951700000066,37.920712000000037],[23.698971300000039,37.920734000000039]]},"properties":{"OBJECTID":69,"length":51.014846712177594}},{"type":"Feature","id":70,"geometry":{"type":"LineString","coordinates":[[23.719015300000024,37.904074300000048],[23.718140100000028,37.905051700000058],[23.718076400000029,37.90512190000004],[23.717818900000054,37.905408200000068],[23.717780900000037,37.905455700000061],[23.717672900000025,37.90559200000007],[23.717539300000055,37.905768400000056],[23.717438500000071,37.905894100000069],[23.717304900000045,37.906063800000027],[23.717057400000044,37.906391100000064],[23.716972600000076,37.906503200000031],[23.716855000000066,37.906661800000052],[23.716808900000046,37.906714800000032],[23.71673080000005,37.906818700000031],[23.71658270000006,37.906983600000046],[23.716526100000067,37.907049800000038],[23.716445700000065,37.907141200000069],[23.716313900000046,37.907269100000065],[23.715399900000023,37.908110200000067],[23.715191300000072,37.908303400000079],[23.715018400000076,37.908458800000062],[23.714755100000048,37.90869310000005],[23.71453340000005,37.908867000000043],[23.714363700000035,37.908980700000029],[23.714171100000044,37.909091400000079],[23.713985900000068,37.90919290000005],[23.713950300000079,37.909212100000047],[23.713322900000037,37.909502200000077],[23.713288900000066,37.909518000000048],[23.712883700000077,37.909706500000027],[23.712227600000062,37.910011900000029],[23.712047100000063,37.910108600000058],[23.711897400000055,37.910186300000078],[23.711618300000055,37.910367000000065],[23.711422700000071,37.910494200000073],[23.711256900000024,37.91062050000005],[23.711104600000056,37.910740700000076],[23.710411500000077,37.911287800000025],[23.709836000000053,37.911750300000051],[23.709375900000055,37.912141000000076],[23.709362000000056,37.912153000000046],[23.709300000000042,37.912206600000047],[23.709225300000071,37.912271000000032],[23.709149600000046,37.912347900000043],[23.70910200000003,37.912403200000028],[23.709072300000059,37.912444600000072],[23.709015400000055,37.912531000000058],[23.708946400000059,37.912652300000047],[23.708938000000046,37.912667000000056],[23.708758800000055,37.91300190000004],[23.708577900000023,37.91333990000004],[23.708571200000051,37.913352700000075],[23.708547400000043,37.91339830000004],[23.708507900000029,37.913463800000045],[23.708480500000064,37.913508000000036],[23.708452800000032,37.913543700000048],[23.708434300000079,37.913567600000079],[23.708412200000055,37.913593500000047],[23.708388500000069,37.913617800000054],[23.708354800000052,37.913651300000026],[23.708319900000049,37.913682700000038],[23.708286100000066,37.913708400000075],[23.708255800000074,37.913731400000074],[23.708214100000077,37.91376020000007],[23.708174000000042,37.913784500000077],[23.708124700000042,37.913811800000076],[23.707986000000062,37.913888800000052],[23.707897500000058,37.913937900000064],[23.707783100000029,37.914001300000052],[23.707655800000055,37.914076600000044],[23.707535500000063,37.914161000000036],[23.707480500000031,37.914203300000054],[23.707116400000075,37.914511700000048],[23.707058500000073,37.91457500000007],[23.707028300000047,37.91461170000008],[23.706779800000049,37.914932900000053],[23.706656500000065,37.915076400000032],[23.706584300000031,37.915140000000065],[23.706522100000029,37.915189800000064],[23.706102100000066,37.915527000000054],[23.70590530000004,37.915688100000068],[23.705896700000039,37.91569510000005],[23.705533800000069,37.91598010000007],[23.705188500000077,37.916251200000033],[23.704967200000056,37.916412000000037],[23.704822300000046,37.916513700000053],[23.704736500000024,37.916561000000058],[23.704584700000055,37.916640700000073],[23.704461900000069,37.916684600000053]]},"properties":{"OBJECTID":70,"length":1924.4916160711707}},{"type":"Feature","id":71,"geometry":{"type":"LineString","coordinates":[[23.704682600000069,37.916469500000062],[23.704864300000054,37.916320300000052],[23.705412400000057,37.915892000000042],[23.705781200000047,37.915603900000065],[23.70579280000004,37.915595100000075],[23.705862700000068,37.915542300000027],[23.70591410000003,37.915514400000063],[23.706081400000073,37.915458800000067],[23.706155600000045,37.915410400000042],[23.706433700000048,37.91519930000004],[23.706566300000077,37.915091400000051],[23.706679600000029,37.914977900000054],[23.706727600000079,37.914923900000076],[23.706779600000061,37.914866800000027],[23.707044200000041,37.914516000000049],[23.707078400000057,37.914482300000032],[23.707115400000077,37.914451600000064],[23.70713470000004,37.914435600000047],[23.707157400000028,37.914416800000026],[23.707234000000028,37.914355300000068],[23.707428100000072,37.914192600000035],[23.707447900000034,37.914176000000055],[23.707524500000034,37.914109500000052],[23.707617500000026,37.914051200000074],[23.707690100000036,37.914010100000041],[23.707873100000029,37.913909600000068],[23.707920400000035,37.913883700000042],[23.708070700000064,37.913801300000046],[23.708123800000067,37.913772600000073],[23.708156600000052,37.913751800000057],[23.70820370000007,37.913719300000025],[23.708231000000069,37.913698600000032],[23.70827440000005,37.913668500000028],[23.708309000000042,37.91364070000003],[23.708332700000028,37.913617700000032],[23.708362300000033,37.913586300000077],[23.708393800000067,37.913550600000065],[23.70841930000006,37.913517400000046],[23.708454900000049,37.913467700000069],[23.708492400000068,37.913408100000026],[23.708530900000028,37.913340700000049],[23.708549700000049,37.913307800000041],[23.708718800000042,37.91299070000008],[23.708906500000069,37.912638800000025],[23.708978900000034,37.912505600000031],[23.709046000000058,37.912400000000048],[23.709113700000046,37.912318300000038],[23.709184500000049,37.912244600000065],[23.709229900000025,37.912199800000053],[23.709275500000047,37.912161900000058],[23.709336400000041,37.912111100000061],[23.709799600000053,37.911721000000057],[23.711216300000046,37.910591000000068],[23.71137340000007,37.910465100000067],[23.711437100000069,37.910418800000059],[23.711591600000077,37.910319500000071],[23.711716000000024,37.910239600000068],[23.71202100000005,37.910068700000068],[23.712186000000031,37.90999000000005],[23.71286310000005,37.909677600000066],[23.713268400000061,37.909490600000026],[23.713871400000073,37.909208600000056],[23.713924900000052,37.909179800000061],[23.714160000000049,37.909052100000054],[23.714344900000071,37.908938100000057],[23.714586900000029,37.908772100000078],[23.714851900000042,37.908547600000077],[23.714979400000061,37.908436700000038],[23.715120600000034,37.908304600000065],[23.715362300000038,37.908080700000028],[23.716273300000069,37.907241000000056],[23.716456400000027,37.907059200000049],[23.716538800000023,37.906973300000061],[23.716691700000069,37.906807000000072],[23.716775700000028,37.906697400000041],[23.716937600000051,37.906486700000073],[23.717020600000069,37.906376900000055],[23.717270000000042,37.90604710000008],[23.71739610000003,37.905875000000037],[23.717630900000074,37.905573100000026],[23.717744200000027,37.905435300000079],[23.717802500000062,37.905371800000069],[23.718048400000043,37.905103900000029],[23.718074100000024,37.905070100000046],[23.718158000000074,37.904976100000056],[23.718967600000042,37.904055100000051]]},"properties":{"OBJECTID":71,"length":1892.9496475427234}},{"type":"Feature","id":72,"geometry":{"type":"LineString","coordinates":[[23.698990900000069,37.920337500000073],[23.699244700000065,37.920155900000054],[23.699422100000049,37.920025400000043],[23.699986200000069,37.919632400000069],[23.700075500000025,37.919562300000052],[23.700134100000071,37.919515100000069],[23.700229800000045,37.919425700000033],[23.700308900000039,37.919340300000044],[23.700379300000066,37.919252500000027],[23.70044340000004,37.919160200000078],[23.700489000000061,37.919093600000053],[23.700493000000051,37.919086900000025],[23.700539700000036,37.919008900000051],[23.700681700000075,37.918730200000027],[23.700854800000059,37.918390300000056],[23.700883000000033,37.91833500000007],[23.700916500000062,37.918275200000039],[23.700936400000046,37.918239700000072],[23.700997400000062,37.918142900000078],[23.701039300000048,37.918083100000047],[23.701090200000067,37.918013300000041],[23.701174000000037,37.917906600000038]]},"properties":{"OBJECTID":72,"length":337.36280002009482}},{"type":"Feature","id":73,"geometry":{"type":"LineString","coordinates":[[23.701207800000077,37.917923100000053],[23.701150700000028,37.917997300000025],[23.701100800000063,37.918064300000026],[23.701045800000031,37.918147700000077],[23.700956500000075,37.91828890000005],[23.700897200000043,37.918404600000031],[23.700724500000035,37.918740600000035],[23.700538900000026,37.919101800000078],[23.700525300000038,37.919128300000068],[23.700454800000045,37.919233100000042],[23.700422600000024,37.91927910000004],[23.700386200000025,37.91932440000005],[23.700327300000026,37.919391500000074],[23.700220100000024,37.919499300000041],[23.700165200000072,37.919550000000072],[23.700092300000051,37.919609100000059],[23.699280400000077,37.920186800000067],[23.699021500000072,37.920362500000067]]},"properties":{"OBJECTID":73,"length":338.64484012511861}},{"type":"Feature","id":74,"geometry":{"type":"LineString","coordinates":[[23.701413600000024,37.917683500000066],[23.701207800000077,37.917923100000053]]},"properties":{"OBJECTID":74,"length":32.167207548454982}},{"type":"Feature","id":75,"geometry":{"type":"LineString","coordinates":[[23.715191300000072,37.908303400000079],[23.715226900000062,37.90826160000006],[23.715323900000044,37.908123700000033],[23.715362300000038,37.908080700000028]]},"properties":{"OBJECTID":75,"length":28.966443273913743}},{"type":"Feature","id":76,"geometry":{"type":"LineString","coordinates":[[23.705131000000051,37.916201600000079],[23.704726700000037,37.916498100000069],[23.704600800000037,37.91658300000006],[23.704461900000069,37.916684600000053]]},"properties":{"OBJECTID":76,"length":79.607159563502265}},{"type":"Feature","id":77,"geometry":{"type":"LineString","coordinates":[[23.69845040000007,37.920632600000033],[23.698617900000045,37.920550300000059],[23.698737200000039,37.920482400000026],[23.698990900000069,37.920337500000073]]},"properties":{"OBJECTID":77,"length":57.747637526630697}},{"type":"Feature","id":78,"geometry":{"type":"LineString","coordinates":[[23.699021500000072,37.920362500000067],[23.69890440000006,37.920448900000054],[23.69883070000003,37.920491600000048],[23.698714100000075,37.920556100000056],[23.698620500000061,37.920602700000074],[23.698476400000061,37.920664300000055]]},"properties":{"OBJECTID":78,"length":58.721345921237123}},{"type":"Feature","id":79,"geometry":{"type":"LineString","coordinates":[[23.704682600000069,37.916469500000062],[23.705131000000051,37.916201600000079]]},"properties":{"OBJECTID":79,"length":49.384515364055375}},{"type":"Feature","id":80,"geometry":{"type":"LineString","coordinates":[[23.662057200000049,37.94440000000003],[23.662147600000026,37.944358300000033],[23.662216900000033,37.944318200000055],[23.662300800000025,37.944269600000041]]},"properties":{"OBJECTID":80,"length":25.877100538300486}},{"type":"Feature","id":81,"geometry":{"type":"LineString","coordinates":[[23.663269800000023,37.943972500000029],[23.663413100000071,37.943957100000034]]},"properties":{"OBJECTID":81,"length":12.711415539435606}},{"type":"Feature","id":82,"geometry":{"type":"LineString","coordinates":[[23.667744000000027,37.94458190000006],[23.667660600000033,37.944598700000029],[23.667596800000069,37.944616600000074],[23.667553100000077,37.944633900000042],[23.667507000000057,37.944667700000025],[23.667470800000046,37.944694300000037],[23.667428500000028,37.944717700000069],[23.667400300000054,37.944726900000035],[23.667348700000048,37.944736200000079],[23.667291600000055,37.944740900000056],[23.66722210000006,37.944740200000069],[23.667120000000068,37.944734000000039],[23.667000900000062,37.944728400000031],[23.666735500000073,37.944710500000042],[23.666458200000022,37.944675200000063],[23.66611400000005,37.94462500000003],[23.665576600000065,37.944534200000078],[23.664838100000054,37.944422700000075],[23.66466070000007,37.944396400000073],[23.664298300000041,37.944361300000025],[23.664031000000023,37.944335200000069],[23.663769100000025,37.944332200000076],[23.663656100000026,37.944326800000056],[23.663515800000027,37.944319700000051],[23.66335760000004,37.944313300000033],[23.663238100000058,37.944313800000032],[23.663180300000079,37.944313000000079],[23.663119000000052,37.944314900000052],[23.663054200000033,37.944319500000063],[23.662993100000051,37.944323300000065]]},"properties":{"OBJECTID":82,"length":426.39526579340173}},{"type":"Feature","id":83,"geometry":{"type":"LineString","coordinates":[[23.733400700000061,37.970494100000053],[23.734200900000076,37.970171500000049],[23.734413500000073,37.970085800000049],[23.735095400000034,37.96981100000005],[23.735629300000028,37.969595800000036],[23.736020100000076,37.969438300000036],[23.736039700000049,37.969430400000078],[23.736141200000077,37.969390900000064],[23.736244900000031,37.969355000000064],[23.736399400000039,37.96930610000004],[23.736902100000066,37.969150300000024],[23.737093800000025,37.969097500000032],[23.737175700000023,37.969079400000055],[23.737262800000053,37.969062500000064],[23.737544800000023,37.969021300000065],[23.737607300000036,37.969008400000064],[23.737674600000048,37.968983800000046],[23.737712400000078,37.968951700000048],[23.737728100000027,37.968919600000049],[23.737739300000044,37.968880500000068],[23.737745400000051,37.968844900000079],[23.737749000000065,37.968804100000057],[23.737742100000048,37.96876270000007],[23.737725400000045,37.968716800000038],[23.737681900000041,37.968670200000076],[23.737617500000056,37.96862230000005],[23.737491000000034,37.968516400000055],[23.737360300000034,37.96842840000005],[23.737212100000079,37.968359100000043],[23.737124800000061,37.968319700000052],[23.737060800000052,37.968295900000044],[23.736950200000024,37.968269400000054],[23.736894100000029,37.968257000000051],[23.736660200000074,37.968197500000031],[23.736630000000048,37.968189300000063],[23.736392100000046,37.968139200000053],[23.736315000000047,37.968125000000043],[23.735937700000022,37.96805530000006],[23.735468100000048,37.967966500000045],[23.735283000000038,37.967929600000048],[23.735240400000066,37.96792060000007],[23.735182700000053,37.967908500000078],[23.735151100000053,37.967899000000045],[23.735125200000027,37.967891200000054],[23.735069900000042,37.967874600000073],[23.734966800000052,37.967831600000068],[23.734865500000069,37.967777400000045],[23.734825600000079,37.967750400000057],[23.734777600000029,37.967717900000025],[23.734690600000079,37.967652400000077],[23.734596000000067,37.967569500000025],[23.734512900000027,37.967498700000078],[23.734455600000047,37.967461800000081],[23.734381100000064,37.967424900000026],[23.734346800000026,37.967412200000069],[23.734295100000054,37.96739320000006],[23.734201400000074,37.967370600000038],[23.734110700000031,37.967357800000059],[23.733997000000045,37.96735330000007],[23.733825900000056,37.96735330000007],[23.733687400000065,37.967345800000032],[23.733525800000052,37.967328300000077],[23.733448700000054,37.967318500000033],[23.733310500000073,37.967301000000077],[23.733197300000029,37.967286600000079],[23.733100700000023,37.967259200000058],[23.733009000000038,37.967223800000056],[23.732908400000042,37.967169900000044],[23.732804500000043,37.967134100000067],[23.732708800000069,37.967107600000077],[23.732622000000049,37.967092200000025],[23.732473800000037,37.967074500000024],[23.73237400000005,37.967063500000052],[23.732294700000068,37.96704950000003],[23.732215500000052,37.967029000000025],[23.732150200000035,37.967003200000079],[23.73208180000006,37.966973900000028],[23.732025100000044,37.966942700000061],[23.731732500000078,37.966719700000056],[23.731434200000024,37.96649270000006],[23.731362200000035,37.966438800000049],[23.730781800000045,37.965983200000039],[23.730616300000065,37.965850900000078],[23.73048220000004,37.965755300000069],[23.730357500000025,37.965677200000073],[23.730207200000052,37.965604600000063],[23.730058000000042,37.965547600000036],[23.729886200000067,37.96549820000007],[23.729507500000068,37.965407000000027],[23.729418300000077,37.965385900000058],[23.728897600000039,37.965263600000071],[23.728527000000042,37.965175700000032],[23.728338400000041,37.96512910000007],[23.72822560000003,37.965098500000067],[23.728122400000075,37.965068900000063],[23.728039300000034,37.965036600000076],[23.727988200000027,37.965014500000052]]},"properties":{"OBJECTID":83,"length":1421.7698115627518}},{"type":"Feature","id":84,"geometry":{"type":"LineString","coordinates":[[23.733819200000028,37.971966400000042],[23.733033500000033,37.971082700000068]]},"properties":{"OBJECTID":84,"length":119.94640019296537}},{"type":"Feature","id":85,"geometry":{"type":"LineString","coordinates":[[23.733066200000053,37.971063500000071],[23.733308300000033,37.971334200000058],[23.733666300000039,37.97172640000008],[23.733859500000051,37.971944200000053]]},"properties":{"OBJECTID":85,"length":120.06277070742607}},{"type":"Feature","id":86,"geometry":{"type":"LineString","coordinates":[[23.733033500000033,37.971082700000068],[23.732993400000055,37.97103960000004],[23.732970600000044,37.970994000000076],[23.732924400000059,37.970779800000059]]},"properties":{"OBJECTID":86,"length":35.50431521777319}},{"type":"Feature","id":87,"geometry":{"type":"LineString","coordinates":[[23.702503200000024,37.92621070000007],[23.702686000000028,37.926405000000045]]},"properties":{"OBJECTID":87,"length":26.896298023056431}},{"type":"Feature","id":88,"geometry":{"type":"LineString","coordinates":[[23.714549000000034,37.944842000000051],[23.714529800000037,37.944800100000066],[23.714508800000033,37.944767900000045],[23.714425900000037,37.94465740000004],[23.714406100000076,37.944621500000039],[23.71438500000005,37.944569900000033]]},"properties":{"OBJECTID":88,"length":33.604710392357646}},{"type":"Feature","id":89,"geometry":{"type":"LineString","coordinates":[[23.711337600000036,37.934851600000059],[23.711356800000033,37.934896300000048],[23.71137710000005,37.934933900000033],[23.711474400000043,37.93508120000007],[23.711497500000064,37.935123800000042],[23.711520200000052,37.935176200000058]]},"properties":{"OBJECTID":89,"length":39.526624847556384}},{"type":"Feature","id":90,"geometry":{"type":"LineString","coordinates":[[23.735415200000034,37.974776500000075],[23.735338100000035,37.974434700000074]]},"properties":{"OBJECTID":90,"length":38.538482105068262}},{"type":"Feature","id":91,"geometry":{"type":"LineString","coordinates":[[23.735338100000035,37.974434700000074],[23.735261000000037,37.974092900000073],[23.735252900000035,37.974057200000061],[23.735242700000072,37.974012000000073],[23.735231200000044,37.973960900000066]]},"properties":{"OBJECTID":91,"length":53.422077039603096}},{"type":"Feature","id":92,"geometry":{"type":"LineString","coordinates":[[23.691448300000047,37.937711900000068],[23.690994600000067,37.937866700000029],[23.69091190000006,37.93790000000007]]},"properties":{"OBJECTID":92,"length":51.582414231478083}},{"type":"Feature","id":93,"geometry":{"type":"LineString","coordinates":[[23.690873200000055,37.937865200000033],[23.69096920000004,37.937821300000053],[23.691268300000047,37.937712100000056],[23.691432900000052,37.937648000000024]]},"properties":{"OBJECTID":93,"length":54.820957484919347}},{"type":"Feature","id":94,"geometry":{"type":"LineString","coordinates":[[23.682839500000057,37.943066600000066],[23.683207000000039,37.942958100000055],[23.68323520000007,37.942949900000031],[23.68349870000003,37.942873800000029],[23.683627300000069,37.942836300000067],[23.683652400000028,37.942829000000074],[23.683836900000074,37.942771700000037],[23.683990100000074,37.942722500000059],[23.684016700000029,37.942713300000037],[23.684158900000057,37.942664100000059],[23.684335500000032,37.942597600000056],[23.68443220000006,37.94255910000004],[23.684535400000073,37.942518000000064],[23.68477960000007,37.942419400000063],[23.685072900000023,37.942290400000047],[23.685306600000047,37.942178800000079],[23.685492300000078,37.942087600000036],[23.685655100000076,37.942003200000045],[23.686105200000043,37.941762600000061],[23.686215900000036,37.941703400000051],[23.686326100000031,37.941642100000024],[23.687643500000036,37.940908100000058],[23.688018500000055,37.940706200000079],[23.688364700000022,37.940515400000038],[23.688633300000049,37.940368500000034]]},"properties":{"OBJECTID":94,"length":593.58326185360374}},{"type":"Feature","id":95,"geometry":{"type":"LineString","coordinates":[[23.688673600000072,37.94041930000003],[23.688541400000076,37.940493600000025],[23.688407700000027,37.94056560000007],[23.688059700000053,37.940754300000037],[23.687685400000078,37.940959000000078],[23.686683300000027,37.941485000000057],[23.686523300000033,37.941571100000033],[23.686340100000052,37.94167310000006],[23.686127400000032,37.94178850000003],[23.685681600000066,37.942030400000078],[23.685610300000064,37.942069700000047],[23.68551640000004,37.942118100000073],[23.685330500000077,37.942209400000024],[23.685103100000049,37.942318600000078],[23.684801100000072,37.942451100000028],[23.684556100000066,37.94255000000004],[23.684483800000066,37.942578800000035],[23.68445330000003,37.942590900000027],[23.68435560000006,37.942629800000077],[23.684177900000066,37.942696800000078],[23.684035000000051,37.942746200000045],[23.684007800000074,37.942755600000055],[23.683853800000065,37.942805000000078],[23.683668700000055,37.942862600000069],[23.683514500000058,37.942907500000047],[23.683222900000032,37.94299170000005],[23.682959700000026,37.943069500000036],[23.682855200000063,37.943100300000026]]},"properties":{"OBJECTID":95,"length":594.30813832646811}},{"type":"Feature","id":96,"geometry":{"type":"LineString","coordinates":[[23.73505190000003,37.973405900000046],[23.734737200000041,37.973029700000041],[23.734685300000024,37.972973000000025],[23.734432100000049,37.972680000000025],[23.734126900000035,37.972331300000064],[23.733980100000053,37.972155600000065],[23.733857800000067,37.972012200000052],[23.733819200000028,37.971966400000042]]},"properties":{"OBJECTID":96,"length":193.0411725518484}},{"type":"Feature","id":97,"geometry":{"type":"LineString","coordinates":[[23.735233000000051,37.973641000000043],[23.735237100000063,37.973699300000078],[23.735232100000076,37.973800900000072],[23.735224300000027,37.973905500000058],[23.735231200000044,37.973960900000066]]},"properties":{"OBJECTID":97,"length":35.57621122415518}},{"type":"Feature","id":98,"geometry":{"type":"LineString","coordinates":[[23.735302900000079,37.973950800000068],[23.735281500000042,37.973894400000063],[23.735232100000076,37.973800900000072],[23.735183400000039,37.973709400000075],[23.735161300000073,37.973651000000075]]},"properties":{"OBJECTID":98,"length":35.573171257589628}},{"type":"Feature","id":99,"geometry":{"type":"LineString","coordinates":[[23.735231200000044,37.973960900000066],[23.735161300000073,37.973651000000075]]},"properties":{"OBJECTID":99,"length":34.941648116211766}},{"type":"Feature","id":100,"geometry":{"type":"LineString","coordinates":[[23.735302900000079,37.973950800000068],[23.735307400000067,37.97397060000003],[23.735317200000054,37.974014100000034],[23.735332700000072,37.974082800000076],[23.73540980000007,37.974424600000077]]},"properties":{"OBJECTID":100,"length":53.422076664007093}},{"type":"Feature","id":101,"geometry":{"type":"LineString","coordinates":[[23.735161300000073,37.973651000000075],[23.73514270000004,37.973582700000065],[23.735127500000033,37.973536300000035],[23.735107200000073,37.973491100000047],[23.735081900000068,37.973447600000043],[23.73505190000003,37.973405900000046]]},"properties":{"OBJECTID":101,"length":29.042338137337421}},{"type":"Feature","id":102,"geometry":{"type":"LineString","coordinates":[[23.735486900000069,37.974766400000078],[23.73540980000007,37.974424600000077]]},"properties":{"OBJECTID":102,"length":38.538482202832519}},{"type":"Feature","id":103,"geometry":{"type":"LineString","coordinates":[[23.655942700000026,37.948165700000061],[23.655930100000035,37.948169600000028],[23.655890200000044,37.948182100000054],[23.655839900000046,37.948203400000068],[23.655793700000061,37.948229800000036],[23.655752500000062,37.948260900000037]]},"properties":{"OBJECTID":103,"length":19.984570651850618}},{"type":"Feature","id":104,"geometry":{"type":"LineString","coordinates":[[23.656280200000026,37.948843600000032],[23.656349000000034,37.948859800000037],[23.656420800000035,37.948861200000067],[23.656490600000041,37.948847700000044],[23.656553400000064,37.948820100000034],[23.656604800000025,37.948780500000055],[23.65663550000005,37.948738200000037],[23.656659300000058,37.94867940000006],[23.656661300000053,37.948649100000068]]},"properties":{"OBJECTID":104,"length":47.189299350816079}},{"type":"Feature","id":105,"geometry":{"type":"LineString","coordinates":[[23.655880400000058,37.948711900000035],[23.656280200000026,37.948843600000032]]},"properties":{"OBJECTID":105,"length":38.059120378644565}},{"type":"Feature","id":106,"geometry":{"type":"LineString","coordinates":[[23.656661300000053,37.948649100000068],[23.656642000000033,37.948583300000053]]},"properties":{"OBJECTID":106,"length":7.4979178585558293}},{"type":"Feature","id":107,"geometry":{"type":"LineString","coordinates":[[23.655752500000062,37.948260900000037],[23.655704600000035,37.948308600000075],[23.655671200000029,37.94836360000005],[23.655654000000027,37.948422900000025],[23.655653800000039,37.948483800000076],[23.65567070000003,37.94854330000004],[23.655703800000026,37.948598300000072],[23.655751400000042,37.948646200000042],[23.655811200000073,37.948684700000058],[23.655880400000058,37.948711900000035]]},"properties":{"OBJECTID":107,"length":60.912873610175517}},{"type":"Feature","id":108,"geometry":{"type":"LineString","coordinates":[[23.656587800000068,37.947987100000034],[23.656403600000033,37.948034700000051],[23.656259200000022,37.948072800000034],[23.656107000000077,37.948117900000057],[23.656057300000043,37.948132600000065],[23.655942700000026,37.948165700000061]]},"properties":{"OBJECTID":108,"length":60.076729483508217}},{"type":"Feature","id":109,"geometry":{"type":"LineString","coordinates":[[23.723484900000074,37.960845800000072],[23.723482200000035,37.960824900000034],[23.723479800000064,37.960792200000071],[23.723481600000071,37.960429800000043],[23.723485100000062,37.959959400000059],[23.723485500000038,37.959898100000032],[23.72348560000006,37.959852100000035],[23.723487600000055,37.95980430000003],[23.723490100000049,37.959772200000032],[23.723499400000037,37.95971000000003],[23.723519800000076,37.95963850000004],[23.723548600000072,37.959572300000048],[23.723591800000065,37.959500100000071],[23.723640800000055,37.959436900000071],[23.723698800000022,37.959374300000036],[23.723774500000047,37.95930560000005],[23.723922000000073,37.95918510000007],[23.724296200000026,37.958879400000058],[23.724747400000069,37.958508400000028],[23.724937900000043,37.958349700000042]]},"properties":{"OBJECTID":109,"length":325.23612781906371}},{"type":"Feature","id":110,"geometry":{"type":"LineString","coordinates":[[23.727988200000027,37.965014500000052],[23.727890100000025,37.964969900000028],[23.727794600000038,37.964922000000058],[23.727701900000056,37.964870800000028],[23.727612200000067,37.964816400000075],[23.727525600000035,37.964758900000049],[23.727372900000034,37.964642600000047],[23.727261700000042,37.964549800000043],[23.727180500000031,37.964486900000054],[23.727121800000077,37.964435300000048],[23.727076300000078,37.96438900000004],[23.727025300000037,37.964325300000041],[23.726976300000047,37.964262000000076],[23.726934100000051,37.964204900000027],[23.726898100000028,37.964146500000027],[23.726855400000034,37.964072100000067],[23.726822600000048,37.964000200000044],[23.726777700000071,37.963885100000027],[23.726731500000028,37.963766600000042],[23.726694800000075,37.963700500000073],[23.726653300000066,37.963644600000066],[23.726606900000036,37.963593900000035],[23.726544100000069,37.963542500000074],[23.726324200000079,37.963385800000026],[23.72618650000004,37.96328950000003],[23.726067600000079,37.963198900000066],[23.725933200000043,37.963093000000072],[23.725687200000039,37.962900300000058],[23.725257100000078,37.962565000000041],[23.725200000000029,37.962510200000054],[23.725187400000038,37.962490700000046],[23.725180900000055,37.962464600000033],[23.725172400000076,37.962366000000031],[23.725161200000059,37.962268600000073],[23.725167600000077,37.962238700000057],[23.725154800000041,37.962222600000075],[23.72506130000005,37.962149700000055]]},"properties":{"OBJECTID":110,"length":421.51363798547732}},{"type":"Feature","id":111,"geometry":{"type":"LineString","coordinates":[[23.75276370000006,37.849340400000074],[23.752667300000041,37.849678100000062]]},"properties":{"OBJECTID":111,"length":38.430784794801902}},{"type":"Feature","id":112,"geometry":{"type":"LineString","coordinates":[[23.752590000000055,37.849664400000052],[23.752686400000073,37.84932660000004]]},"properties":{"OBJECTID":112,"length":38.441610635874163}},{"type":"Feature","id":113,"geometry":{"type":"LineString","coordinates":[[23.72506130000005,37.962149700000055],[23.724928400000067,37.962039200000049],[23.724731700000063,37.961885500000051],[23.724124600000039,37.961407500000064],[23.723672700000066,37.961065900000051],[23.723591400000032,37.961005100000079],[23.723546400000032,37.960963000000049],[23.723513400000058,37.960918200000037],[23.723496800000078,37.960881700000073],[23.723484900000074,37.960845800000072]]},"properties":{"OBJECTID":113,"length":201.50185157801434}},{"type":"Feature","id":114,"geometry":{"type":"LineString","coordinates":[[23.723536500000023,37.960845200000051],[23.723545700000045,37.960870400000033],[23.723567900000035,37.960914600000081],[23.723599100000058,37.960954400000048],[23.723670000000027,37.961012000000039],[23.724144900000056,37.961383400000045],[23.724764200000038,37.961867200000029],[23.725087500000029,37.962133300000062]]},"properties":{"OBJECTID":114,"length":198.41706379994756}},{"type":"Feature","id":115,"geometry":{"type":"LineString","coordinates":[[23.645195600000022,37.944940300000042],[23.645365800000036,37.945141300000046],[23.646121600000072,37.945986000000062],[23.646454900000037,37.946409200000062],[23.646813700000052,37.946852400000068],[23.64705710000004,37.947130900000047],[23.647101900000052,37.947176900000045],[23.647155500000054,37.947225500000059],[23.647214500000075,37.947271700000044],[23.647308900000041,37.947329800000034],[23.647579300000075,37.947468800000024],[23.647684900000058,37.947509000000025],[23.647740900000031,37.947521900000027],[23.647822900000051,37.947542400000032],[23.647907600000053,37.947564600000078],[23.648868300000061,37.947843000000034],[23.648943700000075,37.947865000000036],[23.650294400000064,37.948211800000024],[23.650914800000066,37.948362800000041],[23.65101130000005,37.948391600000036],[23.651321100000075,37.948451500000033],[23.651414900000077,37.94846670000004],[23.651488700000073,37.948476800000037],[23.651563900000042,37.948483800000076],[23.651637400000027,37.948488700000041],[23.651830300000029,37.948493500000041],[23.651939900000059,37.948499000000027],[23.652045300000054,37.948508900000036],[23.652148800000077,37.94852220000007],[23.652254400000061,37.948536300000058],[23.652324000000078,37.94854470000007],[23.65238910000005,37.948545700000068],[23.652494300000058,37.948541200000079],[23.652884100000051,37.948493300000052],[23.653909400000032,37.94833820000008],[23.654513800000075,37.948250900000062],[23.654643700000065,37.948225100000059],[23.654836000000046,37.948181100000056],[23.655003500000078,37.948140400000057],[23.655155300000047,37.948101200000053],[23.655443500000047,37.948008700000059],[23.655687100000023,37.947937200000069],[23.656046300000071,37.947834600000078],[23.656082300000037,37.947824700000069],[23.656123500000035,37.94781160000008],[23.656248500000061,37.947776400000066],[23.656361700000048,37.947740700000054],[23.656460300000049,37.947708300000045],[23.656562000000065,37.947672000000068],[23.656669000000022,37.947632800000065],[23.656805100000042,37.947578900000053],[23.656943400000046,37.947522000000049],[23.65719340000004,37.947414700000024],[23.657304500000066,37.947362000000055],[23.657414000000074,37.94730450000003],[23.657593800000029,37.947207200000037],[23.657786000000044,37.947090100000025],[23.658034900000075,37.946931100000029],[23.658340300000077,37.946736200000032],[23.65854870000004,37.946605800000043],[23.659326400000054,37.946090800000036],[23.659459200000072,37.946004600000037],[23.659820900000057,37.945760600000028],[23.660211000000061,37.945501800000045],[23.66091890000007,37.94503590000005],[23.661307000000079,37.944780300000048],[23.661435300000051,37.944690200000025],[23.661641900000063,37.944581700000072],[23.661804500000073,37.944498500000066],[23.661934700000074,37.944444900000065],[23.662057200000049,37.94440000000003]]},"properties":{"OBJECTID":115,"length":1781.6521845026914}},{"type":"Feature","id":116,"geometry":{"type":"LineString","coordinates":[[23.644312800000023,37.94427410000003],[23.644015500000023,37.944392500000049],[23.643833200000074,37.944478500000059],[23.643754200000046,37.944515800000033],[23.643726500000071,37.944529300000056],[23.64359840000003,37.944591500000058],[23.643394200000046,37.944705600000077],[23.642952000000037,37.944955300000061],[23.642516400000034,37.945201200000042]]},"properties":{"OBJECTID":116,"length":188.77957742716166}},{"type":"Feature","id":117,"geometry":{"type":"LineString","coordinates":[[23.709468600000037,37.929229100000043],[23.707461300000034,37.928732000000025],[23.706554500000038,37.92850720000007],[23.706412900000032,37.928478100000063],[23.705548100000044,37.928269000000057],[23.705509800000073,37.928259700000069],[23.705462000000068,37.928247600000077],[23.705035500000065,37.928140000000042],[23.703761900000075,37.927819200000044]]},"properties":{"OBJECTID":117,"length":525.57836515300903}},{"type":"Feature","id":118,"geometry":{"type":"LineString","coordinates":[[23.709482600000058,37.929193100000077],[23.709547100000066,37.92922150000004],[23.709598000000028,37.929247000000032],[23.70965620000004,37.929288600000064],[23.709695100000033,37.929321200000061],[23.709701100000075,37.92933510000006],[23.709739600000034,37.929387800000029],[23.709760300000028,37.929444300000057],[23.709771500000045,37.929481100000032],[23.709841300000051,37.929710800000066],[23.709858100000076,37.929765900000064],[23.709953400000074,37.930090600000028],[23.710188000000073,37.930872200000067],[23.710294000000033,37.931277700000066],[23.710312300000055,37.93134770000006],[23.710553400000038,37.932103200000029],[23.710762300000056,37.932762800000035],[23.710803000000055,37.932890300000054],[23.710928500000023,37.933286100000032],[23.711044800000025,37.93365760000006],[23.711203400000045,37.934194400000024],[23.711221700000067,37.934253100000035],[23.711412700000039,37.934836500000074],[23.711520200000052,37.935176200000058],[23.711613500000055,37.935494600000027],[23.711753300000055,37.93592840000008],[23.711755500000038,37.935935900000061],[23.711769100000026,37.935981000000027],[23.711997100000076,37.936701500000026],[23.71201990000003,37.936784500000044],[23.712131100000079,37.937134400000048],[23.712240700000052,37.937479300000064],[23.712303400000053,37.937655000000063],[23.712338200000033,37.937776400000075],[23.712364900000068,37.937904500000059],[23.712400700000046,37.938072300000044],[23.712458100000049,37.938318700000025],[23.712497800000051,37.93846330000008],[23.712541400000077,37.938608900000077],[23.712583300000063,37.938737300000071],[23.712621200000058,37.938831700000037],[23.712653800000055,37.938912300000027],[23.712678700000026,37.938971500000036],[23.712713800000074,37.939056500000049],[23.712774800000034,37.93918560000003],[23.712779100000034,37.939194600000064],[23.712851700000044,37.939405700000066],[23.712955800000032,37.939738800000043],[23.712997900000062,37.939869400000077],[23.713015400000074,37.939924700000063],[23.713102200000037,37.940199700000051],[23.713242100000059,37.940648500000066],[23.713297900000043,37.940829700000052],[23.713319700000056,37.940912200000071],[23.71334150000007,37.941003600000045],[23.713394000000051,37.941185100000041],[23.713526800000068,37.941609400000061],[23.713573800000063,37.941756400000031],[23.713607300000035,37.941857300000038],[23.713649300000043,37.941968900000063],[23.713701900000046,37.942114100000026],[23.713720000000023,37.942175500000076],[23.713741800000037,37.942260000000033],[23.713761700000077,37.94233470000006],[23.713869800000055,37.942687600000056],[23.713984100000062,37.943059700000049],[23.714005000000043,37.943124300000079],[23.714549000000034,37.944842000000051],[23.714571900000067,37.944922900000051],[23.714745500000049,37.945534800000075],[23.714763300000072,37.945598000000075],[23.714785600000027,37.945680100000061],[23.71492870000003,37.946147200000041],[23.714964200000054,37.946265500000038],[23.715003600000045,37.946372600000075],[23.715010100000029,37.946390300000076],[23.715124700000047,37.946719700000074],[23.715240300000062,37.947046500000056],[23.715256500000066,37.947088000000065],[23.715281300000072,37.947137700000042],[23.71530690000003,37.947187300000053],[23.715350300000068,37.947249500000055],[23.715404200000023,37.947299100000066],[23.715429300000039,37.947320200000036],[23.715457700000059,37.947346300000049],[23.715518800000041,37.947385200000042],[23.715590500000076,37.947420300000033],[23.715673200000026,37.947450900000035],[23.715698400000065,37.947463500000026],[23.715808200000026,37.947498100000075],[23.715879500000028,37.947524000000044],[23.715950900000053,37.947551900000065],[23.716022500000065,37.947586200000046],[23.716082400000062,37.947624900000051],[23.71613780000007,37.947666200000072],[23.716194100000052,37.94771970000005],[23.716239700000074,37.947772300000054],[23.716279600000064,37.947829100000035],[23.716312800000026,37.947891800000036],[23.716346400000077,37.947962800000028],[23.716369300000053,37.948017500000049],[23.716392800000051,37.948061500000051],[23.716417500000034,37.948099200000058],[23.716455300000064,37.948145700000055],[23.716486600000053,37.948178100000064],[23.716520800000069,37.948206600000049],[23.716598700000077,37.948266500000045],[23.71684700000003,37.94846160000003],[23.717407200000025,37.948895800000059],[23.717945600000064,37.94931390000005],[23.718203100000039,37.949512600000048],[23.718215200000031,37.949521900000036],[23.718287400000065,37.949574400000074],[23.718374700000027,37.949639600000069],[23.718655100000035,37.949866200000031],[23.718961400000069,37.950104500000066],[23.719278400000064,37.950349800000026],[23.719333900000038,37.950392400000055],[23.720162200000061,37.951016300000049],[23.720222100000058,37.951076500000056],[23.72023310000003,37.951087600000051],[23.72054600000007,37.95139400000005],[23.720827100000065,37.951681200000053],[23.721063500000071,37.951907700000049],[23.721366700000033,37.952200900000037],[23.72144430000003,37.952277300000048],[23.72174270000005,37.952570800000046],[23.722059800000068,37.952869600000042],[23.722614900000053,37.953392800000074],[23.723061900000062,37.95381100000003],[23.723068700000056,37.953817300000026],[23.723142700000039,37.953886600000033],[23.72366530000005,37.954373100000055],[23.723942300000033,37.954630300000076],[23.724222700000041,37.954890700000078],[23.724248400000079,37.954914100000053],[23.72441770000006,37.955068700000027],[23.72454440000007,37.955188600000042],[23.724676200000033,37.955297400000063],[23.724816700000076,37.955411100000049],[23.724833200000035,37.955422600000077],[23.724964000000057,37.955513200000041],[23.725107300000047,37.955609500000037],[23.725353600000062,37.955771000000027],[23.725508600000069,37.955861700000071],[23.725784300000043,37.956016800000043],[23.726084400000047,37.956187000000057],[23.726158600000076,37.95622910000003],[23.726346900000067,37.956340600000033],[23.72649320000005,37.956427100000042],[23.726827300000025,37.956618800000058],[23.727199300000052,37.956823600000064],[23.727507100000025,37.956988700000068],[23.728095800000062,37.957274300000051],[23.728169700000024,37.95731950000004],[23.728221500000075,37.95739130000004]]},"properties":{"OBJECTID":118,"length":3685.9723577442928}},{"type":"Feature","id":119,"geometry":{"type":"LineString","coordinates":[[23.703761900000075,37.927819200000044],[23.703673500000036,37.927787200000068],[23.703588500000023,37.927747700000054],[23.703539400000068,37.927711300000055],[23.703469200000029,37.927649300000041],[23.703410000000076,37.927585800000031],[23.702503200000024,37.92621070000007],[23.702281000000028,37.925879300000076],[23.702214100000049,37.925797900000077],[23.701866400000029,37.925267800000029],[23.701651800000036,37.924940500000048],[23.701627300000041,37.924895200000037],[23.701549600000078,37.924751400000048],[23.701260700000034,37.924300000000073],[23.701238700000033,37.924280500000066],[23.701209700000049,37.924264700000037],[23.701180000000022,37.924251000000027],[23.701145600000075,37.924239800000066],[23.70111170000007,37.924233800000025],[23.701051500000062,37.924227700000074]]},"properties":{"OBJECTID":119,"length":472.6829002912898}},{"type":"Feature","id":120,"geometry":{"type":"LineString","coordinates":[[23.659863800000039,37.946039400000075],[23.65983790000007,37.946066600000051],[23.65968840000005,37.946224200000074],[23.659659400000066,37.94625300000007],[23.659618100000046,37.946282000000053],[23.659585900000025,37.946303000000057],[23.659429800000055,37.946404900000061],[23.659374700000058,37.946441200000038],[23.659320200000025,37.946471000000031],[23.659233400000062,37.946507800000063],[23.659155600000076,37.946534900000074],[23.659095100000059,37.946558200000027]]},"properties":{"OBJECTID":120,"length":90.207308448499717}},{"type":"Feature","id":121,"geometry":{"type":"LineString","coordinates":[[23.694935100000066,37.922228300000029],[23.695118000000036,37.922108000000037]]},"properties":{"OBJECTID":121,"length":20.902389358072384}},{"type":"Feature","id":122,"geometry":{"type":"LineString","coordinates":[[23.662300800000025,37.944269600000041],[23.662491000000045,37.944184200000052],[23.662551400000041,37.944145800000058],[23.662626500000044,37.944105900000068],[23.662704500000075,37.944070800000077],[23.66275980000006,37.944052100000079],[23.662835900000061,37.944031900000027],[23.662920800000052,37.944015600000057],[23.66301100000004,37.944004900000039],[23.663119100000074,37.943991400000073],[23.663269800000023,37.943972500000029]]},"properties":{"OBJECTID":122,"length":92.928806422333039}},{"type":"Feature","id":123,"geometry":{"type":"LineString","coordinates":[[23.663259800000048,37.943910900000049],[23.663400100000047,37.943898300000058]]},"properties":{"OBJECTID":123,"length":12.411322600202974}},{"type":"Feature","id":124,"geometry":{"type":"LineString","coordinates":[[23.662300800000025,37.944269600000041],[23.662399900000025,37.944204300000024],[23.662454000000025,37.944166500000051],[23.662534600000072,37.944109200000071],[23.662683900000047,37.944025900000042],[23.662789600000053,37.943984200000045],[23.662907200000063,37.943955000000074],[23.663049800000067,37.943933100000038],[23.663183300000071,37.943920600000069],[23.663259800000048,37.943910900000049]]},"properties":{"OBJECTID":124,"length":95.854841914028853}},{"type":"Feature","id":125,"geometry":{"type":"LineString","coordinates":[[23.701174000000037,37.917906600000038],[23.701389200000051,37.917662500000063]]},"properties":{"OBJECTID":125,"length":33.047588741936593}},{"type":"Feature","id":126,"geometry":{"type":"LineString","coordinates":[[23.731146700000068,37.966173300000037],[23.731360500000051,37.966336600000034],[23.731425000000058,37.966385800000069],[23.73149010000003,37.966447600000038],[23.731498300000055,37.966455400000029],[23.731789700000036,37.966675500000065],[23.732075500000064,37.966896800000029],[23.732151200000033,37.966946500000063],[23.732220700000028,37.966981000000033],[23.732283000000052,37.967008000000078],[23.732347900000036,37.967026000000033],[23.732409000000075,37.967036600000029],[23.732514900000069,37.96704550000004],[23.732713100000069,37.96706770000003],[23.732903700000065,37.96709160000006],[23.733226300000069,37.967128000000059],[23.733336400000042,37.967143700000065],[23.733391100000063,37.967148800000075],[23.733461200000079,37.967157400000076],[23.73354820000003,37.967167700000061],[23.734135500000036,37.967232900000056],[23.734261600000025,37.967252200000075],[23.734364300000038,37.967277900000056],[23.734453900000062,37.967312400000026],[23.734549500000071,37.967358600000068],[23.734648600000071,37.967426000000046],[23.734773500000074,37.967534900000032],[23.734849000000054,37.967597200000057],[23.734907600000042,37.967640000000074],[23.734973600000046,37.967684900000052],[23.735053200000038,37.967723900000067],[23.735134200000061,37.967761100000075],[23.735220900000058,37.967790000000036],[23.735300100000075,37.967809800000055],[23.735407500000065,37.967830200000037],[23.735520300000076,37.967843500000072],[23.735690600000055,37.967858800000045],[23.735967600000038,37.967879900000071],[23.736129000000062,37.967895500000054],[23.73624970000003,37.967912800000079],[23.736418000000072,37.967939800000067],[23.736577300000079,37.967974300000037],[23.736745100000064,37.968018500000028],[23.736937500000067,37.968075700000043],[23.737143300000071,37.968147300000055],[23.737329100000068,37.96821170000004],[23.737431400000048,37.968255100000079],[23.737490700000023,37.968288800000039],[23.737569400000041,37.968354300000044],[23.737733300000059,37.968495200000064],[23.737911700000041,37.968665000000044],[23.738090200000045,37.968834900000047],[23.738118500000041,37.968865600000072],[23.738158100000078,37.968920700000069],[23.738167000000033,37.968939100000057]]},"properties":{"OBJECTID":126,"length":720.34934054506357}},{"type":"Feature","id":127,"geometry":{"type":"LineString","coordinates":[[23.735395900000071,37.891947000000073],[23.735482400000024,37.891979500000048],[23.735533200000077,37.892005300000051],[23.73560800000007,37.892056400000058],[23.735646900000063,37.892094100000065],[23.735679800000071,37.892130300000076],[23.735711400000071,37.892169900000056],[23.735733700000026,37.892212700000073],[23.735758300000043,37.892258600000048],[23.735772900000029,37.892305800000031],[23.735784000000024,37.892360500000052],[23.735785800000031,37.892408200000034],[23.735781300000042,37.892468500000064],[23.735767400000043,37.892535400000043],[23.735743700000057,37.892592400000069],[23.735722300000077,37.892644100000041],[23.735692800000038,37.892703300000051],[23.735624700000074,37.892850100000032],[23.73527450000006,37.893569900000045],[23.735128100000054,37.89387320000003],[23.735022300000026,37.894086200000061],[23.734914300000071,37.894282700000076],[23.734631000000036,37.894767700000045],[23.734376600000076,37.895219500000053],[23.733989600000029,37.89586550000007]]},"properties":{"OBJECTID":127,"length":481.31425630478611}},{"type":"Feature","id":128,"geometry":{"type":"LineString","coordinates":[[23.72775740000003,37.889283900000066],[23.728459900000075,37.889511500000026],[23.731327600000043,37.890542400000072],[23.732269000000031,37.890861900000061],[23.732816400000047,37.891045400000053],[23.73354130000007,37.891288000000031],[23.734295200000076,37.891556800000046],[23.735395900000071,37.891947000000073]]},"properties":{"OBJECTID":128,"length":734.11173405304839}},{"type":"Feature","id":129,"geometry":{"type":"LineString","coordinates":[[23.735372900000073,37.891975200000047],[23.734320800000035,37.891601600000058],[23.733478300000058,37.891301600000077],[23.732276500000069,37.890900300000055],[23.731325200000072,37.890573900000049],[23.728487200000075,37.889561000000072],[23.728020000000072,37.889409800000067]]},"properties":{"OBJECTID":129,"length":706.73270723933149}},{"type":"Feature","id":130,"geometry":{"type":"LineString","coordinates":[[23.73395430000005,37.89584670000005],[23.734341400000062,37.895194100000026],[23.734611000000029,37.894720900000038],[23.734879000000035,37.894257300000049],[23.734975500000075,37.894087100000036],[23.735078600000065,37.893882500000075],[23.735227400000042,37.893566700000065],[23.735634300000072,37.892730700000072],[23.735657200000048,37.89269100000007],[23.735675600000036,37.892642500000079],[23.73569580000003,37.892600300000026],[23.735714200000075,37.89254550000004],[23.735729400000025,37.892485900000054],[23.735734700000023,37.892438700000071],[23.735737800000038,37.892391200000077],[23.735732100000064,37.892340000000047],[23.735710200000028,37.892276200000026],[23.735682800000063,37.892216700000063],[23.735655300000076,37.89217670000005],[23.735613900000033,37.892125300000032],[23.735569500000054,37.892088700000045],[23.735501300000067,37.892040400000042],[23.735452100000032,37.892011800000034],[23.735372900000073,37.891975200000047]]},"properties":{"OBJECTID":130,"length":474.36795616100994}},{"type":"Feature","id":131,"geometry":{"type":"LineString","coordinates":[[23.723911800000053,37.889610100000027],[23.723971900000038,37.889554800000042],[23.724006200000076,37.889534800000035],[23.724035100000037,37.889518000000066],[23.72406680000006,37.889502500000049],[23.724093700000026,37.88949180000003],[23.724129300000072,37.889483400000074],[23.724180100000069,37.889481400000079],[23.72422320000004,37.88948380000005],[23.724260900000047,37.88948860000005],[23.724299400000064,37.889494200000058],[23.72433570000004,37.889499400000034],[23.724376900000038,37.889508500000034],[23.724394300000029,37.889513200000067],[23.724521100000061,37.889548800000057],[23.724615300000039,37.889573600000062],[23.724801300000024,37.889622900000063],[23.72488130000005,37.88963590000003],[23.724937800000077,37.88964500000003],[23.725022300000035,37.88965120000006],[23.725119800000073,37.889656100000025],[23.725191400000028,37.889656100000025],[23.725260400000025,37.88965010000004],[23.725358200000073,37.889640800000052],[23.725424900000064,37.88962790000005],[23.725512000000037,37.889607800000078],[23.725586900000053,37.889585200000056],[23.725701300000026,37.889548400000081],[23.725802000000044,37.889512700000068],[23.726343500000041,37.889332200000069],[23.726463700000068,37.889289000000076],[23.726579300000026,37.889249500000062],[23.726700500000049,37.889211300000056],[23.726769200000035,37.889193200000079],[23.726860600000066,37.889175200000068],[23.726938500000074,37.889164700000038],[23.72702970000006,37.889157500000067],[23.727121500000067,37.889157200000056],[23.727172200000041,37.889157400000045],[23.727245700000026,37.889162900000031],[23.727291800000046,37.889168100000063],[23.727353900000026,37.88917680000003],[23.727422500000046,37.889189600000066],[23.727481500000067,37.889203100000032],[23.727630000000033,37.889244400000052],[23.72775740000003,37.889283900000066]]},"properties":{"OBJECTID":131,"length":358.37208821398701}},{"type":"Feature","id":132,"geometry":{"type":"LineString","coordinates":[[23.735434700000042,37.899719800000071],[23.735420500000032,37.899700200000041],[23.735089300000027,37.899191500000029],[23.734908200000064,37.898919000000035],[23.734483900000043,37.898283200000037],[23.734049000000027,37.897631700000034],[23.733705500000042,37.897131300000069],[23.733666600000049,37.897062900000037],[23.733627700000056,37.896975600000076],[23.73359860000005,37.896886400000028],[23.733578900000055,37.89677400000005],[23.733571900000072,37.896675600000037],[23.733578000000023,37.896593400000029],[23.733597200000077,37.89651020000008],[23.733617400000071,37.896436700000038],[23.733649600000035,37.896359000000075],[23.733710000000031,37.896252200000049],[23.73395430000005,37.89584670000005]]},"properties":{"OBJECTID":132,"length":476.27370241551125}},{"type":"Feature","id":133,"geometry":{"type":"LineString","coordinates":[[23.738167000000033,37.968939100000057],[23.73817420000006,37.968974900000035],[23.738176200000055,37.969005500000037],[23.738175200000057,37.969028700000024],[23.738167200000078,37.969061800000077],[23.73816000000005,37.969083900000044],[23.738146300000039,37.969115700000032],[23.738129600000036,37.969137200000034],[23.738123300000041,37.969145100000048],[23.738099100000056,37.969164100000057],[23.73806200000007,37.969186600000057],[23.738031300000046,37.969203700000037],[23.737988200000075,37.969221300000072],[23.737957600000072,37.969228200000032],[23.73792480000003,37.969232500000032],[23.737897500000031,37.969232500000032],[23.737848000000042,37.969228000000044],[23.73780400000004,37.969220500000063],[23.737730900000031,37.969209600000056],[23.737178700000072,37.969128200000057],[23.737151500000039,37.969125600000041],[23.737087300000042,37.96912640000005],[23.737029500000062,37.96913550000005],[23.736962700000049,37.969149900000048],[23.736851700000045,37.969181000000049],[23.736737300000073,37.969216500000073],[23.736256600000047,37.969375900000045],[23.736151600000028,37.969413000000031],[23.736033900000052,37.969459000000029],[23.735637100000076,37.969609500000047],[23.73510710000005,37.969830200000047],[23.734819200000061,37.969944700000042],[23.73435580000006,37.970138600000041],[23.734220700000037,37.970199800000046],[23.733555400000057,37.970441200000039],[23.733275500000047,37.970574600000077],[23.733173200000067,37.970625100000063],[23.733130800000026,37.970646100000067],[23.733098700000028,37.970665500000052],[23.733065300000078,37.97069300000004],[23.733005300000059,37.970736500000044],[23.733025300000065,37.970892700000036],[23.733027400000026,37.970956500000057],[23.733034900000064,37.970996000000071],[23.733066200000053,37.971063500000071]]},"properties":{"OBJECTID":133,"length":557.91500293372144}},{"type":"Feature","id":134,"geometry":{"type":"LineString","coordinates":[[23.732924400000059,37.970779800000059],[23.73293330000007,37.970759000000044],[23.73298520000003,37.970715900000073],[23.733057100000053,37.970663400000035],[23.733140200000037,37.970611500000075],[23.733240900000055,37.970561800000041],[23.733400700000061,37.970494100000053]]},"properties":{"OBJECTID":134,"length":53.294832941833697}},{"type":"Feature","id":135,"geometry":{"type":"LineString","coordinates":[[23.643726500000071,37.944529300000056],[23.643590200000062,37.944627100000048],[23.64354620000006,37.944658600000025]]},"properties":{"OBJECTID":135,"length":21.380690523004706}},{"type":"Feature","id":136,"geometry":{"type":"LineString","coordinates":[[23.644312800000023,37.94427410000003],[23.644391800000051,37.944257900000025],[23.644446100000039,37.944248600000037],[23.644453100000078,37.944248500000072],[23.644490100000041,37.944248600000037],[23.644536100000039,37.944250400000044],[23.644607000000065,37.94427410000003],[23.644652500000063,37.94430820000008],[23.644687300000044,37.94434590000003]]},"properties":{"OBJECTID":136,"length":37.426531569001071}},{"type":"Feature","id":137,"geometry":{"type":"LineString","coordinates":[[23.64354620000006,37.944658600000025],[23.642971300000056,37.944983200000024],[23.642539500000055,37.945227000000045]]},"properties":{"OBJECTID":137,"length":108.67508167250956}},{"type":"Feature","id":138,"geometry":{"type":"LineString","coordinates":[[23.704461900000069,37.916684600000053],[23.704293100000029,37.916772800000047],[23.704142500000046,37.916836700000033],[23.703989200000024,37.916895300000078],[23.703901700000074,37.916928800000051],[23.703596000000061,37.917000700000074],[23.703408400000058,37.917029400000047],[23.702742600000079,37.917120400000044],[23.702658700000029,37.917137000000025],[23.702497200000039,37.917172000000051],[23.702419700000064,37.917197000000044],[23.702262200000064,37.917243600000063],[23.702117200000032,37.917301300000076],[23.702027600000065,37.917337500000031],[23.701689700000031,37.917495600000052],[23.701656300000025,37.917513600000063],[23.701599000000044,37.917543300000034],[23.701555300000052,37.917569600000036],[23.701525500000059,37.91759060000004],[23.701495800000032,37.917613000000074],[23.701467500000035,37.917635800000028],[23.701449500000024,37.917651700000079],[23.701413600000024,37.917683500000066]]},"properties":{"OBJECTID":138,"length":294.81986430175152}},{"type":"Feature","id":139,"geometry":{"type":"LineString","coordinates":[[23.701389200000051,37.917662500000063],[23.701431500000069,37.917622700000038],[23.70150620000004,37.917561800000044],[23.701679300000023,37.917468400000075],[23.702011800000037,37.917309400000079],[23.702163000000041,37.91724540000007],[23.702333300000078,37.917190700000049],[23.702491500000065,37.917145300000072],[23.702580800000078,37.917126400000029],[23.702655800000059,37.91711070000008],[23.702851200000055,37.917081500000052],[23.703415100000029,37.917001600000049],[23.703581400000076,37.916975900000068],[23.703788300000042,37.916927200000032],[23.703908300000023,37.916892100000041],[23.704029300000059,37.916844500000025],[23.704179700000054,37.916781200000059],[23.70431590000004,37.91671290000005],[23.704452900000035,37.916633200000035],[23.704567000000054,37.916551500000025],[23.704682600000069,37.916469500000062]]},"properties":{"OBJECTID":139,"length":324.86792665061887}},{"type":"Feature","id":140,"geometry":{"type":"LineString","coordinates":[[23.705473700000027,37.915934200000038],[23.705199200000038,37.916147500000079],[23.705131000000051,37.916201600000079]]},"properties":{"OBJECTID":140,"length":42.296814459249596}},{"type":"Feature","id":141,"geometry":{"type":"LineString","coordinates":[[23.705892700000049,37.915608600000041],[23.705849200000046,37.915642400000024],[23.705473700000027,37.915934200000038]]},"properties":{"OBJECTID":141,"length":51.609731383472656}},{"type":"Feature","id":142,"geometry":{"type":"LineString","coordinates":[[23.752534400000059,37.85014220000005],[23.752416100000062,37.850533900000073],[23.752360900000042,37.850716900000066],[23.75233430000003,37.850821300000064],[23.752214200000026,37.851236800000038],[23.752170700000079,37.85141150000004],[23.75208710000004,37.851753500000029],[23.751908200000059,37.852379400000075],[23.751766200000077,37.852890500000058],[23.751700400000061,37.853119700000036],[23.751688000000058,37.853175000000078],[23.751683700000058,37.853247500000066],[23.751706700000057,37.853345200000035],[23.751745200000073,37.853412300000059],[23.751818600000036,37.85346990000005],[23.751890800000069,37.853511900000058],[23.751959700000043,37.853531900000064],[23.752005700000041,37.853545500000052],[23.752212100000065,37.853570800000057],[23.752380300000027,37.853589800000066],[23.752553400000068,37.853621500000031],[23.75265580000007,37.853669600000046],[23.752735500000028,37.853737000000081],[23.75280870000006,37.853842800000052],[23.752839800000061,37.853940900000055],[23.752846700000077,37.854022300000054],[23.75285290000005,37.854276000000027],[23.752864400000078,37.854353900000035],[23.752874600000041,37.854401000000053],[23.752903200000048,37.854460900000049]]},"properties":{"OBJECTID":142,"length":552.47707060759672}},{"type":"Feature","id":143,"geometry":{"type":"LineString","coordinates":[[23.752852700000062,37.854464800000073],[23.752833300000077,37.854424100000074],[23.75282210000006,37.854378500000053],[23.752813400000036,37.854283500000065],[23.752811800000075,37.854023700000027],[23.752806500000077,37.853945500000066],[23.752769300000068,37.853847300000041],[23.752701800000068,37.853759100000048],[23.752633600000024,37.853695000000073],[23.752542400000038,37.853655700000047],[23.752371800000049,37.853619200000026],[23.752204400000039,37.853599600000052],[23.751999400000045,37.853579000000025],[23.751954300000023,37.853569100000072],[23.75186640000004,37.853541300000074],[23.751764300000048,37.853480800000057],[23.751735000000053,37.853456000000051],[23.751670500000046,37.853385700000047],[23.751637000000073,37.853296800000066],[23.751628900000071,37.853200400000048],[23.751642500000059,37.853147800000045],[23.751664600000026,37.853064500000073],[23.752134300000023,37.851404500000058],[23.752186100000074,37.851229300000057],[23.752350200000024,37.850658100000032]]},"properties":{"OBJECTID":143,"length":495.33211712758936}},{"type":"Feature","id":144,"geometry":{"type":"LineString","coordinates":[[23.739486800000066,37.902154200000041],[23.739520300000038,37.90215870000003],[23.739553200000046,37.902163500000029],[23.739587200000074,37.90216920000006],[23.739627800000051,37.902176700000041],[23.739678400000059,37.902189000000078]]},"properties":{"OBJECTID":144,"length":17.308362909194226}},{"type":"Feature","id":145,"geometry":{"type":"LineString","coordinates":[[23.726406000000054,37.889347900000075],[23.726329700000065,37.88939060000007],[23.726297000000045,37.889411100000075],[23.726268900000036,37.889426100000037],[23.726230100000066,37.88944470000007],[23.725933800000064,37.889567900000031]]},"properties":{"OBJECTID":145,"length":48.286201856898771}},{"type":"Feature","id":146,"geometry":{"type":"LineString","coordinates":[[23.724969300000055,37.958373600000073],[23.724781000000064,37.958531300000061],[23.724325500000077,37.958905000000073],[23.723958800000048,37.959203700000046],[23.723807700000066,37.959327600000051],[23.723739300000034,37.959394800000041],[23.723682900000028,37.959448400000042],[23.723634300000072,37.959517100000028],[23.723595800000055,37.959587000000056],[23.723567800000069,37.959652100000028],[23.723544200000049,37.959737200000063],[23.723536300000035,37.959804000000076],[23.723531600000058,37.959848300000033],[23.723530600000061,37.959944700000051],[23.723533300000042,37.96012920000004],[23.723529300000052,37.960432900000058],[23.723526400000026,37.960793000000081],[23.723532500000033,37.960829900000078],[23.723536500000023,37.960845200000051]]},"properties":{"OBJECTID":146,"length":322.02505812030046}},{"type":"Feature","id":147,"geometry":{"type":"LineString","coordinates":[[23.724937900000043,37.958349700000042],[23.724978900000053,37.958315600000049],[23.725057100000072,37.958257100000026],[23.725092000000075,37.958236600000077],[23.725150900000074,37.95820770000006],[23.725218900000073,37.958181800000034],[23.725299100000029,37.958163100000036],[23.725397900000075,37.958144800000071],[23.72563660000003,37.958104500000047],[23.726224400000035,37.958020100000056],[23.726272400000028,37.958013200000039],[23.72664530000003,37.957962900000041],[23.726758800000027,37.957947600000068],[23.727119200000061,37.957898900000032],[23.727152600000068,37.957892500000071],[23.727185800000029,37.957882600000062],[23.727215000000058,37.957868000000076],[23.727238500000055,37.957849600000031],[23.727255500000069,37.957830100000081],[23.727267900000072,37.957809700000041],[23.727277100000038,37.957787500000052]]},"properties":{"OBJECTID":147,"length":221.02779647227402}},{"type":"Feature","id":148,"geometry":{"type":"LineString","coordinates":[[23.728221500000075,37.95739130000004],[23.728228900000033,37.957423500000061],[23.728232400000024,37.957460900000058],[23.728228800000068,37.957499600000062],[23.728219700000068,37.957531800000027],[23.728204400000038,37.957564800000057],[23.728138900000033,37.957676900000024],[23.728121000000044,37.957703200000026],[23.72809970000003,37.957727300000045],[23.728072700000041,37.957751300000041],[23.728051200000039,37.957766200000037],[23.728025600000024,37.957782700000053],[23.727990400000067,37.957802400000048],[23.727953100000036,37.957817000000034],[23.727913900000033,37.957828100000029],[23.727870500000051,37.957835700000032],[23.727381800000046,37.957900400000028],[23.727036800000064,37.957945400000028],[23.726797400000066,37.957976600000052],[23.726652600000023,37.957995500000038],[23.726279500000032,37.958044100000052],[23.72623150000004,37.958051300000079],[23.725655200000062,37.958137300000033],[23.725401900000065,37.958181700000068],[23.725328800000057,37.958196000000044],[23.725259400000027,37.958213700000044],[23.725203500000077,37.958232100000032],[23.725139500000068,37.958260600000074],[23.725073900000041,37.958294700000067],[23.725036400000079,37.958320600000036],[23.725000300000033,37.958347700000047],[23.724969300000055,37.958373600000073]]},"properties":{"OBJECTID":148,"length":328.7004803271135}},{"type":"Feature","id":149,"geometry":{"type":"LineString","coordinates":[[23.667744000000027,37.94458190000006],[23.667357800000048,37.944569200000046],[23.667103900000029,37.944560900000056],[23.667077900000038,37.944560000000024],[23.666509200000064,37.944546600000081],[23.666414000000032,37.94454230000008],[23.666352600000039,37.944538800000032],[23.666296700000032,37.944530600000064],[23.666251100000068,37.944516400000055],[23.666195500000072,37.944492900000057],[23.666150600000037,37.944458700000041],[23.666118500000039,37.944428500000072],[23.666087300000072,37.944388600000025],[23.666066600000079,37.944348400000024],[23.666051200000027,37.944308000000035],[23.66591260000007,37.944004900000039],[23.665883500000064,37.943964600000072],[23.66584800000004,37.94392780000004],[23.665806600000053,37.943894900000032],[23.665760100000057,37.943866600000035],[23.665709400000026,37.943843300000026],[23.665655100000038,37.943825500000059],[23.665597400000024,37.943816100000049],[23.665534800000046,37.943812800000046],[23.665481500000055,37.943815400000062],[23.665390000000059,37.943819500000075],[23.664915300000075,37.943841100000043],[23.664470000000051,37.943867900000043],[23.66427340000007,37.943884400000059],[23.663815800000066,37.943923100000063],[23.663413100000071,37.943957100000034]]},"properties":{"OBJECTID":149,"length":426.43561973572628}},{"type":"Feature","id":150,"geometry":{"type":"LineString","coordinates":[[23.644687300000044,37.94434590000003],[23.645066800000052,37.944790100000034],[23.645195600000022,37.944940300000042]]},"properties":{"OBJECTID":150,"length":79.680534697811453}},{"type":"Feature","id":151,"geometry":{"type":"LineString","coordinates":[[23.689244300000041,37.939746200000059],[23.689710600000069,37.938950600000055]]},"properties":{"OBJECTID":151,"length":97.357389255524254}},{"type":"Feature","id":152,"geometry":{"type":"LineString","coordinates":[[23.689319100000034,37.939718400000061],[23.689259900000025,37.939820600000076],[23.689175000000034,37.939958800000056],[23.689090000000078,37.940062000000069],[23.688952000000029,37.940197400000045],[23.688806700000043,37.940321100000062],[23.688673600000072,37.94041930000003]]},"properties":{"OBJECTID":152,"length":97.27179306610941}},{"type":"Feature","id":153,"geometry":{"type":"LineString","coordinates":[[23.689710600000069,37.938950600000055],[23.689725200000055,37.938925600000061],[23.689910800000064,37.938662000000079],[23.690102900000056,37.93843650000008],[23.690238200000067,37.938301900000056],[23.690377900000044,37.938187300000038],[23.690510600000039,37.938093800000047],[23.690728300000046,37.93794580000008]]},"properties":{"OBJECTID":153,"length":144.36158083456493}},{"type":"Feature","id":154,"geometry":{"type":"LineString","coordinates":[[23.690754500000025,37.937985300000037],[23.690548200000023,37.938136100000065],[23.690415500000029,37.938229600000057],[23.690268600000024,37.938342600000055],[23.690132300000073,37.938478000000032],[23.689941200000078,37.938702700000078],[23.689753600000074,37.93896790000008]]},"properties":{"OBJECTID":154,"length":141.32567047821962}},{"type":"Feature","id":155,"geometry":{"type":"LineString","coordinates":[[23.689753600000074,37.93896790000008],[23.689319100000034,37.939718400000061]]},"properties":{"OBJECTID":155,"length":91.640880820911178}},{"type":"Feature","id":156,"geometry":{"type":"LineString","coordinates":[[23.688633300000049,37.940368500000034],[23.688761400000033,37.940293200000042],[23.688924600000064,37.940160700000035],[23.689059600000064,37.94002050000006],[23.689144600000077,37.939916500000038],[23.689222000000029,37.939787200000069],[23.689244300000041,37.939746200000059]]},"properties":{"OBJECTID":156,"length":88.72688093146084}},{"type":"Feature","id":157,"geometry":{"type":"LineString","coordinates":[[23.69091190000006,37.93790000000007],[23.690754500000025,37.937985300000037]]},"properties":{"OBJECTID":157,"length":16.76571065925323}},{"type":"Feature","id":158,"geometry":{"type":"LineString","coordinates":[[23.690728300000046,37.93794580000008],[23.690873200000055,37.937865200000033]]},"properties":{"OBJECTID":158,"length":15.565427595002138}},{"type":"Feature","id":159,"geometry":{"type":"LineString","coordinates":[[23.705892700000049,37.915608600000041],[23.706081400000073,37.915458800000067]]},"properties":{"OBJECTID":159,"length":23.490106862462206}},{"type":"Feature","id":160,"geometry":{"type":"LineString","coordinates":[[23.752350200000024,37.850658100000032],[23.752388800000062,37.850526800000068],[23.752393700000027,37.850510000000043],[23.75243480000006,37.850357900000063],[23.752483300000051,37.850180100000046],[23.752490300000034,37.85014410000008],[23.75249210000004,37.850108500000033],[23.752489400000059,37.850050500000066],[23.752489400000059,37.85002540000005],[23.752493600000037,37.85000210000004],[23.752590000000055,37.849664400000052]]},"properties":{"OBJECTID":160,"length":112.60313467342432}},{"type":"Feature","id":161,"geometry":{"type":"LineString","coordinates":[[23.752667300000041,37.849678100000062],[23.752570900000023,37.850015900000074],[23.752534400000059,37.85014220000005]]},"properties":{"OBJECTID":161,"length":52.823459592242557}},{"type":"Feature","id":162,"geometry":{"type":"LineString","coordinates":[[23.73765190000006,37.902069600000061],[23.737831000000028,37.902020100000072],[23.738078700000074,37.90195570000003],[23.738371700000073,37.901877500000069],[23.73851460000003,37.901839100000075],[23.738543900000025,37.901831600000037],[23.738562700000045,37.901827100000048],[23.738578100000041,37.901823700000079],[23.738592600000061,37.901821100000063],[23.738606300000072,37.901819200000034],[23.738620300000036,37.901817600000072],[23.738634300000058,37.90181640000003],[23.738647600000036,37.901815800000065],[23.738661300000047,37.901815800000065],[23.738673600000027,37.901816200000042],[23.738685800000042,37.901817000000051],[23.738698700000043,37.901818500000047],[23.738713500000074,37.901820900000075],[23.738735900000052,37.901825300000041],[23.738759900000048,37.901830500000074],[23.738792500000045,37.901839800000062],[23.738833200000045,37.90185230000003],[23.738863200000026,37.90186250000005],[23.738930800000048,37.901887200000033],[23.738994000000048,37.901911200000029],[23.739054500000066,37.901936600000056],[23.739422400000024,37.902085300000067],[23.739607500000034,37.902161700000079],[23.739678400000059,37.902189000000078],[23.739711300000067,37.902201600000069],[23.739863800000023,37.902260100000035],[23.739952500000072,37.902298900000062],[23.739989800000046,37.902315200000032],[23.740033200000028,37.902343200000075],[23.740077600000063,37.902387300000044],[23.740088100000037,37.902401400000031],[23.740098900000078,37.902419800000075],[23.740107500000079,37.90243920000006],[23.740115900000035,37.902470000000051],[23.740119200000038,37.902495100000067],[23.740116600000079,37.902523000000031],[23.740110400000049,37.902589300000045],[23.740107000000023,37.90269580000006],[23.740105800000038,37.902733800000078],[23.740102000000036,37.902816800000039],[23.740101400000071,37.902825500000063],[23.740100200000029,37.902834700000028],[23.740097900000023,37.902846100000033],[23.740094700000043,37.902857400000073],[23.740091200000052,37.902868500000068],[23.740086400000052,37.90288060000006],[23.740081900000064,37.902890600000035],[23.740077300000053,37.902900000000045],[23.740072700000042,37.902908600000046],[23.740066600000034,37.902918400000033],[23.740059700000074,37.902927900000066],[23.740051900000026,37.902937200000054],[23.740042100000039,37.902947600000061],[23.740024700000049,37.902966000000049],[23.740013900000065,37.902977500000077],[23.739991700000076,37.902999100000045],[23.739955400000042,37.903039700000079],[23.739925700000072,37.903072800000075],[23.739908100000036,37.903091000000074],[23.739894800000059,37.903104600000063],[23.739877800000045,37.903119500000059],[23.739865700000053,37.903128800000047],[23.739847900000029,37.90314010000003],[23.739821600000028,37.903154200000074],[23.739811300000042,37.903159100000039]]},"properties":{"OBJECTID":162,"length":329.58044369654812}},{"type":"Feature","id":163,"geometry":{"type":"LineString","coordinates":[[23.738414200000022,37.903811800000028],[23.738289900000041,37.903870700000027],[23.738219000000072,37.903905000000066],[23.738209900000072,37.903909300000066],[23.738199800000075,37.903913500000044],[23.738192200000071,37.903916500000037],[23.738183100000072,37.903919600000052],[23.738167700000076,37.903924300000028],[23.738155800000072,37.903927500000066],[23.738142900000071,37.903930900000034],[23.738129700000059,37.903933800000061],[23.738113700000042,37.903936700000031],[23.738094000000046,37.90393940000007],[23.738075400000071,37.903941200000077],[23.738063900000043,37.903942100000052],[23.73805550000003,37.903942200000074],[23.738047600000073,37.903942100000052],[23.738040200000057,37.903941700000075],[23.738028800000052,37.903940600000055],[23.738017700000057,37.903939100000059],[23.738008400000069,37.903937800000051],[23.737999400000035,37.903936200000032],[23.737990600000046,37.90393430000006],[23.737982100000067,37.903932200000042],[23.737973700000055,37.903930100000025],[23.737964300000044,37.903927300000078],[23.737955200000044,37.903924200000063],[23.737945600000046,37.903920700000072],[23.737934600000074,37.903916200000026],[23.737923700000067,37.903911200000039],[23.737912000000051,37.903905400000042],[23.737900800000034,37.903899000000024],[23.737867600000072,37.903879000000074],[23.737853200000075,37.903868200000034],[23.737815200000057,37.903839900000037],[23.73776950000007,37.903802700000028],[23.737744100000043,37.903779500000041],[23.737724800000024,37.90375860000006],[23.737702700000057,37.903723200000059],[23.737680800000078,37.903682300000071],[23.737659700000052,37.903631100000041],[23.737590500000067,37.903486500000042],[23.737560700000074,37.90342430000004],[23.737536000000034,37.903366700000049],[23.73742610000005,37.903110500000025],[23.737355100000059,37.902941800000065],[23.737290400000063,37.902783000000056],[23.737114400000053,37.902359100000069],[23.737019800000041,37.902127000000064],[23.736986400000035,37.902046000000041],[23.736977900000056,37.902027100000055],[23.736967700000037,37.90200660000005],[23.736960000000067,37.901993300000072],[23.736949700000025,37.901977000000045],[23.736912700000062,37.901924200000053]]},"properties":{"OBJECTID":163,"length":287.83444041700892}},{"type":"Feature","id":164,"geometry":{"type":"LineString","coordinates":[[23.667357800000048,37.944569200000046],[23.667198400000075,37.944534300000043]]},"properties":{"OBJECTID":164,"length":14.536671071977098}},{"type":"Feature","id":165,"geometry":{"type":"LineString","coordinates":[[23.644778900000063,37.944088600000043],[23.644696500000066,37.944133800000031],[23.644446100000039,37.944248600000037]]},"properties":{"OBJECTID":165,"length":34.243057371938015}},{"type":"Feature","id":166,"geometry":{"type":"LineString","coordinates":[[23.645557500000052,37.943660100000045],[23.645407300000045,37.943743600000062],[23.645359400000075,37.943770500000028],[23.644778900000063,37.944088600000043]]},"properties":{"OBJECTID":166,"length":83.342725637712888}},{"type":"Feature","id":167,"geometry":{"type":"LineString","coordinates":[[23.645557500000052,37.943660100000045],[23.645420800000068,37.943710700000054],[23.645339500000034,37.943747500000029],[23.644677100000024,37.944113100000038],[23.644312800000023,37.94427410000003]]},"properties":{"OBJECTID":167,"length":129.13599216454222}},{"type":"Feature","id":168,"geometry":{"type":"LineString","coordinates":[[23.644446100000039,37.944248600000037],[23.644057400000065,37.944406500000071],[23.643821900000034,37.944523900000036],[23.643745900000056,37.944561700000065],[23.643588400000056,37.944634800000074],[23.64354620000006,37.944658600000025]]},"properties":{"OBJECTID":168,"length":91.348294396080888}},{"type":"Feature","id":169,"geometry":{"type":"LineString","coordinates":[[23.736912700000062,37.901924200000053],[23.736892400000045,37.901908300000059],[23.73684170000007,37.90186250000005],[23.736768400000074,37.901802200000077]]},"properties":{"OBJECTID":169,"length":18.565244683731777}},{"type":"Feature","id":170,"geometry":{"type":"LineString","coordinates":[[23.736797500000023,37.90177650000004],[23.736896000000058,37.901839900000027],[23.737010700000042,37.901916800000038],[23.737067400000058,37.901953100000071],[23.737132200000076,37.901994500000058],[23.737178500000027,37.902021500000046],[23.737196500000039,37.902031000000079],[23.737221000000034,37.902043100000071],[23.737241200000028,37.902051700000072],[23.737274700000057,37.902064700000039],[23.737296600000036,37.902072500000031],[23.737322600000027,37.902081200000055],[23.737350200000037,37.902088700000036],[23.737384000000077,37.902094400000067],[23.737409400000047,37.902096700000072],[23.737438100000077,37.902097500000025],[23.737460800000065,37.902096800000038],[23.737489500000038,37.902095300000042],[23.737530100000072,37.902091200000029],[23.737570700000049,37.902085100000079],[23.73765190000006,37.902069600000061]]},"properties":{"OBJECTID":170,"length":86.982607554807686}},{"type":"Feature","id":171,"geometry":{"type":"LineString","coordinates":[[23.739787300000046,37.903126900000075],[23.738389400000074,37.903777800000057]]},"properties":{"OBJECTID":171,"length":142.59813928912629}},{"type":"Feature","id":172,"geometry":{"type":"LineString","coordinates":[[23.739765300000045,37.903097500000058],[23.738367000000039,37.903747300000077]]},"properties":{"OBJECTID":172,"length":142.56670681503539}},{"type":"Feature","id":173,"geometry":{"type":"LineString","coordinates":[[23.739742100000058,37.903066400000057],[23.738344500000039,37.90371650000003]]},"properties":{"OBJECTID":173,"length":142.53050517243224}},{"type":"Feature","id":174,"geometry":{"type":"LineString","coordinates":[[23.73971350000005,37.903028200000051],[23.738317700000039,37.903679900000043]]},"properties":{"OBJECTID":174,"length":142.4841374094143}},{"type":"Feature","id":175,"geometry":{"type":"LineString","coordinates":[[23.739691200000038,37.902998300000036],[23.738295200000039,37.903649100000052]]},"properties":{"OBJECTID":175,"length":142.44865262054216}},{"type":"Feature","id":176,"geometry":{"type":"LineString","coordinates":[[23.739667300000065,37.902966400000025],[23.738270600000078,37.903615500000058]]},"properties":{"OBJECTID":176,"length":142.40620744224753}},{"type":"Feature","id":177,"geometry":{"type":"LineString","coordinates":[[23.739643600000022,37.902934600000037],[23.738243800000077,37.903578800000048]]},"properties":{"OBJECTID":177,"length":142.36756392063006}},{"type":"Feature","id":178,"geometry":{"type":"LineString","coordinates":[[23.739620500000058,37.902903600000059],[23.738226200000042,37.903554800000052]]},"properties":{"OBJECTID":178,"length":142.34248501072929}},{"type":"Feature","id":179,"geometry":{"type":"LineString","coordinates":[[23.73959780000007,37.902873200000045],[23.738205100000073,37.903526000000056]]},"properties":{"OBJECTID":179,"length":142.3116580125826}},{"type":"Feature","id":180,"geometry":{"type":"LineString","coordinates":[[23.737853200000075,37.903868200000034],[23.737902700000063,37.90388850000005],[23.737918000000036,37.903894500000035],[23.737932100000023,37.903899100000046],[23.73794920000006,37.903904100000034],[23.737961600000062,37.903906800000073],[23.737972900000045,37.903908800000067],[23.737987300000043,37.903911200000039],[23.738002300000062,37.903912700000035],[23.738016200000061,37.903913700000032],[23.738029800000049,37.903914200000031],[23.738041800000076,37.903914100000065],[23.738053800000046,37.903913400000079],[23.738066300000071,37.903911900000026],[23.738080300000036,37.903909900000031],[23.738092400000028,37.903907500000059],[23.738102300000037,37.903904900000043],[23.738114500000052,37.903901200000064],[23.738125700000069,37.90389760000005],[23.738139100000069,37.903892900000073],[23.738151800000026,37.903887800000064],[23.73816910000005,37.903880300000026],[23.738185100000067,37.903873300000043],[23.738252700000032,37.903842200000042]]},"properties":{"OBJECTID":180,"length":38.005404771535261}},{"type":"Feature","id":181,"geometry":{"type":"LineString","coordinates":[[23.73776950000007,37.903802700000028],[23.73782790000007,37.903833800000029],[23.737876800000038,37.903851900000063],[23.737941300000045,37.903868900000077],[23.737951400000043,37.903871000000038],[23.737960600000065,37.903872300000046],[23.737971100000038,37.90387400000003],[23.737987600000054,37.903876300000036],[23.737997300000075,37.903877200000068],[23.738007300000049,37.903877700000066],[23.738018500000067,37.903877700000066],[23.738029500000039,37.903877300000033],[23.738042200000052,37.90387620000007],[23.738054100000056,37.90387480000004],[23.738066300000071,37.903872800000045],[23.738077400000066,37.903870700000027],[23.738086800000076,37.903868300000056],[23.738098400000069,37.903865100000075],[23.738106100000039,37.903862900000036],[23.738117900000077,37.90385880000008],[23.738126000000022,37.903856000000076],[23.738134700000046,37.903852400000062],[23.738144000000034,37.903848400000072],[23.738155400000039,37.903843400000028],[23.73824170000006,37.903805100000056]]},"properties":{"OBJECTID":181,"length":45.262017778111989}},{"type":"Feature","id":182,"geometry":{"type":"LineString","coordinates":[[23.737876800000038,37.903851900000063],[23.737910800000066,37.903856400000052],[23.737923400000057,37.903857800000026],[23.737940200000025,37.903859200000056],[23.737954300000069,37.903859800000077],[23.737967000000026,37.903859800000077],[23.737980400000026,37.903859400000044],[23.738003500000048,37.903857900000048],[23.738020600000027,37.903855900000053],[23.738034900000059,37.903853200000071],[23.738047400000028,37.903850000000034],[23.738057400000059,37.903847000000042],[23.738066500000059,37.903844000000049],[23.738077100000055,37.903840100000025],[23.738095100000066,37.903832900000054],[23.738107800000023,37.903827500000034],[23.738197700000057,37.903784400000063]]},"properties":{"OBJECTID":182,"length":30.298113212600949}},{"type":"Feature","id":183,"geometry":{"type":"LineString","coordinates":[[23.737659700000052,37.903631100000041],[23.737685200000044,37.903661600000078],[23.737713400000075,37.903689100000065],[23.737748300000078,37.903714600000058],[23.737788800000033,37.903740300000038],[23.737832300000036,37.903760200000079],[23.737863300000072,37.903772300000071],[23.737879200000066,37.903778000000045],[23.737894100000062,37.903782700000079],[23.737906400000043,37.90378620000007],[23.737920100000053,37.903789200000062],[23.737933600000076,37.903791700000056],[23.737946400000055,37.903793300000075],[23.737958100000071,37.903794300000072],[23.737970000000075,37.903794900000037],[23.737982800000054,37.903795000000059],[23.737995800000078,37.903794700000049],[23.738007300000049,37.90379420000005],[23.73801670000006,37.903793500000063],[23.738027200000033,37.903792400000043],[23.738037800000029,37.903791100000035],[23.738046300000065,37.903789700000061],[23.738059100000044,37.903787500000078],[23.738070600000071,37.903785200000073],[23.738080700000069,37.903783000000033],[23.738091500000053,37.903780500000039],[23.738101000000029,37.903777700000035],[23.738108800000077,37.903775200000041],[23.738115400000027,37.903772700000047],[23.738123100000053,37.903769500000067],[23.738179800000069,37.903744700000061]]},"properties":{"OBJECTID":183,"length":53.568518312765811}},{"type":"Feature","id":184,"geometry":{"type":"LineString","coordinates":[[23.737832300000036,37.903760200000079],[23.737863200000049,37.903767500000072],[23.737884600000029,37.903771200000051],[23.73790340000005,37.903773500000057],[23.737923300000034,37.90377570000004],[23.737934000000052,37.903776600000072],[23.737944800000037,37.90377710000007],[23.737950300000023,37.903777200000036],[23.737956100000076,37.903777200000036],[23.737962500000037,37.90377710000007],[23.73796770000007,37.903776900000025],[23.737974000000065,37.903776600000072],[23.737981300000058,37.90377600000005],[23.737989200000072,37.903775200000041],[23.737996300000077,37.903774200000043],[23.73800250000005,37.903773300000069],[23.73800760000006,37.903772400000037],[23.738013800000033,37.903771200000051],[23.738020400000039,37.903769700000055],[23.738026000000048,37.903768300000024],[23.738034000000027,37.903766100000041],[23.738042000000064,37.903763900000058],[23.738048300000059,37.903761800000041],[23.738053800000046,37.903759900000068],[23.738060300000029,37.903757400000075],[23.738065900000038,37.903755100000069],[23.73807910000005,37.903749700000049],[23.738086400000043,37.903746700000056],[23.738093200000037,37.903743700000064],[23.738098700000023,37.90374120000007],[23.738105500000074,37.903738000000033],[23.738170100000048,37.903707700000041],[23.738295200000039,37.903649100000052]]},"properties":{"OBJECTID":184,"length":44.504489214088473}},{"type":"Feature","id":185,"geometry":{"type":"LineString","coordinates":[[23.737748300000078,37.903714600000058],[23.737771800000075,37.903724600000032],[23.737785700000074,37.903729600000077],[23.737802700000032,37.90373500000004],[23.737824400000022,37.903741300000036],[23.737840800000072,37.903744700000061],[23.737857200000064,37.903748000000064],[23.737877000000026,37.903750700000046],[23.737899700000071,37.903752000000054],[23.737922600000047,37.903752200000042],[23.737946700000066,37.903750700000046],[23.737964300000044,37.90374840000004],[23.737984700000027,37.903744800000027],[23.73800650000004,37.903738600000054],[23.738026600000069,37.903731400000026],[23.738044600000023,37.903723900000045],[23.73807000000005,37.903712000000041],[23.738145900000063,37.903674700000067],[23.738270600000078,37.903615500000058]]},"properties":{"OBJECTID":185,"length":50.626779554694814}},{"type":"Feature","id":186,"geometry":{"type":"LineString","coordinates":[[23.737590500000067,37.903486500000042],[23.737621900000079,37.903521700000056],[23.737640500000055,37.90353650000003],[23.737667200000033,37.903555500000039],[23.737702700000057,37.903573300000062],[23.737754100000075,37.903594000000055],[23.737865600000077,37.903632500000072],[23.737896900000067,37.903643300000056],[23.737919400000067,37.90365010000005],[23.737942200000077,37.903655900000047],[23.737950900000044,37.903657700000053],[23.737958800000058,37.90365920000005],[23.73796580000004,37.90366030000007],[23.737971900000048,37.903661200000045],[23.737978400000031,37.903661900000031],[23.737985600000059,37.903662500000053],[23.737994600000036,37.903663100000074],[23.73800250000005,37.90366350000005],[23.738008200000024,37.903663700000038],[23.738012800000035,37.903663800000061],[23.738019100000031,37.903663800000061],[23.738026500000046,37.903663700000038],[23.738038200000062,37.903663400000028],[23.738048100000071,37.903662700000041],[23.738055600000052,37.903661800000066],[23.738063500000067,37.903660500000058],[23.738069600000074,37.90365920000005],[23.738076300000046,37.903657500000065],[23.738084000000072,37.903654900000049],[23.738089500000058,37.903652600000044],[23.738094000000046,37.903650600000049],[23.738119100000063,37.903638300000068]]},"properties":{"OBJECTID":186,"length":53.228829560575569}},{"type":"Feature","id":187,"geometry":{"type":"LineString","coordinates":[[23.737865600000077,37.903632500000072],[23.737871000000041,37.903633600000035],[23.73787770000007,37.903634900000043],[23.737884600000029,37.903636100000028],[23.737905600000033,37.903639300000066],[23.737917200000027,37.90364100000005],[23.73792700000007,37.903642300000058],[23.737931700000047,37.903642900000079],[23.73793610000007,37.903643400000078],[23.73794040000007,37.903643700000032],[23.737944700000071,37.903644000000043],[23.73795210000003,37.903644300000053],[23.737960000000044,37.903644600000064],[23.737969300000032,37.903644700000029],[23.73797600000006,37.903644600000064],[23.737983600000064,37.903644400000076],[23.737992700000063,37.903643900000077],[23.738002800000061,37.903643000000045],[23.738008000000036,37.903642400000024],[23.738012300000037,37.903641700000037],[23.738015300000029,37.903641200000038],[23.738023100000078,37.903639700000042],[23.738032300000043,37.90363780000007],[23.738041900000042,37.903635300000076],[23.738050800000053,37.903632900000048],[23.738058400000057,37.903630500000077],[23.738063600000032,37.903628900000058],[23.738068700000042,37.903627200000074],[23.738076100000058,37.903624600000057],[23.738083000000074,37.903621800000053],[23.738088100000027,37.90361960000007]]},"properties":{"OBJECTID":187,"length":20.175306335047051}},{"type":"Feature","id":188,"geometry":{"type":"LineString","coordinates":[[23.737754100000075,37.903594000000055],[23.737775800000065,37.903598100000067],[23.737786100000051,37.903599800000052],[23.737801200000035,37.90360140000007],[23.737818200000049,37.903602500000034],[23.737835100000041,37.903603100000055],[23.737852500000031,37.903603500000031],[23.737872200000027,37.903603000000032],[23.737901700000066,37.903601900000069],[23.737971800000025,37.903599500000041],[23.737984500000039,37.903598800000054],[23.737999800000068,37.903597700000034],[23.73801590000005,37.903596100000073],[23.738031500000034,37.903594100000078],[23.738044600000023,37.903591900000038],[23.738054200000079,37.903589900000043],[23.738063700000055,37.903587800000025],[23.738072100000068,37.903585500000077],[23.738078700000074,37.903583400000059],[23.738083500000073,37.903581700000075],[23.738088300000072,37.903579900000068]]},"properties":{"OBJECTID":188,"length":29.789806559652639}},{"type":"Feature","id":189,"geometry":{"type":"LineString","coordinates":[[23.738179400000035,37.903490900000065],[23.739569900000049,37.902835900000071]]},"properties":{"OBJECTID":189,"length":142.26984251395356}},{"type":"Feature","id":190,"geometry":{"type":"LineString","coordinates":[[23.738086400000043,37.903534800000045],[23.738147900000058,37.903493900000058],[23.738168900000062,37.903477800000076],[23.738189600000055,37.903461100000072],[23.738215700000069,37.903439400000025],[23.738238800000033,37.903424700000073],[23.738271800000064,37.903405200000066],[23.738850200000059,37.903134200000068],[23.738923400000033,37.903099900000029],[23.739565700000071,37.902799000000073],[23.739622000000054,37.902774100000045],[23.739648500000044,37.902763500000049],[23.739658800000029,37.902759300000071],[23.739681100000041,37.90275100000008],[23.739710700000046,37.902742900000078],[23.73973600000005,37.902738400000032],[23.739787700000022,37.902733500000068],[23.739807100000064,37.902732200000059],[23.739850000000047,37.902730200000065],[23.739881900000057,37.902729600000043],[23.739918800000055,37.902724600000056]]},"properties":{"OBJECTID":190,"length":186.6538900992235}},{"type":"Feature","id":191,"geometry":{"type":"LineString","coordinates":[[23.738923400000033,37.903099900000029],[23.738959400000056,37.903075700000045],[23.738980900000058,37.903055100000074],[23.739001300000041,37.903031000000055],[23.739025000000026,37.903007800000069],[23.739044300000046,37.902994300000046],[23.739498400000059,37.902781400000038],[23.739509100000078,37.902776800000026],[23.739519500000029,37.902772300000038],[23.739558400000078,37.902756400000044],[23.739589600000045,37.902745400000072],[23.739615800000024,37.90273940000003],[23.739631600000052,37.902736400000038],[23.739652200000023,37.902733700000056],[23.73966930000006,37.902732600000036],[23.739693700000032,37.902732200000059],[23.739807100000064,37.902732200000059]]},"properties":{"OBJECTID":191,"length":90.579987483072387}},{"type":"Feature","id":192,"geometry":{"type":"LineString","coordinates":[[23.739589600000045,37.902745400000072],[23.739126000000056,37.902852700000039],[23.738984100000039,37.902885500000025],[23.738814200000036,37.902924800000051],[23.738614400000074,37.902971100000059],[23.738433600000064,37.903012900000078],[23.738383600000077,37.903024300000027],[23.738342800000055,37.903029500000059],[23.738296800000057,37.903031600000077],[23.738046800000063,37.903021200000069],[23.738002100000074,37.903021200000069],[23.737975800000072,37.903021200000069],[23.737932100000023,37.903029600000025],[23.737864400000035,37.903049000000067],[23.737845500000049,37.903056400000025],[23.737790100000041,37.903077900000028],[23.737716600000056,37.903108400000065],[23.737681100000032,37.90312920000008],[23.737627200000077,37.903166500000054],[23.737589600000035,37.903202400000055],[23.737578900000074,37.903215300000056],[23.737569500000063,37.90322800000007],[23.737556000000041,37.903253900000038],[23.737541600000043,37.903295300000025],[23.737536400000067,37.903324300000065],[23.737536000000034,37.903366700000049]]},"properties":{"OBJECTID":192,"length":205.83846100792439}},{"type":"Feature","id":193,"geometry":{"type":"LineString","coordinates":[[23.735371800000053,37.899555100000043],[23.735398100000054,37.899624200000062],[23.735410600000023,37.899659900000074],[23.735434700000042,37.899719800000071]]},"properties":{"OBJECTID":193,"length":19.101426000743423}},{"type":"Feature","id":194,"geometry":{"type":"LineString","coordinates":[[23.735676800000078,37.900006700000063],[23.735626900000057,37.899958500000025],[23.735587300000077,37.899920000000066],[23.735537000000079,37.899872400000049]]},"properties":{"OBJECTID":194,"length":19.323577719783671}},{"type":"Feature","id":195,"geometry":{"type":"LineString","coordinates":[[23.739811300000042,37.903159100000039],[23.738414200000022,37.903811800000028]]},"properties":{"OBJECTID":195,"length":142.63880654702893}},{"type":"Feature","id":196,"geometry":{"type":"LineString","coordinates":[[23.739955400000042,37.903039700000079],[23.739910400000042,37.903067000000078],[23.739878800000042,37.90308310000006],[23.739856600000053,37.903094400000043],[23.739814200000069,37.903113700000063],[23.739787300000046,37.903126900000075]]},"properties":{"OBJECTID":196,"length":17.692407377853446}},{"type":"Feature","id":197,"geometry":{"type":"LineString","coordinates":[[23.740024700000049,37.902966000000049],[23.739975300000026,37.90299420000008],[23.739927700000067,37.903018300000042],[23.73985650000003,37.903053100000079],[23.739781600000072,37.903089800000032],[23.739765300000045,37.903097500000058]]},"properties":{"OBJECTID":197,"length":27.094129923594782}},{"type":"Feature","id":198,"geometry":{"type":"LineString","coordinates":[[23.740107000000023,37.90269580000006],[23.740094300000067,37.902746300000047],[23.74007290000003,37.902783700000043],[23.740028600000073,37.902829500000053],[23.739966800000047,37.902897900000028],[23.739911000000063,37.902959700000054],[23.739885000000072,37.902983900000038],[23.739867600000025,37.90299820000007],[23.739846200000045,37.90301420000003],[23.739833400000066,37.903022100000044],[23.739818100000036,37.903031600000077],[23.739785700000027,37.903047900000047],[23.739748700000064,37.90306350000003],[23.739742100000058,37.903066400000057]]},"properties":{"OBJECTID":198,"length":53.631145240986442}},{"type":"Feature","id":199,"geometry":{"type":"LineString","coordinates":[[23.739966800000047,37.902897900000028],[23.739927000000023,37.902924900000073],[23.739903100000049,37.902938600000027],[23.739867700000048,37.902955400000053],[23.739805400000023,37.902984600000025],[23.739720100000056,37.90302470000006],[23.73971350000005,37.903028200000051]]},"properties":{"OBJECTID":199,"length":26.618766666483467}},{"type":"Feature","id":200,"geometry":{"type":"LineString","coordinates":[[23.740028600000073,37.902829500000053],[23.739987000000042,37.902857400000073],[23.739944900000069,37.902879100000064],[23.739783400000078,37.902955100000042],[23.739706700000056,37.902991200000031],[23.739691200000038,37.902998300000036]]},"properties":{"OBJECTID":200,"length":35.150641410859372}},{"type":"Feature","id":201,"geometry":{"type":"LineString","coordinates":[[23.740116600000079,37.902523000000031],[23.740100400000074,37.902579100000025],[23.740082000000029,37.902613400000064],[23.740054000000043,37.902645900000039],[23.739967200000024,37.902739500000052],[23.73991140000004,37.90279970000006],[23.739853100000062,37.902862500000026],[23.73982280000007,37.902890500000069],[23.739793900000052,37.902909200000067],[23.739760500000045,37.902924400000074],[23.739688600000022,37.902957000000072],[23.739667300000065,37.902966400000025]]},"properties":{"OBJECTID":201,"length":64.920774936148121}},{"type":"Feature","id":202,"geometry":{"type":"LineString","coordinates":[[23.73991140000004,37.90279970000006],[23.739877800000045,37.902821500000073],[23.73984420000005,37.902840200000071],[23.739810600000055,37.902857300000051],[23.739771500000074,37.902876300000059],[23.739736600000072,37.902892200000053],[23.739665000000059,37.902924800000051],[23.739643600000022,37.902934600000037]]},"properties":{"OBJECTID":202,"length":27.953577283358342}},{"type":"Feature","id":203,"geometry":{"type":"LineString","coordinates":[[23.739967200000024,37.902739500000052],[23.739922500000034,37.902762600000074],[23.739875600000062,37.902784700000041],[23.739712800000063,37.902860300000043],[23.739637100000039,37.902895500000056],[23.739620500000058,37.902903600000059]]},"properties":{"OBJECTID":203,"length":35.522214916561801}},{"type":"Feature","id":204,"geometry":{"type":"LineString","coordinates":[[23.740054000000043,37.902645900000039],[23.74002820000004,37.902666900000042],[23.740006600000072,37.902681700000073],[23.739980600000024,37.902696000000049],[23.739918800000055,37.902724600000056],[23.739768000000026,37.902794400000062],[23.739691200000038,37.902829900000029],[23.73961330000003,37.902865900000052],[23.73959780000007,37.902873200000045]]},"properties":{"OBJECTID":204,"length":47.538752945447058}},{"type":"Feature","id":205,"geometry":{"type":"LineString","coordinates":[[23.738205100000073,37.903526000000056],[23.738092300000062,37.903578200000027],[23.738088300000072,37.903579900000068]]},"properties":{"OBJECTID":205,"length":11.887676430271735}},{"type":"Feature","id":206,"geometry":{"type":"LineString","coordinates":[[23.738226200000042,37.903554800000052],[23.738100900000063,37.903613600000028],[23.738088100000027,37.90361960000007]]},"properties":{"OBJECTID":206,"length":14.115423837591635}},{"type":"Feature","id":207,"geometry":{"type":"LineString","coordinates":[[23.738243800000077,37.903578800000048],[23.738119100000063,37.903638300000068]]},"properties":{"OBJECTID":207,"length":12.801989405231755}},{"type":"Feature","id":208,"geometry":{"type":"LineString","coordinates":[[23.738317700000039,37.903679900000043],[23.73819270000007,37.903738500000031],[23.738179800000069,37.903744700000061]]},"properties":{"OBJECTID":208,"length":14.10034665644698}},{"type":"Feature","id":209,"geometry":{"type":"LineString","coordinates":[[23.738344500000039,37.90371650000003],[23.73821920000006,37.903774500000054],[23.738197700000057,37.903784400000063]]},"properties":{"OBJECTID":209,"length":14.949385917833681}},{"type":"Feature","id":210,"geometry":{"type":"LineString","coordinates":[[23.738367000000039,37.903747300000077],[23.73824170000006,37.903805100000056]]},"properties":{"OBJECTID":210,"length":12.751231282953013}},{"type":"Feature","id":211,"geometry":{"type":"LineString","coordinates":[[23.738389400000074,37.903777800000057],[23.738264700000059,37.903836400000046],[23.738252700000032,37.903842200000042]]},"properties":{"OBJECTID":211,"length":13.986935239588529}},{"type":"Feature","id":212,"geometry":{"type":"LineString","coordinates":[[23.738984100000039,37.902885500000025],[23.738898400000039,37.902922800000056],[23.737856700000066,37.903417800000057]]},"properties":{"OBJECTID":212,"length":115.42640330214289}},{"type":"Feature","id":213,"geometry":{"type":"LineString","coordinates":[[23.738814200000036,37.902924800000051],[23.738747400000022,37.902948700000024],[23.73867000000007,37.90298400000006],[23.737830000000031,37.903384700000061]]},"properties":{"OBJECTID":213,"length":100.53120253422722}},{"type":"Feature","id":214,"geometry":{"type":"LineString","coordinates":[[23.738614400000074,37.902971100000059],[23.738558400000045,37.902995600000054],[23.737807600000053,37.903358400000059]]},"properties":{"OBJECTID":214,"length":82.967434165559581}},{"type":"Feature","id":215,"geometry":{"type":"LineString","coordinates":[[23.737975800000072,37.903021200000069],[23.738197300000024,37.90295830000008]]},"properties":{"OBJECTID":215,"length":20.693760621181653}},{"type":"Feature","id":216,"geometry":{"type":"LineString","coordinates":[[23.739068900000063,37.902721600000064],[23.739161000000024,37.902694000000054],[23.739212200000054,37.902675000000045],[23.739239800000064,37.902661900000055],[23.739271200000076,37.902644700000053],[23.739299200000062,37.902624700000047],[23.73932190000005,37.902600900000039],[23.739336800000046,37.902580900000032],[23.739355400000022,37.902548200000069],[23.739390700000058,37.902482000000077],[23.739421200000038,37.90241780000008],[23.739434900000049,37.902390000000025],[23.739449700000023,37.902364700000078],[23.73947140000007,37.902329500000064]]},"properties":{"OBJECTID":216,"length":59.3514786967581}},{"type":"Feature","id":217,"geometry":{"type":"LineString","coordinates":[[23.737627200000077,37.903166500000054],[23.737778800000058,37.903037400000073],[23.737823700000035,37.903005800000074],[23.737852900000064,37.902989600000069],[23.737882200000058,37.902978100000041],[23.737897700000076,37.90297350000003],[23.737921200000073,37.90296660000007],[23.737981500000046,37.902950700000076],[23.738171900000054,37.902899900000079]]},"properties":{"OBJECTID":217,"length":57.783363557000349}},{"type":"Feature","id":218,"geometry":{"type":"LineString","coordinates":[[23.739043300000048,37.902663500000074],[23.739107800000056,37.902643200000057],[23.739149100000077,37.902628700000037],[23.739201300000047,37.902607300000057],[23.739246200000025,37.90258700000004],[23.739259200000049,37.902581100000077],[23.739295800000036,37.902560300000061],[23.73933130000006,37.902534400000036],[23.739358100000061,37.902511400000037],[23.739390700000058,37.902482000000077]]},"properties":{"OBJECTID":218,"length":37.133489749524742}},{"type":"Feature","id":219,"geometry":{"type":"LineString","coordinates":[[23.737556000000041,37.903253900000038],[23.73757820000003,37.903162500000064],[23.737594600000023,37.903094700000054],[23.737603600000057,37.903068400000052],[23.737612800000022,37.903051900000037],[23.737630500000023,37.903030700000045],[23.737653100000045,37.903008100000079],[23.737683400000037,37.902985000000058],[23.737703500000066,37.90297170000008],[23.737724800000024,37.902960800000074],[23.737749800000074,37.902951400000063],[23.737788000000023,37.902940000000058],[23.737929400000041,37.902902500000039],[23.738049800000056,37.902870500000063],[23.738149800000031,37.902844000000073]]},"properties":{"OBJECTID":219,"length":76.853288238227108}},{"type":"Feature","id":220,"geometry":{"type":"LineString","coordinates":[[23.739017800000056,37.90260550000005],[23.739094900000055,37.902580700000044],[23.73914300000007,37.902565000000038],[23.73918320000007,37.90254740000006],[23.739202800000044,37.90253720000004],[23.739219900000023,37.902527300000031],[23.739237100000025,37.902515200000039],[23.739257900000041,37.902498800000046],[23.739323400000046,37.902443500000061]]},"properties":{"OBJECTID":220,"length":32.879108952051105}},{"type":"Feature","id":221,"geometry":{"type":"LineString","coordinates":[[23.737603600000057,37.903068400000052],[23.737618300000065,37.903027500000064],[23.737623800000051,37.903013400000077],[23.737630500000023,37.902999000000079],[23.737638200000049,37.902984300000071],[23.737647000000038,37.902969900000073],[23.737654300000031,37.902959500000065],[23.737661200000048,37.902951500000029],[23.737667400000078,37.902944800000057],[23.737677800000029,37.90293500000007],[23.737686100000076,37.902927400000067],[23.737695300000041,37.902919700000041],[23.737708000000055,37.902910800000029],[23.73772230000003,37.902902100000063],[23.737733800000058,37.902895900000033],[23.737745400000051,37.902890100000036],[23.737761900000066,37.902883300000042],[23.737780500000042,37.902877100000069],[23.737798400000031,37.902871400000038],[23.737852400000065,37.902857300000051],[23.737929200000053,37.902837800000043],[23.738122900000064,37.902788700000031]]},"properties":{"OBJECTID":221,"length":59.22898655808325}},{"type":"Feature","id":222,"geometry":{"type":"LineString","coordinates":[[23.738122900000064,37.902788700000031],[23.739000600000054,37.902565200000026]]},"properties":{"OBJECTID":222,"length":81.080555093677717}},{"type":"Feature","id":223,"geometry":{"type":"LineString","coordinates":[[23.73757820000003,37.903162500000064],[23.737574400000028,37.903135600000041],[23.737568100000033,37.903110600000048],[23.737526400000036,37.902988500000049],[23.737508300000059,37.902948600000059],[23.737498100000039,37.902925300000049],[23.737494200000071,37.902915900000039],[23.737492800000041,37.90291250000007],[23.737491400000067,37.902908900000057],[23.737490000000037,37.902905300000043],[23.737488700000029,37.902901500000041],[23.737486500000045,37.902894300000071],[23.73748420000004,37.90288600000008],[23.737483200000042,37.902881400000069],[23.737482200000045,37.902876500000048],[23.737481500000058,37.902872000000059],[23.737480900000037,37.90286720000006],[23.737480000000062,37.902856600000064],[23.737479700000051,37.902842600000042],[23.737479700000051,37.902833900000076],[23.737480400000038,37.90282540000004],[23.737481400000036,37.902817800000037],[23.737483100000077,37.90280690000003],[23.737485000000049,37.902799200000061],[23.737487800000054,37.902790200000027],[23.737490900000068,37.902781100000027],[23.737496500000077,37.902768300000048],[23.737503600000025,37.902754100000038],[23.73750810000007,37.90274560000006],[23.737513800000045,37.902736600000026],[23.737521500000071,37.902725800000042],[23.737529500000051,37.902716200000043],[23.737539600000048,37.902705400000059],[23.737549400000034,37.902695600000072],[23.737563900000055,37.902682300000038],[23.737575000000049,37.902672100000075],[23.737582800000041,37.902667300000076],[23.737593000000061,37.902662000000078],[23.73760980000003,37.902653900000075],[23.737626800000044,37.902647300000069],[23.737641100000076,37.902642200000059],[23.737670100000059,37.90263200000004],[23.737686300000064,37.902626800000064],[23.737697900000057,37.90262320000005],[23.737827300000049,37.902588300000048],[23.738013900000055,37.902537900000027]]},"properties":{"OBJECTID":223,"length":99.434096325055862}},{"type":"Feature","id":224,"geometry":{"type":"LineString","coordinates":[[23.738885000000039,37.902303000000074],[23.739095500000076,37.902245400000027],[23.739184800000032,37.902219400000035],[23.739292500000033,37.902188800000033],[23.739364900000055,37.902169400000048],[23.739405700000077,37.902161400000068],[23.739453300000037,37.902156000000048],[23.739486800000066,37.902154200000041]]},"properties":{"OBJECTID":224,"length":55.61637993493661}},{"type":"Feature","id":225,"geometry":{"type":"LineString","coordinates":[[23.737575000000049,37.902672100000075],[23.737651000000028,37.902603600000077],[23.737661400000036,37.902594600000043],[23.737668400000075,37.902589000000035],[23.737673100000052,37.902585800000054],[23.737678300000027,37.90258220000004],[23.737687700000038,37.902576100000033],[23.737697300000036,37.902570400000059],[23.737705700000049,37.902565800000048],[23.737712600000066,37.902562400000079],[23.737719000000027,37.902559800000063],[23.737725300000022,37.902557200000047],[23.737733700000035,37.902554100000032],[23.737743900000055,37.902550500000075],[23.737754900000027,37.902547000000027],[23.737803600000063,37.902531700000054],[23.737989300000038,37.902481400000056]]},"properties":{"OBJECTID":225,"length":43.205578018616464}},{"type":"Feature","id":226,"geometry":{"type":"LineString","coordinates":[[23.738859700000035,37.902245700000037],[23.739068900000063,37.902185200000076],[23.739081500000054,37.902181600000063],[23.739149900000029,37.902161400000068],[23.739196700000036,37.902149700000052],[23.739228900000057,37.902141700000072],[23.739262800000063,37.902135200000032],[23.739301600000033,37.902130500000055],[23.739339700000073,37.902127200000052],[23.739376600000071,37.902125600000034]]},"properties":{"OBJECTID":226,"length":47.608524117804535}},{"type":"Feature","id":227,"geometry":{"type":"LineString","coordinates":[[23.738066700000047,37.902659400000061],[23.738527600000054,37.902547000000027]]},"properties":{"OBJECTID":227,"length":42.411899868453624}},{"type":"Feature","id":228,"geometry":{"type":"LineString","coordinates":[[23.737526400000036,37.902988500000049],[23.737527300000067,37.902959500000065],[23.737528000000054,37.90294810000006],[23.737529100000074,37.902938500000062],[23.737530700000036,37.90292670000008],[23.737534900000071,37.902908600000046],[23.737539600000048,37.90289400000006],[23.737544300000025,37.902881900000068],[23.737549900000033,37.90287040000004],[23.737556500000039,37.902859900000067],[23.737566100000038,37.902847000000065],[23.737575200000038,37.902835400000072],[23.737597600000072,37.902810300000056],[23.737618700000041,37.902789000000041],[23.737636800000075,37.902778900000044],[23.737653600000044,37.902769900000067],[23.737672600000053,37.902761200000043],[23.737689600000067,37.902754500000071],[23.737709500000051,37.902748200000076],[23.737730200000044,37.90274190000008],[23.73787660000005,37.90270600000008],[23.738066700000047,37.902659400000061]]},"properties":{"OBJECTID":228,"length":66.404357395968646}},{"type":"Feature","id":229,"geometry":{"type":"LineString","coordinates":[[23.738041700000053,37.902601900000036],[23.73850230000005,37.90248420000006]]},"properties":{"OBJECTID":229,"length":42.563575635023362}},{"type":"Feature","id":230,"geometry":{"type":"LineString","coordinates":[[23.737618700000041,37.902789000000041],[23.737646200000029,37.902760900000033],[23.737655600000039,37.902751300000034],[23.737667300000055,37.902739900000029],[23.737676900000054,37.902730500000075],[23.737683300000072,37.902724700000078],[23.737690400000076,37.90271830000006],[23.73770090000005,37.90271000000007],[23.737707600000078,37.90270490000006],[23.737714600000061,37.902700300000049],[23.737722600000041,37.902695200000039],[23.737730300000067,37.902690900000039],[23.737740500000029,37.902686200000062],[23.737753700000042,37.902680400000065],[23.737770700000056,37.902674300000058],[23.737803800000052,37.90266390000005],[23.737853500000028,37.902650900000026],[23.738041700000053,37.902601900000036]]},"properties":{"OBJECTID":230,"length":43.886037348933527}},{"type":"Feature","id":231,"geometry":{"type":"LineString","coordinates":[[23.738828300000023,37.90217460000008],[23.738982200000066,37.902128700000048],[23.739037500000052,37.902114800000049],[23.739047800000037,37.902112200000033],[23.739091900000062,37.90210170000006],[23.739131400000076,37.902095200000076],[23.739170400000035,37.902091100000064],[23.739225500000032,37.902090000000044]]},"properties":{"OBJECTID":231,"length":36.421161229660669}},{"type":"Feature","id":232,"geometry":{"type":"LineString","coordinates":[[23.738803300000029,37.902118100000052],[23.738960500000076,37.902073200000075],[23.739014000000054,37.902062400000034],[23.739051400000051,37.90205990000004],[23.739085800000055,37.902062600000079],[23.739136400000064,37.902069300000051],[23.739202300000045,37.90208460000008],[23.739225500000032,37.902090000000044],[23.73925980000007,37.902097800000035],[23.739376600000071,37.902125600000034],[23.739430700000071,37.902138800000046],[23.739486800000066,37.902154200000041]]},"properties":{"OBJECTID":232,"length":62.635759733376005}},{"type":"Feature","id":233,"geometry":{"type":"LineString","coordinates":[[23.735676800000078,37.900006700000063],[23.73589190000007,37.900338100000056],[23.736095200000022,37.900638100000037],[23.736113900000078,37.900665700000047],[23.736197200000049,37.900793500000077],[23.736285400000043,37.900940800000058],[23.736404700000037,37.901156300000025],[23.736622700000055,37.90155610000005],[23.736673400000029,37.901649100000043],[23.736699000000044,37.901684000000046],[23.736722800000052,37.901711900000066],[23.736741600000073,37.901728700000035],[23.736754200000064,37.90173980000003],[23.736797500000023,37.90177650000004]]},"properties":{"OBJECTID":233,"length":220.34608297071392}},{"type":"Feature","id":234,"geometry":{"type":"LineString","coordinates":[[23.736768400000074,37.901802200000077],[23.736727200000075,37.901769800000068],[23.736687500000073,37.901734100000056],[23.736670100000026,37.90171440000006],[23.736649900000032,37.901690900000062],[23.736631000000045,37.901661200000035],[23.736456800000042,37.901347800000053],[23.736248600000067,37.900960000000055],[23.736172900000042,37.900836300000037],[23.73603600000007,37.900610500000028],[23.735815800000069,37.900287800000058],[23.735542900000041,37.899881100000073],[23.735537000000079,37.899872400000049]]},"properties":{"OBJECTID":234,"length":240.69469056948458}},{"type":"Feature","id":235,"geometry":{"type":"LineString","coordinates":[[23.735537000000079,37.899872400000049],[23.735434700000042,37.899719800000071]]},"properties":{"OBJECTID":235,"length":19.179225217149522}},{"type":"Feature","id":236,"geometry":{"type":"LineString","coordinates":[[23.701051500000062,37.924227700000074],[23.700994500000036,37.924225700000079],[23.700938800000074,37.924216400000034],[23.700885700000072,37.924199800000054],[23.70083690000007,37.924176600000067],[23.700803000000064,37.924153800000056],[23.700793600000054,37.924147400000038],[23.700753300000031,37.924108000000047],[23.700728100000049,37.924074100000041],[23.700706600000046,37.924040300000058]]},"properties":{"OBJECTID":236,"length":39.240494102055777}},{"type":"Feature","id":237,"geometry":{"type":"LineString","coordinates":[[23.701318300000025,37.923800100000051],[23.70136210000004,37.923866800000042],[23.701368100000025,37.923879000000056],[23.701378200000079,37.923917200000062],[23.701382100000046,37.923967400000038],[23.70137520000003,37.924011800000073],[23.701358900000059,37.924054900000044],[23.701333900000066,37.924095300000033],[23.701297400000044,37.924134600000059]]},"properties":{"OBJECTID":237,"length":40.081549904840315}},{"type":"Feature","id":238,"geometry":{"type":"LineString","coordinates":[[23.737901700000066,37.903601900000069],[23.737941700000079,37.903592500000059],[23.737957000000051,37.903588500000069],[23.737975800000072,37.903582700000072],[23.737994100000037,37.903576100000066],[23.738010000000031,37.903569700000048],[23.738024800000062,37.90356330000003],[23.738040100000035,37.903556700000024],[23.738054100000056,37.903550000000052],[23.738086400000043,37.903534800000045],[23.738179400000035,37.903490900000065]]},"properties":{"OBJECTID":238,"length":27.475200097704331}},{"type":"Feature","id":239,"geometry":{"type":"LineString","coordinates":[[23.739569900000049,37.902835900000071],[23.739583000000039,37.902829600000075],[23.739606700000024,37.902820900000052],[23.739629600000058,37.902814500000034],[23.739653600000054,37.902809600000069],[23.739675400000067,37.902806400000031],[23.73968590000004,37.902804400000036],[23.739768000000026,37.902794400000062]]},"properties":{"OBJECTID":239,"length":18.165261513133927}}]}