{"type":"FeatureCollection","features":[{"type":"Feature","id":13,"geometry":{"type":"Point","coordinates":[23.768079,37.978433299999999]},"properties":{"FID":13}},{"type":"Feature","id":79,"geometry":{"type":"Point","coordinates":[23.771882399999999,37.835005000000002]},"properties":{"FID":79}},{"type":"Feature","id":81,"geometry":{"type":"Point","coordinates":[23.764316900000001,37.873652499999999]},"properties":{"FID":81}},{"type":"Feature","id":84,"geometry":{"type":"Point","coordinates":[23.809228699999998,37.837383099999997]},"properties":{"FID":84}},{"type":"Feature","id":86,"geometry":{"type":"Point","coordinates":[23.752975200000002,37.895122999999998]},"properties":{"FID":86}},{"type":"Feature","id":95,"geometry":{"type":"Point","coordinates":[23.955355099999998,37.751531800000002]},"properties":{"FID":95}},{"type":"Feature","id":98,"geometry":{"type":"Point","coordinates":[23.942711899999999,37.839804200000003]},"properties":{"FID":98}},{"type":"Feature","id":99,"geometry":{"type":"Point","coordinates":[23.7448628,37.865155299999998]},"properties":{"FID":99}},{"type":"Feature","id":100,"geometry":{"type":"Point","coordinates":[23.7534353,37.847681700000003]},"properties":{"FID":100}},{"type":"Feature","id":102,"geometry":{"type":"Point","coordinates":[23.764510099999999,37.873635]},"properties":{"FID":102}},{"type":"Feature","id":105,"geometry":{"type":"Point","coordinates":[23.815466600000001,38.321578799999997]},"properties":{"FID":105}},{"type":"Feature","id":108,"geometry":{"type":"Point","coordinates":[24.055744000000001,37.767914699999999]},"properties":{"FID":108}},{"type":"Feature","id":116,"geometry":{"type":"Point","coordinates":[23.694299300000001,38.021943399999998]},"properties":{"FID":116}},{"type":"Feature","id":124,"geometry":{"type":"Point","coordinates":[23.8664883,38.051572800000002]},"properties":{"FID":124}},{"type":"Feature","id":126,"geometry":{"type":"Point","coordinates":[23.866146000000001,38.051931600000003]},"properties":{"FID":126}},{"type":"Feature","id":127,"geometry":{"type":"Point","coordinates":[23.854581100000001,38.052841700000002]},"properties":{"FID":127}},{"type":"Feature","id":129,"geometry":{"type":"Point","coordinates":[23.866507899999998,38.051479200000003]},"properties":{"FID":129}},{"type":"Feature","id":130,"geometry":{"type":"Point","coordinates":[23.866704299999999,38.051433699999997]},"properties":{"FID":130}},{"type":"Feature","id":131,"geometry":{"type":"Point","coordinates":[23.8543661,38.053047300000003]},"properties":{"FID":131}},{"type":"Feature","id":132,"geometry":{"type":"Point","coordinates":[23.8548103,38.052936199999998]},"properties":{"FID":132}},{"type":"Feature","id":158,"geometry":{"type":"Point","coordinates":[23.723386300000001,38.016559899999997]},"properties":{"FID":158}},{"type":"Feature","id":180,"geometry":{"type":"Point","coordinates":[23.725961699999999,38.084244300000002]},"properties":{"FID":180}},{"type":"Feature","id":187,"geometry":{"type":"Point","coordinates":[23.745489299999999,38.084203100000003]},"properties":{"FID":187}},{"type":"Feature","id":197,"geometry":{"type":"Point","coordinates":[23.7305931,38.028268099999998]},"properties":{"FID":197}},{"type":"Feature","id":250,"geometry":{"type":"Point","coordinates":[23.8041658,37.834364200000003]},"properties":{"FID":250}},{"type":"Feature","id":258,"geometry":{"type":"Point","coordinates":[23.787840200000002,38.086514000000001]},"properties":{"FID":258}},{"type":"Feature","id":307,"geometry":{"type":"Point","coordinates":[23.751135000000001,37.923856100000002]},"properties":{"FID":307}},{"type":"Feature","id":341,"geometry":{"type":"Point","coordinates":[23.7339111,37.9903634]},"properties":{"FID":341}},{"type":"Feature","id":385,"geometry":{"type":"Point","coordinates":[23.7095953,37.9293087]},"properties":{"FID":385}},{"type":"Feature","id":409,"geometry":{"type":"Point","coordinates":[23.6467274,37.980057500000001]},"properties":{"FID":409}},{"type":"Feature","id":416,"geometry":{"type":"Point","coordinates":[23.638859,37.966013400000001]},"properties":{"FID":416}},{"type":"Feature","id":467,"geometry":{"type":"Point","coordinates":[23.8366258,38.044500900000003]},"properties":{"FID":467}},{"type":"Feature","id":479,"geometry":{"type":"Point","coordinates":[23.858328700000001,38.1205693]},"properties":{"FID":479}},{"type":"Feature","id":484,"geometry":{"type":"Point","coordinates":[23.726179999999999,37.976844100000001]},"properties":{"FID":484}},{"type":"Feature","id":578,"geometry":{"type":"Point","coordinates":[23.759768099999999,37.885025300000002]},"properties":{"FID":578}},{"type":"Feature","id":579,"geometry":{"type":"Point","coordinates":[23.772425500000001,37.834946600000002]},"properties":{"FID":579}},{"type":"Feature","id":580,"geometry":{"type":"Point","coordinates":[23.768769899999999,37.863783400000003]},"properties":{"FID":580}},{"type":"Feature","id":594,"geometry":{"type":"Point","coordinates":[23.7630245,37.993136499999999]},"properties":{"FID":594}},{"type":"Feature","id":598,"geometry":{"type":"Point","coordinates":[23.6814046,38.0393361]},"properties":{"FID":598}},{"type":"Feature","id":618,"geometry":{"type":"Point","coordinates":[23.703417099999999,37.990249599999999]},"properties":{"FID":618}},{"type":"Feature","id":628,"geometry":{"type":"Point","coordinates":[23.698188600000002,37.993569000000001]},"properties":{"FID":628}},{"type":"Feature","id":630,"geometry":{"type":"Point","coordinates":[23.698629700000001,37.993650299999999]},"properties":{"FID":630}},{"type":"Feature","id":634,"geometry":{"type":"Point","coordinates":[23.6986925,37.993411399999999]},"properties":{"FID":634}},{"type":"Feature","id":635,"geometry":{"type":"Point","coordinates":[23.702998399999998,37.990342900000002]},"properties":{"FID":635}},{"type":"Feature","id":646,"geometry":{"type":"Point","coordinates":[23.714085600000001,37.994390299999999]},"properties":{"FID":646}},{"type":"Feature","id":650,"geometry":{"type":"Point","coordinates":[23.713009400000001,37.9944025]},"properties":{"FID":650}},{"type":"Feature","id":651,"geometry":{"type":"Point","coordinates":[23.7131741,37.994573899999999]},"properties":{"FID":651}},{"type":"Feature","id":652,"geometry":{"type":"Point","coordinates":[23.7120386,37.996071899999997]},"properties":{"FID":652}},{"type":"Feature","id":658,"geometry":{"type":"Point","coordinates":[23.711721300000001,37.996050500000003]},"properties":{"FID":658}},{"type":"Feature","id":661,"geometry":{"type":"Point","coordinates":[23.711650200000001,37.996279000000001]},"properties":{"FID":661}},{"type":"Feature","id":666,"geometry":{"type":"Point","coordinates":[23.7120392,37.996275900000001]},"properties":{"FID":666}},{"type":"Feature","id":670,"geometry":{"type":"Point","coordinates":[23.7105912,37.997286099999997]},"properties":{"FID":670}},{"type":"Feature","id":672,"geometry":{"type":"Point","coordinates":[23.710248100000001,37.997234499999998]},"properties":{"FID":672}},{"type":"Feature","id":675,"geometry":{"type":"Point","coordinates":[23.708483399999999,37.998874399999998]},"properties":{"FID":675}},{"type":"Feature","id":679,"geometry":{"type":"Point","coordinates":[23.7334344,37.999923000000003]},"properties":{"FID":679}},{"type":"Feature","id":680,"geometry":{"type":"Point","coordinates":[23.732507600000002,37.996851100000001]},"properties":{"FID":680}},{"type":"Feature","id":682,"geometry":{"type":"Point","coordinates":[23.732887099999999,37.997921099999999]},"properties":{"FID":682}},{"type":"Feature","id":683,"geometry":{"type":"Point","coordinates":[23.732664100000001,37.998036499999998]},"properties":{"FID":683}},{"type":"Feature","id":684,"geometry":{"type":"Point","coordinates":[23.7328388,37.998203199999999]},"properties":{"FID":684}},{"type":"Feature","id":685,"geometry":{"type":"Point","coordinates":[23.7331416,37.9989621]},"properties":{"FID":685}},{"type":"Feature","id":687,"geometry":{"type":"Point","coordinates":[23.733097600000001,37.999253400000001]},"properties":{"FID":687}},{"type":"Feature","id":689,"geometry":{"type":"Point","coordinates":[23.733307199999999,37.9991208]},"properties":{"FID":689}},{"type":"Feature","id":691,"geometry":{"type":"Point","coordinates":[23.730591400000002,37.9996157]},"properties":{"FID":691}},{"type":"Feature","id":692,"geometry":{"type":"Point","coordinates":[23.731401699999999,37.998231599999997]},"properties":{"FID":692}},{"type":"Feature","id":694,"geometry":{"type":"Point","coordinates":[23.731302299999999,37.996917400000001]},"properties":{"FID":694}},{"type":"Feature","id":696,"geometry":{"type":"Point","coordinates":[23.731894799999999,37.999307399999999]},"properties":{"FID":696}},{"type":"Feature","id":711,"geometry":{"type":"Point","coordinates":[24.045530800000002,37.736537499999997]},"properties":{"FID":711}},{"type":"Feature","id":712,"geometry":{"type":"Point","coordinates":[24.045308899999998,37.736713199999997]},"properties":{"FID":712}},{"type":"Feature","id":713,"geometry":{"type":"Point","coordinates":[24.0453227,37.736546599999997]},"properties":{"FID":713}},{"type":"Feature","id":724,"geometry":{"type":"Point","coordinates":[23.729856999999999,37.995901699999997]},"properties":{"FID":724}},{"type":"Feature","id":725,"geometry":{"type":"Point","coordinates":[23.7298802,37.995952000000003]},"properties":{"FID":725}},{"type":"Feature","id":727,"geometry":{"type":"Point","coordinates":[23.729722200000001,37.9960892]},"properties":{"FID":727}},{"type":"Feature","id":728,"geometry":{"type":"Point","coordinates":[23.729489699999998,37.995143800000001]},"properties":{"FID":728}},{"type":"Feature","id":729,"geometry":{"type":"Point","coordinates":[23.729355099999999,37.995053499999997]},"properties":{"FID":729}},{"type":"Feature","id":733,"geometry":{"type":"Point","coordinates":[23.729707399999999,37.996411700000003]},"properties":{"FID":733}},{"type":"Feature","id":735,"geometry":{"type":"Point","coordinates":[23.729827400000001,37.996516999999997]},"properties":{"FID":735}},{"type":"Feature","id":736,"geometry":{"type":"Point","coordinates":[23.729988899999999,37.997173699999998]},"properties":{"FID":736}},{"type":"Feature","id":737,"geometry":{"type":"Point","coordinates":[23.730040800000001,37.997114199999999]},"properties":{"FID":737}},{"type":"Feature","id":739,"geometry":{"type":"Point","coordinates":[23.732400200000001,37.996412100000001]},"properties":{"FID":739}},{"type":"Feature","id":748,"geometry":{"type":"Point","coordinates":[23.6477754,37.943827400000004]},"properties":{"FID":748}},{"type":"Feature","id":765,"geometry":{"type":"Point","coordinates":[23.6470196,37.942964099999998]},"properties":{"FID":765}},{"type":"Feature","id":793,"geometry":{"type":"Point","coordinates":[23.732479900000001,37.981197600000002]},"properties":{"FID":793}},{"type":"Feature","id":794,"geometry":{"type":"Point","coordinates":[23.734051699999998,37.981326500000002]},"properties":{"FID":794}},{"type":"Feature","id":795,"geometry":{"type":"Point","coordinates":[23.733962699999999,37.979166800000002]},"properties":{"FID":795}},{"type":"Feature","id":796,"geometry":{"type":"Point","coordinates":[23.7339649,37.979422499999998]},"properties":{"FID":796}},{"type":"Feature","id":797,"geometry":{"type":"Point","coordinates":[23.733653799999999,37.979241199999997]},"properties":{"FID":797}},{"type":"Feature","id":798,"geometry":{"type":"Point","coordinates":[23.733410299999999,37.9798033]},"properties":{"FID":798}},{"type":"Feature","id":800,"geometry":{"type":"Point","coordinates":[23.733041100000001,37.980225400000002]},"properties":{"FID":800}},{"type":"Feature","id":804,"geometry":{"type":"Point","coordinates":[23.7323758,37.981004400000003]},"properties":{"FID":804}},{"type":"Feature","id":807,"geometry":{"type":"Point","coordinates":[23.7387245,37.930509499999999]},"properties":{"FID":807}},{"type":"Feature","id":812,"geometry":{"type":"Point","coordinates":[23.7394049,37.924475600000001]},"properties":{"FID":812}},{"type":"Feature","id":821,"geometry":{"type":"Point","coordinates":[23.740373999999999,37.924129600000001]},"properties":{"FID":821}},{"type":"Feature","id":822,"geometry":{"type":"Point","coordinates":[23.740291899999999,37.924171899999997]},"properties":{"FID":822}},{"type":"Feature","id":878,"geometry":{"type":"Point","coordinates":[23.731480000000001,37.980176899999996]},"properties":{"FID":878}},{"type":"Feature","id":880,"geometry":{"type":"Point","coordinates":[23.7314094,37.979954599999999]},"properties":{"FID":880}},{"type":"Feature","id":881,"geometry":{"type":"Point","coordinates":[23.730799300000001,37.980986399999999]},"properties":{"FID":881}},{"type":"Feature","id":882,"geometry":{"type":"Point","coordinates":[23.730966899999999,37.9809707]},"properties":{"FID":882}},{"type":"Feature","id":901,"geometry":{"type":"Point","coordinates":[23.593861199999999,37.982207600000002]},"properties":{"FID":901}},{"type":"Feature","id":902,"geometry":{"type":"Point","coordinates":[23.593813300000001,37.982422700000001]},"properties":{"FID":902}},{"type":"Feature","id":904,"geometry":{"type":"Point","coordinates":[23.593533000000001,37.982371000000001]},"properties":{"FID":904}},{"type":"Feature","id":905,"geometry":{"type":"Point","coordinates":[23.593572000000002,37.982190899999999]},"properties":{"FID":905}},{"type":"Feature","id":906,"geometry":{"type":"Point","coordinates":[23.6151284,37.965615399999997]},"properties":{"FID":906}},{"type":"Feature","id":907,"geometry":{"type":"Point","coordinates":[23.615227000000001,37.965563199999998]},"properties":{"FID":907}},{"type":"Feature","id":910,"geometry":{"type":"Point","coordinates":[23.613501500000002,37.964023900000001]},"properties":{"FID":910}},{"type":"Feature","id":911,"geometry":{"type":"Point","coordinates":[23.613753500000001,37.9641357]},"properties":{"FID":911}},{"type":"Feature","id":914,"geometry":{"type":"Point","coordinates":[23.611031499999999,37.962049700000001]},"properties":{"FID":914}},{"type":"Feature","id":916,"geometry":{"type":"Point","coordinates":[23.611985799999999,37.961738099999998]},"properties":{"FID":916}},{"type":"Feature","id":917,"geometry":{"type":"Point","coordinates":[23.612027600000001,37.961388700000001]},"properties":{"FID":917}},{"type":"Feature","id":931,"geometry":{"type":"Point","coordinates":[23.687820500000001,37.989921500000001]},"properties":{"FID":931}},{"type":"Feature","id":932,"geometry":{"type":"Point","coordinates":[23.687506599999999,37.989746199999999]},"properties":{"FID":932}},{"type":"Feature","id":934,"geometry":{"type":"Point","coordinates":[23.687725,37.9898819]},"properties":{"FID":934}},{"type":"Feature","id":935,"geometry":{"type":"Point","coordinates":[23.687669199999998,37.989969700000003]},"properties":{"FID":935}},{"type":"Feature","id":937,"geometry":{"type":"Point","coordinates":[23.694465399999999,37.995874899999997]},"properties":{"FID":937}},{"type":"Feature","id":939,"geometry":{"type":"Point","coordinates":[23.694499100000002,37.9959919]},"properties":{"FID":939}},{"type":"Feature","id":940,"geometry":{"type":"Point","coordinates":[23.6942293,37.996649900000001]},"properties":{"FID":940}},{"type":"Feature","id":941,"geometry":{"type":"Point","coordinates":[23.6938751,37.996305300000003]},"properties":{"FID":941}},{"type":"Feature","id":942,"geometry":{"type":"Point","coordinates":[23.694253100000001,37.996558200000003]},"properties":{"FID":942}},{"type":"Feature","id":943,"geometry":{"type":"Point","coordinates":[23.694793499999999,37.996290899999998]},"properties":{"FID":943}},{"type":"Feature","id":944,"geometry":{"type":"Point","coordinates":[23.6948632,37.996201399999997]},"properties":{"FID":944}},{"type":"Feature","id":949,"geometry":{"type":"Point","coordinates":[23.689896699999998,37.999073099999997]},"properties":{"FID":949}},{"type":"Feature","id":960,"geometry":{"type":"Point","coordinates":[23.686907999999999,37.990051600000001]},"properties":{"FID":960}},{"type":"Feature","id":961,"geometry":{"type":"Point","coordinates":[23.686977299999999,37.990088299999996]},"properties":{"FID":961}},{"type":"Feature","id":962,"geometry":{"type":"Point","coordinates":[23.687049099999999,37.990004499999998]},"properties":{"FID":962}},{"type":"Feature","id":963,"geometry":{"type":"Point","coordinates":[23.687172499999999,37.9902157]},"properties":{"FID":963}},{"type":"Feature","id":965,"geometry":{"type":"Point","coordinates":[23.6872425,37.990177000000003]},"properties":{"FID":965}},{"type":"Feature","id":966,"geometry":{"type":"Point","coordinates":[23.687282100000001,37.989854600000001]},"properties":{"FID":966}},{"type":"Feature","id":967,"geometry":{"type":"Point","coordinates":[23.687420800000002,37.990190699999999]},"properties":{"FID":967}},{"type":"Feature","id":968,"geometry":{"type":"Point","coordinates":[23.687468899999999,37.989789799999997]},"properties":{"FID":968}},{"type":"Feature","id":973,"geometry":{"type":"Point","coordinates":[23.725515300000001,37.996406]},"properties":{"FID":973}},{"type":"Feature","id":974,"geometry":{"type":"Point","coordinates":[23.725587099999998,37.996465299999997]},"properties":{"FID":974}},{"type":"Feature","id":1002,"geometry":{"type":"Point","coordinates":[23.722376700000002,37.999260399999997]},"properties":{"FID":1002}},{"type":"Feature","id":1011,"geometry":{"type":"Point","coordinates":[23.722216400000001,37.996563399999999]},"properties":{"FID":1011}},{"type":"Feature","id":1012,"geometry":{"type":"Point","coordinates":[23.7223468,37.9967635]},"properties":{"FID":1012}},{"type":"Feature","id":1013,"geometry":{"type":"Point","coordinates":[23.722199199999999,37.996906500000001]},"properties":{"FID":1013}},{"type":"Feature","id":1015,"geometry":{"type":"Point","coordinates":[23.721922200000002,37.996634100000001]},"properties":{"FID":1015}},{"type":"Feature","id":1034,"geometry":{"type":"Point","coordinates":[23.6270056,37.976200800000001]},"properties":{"FID":1034}},{"type":"Feature","id":1035,"geometry":{"type":"Point","coordinates":[23.6269265,37.976253800000002]},"properties":{"FID":1035}},{"type":"Feature","id":1037,"geometry":{"type":"Point","coordinates":[23.6260154,37.975319399999997]},"properties":{"FID":1037}},{"type":"Feature","id":1039,"geometry":{"type":"Point","coordinates":[23.625943899999999,37.9753659]},"properties":{"FID":1039}},{"type":"Feature","id":1040,"geometry":{"type":"Point","coordinates":[23.625936200000002,37.975248899999997]},"properties":{"FID":1040}},{"type":"Feature","id":1044,"geometry":{"type":"Point","coordinates":[23.727213599999999,37.995308799999997]},"properties":{"FID":1044}},{"type":"Feature","id":1045,"geometry":{"type":"Point","coordinates":[23.727227599999999,37.9954374]},"properties":{"FID":1045}},{"type":"Feature","id":1047,"geometry":{"type":"Point","coordinates":[23.7271231,37.995378700000003]},"properties":{"FID":1047}},{"type":"Feature","id":1055,"geometry":{"type":"Point","coordinates":[23.727696300000002,37.997380800000002]},"properties":{"FID":1055}},{"type":"Feature","id":1056,"geometry":{"type":"Point","coordinates":[23.727496800000001,37.996325499999998]},"properties":{"FID":1056}},{"type":"Feature","id":1057,"geometry":{"type":"Point","coordinates":[23.7273669,37.996146299999999]},"properties":{"FID":1057}},{"type":"Feature","id":1072,"geometry":{"type":"Point","coordinates":[23.730205699999999,37.998416499999998]},"properties":{"FID":1072}},{"type":"Feature","id":1073,"geometry":{"type":"Point","coordinates":[23.730317100000001,37.998506999999996]},"properties":{"FID":1073}},{"type":"Feature","id":1076,"geometry":{"type":"Point","coordinates":[23.727546400000001,37.998879000000002]},"properties":{"FID":1076}},{"type":"Feature","id":1077,"geometry":{"type":"Point","coordinates":[23.727439499999999,37.9988344]},"properties":{"FID":1077}},{"type":"Feature","id":1079,"geometry":{"type":"Point","coordinates":[23.727521500000002,37.99991]},"properties":{"FID":1079}},{"type":"Feature","id":1084,"geometry":{"type":"Point","coordinates":[23.727553700000001,37.997331699999997]},"properties":{"FID":1084}},{"type":"Feature","id":1087,"geometry":{"type":"Point","coordinates":[23.687430599999999,38.028357200000002]},"properties":{"FID":1087}},{"type":"Feature","id":1092,"geometry":{"type":"Point","coordinates":[23.6797608,38.033423800000001]},"properties":{"FID":1092}},{"type":"Feature","id":1107,"geometry":{"type":"Point","coordinates":[23.724223899999998,38.012757000000001]},"properties":{"FID":1107}},{"type":"Feature","id":1109,"geometry":{"type":"Point","coordinates":[23.724239799999999,38.012825499999998]},"properties":{"FID":1109}},{"type":"Feature","id":1114,"geometry":{"type":"Point","coordinates":[23.720334900000001,38.014955299999997]},"properties":{"FID":1114}},{"type":"Feature","id":1115,"geometry":{"type":"Point","coordinates":[23.7204418,38.0148437]},"properties":{"FID":1115}},{"type":"Feature","id":1119,"geometry":{"type":"Point","coordinates":[23.720068000000001,38.014020199999997]},"properties":{"FID":1119}},{"type":"Feature","id":1121,"geometry":{"type":"Point","coordinates":[23.719815799999999,38.013851899999999]},"properties":{"FID":1121}},{"type":"Feature","id":1122,"geometry":{"type":"Point","coordinates":[23.719742199999999,38.013766799999999]},"properties":{"FID":1122}},{"type":"Feature","id":1133,"geometry":{"type":"Point","coordinates":[23.7212104,38.009924599999998]},"properties":{"FID":1133}},{"type":"Feature","id":1137,"geometry":{"type":"Point","coordinates":[23.719968099999999,38.0137432]},"properties":{"FID":1137}},{"type":"Feature","id":1138,"geometry":{"type":"Point","coordinates":[23.731768200000001,37.969476299999997]},"properties":{"FID":1138}},{"type":"Feature","id":1139,"geometry":{"type":"Point","coordinates":[23.731770300000001,37.969639100000002]},"properties":{"FID":1139}},{"type":"Feature","id":1141,"geometry":{"type":"Point","coordinates":[23.731612800000001,37.969648300000003]},"properties":{"FID":1141}},{"type":"Feature","id":1144,"geometry":{"type":"Point","coordinates":[23.731632600000001,37.970048900000002]},"properties":{"FID":1144}},{"type":"Feature","id":1146,"geometry":{"type":"Point","coordinates":[23.7317693,37.969889199999997]},"properties":{"FID":1146}},{"type":"Feature","id":1147,"geometry":{"type":"Point","coordinates":[23.732901500000001,37.970547199999999]},"properties":{"FID":1147}},{"type":"Feature","id":1150,"geometry":{"type":"Point","coordinates":[23.732847499999998,37.970703899999997]},"properties":{"FID":1150}},{"type":"Feature","id":1151,"geometry":{"type":"Point","coordinates":[23.733236699999999,37.971375500000001]},"properties":{"FID":1151}},{"type":"Feature","id":1152,"geometry":{"type":"Point","coordinates":[23.7329267,37.971023099999996]},"properties":{"FID":1152}},{"type":"Feature","id":1154,"geometry":{"type":"Point","coordinates":[23.733339399999998,37.971003400000001]},"properties":{"FID":1154}},{"type":"Feature","id":1155,"geometry":{"type":"Point","coordinates":[23.7338171,37.972029399999997]},"properties":{"FID":1155}},{"type":"Feature","id":1157,"geometry":{"type":"Point","coordinates":[23.7340099,37.972006299999997]},"properties":{"FID":1157}},{"type":"Feature","id":1159,"geometry":{"type":"Point","coordinates":[23.734214300000001,37.972234100000001]},"properties":{"FID":1159}},{"type":"Feature","id":1160,"geometry":{"type":"Point","coordinates":[23.734144000000001,37.972406900000003]},"properties":{"FID":1160}},{"type":"Feature","id":1166,"geometry":{"type":"Point","coordinates":[23.7343437,37.970297299999999]},"properties":{"FID":1166}},{"type":"Feature","id":1168,"geometry":{"type":"Point","coordinates":[23.7335469,37.965542300000003]},"properties":{"FID":1168}},{"type":"Feature","id":1169,"geometry":{"type":"Point","coordinates":[23.732965799999999,37.965482700000003]},"properties":{"FID":1169}},{"type":"Feature","id":1171,"geometry":{"type":"Point","coordinates":[23.730902499999999,37.965372100000003]},"properties":{"FID":1171}},{"type":"Feature","id":1174,"geometry":{"type":"Point","coordinates":[23.733391699999999,37.964125600000003]},"properties":{"FID":1174}},{"type":"Feature","id":1177,"geometry":{"type":"Point","coordinates":[23.734221000000002,37.964221299999998]},"properties":{"FID":1177}},{"type":"Feature","id":1180,"geometry":{"type":"Point","coordinates":[23.734200300000001,37.960603800000001]},"properties":{"FID":1180}},{"type":"Feature","id":1183,"geometry":{"type":"Point","coordinates":[23.7343656,37.959079500000001]},"properties":{"FID":1183}},{"type":"Feature","id":1184,"geometry":{"type":"Point","coordinates":[23.734211699999999,37.959190100000001]},"properties":{"FID":1184}},{"type":"Feature","id":1185,"geometry":{"type":"Point","coordinates":[23.732504599999999,37.957174299999998]},"properties":{"FID":1185}},{"type":"Feature","id":1192,"geometry":{"type":"Point","coordinates":[23.7304703,37.958037300000001]},"properties":{"FID":1192}},{"type":"Feature","id":1194,"geometry":{"type":"Point","coordinates":[23.7308676,37.958020300000001]},"properties":{"FID":1194}},{"type":"Feature","id":1195,"geometry":{"type":"Point","coordinates":[23.730856899999999,37.9582294]},"properties":{"FID":1195}},{"type":"Feature","id":1197,"geometry":{"type":"Point","coordinates":[23.7315304,37.957259100000002]},"properties":{"FID":1197}},{"type":"Feature","id":1198,"geometry":{"type":"Point","coordinates":[23.7315972,37.957321]},"properties":{"FID":1198}},{"type":"Feature","id":1199,"geometry":{"type":"Point","coordinates":[23.731682899999999,37.957386200000002]},"properties":{"FID":1199}},{"type":"Feature","id":1200,"geometry":{"type":"Point","coordinates":[23.7324077,37.957116399999997]},"properties":{"FID":1200}},{"type":"Feature","id":1205,"geometry":{"type":"Point","coordinates":[23.730431800000002,37.958238799999997]},"properties":{"FID":1205}},{"type":"Feature","id":1214,"geometry":{"type":"Point","coordinates":[23.7335806,37.967238899999998]},"properties":{"FID":1214}},{"type":"Feature","id":1221,"geometry":{"type":"Point","coordinates":[23.7331985,37.967072799999997]},"properties":{"FID":1221}},{"type":"Feature","id":1223,"geometry":{"type":"Point","coordinates":[23.7332958,37.9673734]},"properties":{"FID":1223}},{"type":"Feature","id":1228,"geometry":{"type":"Point","coordinates":[23.731525900000001,37.968223000000002]},"properties":{"FID":1228}},{"type":"Feature","id":1230,"geometry":{"type":"Point","coordinates":[23.731878900000002,37.968335099999997]},"properties":{"FID":1230}},{"type":"Feature","id":1231,"geometry":{"type":"Point","coordinates":[23.731585500000001,37.968566899999999]},"properties":{"FID":1231}},{"type":"Feature","id":1237,"geometry":{"type":"Point","coordinates":[23.731426599999999,37.966245299999997]},"properties":{"FID":1237}},{"type":"Feature","id":1239,"geometry":{"type":"Point","coordinates":[23.731662400000001,37.966209499999998]},"properties":{"FID":1239}},{"type":"Feature","id":1240,"geometry":{"type":"Point","coordinates":[23.731449300000001,37.966596899999999]},"properties":{"FID":1240}},{"type":"Feature","id":1247,"geometry":{"type":"Point","coordinates":[23.7256535,37.984521299999997]},"properties":{"FID":1247}},{"type":"Feature","id":1248,"geometry":{"type":"Point","coordinates":[23.725593400000001,37.984661699999997]},"properties":{"FID":1248}},{"type":"Feature","id":1250,"geometry":{"type":"Point","coordinates":[23.726395,37.983330000000002]},"properties":{"FID":1250}},{"type":"Feature","id":1257,"geometry":{"type":"Point","coordinates":[23.7263056,37.976689800000003]},"properties":{"FID":1257}},{"type":"Feature","id":1260,"geometry":{"type":"Point","coordinates":[23.726044900000002,37.976723399999997]},"properties":{"FID":1260}},{"type":"Feature","id":1271,"geometry":{"type":"Point","coordinates":[23.715059799999999,38.008111700000001]},"properties":{"FID":1271}},{"type":"Feature","id":1273,"geometry":{"type":"Point","coordinates":[23.715001000000001,38.008190900000002]},"properties":{"FID":1273}},{"type":"Feature","id":1274,"geometry":{"type":"Point","coordinates":[23.714861800000001,38.008215200000002]},"properties":{"FID":1274}},{"type":"Feature","id":1276,"geometry":{"type":"Point","coordinates":[23.714884099999999,38.008725599999998]},"properties":{"FID":1276}},{"type":"Feature","id":1277,"geometry":{"type":"Point","coordinates":[23.7149021,38.008666300000002]},"properties":{"FID":1277}},{"type":"Feature","id":1278,"geometry":{"type":"Point","coordinates":[23.715025099999998,38.008540600000003]},"properties":{"FID":1278}},{"type":"Feature","id":1282,"geometry":{"type":"Point","coordinates":[23.715283299999999,38.008229100000001]},"properties":{"FID":1282}},{"type":"Feature","id":1283,"geometry":{"type":"Point","coordinates":[23.715225199999999,38.008212200000003]},"properties":{"FID":1283}},{"type":"Feature","id":1288,"geometry":{"type":"Point","coordinates":[23.714617199999999,38.0085561]},"properties":{"FID":1288}},{"type":"Feature","id":1289,"geometry":{"type":"Point","coordinates":[23.7146647,38.008637200000003]},"properties":{"FID":1289}},{"type":"Feature","id":1290,"geometry":{"type":"Point","coordinates":[23.714706799999998,38.008436699999997]},"properties":{"FID":1290}},{"type":"Feature","id":1291,"geometry":{"type":"Point","coordinates":[23.714683699999998,38.008524100000002]},"properties":{"FID":1291}},{"type":"Feature","id":1298,"geometry":{"type":"Point","coordinates":[23.714900499999999,38.000763300000003]},"properties":{"FID":1298}},{"type":"Feature","id":1299,"geometry":{"type":"Point","coordinates":[23.714993700000001,38.001007199999997]},"properties":{"FID":1299}},{"type":"Feature","id":1300,"geometry":{"type":"Point","coordinates":[23.714848499999999,38.000985]},"properties":{"FID":1300}},{"type":"Feature","id":1305,"geometry":{"type":"Point","coordinates":[23.7167557,37.990695199999998]},"properties":{"FID":1305}},{"type":"Feature","id":1353,"geometry":{"type":"Point","coordinates":[23.721740499999999,37.981382000000004]},"properties":{"FID":1353}},{"type":"Feature","id":1357,"geometry":{"type":"Point","coordinates":[23.723226700000001,38.001458399999997]},"properties":{"FID":1357}},{"type":"Feature","id":1361,"geometry":{"type":"Point","coordinates":[23.724870599999999,37.9557346]},"properties":{"FID":1361}},{"type":"Feature","id":1370,"geometry":{"type":"Point","coordinates":[23.728017999999999,38.026067400000002]},"properties":{"FID":1370}},{"type":"Feature","id":1371,"geometry":{"type":"Point","coordinates":[23.728419500000001,38.025877199999996]},"properties":{"FID":1371}},{"type":"Feature","id":1373,"geometry":{"type":"Point","coordinates":[23.728215200000001,38.025744199999998]},"properties":{"FID":1373}},{"type":"Feature","id":1377,"geometry":{"type":"Point","coordinates":[23.730389599999999,38.028582399999998]},"properties":{"FID":1377}},{"type":"Feature","id":1386,"geometry":{"type":"Point","coordinates":[23.725402899999999,38.027028799999997]},"properties":{"FID":1386}},{"type":"Feature","id":1387,"geometry":{"type":"Point","coordinates":[23.725477699999999,38.027129199999997]},"properties":{"FID":1387}},{"type":"Feature","id":1388,"geometry":{"type":"Point","coordinates":[23.725399199999998,38.0272091]},"properties":{"FID":1388}},{"type":"Feature","id":1389,"geometry":{"type":"Point","coordinates":[23.725217199999999,38.026983100000002]},"properties":{"FID":1389}},{"type":"Feature","id":1390,"geometry":{"type":"Point","coordinates":[23.7251862,38.027119399999997]},"properties":{"FID":1390}},{"type":"Feature","id":1393,"geometry":{"type":"Point","coordinates":[23.722681600000001,38.0276554]},"properties":{"FID":1393}},{"type":"Feature","id":1401,"geometry":{"type":"Point","coordinates":[23.722560099999999,38.0277399]},"properties":{"FID":1401}},{"type":"Feature","id":1402,"geometry":{"type":"Point","coordinates":[23.722467999999999,38.0276578]},"properties":{"FID":1402}},{"type":"Feature","id":1440,"geometry":{"type":"Point","coordinates":[23.7294375,38.0209525]},"properties":{"FID":1440}},{"type":"Feature","id":1442,"geometry":{"type":"Point","coordinates":[23.729618200000001,38.020818900000002]},"properties":{"FID":1442}},{"type":"Feature","id":1444,"geometry":{"type":"Point","coordinates":[23.729632299999999,38.021076399999998]},"properties":{"FID":1444}},{"type":"Feature","id":1446,"geometry":{"type":"Point","coordinates":[23.729796700000001,38.020938600000001]},"properties":{"FID":1446}},{"type":"Feature","id":1447,"geometry":{"type":"Point","coordinates":[23.7297914,38.020898500000001]},"properties":{"FID":1447}},{"type":"Feature","id":1454,"geometry":{"type":"Point","coordinates":[23.719206199999999,37.984817700000001]},"properties":{"FID":1454}},{"type":"Feature","id":1457,"geometry":{"type":"Point","coordinates":[23.719267599999998,37.9850159]},"properties":{"FID":1457}},{"type":"Feature","id":1459,"geometry":{"type":"Point","coordinates":[23.719468899999999,37.984962199999998]},"properties":{"FID":1459}},{"type":"Feature","id":1461,"geometry":{"type":"Point","coordinates":[23.7206145,37.985066000000003]},"properties":{"FID":1461}},{"type":"Feature","id":1462,"geometry":{"type":"Point","coordinates":[23.720968299999999,37.984571099999997]},"properties":{"FID":1462}},{"type":"Feature","id":1463,"geometry":{"type":"Point","coordinates":[23.723000299999999,37.984962600000003]},"properties":{"FID":1463}},{"type":"Feature","id":1464,"geometry":{"type":"Point","coordinates":[23.724188399999999,37.984765000000003]},"properties":{"FID":1464}},{"type":"Feature","id":1466,"geometry":{"type":"Point","coordinates":[23.724924900000001,37.9846425]},"properties":{"FID":1466}},{"type":"Feature","id":1468,"geometry":{"type":"Point","coordinates":[23.725029200000002,37.982730199999999]},"properties":{"FID":1468}},{"type":"Feature","id":1469,"geometry":{"type":"Point","coordinates":[23.725021699999999,37.982829000000002]},"properties":{"FID":1469}},{"type":"Feature","id":1475,"geometry":{"type":"Point","coordinates":[23.722888999999999,37.981791800000003]},"properties":{"FID":1475}},{"type":"Feature","id":1478,"geometry":{"type":"Point","coordinates":[23.723100800000001,37.981776799999999]},"properties":{"FID":1478}},{"type":"Feature","id":1479,"geometry":{"type":"Point","coordinates":[23.723147999999998,37.981901700000002]},"properties":{"FID":1479}},{"type":"Feature","id":1482,"geometry":{"type":"Point","coordinates":[23.724110400000001,37.982326700000002]},"properties":{"FID":1482}},{"type":"Feature","id":1483,"geometry":{"type":"Point","coordinates":[23.723967500000001,37.982349399999997]},"properties":{"FID":1483}},{"type":"Feature","id":1485,"geometry":{"type":"Point","coordinates":[23.724581799999999,37.982533699999998]},"properties":{"FID":1485}},{"type":"Feature","id":1487,"geometry":{"type":"Point","coordinates":[23.723596000000001,37.982806799999999]},"properties":{"FID":1487}},{"type":"Feature","id":1488,"geometry":{"type":"Point","coordinates":[23.723594299999998,37.982872999999998]},"properties":{"FID":1488}},{"type":"Feature","id":1490,"geometry":{"type":"Point","coordinates":[23.7228943,37.984094300000002]},"properties":{"FID":1490}},{"type":"Feature","id":1492,"geometry":{"type":"Point","coordinates":[23.722736399999999,37.984259100000003]},"properties":{"FID":1492}},{"type":"Feature","id":1493,"geometry":{"type":"Point","coordinates":[23.722587699999998,37.9842856]},"properties":{"FID":1493}},{"type":"Feature","id":1496,"geometry":{"type":"Point","coordinates":[23.7225897,37.982329]},"properties":{"FID":1496}},{"type":"Feature","id":1497,"geometry":{"type":"Point","coordinates":[23.722521400000002,37.982348600000002]},"properties":{"FID":1497}},{"type":"Feature","id":1499,"geometry":{"type":"Point","coordinates":[23.722297099999999,37.980602500000003]},"properties":{"FID":1499}},{"type":"Feature","id":1514,"geometry":{"type":"Point","coordinates":[23.731696299999999,38.016027600000001]},"properties":{"FID":1514}},{"type":"Feature","id":1516,"geometry":{"type":"Point","coordinates":[23.731598600000002,38.016090699999999]},"properties":{"FID":1516}},{"type":"Feature","id":1518,"geometry":{"type":"Point","coordinates":[23.7314848,38.016092]},"properties":{"FID":1518}},{"type":"Feature","id":1523,"geometry":{"type":"Point","coordinates":[23.7286258,38.0182632]},"properties":{"FID":1523}},{"type":"Feature","id":1525,"geometry":{"type":"Point","coordinates":[23.728599299999999,38.018425100000002]},"properties":{"FID":1525}},{"type":"Feature","id":1526,"geometry":{"type":"Point","coordinates":[23.728765599999999,38.018305400000003]},"properties":{"FID":1526}},{"type":"Feature","id":1528,"geometry":{"type":"Point","coordinates":[23.728098800000001,38.0166161]},"properties":{"FID":1528}},{"type":"Feature","id":1530,"geometry":{"type":"Point","coordinates":[23.728222500000001,38.016824]},"properties":{"FID":1530}},{"type":"Feature","id":1531,"geometry":{"type":"Point","coordinates":[23.7284288,38.016595799999997]},"properties":{"FID":1531}},{"type":"Feature","id":1532,"geometry":{"type":"Point","coordinates":[23.728361700000001,38.0163753]},"properties":{"FID":1532}},{"type":"Feature","id":1533,"geometry":{"type":"Point","coordinates":[23.719005599999999,38.0019822]},"properties":{"FID":1533}},{"type":"Feature","id":1535,"geometry":{"type":"Point","coordinates":[23.719361500000002,38.001676500000002]},"properties":{"FID":1535}},{"type":"Feature","id":1538,"geometry":{"type":"Point","coordinates":[23.719260800000001,38.001762499999998]},"properties":{"FID":1538}},{"type":"Feature","id":1539,"geometry":{"type":"Point","coordinates":[23.718898899999999,38.001902299999998]},"properties":{"FID":1539}},{"type":"Feature","id":1542,"geometry":{"type":"Point","coordinates":[23.720523400000001,38.001733600000001]},"properties":{"FID":1542}},{"type":"Feature","id":1545,"geometry":{"type":"Point","coordinates":[23.720626800000002,38.001613999999996]},"properties":{"FID":1545}},{"type":"Feature","id":1547,"geometry":{"type":"Point","coordinates":[23.720982299999999,38.001678400000003]},"properties":{"FID":1547}},{"type":"Feature","id":1561,"geometry":{"type":"Point","coordinates":[23.7253908,37.995418899999997]},"properties":{"FID":1561}},{"type":"Feature","id":1578,"geometry":{"type":"Point","coordinates":[23.723260400000001,37.992272200000002]},"properties":{"FID":1578}},{"type":"Feature","id":1583,"geometry":{"type":"Point","coordinates":[23.721132600000001,37.992773200000002]},"properties":{"FID":1583}},{"type":"Feature","id":1586,"geometry":{"type":"Point","coordinates":[23.721267000000001,37.992311899999997]},"properties":{"FID":1586}},{"type":"Feature","id":1589,"geometry":{"type":"Point","coordinates":[23.721568900000001,37.992214699999998]},"properties":{"FID":1589}},{"type":"Feature","id":1590,"geometry":{"type":"Point","coordinates":[23.721260399999998,37.992699100000003]},"properties":{"FID":1590}},{"type":"Feature","id":1605,"geometry":{"type":"Point","coordinates":[23.7213645,37.9920507]},"properties":{"FID":1605}},{"type":"Feature","id":1610,"geometry":{"type":"Point","coordinates":[23.7205935,37.991129399999998]},"properties":{"FID":1610}},{"type":"Feature","id":1611,"geometry":{"type":"Point","coordinates":[23.720594999999999,37.990831700000001]},"properties":{"FID":1611}},{"type":"Feature","id":1626,"geometry":{"type":"Point","coordinates":[23.719920299999998,37.987676399999998]},"properties":{"FID":1626}},{"type":"Feature","id":1628,"geometry":{"type":"Point","coordinates":[23.719972599999998,37.987858099999997]},"properties":{"FID":1628}},{"type":"Feature","id":1629,"geometry":{"type":"Point","coordinates":[23.719918100000001,37.987834300000003]},"properties":{"FID":1629}},{"type":"Feature","id":1633,"geometry":{"type":"Point","coordinates":[23.719316299999999,37.9875604]},"properties":{"FID":1633}},{"type":"Feature","id":1636,"geometry":{"type":"Point","coordinates":[23.7192109,37.987620999999997]},"properties":{"FID":1636}},{"type":"Feature","id":1651,"geometry":{"type":"Point","coordinates":[23.7270726,37.9934802]},"properties":{"FID":1651}},{"type":"Feature","id":1652,"geometry":{"type":"Point","coordinates":[23.727081600000002,37.993580899999998]},"properties":{"FID":1652}},{"type":"Feature","id":1653,"geometry":{"type":"Point","coordinates":[23.727173400000002,37.993525900000002]},"properties":{"FID":1653}},{"type":"Feature","id":1658,"geometry":{"type":"Point","coordinates":[23.728901,37.992448400000001]},"properties":{"FID":1658}},{"type":"Feature","id":1660,"geometry":{"type":"Point","coordinates":[23.7288575,37.992573100000001]},"properties":{"FID":1660}},{"type":"Feature","id":1661,"geometry":{"type":"Point","coordinates":[23.7290432,37.993328400000003]},"properties":{"FID":1661}},{"type":"Feature","id":1663,"geometry":{"type":"Point","coordinates":[23.730130200000001,37.992258399999997]},"properties":{"FID":1663}},{"type":"Feature","id":1668,"geometry":{"type":"Point","coordinates":[23.731624799999999,37.992761999999999]},"properties":{"FID":1668}},{"type":"Feature","id":1669,"geometry":{"type":"Point","coordinates":[23.730014000000001,37.992222900000002]},"properties":{"FID":1669}},{"type":"Feature","id":1670,"geometry":{"type":"Point","coordinates":[23.731300399999999,37.992492499999997]},"properties":{"FID":1670}},{"type":"Feature","id":1708,"geometry":{"type":"Point","coordinates":[23.7229201,38.015999700000002]},"properties":{"FID":1708}},{"type":"Feature","id":1711,"geometry":{"type":"Point","coordinates":[23.724293400000001,38.017448000000002]},"properties":{"FID":1711}},{"type":"Feature","id":1712,"geometry":{"type":"Point","coordinates":[23.724198999999999,38.017505100000001]},"properties":{"FID":1712}},{"type":"Feature","id":1713,"geometry":{"type":"Point","coordinates":[23.7240678,38.01735]},"properties":{"FID":1713}},{"type":"Feature","id":1724,"geometry":{"type":"Point","coordinates":[23.723999899999999,38.017467000000003]},"properties":{"FID":1724}},{"type":"Feature","id":1730,"geometry":{"type":"Point","coordinates":[23.737686,38.023413699999999]},"properties":{"FID":1730}},{"type":"Feature","id":1732,"geometry":{"type":"Point","coordinates":[23.737656399999999,38.023257200000003]},"properties":{"FID":1732}},{"type":"Feature","id":1733,"geometry":{"type":"Point","coordinates":[23.737532999999999,38.023197099999997]},"properties":{"FID":1733}},{"type":"Feature","id":1734,"geometry":{"type":"Point","coordinates":[23.7375136,38.023316299999998]},"properties":{"FID":1734}},{"type":"Feature","id":1736,"geometry":{"type":"Point","coordinates":[23.736066399999999,38.023273699999997]},"properties":{"FID":1736}},{"type":"Feature","id":1739,"geometry":{"type":"Point","coordinates":[23.735825800000001,38.023397799999998]},"properties":{"FID":1739}},{"type":"Feature","id":1758,"geometry":{"type":"Point","coordinates":[23.721364000000001,37.981899599999998]},"properties":{"FID":1758}},{"type":"Feature","id":1760,"geometry":{"type":"Point","coordinates":[23.7209045,37.980905399999997]},"properties":{"FID":1760}},{"type":"Feature","id":1761,"geometry":{"type":"Point","coordinates":[23.7207908,37.980742100000001]},"properties":{"FID":1761}},{"type":"Feature","id":1769,"geometry":{"type":"Point","coordinates":[23.7197423,37.984129799999998]},"properties":{"FID":1769}},{"type":"Feature","id":1770,"geometry":{"type":"Point","coordinates":[23.719708199999999,37.983999900000001]},"properties":{"FID":1770}},{"type":"Feature","id":1779,"geometry":{"type":"Point","coordinates":[23.719257800000001,37.9801784]},"properties":{"FID":1779}},{"type":"Feature","id":1780,"geometry":{"type":"Point","coordinates":[23.719248400000001,37.980338400000001]},"properties":{"FID":1780}},{"type":"Feature","id":1781,"geometry":{"type":"Point","coordinates":[23.719495599999998,37.980283399999998]},"properties":{"FID":1781}},{"type":"Feature","id":1785,"geometry":{"type":"Point","coordinates":[23.726724900000001,37.989073599999998]},"properties":{"FID":1785}},{"type":"Feature","id":1788,"geometry":{"type":"Point","coordinates":[23.726739500000001,37.989280399999998]},"properties":{"FID":1788}},{"type":"Feature","id":1792,"geometry":{"type":"Point","coordinates":[23.7279996,37.989084300000002]},"properties":{"FID":1792}},{"type":"Feature","id":1794,"geometry":{"type":"Point","coordinates":[23.728191899999999,37.990361200000002]},"properties":{"FID":1794}},{"type":"Feature","id":1795,"geometry":{"type":"Point","coordinates":[23.7283495,37.990507299999997]},"properties":{"FID":1795}},{"type":"Feature","id":1799,"geometry":{"type":"Point","coordinates":[23.7270778,37.991946900000002]},"properties":{"FID":1799}},{"type":"Feature","id":1803,"geometry":{"type":"Point","coordinates":[23.7268507,37.990702300000002]},"properties":{"FID":1803}},{"type":"Feature","id":1809,"geometry":{"type":"Point","coordinates":[23.726942699999999,37.991857400000001]},"properties":{"FID":1809}},{"type":"Feature","id":1819,"geometry":{"type":"Point","coordinates":[23.7308424,37.990156800000001]},"properties":{"FID":1819}},{"type":"Feature","id":1821,"geometry":{"type":"Point","coordinates":[23.7309096,37.989857399999998]},"properties":{"FID":1821}},{"type":"Feature","id":1822,"geometry":{"type":"Point","coordinates":[23.732278300000001,37.991449899999999]},"properties":{"FID":1822}},{"type":"Feature","id":1825,"geometry":{"type":"Point","coordinates":[23.731607199999999,37.9919838]},"properties":{"FID":1825}},{"type":"Feature","id":1827,"geometry":{"type":"Point","coordinates":[23.731225999999999,37.991093399999997]},"properties":{"FID":1827}},{"type":"Feature","id":1840,"geometry":{"type":"Point","coordinates":[23.7304809,37.989316100000003]},"properties":{"FID":1840}},{"type":"Feature","id":1841,"geometry":{"type":"Point","coordinates":[23.730518100000001,37.9894021]},"properties":{"FID":1841}},{"type":"Feature","id":1843,"geometry":{"type":"Point","coordinates":[23.730697800000002,37.989574900000001]},"properties":{"FID":1843}},{"type":"Feature","id":1844,"geometry":{"type":"Point","coordinates":[23.730699900000001,37.989973200000001]},"properties":{"FID":1844}},{"type":"Feature","id":1845,"geometry":{"type":"Point","coordinates":[23.729965700000001,37.991495299999997]},"properties":{"FID":1845}},{"type":"Feature","id":1847,"geometry":{"type":"Point","coordinates":[23.729823400000001,37.991458999999999]},"properties":{"FID":1847}},{"type":"Feature","id":1849,"geometry":{"type":"Point","coordinates":[23.728666199999999,37.991795099999997]},"properties":{"FID":1849}},{"type":"Feature","id":1851,"geometry":{"type":"Point","coordinates":[23.728787000000001,37.9916816]},"properties":{"FID":1851}},{"type":"Feature","id":1852,"geometry":{"type":"Point","coordinates":[23.728956499999999,37.988477000000003]},"properties":{"FID":1852}},{"type":"Feature","id":1853,"geometry":{"type":"Point","coordinates":[23.7293108,37.988828599999998]},"properties":{"FID":1853}},{"type":"Feature","id":1854,"geometry":{"type":"Point","coordinates":[23.729510099999999,37.990118600000002]},"properties":{"FID":1854}},{"type":"Feature","id":1864,"geometry":{"type":"Point","coordinates":[23.726627400000002,37.983494999999998]},"properties":{"FID":1864}},{"type":"Feature","id":1867,"geometry":{"type":"Point","coordinates":[23.727319099999999,37.983737400000003]},"properties":{"FID":1867}},{"type":"Feature","id":1890,"geometry":{"type":"Point","coordinates":[23.730301600000001,37.979367799999999]},"properties":{"FID":1890}},{"type":"Feature","id":1892,"geometry":{"type":"Point","coordinates":[23.732091,37.984093999999999]},"properties":{"FID":1892}},{"type":"Feature","id":1894,"geometry":{"type":"Point","coordinates":[23.733046999999999,37.983345499999999]},"properties":{"FID":1894}},{"type":"Feature","id":1896,"geometry":{"type":"Point","coordinates":[23.731590000000001,37.981929800000003]},"properties":{"FID":1896}},{"type":"Feature","id":1900,"geometry":{"type":"Point","coordinates":[23.7333584,37.978144100000002]},"properties":{"FID":1900}},{"type":"Feature","id":1901,"geometry":{"type":"Point","coordinates":[23.7336007,37.977448799999998]},"properties":{"FID":1901}},{"type":"Feature","id":1902,"geometry":{"type":"Point","coordinates":[23.733646100000001,37.977597500000002]},"properties":{"FID":1902}},{"type":"Feature","id":1905,"geometry":{"type":"Point","coordinates":[23.739059399999999,37.9775992]},"properties":{"FID":1905}},{"type":"Feature","id":1907,"geometry":{"type":"Point","coordinates":[23.735935099999999,37.976162100000003]},"properties":{"FID":1907}},{"type":"Feature","id":1908,"geometry":{"type":"Point","coordinates":[23.7356838,37.975960499999999]},"properties":{"FID":1908}},{"type":"Feature","id":1917,"geometry":{"type":"Point","coordinates":[23.7281014,37.987869000000003]},"properties":{"FID":1917}},{"type":"Feature","id":1918,"geometry":{"type":"Point","coordinates":[23.728204000000002,37.987947699999999]},"properties":{"FID":1918}},{"type":"Feature","id":1922,"geometry":{"type":"Point","coordinates":[23.7276056,37.9874814]},"properties":{"FID":1922}},{"type":"Feature","id":1923,"geometry":{"type":"Point","coordinates":[23.7275396,37.986859199999998]},"properties":{"FID":1923}},{"type":"Feature","id":1924,"geometry":{"type":"Point","coordinates":[23.728485500000001,37.986041399999998]},"properties":{"FID":1924}},{"type":"Feature","id":1925,"geometry":{"type":"Point","coordinates":[23.728359099999999,37.986179]},"properties":{"FID":1925}},{"type":"Feature","id":1926,"geometry":{"type":"Point","coordinates":[23.728346500000001,37.985487200000001]},"properties":{"FID":1926}},{"type":"Feature","id":1935,"geometry":{"type":"Point","coordinates":[23.7272061,37.985853300000002]},"properties":{"FID":1935}},{"type":"Feature","id":1936,"geometry":{"type":"Point","coordinates":[23.727251500000001,37.985755400000002]},"properties":{"FID":1936}},{"type":"Feature","id":1940,"geometry":{"type":"Point","coordinates":[23.727065899999999,37.985281800000003]},"properties":{"FID":1940}},{"type":"Feature","id":1941,"geometry":{"type":"Point","coordinates":[23.726977600000001,37.985221899999999]},"properties":{"FID":1941}},{"type":"Feature","id":1942,"geometry":{"type":"Point","coordinates":[23.726596499999999,37.987050199999999]},"properties":{"FID":1942}},{"type":"Feature","id":1944,"geometry":{"type":"Point","coordinates":[23.7265652,37.987273799999997]},"properties":{"FID":1944}},{"type":"Feature","id":1950,"geometry":{"type":"Point","coordinates":[23.726876099999998,37.9872893]},"properties":{"FID":1950}},{"type":"Feature","id":1951,"geometry":{"type":"Point","coordinates":[23.726885100000001,37.987099700000002]},"properties":{"FID":1951}},{"type":"Feature","id":1953,"geometry":{"type":"Point","coordinates":[23.7269383,37.987124899999998]},"properties":{"FID":1953}},{"type":"Feature","id":1954,"geometry":{"type":"Point","coordinates":[23.727170600000001,37.986497800000002]},"properties":{"FID":1954}},{"type":"Feature","id":1956,"geometry":{"type":"Point","coordinates":[23.727360999999998,37.986484500000003]},"properties":{"FID":1956}},{"type":"Feature","id":1959,"geometry":{"type":"Point","coordinates":[23.727472200000001,37.9869378]},"properties":{"FID":1959}},{"type":"Feature","id":1963,"geometry":{"type":"Point","coordinates":[23.7282093,37.984944300000002]},"properties":{"FID":1963}},{"type":"Feature","id":1974,"geometry":{"type":"Point","coordinates":[23.721217800000002,37.977289800000001]},"properties":{"FID":1974}},{"type":"Feature","id":1975,"geometry":{"type":"Point","coordinates":[23.721228499999999,37.977412200000003]},"properties":{"FID":1975}},{"type":"Feature","id":1976,"geometry":{"type":"Point","coordinates":[23.721229399999999,37.977415999999998]},"properties":{"FID":1976}},{"type":"Feature","id":1979,"geometry":{"type":"Point","coordinates":[23.721549,37.979666399999999]},"properties":{"FID":1979}},{"type":"Feature","id":1997,"geometry":{"type":"Point","coordinates":[23.727523600000001,37.976088300000001]},"properties":{"FID":1997}},{"type":"Feature","id":2024,"geometry":{"type":"Point","coordinates":[23.753430900000001,38.048567800000001]},"properties":{"FID":2024}},{"type":"Feature","id":2026,"geometry":{"type":"Point","coordinates":[23.755069299999999,38.047996699999999]},"properties":{"FID":2026}},{"type":"Feature","id":2027,"geometry":{"type":"Point","coordinates":[23.755120999999999,38.048054399999998]},"properties":{"FID":2027}},{"type":"Feature","id":2028,"geometry":{"type":"Point","coordinates":[23.755067799999999,38.048044099999998]},"properties":{"FID":2028}},{"type":"Feature","id":2029,"geometry":{"type":"Point","coordinates":[23.755268900000001,38.048270000000002]},"properties":{"FID":2029}},{"type":"Feature","id":2030,"geometry":{"type":"Point","coordinates":[23.7551305,38.048010900000001]},"properties":{"FID":2030}},{"type":"Feature","id":2031,"geometry":{"type":"Point","coordinates":[23.7554318,38.048252499999997]},"properties":{"FID":2031}},{"type":"Feature","id":2032,"geometry":{"type":"Point","coordinates":[23.755408299999999,38.048196099999998]},"properties":{"FID":2032}},{"type":"Feature","id":2044,"geometry":{"type":"Point","coordinates":[23.759507299999999,38.0469194]},"properties":{"FID":2044}},{"type":"Feature","id":2045,"geometry":{"type":"Point","coordinates":[23.759413200000001,38.047076799999999]},"properties":{"FID":2045}},{"type":"Feature","id":2046,"geometry":{"type":"Point","coordinates":[23.759882300000001,38.0470957]},"properties":{"FID":2046}},{"type":"Feature","id":2049,"geometry":{"type":"Point","coordinates":[23.759812700000001,38.047234099999997]},"properties":{"FID":2049}},{"type":"Feature","id":2055,"geometry":{"type":"Point","coordinates":[23.758118799999998,38.0460055]},"properties":{"FID":2055}},{"type":"Feature","id":2057,"geometry":{"type":"Point","coordinates":[23.7582594,38.045978400000003]},"properties":{"FID":2057}},{"type":"Feature","id":2059,"geometry":{"type":"Point","coordinates":[23.758276899999998,38.045820999999997]},"properties":{"FID":2059}},{"type":"Feature","id":2061,"geometry":{"type":"Point","coordinates":[23.758142899999999,38.0458128]},"properties":{"FID":2061}},{"type":"Feature","id":2120,"geometry":{"type":"Point","coordinates":[23.763139200000001,38.033426499999997]},"properties":{"FID":2120}},{"type":"Feature","id":2122,"geometry":{"type":"Point","coordinates":[23.7633385,38.0334723]},"properties":{"FID":2122}},{"type":"Feature","id":2142,"geometry":{"type":"Point","coordinates":[23.761602799999999,38.040058399999999]},"properties":{"FID":2142}},{"type":"Feature","id":2144,"geometry":{"type":"Point","coordinates":[23.7616534,38.0398535]},"properties":{"FID":2144}},{"type":"Feature","id":2145,"geometry":{"type":"Point","coordinates":[23.761625200000001,38.0399277]},"properties":{"FID":2145}},{"type":"Feature","id":2148,"geometry":{"type":"Point","coordinates":[23.7603252,38.038403500000001]},"properties":{"FID":2148}},{"type":"Feature","id":2154,"geometry":{"type":"Point","coordinates":[23.759997200000001,38.038752799999997]},"properties":{"FID":2154}},{"type":"Feature","id":2181,"geometry":{"type":"Point","coordinates":[23.760522000000002,38.038586700000003]},"properties":{"FID":2181}},{"type":"Feature","id":2182,"geometry":{"type":"Point","coordinates":[23.763434499999999,38.036953199999999]},"properties":{"FID":2182}},{"type":"Feature","id":2184,"geometry":{"type":"Point","coordinates":[23.764512400000001,38.038358600000002]},"properties":{"FID":2184}},{"type":"Feature","id":2185,"geometry":{"type":"Point","coordinates":[23.7634869,38.0389105]},"properties":{"FID":2185}},{"type":"Feature","id":2190,"geometry":{"type":"Point","coordinates":[23.755580500000001,38.044224900000003]},"properties":{"FID":2190}},{"type":"Feature","id":2191,"geometry":{"type":"Point","coordinates":[23.7555072,38.044364199999997]},"properties":{"FID":2191}},{"type":"Feature","id":2193,"geometry":{"type":"Point","coordinates":[23.755374499999999,38.044204800000003]},"properties":{"FID":2193}},{"type":"Feature","id":2197,"geometry":{"type":"Point","coordinates":[23.755333400000001,38.044393300000003]},"properties":{"FID":2197}},{"type":"Feature","id":2207,"geometry":{"type":"Point","coordinates":[23.734354499999998,37.976758500000003]},"properties":{"FID":2207}},{"type":"Feature","id":2211,"geometry":{"type":"Point","coordinates":[23.734044999999998,37.975795499999997]},"properties":{"FID":2211}},{"type":"Feature","id":2214,"geometry":{"type":"Point","coordinates":[23.733889399999999,37.975073100000003]},"properties":{"FID":2214}},{"type":"Feature","id":2217,"geometry":{"type":"Point","coordinates":[23.734075099999998,37.974188599999998]},"properties":{"FID":2217}},{"type":"Feature","id":2220,"geometry":{"type":"Point","coordinates":[23.733657399999998,37.9734768]},"properties":{"FID":2220}},{"type":"Feature","id":2221,"geometry":{"type":"Point","coordinates":[23.7285708,37.983610499999998]},"properties":{"FID":2221}},{"type":"Feature","id":2225,"geometry":{"type":"Point","coordinates":[23.729427900000001,37.984103099999999]},"properties":{"FID":2225}},{"type":"Feature","id":2227,"geometry":{"type":"Point","coordinates":[23.729291700000001,37.983779400000003]},"properties":{"FID":2227}},{"type":"Feature","id":2230,"geometry":{"type":"Point","coordinates":[23.729201799999998,37.983086200000002]},"properties":{"FID":2230}},{"type":"Feature","id":2234,"geometry":{"type":"Point","coordinates":[23.7164693,37.9790426]},"properties":{"FID":2234}},{"type":"Feature","id":2235,"geometry":{"type":"Point","coordinates":[23.7165161,37.979112499999999]},"properties":{"FID":2235}},{"type":"Feature","id":2236,"geometry":{"type":"Point","coordinates":[23.716659700000001,37.978954199999997]},"properties":{"FID":2236}},{"type":"Feature","id":2238,"geometry":{"type":"Point","coordinates":[23.717792899999999,37.979531600000001]},"properties":{"FID":2238}},{"type":"Feature","id":2239,"geometry":{"type":"Point","coordinates":[23.717686400000002,37.979433700000001]},"properties":{"FID":2239}},{"type":"Feature","id":2242,"geometry":{"type":"Point","coordinates":[23.716933900000001,37.979211900000003]},"properties":{"FID":2242}},{"type":"Feature","id":2247,"geometry":{"type":"Point","coordinates":[23.718634099999999,37.983518099999998]},"properties":{"FID":2247}},{"type":"Feature","id":2249,"geometry":{"type":"Point","coordinates":[23.717292,37.982919199999998]},"properties":{"FID":2249}},{"type":"Feature","id":2251,"geometry":{"type":"Point","coordinates":[23.717286999999999,37.983040299999999]},"properties":{"FID":2251}},{"type":"Feature","id":2256,"geometry":{"type":"Point","coordinates":[23.7156159,37.982155599999999]},"properties":{"FID":2256}},{"type":"Feature","id":2269,"geometry":{"type":"Point","coordinates":[23.711384599999999,37.9807481]},"properties":{"FID":2269}},{"type":"Feature","id":2273,"geometry":{"type":"Point","coordinates":[23.711157700000001,37.980991500000002]},"properties":{"FID":2273}},{"type":"Feature","id":2274,"geometry":{"type":"Point","coordinates":[23.711516,37.981114400000003]},"properties":{"FID":2274}},{"type":"Feature","id":2280,"geometry":{"type":"Point","coordinates":[23.7117334,37.980855499999997]},"properties":{"FID":2280}},{"type":"Feature","id":2291,"geometry":{"type":"Point","coordinates":[24.0028161,38.146163100000003]},"properties":{"FID":2291}},{"type":"Feature","id":2292,"geometry":{"type":"Point","coordinates":[24.002609799999998,38.146459299999997]},"properties":{"FID":2292}},{"type":"Feature","id":2293,"geometry":{"type":"Point","coordinates":[24.002317900000001,38.146375499999998]},"properties":{"FID":2293}},{"type":"Feature","id":2294,"geometry":{"type":"Point","coordinates":[24.0134528,38.138905600000001]},"properties":{"FID":2294}},{"type":"Feature","id":2295,"geometry":{"type":"Point","coordinates":[24.013534199999999,38.1389584]},"properties":{"FID":2295}},{"type":"Feature","id":2296,"geometry":{"type":"Point","coordinates":[24.013600700000001,38.138779]},"properties":{"FID":2296}},{"type":"Feature","id":2297,"geometry":{"type":"Point","coordinates":[24.013929300000001,38.138854500000001]},"properties":{"FID":2297}},{"type":"Feature","id":2307,"geometry":{"type":"Point","coordinates":[24.009216299999999,38.017701099999996]},"properties":{"FID":2307}},{"type":"Feature","id":2308,"geometry":{"type":"Point","coordinates":[24.009228799999999,38.017783799999997]},"properties":{"FID":2308}},{"type":"Feature","id":2309,"geometry":{"type":"Point","coordinates":[24.009334299999999,38.017657100000001]},"properties":{"FID":2309}},{"type":"Feature","id":2319,"geometry":{"type":"Point","coordinates":[24.003670100000001,38.018748000000002]},"properties":{"FID":2319}},{"type":"Feature","id":2322,"geometry":{"type":"Point","coordinates":[24.003743400000001,38.018760999999998]},"properties":{"FID":2322}},{"type":"Feature","id":2354,"geometry":{"type":"Point","coordinates":[23.663734900000001,37.9499517]},"properties":{"FID":2354}},{"type":"Feature","id":2360,"geometry":{"type":"Point","coordinates":[23.656770300000002,37.949086899999998]},"properties":{"FID":2360}},{"type":"Feature","id":2361,"geometry":{"type":"Point","coordinates":[23.657109899999998,37.949112200000002]},"properties":{"FID":2361}},{"type":"Feature","id":2369,"geometry":{"type":"Point","coordinates":[23.657510500000001,37.949476699999998]},"properties":{"FID":2369}},{"type":"Feature","id":2400,"geometry":{"type":"Point","coordinates":[23.674882400000001,37.968234299999999]},"properties":{"FID":2400}},{"type":"Feature","id":2401,"geometry":{"type":"Point","coordinates":[23.675065199999999,37.968392399999999]},"properties":{"FID":2401}},{"type":"Feature","id":2403,"geometry":{"type":"Point","coordinates":[23.675128099999998,37.968465399999999]},"properties":{"FID":2403}},{"type":"Feature","id":2404,"geometry":{"type":"Point","coordinates":[23.6748786,37.9684667]},"properties":{"FID":2404}},{"type":"Feature","id":2406,"geometry":{"type":"Point","coordinates":[23.673982500000001,37.968188400000003]},"properties":{"FID":2406}},{"type":"Feature","id":2411,"geometry":{"type":"Point","coordinates":[23.6738365,37.961899000000003]},"properties":{"FID":2411}},{"type":"Feature","id":2435,"geometry":{"type":"Point","coordinates":[23.672965000000001,37.967775899999999]},"properties":{"FID":2435}},{"type":"Feature","id":2453,"geometry":{"type":"Point","coordinates":[23.674109600000001,37.985627100000002]},"properties":{"FID":2453}},{"type":"Feature","id":2475,"geometry":{"type":"Point","coordinates":[23.667004500000001,37.966114900000001]},"properties":{"FID":2475}},{"type":"Feature","id":2476,"geometry":{"type":"Point","coordinates":[23.666695499999999,37.965796599999997]},"properties":{"FID":2476}},{"type":"Feature","id":2480,"geometry":{"type":"Point","coordinates":[23.664594999999998,37.965259699999997]},"properties":{"FID":2480}},{"type":"Feature","id":2481,"geometry":{"type":"Point","coordinates":[23.664554299999999,37.965310500000001]},"properties":{"FID":2481}},{"type":"Feature","id":2512,"geometry":{"type":"Point","coordinates":[23.676451400000001,37.976204000000003]},"properties":{"FID":2512}},{"type":"Feature","id":2514,"geometry":{"type":"Point","coordinates":[23.677014,37.976526]},"properties":{"FID":2514}},{"type":"Feature","id":2515,"geometry":{"type":"Point","coordinates":[23.6773001,37.976163200000002]},"properties":{"FID":2515}},{"type":"Feature","id":2518,"geometry":{"type":"Point","coordinates":[23.677672300000001,37.976534999999998]},"properties":{"FID":2518}},{"type":"Feature","id":2519,"geometry":{"type":"Point","coordinates":[23.6777096,37.976449199999998]},"properties":{"FID":2519}},{"type":"Feature","id":2523,"geometry":{"type":"Point","coordinates":[23.6786426,37.969230099999997]},"properties":{"FID":2523}},{"type":"Feature","id":2525,"geometry":{"type":"Point","coordinates":[23.678949899999999,37.969344300000003]},"properties":{"FID":2525}},{"type":"Feature","id":2526,"geometry":{"type":"Point","coordinates":[23.678833900000001,37.969276999999998]},"properties":{"FID":2526}},{"type":"Feature","id":2530,"geometry":{"type":"Point","coordinates":[23.685285400000001,37.976369800000001]},"properties":{"FID":2530}},{"type":"Feature","id":2531,"geometry":{"type":"Point","coordinates":[23.685195100000001,37.976247100000002]},"properties":{"FID":2531}},{"type":"Feature","id":2545,"geometry":{"type":"Point","coordinates":[23.678627899999999,37.9690862]},"properties":{"FID":2545}},{"type":"Feature","id":2548,"geometry":{"type":"Point","coordinates":[23.681022800000001,37.995861400000003]},"properties":{"FID":2548}},{"type":"Feature","id":2552,"geometry":{"type":"Point","coordinates":[23.681852500000002,37.9968863]},"properties":{"FID":2552}},{"type":"Feature","id":2555,"geometry":{"type":"Point","coordinates":[23.682040900000001,37.997290999999997]},"properties":{"FID":2555}},{"type":"Feature","id":2557,"geometry":{"type":"Point","coordinates":[23.681137700000001,37.996174099999998]},"properties":{"FID":2557}},{"type":"Feature","id":2561,"geometry":{"type":"Point","coordinates":[23.6783976,37.992388699999999]},"properties":{"FID":2561}},{"type":"Feature","id":2567,"geometry":{"type":"Point","coordinates":[23.678115600000002,37.992256599999997]},"properties":{"FID":2567}},{"type":"Feature","id":2569,"geometry":{"type":"Point","coordinates":[23.6779914,37.992621900000003]},"properties":{"FID":2569}},{"type":"Feature","id":2571,"geometry":{"type":"Point","coordinates":[23.677802499999999,37.992485500000001]},"properties":{"FID":2571}},{"type":"Feature","id":2580,"geometry":{"type":"Point","coordinates":[23.681199400000001,37.959626100000001]},"properties":{"FID":2580}},{"type":"Feature","id":2581,"geometry":{"type":"Point","coordinates":[23.681282499999998,37.959724299999998]},"properties":{"FID":2581}},{"type":"Feature","id":2582,"geometry":{"type":"Point","coordinates":[23.681048199999999,37.959719]},"properties":{"FID":2582}},{"type":"Feature","id":2586,"geometry":{"type":"Point","coordinates":[23.680639899999999,37.956815200000001]},"properties":{"FID":2586}},{"type":"Feature","id":2592,"geometry":{"type":"Point","coordinates":[23.681302500000001,37.953356700000001]},"properties":{"FID":2592}},{"type":"Feature","id":2595,"geometry":{"type":"Point","coordinates":[23.6837217,37.957965999999999]},"properties":{"FID":2595}},{"type":"Feature","id":2598,"geometry":{"type":"Point","coordinates":[23.683969300000001,37.958139099999997]},"properties":{"FID":2598}},{"type":"Feature","id":2599,"geometry":{"type":"Point","coordinates":[23.683767,37.958175199999999]},"properties":{"FID":2599}},{"type":"Feature","id":2602,"geometry":{"type":"Point","coordinates":[23.685991000000001,37.958822400000003]},"properties":{"FID":2602}},{"type":"Feature","id":2606,"geometry":{"type":"Point","coordinates":[23.6856674,37.958621600000001]},"properties":{"FID":2606}},{"type":"Feature","id":2607,"geometry":{"type":"Point","coordinates":[23.6857313,37.958835999999998]},"properties":{"FID":2607}},{"type":"Feature","id":2702,"geometry":{"type":"Point","coordinates":[23.8143852,38.316227699999999]},"properties":{"FID":2702}},{"type":"Feature","id":2703,"geometry":{"type":"Point","coordinates":[23.8144119,38.316386600000001]},"properties":{"FID":2703}},{"type":"Feature","id":2704,"geometry":{"type":"Point","coordinates":[23.8156341,38.3215225]},"properties":{"FID":2704}},{"type":"Feature","id":2716,"geometry":{"type":"Point","coordinates":[23.9681696,38.131064899999998]},"properties":{"FID":2716}},{"type":"Feature","id":2717,"geometry":{"type":"Point","coordinates":[23.9683536,38.1308036]},"properties":{"FID":2717}},{"type":"Feature","id":2720,"geometry":{"type":"Point","coordinates":[23.979006500000001,38.143699099999999]},"properties":{"FID":2720}},{"type":"Feature","id":2721,"geometry":{"type":"Point","coordinates":[23.9788046,38.143478799999997]},"properties":{"FID":2721}},{"type":"Feature","id":2722,"geometry":{"type":"Point","coordinates":[23.9786134,38.143439499999999]},"properties":{"FID":2722}},{"type":"Feature","id":2723,"geometry":{"type":"Point","coordinates":[23.978582200000002,38.143577200000003]},"properties":{"FID":2723}},{"type":"Feature","id":2726,"geometry":{"type":"Point","coordinates":[23.9961339,38.1505413]},"properties":{"FID":2726}},{"type":"Feature","id":2729,"geometry":{"type":"Point","coordinates":[23.9960007,38.150778500000001]},"properties":{"FID":2729}},{"type":"Feature","id":2730,"geometry":{"type":"Point","coordinates":[23.995864300000001,38.150487800000001]},"properties":{"FID":2730}},{"type":"Feature","id":2731,"geometry":{"type":"Point","coordinates":[23.995919199999999,38.150420699999998]},"properties":{"FID":2731}},{"type":"Feature","id":2737,"geometry":{"type":"Point","coordinates":[23.9938608,38.148851800000003]},"properties":{"FID":2737}},{"type":"Feature","id":2738,"geometry":{"type":"Point","coordinates":[23.993447799999998,38.149160000000002]},"properties":{"FID":2738}},{"type":"Feature","id":2739,"geometry":{"type":"Point","coordinates":[23.993534799999999,38.148880900000002]},"properties":{"FID":2739}},{"type":"Feature","id":2746,"geometry":{"type":"Point","coordinates":[23.967971800000001,38.1446033]},"properties":{"FID":2746}},{"type":"Feature","id":2749,"geometry":{"type":"Point","coordinates":[23.906626899999999,38.168064299999998]},"properties":{"FID":2749}},{"type":"Feature","id":2750,"geometry":{"type":"Point","coordinates":[23.906201200000002,38.167991800000003]},"properties":{"FID":2750}},{"type":"Feature","id":2751,"geometry":{"type":"Point","coordinates":[23.9051808,38.165918499999997]},"properties":{"FID":2751}},{"type":"Feature","id":2752,"geometry":{"type":"Point","coordinates":[23.905135399999999,38.165344500000003]},"properties":{"FID":2752}},{"type":"Feature","id":2769,"geometry":{"type":"Point","coordinates":[23.784203000000002,38.089875200000002]},"properties":{"FID":2769}},{"type":"Feature","id":2771,"geometry":{"type":"Point","coordinates":[23.783736699999999,38.089536099999997]},"properties":{"FID":2771}},{"type":"Feature","id":2776,"geometry":{"type":"Point","coordinates":[23.787647,38.087356499999999]},"properties":{"FID":2776}},{"type":"Feature","id":2777,"geometry":{"type":"Point","coordinates":[23.787568,38.087516100000002]},"properties":{"FID":2777}},{"type":"Feature","id":2781,"geometry":{"type":"Point","coordinates":[23.7873129,38.087278599999998]},"properties":{"FID":2781}},{"type":"Feature","id":2782,"geometry":{"type":"Point","coordinates":[23.7871636,38.087070500000003]},"properties":{"FID":2782}},{"type":"Feature","id":2788,"geometry":{"type":"Point","coordinates":[23.787726599999999,38.086689300000003]},"properties":{"FID":2788}},{"type":"Feature","id":2791,"geometry":{"type":"Point","coordinates":[23.787826500000001,38.086604299999998]},"properties":{"FID":2791}},{"type":"Feature","id":2795,"geometry":{"type":"Point","coordinates":[23.7880325,38.086814400000002]},"properties":{"FID":2795}},{"type":"Feature","id":2796,"geometry":{"type":"Point","coordinates":[23.7881085,38.086887699999998]},"properties":{"FID":2796}},{"type":"Feature","id":2826,"geometry":{"type":"Point","coordinates":[23.809352000000001,38.087452900000002]},"properties":{"FID":2826}},{"type":"Feature","id":2843,"geometry":{"type":"Point","coordinates":[23.803841899999998,38.0919168]},"properties":{"FID":2843}},{"type":"Feature","id":2845,"geometry":{"type":"Point","coordinates":[23.803614100000001,38.091977300000003]},"properties":{"FID":2845}},{"type":"Feature","id":2857,"geometry":{"type":"Point","coordinates":[23.7988122,38.088783900000003]},"properties":{"FID":2857}},{"type":"Feature","id":2861,"geometry":{"type":"Point","coordinates":[23.800265100000001,38.086711299999997]},"properties":{"FID":2861}},{"type":"Feature","id":2866,"geometry":{"type":"Point","coordinates":[23.8001638,38.086938000000004]},"properties":{"FID":2866}},{"type":"Feature","id":2884,"geometry":{"type":"Point","coordinates":[23.800382500000001,38.087045699999997]},"properties":{"FID":2884}},{"type":"Feature","id":2885,"geometry":{"type":"Point","coordinates":[23.7816182,38.068315300000002]},"properties":{"FID":2885}},{"type":"Feature","id":2887,"geometry":{"type":"Point","coordinates":[23.781486600000001,38.068348999999998]},"properties":{"FID":2887}},{"type":"Feature","id":2889,"geometry":{"type":"Point","coordinates":[23.781651,38.068482000000003]},"properties":{"FID":2889}},{"type":"Feature","id":2891,"geometry":{"type":"Point","coordinates":[23.7818623,38.069472300000001]},"properties":{"FID":2891}},{"type":"Feature","id":2892,"geometry":{"type":"Point","coordinates":[23.7819222,38.069584499999998]},"properties":{"FID":2892}},{"type":"Feature","id":2893,"geometry":{"type":"Point","coordinates":[23.782028199999999,38.069498299999999]},"properties":{"FID":2893}},{"type":"Feature","id":2896,"geometry":{"type":"Point","coordinates":[23.782424200000001,38.069467000000003]},"properties":{"FID":2896}},{"type":"Feature","id":2897,"geometry":{"type":"Point","coordinates":[23.782658399999999,38.069618499999997]},"properties":{"FID":2897}},{"type":"Feature","id":2898,"geometry":{"type":"Point","coordinates":[23.782576899999999,38.069654399999997]},"properties":{"FID":2898}},{"type":"Feature","id":2901,"geometry":{"type":"Point","coordinates":[23.785156700000002,38.070942899999999]},"properties":{"FID":2901}},{"type":"Feature","id":2905,"geometry":{"type":"Point","coordinates":[23.785036300000002,38.070934999999999]},"properties":{"FID":2905}},{"type":"Feature","id":2907,"geometry":{"type":"Point","coordinates":[23.784936200000001,38.070695700000002]},"properties":{"FID":2907}},{"type":"Feature","id":2930,"geometry":{"type":"Point","coordinates":[23.792114000000002,38.074188700000001]},"properties":{"FID":2930}},{"type":"Feature","id":2938,"geometry":{"type":"Point","coordinates":[23.800541800000001,38.075741800000003]},"properties":{"FID":2938}},{"type":"Feature","id":2939,"geometry":{"type":"Point","coordinates":[23.8004599,38.075684500000001]},"properties":{"FID":2939}},{"type":"Feature","id":2940,"geometry":{"type":"Point","coordinates":[23.800328499999999,38.074052399999999]},"properties":{"FID":2940}},{"type":"Feature","id":2941,"geometry":{"type":"Point","coordinates":[23.800315000000001,38.073885900000001]},"properties":{"FID":2941}},{"type":"Feature","id":2942,"geometry":{"type":"Point","coordinates":[23.800198000000002,38.074005300000003]},"properties":{"FID":2942}},{"type":"Feature","id":2960,"geometry":{"type":"Point","coordinates":[23.7878647,38.0508448]},"properties":{"FID":2960}},{"type":"Feature","id":2965,"geometry":{"type":"Point","coordinates":[23.788082800000002,38.059494100000002]},"properties":{"FID":2965}},{"type":"Feature","id":2966,"geometry":{"type":"Point","coordinates":[23.788179800000002,38.059320700000001]},"properties":{"FID":2966}},{"type":"Feature","id":2968,"geometry":{"type":"Point","coordinates":[23.7883478,38.059503499999998]},"properties":{"FID":2968}},{"type":"Feature","id":2970,"geometry":{"type":"Point","coordinates":[23.788293899999999,38.059621700000001]},"properties":{"FID":2970}},{"type":"Feature","id":2997,"geometry":{"type":"Point","coordinates":[23.809477900000001,38.063976099999998]},"properties":{"FID":2997}},{"type":"Feature","id":2999,"geometry":{"type":"Point","coordinates":[23.809175400000001,38.064219600000001]},"properties":{"FID":2999}},{"type":"Feature","id":3002,"geometry":{"type":"Point","coordinates":[23.809671000000002,38.0641763]},"properties":{"FID":3002}},{"type":"Feature","id":3004,"geometry":{"type":"Point","coordinates":[23.810315899999999,38.066969800000003]},"properties":{"FID":3004}},{"type":"Feature","id":3006,"geometry":{"type":"Point","coordinates":[23.8102035,38.066605600000003]},"properties":{"FID":3006}},{"type":"Feature","id":3008,"geometry":{"type":"Point","coordinates":[23.8101463,38.066921800000003]},"properties":{"FID":3008}},{"type":"Feature","id":3028,"geometry":{"type":"Point","coordinates":[23.5484565,38.045920299999999]},"properties":{"FID":3028}},{"type":"Feature","id":3029,"geometry":{"type":"Point","coordinates":[23.548371599999999,38.0460274]},"properties":{"FID":3029}},{"type":"Feature","id":3076,"geometry":{"type":"Point","coordinates":[23.534443499999998,38.054942099999998]},"properties":{"FID":3076}},{"type":"Feature","id":3078,"geometry":{"type":"Point","coordinates":[23.5347705,38.054766700000002]},"properties":{"FID":3078}},{"type":"Feature","id":3084,"geometry":{"type":"Point","coordinates":[23.5345619,38.054461000000003]},"properties":{"FID":3084}},{"type":"Feature","id":3124,"geometry":{"type":"Point","coordinates":[23.710611400000001,38.043341900000001]},"properties":{"FID":3124}},{"type":"Feature","id":3125,"geometry":{"type":"Point","coordinates":[23.710556400000002,38.0434202]},"properties":{"FID":3125}},{"type":"Feature","id":3130,"geometry":{"type":"Point","coordinates":[23.710394000000001,38.042830199999997]},"properties":{"FID":3130}},{"type":"Feature","id":3132,"geometry":{"type":"Point","coordinates":[23.710329999999999,38.042860900000001]},"properties":{"FID":3132}},{"type":"Feature","id":3135,"geometry":{"type":"Point","coordinates":[23.715949500000001,38.042468599999999]},"properties":{"FID":3135}},{"type":"Feature","id":3138,"geometry":{"type":"Point","coordinates":[23.716068799999999,38.042468700000001]},"properties":{"FID":3138}},{"type":"Feature","id":3143,"geometry":{"type":"Point","coordinates":[23.716008500000001,38.043802999999997]},"properties":{"FID":3143}},{"type":"Feature","id":3155,"geometry":{"type":"Point","coordinates":[23.715780299999999,38.047515400000002]},"properties":{"FID":3155}},{"type":"Feature","id":3157,"geometry":{"type":"Point","coordinates":[23.715694200000002,38.047879700000003]},"properties":{"FID":3157}},{"type":"Feature","id":3161,"geometry":{"type":"Point","coordinates":[23.715840199999999,38.049858899999997]},"properties":{"FID":3161}},{"type":"Feature","id":3162,"geometry":{"type":"Point","coordinates":[23.715919400000001,38.049926300000003]},"properties":{"FID":3162}},{"type":"Feature","id":3163,"geometry":{"type":"Point","coordinates":[23.7159282,38.0498276]},"properties":{"FID":3163}},{"type":"Feature","id":3219,"geometry":{"type":"Point","coordinates":[23.763856199999999,38.049903499999999]},"properties":{"FID":3219}},{"type":"Feature","id":3220,"geometry":{"type":"Point","coordinates":[23.764063199999999,38.050053800000001]},"properties":{"FID":3220}},{"type":"Feature","id":3223,"geometry":{"type":"Point","coordinates":[23.764062800000001,38.0498695]},"properties":{"FID":3223}},{"type":"Feature","id":3224,"geometry":{"type":"Point","coordinates":[23.764094700000001,38.049931600000001]},"properties":{"FID":3224}},{"type":"Feature","id":3234,"geometry":{"type":"Point","coordinates":[23.7617692,38.039946200000003]},"properties":{"FID":3234}},{"type":"Feature","id":3246,"geometry":{"type":"Point","coordinates":[23.7376504,38.056604299999996]},"properties":{"FID":3246}},{"type":"Feature","id":3252,"geometry":{"type":"Point","coordinates":[23.731688900000002,38.0613514]},"properties":{"FID":3252}},{"type":"Feature","id":3261,"geometry":{"type":"Point","coordinates":[23.730578900000001,38.055112000000001]},"properties":{"FID":3261}},{"type":"Feature","id":3262,"geometry":{"type":"Point","coordinates":[23.730488600000001,38.055127599999999]},"properties":{"FID":3262}},{"type":"Feature","id":3274,"geometry":{"type":"Point","coordinates":[23.729874200000001,38.052268099999999]},"properties":{"FID":3274}},{"type":"Feature","id":3275,"geometry":{"type":"Point","coordinates":[23.729973900000001,38.052321200000002]},"properties":{"FID":3275}},{"type":"Feature","id":3276,"geometry":{"type":"Point","coordinates":[23.729970699999999,38.052114099999997]},"properties":{"FID":3276}},{"type":"Feature","id":3278,"geometry":{"type":"Point","coordinates":[23.730090000000001,38.052180700000001]},"properties":{"FID":3278}},{"type":"Feature","id":3298,"geometry":{"type":"Point","coordinates":[23.731681600000002,38.061550400000002]},"properties":{"FID":3298}},{"type":"Feature","id":3309,"geometry":{"type":"Point","coordinates":[23.739121699999998,38.070883100000003]},"properties":{"FID":3309}},{"type":"Feature","id":3311,"geometry":{"type":"Point","coordinates":[23.738804999999999,38.072949399999999]},"properties":{"FID":3311}},{"type":"Feature","id":3316,"geometry":{"type":"Point","coordinates":[23.739412399999999,38.076863400000001]},"properties":{"FID":3316}},{"type":"Feature","id":3323,"geometry":{"type":"Point","coordinates":[23.743848199999999,38.071754599999998]},"properties":{"FID":3323}},{"type":"Feature","id":3324,"geometry":{"type":"Point","coordinates":[23.7439292,38.071763099999998]},"properties":{"FID":3324}},{"type":"Feature","id":3328,"geometry":{"type":"Point","coordinates":[23.744247099999999,38.076379199999998]},"properties":{"FID":3328}},{"type":"Feature","id":3330,"geometry":{"type":"Point","coordinates":[23.7448251,38.077498300000002]},"properties":{"FID":3330}},{"type":"Feature","id":3345,"geometry":{"type":"Point","coordinates":[23.713952299999999,38.015340399999999]},"properties":{"FID":3345}},{"type":"Feature","id":3348,"geometry":{"type":"Point","coordinates":[23.714258999999998,38.0153696]},"properties":{"FID":3348}},{"type":"Feature","id":3370,"geometry":{"type":"Point","coordinates":[23.738718299999999,38.065795700000002]},"properties":{"FID":3370}},{"type":"Feature","id":3371,"geometry":{"type":"Point","coordinates":[23.736981,38.019541699999998]},"properties":{"FID":3371}},{"type":"Feature","id":3387,"geometry":{"type":"Point","coordinates":[23.729528299999998,38.006900199999997]},"properties":{"FID":3387}},{"type":"Feature","id":3401,"geometry":{"type":"Point","coordinates":[23.737386999999998,38.045454999999997]},"properties":{"FID":3401}},{"type":"Feature","id":3426,"geometry":{"type":"Point","coordinates":[23.741032300000001,38.0511415]},"properties":{"FID":3426}},{"type":"Feature","id":3464,"geometry":{"type":"Point","coordinates":[23.7388756,38.065959499999998]},"properties":{"FID":3464}},{"type":"Feature","id":3484,"geometry":{"type":"Point","coordinates":[23.735131200000001,38.009811399999997]},"properties":{"FID":3484}},{"type":"Feature","id":3488,"geometry":{"type":"Point","coordinates":[23.734580699999999,38.004264399999997]},"properties":{"FID":3488}},{"type":"Feature","id":3492,"geometry":{"type":"Point","coordinates":[23.740445699999999,38.000954900000004]},"properties":{"FID":3492}},{"type":"Feature","id":3584,"geometry":{"type":"Point","coordinates":[23.6876699,38.028309399999998]},"properties":{"FID":3584}},{"type":"Feature","id":3588,"geometry":{"type":"Point","coordinates":[23.6874459,38.028489200000003]},"properties":{"FID":3588}},{"type":"Feature","id":3589,"geometry":{"type":"Point","coordinates":[23.683753800000002,38.029254299999998]},"properties":{"FID":3589}},{"type":"Feature","id":3605,"geometry":{"type":"Point","coordinates":[23.702976899999999,38.0084728]},"properties":{"FID":3605}},{"type":"Feature","id":3607,"geometry":{"type":"Point","coordinates":[23.693522099999999,38.015307700000001]},"properties":{"FID":3607}},{"type":"Feature","id":3609,"geometry":{"type":"Point","coordinates":[23.694269299999998,38.021875299999998]},"properties":{"FID":3609}},{"type":"Feature","id":3611,"geometry":{"type":"Point","coordinates":[23.689820000000001,38.018207699999998]},"properties":{"FID":3611}},{"type":"Feature","id":3613,"geometry":{"type":"Point","coordinates":[23.689829899999999,38.018023200000002]},"properties":{"FID":3613}},{"type":"Feature","id":3619,"geometry":{"type":"Point","coordinates":[23.685757299999999,38.0211185]},"properties":{"FID":3619}},{"type":"Feature","id":3621,"geometry":{"type":"Point","coordinates":[23.702854599999998,38.015535399999997]},"properties":{"FID":3621}},{"type":"Feature","id":3624,"geometry":{"type":"Point","coordinates":[23.6874045,38.014452900000002]},"properties":{"FID":3624}},{"type":"Feature","id":3628,"geometry":{"type":"Point","coordinates":[23.689672399999999,38.013590499999999]},"properties":{"FID":3628}},{"type":"Feature","id":3629,"geometry":{"type":"Point","coordinates":[23.6881567,38.011748300000001]},"properties":{"FID":3629}},{"type":"Feature","id":3749,"geometry":{"type":"Point","coordinates":[23.8569003,38.202835399999998]},"properties":{"FID":3749}},{"type":"Feature","id":3750,"geometry":{"type":"Point","coordinates":[23.856723800000001,38.202569599999997]},"properties":{"FID":3750}},{"type":"Feature","id":3751,"geometry":{"type":"Point","coordinates":[23.856887799999999,38.202599200000002]},"properties":{"FID":3751}},{"type":"Feature","id":3759,"geometry":{"type":"Point","coordinates":[23.751501000000001,38.049291599999997]},"properties":{"FID":3759}},{"type":"Feature","id":3789,"geometry":{"type":"Point","coordinates":[23.753536700000002,38.055574700000001]},"properties":{"FID":3789}},{"type":"Feature","id":3843,"geometry":{"type":"Point","coordinates":[23.869756200000001,38.047139299999998]},"properties":{"FID":3843}},{"type":"Feature","id":3854,"geometry":{"type":"Point","coordinates":[23.854565900000001,38.000557100000002]},"properties":{"FID":3854}},{"type":"Feature","id":3875,"geometry":{"type":"Point","coordinates":[23.842386699999999,38.0260459]},"properties":{"FID":3875}},{"type":"Feature","id":3876,"geometry":{"type":"Point","coordinates":[23.8494834,38.035211599999997]},"properties":{"FID":3876}},{"type":"Feature","id":3888,"geometry":{"type":"Point","coordinates":[23.866129699999998,38.051852799999999]},"properties":{"FID":3888}},{"type":"Feature","id":3898,"geometry":{"type":"Point","coordinates":[23.847603199999998,38.021701100000001]},"properties":{"FID":3898}},{"type":"Feature","id":3899,"geometry":{"type":"Point","coordinates":[23.847414300000001,38.021632199999999]},"properties":{"FID":3899}},{"type":"Feature","id":3901,"geometry":{"type":"Point","coordinates":[23.850413199999998,38.026312799999999]},"properties":{"FID":3901}},{"type":"Feature","id":3912,"geometry":{"type":"Point","coordinates":[23.831782400000002,38.051157699999997]},"properties":{"FID":3912}},{"type":"Feature","id":3913,"geometry":{"type":"Point","coordinates":[23.8316588,38.051267199999998]},"properties":{"FID":3913}},{"type":"Feature","id":3915,"geometry":{"type":"Point","coordinates":[23.8344685,38.0511464]},"properties":{"FID":3915}},{"type":"Feature","id":3920,"geometry":{"type":"Point","coordinates":[23.832270399999999,38.051243999999997]},"properties":{"FID":3920}},{"type":"Feature","id":3921,"geometry":{"type":"Point","coordinates":[23.832093799999999,38.051358399999998]},"properties":{"FID":3921}},{"type":"Feature","id":3930,"geometry":{"type":"Point","coordinates":[23.835646400000002,38.058666700000003]},"properties":{"FID":3930}},{"type":"Feature","id":3946,"geometry":{"type":"Point","coordinates":[23.825153100000001,38.052911100000003]},"properties":{"FID":3946}},{"type":"Feature","id":4050,"geometry":{"type":"Point","coordinates":[23.584510000000002,38.074038000000002]},"properties":{"FID":4050}},{"type":"Feature","id":4068,"geometry":{"type":"Point","coordinates":[23.5752655,38.074516000000003]},"properties":{"FID":4068}},{"type":"Feature","id":4069,"geometry":{"type":"Point","coordinates":[23.575366599999999,38.0745164]},"properties":{"FID":4069}},{"type":"Feature","id":4070,"geometry":{"type":"Point","coordinates":[23.575445999999999,38.074231699999999]},"properties":{"FID":4070}},{"type":"Feature","id":4071,"geometry":{"type":"Point","coordinates":[23.575571,38.074384600000002]},"properties":{"FID":4071}},{"type":"Feature","id":4073,"geometry":{"type":"Point","coordinates":[23.575566800000001,38.074214599999998]},"properties":{"FID":4073}},{"type":"Feature","id":4079,"geometry":{"type":"Point","coordinates":[23.571102700000001,38.075770400000003]},"properties":{"FID":4079}},{"type":"Feature","id":4081,"geometry":{"type":"Point","coordinates":[23.571062399999999,38.075395899999997]},"properties":{"FID":4081}},{"type":"Feature","id":4085,"geometry":{"type":"Point","coordinates":[23.571272,38.075625799999997]},"properties":{"FID":4085}},{"type":"Feature","id":4091,"geometry":{"type":"Point","coordinates":[23.567372899999999,38.075851100000001]},"properties":{"FID":4091}},{"type":"Feature","id":4094,"geometry":{"type":"Point","coordinates":[23.566840599999999,38.075805600000002]},"properties":{"FID":4094}},{"type":"Feature","id":4117,"geometry":{"type":"Point","coordinates":[23.5316285,38.072873999999999]},"properties":{"FID":4117}},{"type":"Feature","id":4144,"geometry":{"type":"Point","coordinates":[23.6004687,38.071616599999999]},"properties":{"FID":4144}},{"type":"Feature","id":4145,"geometry":{"type":"Point","coordinates":[23.6010779,38.071727000000003]},"properties":{"FID":4145}},{"type":"Feature","id":4147,"geometry":{"type":"Point","coordinates":[23.600980199999999,38.071657399999999]},"properties":{"FID":4147}},{"type":"Feature","id":4148,"geometry":{"type":"Point","coordinates":[23.600781399999999,38.071763199999999]},"properties":{"FID":4148}},{"type":"Feature","id":4149,"geometry":{"type":"Point","coordinates":[23.600715000000001,38.0715267]},"properties":{"FID":4149}},{"type":"Feature","id":4156,"geometry":{"type":"Point","coordinates":[23.610232499999999,38.070054599999999]},"properties":{"FID":4156}},{"type":"Feature","id":4158,"geometry":{"type":"Point","coordinates":[23.610283800000001,38.070112000000002]},"properties":{"FID":4158}},{"type":"Feature","id":4159,"geometry":{"type":"Point","coordinates":[23.609993200000002,38.070181499999997]},"properties":{"FID":4159}},{"type":"Feature","id":4161,"geometry":{"type":"Point","coordinates":[23.609908799999999,38.069923600000003]},"properties":{"FID":4161}},{"type":"Feature","id":4163,"geometry":{"type":"Point","coordinates":[23.609894600000001,38.070231200000002]},"properties":{"FID":4163}},{"type":"Feature","id":4169,"geometry":{"type":"Point","coordinates":[23.618312299999999,38.068493799999999]},"properties":{"FID":4169}},{"type":"Feature","id":4172,"geometry":{"type":"Point","coordinates":[23.6185358,38.068430399999997]},"properties":{"FID":4172}},{"type":"Feature","id":4176,"geometry":{"type":"Point","coordinates":[23.618262300000001,38.068170299999998]},"properties":{"FID":4176}},{"type":"Feature","id":4178,"geometry":{"type":"Point","coordinates":[23.6221657,38.067761599999997]},"properties":{"FID":4178}},{"type":"Feature","id":4180,"geometry":{"type":"Point","coordinates":[23.621775299999999,38.0675916]},"properties":{"FID":4180}},{"type":"Feature","id":4196,"geometry":{"type":"Point","coordinates":[23.618513799999999,38.068368]},"properties":{"FID":4196}},{"type":"Feature","id":4213,"geometry":{"type":"Point","coordinates":[23.760147499999999,38.0690594]},"properties":{"FID":4213}},{"type":"Feature","id":4214,"geometry":{"type":"Point","coordinates":[23.759817399999999,38.069206999999999]},"properties":{"FID":4214}},{"type":"Feature","id":4215,"geometry":{"type":"Point","coordinates":[23.759924999999999,38.069015700000001]},"properties":{"FID":4215}},{"type":"Feature","id":4217,"geometry":{"type":"Point","coordinates":[23.759827699999999,38.067517700000003]},"properties":{"FID":4217}},{"type":"Feature","id":4218,"geometry":{"type":"Point","coordinates":[23.7600786,38.067578500000003]},"properties":{"FID":4218}},{"type":"Feature","id":4219,"geometry":{"type":"Point","coordinates":[23.759890299999999,38.066637]},"properties":{"FID":4219}},{"type":"Feature","id":4220,"geometry":{"type":"Point","coordinates":[23.7600075,38.066458699999998]},"properties":{"FID":4220}},{"type":"Feature","id":4229,"geometry":{"type":"Point","coordinates":[23.759997500000001,38.066361200000003]},"properties":{"FID":4229}},{"type":"Feature","id":4234,"geometry":{"type":"Point","coordinates":[23.757965200000001,38.063605099999997]},"properties":{"FID":4234}},{"type":"Feature","id":4236,"geometry":{"type":"Point","coordinates":[23.758163799999998,38.063687399999999]},"properties":{"FID":4236}},{"type":"Feature","id":4237,"geometry":{"type":"Point","coordinates":[23.7598965,38.070583499999998]},"properties":{"FID":4237}},{"type":"Feature","id":4239,"geometry":{"type":"Point","coordinates":[23.760208500000001,38.0705898]},"properties":{"FID":4239}},{"type":"Feature","id":4240,"geometry":{"type":"Point","coordinates":[23.760107999999999,38.070635899999999]},"properties":{"FID":4240}},{"type":"Feature","id":4241,"geometry":{"type":"Point","coordinates":[23.761402199999999,38.077118900000002]},"properties":{"FID":4241}},{"type":"Feature","id":4243,"geometry":{"type":"Point","coordinates":[23.7616379,38.0773127]},"properties":{"FID":4243}},{"type":"Feature","id":4245,"geometry":{"type":"Point","coordinates":[23.7614923,38.0774677]},"properties":{"FID":4245}},{"type":"Feature","id":4253,"geometry":{"type":"Point","coordinates":[23.759930799999999,38.066457399999997]},"properties":{"FID":4253}},{"type":"Feature","id":4254,"geometry":{"type":"Point","coordinates":[23.760094899999999,38.071024000000001]},"properties":{"FID":4254}},{"type":"Feature","id":4269,"geometry":{"type":"Point","coordinates":[23.745767600000001,38.0202393]},"properties":{"FID":4269}},{"type":"Feature","id":4323,"geometry":{"type":"Point","coordinates":[23.713995100000002,38.059930600000001]},"properties":{"FID":4323}},{"type":"Feature","id":4326,"geometry":{"type":"Point","coordinates":[23.713403,38.056310500000002]},"properties":{"FID":4326}},{"type":"Feature","id":4328,"geometry":{"type":"Point","coordinates":[23.7133784,38.056192299999999]},"properties":{"FID":4328}},{"type":"Feature","id":4332,"geometry":{"type":"Point","coordinates":[23.713305800000001,38.056278499999998]},"properties":{"FID":4332}},{"type":"Feature","id":4438,"geometry":{"type":"Point","coordinates":[23.764289600000001,38.104512300000003]},"properties":{"FID":4438}},{"type":"Feature","id":4439,"geometry":{"type":"Point","coordinates":[23.764410300000002,38.104511199999997]},"properties":{"FID":4439}},{"type":"Feature","id":4441,"geometry":{"type":"Point","coordinates":[23.764518299999999,38.1048106]},"properties":{"FID":4441}},{"type":"Feature","id":4443,"geometry":{"type":"Point","coordinates":[23.763966700000001,38.104751200000003]},"properties":{"FID":4443}},{"type":"Feature","id":4444,"geometry":{"type":"Point","coordinates":[23.764087199999999,38.105077700000002]},"properties":{"FID":4444}},{"type":"Feature","id":4446,"geometry":{"type":"Point","coordinates":[23.7630743,38.1084307]},"properties":{"FID":4446}},{"type":"Feature","id":4450,"geometry":{"type":"Point","coordinates":[23.763392899999999,38.1078744]},"properties":{"FID":4450}},{"type":"Feature","id":4454,"geometry":{"type":"Point","coordinates":[23.7625967,38.111224800000002]},"properties":{"FID":4454}},{"type":"Feature","id":4455,"geometry":{"type":"Point","coordinates":[23.762496200000001,38.111218100000002]},"properties":{"FID":4455}},{"type":"Feature","id":4457,"geometry":{"type":"Point","coordinates":[23.7623231,38.111644800000001]},"properties":{"FID":4457}},{"type":"Feature","id":4461,"geometry":{"type":"Point","coordinates":[23.762653499999999,38.1114587]},"properties":{"FID":4461}},{"type":"Feature","id":4468,"geometry":{"type":"Point","coordinates":[23.7618963,38.119492700000002]},"properties":{"FID":4468}},{"type":"Feature","id":4469,"geometry":{"type":"Point","coordinates":[23.7621614,38.119380700000001]},"properties":{"FID":4469}},{"type":"Feature","id":4470,"geometry":{"type":"Point","coordinates":[23.762146900000001,38.119648300000001]},"properties":{"FID":4470}},{"type":"Feature","id":4471,"geometry":{"type":"Point","coordinates":[23.762267300000001,38.119600400000003]},"properties":{"FID":4471}},{"type":"Feature","id":4486,"geometry":{"type":"Point","coordinates":[23.9714864,38.099204999999998]},"properties":{"FID":4486}},{"type":"Feature","id":4487,"geometry":{"type":"Point","coordinates":[23.969988699999998,38.104238299999999]},"properties":{"FID":4487}},{"type":"Feature","id":4488,"geometry":{"type":"Point","coordinates":[23.969890400000001,38.104124800000001]},"properties":{"FID":4488}},{"type":"Feature","id":4489,"geometry":{"type":"Point","coordinates":[23.969748200000002,38.1043217]},"properties":{"FID":4489}},{"type":"Feature","id":4490,"geometry":{"type":"Point","coordinates":[23.9700168,38.103182199999999]},"properties":{"FID":4490}},{"type":"Feature","id":4491,"geometry":{"type":"Point","coordinates":[23.9698259,38.103423300000003]},"properties":{"FID":4491}},{"type":"Feature","id":4494,"geometry":{"type":"Point","coordinates":[23.969693400000001,38.116291599999997]},"properties":{"FID":4494}},{"type":"Feature","id":4495,"geometry":{"type":"Point","coordinates":[23.969942199999998,38.116177399999998]},"properties":{"FID":4495}},{"type":"Feature","id":4496,"geometry":{"type":"Point","coordinates":[23.969826900000001,38.115956400000002]},"properties":{"FID":4496}},{"type":"Feature","id":4505,"geometry":{"type":"Point","coordinates":[23.9677097,38.144689700000001]},"properties":{"FID":4505}},{"type":"Feature","id":4508,"geometry":{"type":"Point","coordinates":[23.967907199999999,38.144372400000002]},"properties":{"FID":4508}},{"type":"Feature","id":4511,"geometry":{"type":"Point","coordinates":[23.967679499999999,38.144404899999998]},"properties":{"FID":4511}},{"type":"Feature","id":4514,"geometry":{"type":"Point","coordinates":[23.9676312,38.144466299999998]},"properties":{"FID":4514}},{"type":"Feature","id":4519,"geometry":{"type":"Point","coordinates":[23.965550700000001,38.144413100000001]},"properties":{"FID":4519}},{"type":"Feature","id":4520,"geometry":{"type":"Point","coordinates":[23.965539499999998,38.144341500000003]},"properties":{"FID":4520}},{"type":"Feature","id":4521,"geometry":{"type":"Point","coordinates":[23.9655725,38.144152499999997]},"properties":{"FID":4521}},{"type":"Feature","id":4522,"geometry":{"type":"Point","coordinates":[23.965457300000001,38.144114299999998]},"properties":{"FID":4522}},{"type":"Feature","id":4525,"geometry":{"type":"Point","coordinates":[23.965238100000001,38.144484499999997]},"properties":{"FID":4525}},{"type":"Feature","id":4533,"geometry":{"type":"Point","coordinates":[23.9906319,38.053552699999997]},"properties":{"FID":4533}},{"type":"Feature","id":4536,"geometry":{"type":"Point","coordinates":[23.990559999999999,38.0536642]},"properties":{"FID":4536}},{"type":"Feature","id":4541,"geometry":{"type":"Point","coordinates":[23.987188799999998,38.049875399999998]},"properties":{"FID":4541}},{"type":"Feature","id":4543,"geometry":{"type":"Point","coordinates":[23.985849600000002,38.052502099999998]},"properties":{"FID":4543}},{"type":"Feature","id":4546,"geometry":{"type":"Point","coordinates":[23.985724000000001,38.052506899999997]},"properties":{"FID":4546}},{"type":"Feature","id":4550,"geometry":{"type":"Point","coordinates":[23.985439599999999,38.052698700000001]},"properties":{"FID":4550}},{"type":"Feature","id":4555,"geometry":{"type":"Point","coordinates":[23.981860300000001,38.061632099999997]},"properties":{"FID":4555}},{"type":"Feature","id":4557,"geometry":{"type":"Point","coordinates":[23.9817857,38.061587600000003]},"properties":{"FID":4557}},{"type":"Feature","id":4559,"geometry":{"type":"Point","coordinates":[23.981641100000001,38.061680000000003]},"properties":{"FID":4559}},{"type":"Feature","id":4560,"geometry":{"type":"Point","coordinates":[23.981600499999999,38.061629099999998]},"properties":{"FID":4560}},{"type":"Feature","id":4562,"geometry":{"type":"Point","coordinates":[23.982731399999999,38.075800000000001]},"properties":{"FID":4562}},{"type":"Feature","id":4564,"geometry":{"type":"Point","coordinates":[23.982420600000001,38.076078899999999]},"properties":{"FID":4564}},{"type":"Feature","id":4566,"geometry":{"type":"Point","coordinates":[23.982640400000001,38.075679600000001]},"properties":{"FID":4566}},{"type":"Feature","id":4567,"geometry":{"type":"Point","coordinates":[23.982897699999999,38.075413099999999]},"properties":{"FID":4567}},{"type":"Feature","id":4568,"geometry":{"type":"Point","coordinates":[23.982567199999998,38.0720958]},"properties":{"FID":4568}},{"type":"Feature","id":4569,"geometry":{"type":"Point","coordinates":[23.982483999999999,38.072213699999999]},"properties":{"FID":4569}},{"type":"Feature","id":4570,"geometry":{"type":"Point","coordinates":[23.9820636,38.066104899999999]},"properties":{"FID":4570}},{"type":"Feature","id":4571,"geometry":{"type":"Point","coordinates":[23.981946300000001,38.066269699999999]},"properties":{"FID":4571}},{"type":"Feature","id":4572,"geometry":{"type":"Point","coordinates":[23.9819186,38.065967399999998]},"properties":{"FID":4572}},{"type":"Feature","id":4577,"geometry":{"type":"Point","coordinates":[23.982911099999999,38.075961999999997]},"properties":{"FID":4577}},{"type":"Feature","id":4596,"geometry":{"type":"Point","coordinates":[23.8115682,38.054008000000003]},"properties":{"FID":4596}},{"type":"Feature","id":4597,"geometry":{"type":"Point","coordinates":[23.811370499999999,38.053908700000001]},"properties":{"FID":4597}},{"type":"Feature","id":4620,"geometry":{"type":"Point","coordinates":[23.808682699999999,38.058839800000001]},"properties":{"FID":4620}},{"type":"Feature","id":4621,"geometry":{"type":"Point","coordinates":[23.8044656,38.042234999999998]},"properties":{"FID":4621}},{"type":"Feature","id":4661,"geometry":{"type":"Point","coordinates":[23.6824525,38.087367999999998]},"properties":{"FID":4661}},{"type":"Feature","id":4662,"geometry":{"type":"Point","coordinates":[23.682538900000001,38.087722999999997]},"properties":{"FID":4662}},{"type":"Feature","id":4663,"geometry":{"type":"Point","coordinates":[23.682342299999998,38.087551599999998]},"properties":{"FID":4663}},{"type":"Feature","id":4664,"geometry":{"type":"Point","coordinates":[23.6826908,38.087552000000002]},"properties":{"FID":4664}},{"type":"Feature","id":4717,"geometry":{"type":"Point","coordinates":[24.053103400000001,37.7201205]},"properties":{"FID":4717}},{"type":"Feature","id":4767,"geometry":{"type":"Point","coordinates":[23.524904200000002,38.075378000000001]},"properties":{"FID":4767}},{"type":"Feature","id":4769,"geometry":{"type":"Point","coordinates":[23.524544599999999,38.075422600000003]},"properties":{"FID":4769}},{"type":"Feature","id":4772,"geometry":{"type":"Point","coordinates":[23.524849199999998,38.075268000000001]},"properties":{"FID":4772}},{"type":"Feature","id":4784,"geometry":{"type":"Point","coordinates":[23.530494600000001,38.073484000000001]},"properties":{"FID":4784}},{"type":"Feature","id":4785,"geometry":{"type":"Point","coordinates":[23.530204000000001,38.073248499999998]},"properties":{"FID":4785}},{"type":"Feature","id":4786,"geometry":{"type":"Point","coordinates":[23.530154199999998,38.073395300000001]},"properties":{"FID":4786}},{"type":"Feature","id":4799,"geometry":{"type":"Point","coordinates":[23.531592499999999,38.073174700000003]},"properties":{"FID":4799}},{"type":"Feature","id":4800,"geometry":{"type":"Point","coordinates":[23.531513499999999,38.073181099999999]},"properties":{"FID":4800}},{"type":"Feature","id":4807,"geometry":{"type":"Point","coordinates":[23.540062800000001,38.076642200000002]},"properties":{"FID":4807}},{"type":"Feature","id":4811,"geometry":{"type":"Point","coordinates":[23.539888300000001,38.076561099999999]},"properties":{"FID":4811}},{"type":"Feature","id":4813,"geometry":{"type":"Point","coordinates":[23.539727500000001,38.076856599999999]},"properties":{"FID":4813}},{"type":"Feature","id":4828,"geometry":{"type":"Point","coordinates":[23.5314789,38.073020499999998]},"properties":{"FID":4828}},{"type":"Feature","id":4856,"geometry":{"type":"Point","coordinates":[23.514496399999999,38.063282999999998]},"properties":{"FID":4856}},{"type":"Feature","id":4859,"geometry":{"type":"Point","coordinates":[23.512403299999999,38.0664467]},"properties":{"FID":4859}},{"type":"Feature","id":4873,"geometry":{"type":"Point","coordinates":[23.508066700000001,38.0754582]},"properties":{"FID":4873}},{"type":"Feature","id":4874,"geometry":{"type":"Point","coordinates":[23.508409799999999,38.075367499999999]},"properties":{"FID":4874}},{"type":"Feature","id":4899,"geometry":{"type":"Point","coordinates":[23.519773699999998,38.056352199999999]},"properties":{"FID":4899}},{"type":"Feature","id":4900,"geometry":{"type":"Point","coordinates":[23.519654800000001,38.056381299999998]},"properties":{"FID":4900}},{"type":"Feature","id":4906,"geometry":{"type":"Point","coordinates":[23.519093699999999,38.056521199999999]},"properties":{"FID":4906}},{"type":"Feature","id":4907,"geometry":{"type":"Point","coordinates":[23.518881499999999,38.057193599999998]},"properties":{"FID":4907}},{"type":"Feature","id":4908,"geometry":{"type":"Point","coordinates":[23.519435099999999,38.057111200000001]},"properties":{"FID":4908}},{"type":"Feature","id":4909,"geometry":{"type":"Point","coordinates":[23.5192908,38.057079600000002]},"properties":{"FID":4909}},{"type":"Feature","id":4911,"geometry":{"type":"Point","coordinates":[23.517656500000001,38.059462000000003]},"properties":{"FID":4911}},{"type":"Feature","id":4913,"geometry":{"type":"Point","coordinates":[23.517462699999999,38.059298200000001]},"properties":{"FID":4913}},{"type":"Feature","id":4915,"geometry":{"type":"Point","coordinates":[23.517205700000002,38.059423899999999]},"properties":{"FID":4915}},{"type":"Feature","id":4916,"geometry":{"type":"Point","coordinates":[23.516805600000001,38.059916299999998]},"properties":{"FID":4916}},{"type":"Feature","id":4939,"geometry":{"type":"Point","coordinates":[23.5127098,38.044463299999997]},"properties":{"FID":4939}},{"type":"Feature","id":4940,"geometry":{"type":"Point","coordinates":[23.5131874,38.044598100000002]},"properties":{"FID":4940}},{"type":"Feature","id":4957,"geometry":{"type":"Point","coordinates":[24.056241700000001,37.792110299999997]},"properties":{"FID":4957}},{"type":"Feature","id":4958,"geometry":{"type":"Point","coordinates":[24.056502399999999,37.791766199999998]},"properties":{"FID":4958}},{"type":"Feature","id":4959,"geometry":{"type":"Point","coordinates":[24.056615099999998,37.791726400000002]},"properties":{"FID":4959}},{"type":"Feature","id":4960,"geometry":{"type":"Point","coordinates":[24.0558117,37.768142300000001]},"properties":{"FID":4960}},{"type":"Feature","id":4962,"geometry":{"type":"Point","coordinates":[24.055854400000001,37.767960899999999]},"properties":{"FID":4962}},{"type":"Feature","id":4963,"geometry":{"type":"Point","coordinates":[24.0554497,37.768192999999997]},"properties":{"FID":4963}},{"type":"Feature","id":4968,"geometry":{"type":"Point","coordinates":[24.051585200000002,37.731621199999999]},"properties":{"FID":4968}},{"type":"Feature","id":4969,"geometry":{"type":"Point","coordinates":[24.0519447,37.7315252]},"properties":{"FID":4969}},{"type":"Feature","id":4982,"geometry":{"type":"Point","coordinates":[23.806893299999999,38.009549100000001]},"properties":{"FID":4982}},{"type":"Feature","id":5002,"geometry":{"type":"Point","coordinates":[23.6763975,38.045855899999999]},"properties":{"FID":5002}},{"type":"Feature","id":5009,"geometry":{"type":"Point","coordinates":[23.678033800000001,38.011064599999997]},"properties":{"FID":5009}},{"type":"Feature","id":5020,"geometry":{"type":"Point","coordinates":[23.665191,38.008786499999999]},"properties":{"FID":5020}},{"type":"Feature","id":5029,"geometry":{"type":"Point","coordinates":[23.682028800000001,38.013232899999998]},"properties":{"FID":5029}},{"type":"Feature","id":5049,"geometry":{"type":"Point","coordinates":[24.009841000000002,37.801087199999998]},"properties":{"FID":5049}},{"type":"Feature","id":5050,"geometry":{"type":"Point","coordinates":[24.0099014,37.8010041]},"properties":{"FID":5050}},{"type":"Feature","id":5052,"geometry":{"type":"Point","coordinates":[24.009595300000001,37.800831600000002]},"properties":{"FID":5052}},{"type":"Feature","id":5053,"geometry":{"type":"Point","coordinates":[24.0096238,37.801086499999997]},"properties":{"FID":5053}},{"type":"Feature","id":5066,"geometry":{"type":"Point","coordinates":[23.7327604,37.987111400000003]},"properties":{"FID":5066}},{"type":"Feature","id":5072,"geometry":{"type":"Point","coordinates":[23.730887800000001,37.986325600000001]},"properties":{"FID":5072}},{"type":"Feature","id":5075,"geometry":{"type":"Point","coordinates":[23.730210799999998,37.98742]},"properties":{"FID":5075}},{"type":"Feature","id":5077,"geometry":{"type":"Point","coordinates":[23.7300079,37.986531300000003]},"properties":{"FID":5077}},{"type":"Feature","id":5078,"geometry":{"type":"Point","coordinates":[23.730132000000001,37.987074700000001]},"properties":{"FID":5078}},{"type":"Feature","id":5079,"geometry":{"type":"Point","coordinates":[23.730105500000001,37.986958799999996]},"properties":{"FID":5079}},{"type":"Feature","id":5080,"geometry":{"type":"Point","coordinates":[23.729915699999999,37.986127699999997]},"properties":{"FID":5080}},{"type":"Feature","id":5081,"geometry":{"type":"Point","coordinates":[23.728630599999999,37.986620000000002]},"properties":{"FID":5081}},{"type":"Feature","id":5082,"geometry":{"type":"Point","coordinates":[23.7287657,37.9871585]},"properties":{"FID":5082}},{"type":"Feature","id":5083,"geometry":{"type":"Point","coordinates":[23.728892999999999,37.987666300000001]},"properties":{"FID":5083}},{"type":"Feature","id":5089,"geometry":{"type":"Point","coordinates":[23.731233,37.985331299999999]},"properties":{"FID":5089}},{"type":"Feature","id":5091,"geometry":{"type":"Point","coordinates":[23.730806900000001,37.985956799999997]},"properties":{"FID":5091}},{"type":"Feature","id":5092,"geometry":{"type":"Point","coordinates":[23.729682700000001,37.985981899999999]},"properties":{"FID":5092}},{"type":"Feature","id":5154,"geometry":{"type":"Point","coordinates":[23.614567699999998,37.958513199999999]},"properties":{"FID":5154}},{"type":"Feature","id":5157,"geometry":{"type":"Point","coordinates":[23.6144684,37.958357200000002]},"properties":{"FID":5157}},{"type":"Feature","id":5158,"geometry":{"type":"Point","coordinates":[23.6145149,37.959536399999998]},"properties":{"FID":5158}},{"type":"Feature","id":5159,"geometry":{"type":"Point","coordinates":[23.6147961,37.959176399999997]},"properties":{"FID":5159}},{"type":"Feature","id":5162,"geometry":{"type":"Point","coordinates":[23.614912799999999,37.959486699999999]},"properties":{"FID":5162}},{"type":"Feature","id":5188,"geometry":{"type":"Point","coordinates":[23.614750699999998,37.9583011]},"properties":{"FID":5188}},{"type":"Feature","id":5216,"geometry":{"type":"Point","coordinates":[23.3328402,37.999780199999996]},"properties":{"FID":5216}},{"type":"Feature","id":5217,"geometry":{"type":"Point","coordinates":[23.701906699999999,38.077330400000001]},"properties":{"FID":5217}},{"type":"Feature","id":5218,"geometry":{"type":"Point","coordinates":[23.702091800000002,38.077410800000003]},"properties":{"FID":5218}},{"type":"Feature","id":5219,"geometry":{"type":"Point","coordinates":[23.702121300000002,38.077322100000004]},"properties":{"FID":5219}},{"type":"Feature","id":5234,"geometry":{"type":"Point","coordinates":[23.6974725,38.081352500000001]},"properties":{"FID":5234}},{"type":"Feature","id":5334,"geometry":{"type":"Point","coordinates":[23.6210813,37.943570200000003]},"properties":{"FID":5334}},{"type":"Feature","id":5335,"geometry":{"type":"Point","coordinates":[23.6210722,37.943458800000002]},"properties":{"FID":5335}},{"type":"Feature","id":5345,"geometry":{"type":"Point","coordinates":[23.621207500000001,37.943377699999999]},"properties":{"FID":5345}},{"type":"Feature","id":5346,"geometry":{"type":"Point","coordinates":[23.6213759,37.943555799999999]},"properties":{"FID":5346}},{"type":"Feature","id":5362,"geometry":{"type":"Point","coordinates":[23.7333468,37.984659600000001]},"properties":{"FID":5362}},{"type":"Feature","id":5363,"geometry":{"type":"Point","coordinates":[23.7332316,37.984703500000002]},"properties":{"FID":5363}},{"type":"Feature","id":5364,"geometry":{"type":"Point","coordinates":[23.731846999999998,37.984803599999999]},"properties":{"FID":5364}},{"type":"Feature","id":5365,"geometry":{"type":"Point","coordinates":[23.731633500000001,37.984861000000002]},"properties":{"FID":5365}},{"type":"Feature","id":5366,"geometry":{"type":"Point","coordinates":[23.731495599999999,37.985235899999999]},"properties":{"FID":5366}},{"type":"Feature","id":5371,"geometry":{"type":"Point","coordinates":[23.733167300000002,37.982987100000003]},"properties":{"FID":5371}},{"type":"Feature","id":5374,"geometry":{"type":"Point","coordinates":[23.738161600000002,37.995679699999997]},"properties":{"FID":5374}},{"type":"Feature","id":5375,"geometry":{"type":"Point","coordinates":[23.7381432,37.995536600000001]},"properties":{"FID":5375}},{"type":"Feature","id":5382,"geometry":{"type":"Point","coordinates":[23.735442500000001,37.995052000000001]},"properties":{"FID":5382}},{"type":"Feature","id":5383,"geometry":{"type":"Point","coordinates":[23.736105999999999,37.995086100000002]},"properties":{"FID":5383}},{"type":"Feature","id":5393,"geometry":{"type":"Point","coordinates":[23.733785900000001,37.996556300000002]},"properties":{"FID":5393}},{"type":"Feature","id":5398,"geometry":{"type":"Point","coordinates":[23.7332483,37.995317200000002]},"properties":{"FID":5398}},{"type":"Feature","id":5399,"geometry":{"type":"Point","coordinates":[23.733336999999999,37.995248699999998]},"properties":{"FID":5399}},{"type":"Feature","id":5401,"geometry":{"type":"Point","coordinates":[23.733585900000001,37.995391300000001]},"properties":{"FID":5401}},{"type":"Feature","id":5402,"geometry":{"type":"Point","coordinates":[23.734010300000001,37.9953918]},"properties":{"FID":5402}},{"type":"Feature","id":5403,"geometry":{"type":"Point","coordinates":[23.734135299999998,37.995310799999999]},"properties":{"FID":5403}},{"type":"Feature","id":5423,"geometry":{"type":"Point","coordinates":[23.582321799999999,37.962522300000003]},"properties":{"FID":5423}},{"type":"Feature","id":5428,"geometry":{"type":"Point","coordinates":[23.583530499999998,37.962932199999997]},"properties":{"FID":5428}},{"type":"Feature","id":5429,"geometry":{"type":"Point","coordinates":[23.583383999999999,37.962615200000002]},"properties":{"FID":5429}},{"type":"Feature","id":5431,"geometry":{"type":"Point","coordinates":[23.5771452,37.962993500000003]},"properties":{"FID":5431}},{"type":"Feature","id":5433,"geometry":{"type":"Point","coordinates":[23.5760249,37.963148099999998]},"properties":{"FID":5433}},{"type":"Feature","id":5434,"geometry":{"type":"Point","coordinates":[23.570774199999999,37.963008100000003]},"properties":{"FID":5434}},{"type":"Feature","id":5438,"geometry":{"type":"Point","coordinates":[23.565391999999999,37.963555700000001]},"properties":{"FID":5438}},{"type":"Feature","id":5440,"geometry":{"type":"Point","coordinates":[23.5651072,37.963423900000002]},"properties":{"FID":5440}},{"type":"Feature","id":5463,"geometry":{"type":"Point","coordinates":[23.917976299999999,37.989604999999997]},"properties":{"FID":5463}},{"type":"Feature","id":5468,"geometry":{"type":"Point","coordinates":[23.716530899999999,37.9843227]},"properties":{"FID":5468}},{"type":"Feature","id":5474,"geometry":{"type":"Point","coordinates":[23.714103699999999,37.984218800000001]},"properties":{"FID":5474}},{"type":"Feature","id":5477,"geometry":{"type":"Point","coordinates":[23.710990800000001,37.9851983]},"properties":{"FID":5477}},{"type":"Feature","id":5478,"geometry":{"type":"Point","coordinates":[23.7109937,37.986156800000003]},"properties":{"FID":5478}},{"type":"Feature","id":5479,"geometry":{"type":"Point","coordinates":[23.711126700000001,37.986165499999998]},"properties":{"FID":5479}},{"type":"Feature","id":5480,"geometry":{"type":"Point","coordinates":[23.7111418,37.986093099999998]},"properties":{"FID":5480}},{"type":"Feature","id":5481,"geometry":{"type":"Point","coordinates":[23.7110579,37.985965499999999]},"properties":{"FID":5481}},{"type":"Feature","id":5483,"geometry":{"type":"Point","coordinates":[23.711731400000001,37.989401899999997]},"properties":{"FID":5483}},{"type":"Feature","id":5484,"geometry":{"type":"Point","coordinates":[23.711041000000002,37.990575300000003]},"properties":{"FID":5484}},{"type":"Feature","id":5485,"geometry":{"type":"Point","coordinates":[23.711019100000001,37.9905233]},"properties":{"FID":5485}},{"type":"Feature","id":5486,"geometry":{"type":"Point","coordinates":[23.711082300000001,37.990508699999999]},"properties":{"FID":5486}},{"type":"Feature","id":5492,"geometry":{"type":"Point","coordinates":[23.718137800000001,37.984672500000002]},"properties":{"FID":5492}},{"type":"Feature","id":5508,"geometry":{"type":"Point","coordinates":[23.715247099999999,37.978031600000001]},"properties":{"FID":5508}},{"type":"Feature","id":5518,"geometry":{"type":"Point","coordinates":[23.714823500000001,37.977827699999999]},"properties":{"FID":5518}},{"type":"Feature","id":5519,"geometry":{"type":"Point","coordinates":[23.704232699999999,37.976683000000001]},"properties":{"FID":5519}},{"type":"Feature","id":5528,"geometry":{"type":"Point","coordinates":[23.707335400000002,37.976688600000003]},"properties":{"FID":5528}},{"type":"Feature","id":5530,"geometry":{"type":"Point","coordinates":[23.707471099999999,37.976981500000001]},"properties":{"FID":5530}},{"type":"Feature","id":5534,"geometry":{"type":"Point","coordinates":[23.7072352,37.978488900000002]},"properties":{"FID":5534}},{"type":"Feature","id":5537,"geometry":{"type":"Point","coordinates":[23.7075295,37.976853800000001]},"properties":{"FID":5537}},{"type":"Feature","id":5544,"geometry":{"type":"Point","coordinates":[23.7071693,37.9786334]},"properties":{"FID":5544}},{"type":"Feature","id":5545,"geometry":{"type":"Point","coordinates":[23.7070425,37.978628499999999]},"properties":{"FID":5545}},{"type":"Feature","id":5547,"geometry":{"type":"Point","coordinates":[23.708767099999999,37.981949299999997]},"properties":{"FID":5547}},{"type":"Feature","id":5549,"geometry":{"type":"Point","coordinates":[23.708948100000001,37.981763600000001]},"properties":{"FID":5549}},{"type":"Feature","id":5554,"geometry":{"type":"Point","coordinates":[23.709160499999999,37.981895700000003]},"properties":{"FID":5554}},{"type":"Feature","id":5558,"geometry":{"type":"Point","coordinates":[23.709033999999999,37.982078199999997]},"properties":{"FID":5558}},{"type":"Feature","id":5574,"geometry":{"type":"Point","coordinates":[23.705616500000001,37.975374199999997]},"properties":{"FID":5574}},{"type":"Feature","id":5575,"geometry":{"type":"Point","coordinates":[23.705501300000002,37.975317400000002]},"properties":{"FID":5575}},{"type":"Feature","id":5576,"geometry":{"type":"Point","coordinates":[23.705559099999999,37.975237]},"properties":{"FID":5576}},{"type":"Feature","id":5580,"geometry":{"type":"Point","coordinates":[23.7042611,37.975739799999999]},"properties":{"FID":5580}},{"type":"Feature","id":5582,"geometry":{"type":"Point","coordinates":[23.7044335,37.975354000000003]},"properties":{"FID":5582}},{"type":"Feature","id":5585,"geometry":{"type":"Point","coordinates":[23.7041164,37.975525099999999]},"properties":{"FID":5585}},{"type":"Feature","id":5586,"geometry":{"type":"Point","coordinates":[23.7042629,37.974839099999997]},"properties":{"FID":5586}},{"type":"Feature","id":5590,"geometry":{"type":"Point","coordinates":[23.704233899999998,37.974566500000002]},"properties":{"FID":5590}},{"type":"Feature","id":5591,"geometry":{"type":"Point","coordinates":[23.704109299999999,37.974583699999997]},"properties":{"FID":5591}},{"type":"Feature","id":5597,"geometry":{"type":"Point","coordinates":[23.707814599999999,37.973662400000002]},"properties":{"FID":5597}},{"type":"Feature","id":5599,"geometry":{"type":"Point","coordinates":[23.707471699999999,37.973586900000001]},"properties":{"FID":5599}},{"type":"Feature","id":5601,"geometry":{"type":"Point","coordinates":[23.7075225,37.973360700000001]},"properties":{"FID":5601}},{"type":"Feature","id":5642,"geometry":{"type":"Point","coordinates":[23.6896053,38.0182109]},"properties":{"FID":5642}},{"type":"Feature","id":5663,"geometry":{"type":"Point","coordinates":[23.691739200000001,38.0164835]},"properties":{"FID":5663}},{"type":"Feature","id":5682,"geometry":{"type":"Point","coordinates":[23.711448000000001,37.975916300000002]},"properties":{"FID":5682}},{"type":"Feature","id":5684,"geometry":{"type":"Point","coordinates":[23.711566300000001,37.976247000000001]},"properties":{"FID":5684}},{"type":"Feature","id":5692,"geometry":{"type":"Point","coordinates":[23.713634800000001,37.975893200000002]},"properties":{"FID":5692}},{"type":"Feature","id":5693,"geometry":{"type":"Point","coordinates":[23.713624599999999,37.975781599999998]},"properties":{"FID":5693}},{"type":"Feature","id":5694,"geometry":{"type":"Point","coordinates":[23.713673700000001,37.975753900000001]},"properties":{"FID":5694}},{"type":"Feature","id":5696,"geometry":{"type":"Point","coordinates":[23.7138676,37.975793099999997]},"properties":{"FID":5696}},{"type":"Feature","id":5698,"geometry":{"type":"Point","coordinates":[23.713977199999999,37.975858100000004]},"properties":{"FID":5698}},{"type":"Feature","id":5700,"geometry":{"type":"Point","coordinates":[23.714415899999999,37.976035000000003]},"properties":{"FID":5700}},{"type":"Feature","id":5702,"geometry":{"type":"Point","coordinates":[23.7135924,37.977039699999999]},"properties":{"FID":5702}},{"type":"Feature","id":5704,"geometry":{"type":"Point","coordinates":[23.713615099999998,37.977255800000002]},"properties":{"FID":5704}},{"type":"Feature","id":5706,"geometry":{"type":"Point","coordinates":[23.713313100000001,37.977016399999997]},"properties":{"FID":5706}},{"type":"Feature","id":5729,"geometry":{"type":"Point","coordinates":[23.713770100000001,37.972382699999997]},"properties":{"FID":5729}},{"type":"Feature","id":5732,"geometry":{"type":"Point","coordinates":[23.490333199999998,38.0304596]},"properties":{"FID":5732}},{"type":"Feature","id":5740,"geometry":{"type":"Point","coordinates":[23.696073500000001,37.946084499999998]},"properties":{"FID":5740}},{"type":"Feature","id":5747,"geometry":{"type":"Point","coordinates":[23.699039800000001,37.944490999999999]},"properties":{"FID":5747}},{"type":"Feature","id":5751,"geometry":{"type":"Point","coordinates":[23.698853100000001,37.944269800000001]},"properties":{"FID":5751}},{"type":"Feature","id":5768,"geometry":{"type":"Point","coordinates":[23.6989947,37.937846]},"properties":{"FID":5768}},{"type":"Feature","id":5771,"geometry":{"type":"Point","coordinates":[23.699612299999998,37.944928699999998]},"properties":{"FID":5771}},{"type":"Feature","id":5772,"geometry":{"type":"Point","coordinates":[23.6996343,37.944794899999998]},"properties":{"FID":5772}},{"type":"Feature","id":5773,"geometry":{"type":"Point","coordinates":[23.699493100000002,37.944764499999998]},"properties":{"FID":5773}},{"type":"Feature","id":5775,"geometry":{"type":"Point","coordinates":[23.687889500000001,37.941044900000001]},"properties":{"FID":5775}},{"type":"Feature","id":5777,"geometry":{"type":"Point","coordinates":[23.687795900000001,37.941282999999999]},"properties":{"FID":5777}},{"type":"Feature","id":5778,"geometry":{"type":"Point","coordinates":[23.687519000000002,37.941134900000002]},"properties":{"FID":5778}},{"type":"Feature","id":5788,"geometry":{"type":"Point","coordinates":[23.688161900000001,37.9417215]},"properties":{"FID":5788}},{"type":"Feature","id":5797,"geometry":{"type":"Point","coordinates":[23.694127399999999,37.944581300000003]},"properties":{"FID":5797}},{"type":"Feature","id":5798,"geometry":{"type":"Point","coordinates":[23.694217399999999,37.944467400000001]},"properties":{"FID":5798}},{"type":"Feature","id":5799,"geometry":{"type":"Point","coordinates":[23.693900299999999,37.944300400000003]},"properties":{"FID":5799}},{"type":"Feature","id":5810,"geometry":{"type":"Point","coordinates":[23.749744700000001,37.955739100000002]},"properties":{"FID":5810}},{"type":"Feature","id":5816,"geometry":{"type":"Point","coordinates":[23.746124399999999,37.950993199999999]},"properties":{"FID":5816}},{"type":"Feature","id":5818,"geometry":{"type":"Point","coordinates":[23.746307699999999,37.950969899999997]},"properties":{"FID":5818}},{"type":"Feature","id":5821,"geometry":{"type":"Point","coordinates":[23.744930700000001,37.949224999999998]},"properties":{"FID":5821}},{"type":"Feature","id":5825,"geometry":{"type":"Point","coordinates":[23.744918299999998,37.9490707]},"properties":{"FID":5825}},{"type":"Feature","id":5827,"geometry":{"type":"Point","coordinates":[23.7456341,37.948136499999997]},"properties":{"FID":5827}},{"type":"Feature","id":5828,"geometry":{"type":"Point","coordinates":[23.745719399999999,37.948014899999997]},"properties":{"FID":5828}},{"type":"Feature","id":5837,"geometry":{"type":"Point","coordinates":[23.7484903,37.943495200000001]},"properties":{"FID":5837}},{"type":"Feature","id":5838,"geometry":{"type":"Point","coordinates":[23.748634599999999,37.943516199999998]},"properties":{"FID":5838}},{"type":"Feature","id":5839,"geometry":{"type":"Point","coordinates":[23.7493011,37.942060400000003]},"properties":{"FID":5839}},{"type":"Feature","id":5840,"geometry":{"type":"Point","coordinates":[23.749326199999999,37.942211999999998]},"properties":{"FID":5840}},{"type":"Feature","id":5855,"geometry":{"type":"Point","coordinates":[23.733992300000001,37.991280000000003]},"properties":{"FID":5855}},{"type":"Feature","id":5857,"geometry":{"type":"Point","coordinates":[23.734210699999998,37.991335100000001]},"properties":{"FID":5857}},{"type":"Feature","id":5863,"geometry":{"type":"Point","coordinates":[23.740908999999998,37.992792299999998]},"properties":{"FID":5863}},{"type":"Feature","id":5880,"geometry":{"type":"Point","coordinates":[23.610223900000001,37.949316400000001]},"properties":{"FID":5880}},{"type":"Feature","id":5887,"geometry":{"type":"Point","coordinates":[23.651678,37.942929499999998]},"properties":{"FID":5887}},{"type":"Feature","id":5896,"geometry":{"type":"Point","coordinates":[23.648513399999999,37.944670500000001]},"properties":{"FID":5896}},{"type":"Feature","id":5909,"geometry":{"type":"Point","coordinates":[23.645337099999999,37.945156599999997]},"properties":{"FID":5909}},{"type":"Feature","id":5924,"geometry":{"type":"Point","coordinates":[23.826197400000002,38.052939500000001]},"properties":{"FID":5924}},{"type":"Feature","id":5925,"geometry":{"type":"Point","coordinates":[23.826783800000001,38.052735400000003]},"properties":{"FID":5925}},{"type":"Feature","id":5938,"geometry":{"type":"Point","coordinates":[23.808724600000001,38.057756400000002]},"properties":{"FID":5938}},{"type":"Feature","id":5943,"geometry":{"type":"Point","coordinates":[23.8143663,38.053101599999998]},"properties":{"FID":5943}},{"type":"Feature","id":5949,"geometry":{"type":"Point","coordinates":[23.854548600000001,38.053195700000003]},"properties":{"FID":5949}},{"type":"Feature","id":5997,"geometry":{"type":"Point","coordinates":[23.775860099999999,37.976392099999998]},"properties":{"FID":5997}},{"type":"Feature","id":6001,"geometry":{"type":"Point","coordinates":[23.7711866,37.9806679]},"properties":{"FID":6001}},{"type":"Feature","id":6016,"geometry":{"type":"Point","coordinates":[23.780375200000002,37.971904700000003]},"properties":{"FID":6016}},{"type":"Feature","id":6019,"geometry":{"type":"Point","coordinates":[23.653001799999998,37.944496700000002]},"properties":{"FID":6019}},{"type":"Feature","id":6020,"geometry":{"type":"Point","coordinates":[23.653036,37.944671100000001]},"properties":{"FID":6020}},{"type":"Feature","id":6021,"geometry":{"type":"Point","coordinates":[23.653161699999998,37.9446814]},"properties":{"FID":6021}},{"type":"Feature","id":6059,"geometry":{"type":"Point","coordinates":[23.542118899999998,38.043238199999998]},"properties":{"FID":6059}},{"type":"Feature","id":6080,"geometry":{"type":"Point","coordinates":[23.5845415,38.042742400000002]},"properties":{"FID":6080}},{"type":"Feature","id":6082,"geometry":{"type":"Point","coordinates":[23.584449899999999,38.0429587]},"properties":{"FID":6082}},{"type":"Feature","id":6084,"geometry":{"type":"Point","coordinates":[23.584450100000002,38.043080400000001]},"properties":{"FID":6084}},{"type":"Feature","id":6086,"geometry":{"type":"Point","coordinates":[23.584468600000001,38.043479900000001]},"properties":{"FID":6086}},{"type":"Feature","id":6087,"geometry":{"type":"Point","coordinates":[23.584623100000002,38.0433849]},"properties":{"FID":6087}},{"type":"Feature","id":6088,"geometry":{"type":"Point","coordinates":[23.584761,38.043110400000003]},"properties":{"FID":6088}},{"type":"Feature","id":6089,"geometry":{"type":"Point","coordinates":[23.584827300000001,38.043331799999997]},"properties":{"FID":6089}},{"type":"Feature","id":6090,"geometry":{"type":"Point","coordinates":[23.584801800000001,38.043216000000001]},"properties":{"FID":6090}},{"type":"Feature","id":6116,"geometry":{"type":"Point","coordinates":[23.534778299999999,38.054314400000003]},"properties":{"FID":6116}},{"type":"Feature","id":6119,"geometry":{"type":"Point","coordinates":[23.534552300000001,38.054531799999999]},"properties":{"FID":6119}},{"type":"Feature","id":6184,"geometry":{"type":"Point","coordinates":[23.642355200000001,37.954710200000001]},"properties":{"FID":6184}},{"type":"Feature","id":6189,"geometry":{"type":"Point","coordinates":[23.6470612,37.9477647]},"properties":{"FID":6189}},{"type":"Feature","id":6195,"geometry":{"type":"Point","coordinates":[23.638749099999998,37.964686100000002]},"properties":{"FID":6195}},{"type":"Feature","id":6198,"geometry":{"type":"Point","coordinates":[23.6509781,37.949340399999997]},"properties":{"FID":6198}},{"type":"Feature","id":6253,"geometry":{"type":"Point","coordinates":[23.847595200000001,38.041708]},"properties":{"FID":6253}},{"type":"Feature","id":6254,"geometry":{"type":"Point","coordinates":[23.8473814,38.041934400000002]},"properties":{"FID":6254}},{"type":"Feature","id":6256,"geometry":{"type":"Point","coordinates":[23.828605400000001,38.028161400000002]},"properties":{"FID":6256}},{"type":"Feature","id":6257,"geometry":{"type":"Point","coordinates":[23.9724495,38.096197600000004]},"properties":{"FID":6257}},{"type":"Feature","id":6258,"geometry":{"type":"Point","coordinates":[23.8042525,38.033238500000003]},"properties":{"FID":6258}},{"type":"Feature","id":6259,"geometry":{"type":"Point","coordinates":[23.838359400000002,38.051501899999998]},"properties":{"FID":6259}},{"type":"Feature","id":6272,"geometry":{"type":"Point","coordinates":[23.768169499999999,38.035028400000002]},"properties":{"FID":6272}},{"type":"Feature","id":6279,"geometry":{"type":"Point","coordinates":[23.763682599999999,38.041751400000003]},"properties":{"FID":6279}},{"type":"Feature","id":6298,"geometry":{"type":"Point","coordinates":[23.739190700000002,38.036575800000001]},"properties":{"FID":6298}},{"type":"Feature","id":6311,"geometry":{"type":"Point","coordinates":[23.741578799999999,38.0249101]},"properties":{"FID":6311}},{"type":"Feature","id":6316,"geometry":{"type":"Point","coordinates":[23.745201600000001,38.054935]},"properties":{"FID":6316}},{"type":"Feature","id":6317,"geometry":{"type":"Point","coordinates":[23.746027900000001,38.054951799999998]},"properties":{"FID":6317}},{"type":"Feature","id":6343,"geometry":{"type":"Point","coordinates":[23.758548300000001,38.0899541]},"properties":{"FID":6343}},{"type":"Feature","id":6347,"geometry":{"type":"Point","coordinates":[23.510697,38.070423699999999]},"properties":{"FID":6347}},{"type":"Feature","id":6358,"geometry":{"type":"Point","coordinates":[23.704930600000001,38.001800799999998]},"properties":{"FID":6358}},{"type":"Feature","id":6363,"geometry":{"type":"Point","coordinates":[23.713331199999999,37.973736899999999]},"properties":{"FID":6363}},{"type":"Feature","id":6376,"geometry":{"type":"Point","coordinates":[23.702024600000001,37.9847824]},"properties":{"FID":6376}},{"type":"Feature","id":6379,"geometry":{"type":"Point","coordinates":[23.701575800000001,38.004527699999997]},"properties":{"FID":6379}},{"type":"Feature","id":6381,"geometry":{"type":"Point","coordinates":[23.6850931,38.001316099999997]},"properties":{"FID":6381}},{"type":"Feature","id":6382,"geometry":{"type":"Point","coordinates":[23.697994600000001,38.009039100000003]},"properties":{"FID":6382}},{"type":"Feature","id":6384,"geometry":{"type":"Point","coordinates":[23.712875199999999,37.994546100000001]},"properties":{"FID":6384}},{"type":"Feature","id":6398,"geometry":{"type":"Point","coordinates":[23.580970099999998,37.962154400000003]},"properties":{"FID":6398}},{"type":"Feature","id":6400,"geometry":{"type":"Point","coordinates":[23.583592899999999,37.962787599999999]},"properties":{"FID":6400}},{"type":"Feature","id":6402,"geometry":{"type":"Point","coordinates":[23.609793700000001,37.9492768]},"properties":{"FID":6402}},{"type":"Feature","id":6404,"geometry":{"type":"Point","coordinates":[23.635103399999998,37.9579278]},"properties":{"FID":6404}},{"type":"Feature","id":6431,"geometry":{"type":"Point","coordinates":[23.622939299999999,37.949256200000001]},"properties":{"FID":6431}},{"type":"Feature","id":6435,"geometry":{"type":"Point","coordinates":[23.5708567,37.963093299999997]},"properties":{"FID":6435}},{"type":"Feature","id":6437,"geometry":{"type":"Point","coordinates":[23.636566299999998,37.978265299999997]},"properties":{"FID":6437}},{"type":"Feature","id":6441,"geometry":{"type":"Point","coordinates":[23.6351437,37.953651100000002]},"properties":{"FID":6441}},{"type":"Feature","id":6442,"geometry":{"type":"Point","coordinates":[23.638511300000001,37.957579699999997]},"properties":{"FID":6442}},{"type":"Feature","id":6454,"geometry":{"type":"Point","coordinates":[23.652509299999998,38.006196899999999]},"properties":{"FID":6454}},{"type":"Feature","id":6456,"geometry":{"type":"Point","coordinates":[23.6482457,37.954282399999997]},"properties":{"FID":6456}},{"type":"Feature","id":6468,"geometry":{"type":"Point","coordinates":[23.638570399999999,37.9580713]},"properties":{"FID":6468}},{"type":"Feature","id":6527,"geometry":{"type":"Point","coordinates":[23.894895999999999,37.903319500000002]},"properties":{"FID":6527}},{"type":"Feature","id":6528,"geometry":{"type":"Point","coordinates":[23.8567678,37.958748700000001]},"properties":{"FID":6528}},{"type":"Feature","id":6529,"geometry":{"type":"Point","coordinates":[23.8534854,37.966335700000002]},"properties":{"FID":6529}},{"type":"Feature","id":6530,"geometry":{"type":"Point","coordinates":[23.850542399999998,37.988842400000003]},"properties":{"FID":6530}},{"type":"Feature","id":6545,"geometry":{"type":"Point","coordinates":[23.7669797,37.993037999999999]},"properties":{"FID":6545}},{"type":"Feature","id":6548,"geometry":{"type":"Point","coordinates":[23.7628418,37.999488499999998]},"properties":{"FID":6548}},{"type":"Feature","id":6549,"geometry":{"type":"Point","coordinates":[23.762799099999999,37.9931968]},"properties":{"FID":6549}},{"type":"Feature","id":6554,"geometry":{"type":"Point","coordinates":[23.782211499999999,37.997445900000002]},"properties":{"FID":6554}},{"type":"Feature","id":6575,"geometry":{"type":"Point","coordinates":[23.766110999999999,37.9911721]},"properties":{"FID":6575}},{"type":"Feature","id":6576,"geometry":{"type":"Point","coordinates":[23.772587300000001,37.977145800000002]},"properties":{"FID":6576}},{"type":"Feature","id":6579,"geometry":{"type":"Point","coordinates":[23.7564396,37.9003248]},"properties":{"FID":6579}},{"type":"Feature","id":6598,"geometry":{"type":"Point","coordinates":[23.721326399999999,37.977353999999998]},"properties":{"FID":6598}},{"type":"Feature","id":6616,"geometry":{"type":"Point","coordinates":[23.622864100000001,37.953099999999999]},"properties":{"FID":6616}},{"type":"Feature","id":6619,"geometry":{"type":"Point","coordinates":[23.6148326,37.958662400000001]},"properties":{"FID":6619}},{"type":"Feature","id":6629,"geometry":{"type":"Point","coordinates":[23.610971599999999,37.962246999999998]},"properties":{"FID":6629}},{"type":"Feature","id":6640,"geometry":{"type":"Point","coordinates":[23.575627600000001,37.962424200000001]},"properties":{"FID":6640}},{"type":"Feature","id":6650,"geometry":{"type":"Point","coordinates":[23.691448000000001,38.016701500000003]},"properties":{"FID":6650}},{"type":"Feature","id":6666,"geometry":{"type":"Point","coordinates":[23.730081299999998,37.986451099999996]},"properties":{"FID":6666}},{"type":"Feature","id":6675,"geometry":{"type":"Point","coordinates":[23.729218100000001,37.965623700000002]},"properties":{"FID":6675}},{"type":"Feature","id":6695,"geometry":{"type":"Point","coordinates":[23.7259587,37.926928599999997]},"properties":{"FID":6695}},{"type":"Feature","id":6707,"geometry":{"type":"Point","coordinates":[23.715266199999999,37.922083800000003]},"properties":{"FID":6707}},{"type":"Feature","id":6708,"geometry":{"type":"Point","coordinates":[23.705237499999999,37.971708999999997]},"properties":{"FID":6708}},{"type":"Feature","id":6710,"geometry":{"type":"Point","coordinates":[23.705360599999999,37.952772299999999]},"properties":{"FID":6710}},{"type":"Feature","id":6718,"geometry":{"type":"Point","coordinates":[23.7501295,37.967872399999997]},"properties":{"FID":6718}},{"type":"Feature","id":6742,"geometry":{"type":"Point","coordinates":[23.6492094,37.963411299999997]},"properties":{"FID":6742}},{"type":"Feature","id":6745,"geometry":{"type":"Point","coordinates":[23.647119100000001,37.948538800000001]},"properties":{"FID":6745}},{"type":"Feature","id":6746,"geometry":{"type":"Point","coordinates":[23.648297700000001,37.949200599999998]},"properties":{"FID":6746}},{"type":"Feature","id":6759,"geometry":{"type":"Point","coordinates":[23.641974300000001,37.991314500000001]},"properties":{"FID":6759}},{"type":"Feature","id":6760,"geometry":{"type":"Point","coordinates":[23.726911099999999,37.984312099999997]},"properties":{"FID":6760}},{"type":"Feature","id":6772,"geometry":{"type":"Point","coordinates":[23.7269571,37.992018899999998]},"properties":{"FID":6772}},{"type":"Feature","id":6773,"geometry":{"type":"Point","coordinates":[23.720198799999999,38.013847200000001]},"properties":{"FID":6773}},{"type":"Feature","id":6778,"geometry":{"type":"Point","coordinates":[23.7164109,37.984208899999999]},"properties":{"FID":6778}},{"type":"Feature","id":6780,"geometry":{"type":"Point","coordinates":[23.716838800000001,37.993947300000002]},"properties":{"FID":6780}},{"type":"Feature","id":6783,"geometry":{"type":"Point","coordinates":[23.733131400000001,37.978191000000002]},"properties":{"FID":6783}},{"type":"Feature","id":6824,"geometry":{"type":"Point","coordinates":[23.744641600000001,37.923852500000002]},"properties":{"FID":6824}},{"type":"Feature","id":6827,"geometry":{"type":"Point","coordinates":[23.744302399999999,37.915397300000002]},"properties":{"FID":6827}},{"type":"Feature","id":6829,"geometry":{"type":"Point","coordinates":[23.733060900000002,37.907259400000001]},"properties":{"FID":6829}},{"type":"Feature","id":6833,"geometry":{"type":"Point","coordinates":[23.6416121,37.9349493]},"properties":{"FID":6833}},{"type":"Feature","id":6841,"geometry":{"type":"Point","coordinates":[23.650934299999999,37.948396199999998]},"properties":{"FID":6841}},{"type":"Feature","id":6842,"geometry":{"type":"Point","coordinates":[23.635183699999999,37.950344899999997]},"properties":{"FID":6842}},{"type":"Feature","id":6844,"geometry":{"type":"Point","coordinates":[23.6467548,37.948608299999997]},"properties":{"FID":6844}},{"type":"Feature","id":6846,"geometry":{"type":"Point","coordinates":[23.6470679,37.948735300000003]},"properties":{"FID":6846}},{"type":"Feature","id":6848,"geometry":{"type":"Point","coordinates":[23.6474729,37.9483265]},"properties":{"FID":6848}},{"type":"Feature","id":6884,"geometry":{"type":"Point","coordinates":[23.662165699999999,37.944214100000003]},"properties":{"FID":6884}},{"type":"Feature","id":6889,"geometry":{"type":"Point","coordinates":[23.670980400000001,37.944704600000001]},"properties":{"FID":6889}},{"type":"Feature","id":6891,"geometry":{"type":"Point","coordinates":[23.667005,37.944811799999997]},"properties":{"FID":6891}},{"type":"Feature","id":6898,"geometry":{"type":"Point","coordinates":[23.657530699999999,37.947292099999999]},"properties":{"FID":6898}},{"type":"Feature","id":6903,"geometry":{"type":"Point","coordinates":[23.690536600000001,37.961676400000002]},"properties":{"FID":6903}},{"type":"Feature","id":6915,"geometry":{"type":"Point","coordinates":[23.738801800000001,37.999412900000003]},"properties":{"FID":6915}},{"type":"Feature","id":6919,"geometry":{"type":"Point","coordinates":[23.723477500000001,37.992083800000003]},"properties":{"FID":6919}},{"type":"Feature","id":6921,"geometry":{"type":"Point","coordinates":[23.730374699999999,37.987526500000001]},"properties":{"FID":6921}},{"type":"Feature","id":6922,"geometry":{"type":"Point","coordinates":[23.732121200000002,37.984265200000003]},"properties":{"FID":6922}},{"type":"Feature","id":6936,"geometry":{"type":"Point","coordinates":[23.6723532,37.994998899999999]},"properties":{"FID":6936}},{"type":"Feature","id":6937,"geometry":{"type":"Point","coordinates":[23.681236500000001,37.991528500000001]},"properties":{"FID":6937}},{"type":"Feature","id":6940,"geometry":{"type":"Point","coordinates":[23.690111300000002,37.999186299999998]},"properties":{"FID":6940}},{"type":"Feature","id":6941,"geometry":{"type":"Point","coordinates":[23.6738982,38.014249800000002]},"properties":{"FID":6941}},{"type":"Feature","id":6942,"geometry":{"type":"Point","coordinates":[23.667873799999999,37.997146600000001]},"properties":{"FID":6942}},{"type":"Feature","id":6945,"geometry":{"type":"Point","coordinates":[23.662819599999999,38.000720600000001]},"properties":{"FID":6945}},{"type":"Feature","id":6947,"geometry":{"type":"Point","coordinates":[23.687128399999999,38.004139799999997]},"properties":{"FID":6947}},{"type":"Feature","id":6948,"geometry":{"type":"Point","coordinates":[23.665191700000001,38.015499800000001]},"properties":{"FID":6948}},{"type":"Feature","id":6949,"geometry":{"type":"Point","coordinates":[23.6816864,37.997065200000002]},"properties":{"FID":6949}},{"type":"Feature","id":6957,"geometry":{"type":"Point","coordinates":[23.6625689,38.0128056]},"properties":{"FID":6957}},{"type":"Feature","id":6961,"geometry":{"type":"Point","coordinates":[23.6538568,37.9889303]},"properties":{"FID":6961}},{"type":"Feature","id":6962,"geometry":{"type":"Point","coordinates":[23.746961200000001,37.894735300000001]},"properties":{"FID":6962}},{"type":"Feature","id":6978,"geometry":{"type":"Point","coordinates":[23.761491500000002,37.986738600000002]},"properties":{"FID":6978}},{"type":"Feature","id":6979,"geometry":{"type":"Point","coordinates":[23.7579326,37.978886500000002]},"properties":{"FID":6979}},{"type":"Feature","id":6982,"geometry":{"type":"Point","coordinates":[23.759578900000001,37.984246499999998]},"properties":{"FID":6982}},{"type":"Feature","id":6983,"geometry":{"type":"Point","coordinates":[23.7604899,37.975022600000003]},"properties":{"FID":6983}},{"type":"Feature","id":6984,"geometry":{"type":"Point","coordinates":[23.761000200000002,37.9802514]},"properties":{"FID":6984}},{"type":"Feature","id":7000,"geometry":{"type":"Point","coordinates":[23.765113899999999,37.945132600000001]},"properties":{"FID":7000}},{"type":"Feature","id":7010,"geometry":{"type":"Point","coordinates":[23.764002600000001,37.967285799999999]},"properties":{"FID":7010}},{"type":"Feature","id":7067,"geometry":{"type":"Point","coordinates":[23.640350600000001,37.9394998]},"properties":{"FID":7067}},{"type":"Feature","id":7069,"geometry":{"type":"Point","coordinates":[23.6404584,37.939322199999999]},"properties":{"FID":7069}},{"type":"Feature","id":7070,"geometry":{"type":"Point","coordinates":[23.6402778,37.939287299999997]},"properties":{"FID":7070}},{"type":"Feature","id":7082,"geometry":{"type":"Point","coordinates":[23.643065499999999,37.942693300000002]},"properties":{"FID":7082}},{"type":"Feature","id":7086,"geometry":{"type":"Point","coordinates":[23.643511400000001,37.944771899999999]},"properties":{"FID":7086}},{"type":"Feature","id":7088,"geometry":{"type":"Point","coordinates":[23.6437867,37.944372399999999]},"properties":{"FID":7088}},{"type":"Feature","id":7092,"geometry":{"type":"Point","coordinates":[23.6439211,37.944342399999996]},"properties":{"FID":7092}},{"type":"Feature","id":7108,"geometry":{"type":"Point","coordinates":[23.7051695,37.971899200000003]},"properties":{"FID":7108}},{"type":"Feature","id":7128,"geometry":{"type":"Point","coordinates":[23.662157300000001,37.944384999999997]},"properties":{"FID":7128}},{"type":"Feature","id":7131,"geometry":{"type":"Point","coordinates":[23.661461299999999,37.944082199999997]},"properties":{"FID":7131}},{"type":"Feature","id":7137,"geometry":{"type":"Point","coordinates":[23.659685199999998,37.9437918]},"properties":{"FID":7137}},{"type":"Feature","id":7143,"geometry":{"type":"Point","coordinates":[23.658275499999998,37.943566500000003]},"properties":{"FID":7143}},{"type":"Feature","id":7149,"geometry":{"type":"Point","coordinates":[23.657714500000001,37.9434884]},"properties":{"FID":7149}},{"type":"Feature","id":7150,"geometry":{"type":"Point","coordinates":[23.657792000000001,37.943600099999998]},"properties":{"FID":7150}},{"type":"Feature","id":7190,"geometry":{"type":"Point","coordinates":[23.685882800000002,37.944663200000001]},"properties":{"FID":7190}},{"type":"Feature","id":7191,"geometry":{"type":"Point","coordinates":[23.6859398,37.9443555]},"properties":{"FID":7191}},{"type":"Feature","id":7199,"geometry":{"type":"Point","coordinates":[23.684515099999999,37.942697000000003]},"properties":{"FID":7199}},{"type":"Feature","id":7201,"geometry":{"type":"Point","coordinates":[23.685120999999999,37.942683600000002]},"properties":{"FID":7201}},{"type":"Feature","id":7203,"geometry":{"type":"Point","coordinates":[23.684935899999999,37.942647000000001]},"properties":{"FID":7203}},{"type":"Feature","id":7205,"geometry":{"type":"Point","coordinates":[23.684750399999999,37.942866600000002]},"properties":{"FID":7205}},{"type":"Feature","id":7210,"geometry":{"type":"Point","coordinates":[23.684696500000001,37.942919099999997]},"properties":{"FID":7210}},{"type":"Feature","id":7225,"geometry":{"type":"Point","coordinates":[23.685657899999999,37.9445829]},"properties":{"FID":7225}},{"type":"Feature","id":7242,"geometry":{"type":"Point","coordinates":[23.676199499999999,37.948918399999997]},"properties":{"FID":7242}},{"type":"Feature","id":7246,"geometry":{"type":"Point","coordinates":[23.679441600000001,37.946589500000002]},"properties":{"FID":7246}},{"type":"Feature","id":7249,"geometry":{"type":"Point","coordinates":[23.679013900000001,37.944372700000002]},"properties":{"FID":7249}},{"type":"Feature","id":7252,"geometry":{"type":"Point","coordinates":[23.678676899999999,37.944323599999997]},"properties":{"FID":7252}},{"type":"Feature","id":7255,"geometry":{"type":"Point","coordinates":[23.6769453,37.944543400000001]},"properties":{"FID":7255}},{"type":"Feature","id":7256,"geometry":{"type":"Point","coordinates":[23.676762199999999,37.944628299999998]},"properties":{"FID":7256}},{"type":"Feature","id":7257,"geometry":{"type":"Point","coordinates":[23.676583999999998,37.944463300000002]},"properties":{"FID":7257}},{"type":"Feature","id":7261,"geometry":{"type":"Point","coordinates":[23.677310299999998,37.9559614]},"properties":{"FID":7261}},{"type":"Feature","id":7286,"geometry":{"type":"Point","coordinates":[23.735353199999999,38.014478699999998]},"properties":{"FID":7286}},{"type":"Feature","id":7289,"geometry":{"type":"Point","coordinates":[23.7177893,38.020319100000002]},"properties":{"FID":7289}},{"type":"Feature","id":7290,"geometry":{"type":"Point","coordinates":[23.7178437,38.020429]},"properties":{"FID":7290}},{"type":"Feature","id":7291,"geometry":{"type":"Point","coordinates":[23.7295768,38.007035600000002]},"properties":{"FID":7291}},{"type":"Feature","id":7292,"geometry":{"type":"Point","coordinates":[23.731919000000001,37.9815422]},"properties":{"FID":7292}},{"type":"Feature","id":7299,"geometry":{"type":"Point","coordinates":[23.732225400000001,37.991552499999997]},"properties":{"FID":7299}},{"type":"Feature","id":7303,"geometry":{"type":"Point","coordinates":[23.7315763,37.991446799999999]},"properties":{"FID":7303}},{"type":"Feature","id":7305,"geometry":{"type":"Point","coordinates":[23.733127100000001,37.987111900000002]},"properties":{"FID":7305}},{"type":"Feature","id":7306,"geometry":{"type":"Point","coordinates":[23.734256299999998,37.981638599999997]},"properties":{"FID":7306}},{"type":"Feature","id":7309,"geometry":{"type":"Point","coordinates":[23.729544499999999,37.983889400000002]},"properties":{"FID":7309}},{"type":"Feature","id":7311,"geometry":{"type":"Point","coordinates":[23.727563,37.997460099999998]},"properties":{"FID":7311}},{"type":"Feature","id":7312,"geometry":{"type":"Point","coordinates":[23.7338907,38.002696399999998]},"properties":{"FID":7312}},{"type":"Feature","id":7374,"geometry":{"type":"Point","coordinates":[23.913818200000001,37.849667400000001]},"properties":{"FID":7374}},{"type":"Feature","id":7426,"geometry":{"type":"Point","coordinates":[23.881050599999998,37.893676800000001]},"properties":{"FID":7426}},{"type":"Feature","id":7428,"geometry":{"type":"Point","coordinates":[23.890816600000001,37.994107900000003]},"properties":{"FID":7428}},{"type":"Feature","id":7468,"geometry":{"type":"Point","coordinates":[23.8381738,38.0246396]},"properties":{"FID":7468}},{"type":"Feature","id":7470,"geometry":{"type":"Point","coordinates":[23.849138499999999,38.024889199999997]},"properties":{"FID":7470}},{"type":"Feature","id":7473,"geometry":{"type":"Point","coordinates":[23.838560300000001,38.024802200000003]},"properties":{"FID":7473}},{"type":"Feature","id":7474,"geometry":{"type":"Point","coordinates":[23.838387999999998,38.024550599999998]},"properties":{"FID":7474}},{"type":"Feature","id":7477,"geometry":{"type":"Point","coordinates":[23.838167500000001,38.0245465]},"properties":{"FID":7477}},{"type":"Feature","id":7479,"geometry":{"type":"Point","coordinates":[23.7268224,37.952635299999997]},"properties":{"FID":7479}},{"type":"Feature","id":7481,"geometry":{"type":"Point","coordinates":[23.726110299999998,37.956147399999999]},"properties":{"FID":7481}},{"type":"Feature","id":7486,"geometry":{"type":"Point","coordinates":[23.740536800000001,38.023562099999999]},"properties":{"FID":7486}},{"type":"Feature","id":7493,"geometry":{"type":"Point","coordinates":[23.740456500000001,38.023340900000001]},"properties":{"FID":7493}},{"type":"Feature","id":7494,"geometry":{"type":"Point","coordinates":[23.740357100000001,38.023336]},"properties":{"FID":7494}},{"type":"Feature","id":7501,"geometry":{"type":"Point","coordinates":[23.727519300000001,38.000043099999999]},"properties":{"FID":7501}},{"type":"Feature","id":7502,"geometry":{"type":"Point","coordinates":[23.727406299999998,38.000869399999999]},"properties":{"FID":7502}},{"type":"Feature","id":7504,"geometry":{"type":"Point","coordinates":[23.727882099999999,38.001970999999998]},"properties":{"FID":7504}},{"type":"Feature","id":7505,"geometry":{"type":"Point","coordinates":[23.727986900000001,38.002374500000002]},"properties":{"FID":7505}},{"type":"Feature","id":7507,"geometry":{"type":"Point","coordinates":[23.727827999999999,38.002457]},"properties":{"FID":7507}},{"type":"Feature","id":7508,"geometry":{"type":"Point","coordinates":[23.728020399999998,38.002498099999997]},"properties":{"FID":7508}},{"type":"Feature","id":7510,"geometry":{"type":"Point","coordinates":[23.7279707,38.001882799999997]},"properties":{"FID":7510}},{"type":"Feature","id":7511,"geometry":{"type":"Point","coordinates":[23.727837699999998,38.001809899999998]},"properties":{"FID":7511}},{"type":"Feature","id":7518,"geometry":{"type":"Point","coordinates":[23.718770500000002,37.983515599999997]},"properties":{"FID":7518}},{"type":"Feature","id":7526,"geometry":{"type":"Point","coordinates":[23.762544500000001,37.995870699999998]},"properties":{"FID":7526}},{"type":"Feature","id":7528,"geometry":{"type":"Point","coordinates":[23.781874599999998,37.997044500000001]},"properties":{"FID":7528}},{"type":"Feature","id":7533,"geometry":{"type":"Point","coordinates":[23.761535299999998,37.980165599999999]},"properties":{"FID":7533}},{"type":"Feature","id":7537,"geometry":{"type":"Point","coordinates":[23.764632599999999,37.967196999999999]},"properties":{"FID":7537}},{"type":"Feature","id":7539,"geometry":{"type":"Point","coordinates":[23.792169000000001,37.991703200000003]},"properties":{"FID":7539}},{"type":"Feature","id":7540,"geometry":{"type":"Point","coordinates":[23.810638399999998,37.996555000000001]},"properties":{"FID":7540}},{"type":"Feature","id":7545,"geometry":{"type":"Point","coordinates":[23.777230200000002,37.990664899999999]},"properties":{"FID":7545}},{"type":"Feature","id":7546,"geometry":{"type":"Point","coordinates":[23.7840995,37.999139200000002]},"properties":{"FID":7546}},{"type":"Feature","id":7547,"geometry":{"type":"Point","coordinates":[23.763377800000001,37.979512300000003]},"properties":{"FID":7547}},{"type":"Feature","id":7548,"geometry":{"type":"Point","coordinates":[23.7846197,37.981561800000001]},"properties":{"FID":7548}},{"type":"Feature","id":7569,"geometry":{"type":"Point","coordinates":[23.749073299999999,38.022762499999999]},"properties":{"FID":7569}},{"type":"Feature","id":7570,"geometry":{"type":"Point","coordinates":[23.749064700000002,38.022677999999999]},"properties":{"FID":7570}},{"type":"Feature","id":7571,"geometry":{"type":"Point","coordinates":[23.749200600000002,38.022574200000001]},"properties":{"FID":7571}},{"type":"Feature","id":7572,"geometry":{"type":"Point","coordinates":[23.7491947,38.022625900000001]},"properties":{"FID":7572}},{"type":"Feature","id":7573,"geometry":{"type":"Point","coordinates":[23.749265699999999,38.022597400000002]},"properties":{"FID":7573}},{"type":"Feature","id":7575,"geometry":{"type":"Point","coordinates":[23.748480099999998,38.0219424]},"properties":{"FID":7575}},{"type":"Feature","id":7576,"geometry":{"type":"Point","coordinates":[23.7485806,38.021989900000001]},"properties":{"FID":7576}},{"type":"Feature","id":7578,"geometry":{"type":"Point","coordinates":[23.749564899999999,38.022715699999999]},"properties":{"FID":7578}},{"type":"Feature","id":7583,"geometry":{"type":"Point","coordinates":[23.7659758,38.000862900000001]},"properties":{"FID":7583}},{"type":"Feature","id":7585,"geometry":{"type":"Point","coordinates":[23.765909799999999,38.000856400000004]},"properties":{"FID":7585}},{"type":"Feature","id":7592,"geometry":{"type":"Point","coordinates":[23.773521800000001,38.002277499999998]},"properties":{"FID":7592}},{"type":"Feature","id":7594,"geometry":{"type":"Point","coordinates":[23.773647400000002,38.002027599999998]},"properties":{"FID":7594}},{"type":"Feature","id":7599,"geometry":{"type":"Point","coordinates":[23.776427399999999,38.000954700000001]},"properties":{"FID":7599}},{"type":"Feature","id":7602,"geometry":{"type":"Point","coordinates":[23.776958799999999,38.0014295]},"properties":{"FID":7602}},{"type":"Feature","id":7605,"geometry":{"type":"Point","coordinates":[23.776523600000001,38.001089100000002]},"properties":{"FID":7605}},{"type":"Feature","id":7612,"geometry":{"type":"Point","coordinates":[23.748026200000002,38.023409999999998]},"properties":{"FID":7612}},{"type":"Feature","id":7614,"geometry":{"type":"Point","coordinates":[23.748014000000001,38.023295699999998]},"properties":{"FID":7614}},{"type":"Feature","id":7615,"geometry":{"type":"Point","coordinates":[23.747881700000001,38.023257000000001]},"properties":{"FID":7615}},{"type":"Feature","id":7616,"geometry":{"type":"Point","coordinates":[23.7478035,38.0233323]},"properties":{"FID":7616}},{"type":"Feature","id":7621,"geometry":{"type":"Point","coordinates":[23.768187099999999,37.948935900000002]},"properties":{"FID":7621}},{"type":"Feature","id":7622,"geometry":{"type":"Point","coordinates":[23.769122500000002,37.952921400000001]},"properties":{"FID":7622}},{"type":"Feature","id":7631,"geometry":{"type":"Point","coordinates":[23.770207200000002,37.845036100000002]},"properties":{"FID":7631}},{"type":"Feature","id":7637,"geometry":{"type":"Point","coordinates":[23.770155800000001,37.844574999999999]},"properties":{"FID":7637}},{"type":"Feature","id":7640,"geometry":{"type":"Point","coordinates":[23.772261400000001,37.835198499999997]},"properties":{"FID":7640}},{"type":"Feature","id":7641,"geometry":{"type":"Point","coordinates":[23.761997099999999,37.839260899999999]},"properties":{"FID":7641}},{"type":"Feature","id":7644,"geometry":{"type":"Point","coordinates":[23.8151717,37.840899399999998]},"properties":{"FID":7644}},{"type":"Feature","id":7647,"geometry":{"type":"Point","coordinates":[23.763526899999999,37.957138299999997]},"properties":{"FID":7647}},{"type":"Feature","id":7648,"geometry":{"type":"Point","coordinates":[23.761649200000001,37.956412399999998]},"properties":{"FID":7648}},{"type":"Feature","id":7653,"geometry":{"type":"Point","coordinates":[23.8041239,37.821339000000002]},"properties":{"FID":7653}},{"type":"Feature","id":7654,"geometry":{"type":"Point","coordinates":[23.8037493,37.821065699999998]},"properties":{"FID":7654}},{"type":"Feature","id":7655,"geometry":{"type":"Point","coordinates":[23.802075599999998,37.818010600000001]},"properties":{"FID":7655}},{"type":"Feature","id":7669,"geometry":{"type":"Point","coordinates":[23.673718900000001,37.954649500000002]},"properties":{"FID":7669}},{"type":"Feature","id":7670,"geometry":{"type":"Point","coordinates":[23.673427799999999,37.954825100000001]},"properties":{"FID":7670}},{"type":"Feature","id":7674,"geometry":{"type":"Point","coordinates":[23.6745409,37.955061200000003]},"properties":{"FID":7674}},{"type":"Feature","id":7677,"geometry":{"type":"Point","coordinates":[23.674256700000001,37.9548214]},"properties":{"FID":7677}},{"type":"Feature","id":7678,"geometry":{"type":"Point","coordinates":[23.674111,37.954921400000003]},"properties":{"FID":7678}},{"type":"Feature","id":7680,"geometry":{"type":"Point","coordinates":[23.673893,37.954585799999997]},"properties":{"FID":7680}},{"type":"Feature","id":7689,"geometry":{"type":"Point","coordinates":[23.670313199999999,37.953862200000003]},"properties":{"FID":7689}},{"type":"Feature","id":7692,"geometry":{"type":"Point","coordinates":[23.670313499999999,37.953437600000001]},"properties":{"FID":7692}},{"type":"Feature","id":7716,"geometry":{"type":"Point","coordinates":[23.712113500000001,37.937502199999997]},"properties":{"FID":7716}},{"type":"Feature","id":7717,"geometry":{"type":"Point","coordinates":[23.7128668,37.938947900000002]},"properties":{"FID":7717}},{"type":"Feature","id":7719,"geometry":{"type":"Point","coordinates":[23.712692700000002,37.938875299999999]},"properties":{"FID":7719}},{"type":"Feature","id":7722,"geometry":{"type":"Point","coordinates":[23.712664100000001,37.939255500000002]},"properties":{"FID":7722}},{"type":"Feature","id":7727,"geometry":{"type":"Point","coordinates":[23.7128832,37.939949200000001]},"properties":{"FID":7727}},{"type":"Feature","id":7732,"geometry":{"type":"Point","coordinates":[23.7130318,37.939922000000003]},"properties":{"FID":7732}},{"type":"Feature","id":7734,"geometry":{"type":"Point","coordinates":[23.7120681,37.948225899999997]},"properties":{"FID":7734}},{"type":"Feature","id":7744,"geometry":{"type":"Point","coordinates":[23.700538300000002,37.9455551]},"properties":{"FID":7744}},{"type":"Feature","id":7745,"geometry":{"type":"Point","coordinates":[23.700510099999999,37.9456937]},"properties":{"FID":7745}},{"type":"Feature","id":7747,"geometry":{"type":"Point","coordinates":[23.700972799999999,37.939395400000002]},"properties":{"FID":7747}},{"type":"Feature","id":7748,"geometry":{"type":"Point","coordinates":[23.700886400000002,37.939224400000001]},"properties":{"FID":7748}},{"type":"Feature","id":7749,"geometry":{"type":"Point","coordinates":[23.700652099999999,37.939458799999997]},"properties":{"FID":7749}},{"type":"Feature","id":7750,"geometry":{"type":"Point","coordinates":[23.700799100000001,37.939537299999998]},"properties":{"FID":7750}},{"type":"Feature","id":7786,"geometry":{"type":"Point","coordinates":[23.704273000000001,37.945612500000003]},"properties":{"FID":7786}},{"type":"Feature","id":7787,"geometry":{"type":"Point","coordinates":[23.704505600000001,37.945655899999998]},"properties":{"FID":7787}},{"type":"Feature","id":7813,"geometry":{"type":"Point","coordinates":[23.706926299999999,38.031251599999997]},"properties":{"FID":7813}},{"type":"Feature","id":7815,"geometry":{"type":"Point","coordinates":[23.706885400000001,38.031693400000002]},"properties":{"FID":7815}},{"type":"Feature","id":7822,"geometry":{"type":"Point","coordinates":[23.709081699999999,38.031592600000003]},"properties":{"FID":7822}},{"type":"Feature","id":7824,"geometry":{"type":"Point","coordinates":[23.7089903,38.031996200000002]},"properties":{"FID":7824}},{"type":"Feature","id":7828,"geometry":{"type":"Point","coordinates":[23.7023762,38.0334012]},"properties":{"FID":7828}},{"type":"Feature","id":7830,"geometry":{"type":"Point","coordinates":[23.7024519,38.0332978]},"properties":{"FID":7830}},{"type":"Feature","id":7831,"geometry":{"type":"Point","coordinates":[23.702610499999999,38.033374199999997]},"properties":{"FID":7831}},{"type":"Feature","id":7842,"geometry":{"type":"Point","coordinates":[23.6455807,38.010982200000001]},"properties":{"FID":7842}},{"type":"Feature","id":7843,"geometry":{"type":"Point","coordinates":[23.645645099999999,38.010856199999999]},"properties":{"FID":7843}},{"type":"Feature","id":7845,"geometry":{"type":"Point","coordinates":[23.645781499999998,38.0112253]},"properties":{"FID":7845}},{"type":"Feature","id":7846,"geometry":{"type":"Point","coordinates":[23.6458428,38.011070099999998]},"properties":{"FID":7846}},{"type":"Feature","id":7855,"geometry":{"type":"Point","coordinates":[23.654546799999999,38.012024199999999]},"properties":{"FID":7855}},{"type":"Feature","id":7858,"geometry":{"type":"Point","coordinates":[23.653900499999999,38.0117476]},"properties":{"FID":7858}},{"type":"Feature","id":7859,"geometry":{"type":"Point","coordinates":[23.653916500000001,38.012184499999996]},"properties":{"FID":7859}},{"type":"Feature","id":7863,"geometry":{"type":"Point","coordinates":[23.652198500000001,38.006929100000001]},"properties":{"FID":7863}},{"type":"Feature","id":7866,"geometry":{"type":"Point","coordinates":[23.6525234,38.005913100000001]},"properties":{"FID":7866}},{"type":"Feature","id":7870,"geometry":{"type":"Point","coordinates":[23.652750600000001,38.005865100000001]},"properties":{"FID":7870}},{"type":"Feature","id":7880,"geometry":{"type":"Point","coordinates":[23.654108300000001,38.011747300000003]},"properties":{"FID":7880}},{"type":"Feature","id":7882,"geometry":{"type":"Point","coordinates":[23.348261999999998,37.990754199999998]},"properties":{"FID":7882}},{"type":"Feature","id":7919,"geometry":{"type":"Point","coordinates":[23.3327749,37.9998334]},"properties":{"FID":7919}},{"type":"Feature","id":7934,"geometry":{"type":"Point","coordinates":[23.713738899999999,37.942133599999998]},"properties":{"FID":7934}},{"type":"Feature","id":7937,"geometry":{"type":"Point","coordinates":[23.713641899999999,37.942279499999998]},"properties":{"FID":7937}},{"type":"Feature","id":7938,"geometry":{"type":"Point","coordinates":[23.713748599999999,37.943171499999998]},"properties":{"FID":7938}},{"type":"Feature","id":7943,"geometry":{"type":"Point","coordinates":[23.7144838,37.9450152]},"properties":{"FID":7943}},{"type":"Feature","id":7945,"geometry":{"type":"Point","coordinates":[23.713929799999999,37.9432738]},"properties":{"FID":7945}},{"type":"Feature","id":7947,"geometry":{"type":"Point","coordinates":[23.714021899999999,37.943018899999998]},"properties":{"FID":7947}},{"type":"Feature","id":7954,"geometry":{"type":"Point","coordinates":[23.7162744,37.9390985]},"properties":{"FID":7954}},{"type":"Feature","id":7966,"geometry":{"type":"Point","coordinates":[23.714695299999999,37.945741300000002]},"properties":{"FID":7966}},{"type":"Feature","id":7968,"geometry":{"type":"Point","coordinates":[23.714541199999999,37.945645499999998]},"properties":{"FID":7968}},{"type":"Feature","id":7975,"geometry":{"type":"Point","coordinates":[23.713875699999999,37.942161200000001]},"properties":{"FID":7975}},{"type":"Feature","id":7984,"geometry":{"type":"Point","coordinates":[23.648154900000002,37.949386799999999]},"properties":{"FID":7984}},{"type":"Feature","id":7995,"geometry":{"type":"Point","coordinates":[23.637619300000001,37.958948200000002]},"properties":{"FID":7995}},{"type":"Feature","id":7996,"geometry":{"type":"Point","coordinates":[23.649915799999999,37.956028500000002]},"properties":{"FID":7996}},{"type":"Feature","id":8006,"geometry":{"type":"Point","coordinates":[23.757935700000001,37.987199400000002]},"properties":{"FID":8006}},{"type":"Feature","id":8013,"geometry":{"type":"Point","coordinates":[23.7556306,37.9909721]},"properties":{"FID":8013}},{"type":"Feature","id":8015,"geometry":{"type":"Point","coordinates":[23.7758729,37.993386100000002]},"properties":{"FID":8015}},{"type":"Feature","id":8019,"geometry":{"type":"Point","coordinates":[23.7561103,37.9819168]},"properties":{"FID":8019}},{"type":"Feature","id":8021,"geometry":{"type":"Point","coordinates":[23.764822800000001,37.967215400000001]},"properties":{"FID":8021}},{"type":"Feature","id":8031,"geometry":{"type":"Point","coordinates":[23.830535600000001,38.013772799999998]},"properties":{"FID":8031}},{"type":"Feature","id":8038,"geometry":{"type":"Point","coordinates":[23.8508484,37.986008200000001]},"properties":{"FID":8038}},{"type":"Feature","id":8058,"geometry":{"type":"Point","coordinates":[23.836285199999999,38.024779000000002]},"properties":{"FID":8058}},{"type":"Feature","id":8073,"geometry":{"type":"Point","coordinates":[23.836025299999999,38.024796199999997]},"properties":{"FID":8073}},{"type":"Feature","id":8099,"geometry":{"type":"Point","coordinates":[23.9163438,37.9846431]},"properties":{"FID":8099}},{"type":"Feature","id":8155,"geometry":{"type":"Point","coordinates":[23.820002899999999,38.021722099999998]},"properties":{"FID":8155}},{"type":"Feature","id":8156,"geometry":{"type":"Point","coordinates":[23.820284999999998,38.021767199999999]},"properties":{"FID":8156}},{"type":"Feature","id":8191,"geometry":{"type":"Point","coordinates":[23.725914599999999,37.956267699999998]},"properties":{"FID":8191}},{"type":"Feature","id":8206,"geometry":{"type":"Point","coordinates":[23.7189652,37.961189400000002]},"properties":{"FID":8206}},{"type":"Feature","id":8207,"geometry":{"type":"Point","coordinates":[23.734134399999999,37.961961299999999]},"properties":{"FID":8207}},{"type":"Feature","id":8208,"geometry":{"type":"Point","coordinates":[23.712613900000001,37.957816999999999]},"properties":{"FID":8208}},{"type":"Feature","id":8209,"geometry":{"type":"Point","coordinates":[23.7284559,37.942976000000002]},"properties":{"FID":8209}},{"type":"Feature","id":8225,"geometry":{"type":"Point","coordinates":[23.734432099999999,37.998952299999999]},"properties":{"FID":8225}},{"type":"Feature","id":8228,"geometry":{"type":"Point","coordinates":[23.7346237,37.999951699999997]},"properties":{"FID":8228}},{"type":"Feature","id":8230,"geometry":{"type":"Point","coordinates":[23.734583499999999,37.999992900000002]},"properties":{"FID":8230}},{"type":"Feature","id":8234,"geometry":{"type":"Point","coordinates":[23.734370500000001,37.998925499999999]},"properties":{"FID":8234}},{"type":"Feature","id":8237,"geometry":{"type":"Point","coordinates":[23.7340281,37.9978427]},"properties":{"FID":8237}},{"type":"Feature","id":8239,"geometry":{"type":"Point","coordinates":[23.734084299999999,37.997765899999997]},"properties":{"FID":8239}},{"type":"Feature","id":8245,"geometry":{"type":"Point","coordinates":[23.708749399999999,38.019123700000002]},"properties":{"FID":8245}},{"type":"Feature","id":8246,"geometry":{"type":"Point","coordinates":[23.708946699999998,38.019184600000003]},"properties":{"FID":8246}},{"type":"Feature","id":8247,"geometry":{"type":"Point","coordinates":[23.7089417,38.019038299999998]},"properties":{"FID":8247}},{"type":"Feature","id":8249,"geometry":{"type":"Point","coordinates":[23.708812699999999,38.018962999999999]},"properties":{"FID":8249}},{"type":"Feature","id":8251,"geometry":{"type":"Point","coordinates":[23.707506599999999,38.015643599999997]},"properties":{"FID":8251}},{"type":"Feature","id":8259,"geometry":{"type":"Point","coordinates":[23.706140699999999,38.0225802]},"properties":{"FID":8259}},{"type":"Feature","id":8263,"geometry":{"type":"Point","coordinates":[23.706369599999999,38.022687500000004]},"properties":{"FID":8263}},{"type":"Feature","id":8267,"geometry":{"type":"Point","coordinates":[23.703592499999999,38.023118199999999]},"properties":{"FID":8267}},{"type":"Feature","id":8271,"geometry":{"type":"Point","coordinates":[23.703364100000002,38.023297499999998]},"properties":{"FID":8271}},{"type":"Feature","id":8277,"geometry":{"type":"Point","coordinates":[23.695504400000001,38.0247642]},"properties":{"FID":8277}},{"type":"Feature","id":8278,"geometry":{"type":"Point","coordinates":[23.703232700000001,38.023208799999999]},"properties":{"FID":8278}},{"type":"Feature","id":8282,"geometry":{"type":"Point","coordinates":[23.700177199999999,38.017240999999999]},"properties":{"FID":8282}},{"type":"Feature","id":8287,"geometry":{"type":"Point","coordinates":[23.729375399999999,38.006948399999999]},"properties":{"FID":8287}},{"type":"Feature","id":8289,"geometry":{"type":"Point","coordinates":[23.729459800000001,38.006100099999998]},"properties":{"FID":8289}},{"type":"Feature","id":8298,"geometry":{"type":"Point","coordinates":[23.732048800000001,38.002262600000002]},"properties":{"FID":8298}},{"type":"Feature","id":8302,"geometry":{"type":"Point","coordinates":[23.768176799999999,37.949311399999999]},"properties":{"FID":8302}},{"type":"Feature","id":8317,"geometry":{"type":"Point","coordinates":[23.759153000000001,37.8697187]},"properties":{"FID":8317}},{"type":"Feature","id":8322,"geometry":{"type":"Point","coordinates":[23.755644199999999,37.927411499999998]},"properties":{"FID":8322}},{"type":"Feature","id":8323,"geometry":{"type":"Point","coordinates":[23.755861899999999,37.927380800000002]},"properties":{"FID":8323}},{"type":"Feature","id":8324,"geometry":{"type":"Point","coordinates":[23.768012599999999,37.842939999999999]},"properties":{"FID":8324}},{"type":"Feature","id":8325,"geometry":{"type":"Point","coordinates":[23.7675372,37.856136499999998]},"properties":{"FID":8325}},{"type":"Feature","id":8331,"geometry":{"type":"Point","coordinates":[23.7682942,37.891996399999996]},"properties":{"FID":8331}},{"type":"Feature","id":8360,"geometry":{"type":"Point","coordinates":[23.7690208,38.0516383]},"properties":{"FID":8360}},{"type":"Feature","id":8362,"geometry":{"type":"Point","coordinates":[23.7681924,38.053493799999998]},"properties":{"FID":8362}},{"type":"Feature","id":8365,"geometry":{"type":"Point","coordinates":[23.766712399999999,38.052093200000002]},"properties":{"FID":8365}},{"type":"Feature","id":8366,"geometry":{"type":"Point","coordinates":[23.766707,38.052009099999999]},"properties":{"FID":8366}},{"type":"Feature","id":8367,"geometry":{"type":"Point","coordinates":[23.7668289,38.052101399999998]},"properties":{"FID":8367}},{"type":"Feature","id":8392,"geometry":{"type":"Point","coordinates":[23.932068900000001,37.724802400000002]},"properties":{"FID":8392}},{"type":"Feature","id":8393,"geometry":{"type":"Point","coordinates":[23.9318074,37.724739800000002]},"properties":{"FID":8393}},{"type":"Feature","id":8405,"geometry":{"type":"Point","coordinates":[23.9316098,37.861127099999997]},"properties":{"FID":8405}},{"type":"Feature","id":8406,"geometry":{"type":"Point","coordinates":[23.9318715,37.8607066]},"properties":{"FID":8406}},{"type":"Feature","id":8419,"geometry":{"type":"Point","coordinates":[23.977978499999999,38.016817500000002]},"properties":{"FID":8419}},{"type":"Feature","id":8441,"geometry":{"type":"Point","coordinates":[23.739684700000002,37.984810600000003]},"properties":{"FID":8441}},{"type":"Feature","id":8447,"geometry":{"type":"Point","coordinates":[23.7429776,37.996304799999997]},"properties":{"FID":8447}},{"type":"Feature","id":8461,"geometry":{"type":"Point","coordinates":[23.755579000000001,37.977684000000004]},"properties":{"FID":8461}},{"type":"Feature","id":8462,"geometry":{"type":"Point","coordinates":[23.753755699999999,37.9764743]},"properties":{"FID":8462}},{"type":"Feature","id":8479,"geometry":{"type":"Point","coordinates":[23.681658800000001,38.026245699999997]},"properties":{"FID":8479}},{"type":"Feature","id":8492,"geometry":{"type":"Point","coordinates":[23.685763600000001,38.001426299999999]},"properties":{"FID":8492}},{"type":"Feature","id":8535,"geometry":{"type":"Point","coordinates":[23.694638099999999,37.987462100000002]},"properties":{"FID":8535}},{"type":"Feature","id":8537,"geometry":{"type":"Point","coordinates":[23.674222100000001,38.006652600000002]},"properties":{"FID":8537}},{"type":"Feature","id":8538,"geometry":{"type":"Point","coordinates":[23.6627142,38.000397700000001]},"properties":{"FID":8538}},{"type":"Feature","id":8539,"geometry":{"type":"Point","coordinates":[23.662884200000001,38.000653499999999]},"properties":{"FID":8539}},{"type":"Feature","id":8540,"geometry":{"type":"Point","coordinates":[23.668948400000001,37.996572299999997]},"properties":{"FID":8540}},{"type":"Feature","id":8541,"geometry":{"type":"Point","coordinates":[23.669247200000001,37.996541899999997]},"properties":{"FID":8541}},{"type":"Feature","id":8542,"geometry":{"type":"Point","coordinates":[23.659640400000001,37.987930400000003]},"properties":{"FID":8542}},{"type":"Feature","id":8544,"geometry":{"type":"Point","coordinates":[23.687167800000001,38.004507099999998]},"properties":{"FID":8544}},{"type":"Feature","id":8546,"geometry":{"type":"Point","coordinates":[23.6862602,38.012050299999999]},"properties":{"FID":8546}},{"type":"Feature","id":8549,"geometry":{"type":"Point","coordinates":[23.664530299999999,38.006044600000003]},"properties":{"FID":8549}},{"type":"Feature","id":8557,"geometry":{"type":"Point","coordinates":[23.700034800000001,38.017400899999998]},"properties":{"FID":8557}},{"type":"Feature","id":8558,"geometry":{"type":"Point","coordinates":[23.700504299999999,38.0055871]},"properties":{"FID":8558}},{"type":"Feature","id":8559,"geometry":{"type":"Point","coordinates":[23.654360400000002,38.012126100000003]},"properties":{"FID":8559}},{"type":"Feature","id":8561,"geometry":{"type":"Point","coordinates":[23.693164199999998,38.015275000000003]},"properties":{"FID":8561}},{"type":"Feature","id":8566,"geometry":{"type":"Point","coordinates":[23.677249,37.976197300000003]},"properties":{"FID":8566}},{"type":"Feature","id":8596,"geometry":{"type":"Point","coordinates":[23.661799500000001,37.964500600000001]},"properties":{"FID":8596}},{"type":"Feature","id":8597,"geometry":{"type":"Point","coordinates":[23.6634393,37.951428200000002]},"properties":{"FID":8597}},{"type":"Feature","id":8605,"geometry":{"type":"Point","coordinates":[23.699121699999999,37.944407599999998]},"properties":{"FID":8605}},{"type":"Feature","id":8606,"geometry":{"type":"Point","coordinates":[23.705499799999998,37.923411600000001]},"properties":{"FID":8606}},{"type":"Feature","id":8608,"geometry":{"type":"Point","coordinates":[23.712482699999999,37.939102699999999]},"properties":{"FID":8608}},{"type":"Feature","id":8609,"geometry":{"type":"Point","coordinates":[23.702658700000001,37.950861099999997]},"properties":{"FID":8609}},{"type":"Feature","id":8612,"geometry":{"type":"Point","coordinates":[23.681285899999999,37.959633199999999]},"properties":{"FID":8612}},{"type":"Feature","id":8613,"geometry":{"type":"Point","coordinates":[23.678893599999999,37.969472099999997]},"properties":{"FID":8613}},{"type":"Feature","id":8616,"geometry":{"type":"Point","coordinates":[23.702240799999998,37.955836599999998]},"properties":{"FID":8616}},{"type":"Feature","id":8617,"geometry":{"type":"Point","coordinates":[23.6559904,37.936818899999999]},"properties":{"FID":8617}},{"type":"Feature","id":8624,"geometry":{"type":"Point","coordinates":[23.763965899999999,38.105005400000003]},"properties":{"FID":8624}},{"type":"Feature","id":8625,"geometry":{"type":"Point","coordinates":[23.763016199999999,38.1083134]},"properties":{"FID":8625}},{"type":"Feature","id":8626,"geometry":{"type":"Point","coordinates":[23.762974199999999,38.108079500000002]},"properties":{"FID":8626}},{"type":"Feature","id":8638,"geometry":{"type":"Point","coordinates":[23.758030699999999,38.0635154]},"properties":{"FID":8638}},{"type":"Feature","id":8658,"geometry":{"type":"Point","coordinates":[23.7357011,38.004074099999997]},"properties":{"FID":8658}},{"type":"Feature","id":8661,"geometry":{"type":"Point","coordinates":[23.739616000000002,38.019361400000001]},"properties":{"FID":8661}},{"type":"Feature","id":8662,"geometry":{"type":"Point","coordinates":[23.7340825,38.002578399999997]},"properties":{"FID":8662}},{"type":"Feature","id":8668,"geometry":{"type":"Point","coordinates":[23.646691400000002,37.980156700000002]},"properties":{"FID":8668}},{"type":"Feature","id":8684,"geometry":{"type":"Point","coordinates":[23.641294500000001,37.955103800000003]},"properties":{"FID":8684}},{"type":"Feature","id":8685,"geometry":{"type":"Point","coordinates":[23.63513,37.954392499999997]},"properties":{"FID":8685}},{"type":"Feature","id":8711,"geometry":{"type":"Point","coordinates":[23.646145799999999,37.947278099999998]},"properties":{"FID":8711}},{"type":"Feature","id":8737,"geometry":{"type":"Point","coordinates":[23.799422499999999,38.037578400000001]},"properties":{"FID":8737}},{"type":"Feature","id":8742,"geometry":{"type":"Point","coordinates":[23.762259499999999,38.048945600000003]},"properties":{"FID":8742}},{"type":"Feature","id":8746,"geometry":{"type":"Point","coordinates":[23.760133400000001,38.0385548]},"properties":{"FID":8746}},{"type":"Feature","id":8749,"geometry":{"type":"Point","coordinates":[23.771685399999999,38.057451499999999]},"properties":{"FID":8749}},{"type":"Feature","id":8755,"geometry":{"type":"Point","coordinates":[23.782200400000001,38.069521899999998]},"properties":{"FID":8755}},{"type":"Feature","id":8767,"geometry":{"type":"Point","coordinates":[23.760188400000001,38.038763799999998]},"properties":{"FID":8767}},{"type":"Feature","id":8769,"geometry":{"type":"Point","coordinates":[23.7731846,38.060608100000003]},"properties":{"FID":8769}},{"type":"Feature","id":8770,"geometry":{"type":"Point","coordinates":[23.760006000000001,38.069219799999999]},"properties":{"FID":8770}},{"type":"Feature","id":8771,"geometry":{"type":"Point","coordinates":[23.771046999999999,38.0570199]},"properties":{"FID":8771}},{"type":"Feature","id":8786,"geometry":{"type":"Point","coordinates":[23.6925162,38.029330399999999]},"properties":{"FID":8786}},{"type":"Feature","id":8811,"geometry":{"type":"Point","coordinates":[23.7048217,38.001754900000002]},"properties":{"FID":8811}},{"type":"Feature","id":8812,"geometry":{"type":"Point","coordinates":[23.728424100000002,38.004233499999998]},"properties":{"FID":8812}},{"type":"Feature","id":8818,"geometry":{"type":"Point","coordinates":[23.7174637,38.005447699999998]},"properties":{"FID":8818}},{"type":"Feature","id":8828,"geometry":{"type":"Point","coordinates":[23.671297200000001,37.944617299999997]},"properties":{"FID":8828}},{"type":"Feature","id":8829,"geometry":{"type":"Point","coordinates":[23.671255899999998,37.944877200000001]},"properties":{"FID":8829}},{"type":"Feature","id":8856,"geometry":{"type":"Point","coordinates":[23.682430199999999,37.9913642]},"properties":{"FID":8856}},{"type":"Feature","id":8864,"geometry":{"type":"Point","coordinates":[23.681502999999999,37.991582399999999]},"properties":{"FID":8864}},{"type":"Feature","id":8872,"geometry":{"type":"Point","coordinates":[23.710756799999999,37.985512399999998]},"properties":{"FID":8872}},{"type":"Feature","id":8875,"geometry":{"type":"Point","coordinates":[23.710604,37.985062200000002]},"properties":{"FID":8875}},{"type":"Feature","id":8878,"geometry":{"type":"Point","coordinates":[23.710428199999999,37.985350099999998]},"properties":{"FID":8878}},{"type":"Feature","id":8883,"geometry":{"type":"Point","coordinates":[23.7068221,37.988139599999997]},"properties":{"FID":8883}},{"type":"Feature","id":8887,"geometry":{"type":"Point","coordinates":[23.706320300000002,37.988107200000002]},"properties":{"FID":8887}},{"type":"Feature","id":8889,"geometry":{"type":"Point","coordinates":[23.701831599999998,37.9846681]},"properties":{"FID":8889}},{"type":"Feature","id":8890,"geometry":{"type":"Point","coordinates":[23.701778099999999,37.984793600000003]},"properties":{"FID":8890}},{"type":"Feature","id":8893,"geometry":{"type":"Point","coordinates":[23.694399300000001,37.987336800000001]},"properties":{"FID":8893}},{"type":"Feature","id":8894,"geometry":{"type":"Point","coordinates":[23.6944464,37.987619199999997]},"properties":{"FID":8894}},{"type":"Feature","id":8902,"geometry":{"type":"Point","coordinates":[23.7136897,37.959369700000003]},"properties":{"FID":8902}},{"type":"Feature","id":8906,"geometry":{"type":"Point","coordinates":[23.715408499999999,37.962654700000002]},"properties":{"FID":8906}},{"type":"Feature","id":8908,"geometry":{"type":"Point","coordinates":[23.715252100000001,37.962451600000001]},"properties":{"FID":8908}},{"type":"Feature","id":8910,"geometry":{"type":"Point","coordinates":[23.715017400000001,37.962628700000003]},"properties":{"FID":8910}},{"type":"Feature","id":8919,"geometry":{"type":"Point","coordinates":[23.717263599999999,37.9635763]},"properties":{"FID":8919}},{"type":"Feature","id":8920,"geometry":{"type":"Point","coordinates":[23.713618499999999,37.959312199999999]},"properties":{"FID":8920}},{"type":"Feature","id":8921,"geometry":{"type":"Point","coordinates":[23.713699099999999,37.959148399999997]},"properties":{"FID":8921}},{"type":"Feature","id":8925,"geometry":{"type":"Point","coordinates":[23.718129600000001,37.949660399999999]},"properties":{"FID":8925}},{"type":"Feature","id":8926,"geometry":{"type":"Point","coordinates":[23.718401400000001,37.9496167]},"properties":{"FID":8926}},{"type":"Feature","id":8927,"geometry":{"type":"Point","coordinates":[23.718315400000002,37.949721099999998]},"properties":{"FID":8927}},{"type":"Feature","id":8929,"geometry":{"type":"Point","coordinates":[23.713751800000001,37.953048799999998]},"properties":{"FID":8929}},{"type":"Feature","id":8931,"geometry":{"type":"Point","coordinates":[23.713837900000001,37.9531712]},"properties":{"FID":8931}},{"type":"Feature","id":8932,"geometry":{"type":"Point","coordinates":[23.714007599999999,37.953147800000004]},"properties":{"FID":8932}},{"type":"Feature","id":8933,"geometry":{"type":"Point","coordinates":[23.715350000000001,37.947085700000002]},"properties":{"FID":8933}},{"type":"Feature","id":8934,"geometry":{"type":"Point","coordinates":[23.715350300000001,37.9471749]},"properties":{"FID":8934}},{"type":"Feature","id":8936,"geometry":{"type":"Point","coordinates":[23.7148954,37.946391499999997]},"properties":{"FID":8936}},{"type":"Feature","id":8937,"geometry":{"type":"Point","coordinates":[23.7152882,37.947536100000001]},"properties":{"FID":8937}},{"type":"Feature","id":8938,"geometry":{"type":"Point","coordinates":[23.715461099999999,37.9472874]},"properties":{"FID":8938}},{"type":"Feature","id":8939,"geometry":{"type":"Point","coordinates":[23.715638800000001,37.947513000000001]},"properties":{"FID":8939}},{"type":"Feature","id":8942,"geometry":{"type":"Point","coordinates":[23.715935600000002,37.947412700000001]},"properties":{"FID":8942}},{"type":"Feature","id":8943,"geometry":{"type":"Point","coordinates":[23.715836400000001,37.947587599999999]},"properties":{"FID":8943}},{"type":"Feature","id":8944,"geometry":{"type":"Point","coordinates":[23.716119500000001,37.9474552]},"properties":{"FID":8944}},{"type":"Feature","id":8946,"geometry":{"type":"Point","coordinates":[23.716336500000001,37.948268300000002]},"properties":{"FID":8946}},{"type":"Feature","id":8947,"geometry":{"type":"Point","coordinates":[23.716469,37.948076800000003]},"properties":{"FID":8947}},{"type":"Feature","id":8983,"geometry":{"type":"Point","coordinates":[23.583365000000001,37.962708200000002]},"properties":{"FID":8983}},{"type":"Feature","id":8985,"geometry":{"type":"Point","coordinates":[23.622638599999998,37.967161099999998]},"properties":{"FID":8985}},{"type":"Feature","id":8989,"geometry":{"type":"Point","coordinates":[23.562047199999999,37.963722599999997]},"properties":{"FID":8989}},{"type":"Feature","id":8990,"geometry":{"type":"Point","coordinates":[23.575718699999999,37.962453500000002]},"properties":{"FID":8990}},{"type":"Feature","id":9016,"geometry":{"type":"Point","coordinates":[23.749834199999999,38.050944899999998]},"properties":{"FID":9016}},{"type":"Feature","id":9017,"geometry":{"type":"Point","coordinates":[23.5348778,38.054313100000002]},"properties":{"FID":9017}},{"type":"Feature","id":9024,"geometry":{"type":"Point","coordinates":[23.698096400000001,37.959505100000001]},"properties":{"FID":9024}},{"type":"Feature","id":9027,"geometry":{"type":"Point","coordinates":[23.6991865,37.968642899999999]},"properties":{"FID":9027}},{"type":"Feature","id":9043,"geometry":{"type":"Point","coordinates":[23.700514800000001,37.957303699999997]},"properties":{"FID":9043}},{"type":"Feature","id":9070,"geometry":{"type":"Point","coordinates":[23.699201500000001,37.9540693]},"properties":{"FID":9070}},{"type":"Feature","id":9072,"geometry":{"type":"Point","coordinates":[23.698863599999999,37.954043599999999]},"properties":{"FID":9072}},{"type":"Feature","id":9074,"geometry":{"type":"Point","coordinates":[23.698953800000002,37.953789700000002]},"properties":{"FID":9074}},{"type":"Feature","id":9080,"geometry":{"type":"Point","coordinates":[23.6992613,37.953821499999997]},"properties":{"FID":9080}},{"type":"Feature","id":9084,"geometry":{"type":"Point","coordinates":[23.740001299999999,37.9429151]},"properties":{"FID":9084}},{"type":"Feature","id":9131,"geometry":{"type":"Point","coordinates":[23.806366700000002,38.009438500000002]},"properties":{"FID":9131}},{"type":"Feature","id":9156,"geometry":{"type":"Point","coordinates":[23.688024299999999,37.947329099999997]},"properties":{"FID":9156}},{"type":"Feature","id":9158,"geometry":{"type":"Point","coordinates":[23.695293499999998,37.952027700000002]},"properties":{"FID":9158}},{"type":"Feature","id":9160,"geometry":{"type":"Point","coordinates":[23.685177299999999,37.955394499999997]},"properties":{"FID":9160}},{"type":"Feature","id":9174,"geometry":{"type":"Point","coordinates":[23.737355399999998,37.952174599999999]},"properties":{"FID":9174}},{"type":"Feature","id":9182,"geometry":{"type":"Point","coordinates":[23.949022200000002,37.959302600000001]},"properties":{"FID":9182}},{"type":"Feature","id":9193,"geometry":{"type":"Point","coordinates":[23.7490104,37.942118000000001]},"properties":{"FID":9193}},{"type":"Feature","id":9196,"geometry":{"type":"Point","coordinates":[23.7387333,37.952407700000002]},"properties":{"FID":9196}},{"type":"Feature","id":9231,"geometry":{"type":"Point","coordinates":[23.747291199999999,37.928688000000001]},"properties":{"FID":9231}},{"type":"Feature","id":9256,"geometry":{"type":"Point","coordinates":[23.739537299999999,37.924597499999997]},"properties":{"FID":9256}},{"type":"Feature","id":9263,"geometry":{"type":"Point","coordinates":[23.704323599999999,37.925973200000001]},"properties":{"FID":9263}},{"type":"Feature","id":9328,"geometry":{"type":"Point","coordinates":[23.7153788,37.947392499999999]},"properties":{"FID":9328}},{"type":"Feature","id":9330,"geometry":{"type":"Point","coordinates":[23.7187415,37.956437800000003]},"properties":{"FID":9330}},{"type":"Feature","id":9363,"geometry":{"type":"Point","coordinates":[23.670133199999999,37.9535318]},"properties":{"FID":9363}},{"type":"Feature","id":9366,"geometry":{"type":"Point","coordinates":[23.669115000000001,37.944660499999998]},"properties":{"FID":9366}},{"type":"Feature","id":9381,"geometry":{"type":"Point","coordinates":[23.7018013,37.9561043]},"properties":{"FID":9381}},{"type":"Feature","id":9385,"geometry":{"type":"Point","coordinates":[23.701913999999999,37.955806000000003]},"properties":{"FID":9385}},{"type":"Feature","id":9388,"geometry":{"type":"Point","coordinates":[23.702158000000001,37.956117999999996]},"properties":{"FID":9388}},{"type":"Feature","id":9390,"geometry":{"type":"Point","coordinates":[23.701333000000002,37.951850299999997]},"properties":{"FID":9390}},{"type":"Feature","id":9391,"geometry":{"type":"Point","coordinates":[23.7013973,37.951893699999999]},"properties":{"FID":9391}},{"type":"Feature","id":9392,"geometry":{"type":"Point","coordinates":[23.705404699999999,37.952882000000002]},"properties":{"FID":9392}},{"type":"Feature","id":9394,"geometry":{"type":"Point","coordinates":[23.705525399999999,37.952773299999997]},"properties":{"FID":9394}},{"type":"Feature","id":9395,"geometry":{"type":"Point","coordinates":[23.705505899999999,37.952874199999997]},"properties":{"FID":9395}},{"type":"Feature","id":9404,"geometry":{"type":"Point","coordinates":[23.700654100000001,37.949475]},"properties":{"FID":9404}},{"type":"Feature","id":9415,"geometry":{"type":"Point","coordinates":[23.697161000000001,37.952737399999997]},"properties":{"FID":9415}},{"type":"Feature","id":9416,"geometry":{"type":"Point","coordinates":[23.6969101,37.9525176]},"properties":{"FID":9416}},{"type":"Feature","id":9419,"geometry":{"type":"Point","coordinates":[23.697142700000001,37.952482400000001]},"properties":{"FID":9419}},{"type":"Feature","id":9422,"geometry":{"type":"Point","coordinates":[23.698063699999999,37.947657499999998]},"properties":{"FID":9422}},{"type":"Feature","id":9428,"geometry":{"type":"Point","coordinates":[23.702409899999999,37.9506868]},"properties":{"FID":9428}},{"type":"Feature","id":9429,"geometry":{"type":"Point","coordinates":[23.702411999999999,37.950868100000001]},"properties":{"FID":9429}},{"type":"Feature","id":9432,"geometry":{"type":"Point","coordinates":[23.702682899999999,37.950713399999998]},"properties":{"FID":9432}},{"type":"Feature","id":9436,"geometry":{"type":"Point","coordinates":[23.702765500000002,37.947262000000002]},"properties":{"FID":9436}},{"type":"Feature","id":9439,"geometry":{"type":"Point","coordinates":[23.702966499999999,37.947502100000001]},"properties":{"FID":9439}},{"type":"Feature","id":9441,"geometry":{"type":"Point","coordinates":[23.7029791,37.947307299999999]},"properties":{"FID":9441}},{"type":"Feature","id":9442,"geometry":{"type":"Point","coordinates":[23.703020599999999,37.947375299999997]},"properties":{"FID":9442}},{"type":"Feature","id":9444,"geometry":{"type":"Point","coordinates":[23.701754000000001,37.9484268]},"properties":{"FID":9444}},{"type":"Feature","id":9445,"geometry":{"type":"Point","coordinates":[23.701676800000001,37.948381900000001]},"properties":{"FID":9445}},{"type":"Feature","id":9449,"geometry":{"type":"Point","coordinates":[23.704780400000001,37.948907900000002]},"properties":{"FID":9449}},{"type":"Feature","id":9450,"geometry":{"type":"Point","coordinates":[23.704825100000001,37.948803099999999]},"properties":{"FID":9450}},{"type":"Feature","id":9452,"geometry":{"type":"Point","coordinates":[23.704643099999998,37.948733799999999]},"properties":{"FID":9452}},{"type":"Feature","id":9453,"geometry":{"type":"Point","coordinates":[23.704622799999999,37.9488731]},"properties":{"FID":9453}},{"type":"Feature","id":9468,"geometry":{"type":"Point","coordinates":[23.707600200000002,37.950908599999998]},"properties":{"FID":9468}},{"type":"Feature","id":9469,"geometry":{"type":"Point","coordinates":[23.7076277,37.950972999999998]},"properties":{"FID":9469}},{"type":"Feature","id":9470,"geometry":{"type":"Point","coordinates":[23.707597100000001,37.951090999999998]},"properties":{"FID":9470}},{"type":"Feature","id":9471,"geometry":{"type":"Point","coordinates":[23.707387499999999,37.9510997]},"properties":{"FID":9471}},{"type":"Feature","id":9472,"geometry":{"type":"Point","coordinates":[23.707432000000001,37.950875600000003]},"properties":{"FID":9472}},{"type":"Feature","id":9474,"geometry":{"type":"Point","coordinates":[23.709395199999999,37.949733199999997]},"properties":{"FID":9474}},{"type":"Feature","id":9475,"geometry":{"type":"Point","coordinates":[23.709496699999999,37.949595799999997]},"properties":{"FID":9475}},{"type":"Feature","id":9477,"geometry":{"type":"Point","coordinates":[23.709123900000002,37.949379200000003]},"properties":{"FID":9477}},{"type":"Feature","id":9486,"geometry":{"type":"Point","coordinates":[23.700942699999999,37.964517899999997]},"properties":{"FID":9486}},{"type":"Feature","id":9495,"geometry":{"type":"Point","coordinates":[23.702243200000002,37.965673700000004]},"properties":{"FID":9495}},{"type":"Feature","id":9496,"geometry":{"type":"Point","coordinates":[23.7022555,37.965620999999999]},"properties":{"FID":9496}},{"type":"Feature","id":9516,"geometry":{"type":"Point","coordinates":[23.663550499999999,37.950141299999999]},"properties":{"FID":9516}},{"type":"Feature","id":9517,"geometry":{"type":"Point","coordinates":[23.663377000000001,37.951147499999998]},"properties":{"FID":9517}},{"type":"Feature","id":9523,"geometry":{"type":"Point","coordinates":[23.647115299999999,37.9483557]},"properties":{"FID":9523}},{"type":"Feature","id":9530,"geometry":{"type":"Point","coordinates":[23.878995700000001,37.886008400000001]},"properties":{"FID":9530}},{"type":"Feature","id":9531,"geometry":{"type":"Point","coordinates":[23.923834500000002,37.886629999999997]},"properties":{"FID":9531}},{"type":"Feature","id":9532,"geometry":{"type":"Point","coordinates":[23.750597200000001,37.886317200000001]},"properties":{"FID":9532}},{"type":"Feature","id":9534,"geometry":{"type":"Point","coordinates":[23.7163951,37.994845300000001]},"properties":{"FID":9534}},{"type":"Feature","id":9535,"geometry":{"type":"Point","coordinates":[23.716621100000001,37.994242300000003]},"properties":{"FID":9535}},{"type":"Feature","id":9536,"geometry":{"type":"Point","coordinates":[23.7175765,37.994108300000001]},"properties":{"FID":9536}},{"type":"Feature","id":9543,"geometry":{"type":"Point","coordinates":[23.642962099999998,37.995331899999996]},"properties":{"FID":9543}},{"type":"Feature","id":9544,"geometry":{"type":"Point","coordinates":[23.670457599999999,37.996029499999999]},"properties":{"FID":9544}},{"type":"Feature","id":9549,"geometry":{"type":"Point","coordinates":[23.7177884,37.984509299999999]},"properties":{"FID":9549}},{"type":"Feature","id":9553,"geometry":{"type":"Point","coordinates":[23.7180605,37.984492500000002]},"properties":{"FID":9553}},{"type":"Feature","id":9559,"geometry":{"type":"Point","coordinates":[23.716942700000001,37.988672800000003]},"properties":{"FID":9559}},{"type":"Feature","id":9563,"geometry":{"type":"Point","coordinates":[23.717573999999999,37.989150500000001]},"properties":{"FID":9563}},{"type":"Feature","id":9568,"geometry":{"type":"Point","coordinates":[23.716718100000001,37.988904499999997]},"properties":{"FID":9568}},{"type":"Feature","id":9569,"geometry":{"type":"Point","coordinates":[23.716640999999999,37.988679699999999]},"properties":{"FID":9569}},{"type":"Feature","id":9586,"geometry":{"type":"Point","coordinates":[23.7133979,37.987323799999999]},"properties":{"FID":9586}},{"type":"Feature","id":9589,"geometry":{"type":"Point","coordinates":[23.713056000000002,37.987086400000003]},"properties":{"FID":9589}},{"type":"Feature","id":9590,"geometry":{"type":"Point","coordinates":[23.713012200000001,37.987269400000002]},"properties":{"FID":9590}},{"type":"Feature","id":9591,"geometry":{"type":"Point","coordinates":[23.7133991,37.987162300000001]},"properties":{"FID":9591}},{"type":"Feature","id":9593,"geometry":{"type":"Point","coordinates":[23.714612800000001,37.9844534]},"properties":{"FID":9593}},{"type":"Feature","id":9597,"geometry":{"type":"Point","coordinates":[23.715773200000001,37.990195300000003]},"properties":{"FID":9597}},{"type":"Feature","id":9599,"geometry":{"type":"Point","coordinates":[23.715291000000001,37.9908541]},"properties":{"FID":9599}},{"type":"Feature","id":9600,"geometry":{"type":"Point","coordinates":[23.7156874,37.990312600000003]},"properties":{"FID":9600}},{"type":"Feature","id":9602,"geometry":{"type":"Point","coordinates":[23.7149696,37.993128200000001]},"properties":{"FID":9602}},{"type":"Feature","id":9604,"geometry":{"type":"Point","coordinates":[23.713877799999999,37.992819099999998]},"properties":{"FID":9604}},{"type":"Feature","id":9605,"geometry":{"type":"Point","coordinates":[23.714062800000001,37.9927311]},"properties":{"FID":9605}},{"type":"Feature","id":9613,"geometry":{"type":"Point","coordinates":[23.714024899999998,37.9925839]},"properties":{"FID":9613}},{"type":"Feature","id":9636,"geometry":{"type":"Point","coordinates":[23.7986073,38.088858399999999]},"properties":{"FID":9636}},{"type":"Feature","id":9675,"geometry":{"type":"Point","coordinates":[23.8456343,38.139454600000001]},"properties":{"FID":9675}},{"type":"Feature","id":9676,"geometry":{"type":"Point","coordinates":[23.7654055,38.099865999999999]},"properties":{"FID":9676}},{"type":"Feature","id":9681,"geometry":{"type":"Point","coordinates":[23.869882100000002,38.122913099999998]},"properties":{"FID":9681}},{"type":"Feature","id":9748,"geometry":{"type":"Point","coordinates":[23.705280699999999,37.965147600000002]},"properties":{"FID":9748}},{"type":"Feature","id":9750,"geometry":{"type":"Point","coordinates":[23.7053206,37.965006500000001]},"properties":{"FID":9750}},{"type":"Feature","id":9752,"geometry":{"type":"Point","coordinates":[23.7055522,37.965142499999999]},"properties":{"FID":9752}},{"type":"Feature","id":9754,"geometry":{"type":"Point","coordinates":[23.705530100000001,37.965218999999998]},"properties":{"FID":9754}},{"type":"Feature","id":9759,"geometry":{"type":"Point","coordinates":[23.703474400000001,37.9660948]},"properties":{"FID":9759}},{"type":"Feature","id":9762,"geometry":{"type":"Point","coordinates":[23.704792300000001,37.953435800000001]},"properties":{"FID":9762}},{"type":"Feature","id":9764,"geometry":{"type":"Point","coordinates":[23.7042368,37.953938200000003]},"properties":{"FID":9764}},{"type":"Feature","id":9765,"geometry":{"type":"Point","coordinates":[23.704325499999999,37.953857999999997]},"properties":{"FID":9765}},{"type":"Feature","id":9766,"geometry":{"type":"Point","coordinates":[23.7043313,37.953929700000003]},"properties":{"FID":9766}},{"type":"Feature","id":9772,"geometry":{"type":"Point","coordinates":[23.7049646,37.9578639]},"properties":{"FID":9772}},{"type":"Feature","id":9774,"geometry":{"type":"Point","coordinates":[23.704889000000001,37.958091600000003]},"properties":{"FID":9774}},{"type":"Feature","id":9779,"geometry":{"type":"Point","coordinates":[23.705509800000002,37.928259699999998]},"properties":{"FID":9779}},{"type":"Feature","id":9783,"geometry":{"type":"Point","coordinates":[23.701923000000001,37.951420300000002]},"properties":{"FID":9783}},{"type":"Feature","id":9804,"geometry":{"type":"Point","coordinates":[23.710943100000001,37.961970299999997]},"properties":{"FID":9804}},{"type":"Feature","id":9810,"geometry":{"type":"Point","coordinates":[23.710408699999999,37.963258199999999]},"properties":{"FID":9810}},{"type":"Feature","id":9811,"geometry":{"type":"Point","coordinates":[23.710234799999999,37.963336599999998]},"properties":{"FID":9811}},{"type":"Feature","id":9813,"geometry":{"type":"Point","coordinates":[23.710329399999999,37.963797700000001]},"properties":{"FID":9813}},{"type":"Feature","id":9814,"geometry":{"type":"Point","coordinates":[23.710290400000002,37.963800399999997]},"properties":{"FID":9814}},{"type":"Feature","id":9816,"geometry":{"type":"Point","coordinates":[23.7101012,37.963665200000001]},"properties":{"FID":9816}},{"type":"Feature","id":9819,"geometry":{"type":"Point","coordinates":[23.710596599999999,37.963589499999998]},"properties":{"FID":9819}},{"type":"Feature","id":9823,"geometry":{"type":"Point","coordinates":[23.710653199999999,37.962053699999998]},"properties":{"FID":9823}},{"type":"Feature","id":9825,"geometry":{"type":"Point","coordinates":[23.710645100000001,37.961730299999999]},"properties":{"FID":9825}},{"type":"Feature","id":9856,"geometry":{"type":"Point","coordinates":[23.642105399999998,37.949040400000001]},"properties":{"FID":9856}},{"type":"Feature","id":9857,"geometry":{"type":"Point","coordinates":[23.639714600000001,37.957565700000004]},"properties":{"FID":9857}},{"type":"Feature","id":9875,"geometry":{"type":"Point","coordinates":[23.631421499999998,37.951331600000003]},"properties":{"FID":9875}},{"type":"Feature","id":9883,"geometry":{"type":"Point","coordinates":[23.8744625,37.882291899999998]},"properties":{"FID":9883}},{"type":"Feature","id":9896,"geometry":{"type":"Point","coordinates":[23.708087599999999,37.959834299999997]},"properties":{"FID":9896}},{"type":"Feature","id":9901,"geometry":{"type":"Point","coordinates":[23.708012499999999,37.960113999999997]},"properties":{"FID":9901}},{"type":"Feature","id":9903,"geometry":{"type":"Point","coordinates":[23.707869899999999,37.9598564]},"properties":{"FID":9903}},{"type":"Feature","id":9906,"geometry":{"type":"Point","coordinates":[23.706913199999999,37.959215]},"properties":{"FID":9906}},{"type":"Feature","id":9908,"geometry":{"type":"Point","coordinates":[23.706832500000001,37.9594296]},"properties":{"FID":9908}},{"type":"Feature","id":9968,"geometry":{"type":"Point","coordinates":[23.809380699999998,38.064371899999998]},"properties":{"FID":9968}},{"type":"Feature","id":9991,"geometry":{"type":"Point","coordinates":[23.8074218,38.046205]},"properties":{"FID":9991}},{"type":"Feature","id":10188,"geometry":{"type":"Point","coordinates":[23.641317799999999,38.0639538]},"properties":{"FID":10188}},{"type":"Feature","id":10189,"geometry":{"type":"Point","coordinates":[23.609718300000001,38.070051999999997]},"properties":{"FID":10189}},{"type":"Feature","id":10237,"geometry":{"type":"Point","coordinates":[23.709191700000002,37.957283500000003]},"properties":{"FID":10237}},{"type":"Feature","id":10238,"geometry":{"type":"Point","coordinates":[23.710138199999999,37.957930099999999]},"properties":{"FID":10238}},{"type":"Feature","id":10239,"geometry":{"type":"Point","coordinates":[23.710683,37.957431499999998]},"properties":{"FID":10239}},{"type":"Feature","id":10248,"geometry":{"type":"Point","coordinates":[23.705113699999998,37.9581436]},"properties":{"FID":10248}},{"type":"Feature","id":10255,"geometry":{"type":"Point","coordinates":[23.7598479,37.884885500000003]},"properties":{"FID":10255}},{"type":"Feature","id":10257,"geometry":{"type":"Point","coordinates":[23.9733558,38.011563000000002]},"properties":{"FID":10257}},{"type":"Feature","id":10259,"geometry":{"type":"Point","coordinates":[23.976283899999999,38.013836099999999]},"properties":{"FID":10259}},{"type":"Feature","id":10261,"geometry":{"type":"Point","coordinates":[23.976437900000001,38.014104099999997]},"properties":{"FID":10261}},{"type":"Feature","id":10262,"geometry":{"type":"Point","coordinates":[23.973525200000001,38.011818699999999]},"properties":{"FID":10262}},{"type":"Feature","id":10265,"geometry":{"type":"Point","coordinates":[23.9732691,38.011792999999997]},"properties":{"FID":10265}},{"type":"Feature","id":10268,"geometry":{"type":"Point","coordinates":[23.969892000000002,38.010492300000003]},"properties":{"FID":10268}},{"type":"Feature","id":10269,"geometry":{"type":"Point","coordinates":[23.969881600000001,38.0102428]},"properties":{"FID":10269}},{"type":"Feature","id":10270,"geometry":{"type":"Point","coordinates":[23.9695751,38.010290699999999]},"properties":{"FID":10270}},{"type":"Feature","id":10272,"geometry":{"type":"Point","coordinates":[23.978172499999999,38.016896699999997]},"properties":{"FID":10272}},{"type":"Feature","id":10274,"geometry":{"type":"Point","coordinates":[23.978150400000001,38.016577699999999]},"properties":{"FID":10274}},{"type":"Feature","id":10276,"geometry":{"type":"Point","coordinates":[23.980241100000001,38.018135299999997]},"properties":{"FID":10276}},{"type":"Feature","id":10279,"geometry":{"type":"Point","coordinates":[23.9802809,38.018459499999999]},"properties":{"FID":10279}},{"type":"Feature","id":10281,"geometry":{"type":"Point","coordinates":[23.9800732,38.018154799999998]},"properties":{"FID":10281}},{"type":"Feature","id":10282,"geometry":{"type":"Point","coordinates":[23.982337699999999,38.027097900000001]},"properties":{"FID":10282}},{"type":"Feature","id":10285,"geometry":{"type":"Point","coordinates":[23.982142499999998,38.027324900000004]},"properties":{"FID":10285}},{"type":"Feature","id":10287,"geometry":{"type":"Point","coordinates":[23.9830927,38.029762900000001]},"properties":{"FID":10287}},{"type":"Feature","id":10288,"geometry":{"type":"Point","coordinates":[23.983126599999999,38.029645500000001]},"properties":{"FID":10288}},{"type":"Feature","id":10294,"geometry":{"type":"Point","coordinates":[23.982126999999998,38.0213581]},"properties":{"FID":10294}},{"type":"Feature","id":10295,"geometry":{"type":"Point","coordinates":[23.982297299999999,38.021159099999998]},"properties":{"FID":10295}},{"type":"Feature","id":10298,"geometry":{"type":"Point","coordinates":[23.980495900000001,38.0182523]},"properties":{"FID":10298}},{"type":"Feature","id":10300,"geometry":{"type":"Point","coordinates":[23.984477200000001,38.031987700000002]},"properties":{"FID":10300}},{"type":"Feature","id":10301,"geometry":{"type":"Point","coordinates":[23.9845957,38.032804499999997]},"properties":{"FID":10301}},{"type":"Feature","id":10304,"geometry":{"type":"Point","coordinates":[23.988379999999999,38.045041300000001]},"properties":{"FID":10304}},{"type":"Feature","id":10306,"geometry":{"type":"Point","coordinates":[23.988389999999999,38.045223800000002]},"properties":{"FID":10306}},{"type":"Feature","id":10308,"geometry":{"type":"Point","coordinates":[23.988460100000001,38.045232599999999]},"properties":{"FID":10308}},{"type":"Feature","id":10312,"geometry":{"type":"Point","coordinates":[23.988692499999999,38.044951099999999]},"properties":{"FID":10312}},{"type":"Feature","id":10315,"geometry":{"type":"Point","coordinates":[23.988715500000001,38.045165099999998]},"properties":{"FID":10315}},{"type":"Feature","id":10318,"geometry":{"type":"Point","coordinates":[23.988776000000001,38.044989100000002]},"properties":{"FID":10318}},{"type":"Feature","id":10322,"geometry":{"type":"Point","coordinates":[23.9843695,38.033027799999999]},"properties":{"FID":10322}},{"type":"Feature","id":10323,"geometry":{"type":"Point","coordinates":[23.984309499999998,38.032160099999999]},"properties":{"FID":10323}},{"type":"Feature","id":10325,"geometry":{"type":"Point","coordinates":[23.984343500000001,38.031788499999998]},"properties":{"FID":10325}},{"type":"Feature","id":10327,"geometry":{"type":"Point","coordinates":[23.989951300000001,38.053385400000003]},"properties":{"FID":10327}},{"type":"Feature","id":10329,"geometry":{"type":"Point","coordinates":[23.976590999999999,38.013892599999998]},"properties":{"FID":10329}},{"type":"Feature","id":10346,"geometry":{"type":"Point","coordinates":[23.926668100000001,37.959902700000001]},"properties":{"FID":10346}},{"type":"Feature","id":10349,"geometry":{"type":"Point","coordinates":[23.911761899999998,38.002068000000001]},"properties":{"FID":10349}},{"type":"Feature","id":10351,"geometry":{"type":"Point","coordinates":[23.927028700000001,37.9599355]},"properties":{"FID":10351}},{"type":"Feature","id":10391,"geometry":{"type":"Point","coordinates":[23.927014499999999,37.9598668]},"properties":{"FID":10391}},{"type":"Feature","id":10400,"geometry":{"type":"Point","coordinates":[23.676996500000001,37.976217499999997]},"properties":{"FID":10400}},{"type":"Feature","id":10401,"geometry":{"type":"Point","coordinates":[23.751755299999999,37.934623500000001]},"properties":{"FID":10401}},{"type":"Feature","id":10404,"geometry":{"type":"Point","coordinates":[23.8472553,37.997486799999997]},"properties":{"FID":10404}},{"type":"Feature","id":10418,"geometry":{"type":"Point","coordinates":[23.7379645,38.005631200000003]},"properties":{"FID":10418}},{"type":"Feature","id":10421,"geometry":{"type":"Point","coordinates":[23.752243799999999,37.974501400000001]},"properties":{"FID":10421}},{"type":"Feature","id":10427,"geometry":{"type":"Point","coordinates":[23.751476,37.885281399999997]},"properties":{"FID":10427}},{"type":"Feature","id":10431,"geometry":{"type":"Point","coordinates":[23.890553799999999,37.994193699999997]},"properties":{"FID":10431}},{"type":"Feature","id":10432,"geometry":{"type":"Point","coordinates":[23.923589499999999,37.997455899999999]},"properties":{"FID":10432}},{"type":"Feature","id":10534,"geometry":{"type":"Point","coordinates":[23.7313303,38.001942700000001]},"properties":{"FID":10534}},{"type":"Feature","id":10535,"geometry":{"type":"Point","coordinates":[23.7312549,38.001904600000003]},"properties":{"FID":10535}},{"type":"Feature","id":10536,"geometry":{"type":"Point","coordinates":[23.731186600000001,38.001319000000002]},"properties":{"FID":10536}},{"type":"Feature","id":10537,"geometry":{"type":"Point","coordinates":[23.7307056,38.000450399999998]},"properties":{"FID":10537}},{"type":"Feature","id":10539,"geometry":{"type":"Point","coordinates":[23.730998799999998,38.000504200000002]},"properties":{"FID":10539}},{"type":"Feature","id":10540,"geometry":{"type":"Point","coordinates":[23.731627400000001,38.000333500000004]},"properties":{"FID":10540}},{"type":"Feature","id":10541,"geometry":{"type":"Point","coordinates":[23.731882899999999,38.001801999999998]},"properties":{"FID":10541}},{"type":"Feature","id":10542,"geometry":{"type":"Point","coordinates":[23.731843699999999,38.001203799999999]},"properties":{"FID":10542}},{"type":"Feature","id":10543,"geometry":{"type":"Point","coordinates":[23.731948599999999,38.001745100000001]},"properties":{"FID":10543}},{"type":"Feature","id":10544,"geometry":{"type":"Point","coordinates":[23.732015400000002,38.0002049]},"properties":{"FID":10544}},{"type":"Feature","id":10556,"geometry":{"type":"Point","coordinates":[23.731501000000002,37.998156999999999]},"properties":{"FID":10556}},{"type":"Feature","id":10561,"geometry":{"type":"Point","coordinates":[23.736848899999998,37.9973806]},"properties":{"FID":10561}},{"type":"Feature","id":10564,"geometry":{"type":"Point","coordinates":[23.736788900000001,37.997376699999997]},"properties":{"FID":10564}},{"type":"Feature","id":10565,"geometry":{"type":"Point","coordinates":[23.737659799999999,37.9968079]},"properties":{"FID":10565}},{"type":"Feature","id":10566,"geometry":{"type":"Point","coordinates":[23.737659300000001,37.9968754]},"properties":{"FID":10566}},{"type":"Feature","id":10572,"geometry":{"type":"Point","coordinates":[23.7491646,37.995714]},"properties":{"FID":10572}},{"type":"Feature","id":10575,"geometry":{"type":"Point","coordinates":[23.740526899999999,37.995821999999997]},"properties":{"FID":10575}},{"type":"Feature","id":10603,"geometry":{"type":"Point","coordinates":[23.710113799999998,38.071143900000003]},"properties":{"FID":10603}},{"type":"Feature","id":10648,"geometry":{"type":"Point","coordinates":[23.716164299999999,38.037286000000002]},"properties":{"FID":10648}},{"type":"Feature","id":10664,"geometry":{"type":"Point","coordinates":[23.830224699999999,38.036630799999998]},"properties":{"FID":10664}},{"type":"Feature","id":10676,"geometry":{"type":"Point","coordinates":[23.830337700000001,38.036545799999999]},"properties":{"FID":10676}},{"type":"Feature","id":10678,"geometry":{"type":"Point","coordinates":[23.8386028,38.051742699999998]},"properties":{"FID":10678}},{"type":"Feature","id":10698,"geometry":{"type":"Point","coordinates":[23.490262900000001,38.030293299999997]},"properties":{"FID":10698}},{"type":"Feature","id":10711,"geometry":{"type":"Point","coordinates":[23.516973700000001,38.060104600000003]},"properties":{"FID":10711}},{"type":"Feature","id":10722,"geometry":{"type":"Point","coordinates":[23.530433200000001,38.073433199999997]},"properties":{"FID":10722}},{"type":"Feature","id":10767,"geometry":{"type":"Point","coordinates":[23.7501216,38.000242100000001]},"properties":{"FID":10767}},{"type":"Feature","id":10768,"geometry":{"type":"Point","coordinates":[23.750201799999999,38.000285400000003]},"properties":{"FID":10768}},{"type":"Feature","id":10769,"geometry":{"type":"Point","coordinates":[23.750374699999998,38.000249599999997]},"properties":{"FID":10769}},{"type":"Feature","id":10771,"geometry":{"type":"Point","coordinates":[23.750281999999999,38.0001538]},"properties":{"FID":10771}},{"type":"Feature","id":10803,"geometry":{"type":"Point","coordinates":[23.636283299999999,37.949263899999998]},"properties":{"FID":10803}},{"type":"Feature","id":10831,"geometry":{"type":"Point","coordinates":[23.773404200000002,38.001983799999998]},"properties":{"FID":10831}},{"type":"Feature","id":10845,"geometry":{"type":"Point","coordinates":[23.8154115,37.841176500000003]},"properties":{"FID":10845}},{"type":"Feature","id":10861,"geometry":{"type":"Point","coordinates":[23.7910699,37.834910100000002]},"properties":{"FID":10861}},{"type":"Feature","id":10869,"geometry":{"type":"Point","coordinates":[23.739735799999998,37.969887399999998]},"properties":{"FID":10869}},{"type":"Feature","id":10871,"geometry":{"type":"Point","coordinates":[23.760880400000001,37.986282899999999]},"properties":{"FID":10871}},{"type":"Feature","id":10877,"geometry":{"type":"Point","coordinates":[23.736803200000001,37.953331400000003]},"properties":{"FID":10877}},{"type":"Feature","id":10883,"geometry":{"type":"Point","coordinates":[23.7389817,38.065633400000003]},"properties":{"FID":10883}},{"type":"Feature","id":10895,"geometry":{"type":"Point","coordinates":[23.725715099999999,38.0402445]},"properties":{"FID":10895}},{"type":"Feature","id":10898,"geometry":{"type":"Point","coordinates":[23.726400999999999,38.042036699999997]},"properties":{"FID":10898}},{"type":"Feature","id":10899,"geometry":{"type":"Point","coordinates":[23.7266619,38.042265499999999]},"properties":{"FID":10899}},{"type":"Feature","id":10912,"geometry":{"type":"Point","coordinates":[23.733089799999998,38.0672225]},"properties":{"FID":10912}},{"type":"Feature","id":10919,"geometry":{"type":"Point","coordinates":[23.749310900000001,38.050212299999998]},"properties":{"FID":10919}},{"type":"Feature","id":10929,"geometry":{"type":"Point","coordinates":[23.984571200000001,38.0332267]},"properties":{"FID":10929}},{"type":"Feature","id":10930,"geometry":{"type":"Point","coordinates":[23.797602699999999,38.059964299999997]},"properties":{"FID":10930}},{"type":"Feature","id":10935,"geometry":{"type":"Point","coordinates":[23.973733800000002,38.092943300000002]},"properties":{"FID":10935}},{"type":"Feature","id":10936,"geometry":{"type":"Point","coordinates":[23.973838099999998,38.092929499999997]},"properties":{"FID":10936}},{"type":"Feature","id":10937,"geometry":{"type":"Point","coordinates":[23.973861200000002,38.092955400000001]},"properties":{"FID":10937}},{"type":"Feature","id":10938,"geometry":{"type":"Point","coordinates":[23.974321499999999,38.091756799999999]},"properties":{"FID":10938}},{"type":"Feature","id":10940,"geometry":{"type":"Point","coordinates":[23.975967799999999,38.087972000000001]},"properties":{"FID":10940}},{"type":"Feature","id":10942,"geometry":{"type":"Point","coordinates":[23.975918,38.087960799999998]},"properties":{"FID":10942}},{"type":"Feature","id":10943,"geometry":{"type":"Point","coordinates":[23.975897400000001,38.087817800000003]},"properties":{"FID":10943}},{"type":"Feature","id":10946,"geometry":{"type":"Point","coordinates":[23.975920800000001,38.087760099999997]},"properties":{"FID":10946}},{"type":"Feature","id":10950,"geometry":{"type":"Point","coordinates":[23.976394500000001,38.087150800000003]},"properties":{"FID":10950}},{"type":"Feature","id":10952,"geometry":{"type":"Point","coordinates":[23.980366,38.079894600000003]},"properties":{"FID":10952}},{"type":"Feature","id":10956,"geometry":{"type":"Point","coordinates":[23.979635099999999,38.0814582]},"properties":{"FID":10956}},{"type":"Feature","id":10957,"geometry":{"type":"Point","coordinates":[23.9795479,38.081434199999997]},"properties":{"FID":10957}},{"type":"Feature","id":10959,"geometry":{"type":"Point","coordinates":[23.978577900000001,38.0833716]},"properties":{"FID":10959}},{"type":"Feature","id":10962,"geometry":{"type":"Point","coordinates":[23.976643599999999,38.0869705]},"properties":{"FID":10962}},{"type":"Feature","id":10966,"geometry":{"type":"Point","coordinates":[23.980502999999999,38.079821500000001]},"properties":{"FID":10966}},{"type":"Feature","id":10969,"geometry":{"type":"Point","coordinates":[23.972677699999998,38.096060899999998]},"properties":{"FID":10969}},{"type":"Feature","id":10970,"geometry":{"type":"Point","coordinates":[23.972645700000001,38.095959200000003]},"properties":{"FID":10970}},{"type":"Feature","id":10973,"geometry":{"type":"Point","coordinates":[23.9724261,38.096115500000003]},"properties":{"FID":10973}},{"type":"Feature","id":10974,"geometry":{"type":"Point","coordinates":[23.941871500000001,38.002396300000001]},"properties":{"FID":10974}},{"type":"Feature","id":10976,"geometry":{"type":"Point","coordinates":[23.811008099999999,38.068009500000002]},"properties":{"FID":10976}},{"type":"Feature","id":10977,"geometry":{"type":"Point","coordinates":[23.811122300000001,38.067981899999999]},"properties":{"FID":10977}},{"type":"Feature","id":10978,"geometry":{"type":"Point","coordinates":[23.8112651,38.067884900000003]},"properties":{"FID":10978}},{"type":"Feature","id":10980,"geometry":{"type":"Point","coordinates":[23.811171300000002,38.070033500000001]},"properties":{"FID":10980}},{"type":"Feature","id":10985,"geometry":{"type":"Point","coordinates":[23.811344800000001,38.0722156]},"properties":{"FID":10985}},{"type":"Feature","id":10987,"geometry":{"type":"Point","coordinates":[23.8110769,38.070346100000002]},"properties":{"FID":10987}},{"type":"Feature","id":10989,"geometry":{"type":"Point","coordinates":[23.811577,38.072091899999997]},"properties":{"FID":10989}},{"type":"Feature","id":10990,"geometry":{"type":"Point","coordinates":[23.811524500000001,38.072382300000001]},"properties":{"FID":10990}},{"type":"Feature","id":10991,"geometry":{"type":"Point","coordinates":[23.8116512,38.072350800000002]},"properties":{"FID":10991}},{"type":"Feature","id":10994,"geometry":{"type":"Point","coordinates":[23.8121309,38.074929900000001]},"properties":{"FID":10994}},{"type":"Feature","id":10995,"geometry":{"type":"Point","coordinates":[23.8120832,38.075833799999998]},"properties":{"FID":10995}},{"type":"Feature","id":10996,"geometry":{"type":"Point","coordinates":[23.812099700000001,38.075992800000002]},"properties":{"FID":10996}},{"type":"Feature","id":11019,"geometry":{"type":"Point","coordinates":[23.7831504,38.047831899999998]},"properties":{"FID":11019}},{"type":"Feature","id":11022,"geometry":{"type":"Point","coordinates":[23.782891500000002,38.047616300000001]},"properties":{"FID":11022}},{"type":"Feature","id":11024,"geometry":{"type":"Point","coordinates":[23.782798700000001,38.047973499999998]},"properties":{"FID":11024}},{"type":"Feature","id":11025,"geometry":{"type":"Point","coordinates":[23.782547099999999,38.047931499999997]},"properties":{"FID":11025}},{"type":"Feature","id":11031,"geometry":{"type":"Point","coordinates":[23.7824837,38.052809400000001]},"properties":{"FID":11031}},{"type":"Feature","id":11032,"geometry":{"type":"Point","coordinates":[23.782736199999999,38.052813700000002]},"properties":{"FID":11032}},{"type":"Feature","id":11033,"geometry":{"type":"Point","coordinates":[23.7830911,38.052534100000003]},"properties":{"FID":11033}},{"type":"Feature","id":11036,"geometry":{"type":"Point","coordinates":[23.7834498,38.0524883]},"properties":{"FID":11036}},{"type":"Feature","id":11037,"geometry":{"type":"Point","coordinates":[23.783556799999999,38.052243199999999]},"properties":{"FID":11037}},{"type":"Feature","id":11039,"geometry":{"type":"Point","coordinates":[23.7832589,38.052365399999999]},"properties":{"FID":11039}},{"type":"Feature","id":11046,"geometry":{"type":"Point","coordinates":[23.7855782,38.051811000000001]},"properties":{"FID":11046}},{"type":"Feature","id":11060,"geometry":{"type":"Point","coordinates":[23.7756015,38.005023199999997]},"properties":{"FID":11060}},{"type":"Feature","id":11064,"geometry":{"type":"Point","coordinates":[23.780419599999998,38.010032600000002]},"properties":{"FID":11064}},{"type":"Feature","id":11067,"geometry":{"type":"Point","coordinates":[23.776790900000002,38.001468299999999]},"properties":{"FID":11067}},{"type":"Feature","id":11085,"geometry":{"type":"Point","coordinates":[23.783186600000001,38.047676899999999]},"properties":{"FID":11085}},{"type":"Feature","id":11094,"geometry":{"type":"Point","coordinates":[23.784804099999999,38.015390500000002]},"properties":{"FID":11094}},{"type":"Feature","id":11095,"geometry":{"type":"Point","coordinates":[23.7826816,38.012816299999997]},"properties":{"FID":11095}},{"type":"Feature","id":11114,"geometry":{"type":"Point","coordinates":[23.798604300000001,38.059132300000002]},"properties":{"FID":11114}},{"type":"Feature","id":11115,"geometry":{"type":"Point","coordinates":[23.798766199999999,38.058948999999998]},"properties":{"FID":11115}},{"type":"Feature","id":11116,"geometry":{"type":"Point","coordinates":[23.798462700000002,38.0590245]},"properties":{"FID":11116}},{"type":"Feature","id":11117,"geometry":{"type":"Point","coordinates":[23.798397300000001,38.059223799999998]},"properties":{"FID":11117}},{"type":"Feature","id":11118,"geometry":{"type":"Point","coordinates":[23.7975222,38.059751900000002]},"properties":{"FID":11118}},{"type":"Feature","id":11122,"geometry":{"type":"Point","coordinates":[23.795057100000001,38.059587899999997]},"properties":{"FID":11122}},{"type":"Feature","id":11123,"geometry":{"type":"Point","coordinates":[23.7951725,38.059531700000001]},"properties":{"FID":11123}},{"type":"Feature","id":11124,"geometry":{"type":"Point","coordinates":[23.794971700000001,38.059331299999997]},"properties":{"FID":11124}},{"type":"Feature","id":11131,"geometry":{"type":"Point","coordinates":[23.793111199999998,38.059103399999998]},"properties":{"FID":11131}},{"type":"Feature","id":11133,"geometry":{"type":"Point","coordinates":[23.793580599999999,38.059181299999999]},"properties":{"FID":11133}},{"type":"Feature","id":11157,"geometry":{"type":"Point","coordinates":[23.7871907,38.000841399999999]},"properties":{"FID":11157}},{"type":"Feature","id":11160,"geometry":{"type":"Point","coordinates":[23.7900867,38.0125174]},"properties":{"FID":11160}},{"type":"Feature","id":11172,"geometry":{"type":"Point","coordinates":[23.8007262,38.017527899999997]},"properties":{"FID":11172}},{"type":"Feature","id":11173,"geometry":{"type":"Point","coordinates":[23.800823699999999,38.017499399999998]},"properties":{"FID":11173}},{"type":"Feature","id":11178,"geometry":{"type":"Point","coordinates":[23.754023100000001,38.022758400000001]},"properties":{"FID":11178}},{"type":"Feature","id":11192,"geometry":{"type":"Point","coordinates":[23.820452499999998,38.078141600000002]},"properties":{"FID":11192}},{"type":"Feature","id":11196,"geometry":{"type":"Point","coordinates":[23.8194154,38.089802800000001]},"properties":{"FID":11196}},{"type":"Feature","id":11203,"geometry":{"type":"Point","coordinates":[23.817551699999999,38.087992700000001]},"properties":{"FID":11203}},{"type":"Feature","id":11205,"geometry":{"type":"Point","coordinates":[23.817512000000001,38.088129100000003]},"properties":{"FID":11205}},{"type":"Feature","id":11208,"geometry":{"type":"Point","coordinates":[23.817351800000001,38.087906500000003]},"properties":{"FID":11208}},{"type":"Feature","id":11211,"geometry":{"type":"Point","coordinates":[23.817266,38.088027699999998]},"properties":{"FID":11211}},{"type":"Feature","id":11333,"geometry":{"type":"Point","coordinates":[23.652223800000002,38.061822599999999]},"properties":{"FID":11333}},{"type":"Feature","id":11432,"geometry":{"type":"Point","coordinates":[23.758247999999998,38.089967799999997]},"properties":{"FID":11432}},{"type":"Feature","id":11433,"geometry":{"type":"Point","coordinates":[23.758554499999999,38.089838499999999]},"properties":{"FID":11433}},{"type":"Feature","id":11434,"geometry":{"type":"Point","coordinates":[23.758263299999999,38.089828099999998]},"properties":{"FID":11434}},{"type":"Feature","id":11446,"geometry":{"type":"Point","coordinates":[23.765105699999999,38.099806200000003]},"properties":{"FID":11446}},{"type":"Feature","id":11449,"geometry":{"type":"Point","coordinates":[23.7653049,38.100153900000002]},"properties":{"FID":11449}},{"type":"Feature","id":11461,"geometry":{"type":"Point","coordinates":[23.745875999999999,37.901817200000004]},"properties":{"FID":11461}},{"type":"Feature","id":11462,"geometry":{"type":"Point","coordinates":[23.733964100000001,37.9743189]},"properties":{"FID":11462}},{"type":"Feature","id":11477,"geometry":{"type":"Point","coordinates":[23.730813900000001,37.9657251]},"properties":{"FID":11477}},{"type":"Feature","id":11478,"geometry":{"type":"Point","coordinates":[23.730761399999999,37.989278599999999]},"properties":{"FID":11478}},{"type":"Feature","id":11482,"geometry":{"type":"Point","coordinates":[23.905850399999999,37.968180500000003]},"properties":{"FID":11482}},{"type":"Feature","id":11484,"geometry":{"type":"Point","coordinates":[23.752162899999998,38.0115701]},"properties":{"FID":11484}},{"type":"Feature","id":11486,"geometry":{"type":"Point","coordinates":[23.748702600000001,38.010415000000002]},"properties":{"FID":11486}},{"type":"Feature","id":11488,"geometry":{"type":"Point","coordinates":[23.8151619,37.841134400000001]},"properties":{"FID":11488}},{"type":"Feature","id":11519,"geometry":{"type":"Point","coordinates":[23.723090899999999,37.985795299999999]},"properties":{"FID":11519}},{"type":"Feature","id":11520,"geometry":{"type":"Point","coordinates":[23.691186099999999,37.976006099999999]},"properties":{"FID":11520}},{"type":"Feature","id":11533,"geometry":{"type":"Point","coordinates":[23.722016799999999,38.004274199999998]},"properties":{"FID":11533}},{"type":"Feature","id":11534,"geometry":{"type":"Point","coordinates":[23.725200999999998,37.993461500000002]},"properties":{"FID":11534}},{"type":"Feature","id":11536,"geometry":{"type":"Point","coordinates":[23.723538000000001,38.0013608]},"properties":{"FID":11536}},{"type":"Feature","id":11574,"geometry":{"type":"Point","coordinates":[23.769859499999999,38.038623700000002]},"properties":{"FID":11574}},{"type":"Feature","id":11576,"geometry":{"type":"Point","coordinates":[23.766270599999999,38.037412400000001]},"properties":{"FID":11576}},{"type":"Feature","id":11577,"geometry":{"type":"Point","coordinates":[23.7661488,38.037401799999998]},"properties":{"FID":11577}},{"type":"Feature","id":11578,"geometry":{"type":"Point","coordinates":[23.7670101,38.037014300000003]},"properties":{"FID":11578}},{"type":"Feature","id":11610,"geometry":{"type":"Point","coordinates":[23.7497057,37.966200700000002]},"properties":{"FID":11610}},{"type":"Feature","id":11612,"geometry":{"type":"Point","coordinates":[23.754650099999999,37.9701661]},"properties":{"FID":11612}},{"type":"Feature","id":11614,"geometry":{"type":"Point","coordinates":[24.009351800000001,38.017739900000002]},"properties":{"FID":11614}},{"type":"Feature","id":11615,"geometry":{"type":"Point","coordinates":[23.8219195,38.021959899999999]},"properties":{"FID":11615}},{"type":"Feature","id":11618,"geometry":{"type":"Point","coordinates":[23.844366300000001,38.029166400000001]},"properties":{"FID":11618}},{"type":"Feature","id":11621,"geometry":{"type":"Point","coordinates":[23.7581764,38.063612499999998]},"properties":{"FID":11621}},{"type":"Feature","id":11622,"geometry":{"type":"Point","coordinates":[23.7461856,37.965512599999997]},"properties":{"FID":11622}},{"type":"Feature","id":11637,"geometry":{"type":"Point","coordinates":[23.704549199999999,37.974839500000002]},"properties":{"FID":11637}},{"type":"Feature","id":11639,"geometry":{"type":"Point","coordinates":[23.705072099999999,37.9717348]},"properties":{"FID":11639}},{"type":"Feature","id":11641,"geometry":{"type":"Point","coordinates":[23.706238299999999,38.022778099999996]},"properties":{"FID":11641}},{"type":"Feature","id":11643,"geometry":{"type":"Point","coordinates":[23.695040500000001,37.971897499999997]},"properties":{"FID":11643}},{"type":"Feature","id":11644,"geometry":{"type":"Point","coordinates":[23.703603999999999,37.966411200000003]},"properties":{"FID":11644}},{"type":"Feature","id":11648,"geometry":{"type":"Point","coordinates":[23.696938100000001,37.967424700000002]},"properties":{"FID":11648}},{"type":"Feature","id":11675,"geometry":{"type":"Point","coordinates":[23.622697899999999,37.967273800000001]},"properties":{"FID":11675}},{"type":"Feature","id":11682,"geometry":{"type":"Point","coordinates":[23.642115100000002,37.991232400000001]},"properties":{"FID":11682}},{"type":"Feature","id":11684,"geometry":{"type":"Point","coordinates":[23.626037,37.975450100000003]},"properties":{"FID":11684}},{"type":"Feature","id":11698,"geometry":{"type":"Point","coordinates":[23.652472499999998,38.061616800000003]},"properties":{"FID":11698}},{"type":"Feature","id":11699,"geometry":{"type":"Point","coordinates":[23.539853399999998,38.077006300000001]},"properties":{"FID":11699}},{"type":"Feature","id":11705,"geometry":{"type":"Point","coordinates":[23.701916099999998,38.077448699999998]},"properties":{"FID":11705}},{"type":"Feature","id":11759,"geometry":{"type":"Point","coordinates":[23.739083300000001,38.070221099999998]},"properties":{"FID":11759}},{"type":"Feature","id":11771,"geometry":{"type":"Point","coordinates":[23.7459025,38.055021500000002]},"properties":{"FID":11771}},{"type":"Feature","id":11779,"geometry":{"type":"Point","coordinates":[23.9823424,38.0214778]},"properties":{"FID":11779}},{"type":"Feature","id":11781,"geometry":{"type":"Point","coordinates":[23.9736777,38.092904400000002]},"properties":{"FID":11781}},{"type":"Feature","id":11783,"geometry":{"type":"Point","coordinates":[23.7504572,38.000358300000002]},"properties":{"FID":11783}},{"type":"Feature","id":11791,"geometry":{"type":"Point","coordinates":[23.8154763,38.015778300000001]},"properties":{"FID":11791}},{"type":"Feature","id":11792,"geometry":{"type":"Point","coordinates":[23.810665499999999,38.035951699999998]},"properties":{"FID":11792}},{"type":"Feature","id":11793,"geometry":{"type":"Point","coordinates":[23.832766500000002,38.052804700000003]},"properties":{"FID":11793}},{"type":"Feature","id":11795,"geometry":{"type":"Point","coordinates":[23.748917299999999,38.014076000000003]},"properties":{"FID":11795}},{"type":"Feature","id":11800,"geometry":{"type":"Point","coordinates":[23.7649179,38.100075699999998]},"properties":{"FID":11800}},{"type":"Feature","id":11805,"geometry":{"type":"Point","coordinates":[23.739329699999999,38.016035600000002]},"properties":{"FID":11805}},{"type":"Feature","id":11808,"geometry":{"type":"Point","coordinates":[23.734887499999999,38.0056309]},"properties":{"FID":11808}},{"type":"Feature","id":11810,"geometry":{"type":"Point","coordinates":[23.811344399999999,38.054156499999998]},"properties":{"FID":11810}},{"type":"Feature","id":11811,"geometry":{"type":"Point","coordinates":[23.808758600000001,38.057600499999999]},"properties":{"FID":11811}},{"type":"Feature","id":11813,"geometry":{"type":"Point","coordinates":[23.8248912,38.098936399999999]},"properties":{"FID":11813}},{"type":"Feature","id":11815,"geometry":{"type":"Point","coordinates":[23.8498695,37.990129699999997]},"properties":{"FID":11815}},{"type":"Feature","id":11816,"geometry":{"type":"Point","coordinates":[23.8362376,38.024757700000002]},"properties":{"FID":11816}},{"type":"Feature","id":11823,"geometry":{"type":"Point","coordinates":[23.7167642,37.9940839]},"properties":{"FID":11823}},{"type":"Feature","id":11824,"geometry":{"type":"Point","coordinates":[23.717790099999998,38.024071200000002]},"properties":{"FID":11824}},{"type":"Feature","id":11825,"geometry":{"type":"Point","coordinates":[23.717872400000001,38.020269200000001]},"properties":{"FID":11825}},{"type":"Feature","id":11828,"geometry":{"type":"Point","coordinates":[23.714861800000001,37.984280200000001]},"properties":{"FID":11828}},{"type":"Feature","id":11831,"geometry":{"type":"Point","coordinates":[23.721365599999999,37.9818304]},"properties":{"FID":11831}},{"type":"Feature","id":11832,"geometry":{"type":"Point","coordinates":[23.7158917,38.043968599999999]},"properties":{"FID":11832}},{"type":"Feature","id":11833,"geometry":{"type":"Point","coordinates":[23.5673697,38.075821599999998]},"properties":{"FID":11833}},{"type":"Feature","id":11854,"geometry":{"type":"Point","coordinates":[23.7079469,37.9799109]},"properties":{"FID":11854}},{"type":"Feature","id":11861,"geometry":{"type":"Point","coordinates":[23.713343099999999,37.977234299999999]},"properties":{"FID":11861}},{"type":"Feature","id":11882,"geometry":{"type":"Point","coordinates":[23.7297552,37.985455299999998]},"properties":{"FID":11882}},{"type":"Feature","id":11887,"geometry":{"type":"Point","coordinates":[23.729396399999999,37.9901749]},"properties":{"FID":11887}},{"type":"Feature","id":11891,"geometry":{"type":"Point","coordinates":[23.722815700000002,37.939926399999997]},"properties":{"FID":11891}},{"type":"Feature","id":11892,"geometry":{"type":"Point","coordinates":[23.7215521,37.938945400000001]},"properties":{"FID":11892}},{"type":"Feature","id":11893,"geometry":{"type":"Point","coordinates":[23.721754000000001,37.939102099999999]},"properties":{"FID":11893}},{"type":"Feature","id":11903,"geometry":{"type":"Point","coordinates":[23.7075104,37.928783500000002]},"properties":{"FID":11903}},{"type":"Feature","id":11933,"geometry":{"type":"Point","coordinates":[23.709097,37.949565100000001]},"properties":{"FID":11933}},{"type":"Feature","id":11942,"geometry":{"type":"Point","coordinates":[23.710178899999999,37.963418799999999]},"properties":{"FID":11942}},{"type":"Feature","id":11944,"geometry":{"type":"Point","coordinates":[23.7093889,37.9123497]},"properties":{"FID":11944}},{"type":"Feature","id":11951,"geometry":{"type":"Point","coordinates":[23.717310699999999,37.963538499999999]},"properties":{"FID":11951}},{"type":"Feature","id":11953,"geometry":{"type":"Point","coordinates":[23.710554699999999,37.963696200000001]},"properties":{"FID":11953}},{"type":"Feature","id":11954,"geometry":{"type":"Point","coordinates":[23.737789200000002,37.908709999999999]},"properties":{"FID":11954}},{"type":"Feature","id":11956,"geometry":{"type":"Point","coordinates":[23.733348800000002,37.907336399999998]},"properties":{"FID":11956}},{"type":"Feature","id":11957,"geometry":{"type":"Point","coordinates":[23.733175500000002,37.907186299999999]},"properties":{"FID":11957}},{"type":"Feature","id":11961,"geometry":{"type":"Point","coordinates":[23.733193,37.907395899999997]},"properties":{"FID":11961}},{"type":"Feature","id":11962,"geometry":{"type":"Point","coordinates":[23.728786499999998,37.939709499999999]},"properties":{"FID":11962}},{"type":"Feature","id":11964,"geometry":{"type":"Point","coordinates":[23.7092423,37.912039800000002]},"properties":{"FID":11964}},{"type":"Feature","id":11966,"geometry":{"type":"Point","coordinates":[23.7103234,37.956224200000001]},"properties":{"FID":11966}},{"type":"Feature","id":11967,"geometry":{"type":"Point","coordinates":[23.7112698,37.956882299999997]},"properties":{"FID":11967}},{"type":"Feature","id":11970,"geometry":{"type":"Point","coordinates":[23.725995699999999,37.956235900000003]},"properties":{"FID":11970}},{"type":"Feature","id":12016,"geometry":{"type":"Point","coordinates":[23.642388700000001,37.949434799999999]},"properties":{"FID":12016}},{"type":"Feature","id":12017,"geometry":{"type":"Point","coordinates":[23.644815099999999,37.946789799999998]},"properties":{"FID":12017}},{"type":"Feature","id":12020,"geometry":{"type":"Point","coordinates":[23.6426576,37.945331000000003]},"properties":{"FID":12020}},{"type":"Feature","id":12021,"geometry":{"type":"Point","coordinates":[23.643636600000001,37.946382999999997]},"properties":{"FID":12021}},{"type":"Feature","id":12031,"geometry":{"type":"Point","coordinates":[23.6411342,37.949525299999998]},"properties":{"FID":12031}},{"type":"Feature","id":12032,"geometry":{"type":"Point","coordinates":[23.640022299999998,37.9494015]},"properties":{"FID":12032}},{"type":"Feature","id":12033,"geometry":{"type":"Point","coordinates":[23.642099699999999,37.945463400000001]},"properties":{"FID":12033}},{"type":"Feature","id":12050,"geometry":{"type":"Point","coordinates":[23.7341029,37.975034800000003]},"properties":{"FID":12050}},{"type":"Feature","id":12055,"geometry":{"type":"Point","coordinates":[23.6425351,37.937773700000001]},"properties":{"FID":12055}},{"type":"Feature","id":12127,"geometry":{"type":"Point","coordinates":[23.941552300000001,37.840919100000001]},"properties":{"FID":12127}},{"type":"Feature","id":12138,"geometry":{"type":"Point","coordinates":[23.859696499999998,38.1328411]},"properties":{"FID":12138}},{"type":"Feature","id":12139,"geometry":{"type":"Point","coordinates":[23.8584736,38.120679699999997]},"properties":{"FID":12139}},{"type":"Feature","id":12173,"geometry":{"type":"Point","coordinates":[23.643670400000001,37.967575600000004]},"properties":{"FID":12173}},{"type":"Feature","id":12187,"geometry":{"type":"Point","coordinates":[23.642229100000002,37.946577900000001]},"properties":{"FID":12187}},{"type":"Feature","id":12234,"geometry":{"type":"Point","coordinates":[23.646522000000001,37.980019200000001]},"properties":{"FID":12234}},{"type":"Feature","id":12251,"geometry":{"type":"Point","coordinates":[23.661190999999999,37.973041500000001]},"properties":{"FID":12251}},{"type":"Feature","id":12293,"geometry":{"type":"Point","coordinates":[23.638231099999999,37.965809499999999]},"properties":{"FID":12293}},{"type":"Feature","id":12322,"geometry":{"type":"Point","coordinates":[23.674662600000001,38.0066147]},"properties":{"FID":12322}},{"type":"Feature","id":12328,"geometry":{"type":"Point","coordinates":[23.662552300000002,38.012820400000003]},"properties":{"FID":12328}},{"type":"Feature","id":12331,"geometry":{"type":"Point","coordinates":[23.660801200000002,38.014597999999999]},"properties":{"FID":12331}},{"type":"Feature","id":12332,"geometry":{"type":"Point","coordinates":[23.661006400000002,38.0145962]},"properties":{"FID":12332}},{"type":"Feature","id":12337,"geometry":{"type":"Point","coordinates":[23.660898400000001,38.012864899999997]},"properties":{"FID":12337}},{"type":"Feature","id":12340,"geometry":{"type":"Point","coordinates":[23.670639399999999,38.013588200000001]},"properties":{"FID":12340}},{"type":"Feature","id":12346,"geometry":{"type":"Point","coordinates":[23.663031700000001,38.0126931]},"properties":{"FID":12346}},{"type":"Feature","id":12347,"geometry":{"type":"Point","coordinates":[23.662391800000002,38.012491400000002]},"properties":{"FID":12347}},{"type":"Feature","id":12348,"geometry":{"type":"Point","coordinates":[23.669254200000001,38.009960900000003]},"properties":{"FID":12348}},{"type":"Feature","id":12349,"geometry":{"type":"Point","coordinates":[23.666999000000001,38.011718100000003]},"properties":{"FID":12349}},{"type":"Feature","id":12361,"geometry":{"type":"Point","coordinates":[23.736812100000002,38.019456400000003]},"properties":{"FID":12361}},{"type":"Feature","id":12362,"geometry":{"type":"Point","coordinates":[23.736587199999999,38.019553299999998]},"properties":{"FID":12362}},{"type":"Feature","id":12366,"geometry":{"type":"Point","coordinates":[23.731500400000002,38.016028900000002]},"properties":{"FID":12366}},{"type":"Feature","id":12367,"geometry":{"type":"Point","coordinates":[23.735170199999999,38.010500499999999]},"properties":{"FID":12367}},{"type":"Feature","id":12368,"geometry":{"type":"Point","coordinates":[23.7353481,38.014355999999999]},"properties":{"FID":12368}},{"type":"Feature","id":12369,"geometry":{"type":"Point","coordinates":[23.735517999999999,38.018248100000001]},"properties":{"FID":12369}},{"type":"Feature","id":12374,"geometry":{"type":"Point","coordinates":[23.735123000000002,38.010251400000001]},"properties":{"FID":12374}},{"type":"Feature","id":12380,"geometry":{"type":"Point","coordinates":[23.736118900000001,38.023475400000002]},"properties":{"FID":12380}},{"type":"Feature","id":12383,"geometry":{"type":"Point","coordinates":[23.713913600000001,38.059996300000002]},"properties":{"FID":12383}},{"type":"Feature","id":12386,"geometry":{"type":"Point","coordinates":[23.7572385,38.063673399999999]},"properties":{"FID":12386}},{"type":"Feature","id":12407,"geometry":{"type":"Point","coordinates":[23.735742200000001,38.019577400000003]},"properties":{"FID":12407}},{"type":"Feature","id":12414,"geometry":{"type":"Point","coordinates":[23.744360100000002,38.038087500000003]},"properties":{"FID":12414}},{"type":"Feature","id":12450,"geometry":{"type":"Point","coordinates":[23.753457300000001,38.0556117]},"properties":{"FID":12450}},{"type":"Feature","id":12453,"geometry":{"type":"Point","coordinates":[23.747849599999999,38.031990999999998]},"properties":{"FID":12453}},{"type":"Feature","id":12456,"geometry":{"type":"Point","coordinates":[23.743431000000001,38.030740199999997]},"properties":{"FID":12456}},{"type":"Feature","id":12457,"geometry":{"type":"Point","coordinates":[23.745879299999999,38.0203919]},"properties":{"FID":12457}},{"type":"Feature","id":12466,"geometry":{"type":"Point","coordinates":[23.650956000000001,37.942119900000002]},"properties":{"FID":12466}},{"type":"Feature","id":12484,"geometry":{"type":"Point","coordinates":[23.6619466,37.964423099999998]},"properties":{"FID":12484}},{"type":"Feature","id":12493,"geometry":{"type":"Point","coordinates":[23.658305299999999,37.963605600000001]},"properties":{"FID":12493}},{"type":"Feature","id":12494,"geometry":{"type":"Point","coordinates":[23.657803399999999,37.967241700000002]},"properties":{"FID":12494}},{"type":"Feature","id":12506,"geometry":{"type":"Point","coordinates":[23.653756900000001,37.958790399999998]},"properties":{"FID":12506}},{"type":"Feature","id":12537,"geometry":{"type":"Point","coordinates":[23.639910100000002,37.957936799999999]},"properties":{"FID":12537}},{"type":"Feature","id":12541,"geometry":{"type":"Point","coordinates":[23.649699900000002,37.9560952]},"properties":{"FID":12541}},{"type":"Feature","id":12547,"geometry":{"type":"Point","coordinates":[23.682462000000001,38.0371697]},"properties":{"FID":12547}},{"type":"Feature","id":12562,"geometry":{"type":"Point","coordinates":[23.686181099999999,38.037338599999998]},"properties":{"FID":12562}},{"type":"Feature","id":12607,"geometry":{"type":"Point","coordinates":[23.736617899999999,37.983389199999998]},"properties":{"FID":12607}},{"type":"Feature","id":12609,"geometry":{"type":"Point","coordinates":[23.736951900000001,37.982974300000002]},"properties":{"FID":12609}},{"type":"Feature","id":12620,"geometry":{"type":"Point","coordinates":[23.742281299999998,37.977537900000002]},"properties":{"FID":12620}},{"type":"Feature","id":12621,"geometry":{"type":"Point","coordinates":[23.742191999999999,37.977593499999998]},"properties":{"FID":12621}},{"type":"Feature","id":12635,"geometry":{"type":"Point","coordinates":[23.748803599999999,37.965686699999999]},"properties":{"FID":12635}},{"type":"Feature","id":12636,"geometry":{"type":"Point","coordinates":[23.737144000000001,37.9781336]},"properties":{"FID":12636}},{"type":"Feature","id":12654,"geometry":{"type":"Point","coordinates":[23.885772800000002,37.955229000000003]},"properties":{"FID":12654}},{"type":"Feature","id":12656,"geometry":{"type":"Point","coordinates":[23.9830164,37.963119800000001]},"properties":{"FID":12656}},{"type":"Feature","id":12673,"geometry":{"type":"Point","coordinates":[23.635192499999999,37.957988200000003]},"properties":{"FID":12673}},{"type":"Feature","id":12688,"geometry":{"type":"Point","coordinates":[23.6359022,37.9491637]},"properties":{"FID":12688}},{"type":"Feature","id":12689,"geometry":{"type":"Point","coordinates":[23.635967399999998,37.948849000000003]},"properties":{"FID":12689}},{"type":"Feature","id":12708,"geometry":{"type":"Point","coordinates":[23.6376171,37.959758299999997]},"properties":{"FID":12708}},{"type":"Feature","id":12712,"geometry":{"type":"Point","coordinates":[23.637395900000001,37.965350200000003]},"properties":{"FID":12712}},{"type":"Feature","id":12719,"geometry":{"type":"Point","coordinates":[23.635106400000002,37.957542400000001]},"properties":{"FID":12719}},{"type":"Feature","id":12720,"geometry":{"type":"Point","coordinates":[23.6385738,37.957673800000002]},"properties":{"FID":12720}},{"type":"Feature","id":12721,"geometry":{"type":"Point","coordinates":[23.6351306,37.9543149]},"properties":{"FID":12721}},{"type":"Feature","id":12724,"geometry":{"type":"Point","coordinates":[23.638504399999999,37.949266600000001]},"properties":{"FID":12724}},{"type":"Feature","id":12725,"geometry":{"type":"Point","coordinates":[23.638897400000001,37.949405400000003]},"properties":{"FID":12725}},{"type":"Feature","id":12741,"geometry":{"type":"Point","coordinates":[23.6714597,37.944798599999999]},"properties":{"FID":12741}},{"type":"Feature","id":12745,"geometry":{"type":"Point","coordinates":[23.669243600000001,37.944803299999997]},"properties":{"FID":12745}},{"type":"Feature","id":12793,"geometry":{"type":"Point","coordinates":[23.7206279,38.014956099999999]},"properties":{"FID":12793}},{"type":"Feature","id":12794,"geometry":{"type":"Point","coordinates":[23.720536200000002,38.015051900000003]},"properties":{"FID":12794}},{"type":"Feature","id":12795,"geometry":{"type":"Point","coordinates":[23.7176866,38.027090100000002]},"properties":{"FID":12795}},{"type":"Feature","id":12831,"geometry":{"type":"Point","coordinates":[23.681329099999999,37.991419399999998]},"properties":{"FID":12831}},{"type":"Feature","id":12847,"geometry":{"type":"Point","coordinates":[23.7096333,37.978945299999999]},"properties":{"FID":12847}},{"type":"Feature","id":12889,"geometry":{"type":"Point","coordinates":[23.6918936,37.9377292]},"properties":{"FID":12889}},{"type":"Feature","id":13011,"geometry":{"type":"Point","coordinates":[23.7338448,37.990335100000003]},"properties":{"FID":13011}},{"type":"Feature","id":13015,"geometry":{"type":"Point","coordinates":[23.7340588,37.991192400000003]},"properties":{"FID":13015}},{"type":"Feature","id":13022,"geometry":{"type":"Point","coordinates":[23.766775200000001,37.993129000000003]},"properties":{"FID":13022}},{"type":"Feature","id":13023,"geometry":{"type":"Point","coordinates":[23.777815100000002,37.999182099999999]},"properties":{"FID":13023}},{"type":"Feature","id":13055,"geometry":{"type":"Point","coordinates":[23.698290499999999,37.920947400000003]},"properties":{"FID":13055}},{"type":"Feature","id":13056,"geometry":{"type":"Point","coordinates":[23.699457299999999,37.932358000000001]},"properties":{"FID":13056}},{"type":"Feature","id":13075,"geometry":{"type":"Point","coordinates":[23.694336799999999,37.944525900000002]},"properties":{"FID":13075}},{"type":"Feature","id":13124,"geometry":{"type":"Point","coordinates":[23.631175899999999,37.958032099999997]},"properties":{"FID":13124}},{"type":"Feature","id":13141,"geometry":{"type":"Point","coordinates":[23.6337951,37.954389800000001]},"properties":{"FID":13141}},{"type":"Feature","id":13156,"geometry":{"type":"Point","coordinates":[23.633779700000002,37.957283199999999]},"properties":{"FID":13156}},{"type":"Feature","id":13164,"geometry":{"type":"Point","coordinates":[23.633700600000001,37.950336399999998]},"properties":{"FID":13164}},{"type":"Feature","id":13165,"geometry":{"type":"Point","coordinates":[23.633816100000001,37.950450099999998]},"properties":{"FID":13165}},{"type":"Feature","id":13190,"geometry":{"type":"Point","coordinates":[23.760090999999999,37.9609679]},"properties":{"FID":13190}},{"type":"Feature","id":13191,"geometry":{"type":"Point","coordinates":[23.964102,38.148895600000003]},"properties":{"FID":13191}},{"type":"Feature","id":13199,"geometry":{"type":"Point","coordinates":[23.963821100000001,38.149321399999998]},"properties":{"FID":13199}},{"type":"Feature","id":13249,"geometry":{"type":"Point","coordinates":[23.7234807,37.947063399999998]},"properties":{"FID":13249}},{"type":"Feature","id":13250,"geometry":{"type":"Point","coordinates":[23.723649900000002,37.946928200000002]},"properties":{"FID":13250}},{"type":"Feature","id":13302,"geometry":{"type":"Point","coordinates":[23.739345499999999,37.948723299999997]},"properties":{"FID":13302}},{"type":"Feature","id":13308,"geometry":{"type":"Point","coordinates":[23.7542799,37.9114279]},"properties":{"FID":13308}},{"type":"Feature","id":13309,"geometry":{"type":"Point","coordinates":[23.7547088,37.9114589]},"properties":{"FID":13309}},{"type":"Feature","id":13311,"geometry":{"type":"Point","coordinates":[23.740724400000001,37.943114299999998]},"properties":{"FID":13311}},{"type":"Feature","id":13314,"geometry":{"type":"Point","coordinates":[23.744519100000002,37.915106299999998]},"properties":{"FID":13314}},{"type":"Feature","id":13315,"geometry":{"type":"Point","coordinates":[23.744689099999999,37.911901499999999]},"properties":{"FID":13315}},{"type":"Feature","id":13319,"geometry":{"type":"Point","coordinates":[23.739491099999999,37.924500000000002]},"properties":{"FID":13319}},{"type":"Feature","id":13320,"geometry":{"type":"Point","coordinates":[23.737960300000001,37.908736500000003]},"properties":{"FID":13320}},{"type":"Feature","id":13328,"geometry":{"type":"Point","coordinates":[23.753770100000001,37.906130699999999]},"properties":{"FID":13328}},{"type":"Feature","id":13329,"geometry":{"type":"Point","coordinates":[23.753580899999999,37.906097000000003]},"properties":{"FID":13329}},{"type":"Feature","id":13330,"geometry":{"type":"Point","coordinates":[23.753849299999999,37.906066799999998]},"properties":{"FID":13330}},{"type":"Feature","id":13332,"geometry":{"type":"Point","coordinates":[23.7498364,37.9115708]},"properties":{"FID":13332}},{"type":"Feature","id":13335,"geometry":{"type":"Point","coordinates":[23.752946399999999,37.907473899999999]},"properties":{"FID":13335}},{"type":"Feature","id":13338,"geometry":{"type":"Point","coordinates":[23.7582603,37.897644900000003]},"properties":{"FID":13338}},{"type":"Feature","id":13339,"geometry":{"type":"Point","coordinates":[23.756646100000001,37.900141900000001]},"properties":{"FID":13339}},{"type":"Feature","id":13341,"geometry":{"type":"Point","coordinates":[23.7442092,37.934556100000002]},"properties":{"FID":13341}},{"type":"Feature","id":13343,"geometry":{"type":"Point","coordinates":[23.750922599999999,37.924675700000002]},"properties":{"FID":13343}},{"type":"Feature","id":13344,"geometry":{"type":"Point","coordinates":[23.727081600000002,37.918896400000001]},"properties":{"FID":13344}},{"type":"Feature","id":13345,"geometry":{"type":"Point","coordinates":[23.727520200000001,37.9188233]},"properties":{"FID":13345}},{"type":"Feature","id":13358,"geometry":{"type":"Point","coordinates":[23.7390954,37.977671800000003]},"properties":{"FID":13358}},{"type":"Feature","id":13366,"geometry":{"type":"Point","coordinates":[23.7550515,37.981316]},"properties":{"FID":13366}},{"type":"Feature","id":13392,"geometry":{"type":"Point","coordinates":[23.6468256,37.9801796]},"properties":{"FID":13392}},{"type":"Feature","id":13476,"geometry":{"type":"Point","coordinates":[23.7503624,38.037796200000003]},"properties":{"FID":13476}},{"type":"Feature","id":13488,"geometry":{"type":"Point","coordinates":[23.739139399999999,38.065727199999998]},"properties":{"FID":13488}},{"type":"Feature","id":13491,"geometry":{"type":"Point","coordinates":[23.801546800000001,38.029402699999999]},"properties":{"FID":13491}},{"type":"Feature","id":13498,"geometry":{"type":"Point","coordinates":[23.8329153,38.013278999999997]},"properties":{"FID":13498}},{"type":"Feature","id":13499,"geometry":{"type":"Point","coordinates":[23.794845200000001,38.031894299999998]},"properties":{"FID":13499}},{"type":"Feature","id":13500,"geometry":{"type":"Point","coordinates":[24.003420599999998,38.018822299999997]},"properties":{"FID":13500}},{"type":"Feature","id":13518,"geometry":{"type":"Point","coordinates":[23.843654099999998,38.013695200000001]},"properties":{"FID":13518}},{"type":"Feature","id":13520,"geometry":{"type":"Point","coordinates":[23.8069937,38.024638099999997]},"properties":{"FID":13520}},{"type":"Feature","id":13524,"geometry":{"type":"Point","coordinates":[23.794276,38.022917]},"properties":{"FID":13524}},{"type":"Feature","id":13525,"geometry":{"type":"Point","coordinates":[23.79448,38.022917200000002]},"properties":{"FID":13525}},{"type":"Feature","id":13530,"geometry":{"type":"Point","coordinates":[23.817259100000001,38.030391199999997]},"properties":{"FID":13530}},{"type":"Feature","id":13546,"geometry":{"type":"Point","coordinates":[23.83605,38.020795399999997]},"properties":{"FID":13546}},{"type":"Feature","id":13562,"geometry":{"type":"Point","coordinates":[23.8076726,38.018830600000001]},"properties":{"FID":13562}},{"type":"Feature","id":13578,"geometry":{"type":"Point","coordinates":[23.8368346,38.044531499999998]},"properties":{"FID":13578}},{"type":"Feature","id":13597,"geometry":{"type":"Point","coordinates":[23.732199399999999,37.979322400000001]},"properties":{"FID":13597}},{"type":"Feature","id":13599,"geometry":{"type":"Point","coordinates":[23.767316399999999,37.988131699999997]},"properties":{"FID":13599}},{"type":"Feature","id":13638,"geometry":{"type":"Point","coordinates":[23.739124400000001,38.014369000000002]},"properties":{"FID":13638}},{"type":"Feature","id":13645,"geometry":{"type":"Point","coordinates":[23.826007100000002,38.052818000000002]},"properties":{"FID":13645}},{"type":"Feature","id":13653,"geometry":{"type":"Point","coordinates":[23.843662800000001,38.014099000000002]},"properties":{"FID":13653}},{"type":"Feature","id":13666,"geometry":{"type":"Point","coordinates":[23.823967799999998,38.041479699999996]},"properties":{"FID":13666}},{"type":"Feature","id":13723,"geometry":{"type":"Point","coordinates":[23.7261545,37.928512599999998]},"properties":{"FID":13723}},{"type":"Feature","id":13746,"geometry":{"type":"Point","coordinates":[23.725816099999999,37.927125500000002]},"properties":{"FID":13746}},{"type":"Feature","id":13747,"geometry":{"type":"Point","coordinates":[23.7257234,37.926862700000001]},"properties":{"FID":13747}},{"type":"Feature","id":13790,"geometry":{"type":"Point","coordinates":[23.700116300000001,38.005723799999998]},"properties":{"FID":13790}},{"type":"Feature","id":13821,"geometry":{"type":"Point","coordinates":[23.6525739,38.005865499999999]},"properties":{"FID":13821}},{"type":"Feature","id":13822,"geometry":{"type":"Point","coordinates":[23.652040899999999,38.00694]},"properties":{"FID":13822}},{"type":"Feature","id":13823,"geometry":{"type":"Point","coordinates":[23.652183600000001,38.006698499999999]},"properties":{"FID":13823}},{"type":"Feature","id":13828,"geometry":{"type":"Point","coordinates":[23.6639108,38.003529200000003]},"properties":{"FID":13828}},{"type":"Feature","id":13831,"geometry":{"type":"Point","coordinates":[23.643039099999999,37.995386099999997]},"properties":{"FID":13831}},{"type":"Feature","id":13832,"geometry":{"type":"Point","coordinates":[23.648173199999999,37.969976199999998]},"properties":{"FID":13832}},{"type":"Feature","id":13857,"geometry":{"type":"Point","coordinates":[23.735885,37.999871300000002]},"properties":{"FID":13857}},{"type":"Feature","id":13864,"geometry":{"type":"Point","coordinates":[23.719601399999998,37.987710700000001]},"properties":{"FID":13864}},{"type":"Feature","id":13865,"geometry":{"type":"Point","coordinates":[23.719386700000001,37.9877921]},"properties":{"FID":13865}},{"type":"Feature","id":13875,"geometry":{"type":"Point","coordinates":[23.7380943,37.998360900000002]},"properties":{"FID":13875}},{"type":"Feature","id":13876,"geometry":{"type":"Point","coordinates":[23.738745600000001,37.999424300000001]},"properties":{"FID":13876}},{"type":"Feature","id":13883,"geometry":{"type":"Point","coordinates":[23.716633300000002,37.993928599999997]},"properties":{"FID":13883}},{"type":"Feature","id":13885,"geometry":{"type":"Point","coordinates":[23.727542,37.987417899999997]},"properties":{"FID":13885}},{"type":"Feature","id":13887,"geometry":{"type":"Point","coordinates":[23.7300012,37.987035900000002]},"properties":{"FID":13887}},{"type":"Feature","id":13914,"geometry":{"type":"Point","coordinates":[23.779801599999999,38.010138300000001]},"properties":{"FID":13914}},{"type":"Feature","id":13930,"geometry":{"type":"Point","coordinates":[23.784743899999999,38.070720000000001]},"properties":{"FID":13930}},{"type":"Feature","id":13938,"geometry":{"type":"Point","coordinates":[23.782763299999999,37.983831500000001]},"properties":{"FID":13938}},{"type":"Feature","id":13939,"geometry":{"type":"Point","coordinates":[23.771194000000001,37.9908061]},"properties":{"FID":13939}},{"type":"Feature","id":13940,"geometry":{"type":"Point","coordinates":[23.7659272,37.991409500000003]},"properties":{"FID":13940}},{"type":"Feature","id":13941,"geometry":{"type":"Point","coordinates":[23.772839099999999,37.977158000000003]},"properties":{"FID":13941}},{"type":"Feature","id":13954,"geometry":{"type":"Point","coordinates":[23.524748500000001,38.075478599999997]},"properties":{"FID":13954}},{"type":"Feature","id":13971,"geometry":{"type":"Point","coordinates":[23.528901699999999,38.0739643]},"properties":{"FID":13971}},{"type":"Feature","id":13992,"geometry":{"type":"Point","coordinates":[23.641144199999999,38.0640839]},"properties":{"FID":13992}},{"type":"Feature","id":14012,"geometry":{"type":"Point","coordinates":[23.5167176,38.060042199999998]},"properties":{"FID":14012}},{"type":"Feature","id":14013,"geometry":{"type":"Point","coordinates":[23.514338500000001,38.063289900000001]},"properties":{"FID":14013}},{"type":"Feature","id":14021,"geometry":{"type":"Point","coordinates":[23.508051399999999,38.0756449]},"properties":{"FID":14021}},{"type":"Feature","id":14022,"geometry":{"type":"Point","coordinates":[23.5085023,38.075391000000003]},"properties":{"FID":14022}},{"type":"Feature","id":14027,"geometry":{"type":"Point","coordinates":[23.508135100000001,38.075676000000001]},"properties":{"FID":14027}},{"type":"Feature","id":14028,"geometry":{"type":"Point","coordinates":[23.508486000000001,38.075572999999999]},"properties":{"FID":14028}},{"type":"Feature","id":14038,"geometry":{"type":"Point","coordinates":[23.640888,38.063893899999997]},"properties":{"FID":14038}},{"type":"Feature","id":14039,"geometry":{"type":"Point","coordinates":[23.651980999999999,38.061639300000003]},"properties":{"FID":14039}},{"type":"Feature","id":14040,"geometry":{"type":"Point","coordinates":[23.618032800000002,38.068353000000002]},"properties":{"FID":14040}},{"type":"Feature","id":14072,"geometry":{"type":"Point","coordinates":[23.597152900000001,38.030421699999998]},"properties":{"FID":14072}},{"type":"Feature","id":14074,"geometry":{"type":"Point","coordinates":[23.548169399999999,38.0461539]},"properties":{"FID":14074}},{"type":"Feature","id":14076,"geometry":{"type":"Point","coordinates":[23.548046500000002,38.045963399999998]},"properties":{"FID":14076}},{"type":"Feature","id":14077,"geometry":{"type":"Point","coordinates":[23.5485267,38.046106000000002]},"properties":{"FID":14077}},{"type":"Feature","id":14100,"geometry":{"type":"Point","coordinates":[23.6432036,38.011036900000001]},"properties":{"FID":14100}},{"type":"Feature","id":14114,"geometry":{"type":"Point","coordinates":[23.656589100000001,38.012272299999999]},"properties":{"FID":14114}},{"type":"Feature","id":14116,"geometry":{"type":"Point","coordinates":[23.584771,38.0427119]},"properties":{"FID":14116}},{"type":"Feature","id":14133,"geometry":{"type":"Point","coordinates":[23.768178299999999,38.0349523]},"properties":{"FID":14133}},{"type":"Feature","id":14198,"geometry":{"type":"Point","coordinates":[23.7151906,37.947512099999997]},"properties":{"FID":14198}},{"type":"Feature","id":14223,"geometry":{"type":"Point","coordinates":[23.722983200000002,37.946563500000003]},"properties":{"FID":14223}},{"type":"Feature","id":14272,"geometry":{"type":"Point","coordinates":[23.743656099999999,37.9868308]},"properties":{"FID":14272}},{"type":"Feature","id":14284,"geometry":{"type":"Point","coordinates":[23.744040399999999,37.996236799999998]},"properties":{"FID":14284}},{"type":"Feature","id":14285,"geometry":{"type":"Point","coordinates":[23.763232800000001,37.986108199999997]},"properties":{"FID":14285}},{"type":"Feature","id":14297,"geometry":{"type":"Point","coordinates":[23.619640100000002,37.9696906]},"properties":{"FID":14297}},{"type":"Feature","id":14299,"geometry":{"type":"Point","coordinates":[23.610739800000001,37.962031000000003]},"properties":{"FID":14299}},{"type":"Feature","id":14300,"geometry":{"type":"Point","coordinates":[23.611629199999999,37.961590299999997]},"properties":{"FID":14300}},{"type":"Feature","id":14301,"geometry":{"type":"Point","coordinates":[23.600410199999999,37.9621742]},"properties":{"FID":14301}},{"type":"Feature","id":14304,"geometry":{"type":"Point","coordinates":[23.5834738,37.962815800000001]},"properties":{"FID":14304}},{"type":"Feature","id":14346,"geometry":{"type":"Point","coordinates":[23.61504,37.958367299999999]},"properties":{"FID":14346}},{"type":"Feature","id":14347,"geometry":{"type":"Point","coordinates":[23.613404500000001,37.964255999999999]},"properties":{"FID":14347}},{"type":"Feature","id":14348,"geometry":{"type":"Point","coordinates":[23.613643199999999,37.964297199999997]},"properties":{"FID":14348}},{"type":"Feature","id":14350,"geometry":{"type":"Point","coordinates":[23.582124700000001,37.962553399999997]},"properties":{"FID":14350}},{"type":"Feature","id":14351,"geometry":{"type":"Point","coordinates":[23.583328099999999,37.962948599999997]},"properties":{"FID":14351}},{"type":"Feature","id":14352,"geometry":{"type":"Point","coordinates":[23.561792000000001,37.9638019]},"properties":{"FID":14352}},{"type":"Feature","id":14353,"geometry":{"type":"Point","coordinates":[23.562201600000002,37.963825]},"properties":{"FID":14353}},{"type":"Feature","id":14354,"geometry":{"type":"Point","coordinates":[23.562052900000001,37.963936699999998]},"properties":{"FID":14354}},{"type":"Feature","id":14356,"geometry":{"type":"Point","coordinates":[23.593843499999998,37.962498699999998]},"properties":{"FID":14356}},{"type":"Feature","id":14357,"geometry":{"type":"Point","coordinates":[23.593798,37.962309300000001]},"properties":{"FID":14357}},{"type":"Feature","id":14360,"geometry":{"type":"Point","coordinates":[23.597529099999999,37.962095900000001]},"properties":{"FID":14360}},{"type":"Feature","id":14364,"geometry":{"type":"Point","coordinates":[23.606352000000001,37.9624436]},"properties":{"FID":14364}},{"type":"Feature","id":14370,"geometry":{"type":"Point","coordinates":[23.614809099999999,37.958413100000001]},"properties":{"FID":14370}},{"type":"Feature","id":14395,"geometry":{"type":"Point","coordinates":[23.744640199999999,37.964250900000003]},"properties":{"FID":14395}},{"type":"Feature","id":14417,"geometry":{"type":"Point","coordinates":[23.7446284,37.930174399999999]},"properties":{"FID":14417}},{"type":"Feature","id":14418,"geometry":{"type":"Point","coordinates":[23.7438702,37.934627999999996]},"properties":{"FID":14418}},{"type":"Feature","id":14419,"geometry":{"type":"Point","coordinates":[23.759069,37.9367582]},"properties":{"FID":14419}},{"type":"Feature","id":14420,"geometry":{"type":"Point","coordinates":[23.751179400000002,37.924713699999998]},"properties":{"FID":14420}},{"type":"Feature","id":14432,"geometry":{"type":"Point","coordinates":[23.657216099999999,37.949532699999999]},"properties":{"FID":14432}},{"type":"Feature","id":14443,"geometry":{"type":"Point","coordinates":[23.663471900000001,37.949938699999997]},"properties":{"FID":14443}},{"type":"Feature","id":14444,"geometry":{"type":"Point","coordinates":[23.663885700000002,37.950068000000002]},"properties":{"FID":14444}},{"type":"Feature","id":14494,"geometry":{"type":"Point","coordinates":[23.7369047,37.949474799999997]},"properties":{"FID":14494}},{"type":"Feature","id":14496,"geometry":{"type":"Point","coordinates":[23.730799600000001,37.946083700000003]},"properties":{"FID":14496}},{"type":"Feature","id":14502,"geometry":{"type":"Point","coordinates":[23.733055799999999,37.942973700000003]},"properties":{"FID":14502}},{"type":"Feature","id":14528,"geometry":{"type":"Point","coordinates":[23.739086499999999,37.949755600000003]},"properties":{"FID":14528}},{"type":"Feature","id":14540,"geometry":{"type":"Point","coordinates":[23.765212699999999,37.945362899999999]},"properties":{"FID":14540}},{"type":"Feature","id":14543,"geometry":{"type":"Point","coordinates":[23.75919,37.9461528]},"properties":{"FID":14543}},{"type":"Feature","id":14561,"geometry":{"type":"Point","coordinates":[23.7807134,37.982687800000001]},"properties":{"FID":14561}},{"type":"Feature","id":14562,"geometry":{"type":"Point","coordinates":[23.783076900000001,37.984080900000002]},"properties":{"FID":14562}},{"type":"Feature","id":14564,"geometry":{"type":"Point","coordinates":[23.849758699999999,37.992933000000001]},"properties":{"FID":14564}},{"type":"Feature","id":14567,"geometry":{"type":"Point","coordinates":[23.853375400000001,37.966379099999997]},"properties":{"FID":14567}},{"type":"Feature","id":14568,"geometry":{"type":"Point","coordinates":[23.851750899999999,37.982352499999998]},"properties":{"FID":14568}},{"type":"Feature","id":14569,"geometry":{"type":"Point","coordinates":[23.850725300000001,37.9860343]},"properties":{"FID":14569}},{"type":"Feature","id":14571,"geometry":{"type":"Point","coordinates":[23.774813900000002,37.955808900000001]},"properties":{"FID":14571}},{"type":"Feature","id":14586,"geometry":{"type":"Point","coordinates":[23.7575453,37.979545399999999]},"properties":{"FID":14586}},{"type":"Feature","id":14587,"geometry":{"type":"Point","coordinates":[23.758348399999999,37.980007200000003]},"properties":{"FID":14587}},{"type":"Feature","id":14588,"geometry":{"type":"Point","coordinates":[23.758248300000002,37.980029899999998]},"properties":{"FID":14588}},{"type":"Feature","id":14612,"geometry":{"type":"Point","coordinates":[23.713992000000001,38.015170400000002]},"properties":{"FID":14612}},{"type":"Feature","id":14647,"geometry":{"type":"Point","coordinates":[23.746433700000001,37.947033500000003]},"properties":{"FID":14647}},{"type":"Feature","id":14651,"geometry":{"type":"Point","coordinates":[23.7402096,37.941898600000002]},"properties":{"FID":14651}},{"type":"Feature","id":14653,"geometry":{"type":"Point","coordinates":[23.738308,37.948852899999999]},"properties":{"FID":14653}},{"type":"Feature","id":14665,"geometry":{"type":"Point","coordinates":[23.784192999999998,37.998874499999999]},"properties":{"FID":14665}},{"type":"Feature","id":14666,"geometry":{"type":"Point","coordinates":[23.806192899999999,38.009209800000001]},"properties":{"FID":14666}},{"type":"Feature","id":14679,"geometry":{"type":"Point","coordinates":[23.830212599999999,38.039735200000003]},"properties":{"FID":14679}},{"type":"Feature","id":14681,"geometry":{"type":"Point","coordinates":[23.821466000000001,38.033029300000003]},"properties":{"FID":14681}},{"type":"Feature","id":14682,"geometry":{"type":"Point","coordinates":[23.826840099999998,38.037314799999997]},"properties":{"FID":14682}},{"type":"Feature","id":14684,"geometry":{"type":"Point","coordinates":[23.821142699999999,38.032847099999998]},"properties":{"FID":14684}},{"type":"Feature","id":14685,"geometry":{"type":"Point","coordinates":[23.8396781,38.046518499999998]},"properties":{"FID":14685}},{"type":"Feature","id":14687,"geometry":{"type":"Point","coordinates":[23.811439100000001,38.026691100000001]},"properties":{"FID":14687}},{"type":"Feature","id":14689,"geometry":{"type":"Point","coordinates":[23.823590599999999,38.034581000000003]},"properties":{"FID":14689}},{"type":"Feature","id":14694,"geometry":{"type":"Point","coordinates":[23.834218199999999,38.042721499999999]},"properties":{"FID":14694}},{"type":"Feature","id":14696,"geometry":{"type":"Point","coordinates":[23.836764200000001,38.044674899999997]},"properties":{"FID":14696}},{"type":"Feature","id":14725,"geometry":{"type":"Point","coordinates":[23.853784099999999,38.006301399999998]},"properties":{"FID":14725}},{"type":"Feature","id":14756,"geometry":{"type":"Point","coordinates":[23.768813000000002,37.9979011]},"properties":{"FID":14756}},{"type":"Feature","id":14757,"geometry":{"type":"Point","coordinates":[23.8460672,38.031670300000002]},"properties":{"FID":14757}},{"type":"Feature","id":14758,"geometry":{"type":"Point","coordinates":[23.859403799999999,38.027740899999998]},"properties":{"FID":14758}},{"type":"Feature","id":14759,"geometry":{"type":"Point","coordinates":[23.738867899999999,37.985801799999997]},"properties":{"FID":14759}},{"type":"Feature","id":14761,"geometry":{"type":"Point","coordinates":[23.7360629,37.983007000000001]},"properties":{"FID":14761}},{"type":"Feature","id":14762,"geometry":{"type":"Point","coordinates":[23.737278400000001,37.9813452]},"properties":{"FID":14762}},{"type":"Feature","id":14788,"geometry":{"type":"Point","coordinates":[23.753090100000001,38.013083799999997]},"properties":{"FID":14788}},{"type":"Feature","id":14807,"geometry":{"type":"Point","coordinates":[23.739051100000001,37.999708800000001]},"properties":{"FID":14807}},{"type":"Feature","id":14808,"geometry":{"type":"Point","coordinates":[23.739106199999998,37.9996984]},"properties":{"FID":14808}},{"type":"Feature","id":14814,"geometry":{"type":"Point","coordinates":[23.728542900000001,37.933834400000002]},"properties":{"FID":14814}},{"type":"Feature","id":14976,"geometry":{"type":"Point","coordinates":[23.757570900000001,37.979672200000003]},"properties":{"FID":14976}},{"type":"Feature","id":14978,"geometry":{"type":"Point","coordinates":[23.755425800000001,37.987553599999998]},"properties":{"FID":14978}},{"type":"Feature","id":14979,"geometry":{"type":"Point","coordinates":[23.7558024,37.987602500000001]},"properties":{"FID":14979}},{"type":"Feature","id":15015,"geometry":{"type":"Point","coordinates":[23.763458199999999,37.9987961]},"properties":{"FID":15015}},{"type":"Feature","id":15017,"geometry":{"type":"Point","coordinates":[23.7628731,37.9930162]},"properties":{"FID":15017}},{"type":"Feature","id":15029,"geometry":{"type":"Point","coordinates":[23.717764899999999,37.989144500000002]},"properties":{"FID":15029}},{"type":"Feature","id":15033,"geometry":{"type":"Point","coordinates":[23.722224300000001,37.995621]},"properties":{"FID":15033}},{"type":"Feature","id":15052,"geometry":{"type":"Point","coordinates":[23.746138599999998,38.055029900000001]},"properties":{"FID":15052}},{"type":"Feature","id":15077,"geometry":{"type":"Point","coordinates":[23.7459092,38.020253500000003]},"properties":{"FID":15077}},{"type":"Feature","id":15084,"geometry":{"type":"Point","coordinates":[23.883185099999999,38.101724599999997]},"properties":{"FID":15084}},{"type":"Feature","id":15098,"geometry":{"type":"Point","coordinates":[23.8836111,38.101645900000001]},"properties":{"FID":15098}},{"type":"Feature","id":15099,"geometry":{"type":"Point","coordinates":[23.883454700000001,38.1018021]},"properties":{"FID":15099}},{"type":"Feature","id":15133,"geometry":{"type":"Point","coordinates":[23.809552700000001,38.087408600000003]},"properties":{"FID":15133}},{"type":"Feature","id":15137,"geometry":{"type":"Point","coordinates":[23.821171799999998,38.076020900000003]},"properties":{"FID":15137}},{"type":"Feature","id":15139,"geometry":{"type":"Point","coordinates":[23.8122267,38.075007100000001]},"properties":{"FID":15139}},{"type":"Feature","id":15169,"geometry":{"type":"Point","coordinates":[23.8596474,38.1326033]},"properties":{"FID":15169}},{"type":"Feature","id":15180,"geometry":{"type":"Point","coordinates":[23.7766755,38.095347599999997]},"properties":{"FID":15180}},{"type":"Feature","id":15238,"geometry":{"type":"Point","coordinates":[23.641613599999999,37.982334100000003]},"properties":{"FID":15238}},{"type":"Feature","id":15239,"geometry":{"type":"Point","coordinates":[23.641654899999999,37.982604100000003]},"properties":{"FID":15239}},{"type":"Feature","id":15303,"geometry":{"type":"Point","coordinates":[23.700321200000001,38.029770599999999]},"properties":{"FID":15303}},{"type":"Feature","id":15318,"geometry":{"type":"Point","coordinates":[23.6766255,38.068226199999998]},"properties":{"FID":15318}},{"type":"Feature","id":15335,"geometry":{"type":"Point","coordinates":[23.801936900000001,38.007611199999999]},"properties":{"FID":15335}},{"type":"Feature","id":15338,"geometry":{"type":"Point","coordinates":[23.802960800000001,38.008003700000003]},"properties":{"FID":15338}},{"type":"Feature","id":15340,"geometry":{"type":"Point","coordinates":[23.801642900000001,38.007252399999999]},"properties":{"FID":15340}},{"type":"Feature","id":15360,"geometry":{"type":"Point","coordinates":[23.806421700000001,38.024552100000001]},"properties":{"FID":15360}},{"type":"Feature","id":15363,"geometry":{"type":"Point","coordinates":[23.797137299999999,38.021872500000001]},"properties":{"FID":15363}},{"type":"Feature","id":15364,"geometry":{"type":"Point","coordinates":[23.8009348,38.017746500000001]},"properties":{"FID":15364}},{"type":"Feature","id":15365,"geometry":{"type":"Point","coordinates":[23.810292400000002,38.019652999999998]},"properties":{"FID":15365}},{"type":"Feature","id":15366,"geometry":{"type":"Point","coordinates":[23.806531400000001,38.024478600000002]},"properties":{"FID":15366}},{"type":"Feature","id":15367,"geometry":{"type":"Point","coordinates":[23.806559499999999,38.024538700000001]},"properties":{"FID":15367}},{"type":"Feature","id":15375,"geometry":{"type":"Point","coordinates":[23.793562999999999,38.059245400000002]},"properties":{"FID":15375}},{"type":"Feature","id":15386,"geometry":{"type":"Point","coordinates":[23.775632300000002,38.0045492]},"properties":{"FID":15386}},{"type":"Feature","id":15389,"geometry":{"type":"Point","coordinates":[23.7753917,38.0051366]},"properties":{"FID":15389}},{"type":"Feature","id":15427,"geometry":{"type":"Point","coordinates":[23.792064199999999,38.022313699999998]},"properties":{"FID":15427}},{"type":"Feature","id":15432,"geometry":{"type":"Point","coordinates":[23.7412101,37.9102289]},"properties":{"FID":15432}},{"type":"Feature","id":15455,"geometry":{"type":"Point","coordinates":[23.7410128,37.910332199999999]},"properties":{"FID":15455}},{"type":"Feature","id":15480,"geometry":{"type":"Point","coordinates":[23.747212600000001,37.894485199999998]},"properties":{"FID":15480}},{"type":"Feature","id":15484,"geometry":{"type":"Point","coordinates":[23.745934599999998,37.906067899999996]},"properties":{"FID":15484}},{"type":"Feature","id":15509,"geometry":{"type":"Point","coordinates":[23.757447200000001,37.987174899999999]},"properties":{"FID":15509}},{"type":"Feature","id":15536,"geometry":{"type":"Point","coordinates":[23.746878899999999,37.987888300000002]},"properties":{"FID":15536}},{"type":"Feature","id":15559,"geometry":{"type":"Point","coordinates":[23.738479900000002,37.949819499999997]},"properties":{"FID":15559}},{"type":"Feature","id":15560,"geometry":{"type":"Point","coordinates":[23.7382743,37.949934200000001]},"properties":{"FID":15560}},{"type":"Feature","id":15577,"geometry":{"type":"Point","coordinates":[23.733274099999999,37.943545299999997]},"properties":{"FID":15577}},{"type":"Feature","id":15578,"geometry":{"type":"Point","coordinates":[23.740410199999999,37.940823000000002]},"properties":{"FID":15578}},{"type":"Feature","id":15609,"geometry":{"type":"Point","coordinates":[23.733151100000001,37.970826099999996]},"properties":{"FID":15609}},{"type":"Feature","id":15621,"geometry":{"type":"Point","coordinates":[23.7502976,38.0378398]},"properties":{"FID":15621}},{"type":"Feature","id":15731,"geometry":{"type":"Point","coordinates":[23.613513999999999,38.075441599999998]},"properties":{"FID":15731}},{"type":"Feature","id":15758,"geometry":{"type":"Point","coordinates":[23.6653612,37.998784999999998]},"properties":{"FID":15758}},{"type":"Feature","id":15764,"geometry":{"type":"Point","coordinates":[23.666921899999998,37.990420800000003]},"properties":{"FID":15764}},{"type":"Feature","id":15765,"geometry":{"type":"Point","coordinates":[23.662161099999999,37.9887923]},"properties":{"FID":15765}},{"type":"Feature","id":15785,"geometry":{"type":"Point","coordinates":[23.622196599999999,38.067618500000002]},"properties":{"FID":15785}},{"type":"Feature","id":15896,"geometry":{"type":"Point","coordinates":[23.746813199999998,37.894533199999998]},"properties":{"FID":15896}},{"type":"Feature","id":15907,"geometry":{"type":"Point","coordinates":[23.781847200000001,37.812871700000002]},"properties":{"FID":15907}},{"type":"Feature","id":15908,"geometry":{"type":"Point","coordinates":[23.7787389,37.815234799999999]},"properties":{"FID":15908}},{"type":"Feature","id":15909,"geometry":{"type":"Point","coordinates":[23.782114700000001,37.812591099999999]},"properties":{"FID":15909}},{"type":"Feature","id":15910,"geometry":{"type":"Point","coordinates":[23.7628655,37.838722699999998]},"properties":{"FID":15910}},{"type":"Feature","id":15917,"geometry":{"type":"Point","coordinates":[23.8221405,37.814414200000002]},"properties":{"FID":15917}},{"type":"Feature","id":15919,"geometry":{"type":"Point","coordinates":[23.764401800000002,37.837456600000003]},"properties":{"FID":15919}},{"type":"Feature","id":15924,"geometry":{"type":"Point","coordinates":[23.7396785,38.036414999999998]},"properties":{"FID":15924}},{"type":"Feature","id":15954,"geometry":{"type":"Point","coordinates":[23.7151551,37.991039899999997]},"properties":{"FID":15954}},{"type":"Feature","id":15955,"geometry":{"type":"Point","coordinates":[23.716732100000002,37.990611700000002]},"properties":{"FID":15955}},{"type":"Feature","id":15962,"geometry":{"type":"Point","coordinates":[23.7206261,37.985211999999997]},"properties":{"FID":15962}},{"type":"Feature","id":16024,"geometry":{"type":"Point","coordinates":[23.695410599999999,38.024804799999998]},"properties":{"FID":16024}},{"type":"Feature","id":16025,"geometry":{"type":"Point","coordinates":[23.694505199999998,38.022272200000003]},"properties":{"FID":16025}},{"type":"Feature","id":16026,"geometry":{"type":"Point","coordinates":[23.694349200000001,38.022339700000003]},"properties":{"FID":16026}},{"type":"Feature","id":16039,"geometry":{"type":"Point","coordinates":[23.6964863,38.012338999999997]},"properties":{"FID":16039}},{"type":"Feature","id":16049,"geometry":{"type":"Point","coordinates":[23.692410299999999,38.029329799999999]},"properties":{"FID":16049}},{"type":"Feature","id":16050,"geometry":{"type":"Point","coordinates":[23.695207,38.029311499999999]},"properties":{"FID":16050}},{"type":"Feature","id":16059,"geometry":{"type":"Point","coordinates":[23.6817508,38.026471200000003]},"properties":{"FID":16059}},{"type":"Feature","id":16065,"geometry":{"type":"Point","coordinates":[23.705945499999999,38.017670899999999]},"properties":{"FID":16065}},{"type":"Feature","id":16070,"geometry":{"type":"Point","coordinates":[23.6931181,38.019606400000001]},"properties":{"FID":16070}},{"type":"Feature","id":16071,"geometry":{"type":"Point","coordinates":[23.687193199999999,38.014141000000002]},"properties":{"FID":16071}},{"type":"Feature","id":16082,"geometry":{"type":"Point","coordinates":[23.688761499999998,38.016795500000001]},"properties":{"FID":16082}},{"type":"Feature","id":16098,"geometry":{"type":"Point","coordinates":[23.490493000000001,38.0304243]},"properties":{"FID":16098}},{"type":"Feature","id":16099,"geometry":{"type":"Point","coordinates":[23.4904099,38.030284700000003]},"properties":{"FID":16099}},{"type":"Feature","id":16159,"geometry":{"type":"Point","coordinates":[23.519166500000001,38.056617600000003]},"properties":{"FID":16159}},{"type":"Feature","id":16179,"geometry":{"type":"Point","coordinates":[23.769329800000001,37.952966099999998]},"properties":{"FID":16179}},{"type":"Feature","id":16238,"geometry":{"type":"Point","coordinates":[23.952969,37.8307468]},"properties":{"FID":16238}},{"type":"Feature","id":16249,"geometry":{"type":"Point","coordinates":[23.856685299999999,37.9587936]},"properties":{"FID":16249}},{"type":"Feature","id":16259,"geometry":{"type":"Point","coordinates":[23.8947821,37.903624800000003]},"properties":{"FID":16259}},{"type":"Feature","id":16277,"geometry":{"type":"Point","coordinates":[23.941578100000001,37.840759900000002]},"properties":{"FID":16277}},{"type":"Feature","id":16278,"geometry":{"type":"Point","coordinates":[23.8438737,37.816385500000003]},"properties":{"FID":16278}},{"type":"Feature","id":16285,"geometry":{"type":"Point","coordinates":[23.771664399999999,37.841647700000003]},"properties":{"FID":16285}},{"type":"Feature","id":16287,"geometry":{"type":"Point","coordinates":[23.7715532,37.841488099999999]},"properties":{"FID":16287}},{"type":"Feature","id":16306,"geometry":{"type":"Point","coordinates":[23.767112600000001,37.8540037]},"properties":{"FID":16306}},{"type":"Feature","id":16322,"geometry":{"type":"Point","coordinates":[23.778854899999999,37.815057099999997]},"properties":{"FID":16322}},{"type":"Feature","id":16323,"geometry":{"type":"Point","coordinates":[23.778920100000001,37.8149734]},"properties":{"FID":16323}},{"type":"Feature","id":16476,"geometry":{"type":"Point","coordinates":[23.719238099999998,37.956049100000001]},"properties":{"FID":16476}},{"type":"Feature","id":16483,"geometry":{"type":"Point","coordinates":[23.721501799999999,37.952245099999999]},"properties":{"FID":16483}},{"type":"Feature","id":16484,"geometry":{"type":"Point","coordinates":[23.721377499999999,37.952317800000003]},"properties":{"FID":16484}},{"type":"Feature","id":16505,"geometry":{"type":"Point","coordinates":[23.763304699999999,37.860794400000003]},"properties":{"FID":16505}},{"type":"Feature","id":16533,"geometry":{"type":"Point","coordinates":[23.764158999999999,37.874539599999999]},"properties":{"FID":16533}},{"type":"Feature","id":16537,"geometry":{"type":"Point","coordinates":[23.7629242,37.861155400000001]},"properties":{"FID":16537}},{"type":"Feature","id":16539,"geometry":{"type":"Point","coordinates":[23.769109,37.862869699999997]},"properties":{"FID":16539}},{"type":"Feature","id":16541,"geometry":{"type":"Point","coordinates":[23.878933799999999,37.8862156]},"properties":{"FID":16541}},{"type":"Feature","id":16587,"geometry":{"type":"Point","coordinates":[23.726226499999999,37.928509699999999]},"properties":{"FID":16587}},{"type":"Feature","id":16590,"geometry":{"type":"Point","coordinates":[23.725581399999999,37.926867600000001]},"properties":{"FID":16590}},{"type":"Feature","id":16602,"geometry":{"type":"Point","coordinates":[23.7475554,37.928867099999998]},"properties":{"FID":16602}},{"type":"Feature","id":16648,"geometry":{"type":"Point","coordinates":[23.7594694,37.869669500000001]},"properties":{"FID":16648}},{"type":"Feature","id":16699,"geometry":{"type":"Point","coordinates":[23.753734300000001,37.8477186]},"properties":{"FID":16699}},{"type":"Feature","id":16700,"geometry":{"type":"Point","coordinates":[23.753745299999999,37.8476821]},"properties":{"FID":16700}},{"type":"Feature","id":16701,"geometry":{"type":"Point","coordinates":[23.753742299999999,37.847548199999999]},"properties":{"FID":16701}},{"type":"Feature","id":16704,"geometry":{"type":"Point","coordinates":[23.756644600000001,37.875702199999999]},"properties":{"FID":16704}},{"type":"Feature","id":16706,"geometry":{"type":"Point","coordinates":[23.746520499999999,37.863267399999998]},"properties":{"FID":16706}},{"type":"Feature","id":16708,"geometry":{"type":"Point","coordinates":[23.750523300000001,37.860782899999997]},"properties":{"FID":16708}},{"type":"Feature","id":16710,"geometry":{"type":"Point","coordinates":[23.751997599999999,37.862393900000001]},"properties":{"FID":16710}},{"type":"Feature","id":16748,"geometry":{"type":"Point","coordinates":[23.725667399999999,38.0844551]},"properties":{"FID":16748}},{"type":"Feature","id":16750,"geometry":{"type":"Point","coordinates":[23.730359199999999,38.079439499999999]},"properties":{"FID":16750}},{"type":"Feature","id":16752,"geometry":{"type":"Point","coordinates":[23.725762599999999,38.084482600000001]},"properties":{"FID":16752}},{"type":"Feature","id":16804,"geometry":{"type":"Point","coordinates":[23.753953200000002,37.869706800000003]},"properties":{"FID":16804}},{"type":"Feature","id":16812,"geometry":{"type":"Point","coordinates":[23.755279600000001,37.919447400000003]},"properties":{"FID":16812}},{"type":"Feature","id":16817,"geometry":{"type":"Point","coordinates":[23.755429299999999,37.919813099999999]},"properties":{"FID":16817}},{"type":"Feature","id":16842,"geometry":{"type":"Point","coordinates":[23.812022299999999,38.0726406]},"properties":{"FID":16842}},{"type":"Feature","id":16864,"geometry":{"type":"Point","coordinates":[23.821374200000001,38.075224300000002]},"properties":{"FID":16864}},{"type":"Feature","id":16879,"geometry":{"type":"Point","coordinates":[23.859442300000001,38.131675399999999]},"properties":{"FID":16879}},{"type":"Feature","id":16907,"geometry":{"type":"Point","coordinates":[23.7107636,38.031667800000001]},"properties":{"FID":16907}},{"type":"Feature","id":16912,"geometry":{"type":"Point","coordinates":[23.710752599999999,38.043011900000003]},"properties":{"FID":16912}},{"type":"Feature","id":16914,"geometry":{"type":"Point","coordinates":[23.707091900000002,38.039886199999998]},"properties":{"FID":16914}},{"type":"Feature","id":16925,"geometry":{"type":"Point","coordinates":[23.6877724,38.036519400000003]},"properties":{"FID":16925}},{"type":"Feature","id":16944,"geometry":{"type":"Point","coordinates":[23.854828600000001,38.000411399999997]},"properties":{"FID":16944}},{"type":"Feature","id":16982,"geometry":{"type":"Point","coordinates":[23.779561099999999,38.001389799999998]},"properties":{"FID":16982}},{"type":"Feature","id":16984,"geometry":{"type":"Point","coordinates":[23.791277300000001,37.835064199999998]},"properties":{"FID":16984}},{"type":"Feature","id":16997,"geometry":{"type":"Point","coordinates":[23.891476300000001,38.004554800000001]},"properties":{"FID":16997}},{"type":"Feature","id":17065,"geometry":{"type":"Point","coordinates":[23.893725400000001,37.981313800000002]},"properties":{"FID":17065}},{"type":"Feature","id":17066,"geometry":{"type":"Point","coordinates":[23.941848799999999,37.840772399999999]},"properties":{"FID":17066}},{"type":"Feature","id":17067,"geometry":{"type":"Point","coordinates":[23.6646438,37.972467700000003]},"properties":{"FID":17067}},{"type":"Feature","id":17088,"geometry":{"type":"Point","coordinates":[23.949108500000001,37.959448000000002]},"properties":{"FID":17088}},{"type":"Feature","id":17090,"geometry":{"type":"Point","coordinates":[23.886812299999999,37.955625699999999]},"properties":{"FID":17090}},{"type":"Feature","id":17091,"geometry":{"type":"Point","coordinates":[23.886680599999998,37.955667499999997]},"properties":{"FID":17091}},{"type":"Feature","id":17092,"geometry":{"type":"Point","coordinates":[23.886897699999999,37.955848699999997]},"properties":{"FID":17092}},{"type":"Feature","id":17093,"geometry":{"type":"Point","coordinates":[23.885016100000001,37.898524500000001]},"properties":{"FID":17093}},{"type":"Feature","id":17094,"geometry":{"type":"Point","coordinates":[23.884968700000002,37.898543600000004]},"properties":{"FID":17094}},{"type":"Feature","id":17105,"geometry":{"type":"Point","coordinates":[23.941522599999999,38.0022144]},"properties":{"FID":17105}},{"type":"Feature","id":17107,"geometry":{"type":"Point","coordinates":[23.899887,38.003234300000003]},"properties":{"FID":17107}},{"type":"Feature","id":17108,"geometry":{"type":"Point","coordinates":[23.897270599999999,38.003595199999999]},"properties":{"FID":17108}},{"type":"Feature","id":17110,"geometry":{"type":"Point","coordinates":[23.895119699999999,37.9116255]},"properties":{"FID":17110}},{"type":"Feature","id":17118,"geometry":{"type":"Point","coordinates":[23.730736700000001,37.946152099999999]},"properties":{"FID":17118}},{"type":"Feature","id":17125,"geometry":{"type":"Point","coordinates":[23.7295351,37.965487799999998]},"properties":{"FID":17125}},{"type":"Feature","id":17126,"geometry":{"type":"Point","coordinates":[23.729671100000001,37.945429900000001]},"properties":{"FID":17126}},{"type":"Feature","id":17142,"geometry":{"type":"Point","coordinates":[23.726868,37.952677299999998]},"properties":{"FID":17142}},{"type":"Feature","id":17144,"geometry":{"type":"Point","coordinates":[23.7290657,37.987723699999997]},"properties":{"FID":17144}},{"type":"Feature","id":17145,"geometry":{"type":"Point","coordinates":[23.726822800000001,37.989198399999999]},"properties":{"FID":17145}},{"type":"Feature","id":17147,"geometry":{"type":"Point","coordinates":[23.7219494,37.981366700000002]},"properties":{"FID":17147}},{"type":"Feature","id":17148,"geometry":{"type":"Point","coordinates":[23.714875899999999,37.977743199999999]},"properties":{"FID":17148}},{"type":"Feature","id":17150,"geometry":{"type":"Point","coordinates":[23.723592400000001,38.001282799999998]},"properties":{"FID":17150}},{"type":"Feature","id":17160,"geometry":{"type":"Point","coordinates":[23.7004588,37.949339199999997]},"properties":{"FID":17160}},{"type":"Feature","id":17162,"geometry":{"type":"Point","coordinates":[23.703732299999999,37.966237800000002]},"properties":{"FID":17162}},{"type":"Feature","id":17163,"geometry":{"type":"Point","coordinates":[23.703347000000001,37.966325400000002]},"properties":{"FID":17163}},{"type":"Feature","id":17167,"geometry":{"type":"Point","coordinates":[23.70486,37.953374599999997]},"properties":{"FID":17167}},{"type":"Feature","id":17168,"geometry":{"type":"Point","coordinates":[23.700596000000001,37.957230899999999]},"properties":{"FID":17168}},{"type":"Feature","id":17169,"geometry":{"type":"Point","coordinates":[23.694450199999999,37.965716100000002]},"properties":{"FID":17169}},{"type":"Feature","id":17181,"geometry":{"type":"Point","coordinates":[23.666710200000001,37.965863800000001]},"properties":{"FID":17181}},{"type":"Feature","id":17182,"geometry":{"type":"Point","coordinates":[23.672858699999999,37.967619200000001]},"properties":{"FID":17182}},{"type":"Feature","id":17183,"geometry":{"type":"Point","coordinates":[23.672884100000001,37.967665599999997]},"properties":{"FID":17183}},{"type":"Feature","id":17184,"geometry":{"type":"Point","coordinates":[23.673724400000001,37.967911100000002]},"properties":{"FID":17184}},{"type":"Feature","id":17208,"geometry":{"type":"Point","coordinates":[23.680307599999999,37.949738600000003]},"properties":{"FID":17208}},{"type":"Feature","id":17222,"geometry":{"type":"Point","coordinates":[23.680223399999999,37.956822000000003]},"properties":{"FID":17222}},{"type":"Feature","id":17223,"geometry":{"type":"Point","coordinates":[23.6770274,37.955776800000002]},"properties":{"FID":17223}},{"type":"Feature","id":17225,"geometry":{"type":"Point","coordinates":[23.826675999999999,38.037058500000001]},"properties":{"FID":17225}},{"type":"Feature","id":17226,"geometry":{"type":"Point","coordinates":[23.822299099999999,38.033536699999999]},"properties":{"FID":17226}},{"type":"Feature","id":17227,"geometry":{"type":"Point","coordinates":[23.8393595,38.046731200000004]},"properties":{"FID":17227}},{"type":"Feature","id":17228,"geometry":{"type":"Point","coordinates":[23.811336499999999,38.026572299999998]},"properties":{"FID":17228}},{"type":"Feature","id":17229,"geometry":{"type":"Point","coordinates":[23.811449199999998,38.026571400000002]},"properties":{"FID":17229}},{"type":"Feature","id":17230,"geometry":{"type":"Point","coordinates":[23.827892599999998,38.038278699999999]},"properties":{"FID":17230}},{"type":"Feature","id":17231,"geometry":{"type":"Point","coordinates":[23.825190800000001,38.035979099999999]},"properties":{"FID":17231}},{"type":"Feature","id":17233,"geometry":{"type":"Point","coordinates":[23.834309600000001,38.042901299999997]},"properties":{"FID":17233}},{"type":"Feature","id":17247,"geometry":{"type":"Point","coordinates":[23.8246398,38.098353799999998]},"properties":{"FID":17247}},{"type":"Feature","id":17251,"geometry":{"type":"Point","coordinates":[23.8036675,38.091866500000002]},"properties":{"FID":17251}},{"type":"Feature","id":17257,"geometry":{"type":"Point","coordinates":[23.809689299999999,38.087542900000003]},"properties":{"FID":17257}},{"type":"Feature","id":17258,"geometry":{"type":"Point","coordinates":[23.8095143,38.087639899999999]},"properties":{"FID":17258}},{"type":"Feature","id":17260,"geometry":{"type":"Point","coordinates":[23.820697800000001,38.078060200000003]},"properties":{"FID":17260}},{"type":"Feature","id":17261,"geometry":{"type":"Point","coordinates":[23.812275799999998,38.074833300000002]},"properties":{"FID":17261}},{"type":"Feature","id":17262,"geometry":{"type":"Point","coordinates":[23.812206499999998,38.075899]},"properties":{"FID":17262}},{"type":"Feature","id":17263,"geometry":{"type":"Point","coordinates":[23.811259799999998,38.070220999999997]},"properties":{"FID":17263}},{"type":"Feature","id":17266,"geometry":{"type":"Point","coordinates":[23.799689900000001,38.049283699999997]},"properties":{"FID":17266}},{"type":"Feature","id":17267,"geometry":{"type":"Point","coordinates":[23.799781100000001,38.049333599999997]},"properties":{"FID":17267}},{"type":"Feature","id":17268,"geometry":{"type":"Point","coordinates":[23.793099600000001,38.050013200000002]},"properties":{"FID":17268}},{"type":"Feature","id":17273,"geometry":{"type":"Point","coordinates":[23.828023699999999,38.027568700000003]},"properties":{"FID":17273}},{"type":"Feature","id":17274,"geometry":{"type":"Point","coordinates":[23.8281101,38.0277563]},"properties":{"FID":17274}},{"type":"Feature","id":17276,"geometry":{"type":"Point","coordinates":[23.804224999999999,38.033090999999999]},"properties":{"FID":17276}},{"type":"Feature","id":17282,"geometry":{"type":"Point","coordinates":[23.843272899999999,38.027230699999997]},"properties":{"FID":17282}},{"type":"Feature","id":17360,"geometry":{"type":"Point","coordinates":[23.6230835,37.949347299999999]},"properties":{"FID":17360}},{"type":"Feature","id":17371,"geometry":{"type":"Point","coordinates":[23.647427100000002,37.948119499999997]},"properties":{"FID":17371}},{"type":"Feature","id":17374,"geometry":{"type":"Point","coordinates":[23.648210800000001,37.949460600000002]},"properties":{"FID":17374}},{"type":"Feature","id":17375,"geometry":{"type":"Point","coordinates":[23.645869600000001,37.946123499999999]},"properties":{"FID":17375}},{"type":"Feature","id":17397,"geometry":{"type":"Point","coordinates":[23.6471898,37.947690100000003]},"properties":{"FID":17397}},{"type":"Feature","id":17398,"geometry":{"type":"Point","coordinates":[23.6481697,37.949237099999998]},"properties":{"FID":17398}},{"type":"Feature","id":17402,"geometry":{"type":"Point","coordinates":[23.650413,37.948686500000001]},"properties":{"FID":17402}},{"type":"Feature","id":17403,"geometry":{"type":"Point","coordinates":[23.651480599999999,37.949162800000003]},"properties":{"FID":17403}},{"type":"Feature","id":17439,"geometry":{"type":"Point","coordinates":[23.710233800000001,37.997431800000001]},"properties":{"FID":17439}},{"type":"Feature","id":17471,"geometry":{"type":"Point","coordinates":[23.738894999999999,37.997874500000002]},"properties":{"FID":17471}},{"type":"Feature","id":17475,"geometry":{"type":"Point","coordinates":[23.7353959,37.9739723]},"properties":{"FID":17475}},{"type":"Feature","id":17499,"geometry":{"type":"Point","coordinates":[23.6724988,37.982729300000003]},"properties":{"FID":17499}},{"type":"Feature","id":17505,"geometry":{"type":"Point","coordinates":[23.674177499999999,37.985956100000003]},"properties":{"FID":17505}},{"type":"Feature","id":17506,"geometry":{"type":"Point","coordinates":[23.6722398,37.982576100000003]},"properties":{"FID":17506}},{"type":"Feature","id":17518,"geometry":{"type":"Point","coordinates":[23.6765124,37.976269100000003]},"properties":{"FID":17518}},{"type":"Feature","id":17519,"geometry":{"type":"Point","coordinates":[23.676836000000002,37.976523399999998]},"properties":{"FID":17519}},{"type":"Feature","id":17522,"geometry":{"type":"Point","coordinates":[23.666557900000001,37.9748856]},"properties":{"FID":17522}},{"type":"Feature","id":17590,"geometry":{"type":"Point","coordinates":[23.850187999999999,37.996923500000001]},"properties":{"FID":17590}},{"type":"Feature","id":17608,"geometry":{"type":"Point","coordinates":[23.682298200000002,37.991464399999998]},"properties":{"FID":17608}},{"type":"Feature","id":17609,"geometry":{"type":"Point","coordinates":[23.682116000000001,37.991324900000002]},"properties":{"FID":17609}},{"type":"Feature","id":17617,"geometry":{"type":"Point","coordinates":[23.679401299999999,38.003378499999997]},"properties":{"FID":17617}},{"type":"Feature","id":17633,"geometry":{"type":"Point","coordinates":[23.679770699999999,38.003547699999999]},"properties":{"FID":17633}},{"type":"Feature","id":17634,"geometry":{"type":"Point","coordinates":[23.701881,38.004451600000003]},"properties":{"FID":17634}},{"type":"Feature","id":17635,"geometry":{"type":"Point","coordinates":[23.7019175,38.004650599999998]},"properties":{"FID":17635}},{"type":"Feature","id":17639,"geometry":{"type":"Point","coordinates":[23.685385799999999,38.001043699999997]},"properties":{"FID":17639}},{"type":"Feature","id":17640,"geometry":{"type":"Point","coordinates":[23.685012400000002,38.001258900000003]},"properties":{"FID":17640}},{"type":"Feature","id":17641,"geometry":{"type":"Point","coordinates":[23.685147199999999,38.001376700000002]},"properties":{"FID":17641}},{"type":"Feature","id":17642,"geometry":{"type":"Point","coordinates":[23.685739300000002,38.001374400000003]},"properties":{"FID":17642}},{"type":"Feature","id":17643,"geometry":{"type":"Point","coordinates":[23.6858209,38.0015711]},"properties":{"FID":17643}},{"type":"Feature","id":17644,"geometry":{"type":"Point","coordinates":[23.685447799999999,38.001731499999998]},"properties":{"FID":17644}},{"type":"Feature","id":17645,"geometry":{"type":"Point","coordinates":[23.6855598,38.001707000000003]},"properties":{"FID":17645}},{"type":"Feature","id":17649,"geometry":{"type":"Point","coordinates":[23.753787599999999,37.928072999999998]},"properties":{"FID":17649}},{"type":"Feature","id":17650,"geometry":{"type":"Point","coordinates":[23.750238499999998,37.860411800000001]},"properties":{"FID":17650}},{"type":"Feature","id":17652,"geometry":{"type":"Point","coordinates":[23.784260799999998,37.807926999999999]},"properties":{"FID":17652}},{"type":"Feature","id":17654,"geometry":{"type":"Point","coordinates":[23.841533900000002,37.858625799999999]},"properties":{"FID":17654}},{"type":"Feature","id":17673,"geometry":{"type":"Point","coordinates":[23.762721500000001,37.958024000000002]},"properties":{"FID":17673}},{"type":"Feature","id":17676,"geometry":{"type":"Point","coordinates":[23.818979800000001,37.843405300000001]},"properties":{"FID":17676}},{"type":"Feature","id":17696,"geometry":{"type":"Point","coordinates":[23.7958809,38.0182851]},"properties":{"FID":17696}},{"type":"Feature","id":17698,"geometry":{"type":"Point","coordinates":[23.810215899999999,38.0194902]},"properties":{"FID":17698}},{"type":"Feature","id":17699,"geometry":{"type":"Point","coordinates":[23.8063939,38.024496900000003]},"properties":{"FID":17699}},{"type":"Feature","id":17711,"geometry":{"type":"Point","coordinates":[23.776941399999998,38.031296599999997]},"properties":{"FID":17711}},{"type":"Feature","id":17766,"geometry":{"type":"Point","coordinates":[23.7204443,37.985087100000001]},"properties":{"FID":17766}},{"type":"Feature","id":17785,"geometry":{"type":"Point","coordinates":[23.639137099999999,38.012815500000002]},"properties":{"FID":17785}},{"type":"Feature","id":17797,"geometry":{"type":"Point","coordinates":[23.6770265,38.035684099999997]},"properties":{"FID":17797}},{"type":"Feature","id":17829,"geometry":{"type":"Point","coordinates":[23.787281100000001,38.001054699999997]},"properties":{"FID":17829}},{"type":"Feature","id":17830,"geometry":{"type":"Point","coordinates":[23.792028299999998,37.991708600000003]},"properties":{"FID":17830}},{"type":"Feature","id":17835,"geometry":{"type":"Point","coordinates":[23.7845975,37.981601699999999]},"properties":{"FID":17835}},{"type":"Feature","id":17837,"geometry":{"type":"Point","coordinates":[23.9181952,37.989784899999997]},"properties":{"FID":17837}},{"type":"Feature","id":17846,"geometry":{"type":"Point","coordinates":[23.850309500000002,37.996923700000004]},"properties":{"FID":17846}},{"type":"Feature","id":17859,"geometry":{"type":"Point","coordinates":[23.721697899999999,37.981255699999998]},"properties":{"FID":17859}},{"type":"Feature","id":17861,"geometry":{"type":"Point","coordinates":[23.740183999999999,37.990297699999999]},"properties":{"FID":17861}},{"type":"Feature","id":17862,"geometry":{"type":"Point","coordinates":[23.756513699999999,37.971996500000003]},"properties":{"FID":17862}},{"type":"Feature","id":17864,"geometry":{"type":"Point","coordinates":[23.728593,38.004274199999998]},"properties":{"FID":17864}},{"type":"Feature","id":17869,"geometry":{"type":"Point","coordinates":[23.733032600000001,37.965404300000003]},"properties":{"FID":17869}},{"type":"Feature","id":17870,"geometry":{"type":"Point","coordinates":[23.731425399999999,37.985303799999997]},"properties":{"FID":17870}},{"type":"Feature","id":17873,"geometry":{"type":"Point","coordinates":[23.728794000000001,37.984005500000002]},"properties":{"FID":17873}},{"type":"Feature","id":17882,"geometry":{"type":"Point","coordinates":[23.720138800000001,37.951136599999998]},"properties":{"FID":17882}},{"type":"Feature","id":17906,"geometry":{"type":"Point","coordinates":[23.698153300000001,38.027816899999998]},"properties":{"FID":17906}},{"type":"Feature","id":17907,"geometry":{"type":"Point","coordinates":[23.7256,37.926927499999998]},"properties":{"FID":17907}},{"type":"Feature","id":17944,"geometry":{"type":"Point","coordinates":[23.678245,37.9926587]},"properties":{"FID":17944}},{"type":"Feature","id":17947,"geometry":{"type":"Point","coordinates":[23.676913200000001,37.990598499999997]},"properties":{"FID":17947}},{"type":"Feature","id":17948,"geometry":{"type":"Point","coordinates":[23.6714904,37.9953845]},"properties":{"FID":17948}},{"type":"Feature","id":17949,"geometry":{"type":"Point","coordinates":[23.669025699999999,37.996474599999999]},"properties":{"FID":17949}},{"type":"Feature","id":17951,"geometry":{"type":"Point","coordinates":[23.674725599999999,37.987115600000003]},"properties":{"FID":17951}},{"type":"Feature","id":17952,"geometry":{"type":"Point","coordinates":[23.674808200000001,37.986823600000001]},"properties":{"FID":17952}},{"type":"Feature","id":17953,"geometry":{"type":"Point","coordinates":[23.665590099999999,37.998889300000002]},"properties":{"FID":17953}},{"type":"Feature","id":17982,"geometry":{"type":"Point","coordinates":[23.747785100000002,38.032068199999998]},"properties":{"FID":17982}},{"type":"Feature","id":17991,"geometry":{"type":"Point","coordinates":[23.749518399999999,38.022633900000002]},"properties":{"FID":17991}},{"type":"Feature","id":17996,"geometry":{"type":"Point","coordinates":[23.747844600000001,38.032141099999997]},"properties":{"FID":17996}},{"type":"Feature","id":18034,"geometry":{"type":"Point","coordinates":[23.599248599999999,37.962181999999999]},"properties":{"FID":18034}},{"type":"Feature","id":18037,"geometry":{"type":"Point","coordinates":[23.6564038,37.936835799999997]},"properties":{"FID":18037}},{"type":"Feature","id":18097,"geometry":{"type":"Point","coordinates":[23.765743000000001,38.100270700000003]},"properties":{"FID":18097}},{"type":"Feature","id":18125,"geometry":{"type":"Point","coordinates":[23.7381973,38.092958400000001]},"properties":{"FID":18125}},{"type":"Feature","id":18134,"geometry":{"type":"Point","coordinates":[23.737515399999999,38.089765]},"properties":{"FID":18134}},{"type":"Feature","id":18156,"geometry":{"type":"Point","coordinates":[23.801189300000001,38.058161599999998]},"properties":{"FID":18156}},{"type":"Feature","id":18177,"geometry":{"type":"Point","coordinates":[23.7302146,38.0795247]},"properties":{"FID":18177}},{"type":"Feature","id":18179,"geometry":{"type":"Point","coordinates":[23.7302806,38.079315999999999]},"properties":{"FID":18179}},{"type":"Feature","id":18183,"geometry":{"type":"Point","coordinates":[23.733200799999999,38.079916699999998]},"properties":{"FID":18183}},{"type":"Feature","id":18237,"geometry":{"type":"Point","coordinates":[23.725865200000001,38.084144799999997]},"properties":{"FID":18237}},{"type":"Feature","id":18274,"geometry":{"type":"Point","coordinates":[23.749794900000001,38.050715699999998]},"properties":{"FID":18274}},{"type":"Feature","id":18284,"geometry":{"type":"Point","coordinates":[24.0036889,38.018922799999999]},"properties":{"FID":18284}},{"type":"Feature","id":18288,"geometry":{"type":"Point","coordinates":[23.826511499999999,38.0527163]},"properties":{"FID":18288}},{"type":"Feature","id":18309,"geometry":{"type":"Point","coordinates":[23.735109699999999,37.982532300000003]},"properties":{"FID":18309}},{"type":"Feature","id":18310,"geometry":{"type":"Point","coordinates":[23.7340318,37.983805099999998]},"properties":{"FID":18310}},{"type":"Feature","id":18315,"geometry":{"type":"Point","coordinates":[23.729013500000001,37.983070599999998]},"properties":{"FID":18315}},{"type":"Feature","id":18316,"geometry":{"type":"Point","coordinates":[23.732854400000001,37.983369400000001]},"properties":{"FID":18316}},{"type":"Feature","id":18365,"geometry":{"type":"Point","coordinates":[23.708022400000001,38.086444299999997]},"properties":{"FID":18365}},{"type":"Feature","id":18366,"geometry":{"type":"Point","coordinates":[23.708018299999999,38.086500000000001]},"properties":{"FID":18366}},{"type":"Feature","id":18367,"geometry":{"type":"Point","coordinates":[23.708078400000002,38.086535099999999]},"properties":{"FID":18367}},{"type":"Feature","id":18368,"geometry":{"type":"Point","coordinates":[23.7081333,38.086460099999996]},"properties":{"FID":18368}},{"type":"Feature","id":18435,"geometry":{"type":"Point","coordinates":[23.706809199999999,38.031722700000003]},"properties":{"FID":18435}},{"type":"Feature","id":18438,"geometry":{"type":"Point","coordinates":[23.7078767,38.015474699999999]},"properties":{"FID":18438}},{"type":"Feature","id":18465,"geometry":{"type":"Point","coordinates":[23.7101845,38.070318299999997]},"properties":{"FID":18465}},{"type":"Feature","id":18470,"geometry":{"type":"Point","coordinates":[23.710109200000002,38.071183900000001]},"properties":{"FID":18470}},{"type":"Feature","id":18473,"geometry":{"type":"Point","coordinates":[23.709686999999999,38.071359399999999]},"properties":{"FID":18473}},{"type":"Feature","id":18474,"geometry":{"type":"Point","coordinates":[23.709775100000002,38.071246100000003]},"properties":{"FID":18474}},{"type":"Feature","id":18486,"geometry":{"type":"Point","coordinates":[23.710198599999998,38.070288099999999]},"properties":{"FID":18486}},{"type":"Feature","id":18488,"geometry":{"type":"Point","coordinates":[23.710485500000001,38.070306100000003]},"properties":{"FID":18488}},{"type":"Feature","id":18489,"geometry":{"type":"Point","coordinates":[23.7106125,38.070194700000002]},"properties":{"FID":18489}},{"type":"Feature","id":18490,"geometry":{"type":"Point","coordinates":[23.713658500000001,38.0642043]},"properties":{"FID":18490}},{"type":"Feature","id":18491,"geometry":{"type":"Point","coordinates":[23.713656,38.064448599999999]},"properties":{"FID":18491}},{"type":"Feature","id":18493,"geometry":{"type":"Point","coordinates":[23.713750900000001,38.064166800000002]},"properties":{"FID":18493}},{"type":"Feature","id":18496,"geometry":{"type":"Point","coordinates":[23.7137545,38.0647284]},"properties":{"FID":18496}},{"type":"Feature","id":18498,"geometry":{"type":"Point","coordinates":[23.713532399999998,38.064782899999997]},"properties":{"FID":18498}},{"type":"Feature","id":18500,"geometry":{"type":"Point","coordinates":[23.713583499999999,38.064652100000004]},"properties":{"FID":18500}},{"type":"Feature","id":18524,"geometry":{"type":"Point","coordinates":[23.716653600000001,38.0692722]},"properties":{"FID":18524}},{"type":"Feature","id":18526,"geometry":{"type":"Point","coordinates":[23.7166183,38.069218499999998]},"properties":{"FID":18526}},{"type":"Feature","id":18548,"geometry":{"type":"Point","coordinates":[23.733167300000002,38.0663038]},"properties":{"FID":18548}},{"type":"Feature","id":18550,"geometry":{"type":"Point","coordinates":[23.7330285,38.0663567]},"properties":{"FID":18550}},{"type":"Feature","id":18554,"geometry":{"type":"Point","coordinates":[23.7333541,38.067161200000001]},"properties":{"FID":18554}},{"type":"Feature","id":18555,"geometry":{"type":"Point","coordinates":[23.7333614,38.067051900000003]},"properties":{"FID":18555}},{"type":"Feature","id":18557,"geometry":{"type":"Point","coordinates":[23.732952399999999,38.067234200000001]},"properties":{"FID":18557}},{"type":"Feature","id":18563,"geometry":{"type":"Point","coordinates":[23.733606399999999,38.068589699999997]},"properties":{"FID":18563}},{"type":"Feature","id":18564,"geometry":{"type":"Point","coordinates":[23.733558899999998,38.0688514]},"properties":{"FID":18564}},{"type":"Feature","id":18565,"geometry":{"type":"Point","coordinates":[23.733751699999999,38.0687085]},"properties":{"FID":18565}},{"type":"Feature","id":18566,"geometry":{"type":"Point","coordinates":[23.733388000000001,38.068703300000003]},"properties":{"FID":18566}},{"type":"Feature","id":18596,"geometry":{"type":"Point","coordinates":[23.809757699999999,38.095786099999998]},"properties":{"FID":18596}},{"type":"Feature","id":18599,"geometry":{"type":"Point","coordinates":[23.809929199999999,38.096043399999999]},"properties":{"FID":18599}},{"type":"Feature","id":18600,"geometry":{"type":"Point","coordinates":[23.8098922,38.096222500000003]},"properties":{"FID":18600}},{"type":"Feature","id":18613,"geometry":{"type":"Point","coordinates":[23.7695139,38.0972455]},"properties":{"FID":18613}},{"type":"Feature","id":18615,"geometry":{"type":"Point","coordinates":[23.770056799999999,38.097399199999998]},"properties":{"FID":18615}},{"type":"Feature","id":18622,"geometry":{"type":"Point","coordinates":[23.7695674,38.097544999999997]},"properties":{"FID":18622}},{"type":"Feature","id":18624,"geometry":{"type":"Point","coordinates":[23.770278699999999,38.097756199999999]},"properties":{"FID":18624}},{"type":"Feature","id":18626,"geometry":{"type":"Point","coordinates":[23.7760979,38.095197200000001]},"properties":{"FID":18626}},{"type":"Feature","id":18628,"geometry":{"type":"Point","coordinates":[23.7762587,38.094980999999997]},"properties":{"FID":18628}},{"type":"Feature","id":18634,"geometry":{"type":"Point","coordinates":[23.776501799999998,38.095565800000003]},"properties":{"FID":18634}},{"type":"Feature","id":18664,"geometry":{"type":"Point","coordinates":[23.776384499999999,38.064364400000002]},"properties":{"FID":18664}},{"type":"Feature","id":18665,"geometry":{"type":"Point","coordinates":[23.776342499999998,38.0644335]},"properties":{"FID":18665}},{"type":"Feature","id":18666,"geometry":{"type":"Point","coordinates":[23.7762609,38.0643423]},"properties":{"FID":18666}},{"type":"Feature","id":18667,"geometry":{"type":"Point","coordinates":[23.776239400000001,38.064442100000001]},"properties":{"FID":18667}},{"type":"Feature","id":18670,"geometry":{"type":"Point","coordinates":[23.7744252,38.068748100000001]},"properties":{"FID":18670}},{"type":"Feature","id":18671,"geometry":{"type":"Point","coordinates":[23.773551699999999,38.0687055]},"properties":{"FID":18671}},{"type":"Feature","id":18681,"geometry":{"type":"Point","coordinates":[23.7720284,38.0684702]},"properties":{"FID":18681}},{"type":"Feature","id":18688,"geometry":{"type":"Point","coordinates":[23.770607999999999,38.063296399999999]},"properties":{"FID":18688}},{"type":"Feature","id":18691,"geometry":{"type":"Point","coordinates":[23.7706734,38.068155300000001]},"properties":{"FID":18691}},{"type":"Feature","id":18700,"geometry":{"type":"Point","coordinates":[23.809729300000001,38.0959024]},"properties":{"FID":18700}},{"type":"Feature","id":18712,"geometry":{"type":"Point","coordinates":[23.7577654,37.971709699999998]},"properties":{"FID":18712}},{"type":"Feature","id":18766,"geometry":{"type":"Point","coordinates":[23.704688699999998,38.0756826]},"properties":{"FID":18766}},{"type":"Feature","id":18816,"geometry":{"type":"Point","coordinates":[23.6920337,38.095581199999998]},"properties":{"FID":18816}},{"type":"Feature","id":18819,"geometry":{"type":"Point","coordinates":[23.691742600000001,38.095607299999998]},"properties":{"FID":18819}},{"type":"Feature","id":18820,"geometry":{"type":"Point","coordinates":[23.691868800000002,38.095829899999998]},"properties":{"FID":18820}},{"type":"Feature","id":18829,"geometry":{"type":"Point","coordinates":[23.692147299999998,38.095802200000001]},"properties":{"FID":18829}},{"type":"Feature","id":18913,"geometry":{"type":"Point","coordinates":[23.676801300000001,38.0358716]},"properties":{"FID":18913}},{"type":"Feature","id":18939,"geometry":{"type":"Point","coordinates":[23.670763600000001,38.039157500000002]},"properties":{"FID":18939}},{"type":"Feature","id":18945,"geometry":{"type":"Point","coordinates":[23.683493299999999,38.038720900000001]},"properties":{"FID":18945}},{"type":"Feature","id":18956,"geometry":{"type":"Point","coordinates":[23.679744100000001,38.033564800000001]},"properties":{"FID":18956}},{"type":"Feature","id":18959,"geometry":{"type":"Point","coordinates":[23.7017357,38.027380800000003]},"properties":{"FID":18959}},{"type":"Feature","id":18961,"geometry":{"type":"Point","coordinates":[23.702176600000001,38.033324999999998]},"properties":{"FID":18961}},{"type":"Feature","id":18971,"geometry":{"type":"Point","coordinates":[23.689636700000001,38.018025199999997]},"properties":{"FID":18971}},{"type":"Feature","id":18993,"geometry":{"type":"Point","coordinates":[23.695368299999998,38.019211200000001]},"properties":{"FID":18993}},{"type":"Feature","id":19001,"geometry":{"type":"Point","coordinates":[23.700245899999999,38.010960699999998]},"properties":{"FID":19001}},{"type":"Feature","id":19002,"geometry":{"type":"Point","coordinates":[23.702842100000002,38.011283400000003]},"properties":{"FID":19002}},{"type":"Feature","id":19003,"geometry":{"type":"Point","coordinates":[23.702742400000002,38.011371799999999]},"properties":{"FID":19003}},{"type":"Feature","id":19004,"geometry":{"type":"Point","coordinates":[23.702841599999999,38.011492699999998]},"properties":{"FID":19004}},{"type":"Feature","id":19005,"geometry":{"type":"Point","coordinates":[23.6991145,38.006482599999998]},"properties":{"FID":19005}},{"type":"Feature","id":19006,"geometry":{"type":"Point","coordinates":[23.698701400000001,38.006773600000002]},"properties":{"FID":19006}},{"type":"Feature","id":19007,"geometry":{"type":"Point","coordinates":[23.6987557,38.006614800000001]},"properties":{"FID":19007}},{"type":"Feature","id":19009,"geometry":{"type":"Point","coordinates":[23.7003509,38.017285600000001]},"properties":{"FID":19009}},{"type":"Feature","id":19010,"geometry":{"type":"Point","coordinates":[23.6910065,38.011279299999998]},"properties":{"FID":19010}},{"type":"Feature","id":19012,"geometry":{"type":"Point","coordinates":[23.700238800000001,38.005508800000001]},"properties":{"FID":19012}},{"type":"Feature","id":19014,"geometry":{"type":"Point","coordinates":[23.70298,38.008291900000003]},"properties":{"FID":19014}},{"type":"Feature","id":19015,"geometry":{"type":"Point","coordinates":[23.7031277,38.0083129]},"properties":{"FID":19015}},{"type":"Feature","id":19016,"geometry":{"type":"Point","coordinates":[23.7031408,38.008512000000003]},"properties":{"FID":19016}},{"type":"Feature","id":19017,"geometry":{"type":"Point","coordinates":[23.697178000000001,38.0113998]},"properties":{"FID":19017}},{"type":"Feature","id":19021,"geometry":{"type":"Point","coordinates":[23.693524700000001,38.015096200000002]},"properties":{"FID":19021}},{"type":"Feature","id":19022,"geometry":{"type":"Point","coordinates":[23.697990000000001,38.009196000000003]},"properties":{"FID":19022}},{"type":"Feature","id":19065,"geometry":{"type":"Point","coordinates":[23.748411900000001,38.119615000000003]},"properties":{"FID":19065}},{"type":"Feature","id":19086,"geometry":{"type":"Point","coordinates":[23.7430722,38.089035199999998]},"properties":{"FID":19086}},{"type":"Feature","id":19141,"geometry":{"type":"Point","coordinates":[23.693498300000002,38.032815300000003]},"properties":{"FID":19141}},{"type":"Feature","id":19162,"geometry":{"type":"Point","coordinates":[23.703080400000001,38.034347599999997]},"properties":{"FID":19162}},{"type":"Feature","id":19182,"geometry":{"type":"Point","coordinates":[23.693521400000002,38.019620199999999]},"properties":{"FID":19182}},{"type":"Feature","id":19183,"geometry":{"type":"Point","coordinates":[23.730344599999999,38.028522199999998]},"properties":{"FID":19183}},{"type":"Feature","id":19191,"geometry":{"type":"Point","coordinates":[23.812233200000001,38.072998400000003]},"properties":{"FID":19191}},{"type":"Feature","id":19193,"geometry":{"type":"Point","coordinates":[23.963898799999999,38.149268599999999]},"properties":{"FID":19193}},{"type":"Feature","id":19219,"geometry":{"type":"Point","coordinates":[23.824580600000001,38.098212799999999]},"properties":{"FID":19219}},{"type":"Feature","id":19221,"geometry":{"type":"Point","coordinates":[23.8037633,38.092013000000001]},"properties":{"FID":19221}},{"type":"Feature","id":19231,"geometry":{"type":"Point","coordinates":[23.865267800000002,38.106228799999997]},"properties":{"FID":19231}},{"type":"Feature","id":19258,"geometry":{"type":"Point","coordinates":[23.9937486,38.149165699999998]},"properties":{"FID":19258}},{"type":"Feature","id":19262,"geometry":{"type":"Point","coordinates":[23.782291600000001,37.997239399999998]},"properties":{"FID":19262}},{"type":"Feature","id":19263,"geometry":{"type":"Point","coordinates":[23.7253215,37.995465799999998]},"properties":{"FID":19263}},{"type":"Feature","id":19267,"geometry":{"type":"Point","coordinates":[23.850129500000001,37.9977825]},"properties":{"FID":19267}},{"type":"Feature","id":19268,"geometry":{"type":"Point","coordinates":[23.7274086,37.996433400000001]},"properties":{"FID":19268}},{"type":"Feature","id":19269,"geometry":{"type":"Point","coordinates":[23.727559899999999,38.000791700000001]},"properties":{"FID":19269}},{"type":"Feature","id":19270,"geometry":{"type":"Point","coordinates":[23.7275925,38.000923499999999]},"properties":{"FID":19270}},{"type":"Feature","id":19275,"geometry":{"type":"Point","coordinates":[23.726962700000001,37.9798495]},"properties":{"FID":19275}},{"type":"Feature","id":19277,"geometry":{"type":"Point","coordinates":[23.7273833,37.981040800000002]},"properties":{"FID":19277}},{"type":"Feature","id":19278,"geometry":{"type":"Point","coordinates":[23.727280799999999,37.981153300000003]},"properties":{"FID":19278}},{"type":"Feature","id":19279,"geometry":{"type":"Point","coordinates":[23.727240699999999,37.980989800000003]},"properties":{"FID":19279}},{"type":"Feature","id":19282,"geometry":{"type":"Point","coordinates":[23.730394400000002,37.981467799999997]},"properties":{"FID":19282}},{"type":"Feature","id":19284,"geometry":{"type":"Point","coordinates":[23.730163300000001,37.981710100000001]},"properties":{"FID":19284}},{"type":"Feature","id":19285,"geometry":{"type":"Point","coordinates":[23.730038,37.981699300000002]},"properties":{"FID":19285}},{"type":"Feature","id":19290,"geometry":{"type":"Point","coordinates":[23.724500800000001,37.989623299999998]},"properties":{"FID":19290}},{"type":"Feature","id":19292,"geometry":{"type":"Point","coordinates":[23.7243046,37.989680999999997]},"properties":{"FID":19292}},{"type":"Feature","id":19293,"geometry":{"type":"Point","coordinates":[23.724311499999999,37.989930200000003]},"properties":{"FID":19293}},{"type":"Feature","id":19297,"geometry":{"type":"Point","coordinates":[23.7250002,37.9889121]},"properties":{"FID":19297}},{"type":"Feature","id":19300,"geometry":{"type":"Point","coordinates":[23.725128300000002,37.988877000000002]},"properties":{"FID":19300}},{"type":"Feature","id":19304,"geometry":{"type":"Point","coordinates":[23.725069900000001,37.9919802]},"properties":{"FID":19304}},{"type":"Feature","id":19305,"geometry":{"type":"Point","coordinates":[23.725179099999998,37.992021299999998]},"properties":{"FID":19305}},{"type":"Feature","id":19311,"geometry":{"type":"Point","coordinates":[23.726507000000002,37.987231600000001]},"properties":{"FID":19311}},{"type":"Feature","id":19316,"geometry":{"type":"Point","coordinates":[23.725983599999999,37.988017599999999]},"properties":{"FID":19316}},{"type":"Feature","id":19317,"geometry":{"type":"Point","coordinates":[23.725779800000002,37.988000700000001]},"properties":{"FID":19317}},{"type":"Feature","id":19321,"geometry":{"type":"Point","coordinates":[23.7251786,37.986029500000001]},"properties":{"FID":19321}},{"type":"Feature","id":19322,"geometry":{"type":"Point","coordinates":[23.7253021,37.986054799999998]},"properties":{"FID":19322}},{"type":"Feature","id":19324,"geometry":{"type":"Point","coordinates":[23.725100099999999,37.9862161]},"properties":{"FID":19324}},{"type":"Feature","id":19326,"geometry":{"type":"Point","coordinates":[23.724800999999999,37.986181899999998]},"properties":{"FID":19326}},{"type":"Feature","id":19327,"geometry":{"type":"Point","coordinates":[23.724806300000001,37.986044300000003]},"properties":{"FID":19327}},{"type":"Feature","id":19337,"geometry":{"type":"Point","coordinates":[23.745304900000001,38.084305200000003]},"properties":{"FID":19337}},{"type":"Feature","id":19338,"geometry":{"type":"Point","coordinates":[23.745299899999999,38.084024599999999]},"properties":{"FID":19338}},{"type":"Feature","id":19372,"geometry":{"type":"Point","coordinates":[23.7711714,38.056851399999999]},"properties":{"FID":19372}},{"type":"Feature","id":19376,"geometry":{"type":"Point","coordinates":[23.771437899999999,38.057681500000001]},"properties":{"FID":19376}},{"type":"Feature","id":19378,"geometry":{"type":"Point","coordinates":[23.7720682,38.058799800000003]},"properties":{"FID":19378}},{"type":"Feature","id":19379,"geometry":{"type":"Point","coordinates":[23.772167899999999,38.058817699999999]},"properties":{"FID":19379}},{"type":"Feature","id":19380,"geometry":{"type":"Point","coordinates":[23.772107299999998,38.058625300000003]},"properties":{"FID":19380}},{"type":"Feature","id":19382,"geometry":{"type":"Point","coordinates":[23.771499800000001,38.057637999999997]},"properties":{"FID":19382}},{"type":"Feature","id":19385,"geometry":{"type":"Point","coordinates":[23.7715104,38.057399699999998]},"properties":{"FID":19385}},{"type":"Feature","id":19399,"geometry":{"type":"Point","coordinates":[23.7792545,38.055705099999997]},"properties":{"FID":19399}},{"type":"Feature","id":19400,"geometry":{"type":"Point","coordinates":[23.7792861,38.055833300000003]},"properties":{"FID":19400}},{"type":"Feature","id":19406,"geometry":{"type":"Point","coordinates":[23.779463700000001,38.055699599999997]},"properties":{"FID":19406}},{"type":"Feature","id":19407,"geometry":{"type":"Point","coordinates":[23.779463199999999,38.055883600000001]},"properties":{"FID":19407}},{"type":"Feature","id":19429,"geometry":{"type":"Point","coordinates":[23.723254300000001,37.985771200000002]},"properties":{"FID":19429}},{"type":"Feature","id":19430,"geometry":{"type":"Point","coordinates":[23.723146400000001,37.985727400000002]},"properties":{"FID":19430}},{"type":"Feature","id":19439,"geometry":{"type":"Point","coordinates":[23.723915900000001,37.990654800000002]},"properties":{"FID":19439}},{"type":"Feature","id":19442,"geometry":{"type":"Point","coordinates":[23.723783600000001,37.990729199999997]},"properties":{"FID":19442}},{"type":"Feature","id":19443,"geometry":{"type":"Point","coordinates":[23.723804900000001,37.990925599999997]},"properties":{"FID":19443}},{"type":"Feature","id":19453,"geometry":{"type":"Point","coordinates":[23.733118300000001,37.982849100000003]},"properties":{"FID":19453}},{"type":"Feature","id":19458,"geometry":{"type":"Point","coordinates":[23.734090399999999,37.9838837]},"properties":{"FID":19458}},{"type":"Feature","id":19459,"geometry":{"type":"Point","coordinates":[23.7342473,37.983428500000002]},"properties":{"FID":19459}},{"type":"Feature","id":19461,"geometry":{"type":"Point","coordinates":[23.7343616,37.983395399999999]},"properties":{"FID":19461}},{"type":"Feature","id":19463,"geometry":{"type":"Point","coordinates":[23.7339141,37.982074799999999]},"properties":{"FID":19463}},{"type":"Feature","id":19479,"geometry":{"type":"Point","coordinates":[23.756943700000001,38.020512400000001]},"properties":{"FID":19479}},{"type":"Feature","id":19488,"geometry":{"type":"Point","coordinates":[23.756314400000001,38.018983599999999]},"properties":{"FID":19488}},{"type":"Feature","id":19491,"geometry":{"type":"Point","coordinates":[23.756039999999999,38.018738300000003]},"properties":{"FID":19491}},{"type":"Feature","id":19493,"geometry":{"type":"Point","coordinates":[23.7560669,38.019096400000002]},"properties":{"FID":19493}},{"type":"Feature","id":19498,"geometry":{"type":"Point","coordinates":[23.751811700000001,38.0114515]},"properties":{"FID":19498}},{"type":"Feature","id":19513,"geometry":{"type":"Point","coordinates":[23.752937899999999,38.012925600000003]},"properties":{"FID":19513}},{"type":"Feature","id":19515,"geometry":{"type":"Point","coordinates":[23.753109299999998,38.012762500000001]},"properties":{"FID":19515}},{"type":"Feature","id":19517,"geometry":{"type":"Point","coordinates":[23.753287199999999,38.012904800000001]},"properties":{"FID":19517}},{"type":"Feature","id":19519,"geometry":{"type":"Point","coordinates":[23.753866500000001,38.011562499999997]},"properties":{"FID":19519}},{"type":"Feature","id":19521,"geometry":{"type":"Point","coordinates":[23.7520928,38.011667299999999]},"properties":{"FID":19521}},{"type":"Feature","id":19522,"geometry":{"type":"Point","coordinates":[23.751961699999999,38.011382099999999]},"properties":{"FID":19522}},{"type":"Feature","id":19526,"geometry":{"type":"Point","coordinates":[23.7547946,38.012038699999998]},"properties":{"FID":19526}},{"type":"Feature","id":19527,"geometry":{"type":"Point","coordinates":[23.754713599999999,38.012235199999999]},"properties":{"FID":19527}},{"type":"Feature","id":19538,"geometry":{"type":"Point","coordinates":[23.754993299999999,38.012273700000001]},"properties":{"FID":19538}},{"type":"Feature","id":19539,"geometry":{"type":"Point","coordinates":[23.755095000000001,38.012118600000001]},"properties":{"FID":19539}},{"type":"Feature","id":19546,"geometry":{"type":"Point","coordinates":[23.757330400000001,38.010388800000001]},"properties":{"FID":19546}},{"type":"Feature","id":19547,"geometry":{"type":"Point","coordinates":[23.757361,38.010459400000002]},"properties":{"FID":19547}},{"type":"Feature","id":19554,"geometry":{"type":"Point","coordinates":[23.759195200000001,38.008793900000001]},"properties":{"FID":19554}},{"type":"Feature","id":19555,"geometry":{"type":"Point","coordinates":[23.759273499999999,38.0088431]},"properties":{"FID":19555}},{"type":"Feature","id":19601,"geometry":{"type":"Point","coordinates":[23.744964499999998,37.986815800000002]},"properties":{"FID":19601}},{"type":"Feature","id":19619,"geometry":{"type":"Point","coordinates":[23.976671199999998,38.087111100000001]},"properties":{"FID":19619}},{"type":"Feature","id":19620,"geometry":{"type":"Point","coordinates":[23.968094300000001,38.130904399999999]},"properties":{"FID":19620}},{"type":"Feature","id":19643,"geometry":{"type":"Point","coordinates":[23.690706899999999,37.962035899999997]},"properties":{"FID":19643}},{"type":"Feature","id":19647,"geometry":{"type":"Point","coordinates":[23.691663200000001,37.963126899999999]},"properties":{"FID":19647}},{"type":"Feature","id":19650,"geometry":{"type":"Point","coordinates":[23.694276800000001,37.965419300000001]},"properties":{"FID":19650}},{"type":"Feature","id":19654,"geometry":{"type":"Point","coordinates":[23.694462000000001,37.965516800000003]},"properties":{"FID":19654}},{"type":"Feature","id":19664,"geometry":{"type":"Point","coordinates":[23.697206600000001,37.967666800000003]},"properties":{"FID":19664}},{"type":"Feature","id":19665,"geometry":{"type":"Point","coordinates":[23.696986500000001,37.967650800000001]},"properties":{"FID":19665}},{"type":"Feature","id":19674,"geometry":{"type":"Point","coordinates":[23.707761099999999,37.979840899999999]},"properties":{"FID":19674}},{"type":"Feature","id":19685,"geometry":{"type":"Point","coordinates":[23.7277478,37.988060300000001]},"properties":{"FID":19685}},{"type":"Feature","id":19687,"geometry":{"type":"Point","coordinates":[23.734878699999999,37.980874]},"properties":{"FID":19687}},{"type":"Feature","id":19690,"geometry":{"type":"Point","coordinates":[23.726858499999999,37.984436600000002]},"properties":{"FID":19690}},{"type":"Feature","id":19692,"geometry":{"type":"Point","coordinates":[23.726832900000002,37.990477300000002]},"properties":{"FID":19692}},{"type":"Feature","id":19693,"geometry":{"type":"Point","coordinates":[23.7290384,37.983169799999999]},"properties":{"FID":19693}},{"type":"Feature","id":19710,"geometry":{"type":"Point","coordinates":[23.7052564,38.0013699]},"properties":{"FID":19710}},{"type":"Feature","id":19711,"geometry":{"type":"Point","coordinates":[23.7050971,38.001424100000001]},"properties":{"FID":19711}},{"type":"Feature","id":19714,"geometry":{"type":"Point","coordinates":[23.705140400000001,38.001890199999998]},"properties":{"FID":19714}},{"type":"Feature","id":19715,"geometry":{"type":"Point","coordinates":[23.705196900000001,38.001853300000001]},"properties":{"FID":19715}},{"type":"Feature","id":19717,"geometry":{"type":"Point","coordinates":[23.7053461,38.001816400000003]},"properties":{"FID":19717}},{"type":"Feature","id":19721,"geometry":{"type":"Point","coordinates":[23.7055784,38.001413100000001]},"properties":{"FID":19721}},{"type":"Feature","id":19746,"geometry":{"type":"Point","coordinates":[23.7047259,37.953339900000003]},"properties":{"FID":19746}},{"type":"Feature","id":19752,"geometry":{"type":"Point","coordinates":[23.709733799999999,37.956782699999998]},"properties":{"FID":19752}},{"type":"Feature","id":19755,"geometry":{"type":"Point","coordinates":[23.707049399999999,37.959464199999999]},"properties":{"FID":19755}},{"type":"Feature","id":19757,"geometry":{"type":"Point","coordinates":[23.7044459,37.945883299999998]},"properties":{"FID":19757}},{"type":"Feature","id":19762,"geometry":{"type":"Point","coordinates":[23.698983800000001,38.006809599999997]},"properties":{"FID":19762}},{"type":"Feature","id":19778,"geometry":{"type":"Point","coordinates":[23.6993483,38.006542500000002]},"properties":{"FID":19778}},{"type":"Feature","id":19794,"geometry":{"type":"Point","coordinates":[23.670872200000002,38.039147]},"properties":{"FID":19794}},{"type":"Feature","id":19795,"geometry":{"type":"Point","coordinates":[23.670787499999999,38.039231200000003]},"properties":{"FID":19795}},{"type":"Feature","id":19802,"geometry":{"type":"Point","coordinates":[23.656392199999999,38.0123757]},"properties":{"FID":19802}},{"type":"Feature","id":19804,"geometry":{"type":"Point","coordinates":[23.6570483,38.012583800000002]},"properties":{"FID":19804}},{"type":"Feature","id":19805,"geometry":{"type":"Point","coordinates":[23.658571200000001,38.012612900000001]},"properties":{"FID":19805}},{"type":"Feature","id":19806,"geometry":{"type":"Point","coordinates":[23.6593667,38.012433899999998]},"properties":{"FID":19806}},{"type":"Feature","id":19807,"geometry":{"type":"Point","coordinates":[23.659967900000002,38.0124456]},"properties":{"FID":19807}},{"type":"Feature","id":19809,"geometry":{"type":"Point","coordinates":[23.660079100000001,38.012641799999997]},"properties":{"FID":19809}},{"type":"Feature","id":19810,"geometry":{"type":"Point","coordinates":[23.660701,38.012459499999999]},"properties":{"FID":19810}},{"type":"Feature","id":19816,"geometry":{"type":"Point","coordinates":[23.6612446,38.014741800000003]},"properties":{"FID":19816}},{"type":"Feature","id":19817,"geometry":{"type":"Point","coordinates":[23.661249699999999,38.0146619]},"properties":{"FID":19817}},{"type":"Feature","id":19820,"geometry":{"type":"Point","coordinates":[23.6612723,38.014944999999997]},"properties":{"FID":19820}},{"type":"Feature","id":19823,"geometry":{"type":"Point","coordinates":[23.6617937,38.014900099999998]},"properties":{"FID":19823}},{"type":"Feature","id":19824,"geometry":{"type":"Point","coordinates":[23.661666499999999,38.014990300000001]},"properties":{"FID":19824}},{"type":"Feature","id":19832,"geometry":{"type":"Point","coordinates":[23.668032,38.0110302]},"properties":{"FID":19832}},{"type":"Feature","id":19847,"geometry":{"type":"Point","coordinates":[23.6664861,38.011629900000003]},"properties":{"FID":19847}},{"type":"Feature","id":19863,"geometry":{"type":"Point","coordinates":[23.659550400000001,38.003055199999999]},"properties":{"FID":19863}},{"type":"Feature","id":19864,"geometry":{"type":"Point","coordinates":[23.659600000000001,38.003103799999998]},"properties":{"FID":19864}},{"type":"Feature","id":19867,"geometry":{"type":"Point","coordinates":[23.661180999999999,38.008752100000002]},"properties":{"FID":19867}},{"type":"Feature","id":19871,"geometry":{"type":"Point","coordinates":[23.6629787,38.000419399999998]},"properties":{"FID":19871}},{"type":"Feature","id":19872,"geometry":{"type":"Point","coordinates":[23.6625981,38.000630600000001]},"properties":{"FID":19872}},{"type":"Feature","id":19874,"geometry":{"type":"Point","coordinates":[23.664043400000001,38.003880299999999]},"properties":{"FID":19874}},{"type":"Feature","id":19882,"geometry":{"type":"Point","coordinates":[23.669751999999999,38.010011800000001]},"properties":{"FID":19882}},{"type":"Feature","id":19884,"geometry":{"type":"Point","coordinates":[23.6699825,38.009736099999998]},"properties":{"FID":19884}},{"type":"Feature","id":19927,"geometry":{"type":"Point","coordinates":[23.659380599999999,37.9879617]},"properties":{"FID":19927}},{"type":"Feature","id":19928,"geometry":{"type":"Point","coordinates":[23.659146,37.987882200000001]},"properties":{"FID":19928}},{"type":"Feature","id":19929,"geometry":{"type":"Point","coordinates":[23.6723958,37.983032199999997]},"properties":{"FID":19929}},{"type":"Feature","id":19931,"geometry":{"type":"Point","coordinates":[23.6466286,37.968532400000001]},"properties":{"FID":19931}},{"type":"Feature","id":19953,"geometry":{"type":"Point","coordinates":[23.667836000000001,37.9761047]},"properties":{"FID":19953}},{"type":"Feature","id":19963,"geometry":{"type":"Point","coordinates":[23.691643200000001,37.949461100000001]},"properties":{"FID":19963}},{"type":"Feature","id":19964,"geometry":{"type":"Point","coordinates":[23.691449299999999,37.949463399999999]},"properties":{"FID":19964}},{"type":"Feature","id":19965,"geometry":{"type":"Point","coordinates":[23.691498800000002,37.949764999999999]},"properties":{"FID":19965}},{"type":"Feature","id":19973,"geometry":{"type":"Point","coordinates":[23.689503800000001,37.947845299999997]},"properties":{"FID":19973}},{"type":"Feature","id":19975,"geometry":{"type":"Point","coordinates":[23.6903559,37.948643699999998]},"properties":{"FID":19975}},{"type":"Feature","id":19978,"geometry":{"type":"Point","coordinates":[23.690394000000001,37.948937299999997]},"properties":{"FID":19978}},{"type":"Feature","id":19979,"geometry":{"type":"Point","coordinates":[23.6901802,37.9489436]},"properties":{"FID":19979}},{"type":"Feature","id":19984,"geometry":{"type":"Point","coordinates":[23.6882144,37.947040299999998]},"properties":{"FID":19984}},{"type":"Feature","id":19988,"geometry":{"type":"Point","coordinates":[23.688279600000001,37.947335899999999]},"properties":{"FID":19988}},{"type":"Feature","id":20001,"geometry":{"type":"Point","coordinates":[23.689278600000002,37.947843200000001]},"properties":{"FID":20001}},{"type":"Feature","id":20009,"geometry":{"type":"Point","coordinates":[23.695251599999999,37.951734999999999]},"properties":{"FID":20009}},{"type":"Feature","id":20011,"geometry":{"type":"Point","coordinates":[23.695014199999999,37.952028800000001]},"properties":{"FID":20011}},{"type":"Feature","id":20014,"geometry":{"type":"Point","coordinates":[23.695060600000001,37.951796799999997]},"properties":{"FID":20014}},{"type":"Feature","id":20020,"geometry":{"type":"Point","coordinates":[23.7824138,38.003360499999999]},"properties":{"FID":20020}},{"type":"Feature","id":20021,"geometry":{"type":"Point","coordinates":[23.7822891,38.003255799999998]},"properties":{"FID":20021}},{"type":"Feature","id":20028,"geometry":{"type":"Point","coordinates":[23.784237000000001,38.003652099999996]},"properties":{"FID":20028}},{"type":"Feature","id":20031,"geometry":{"type":"Point","coordinates":[23.783544500000001,38.002777500000001]},"properties":{"FID":20031}},{"type":"Feature","id":20032,"geometry":{"type":"Point","coordinates":[23.787030099999999,38.001046700000003]},"properties":{"FID":20032}},{"type":"Feature","id":20033,"geometry":{"type":"Point","coordinates":[23.786604000000001,38.000671199999999]},"properties":{"FID":20033}},{"type":"Feature","id":20035,"geometry":{"type":"Point","coordinates":[23.786442099999999,38.000414399999997]},"properties":{"FID":20035}},{"type":"Feature","id":20036,"geometry":{"type":"Point","coordinates":[23.7866894,38.000399700000003]},"properties":{"FID":20036}},{"type":"Feature","id":20042,"geometry":{"type":"Point","coordinates":[23.788709300000001,38.001333799999998]},"properties":{"FID":20042}},{"type":"Feature","id":20044,"geometry":{"type":"Point","coordinates":[23.788786099999999,38.001610800000002]},"properties":{"FID":20044}},{"type":"Feature","id":20046,"geometry":{"type":"Point","coordinates":[23.788551500000001,38.001402499999998]},"properties":{"FID":20046}},{"type":"Feature","id":20058,"geometry":{"type":"Point","coordinates":[23.792955800000001,38.003512600000001]},"properties":{"FID":20058}},{"type":"Feature","id":20062,"geometry":{"type":"Point","coordinates":[23.795415200000001,38.005517300000001]},"properties":{"FID":20062}},{"type":"Feature","id":20065,"geometry":{"type":"Point","coordinates":[23.733174399999999,38.000137299999999]},"properties":{"FID":20065}},{"type":"Feature","id":20067,"geometry":{"type":"Point","coordinates":[23.733390100000001,38.000231599999999]},"properties":{"FID":20067}},{"type":"Feature","id":20070,"geometry":{"type":"Point","coordinates":[23.733796300000002,38.002098799999999]},"properties":{"FID":20070}},{"type":"Feature","id":20073,"geometry":{"type":"Point","coordinates":[23.734007800000001,38.001958700000003]},"properties":{"FID":20073}},{"type":"Feature","id":20074,"geometry":{"type":"Point","coordinates":[23.733810399999999,38.001936299999997]},"properties":{"FID":20074}},{"type":"Feature","id":20076,"geometry":{"type":"Point","coordinates":[23.733726399999998,38.001580300000001]},"properties":{"FID":20076}},{"type":"Feature","id":20077,"geometry":{"type":"Point","coordinates":[23.733592099999999,38.001517800000002]},"properties":{"FID":20077}},{"type":"Feature","id":20078,"geometry":{"type":"Point","coordinates":[23.733583200000002,38.000985100000001]},"properties":{"FID":20078}},{"type":"Feature","id":20079,"geometry":{"type":"Point","coordinates":[23.733691199999999,38.001429199999997]},"properties":{"FID":20079}},{"type":"Feature","id":20080,"geometry":{"type":"Point","coordinates":[23.733667000000001,38.000889100000002]},"properties":{"FID":20080}},{"type":"Feature","id":20082,"geometry":{"type":"Point","coordinates":[23.733546799999999,38.000839499999998]},"properties":{"FID":20082}},{"type":"Feature","id":20085,"geometry":{"type":"Point","coordinates":[23.7346769,38.0001672]},"properties":{"FID":20085}},{"type":"Feature","id":20086,"geometry":{"type":"Point","coordinates":[23.734793400000001,38.000639399999997]},"properties":{"FID":20086}},{"type":"Feature","id":20087,"geometry":{"type":"Point","coordinates":[23.7346106,38.000726299999997]},"properties":{"FID":20087}},{"type":"Feature","id":20088,"geometry":{"type":"Point","coordinates":[23.734943300000001,38.001281599999999]},"properties":{"FID":20088}},{"type":"Feature","id":20089,"geometry":{"type":"Point","coordinates":[23.735060199999999,38.0017493]},"properties":{"FID":20089}},{"type":"Feature","id":20090,"geometry":{"type":"Point","coordinates":[23.735157600000001,38.001772199999998]},"properties":{"FID":20090}},{"type":"Feature","id":20091,"geometry":{"type":"Point","coordinates":[23.734907199999999,38.001319799999997]},"properties":{"FID":20091}},{"type":"Feature","id":20094,"geometry":{"type":"Point","coordinates":[23.728550800000001,38.004159000000001]},"properties":{"FID":20094}},{"type":"Feature","id":20098,"geometry":{"type":"Point","coordinates":[23.729294500000002,38.006241000000003]},"properties":{"FID":20098}},{"type":"Feature","id":20099,"geometry":{"type":"Point","coordinates":[23.729238800000001,38.006084000000001]},"properties":{"FID":20099}},{"type":"Feature","id":20136,"geometry":{"type":"Point","coordinates":[23.782204499999999,38.003394100000001]},"properties":{"FID":20136}},{"type":"Feature","id":20148,"geometry":{"type":"Point","coordinates":[23.7532122,38.020145499999998]},"properties":{"FID":20148}},{"type":"Feature","id":20152,"geometry":{"type":"Point","coordinates":[23.779485099999999,37.995342100000002]},"properties":{"FID":20152}},{"type":"Feature","id":20163,"geometry":{"type":"Point","coordinates":[23.794351500000001,38.0228532]},"properties":{"FID":20163}},{"type":"Feature","id":20173,"geometry":{"type":"Point","coordinates":[23.7377149,37.942314500000002]},"properties":{"FID":20173}},{"type":"Feature","id":20195,"geometry":{"type":"Point","coordinates":[23.7457745,37.962862800000003]},"properties":{"FID":20195}},{"type":"Feature","id":20197,"geometry":{"type":"Point","coordinates":[23.751017099999999,37.910061599999999]},"properties":{"FID":20197}},{"type":"Feature","id":20198,"geometry":{"type":"Point","coordinates":[23.743838499999999,37.9348448]},"properties":{"FID":20198}},{"type":"Feature","id":20207,"geometry":{"type":"Point","coordinates":[23.747368600000001,37.928905499999999]},"properties":{"FID":20207}},{"type":"Feature","id":20208,"geometry":{"type":"Point","coordinates":[23.7490749,37.9422481]},"properties":{"FID":20208}},{"type":"Feature","id":20219,"geometry":{"type":"Point","coordinates":[23.756871799999999,37.938707000000001]},"properties":{"FID":20219}},{"type":"Feature","id":20222,"geometry":{"type":"Point","coordinates":[23.749108100000001,37.8633503]},"properties":{"FID":20222}},{"type":"Feature","id":20225,"geometry":{"type":"Point","coordinates":[23.745539900000001,37.882755699999997]},"properties":{"FID":20225}},{"type":"Feature","id":20246,"geometry":{"type":"Point","coordinates":[23.638940699999999,38.012970899999999]},"properties":{"FID":20246}},{"type":"Feature","id":20248,"geometry":{"type":"Point","coordinates":[23.6387091,38.012719799999999]},"properties":{"FID":20248}},{"type":"Feature","id":20251,"geometry":{"type":"Point","coordinates":[23.640403599999999,38.012289099999997]},"properties":{"FID":20251}},{"type":"Feature","id":20262,"geometry":{"type":"Point","coordinates":[23.640689900000002,38.012115299999998]},"properties":{"FID":20262}},{"type":"Feature","id":20266,"geometry":{"type":"Point","coordinates":[23.640980599999999,38.0123441]},"properties":{"FID":20266}},{"type":"Feature","id":20267,"geometry":{"type":"Point","coordinates":[23.6406353,38.012539599999997]},"properties":{"FID":20267}},{"type":"Feature","id":20305,"geometry":{"type":"Point","coordinates":[23.597112800000001,38.030218400000003]},"properties":{"FID":20305}},{"type":"Feature","id":20306,"geometry":{"type":"Point","coordinates":[23.596792700000002,38.030244099999997]},"properties":{"FID":20306}},{"type":"Feature","id":20308,"geometry":{"type":"Point","coordinates":[23.5967445,38.030519699999999]},"properties":{"FID":20308}},{"type":"Feature","id":20340,"geometry":{"type":"Point","coordinates":[23.6000464,37.962114800000002]},"properties":{"FID":20340}},{"type":"Feature","id":20341,"geometry":{"type":"Point","coordinates":[23.600230199999999,37.962225500000002]},"properties":{"FID":20341}},{"type":"Feature","id":20358,"geometry":{"type":"Point","coordinates":[23.604078699999999,38.010257500000002]},"properties":{"FID":20358}},{"type":"Feature","id":20360,"geometry":{"type":"Point","coordinates":[23.604029300000001,38.010134600000001]},"properties":{"FID":20360}},{"type":"Feature","id":20362,"geometry":{"type":"Point","coordinates":[23.604309099999998,38.010207100000002]},"properties":{"FID":20362}},{"type":"Feature","id":20363,"geometry":{"type":"Point","coordinates":[23.6026794,38.002086400000003]},"properties":{"FID":20363}},{"type":"Feature","id":20365,"geometry":{"type":"Point","coordinates":[23.6025618,38.002116100000002]},"properties":{"FID":20365}},{"type":"Feature","id":20409,"geometry":{"type":"Point","coordinates":[23.604364799999999,38.010439400000003]},"properties":{"FID":20409}},{"type":"Feature","id":20414,"geometry":{"type":"Point","coordinates":[23.722954399999999,37.993370499999997]},"properties":{"FID":20414}},{"type":"Feature","id":20416,"geometry":{"type":"Point","coordinates":[23.723067199999999,37.993481699999997]},"properties":{"FID":20416}},{"type":"Feature","id":20418,"geometry":{"type":"Point","coordinates":[23.722904499999999,37.993549600000001]},"properties":{"FID":20418}},{"type":"Feature","id":20438,"geometry":{"type":"Point","coordinates":[23.722054,37.9958788]},"properties":{"FID":20438}},{"type":"Feature","id":20440,"geometry":{"type":"Point","coordinates":[23.722207600000001,37.995736200000003]},"properties":{"FID":20440}},{"type":"Feature","id":20441,"geometry":{"type":"Point","coordinates":[23.722419800000001,37.9954976]},"properties":{"FID":20441}},{"type":"Feature","id":20458,"geometry":{"type":"Point","coordinates":[23.738354999999999,38.040682599999997]},"properties":{"FID":20458}},{"type":"Feature","id":20461,"geometry":{"type":"Point","coordinates":[23.738303599999998,38.040596800000003]},"properties":{"FID":20461}},{"type":"Feature","id":20470,"geometry":{"type":"Point","coordinates":[23.738897699999999,38.036460400000003]},"properties":{"FID":20470}},{"type":"Feature","id":20472,"geometry":{"type":"Point","coordinates":[23.738895500000002,38.036853299999997]},"properties":{"FID":20472}},{"type":"Feature","id":20474,"geometry":{"type":"Point","coordinates":[23.739049399999999,38.036813199999997]},"properties":{"FID":20474}},{"type":"Feature","id":20478,"geometry":{"type":"Point","coordinates":[23.739988199999999,38.036329100000003]},"properties":{"FID":20478}},{"type":"Feature","id":20479,"geometry":{"type":"Point","coordinates":[23.739271299999999,38.037307400000003]},"properties":{"FID":20479}},{"type":"Feature","id":20480,"geometry":{"type":"Point","coordinates":[23.739402299999998,38.037204000000003]},"properties":{"FID":20480}},{"type":"Feature","id":20483,"geometry":{"type":"Point","coordinates":[23.739187699999999,38.037127699999999]},"properties":{"FID":20483}},{"type":"Feature","id":20487,"geometry":{"type":"Point","coordinates":[23.737621499999999,38.037455799999996]},"properties":{"FID":20487}},{"type":"Feature","id":20490,"geometry":{"type":"Point","coordinates":[23.735528800000001,38.035735299999999]},"properties":{"FID":20490}},{"type":"Feature","id":20504,"geometry":{"type":"Point","coordinates":[23.738265999999999,38.040724400000002]},"properties":{"FID":20504}},{"type":"Feature","id":20508,"geometry":{"type":"Point","coordinates":[23.759378900000002,38.000376099999997]},"properties":{"FID":20508}},{"type":"Feature","id":20509,"geometry":{"type":"Point","coordinates":[23.759566,38.000415799999999]},"properties":{"FID":20509}},{"type":"Feature","id":20510,"geometry":{"type":"Point","coordinates":[23.7596773,38.000675399999999]},"properties":{"FID":20510}},{"type":"Feature","id":20511,"geometry":{"type":"Point","coordinates":[23.759614299999999,38.0007442]},"properties":{"FID":20511}},{"type":"Feature","id":20512,"geometry":{"type":"Point","coordinates":[23.7594189,38.000754800000003]},"properties":{"FID":20512}},{"type":"Feature","id":20513,"geometry":{"type":"Point","coordinates":[23.7594484,38.000642300000003]},"properties":{"FID":20513}},{"type":"Feature","id":20518,"geometry":{"type":"Point","coordinates":[23.761175999999999,38.000968100000001]},"properties":{"FID":20518}},{"type":"Feature","id":20520,"geometry":{"type":"Point","coordinates":[23.761272000000002,38.001095800000002]},"properties":{"FID":20520}},{"type":"Feature","id":20521,"geometry":{"type":"Point","coordinates":[23.761383899999998,38.000974999999997]},"properties":{"FID":20521}},{"type":"Feature","id":20523,"geometry":{"type":"Point","coordinates":[23.7612764,38.000868199999999]},"properties":{"FID":20523}},{"type":"Feature","id":20527,"geometry":{"type":"Point","coordinates":[23.765343399999999,38.001202599999999]},"properties":{"FID":20527}},{"type":"Feature","id":20528,"geometry":{"type":"Point","coordinates":[23.7653885,38.0011443]},"properties":{"FID":20528}},{"type":"Feature","id":20572,"geometry":{"type":"Point","coordinates":[23.854818600000002,38.141765900000003]},"properties":{"FID":20572}},{"type":"Feature","id":20584,"geometry":{"type":"Point","coordinates":[23.858459,38.130467000000003]},"properties":{"FID":20584}},{"type":"Feature","id":20592,"geometry":{"type":"Point","coordinates":[23.8596027,38.132876699999997]},"properties":{"FID":20592}},{"type":"Feature","id":20638,"geometry":{"type":"Point","coordinates":[23.845500999999999,38.139313000000001]},"properties":{"FID":20638}},{"type":"Feature","id":20639,"geometry":{"type":"Point","coordinates":[23.845353899999999,38.139383700000003]},"properties":{"FID":20639}},{"type":"Feature","id":20640,"geometry":{"type":"Point","coordinates":[23.845404899999998,38.139528200000001]},"properties":{"FID":20640}},{"type":"Feature","id":20651,"geometry":{"type":"Point","coordinates":[23.722102400000001,38.002512500000002]},"properties":{"FID":20651}},{"type":"Feature","id":20653,"geometry":{"type":"Point","coordinates":[23.7223054,38.001444599999999]},"properties":{"FID":20653}},{"type":"Feature","id":20654,"geometry":{"type":"Point","coordinates":[23.7222002,38.0015304]},"properties":{"FID":20654}},{"type":"Feature","id":20659,"geometry":{"type":"Point","coordinates":[23.722404099999999,38.0015073]},"properties":{"FID":20659}},{"type":"Feature","id":20660,"geometry":{"type":"Point","coordinates":[23.722293700000002,38.001596399999997]},"properties":{"FID":20660}},{"type":"Feature","id":20661,"geometry":{"type":"Point","coordinates":[23.7223437,38.000349200000002]},"properties":{"FID":20661}},{"type":"Feature","id":20667,"geometry":{"type":"Point","coordinates":[23.723393000000002,38.001430300000003]},"properties":{"FID":20667}},{"type":"Feature","id":20678,"geometry":{"type":"Point","coordinates":[23.723128500000001,38.001414199999999]},"properties":{"FID":20678}},{"type":"Feature","id":20697,"geometry":{"type":"Point","coordinates":[23.415119399999998,38.000081000000002]},"properties":{"FID":20697}},{"type":"Feature","id":20698,"geometry":{"type":"Point","coordinates":[23.4151946,38.000124399999997]},"properties":{"FID":20698}},{"type":"Feature","id":20756,"geometry":{"type":"Point","coordinates":[23.714820899999999,37.945517799999998]},"properties":{"FID":20756}},{"type":"Feature","id":20806,"geometry":{"type":"Point","coordinates":[23.703070199999999,37.9754279]},"properties":{"FID":20806}},{"type":"Feature","id":20807,"geometry":{"type":"Point","coordinates":[23.702687000000001,37.975333399999997]},"properties":{"FID":20807}},{"type":"Feature","id":20815,"geometry":{"type":"Point","coordinates":[23.702791900000001,37.970330699999998]},"properties":{"FID":20815}},{"type":"Feature","id":20816,"geometry":{"type":"Point","coordinates":[23.702840299999998,37.970260000000003]},"properties":{"FID":20816}},{"type":"Feature","id":20824,"geometry":{"type":"Point","coordinates":[23.699847200000001,37.968751300000001]},"properties":{"FID":20824}},{"type":"Feature","id":20826,"geometry":{"type":"Point","coordinates":[23.6997392,37.969059299999998]},"properties":{"FID":20826}},{"type":"Feature","id":20830,"geometry":{"type":"Point","coordinates":[23.697366200000001,37.975747599999998]},"properties":{"FID":20830}},{"type":"Feature","id":20835,"geometry":{"type":"Point","coordinates":[23.6990497,37.968955000000001]},"properties":{"FID":20835}},{"type":"Feature","id":20857,"geometry":{"type":"Point","coordinates":[23.697205499999999,37.975537699999997]},"properties":{"FID":20857}},{"type":"Feature","id":20859,"geometry":{"type":"Point","coordinates":[23.697086899999999,37.975631499999999]},"properties":{"FID":20859}},{"type":"Feature","id":20861,"geometry":{"type":"Point","coordinates":[23.695923100000002,37.975894400000001]},"properties":{"FID":20861}},{"type":"Feature","id":20865,"geometry":{"type":"Point","coordinates":[23.696188599999999,37.975790500000002]},"properties":{"FID":20865}},{"type":"Feature","id":20872,"geometry":{"type":"Point","coordinates":[23.694990099999998,37.972007900000001]},"properties":{"FID":20872}},{"type":"Feature","id":20876,"geometry":{"type":"Point","coordinates":[23.694891299999998,37.971923599999997]},"properties":{"FID":20876}},{"type":"Feature","id":20886,"geometry":{"type":"Point","coordinates":[23.690936099999998,37.9758949]},"properties":{"FID":20886}},{"type":"Feature","id":20887,"geometry":{"type":"Point","coordinates":[23.691149100000001,37.975784400000002]},"properties":{"FID":20887}},{"type":"Feature","id":20889,"geometry":{"type":"Point","coordinates":[23.691182099999999,37.975879800000001]},"properties":{"FID":20889}},{"type":"Feature","id":20910,"geometry":{"type":"Point","coordinates":[23.6758867,37.993380199999997]},"properties":{"FID":20910}},{"type":"Feature","id":20912,"geometry":{"type":"Point","coordinates":[23.676068900000001,37.993498600000002]},"properties":{"FID":20912}},{"type":"Feature","id":20914,"geometry":{"type":"Point","coordinates":[23.672513299999999,37.995093599999997]},"properties":{"FID":20914}},{"type":"Feature","id":20915,"geometry":{"type":"Point","coordinates":[23.672590499999998,37.995003500000003]},"properties":{"FID":20915}},{"type":"Feature","id":20916,"geometry":{"type":"Point","coordinates":[23.673429899999999,37.992550299999998]},"properties":{"FID":20916}},{"type":"Feature","id":20919,"geometry":{"type":"Point","coordinates":[23.6756487,37.993603200000003]},"properties":{"FID":20919}},{"type":"Feature","id":20920,"geometry":{"type":"Point","coordinates":[23.672171599999999,37.992138500000003]},"properties":{"FID":20920}},{"type":"Feature","id":20925,"geometry":{"type":"Point","coordinates":[23.677220200000001,37.990559599999997]},"properties":{"FID":20925}},{"type":"Feature","id":20926,"geometry":{"type":"Point","coordinates":[23.677092999999999,37.9907544]},"properties":{"FID":20926}},{"type":"Feature","id":20931,"geometry":{"type":"Point","coordinates":[23.6679338,37.996987900000001]},"properties":{"FID":20931}},{"type":"Feature","id":20940,"geometry":{"type":"Point","coordinates":[23.6671634,37.9661063]},"properties":{"FID":20940}},{"type":"Feature","id":20941,"geometry":{"type":"Point","coordinates":[23.668948400000001,37.944701899999998]},"properties":{"FID":20941}},{"type":"Feature","id":20954,"geometry":{"type":"Point","coordinates":[23.663133299999998,37.951224099999997]},"properties":{"FID":20954}},{"type":"Feature","id":20956,"geometry":{"type":"Point","coordinates":[23.659178600000001,37.988047799999997]},"properties":{"FID":20956}},{"type":"Feature","id":20963,"geometry":{"type":"Point","coordinates":[23.681328499999999,37.953552600000002]},"properties":{"FID":20963}},{"type":"Feature","id":20965,"geometry":{"type":"Point","coordinates":[23.6803305,37.9570905]},"properties":{"FID":20965}},{"type":"Feature","id":20975,"geometry":{"type":"Point","coordinates":[23.727560199999999,37.976478299999997]},"properties":{"FID":20975}},{"type":"Feature","id":20989,"geometry":{"type":"Point","coordinates":[23.721555299999999,37.939089699999997]},"properties":{"FID":20989}},{"type":"Feature","id":20999,"geometry":{"type":"Point","coordinates":[23.7217564,37.938943999999999]},"properties":{"FID":20999}},{"type":"Feature","id":21011,"geometry":{"type":"Point","coordinates":[23.726287200000002,37.944819899999999]},"properties":{"FID":21011}},{"type":"Feature","id":21012,"geometry":{"type":"Point","coordinates":[23.726104800000002,37.944836299999999]},"properties":{"FID":21012}},{"type":"Feature","id":21013,"geometry":{"type":"Point","coordinates":[23.726102000000001,37.944968000000003]},"properties":{"FID":21013}},{"type":"Feature","id":21014,"geometry":{"type":"Point","coordinates":[23.726247499999999,37.944977000000002]},"properties":{"FID":21014}},{"type":"Feature","id":21021,"geometry":{"type":"Point","coordinates":[23.728675800000001,37.939602000000001]},"properties":{"FID":21021}},{"type":"Feature","id":21022,"geometry":{"type":"Point","coordinates":[23.7286067,37.939741300000001]},"properties":{"FID":21022}},{"type":"Feature","id":21027,"geometry":{"type":"Point","coordinates":[23.728273099999999,37.943179200000003]},"properties":{"FID":21027}},{"type":"Feature","id":21029,"geometry":{"type":"Point","coordinates":[23.728287600000002,37.942857099999998]},"properties":{"FID":21029}},{"type":"Feature","id":21041,"geometry":{"type":"Point","coordinates":[23.781957299999998,37.997426099999998]},"properties":{"FID":21041}},{"type":"Feature","id":21054,"geometry":{"type":"Point","coordinates":[23.731355300000001,37.991585399999998]},"properties":{"FID":21054}},{"type":"Feature","id":21055,"geometry":{"type":"Point","coordinates":[23.7312914,37.991959000000001]},"properties":{"FID":21055}},{"type":"Feature","id":21056,"geometry":{"type":"Point","coordinates":[23.731557500000001,37.991768700000002]},"properties":{"FID":21056}},{"type":"Feature","id":21072,"geometry":{"type":"Point","coordinates":[23.7667672,37.993098199999999]},"properties":{"FID":21072}},{"type":"Feature","id":21081,"geometry":{"type":"Point","coordinates":[23.7305165,37.988837599999997]},"properties":{"FID":21081}},{"type":"Feature","id":21082,"geometry":{"type":"Point","coordinates":[23.729177,37.988794900000002]},"properties":{"FID":21082}},{"type":"Feature","id":21091,"geometry":{"type":"Point","coordinates":[23.729608299999999,37.9887844]},"properties":{"FID":21091}},{"type":"Feature","id":21092,"geometry":{"type":"Point","coordinates":[23.739442499999999,37.944680300000002]},"properties":{"FID":21092}},{"type":"Feature","id":21094,"geometry":{"type":"Point","coordinates":[23.739001600000002,37.9465407]},"properties":{"FID":21094}},{"type":"Feature","id":21095,"geometry":{"type":"Point","coordinates":[23.7393061,37.948882900000001]},"properties":{"FID":21095}},{"type":"Feature","id":21096,"geometry":{"type":"Point","coordinates":[23.739830099999999,37.946764600000002]},"properties":{"FID":21096}},{"type":"Feature","id":21097,"geometry":{"type":"Point","coordinates":[23.739894899999999,37.946857000000001]},"properties":{"FID":21097}},{"type":"Feature","id":21100,"geometry":{"type":"Point","coordinates":[23.739187900000001,37.9498605]},"properties":{"FID":21100}},{"type":"Feature","id":21103,"geometry":{"type":"Point","coordinates":[23.737387300000002,37.948497000000003]},"properties":{"FID":21103}},{"type":"Feature","id":21113,"geometry":{"type":"Point","coordinates":[23.734757399999999,37.946631600000003]},"properties":{"FID":21113}},{"type":"Feature","id":21114,"geometry":{"type":"Point","coordinates":[23.734848700000001,37.947112099999998]},"properties":{"FID":21114}},{"type":"Feature","id":21119,"geometry":{"type":"Point","coordinates":[23.729589000000001,37.945239700000002]},"properties":{"FID":21119}},{"type":"Feature","id":21153,"geometry":{"type":"Point","coordinates":[23.731159900000002,37.951011299999998]},"properties":{"FID":21153}},{"type":"Feature","id":21154,"geometry":{"type":"Point","coordinates":[23.731193000000001,37.950922599999998]},"properties":{"FID":21154}},{"type":"Feature","id":21155,"geometry":{"type":"Point","coordinates":[23.731088400000001,37.950907800000003]},"properties":{"FID":21155}},{"type":"Feature","id":21166,"geometry":{"type":"Point","coordinates":[23.732322700000001,37.952096300000001]},"properties":{"FID":21166}},{"type":"Feature","id":21202,"geometry":{"type":"Point","coordinates":[23.7324983,37.9463127]},"properties":{"FID":21202}},{"type":"Feature","id":21219,"geometry":{"type":"Point","coordinates":[23.737428900000001,37.948610000000002]},"properties":{"FID":21219}},{"type":"Feature","id":21220,"geometry":{"type":"Point","coordinates":[23.741465900000001,37.937974799999999]},"properties":{"FID":21220}},{"type":"Feature","id":21221,"geometry":{"type":"Point","coordinates":[23.741763200000001,37.937897100000001]},"properties":{"FID":21221}},{"type":"Feature","id":21225,"geometry":{"type":"Point","coordinates":[23.740811799999999,37.943250300000003]},"properties":{"FID":21225}},{"type":"Feature","id":21228,"geometry":{"type":"Point","coordinates":[23.740116700000002,37.941955800000002]},"properties":{"FID":21228}},{"type":"Feature","id":21232,"geometry":{"type":"Point","coordinates":[23.7398615,37.942972699999999]},"properties":{"FID":21232}},{"type":"Feature","id":21236,"geometry":{"type":"Point","coordinates":[23.7396204,38.033531699999997]},"properties":{"FID":21236}},{"type":"Feature","id":21237,"geometry":{"type":"Point","coordinates":[23.739848500000001,38.033643300000001]},"properties":{"FID":21237}},{"type":"Feature","id":21246,"geometry":{"type":"Point","coordinates":[23.737592100000001,38.033850000000001]},"properties":{"FID":21246}},{"type":"Feature","id":21250,"geometry":{"type":"Point","coordinates":[23.737752199999999,38.033664199999997]},"properties":{"FID":21250}},{"type":"Feature","id":21252,"geometry":{"type":"Point","coordinates":[23.737802899999998,38.033993799999998]},"properties":{"FID":21252}},{"type":"Feature","id":21253,"geometry":{"type":"Point","coordinates":[23.737966499999999,38.033857599999997]},"properties":{"FID":21253}},{"type":"Feature","id":21256,"geometry":{"type":"Point","coordinates":[23.736643300000001,38.031568499999999]},"properties":{"FID":21256}},{"type":"Feature","id":21257,"geometry":{"type":"Point","coordinates":[23.736474900000001,38.031541900000001]},"properties":{"FID":21257}},{"type":"Feature","id":21258,"geometry":{"type":"Point","coordinates":[23.736513899999999,38.0314038]},"properties":{"FID":21258}},{"type":"Feature","id":21261,"geometry":{"type":"Point","coordinates":[23.736081500000001,38.035264400000003]},"properties":{"FID":21261}},{"type":"Feature","id":21272,"geometry":{"type":"Point","coordinates":[23.746239899999999,38.054915700000002]},"properties":{"FID":21272}},{"type":"Feature","id":21278,"geometry":{"type":"Point","coordinates":[23.7452155,38.055123000000002]},"properties":{"FID":21278}},{"type":"Feature","id":21279,"geometry":{"type":"Point","coordinates":[23.7451732,38.055011700000001]},"properties":{"FID":21279}},{"type":"Feature","id":21280,"geometry":{"type":"Point","coordinates":[23.745386799999999,38.055117000000003]},"properties":{"FID":21280}},{"type":"Feature","id":21281,"geometry":{"type":"Point","coordinates":[23.744048899999999,38.0543324]},"properties":{"FID":21281}},{"type":"Feature","id":21289,"geometry":{"type":"Point","coordinates":[23.7463929,38.047698699999998]},"properties":{"FID":21289}},{"type":"Feature","id":21290,"geometry":{"type":"Point","coordinates":[23.746215100000001,38.047728399999997]},"properties":{"FID":21290}},{"type":"Feature","id":21291,"geometry":{"type":"Point","coordinates":[23.746305499999998,38.047592899999998]},"properties":{"FID":21291}},{"type":"Feature","id":21298,"geometry":{"type":"Point","coordinates":[23.749660899999999,38.050856500000002]},"properties":{"FID":21298}},{"type":"Feature","id":21303,"geometry":{"type":"Point","coordinates":[23.749611099999999,38.050636099999998]},"properties":{"FID":21303}},{"type":"Feature","id":21306,"geometry":{"type":"Point","coordinates":[23.749036499999999,38.050120499999998]},"properties":{"FID":21306}},{"type":"Feature","id":21307,"geometry":{"type":"Point","coordinates":[23.7491451,38.050074299999999]},"properties":{"FID":21307}},{"type":"Feature","id":21308,"geometry":{"type":"Point","coordinates":[23.749383900000002,38.050235499999999]},"properties":{"FID":21308}},{"type":"Feature","id":21309,"geometry":{"type":"Point","coordinates":[23.749264799999999,38.050425599999997]},"properties":{"FID":21309}},{"type":"Feature","id":21330,"geometry":{"type":"Point","coordinates":[23.722121699999999,38.004209199999998]},"properties":{"FID":21330}},{"type":"Feature","id":21331,"geometry":{"type":"Point","coordinates":[23.721997099999999,38.004170100000003]},"properties":{"FID":21331}},{"type":"Feature","id":21342,"geometry":{"type":"Point","coordinates":[23.726420600000001,38.042124000000001]},"properties":{"FID":21342}},{"type":"Feature","id":21378,"geometry":{"type":"Point","coordinates":[23.728486700000001,38.0453112]},"properties":{"FID":21378}},{"type":"Feature","id":21383,"geometry":{"type":"Point","coordinates":[23.7276712,38.043821100000002]},"properties":{"FID":21383}},{"type":"Feature","id":21436,"geometry":{"type":"Point","coordinates":[23.731299,37.940924299999999]},"properties":{"FID":21436}},{"type":"Feature","id":21437,"geometry":{"type":"Point","coordinates":[23.731332800000001,37.941123099999999]},"properties":{"FID":21437}},{"type":"Feature","id":21441,"geometry":{"type":"Point","coordinates":[23.731143899999999,37.939000399999998]},"properties":{"FID":21441}},{"type":"Feature","id":21444,"geometry":{"type":"Point","coordinates":[23.730791199999999,37.938269400000003]},"properties":{"FID":21444}},{"type":"Feature","id":21447,"geometry":{"type":"Point","coordinates":[23.734590900000001,37.937970399999998]},"properties":{"FID":21447}},{"type":"Feature","id":21448,"geometry":{"type":"Point","coordinates":[23.734589400000001,37.9378758]},"properties":{"FID":21448}},{"type":"Feature","id":21458,"geometry":{"type":"Point","coordinates":[23.7314042,37.940957500000003]},"properties":{"FID":21458}},{"type":"Feature","id":21459,"geometry":{"type":"Point","coordinates":[23.7356482,38.004061100000001]},"properties":{"FID":21459}},{"type":"Feature","id":21469,"geometry":{"type":"Point","coordinates":[23.740452600000001,38.000891899999999]},"properties":{"FID":21469}},{"type":"Feature","id":21471,"geometry":{"type":"Point","coordinates":[23.7428299,37.9963567]},"properties":{"FID":21471}},{"type":"Feature","id":21508,"geometry":{"type":"Point","coordinates":[23.731424000000001,38.002349199999998]},"properties":{"FID":21508}},{"type":"Feature","id":21510,"geometry":{"type":"Point","coordinates":[23.734091299999999,38.002778999999997]},"properties":{"FID":21510}},{"type":"Feature","id":21513,"geometry":{"type":"Point","coordinates":[23.735417500000001,38.003133599999998]},"properties":{"FID":21513}},{"type":"Feature","id":21514,"geometry":{"type":"Point","coordinates":[23.735348200000001,38.003183999999997]},"properties":{"FID":21514}},{"type":"Feature","id":21516,"geometry":{"type":"Point","coordinates":[23.734545000000001,38.004134499999999]},"properties":{"FID":21516}},{"type":"Feature","id":21517,"geometry":{"type":"Point","coordinates":[23.7347115,38.0042008]},"properties":{"FID":21517}},{"type":"Feature","id":21523,"geometry":{"type":"Point","coordinates":[23.735978100000001,38.005757799999998]},"properties":{"FID":21523}},{"type":"Feature","id":21526,"geometry":{"type":"Point","coordinates":[23.721510800000001,38.032171900000002]},"properties":{"FID":21526}},{"type":"Feature","id":21527,"geometry":{"type":"Point","coordinates":[23.721366400000001,38.032145499999999]},"properties":{"FID":21527}},{"type":"Feature","id":21528,"geometry":{"type":"Point","coordinates":[23.7214235,38.032006699999997]},"properties":{"FID":21528}},{"type":"Feature","id":21541,"geometry":{"type":"Point","coordinates":[23.722995000000001,38.034790999999998]},"properties":{"FID":21541}},{"type":"Feature","id":21542,"geometry":{"type":"Point","coordinates":[23.723115499999999,38.0348538]},"properties":{"FID":21542}},{"type":"Feature","id":21543,"geometry":{"type":"Point","coordinates":[23.723042700000001,38.034874700000003]},"properties":{"FID":21543}},{"type":"Feature","id":21544,"geometry":{"type":"Point","coordinates":[23.7238522,38.036366299999997]},"properties":{"FID":21544}},{"type":"Feature","id":21611,"geometry":{"type":"Point","coordinates":[23.707666,38.015129100000003]},"properties":{"FID":21611}},{"type":"Feature","id":21612,"geometry":{"type":"Point","coordinates":[23.707698199999999,38.015408600000001]},"properties":{"FID":21612}},{"type":"Feature","id":21613,"geometry":{"type":"Point","coordinates":[23.707725799999999,38.015196299999999]},"properties":{"FID":21613}},{"type":"Feature","id":21614,"geometry":{"type":"Point","coordinates":[23.707939100000001,38.015387799999999]},"properties":{"FID":21614}},{"type":"Feature","id":21615,"geometry":{"type":"Point","coordinates":[23.707862299999999,38.015103699999997]},"properties":{"FID":21615}},{"type":"Feature","id":21616,"geometry":{"type":"Point","coordinates":[23.707792600000001,38.015067999999999]},"properties":{"FID":21616}},{"type":"Feature","id":21620,"geometry":{"type":"Point","coordinates":[23.7093615,38.012416100000003]},"properties":{"FID":21620}},{"type":"Feature","id":21623,"geometry":{"type":"Point","coordinates":[23.710190300000001,38.010977699999998]},"properties":{"FID":21623}},{"type":"Feature","id":21624,"geometry":{"type":"Point","coordinates":[23.710229099999999,38.010877299999997]},"properties":{"FID":21624}},{"type":"Feature","id":21625,"geometry":{"type":"Point","coordinates":[23.7099531,38.011231199999997]},"properties":{"FID":21625}},{"type":"Feature","id":21627,"geometry":{"type":"Point","coordinates":[23.709930700000001,38.010906800000001]},"properties":{"FID":21627}},{"type":"Feature","id":21643,"geometry":{"type":"Point","coordinates":[23.714214500000001,38.015307300000003]},"properties":{"FID":21643}},{"type":"Feature","id":21644,"geometry":{"type":"Point","coordinates":[23.7141728,38.015456299999997]},"properties":{"FID":21644}},{"type":"Feature","id":21645,"geometry":{"type":"Point","coordinates":[23.713957499999999,38.0152632]},"properties":{"FID":21645}},{"type":"Feature","id":21662,"geometry":{"type":"Point","coordinates":[23.717806199999998,38.022446299999999]},"properties":{"FID":21662}},{"type":"Feature","id":21663,"geometry":{"type":"Point","coordinates":[23.717902800000001,38.022168000000001]},"properties":{"FID":21663}},{"type":"Feature","id":21665,"geometry":{"type":"Point","coordinates":[23.717885899999999,38.023545900000002]},"properties":{"FID":21665}},{"type":"Feature","id":21670,"geometry":{"type":"Point","coordinates":[23.7109582,38.017033099999999]},"properties":{"FID":21670}},{"type":"Feature","id":21676,"geometry":{"type":"Point","coordinates":[23.7112719,38.016933199999997]},"properties":{"FID":21676}},{"type":"Feature","id":21719,"geometry":{"type":"Point","coordinates":[23.7175777,38.005084199999999]},"properties":{"FID":21719}},{"type":"Feature","id":21721,"geometry":{"type":"Point","coordinates":[23.717907499999999,38.004681599999998]},"properties":{"FID":21721}},{"type":"Feature","id":21722,"geometry":{"type":"Point","coordinates":[23.7179547,38.004762499999998]},"properties":{"FID":21722}},{"type":"Feature","id":21723,"geometry":{"type":"Point","coordinates":[23.7181414,38.004682099999997]},"properties":{"FID":21723}},{"type":"Feature","id":21727,"geometry":{"type":"Point","coordinates":[23.717773300000001,38.005082600000001]},"properties":{"FID":21727}},{"type":"Feature","id":21728,"geometry":{"type":"Point","coordinates":[23.7171682,38.006176000000004]},"properties":{"FID":21728}},{"type":"Feature","id":21729,"geometry":{"type":"Point","coordinates":[23.717174199999999,38.006058699999997]},"properties":{"FID":21729}},{"type":"Feature","id":21731,"geometry":{"type":"Point","coordinates":[23.716922700000001,38.006219799999997]},"properties":{"FID":21731}},{"type":"Feature","id":21754,"geometry":{"type":"Point","coordinates":[23.854680200000001,38.000625999999997]},"properties":{"FID":21754}},{"type":"Feature","id":21762,"geometry":{"type":"Point","coordinates":[23.890725700000001,37.9944074]},"properties":{"FID":21762}},{"type":"Feature","id":21772,"geometry":{"type":"Point","coordinates":[23.8916948,37.999403800000003]},"properties":{"FID":21772}},{"type":"Feature","id":21811,"geometry":{"type":"Point","coordinates":[23.6991418,38.028630900000003]},"properties":{"FID":21811}},{"type":"Feature","id":21813,"geometry":{"type":"Point","coordinates":[23.699145099999999,38.028482099999998]},"properties":{"FID":21813}},{"type":"Feature","id":21816,"geometry":{"type":"Point","coordinates":[23.698435700000001,38.027925199999999]},"properties":{"FID":21816}},{"type":"Feature","id":21817,"geometry":{"type":"Point","coordinates":[23.698323200000001,38.027650000000001]},"properties":{"FID":21817}},{"type":"Feature","id":21820,"geometry":{"type":"Point","coordinates":[23.6987299,38.027741900000002]},"properties":{"FID":21820}},{"type":"Feature","id":21824,"geometry":{"type":"Point","coordinates":[23.700543700000001,38.0300072]},"properties":{"FID":21824}},{"type":"Feature","id":21825,"geometry":{"type":"Point","coordinates":[23.7004047,38.030157699999997]},"properties":{"FID":21825}},{"type":"Feature","id":21831,"geometry":{"type":"Point","coordinates":[23.701932899999999,38.027431499999999]},"properties":{"FID":21831}},{"type":"Feature","id":21835,"geometry":{"type":"Point","coordinates":[23.702599299999999,38.0307332]},"properties":{"FID":21835}},{"type":"Feature","id":21840,"geometry":{"type":"Point","coordinates":[23.701866299999999,38.027236000000002]},"properties":{"FID":21840}},{"type":"Feature","id":21841,"geometry":{"type":"Point","coordinates":[23.695509600000001,38.029367000000001]},"properties":{"FID":21841}},{"type":"Feature","id":21846,"geometry":{"type":"Point","coordinates":[23.732603600000001,38.0273726]},"properties":{"FID":21846}},{"type":"Feature","id":21847,"geometry":{"type":"Point","coordinates":[23.732491799999998,38.027485200000001]},"properties":{"FID":21847}},{"type":"Feature","id":21852,"geometry":{"type":"Point","coordinates":[23.730639499999999,38.028557999999997]},"properties":{"FID":21852}},{"type":"Feature","id":21859,"geometry":{"type":"Point","coordinates":[23.731509200000001,38.025886999999997]},"properties":{"FID":21859}},{"type":"Feature","id":21860,"geometry":{"type":"Point","coordinates":[23.7314911,38.026143699999999]},"properties":{"FID":21860}},{"type":"Feature","id":21865,"geometry":{"type":"Point","coordinates":[23.7311072,38.025852499999999]},"properties":{"FID":21865}},{"type":"Feature","id":21866,"geometry":{"type":"Point","coordinates":[23.731155699999999,38.026079199999998]},"properties":{"FID":21866}},{"type":"Feature","id":21869,"geometry":{"type":"Point","coordinates":[23.731201299999999,38.0262411]},"properties":{"FID":21869}},{"type":"Feature","id":21872,"geometry":{"type":"Point","coordinates":[23.731370500000001,38.0258538]},"properties":{"FID":21872}},{"type":"Feature","id":21874,"geometry":{"type":"Point","coordinates":[23.73086,38.0239282]},"properties":{"FID":21874}},{"type":"Feature","id":21875,"geometry":{"type":"Point","coordinates":[23.730791400000001,38.024057599999999]},"properties":{"FID":21875}},{"type":"Feature","id":21879,"geometry":{"type":"Point","coordinates":[23.732427099999999,38.027237399999997]},"properties":{"FID":21879}},{"type":"Feature","id":21881,"geometry":{"type":"Point","coordinates":[23.733932899999999,38.0242699]},"properties":{"FID":21881}},{"type":"Feature","id":21882,"geometry":{"type":"Point","coordinates":[23.734075600000001,38.024323099999997]},"properties":{"FID":21882}},{"type":"Feature","id":21883,"geometry":{"type":"Point","coordinates":[23.734096600000001,38.024199400000001]},"properties":{"FID":21883}},{"type":"Feature","id":21886,"geometry":{"type":"Point","coordinates":[23.7425405,38.0430128]},"properties":{"FID":21886}},{"type":"Feature","id":21888,"geometry":{"type":"Point","coordinates":[23.7421334,38.042536300000002]},"properties":{"FID":21888}},{"type":"Feature","id":21913,"geometry":{"type":"Point","coordinates":[23.744321299999999,38.038149199999999]},"properties":{"FID":21913}},{"type":"Feature","id":21915,"geometry":{"type":"Point","coordinates":[23.744260400000002,38.038020699999997]},"properties":{"FID":21915}},{"type":"Feature","id":21927,"geometry":{"type":"Point","coordinates":[23.744421200000001,38.032728200000001]},"properties":{"FID":21927}},{"type":"Feature","id":21928,"geometry":{"type":"Point","coordinates":[23.7445001,38.032853799999998]},"properties":{"FID":21928}},{"type":"Feature","id":21929,"geometry":{"type":"Point","coordinates":[23.744290700000001,38.032839000000003]},"properties":{"FID":21929}},{"type":"Feature","id":21936,"geometry":{"type":"Point","coordinates":[23.7408061,38.034286100000003]},"properties":{"FID":21936}},{"type":"Feature","id":21938,"geometry":{"type":"Point","coordinates":[23.740998300000001,38.034404600000002]},"properties":{"FID":21938}},{"type":"Feature","id":21939,"geometry":{"type":"Point","coordinates":[23.7410216,38.034308099999997]},"properties":{"FID":21939}},{"type":"Feature","id":21952,"geometry":{"type":"Point","coordinates":[23.752007500000001,37.972625600000001]},"properties":{"FID":21952}},{"type":"Feature","id":21954,"geometry":{"type":"Point","coordinates":[23.747219699999999,37.9702117]},"properties":{"FID":21954}},{"type":"Feature","id":21955,"geometry":{"type":"Point","coordinates":[23.751516200000001,37.975378599999999]},"properties":{"FID":21955}},{"type":"Feature","id":21956,"geometry":{"type":"Point","coordinates":[23.749607399999999,37.976161900000001]},"properties":{"FID":21956}},{"type":"Feature","id":21957,"geometry":{"type":"Point","coordinates":[23.750241299999999,37.9750449]},"properties":{"FID":21957}},{"type":"Feature","id":21995,"geometry":{"type":"Point","coordinates":[23.695487100000001,38.019286000000001]},"properties":{"FID":21995}},{"type":"Feature","id":21996,"geometry":{"type":"Point","coordinates":[23.695611400000001,38.019235199999997]},"properties":{"FID":21996}},{"type":"Feature","id":22008,"geometry":{"type":"Point","coordinates":[23.700336499999999,38.017434600000001]},"properties":{"FID":22008}},{"type":"Feature","id":22011,"geometry":{"type":"Point","coordinates":[23.702908600000001,38.015466500000002]},"properties":{"FID":22011}},{"type":"Feature","id":22012,"geometry":{"type":"Point","coordinates":[23.702693799999999,38.015484000000001]},"properties":{"FID":22012}},{"type":"Feature","id":22013,"geometry":{"type":"Point","coordinates":[23.702835100000001,38.015297500000003]},"properties":{"FID":22013}},{"type":"Feature","id":22019,"geometry":{"type":"Point","coordinates":[23.6933057,38.019479199999999]},"properties":{"FID":22019}},{"type":"Feature","id":22021,"geometry":{"type":"Point","coordinates":[23.693041999999998,38.019509399999997]},"properties":{"FID":22021}},{"type":"Feature","id":22022,"geometry":{"type":"Point","coordinates":[23.691639299999999,38.016925299999997]},"properties":{"FID":22022}},{"type":"Feature","id":22025,"geometry":{"type":"Point","coordinates":[23.691520799999999,38.016432000000002]},"properties":{"FID":22025}},{"type":"Feature","id":22029,"geometry":{"type":"Point","coordinates":[23.694168900000001,38.0219065]},"properties":{"FID":22029}},{"type":"Feature","id":22035,"geometry":{"type":"Point","coordinates":[23.6936517,38.032862600000001]},"properties":{"FID":22035}},{"type":"Feature","id":22050,"geometry":{"type":"Point","coordinates":[23.687726600000001,38.036450600000002]},"properties":{"FID":22050}},{"type":"Feature","id":22052,"geometry":{"type":"Point","coordinates":[23.6882552,38.036255099999998]},"properties":{"FID":22052}},{"type":"Feature","id":22053,"geometry":{"type":"Point","coordinates":[23.688390699999999,38.0363276]},"properties":{"FID":22053}},{"type":"Feature","id":22054,"geometry":{"type":"Point","coordinates":[23.6884142,38.0362899]},"properties":{"FID":22054}},{"type":"Feature","id":22061,"geometry":{"type":"Point","coordinates":[23.687837200000001,38.040603300000001]},"properties":{"FID":22061}},{"type":"Feature","id":22072,"geometry":{"type":"Point","coordinates":[23.703141899999999,38.034184799999998]},"properties":{"FID":22072}},{"type":"Feature","id":22073,"geometry":{"type":"Point","coordinates":[23.703162500000001,38.034260799999998]},"properties":{"FID":22073}},{"type":"Feature","id":22075,"geometry":{"type":"Point","coordinates":[23.703151500000001,38.034630200000002]},"properties":{"FID":22075}},{"type":"Feature","id":22083,"geometry":{"type":"Point","coordinates":[23.705624499999999,38.038688399999998]},"properties":{"FID":22083}},{"type":"Feature","id":22084,"geometry":{"type":"Point","coordinates":[23.705803899999999,38.0387366]},"properties":{"FID":22084}},{"type":"Feature","id":22091,"geometry":{"type":"Point","coordinates":[23.705403400000002,38.0382447]},"properties":{"FID":22091}},{"type":"Feature","id":22092,"geometry":{"type":"Point","coordinates":[23.705417199999999,38.038186500000002]},"properties":{"FID":22092}},{"type":"Feature","id":22096,"geometry":{"type":"Point","coordinates":[23.707050899999999,38.039474400000003]},"properties":{"FID":22096}},{"type":"Feature","id":22097,"geometry":{"type":"Point","coordinates":[23.7071185,38.039431700000002]},"properties":{"FID":22097}},{"type":"Feature","id":22098,"geometry":{"type":"Point","coordinates":[23.707196499999998,38.039461299999999]},"properties":{"FID":22098}},{"type":"Feature","id":22100,"geometry":{"type":"Point","coordinates":[23.7073368,38.039864799999997]},"properties":{"FID":22100}},{"type":"Feature","id":22103,"geometry":{"type":"Point","coordinates":[23.7071185,38.039808200000003]},"properties":{"FID":22103}},{"type":"Feature","id":22112,"geometry":{"type":"Point","coordinates":[23.707535,38.038092800000001]},"properties":{"FID":22112}},{"type":"Feature","id":22115,"geometry":{"type":"Point","coordinates":[23.703080199999999,38.034721900000001]},"properties":{"FID":22115}},{"type":"Feature","id":22118,"geometry":{"type":"Point","coordinates":[23.7029836,38.034599499999999]},"properties":{"FID":22118}},{"type":"Feature","id":22119,"geometry":{"type":"Point","coordinates":[23.7055939,38.036734899999999]},"properties":{"FID":22119}},{"type":"Feature","id":22127,"geometry":{"type":"Point","coordinates":[23.711877000000001,38.027014899999998]},"properties":{"FID":22127}},{"type":"Feature","id":22139,"geometry":{"type":"Point","coordinates":[23.710413200000001,38.038412700000002]},"properties":{"FID":22139}},{"type":"Feature","id":22157,"geometry":{"type":"Point","coordinates":[23.716704799999999,38.034222300000003]},"properties":{"FID":22157}},{"type":"Feature","id":22158,"geometry":{"type":"Point","coordinates":[23.716912000000001,38.032638900000002]},"properties":{"FID":22158}},{"type":"Feature","id":22160,"geometry":{"type":"Point","coordinates":[23.716795699999999,38.032705499999999]},"properties":{"FID":22160}},{"type":"Feature","id":22161,"geometry":{"type":"Point","coordinates":[23.716893200000001,38.032774400000001]},"properties":{"FID":22161}},{"type":"Feature","id":22162,"geometry":{"type":"Point","coordinates":[23.717011500000002,38.032724999999999]},"properties":{"FID":22162}},{"type":"Feature","id":22163,"geometry":{"type":"Point","coordinates":[23.7174011,38.032760199999998]},"properties":{"FID":22163}},{"type":"Feature","id":22167,"geometry":{"type":"Point","coordinates":[23.716240599999999,38.037492800000003]},"properties":{"FID":22167}},{"type":"Feature","id":22170,"geometry":{"type":"Point","coordinates":[23.7163863,38.037214900000002]},"properties":{"FID":22170}},{"type":"Feature","id":22173,"geometry":{"type":"Point","coordinates":[23.7164751,38.035617000000002]},"properties":{"FID":22173}},{"type":"Feature","id":22199,"geometry":{"type":"Point","coordinates":[23.700056700000001,38.010942399999998]},"properties":{"FID":22199}},{"type":"Feature","id":22200,"geometry":{"type":"Point","coordinates":[23.700119699999998,38.011042400000001]},"properties":{"FID":22200}},{"type":"Feature","id":22208,"geometry":{"type":"Point","coordinates":[23.702972299999999,38.011412]},"properties":{"FID":22208}},{"type":"Feature","id":22211,"geometry":{"type":"Point","coordinates":[23.700117899999999,38.0108836]},"properties":{"FID":22211}},{"type":"Feature","id":22221,"geometry":{"type":"Point","coordinates":[23.752664800000002,37.969262100000002]},"properties":{"FID":22221}},{"type":"Feature","id":22224,"geometry":{"type":"Point","coordinates":[23.753225799999999,37.969234299999997]},"properties":{"FID":22224}},{"type":"Feature","id":22225,"geometry":{"type":"Point","coordinates":[23.7536366,37.969359599999997]},"properties":{"FID":22225}},{"type":"Feature","id":22239,"geometry":{"type":"Point","coordinates":[23.717617400000002,38.026725900000002]},"properties":{"FID":22239}},{"type":"Feature","id":22240,"geometry":{"type":"Point","coordinates":[23.7177182,38.026844500000003]},"properties":{"FID":22240}},{"type":"Feature","id":22241,"geometry":{"type":"Point","coordinates":[23.717735900000001,38.026681600000003]},"properties":{"FID":22241}},{"type":"Feature","id":22245,"geometry":{"type":"Point","coordinates":[23.717626800000001,38.027576400000001]},"properties":{"FID":22245}},{"type":"Feature","id":22246,"geometry":{"type":"Point","coordinates":[23.7175993,38.027766100000001]},"properties":{"FID":22246}},{"type":"Feature","id":22247,"geometry":{"type":"Point","coordinates":[23.717731199999999,38.027688400000002]},"properties":{"FID":22247}},{"type":"Feature","id":22257,"geometry":{"type":"Point","coordinates":[23.697037600000002,38.011379300000002]},"properties":{"FID":22257}},{"type":"Feature","id":22258,"geometry":{"type":"Point","coordinates":[23.696785200000001,38.011475900000001]},"properties":{"FID":22258}},{"type":"Feature","id":22259,"geometry":{"type":"Point","coordinates":[23.696853900000001,38.011518500000001]},"properties":{"FID":22259}},{"type":"Feature","id":22263,"geometry":{"type":"Point","coordinates":[23.698115000000001,38.009100199999999]},"properties":{"FID":22263}},{"type":"Feature","id":22271,"geometry":{"type":"Point","coordinates":[23.694158000000002,37.987499100000001]},"properties":{"FID":22271}},{"type":"Feature","id":22282,"geometry":{"type":"Point","coordinates":[23.5940224,37.962402599999997]},"properties":{"FID":22282}},{"type":"Feature","id":22288,"geometry":{"type":"Point","coordinates":[23.598823700000001,37.962114100000001]},"properties":{"FID":22288}},{"type":"Feature","id":22294,"geometry":{"type":"Point","coordinates":[23.606142599999998,37.962299799999997]},"properties":{"FID":22294}},{"type":"Feature","id":22306,"geometry":{"type":"Point","coordinates":[23.655014699999999,37.954886299999998]},"properties":{"FID":22306}},{"type":"Feature","id":22310,"geometry":{"type":"Point","coordinates":[23.655206799999998,37.955378199999998]},"properties":{"FID":22310}},{"type":"Feature","id":22312,"geometry":{"type":"Point","coordinates":[23.65577,37.952604299999997]},"properties":{"FID":22312}},{"type":"Feature","id":22319,"geometry":{"type":"Point","coordinates":[23.6523769,37.950902200000002]},"properties":{"FID":22319}},{"type":"Feature","id":22325,"geometry":{"type":"Point","coordinates":[23.6528122,37.951630299999998]},"properties":{"FID":22325}},{"type":"Feature","id":22361,"geometry":{"type":"Point","coordinates":[23.643681300000001,37.954478100000003]},"properties":{"FID":22361}},{"type":"Feature","id":22370,"geometry":{"type":"Point","coordinates":[23.648219000000001,37.954500699999997]},"properties":{"FID":22370}},{"type":"Feature","id":22371,"geometry":{"type":"Point","coordinates":[23.648175800000001,37.954534600000002]},"properties":{"FID":22371}},{"type":"Feature","id":22392,"geometry":{"type":"Point","coordinates":[23.650477500000001,37.956586000000001]},"properties":{"FID":22392}},{"type":"Feature","id":22394,"geometry":{"type":"Point","coordinates":[23.649645599999999,37.955639499999997]},"properties":{"FID":22394}},{"type":"Feature","id":22395,"geometry":{"type":"Point","coordinates":[23.650786799999999,37.9588964]},"properties":{"FID":22395}},{"type":"Feature","id":22403,"geometry":{"type":"Point","coordinates":[23.641793199999999,37.9669661]},"properties":{"FID":22403}},{"type":"Feature","id":22405,"geometry":{"type":"Point","coordinates":[23.641637100000001,37.967736700000003]},"properties":{"FID":22405}},{"type":"Feature","id":22409,"geometry":{"type":"Point","coordinates":[23.642045100000001,37.9678659]},"properties":{"FID":22409}},{"type":"Feature","id":22411,"geometry":{"type":"Point","coordinates":[23.642192099999999,37.9670956]},"properties":{"FID":22411}},{"type":"Feature","id":22414,"geometry":{"type":"Point","coordinates":[23.643527599999999,37.968335199999999]},"properties":{"FID":22414}},{"type":"Feature","id":22415,"geometry":{"type":"Point","coordinates":[23.643445100000001,37.968220700000003]},"properties":{"FID":22415}},{"type":"Feature","id":22429,"geometry":{"type":"Point","coordinates":[23.645348200000001,37.968120399999997]},"properties":{"FID":22429}},{"type":"Feature","id":22435,"geometry":{"type":"Point","coordinates":[23.6459814,37.968324099999997]},"properties":{"FID":22435}},{"type":"Feature","id":22464,"geometry":{"type":"Point","coordinates":[23.746831199999999,38.040098399999998]},"properties":{"FID":22464}},{"type":"Feature","id":22486,"geometry":{"type":"Point","coordinates":[23.749163299999999,38.037043699999998]},"properties":{"FID":22486}},{"type":"Feature","id":22488,"geometry":{"type":"Point","coordinates":[23.7492245,38.036843400000002]},"properties":{"FID":22488}},{"type":"Feature","id":22490,"geometry":{"type":"Point","coordinates":[23.7494002,38.036872299999999]},"properties":{"FID":22490}},{"type":"Feature","id":22511,"geometry":{"type":"Point","coordinates":[23.6426029,37.948902699999998]},"properties":{"FID":22511}},{"type":"Feature","id":22535,"geometry":{"type":"Point","coordinates":[23.7487894,38.0320739]},"properties":{"FID":22535}},{"type":"Feature","id":22544,"geometry":{"type":"Point","coordinates":[23.739846100000001,38.036321100000002]},"properties":{"FID":22544}},{"type":"Feature","id":22550,"geometry":{"type":"Point","coordinates":[23.676885500000001,38.035798300000003]},"properties":{"FID":22550}},{"type":"Feature","id":22567,"geometry":{"type":"Point","coordinates":[23.749227099999999,38.036784300000001]},"properties":{"FID":22567}},{"type":"Feature","id":22618,"geometry":{"type":"Point","coordinates":[23.8263125,38.052807799999997]},"properties":{"FID":22618}},{"type":"Feature","id":22633,"geometry":{"type":"Point","coordinates":[23.828039400000002,38.038124400000001]},"properties":{"FID":22633}},{"type":"Feature","id":22634,"geometry":{"type":"Point","coordinates":[23.825045899999999,38.035746199999998]},"properties":{"FID":22634}},{"type":"Feature","id":22636,"geometry":{"type":"Point","coordinates":[23.834171999999999,38.042909799999997]},"properties":{"FID":22636}},{"type":"Feature","id":22645,"geometry":{"type":"Point","coordinates":[23.802698299999999,38.041732000000003]},"properties":{"FID":22645}},{"type":"Feature","id":22649,"geometry":{"type":"Point","coordinates":[23.834472099999999,38.051086599999998]},"properties":{"FID":22649}},{"type":"Feature","id":22693,"geometry":{"type":"Point","coordinates":[23.6386881,37.966803300000002]},"properties":{"FID":22693}},{"type":"Feature","id":22701,"geometry":{"type":"Point","coordinates":[23.638971900000001,37.965992399999998]},"properties":{"FID":22701}},{"type":"Feature","id":22703,"geometry":{"type":"Point","coordinates":[23.637195599999998,37.965610900000001]},"properties":{"FID":22703}},{"type":"Feature","id":22704,"geometry":{"type":"Point","coordinates":[23.636942999999999,37.965387]},"properties":{"FID":22704}},{"type":"Feature","id":22709,"geometry":{"type":"Point","coordinates":[23.637847900000001,37.966535299999997]},"properties":{"FID":22709}},{"type":"Feature","id":22711,"geometry":{"type":"Point","coordinates":[23.638611099999999,37.966680699999998]},"properties":{"FID":22711}},{"type":"Feature","id":22712,"geometry":{"type":"Point","coordinates":[23.638563999999999,37.964749599999998]},"properties":{"FID":22712}},{"type":"Feature","id":22717,"geometry":{"type":"Point","coordinates":[23.633527300000001,37.964241100000002]},"properties":{"FID":22717}},{"type":"Feature","id":22718,"geometry":{"type":"Point","coordinates":[23.6334762,37.964329900000003]},"properties":{"FID":22718}},{"type":"Feature","id":22720,"geometry":{"type":"Point","coordinates":[23.634599399999999,37.964700700000002]},"properties":{"FID":22720}},{"type":"Feature","id":22721,"geometry":{"type":"Point","coordinates":[23.634651099999999,37.964599499999998]},"properties":{"FID":22721}},{"type":"Feature","id":22729,"geometry":{"type":"Point","coordinates":[23.629808799999999,37.963779700000003]},"properties":{"FID":22729}},{"type":"Feature","id":22731,"geometry":{"type":"Point","coordinates":[23.629759199999999,37.963864399999999]},"properties":{"FID":22731}},{"type":"Feature","id":22745,"geometry":{"type":"Point","coordinates":[23.638731199999999,37.957949499999998]},"properties":{"FID":22745}},{"type":"Feature","id":22747,"geometry":{"type":"Point","coordinates":[23.639818399999999,37.957514400000001]},"properties":{"FID":22747}},{"type":"Feature","id":22749,"geometry":{"type":"Point","coordinates":[23.639815800000001,37.957902599999997]},"properties":{"FID":22749}},{"type":"Feature","id":22757,"geometry":{"type":"Point","coordinates":[23.638555400000001,37.959785500000002]},"properties":{"FID":22757}},{"type":"Feature","id":22775,"geometry":{"type":"Point","coordinates":[23.6760707,38.068098800000001]},"properties":{"FID":22775}},{"type":"Feature","id":22778,"geometry":{"type":"Point","coordinates":[23.676817400000001,38.068470699999999]},"properties":{"FID":22778}},{"type":"Feature","id":22804,"geometry":{"type":"Point","coordinates":[23.6762768,38.068258499999999]},"properties":{"FID":22804}},{"type":"Feature","id":22873,"geometry":{"type":"Point","coordinates":[23.656232599999999,37.936752300000002]},"properties":{"FID":22873}},{"type":"Feature","id":22887,"geometry":{"type":"Point","coordinates":[23.688059500000001,37.931603000000003]},"properties":{"FID":22887}},{"type":"Feature","id":22889,"geometry":{"type":"Point","coordinates":[23.6879928,37.931558699999997]},"properties":{"FID":22889}},{"type":"Feature","id":22891,"geometry":{"type":"Point","coordinates":[23.687827200000001,37.931561299999998]},"properties":{"FID":22891}},{"type":"Feature","id":22896,"geometry":{"type":"Point","coordinates":[23.687685299999998,37.931859600000003]},"properties":{"FID":22896}},{"type":"Feature","id":22897,"geometry":{"type":"Point","coordinates":[23.687678399999999,37.931809700000002]},"properties":{"FID":22897}},{"type":"Feature","id":22900,"geometry":{"type":"Point","coordinates":[23.6878587,37.931780699999997]},"properties":{"FID":22900}},{"type":"Feature","id":22902,"geometry":{"type":"Point","coordinates":[23.6879788,37.931872400000003]},"properties":{"FID":22902}},{"type":"Feature","id":22906,"geometry":{"type":"Point","coordinates":[23.691106999999999,37.9325799]},"properties":{"FID":22906}},{"type":"Feature","id":22909,"geometry":{"type":"Point","coordinates":[23.690950000000001,37.932443599999999]},"properties":{"FID":22909}},{"type":"Feature","id":23001,"geometry":{"type":"Point","coordinates":[23.6521726,37.970373299999999]},"properties":{"FID":23001}},{"type":"Feature","id":23005,"geometry":{"type":"Point","coordinates":[23.6520747,37.9704354]},"properties":{"FID":23005}},{"type":"Feature","id":23008,"geometry":{"type":"Point","coordinates":[23.651873200000001,37.970185399999998]},"properties":{"FID":23008}},{"type":"Feature","id":23011,"geometry":{"type":"Point","coordinates":[23.651789900000001,37.9701162]},"properties":{"FID":23011}},{"type":"Feature","id":23025,"geometry":{"type":"Point","coordinates":[23.6704887,37.979576799999997]},"properties":{"FID":23025}},{"type":"Feature","id":23026,"geometry":{"type":"Point","coordinates":[23.670268700000001,37.979461299999997]},"properties":{"FID":23026}},{"type":"Feature","id":23031,"geometry":{"type":"Point","coordinates":[23.666965600000001,37.9904948]},"properties":{"FID":23031}},{"type":"Feature","id":23040,"geometry":{"type":"Point","coordinates":[23.6716406,37.995427399999997]},"properties":{"FID":23040}},{"type":"Feature","id":23053,"geometry":{"type":"Point","coordinates":[23.665284199999999,37.9989402]},"properties":{"FID":23053}},{"type":"Feature","id":23056,"geometry":{"type":"Point","coordinates":[23.6625795,37.995924700000003]},"properties":{"FID":23056}},{"type":"Feature","id":23058,"geometry":{"type":"Point","coordinates":[23.662214800000001,37.9889911]},"properties":{"FID":23058}},{"type":"Feature","id":23059,"geometry":{"type":"Point","coordinates":[23.6623409,37.988930699999997]},"properties":{"FID":23059}},{"type":"Feature","id":23061,"geometry":{"type":"Point","coordinates":[23.6630316,37.986068199999998]},"properties":{"FID":23061}},{"type":"Feature","id":23062,"geometry":{"type":"Point","coordinates":[23.662052500000001,37.988836999999997]},"properties":{"FID":23062}},{"type":"Feature","id":23070,"geometry":{"type":"Point","coordinates":[23.660866200000001,37.993901899999997]},"properties":{"FID":23070}},{"type":"Feature","id":23080,"geometry":{"type":"Point","coordinates":[23.659621999999999,37.988043099999999]},"properties":{"FID":23080}},{"type":"Feature","id":23081,"geometry":{"type":"Point","coordinates":[23.6595777,37.987921700000001]},"properties":{"FID":23081}},{"type":"Feature","id":23082,"geometry":{"type":"Point","coordinates":[23.658691000000001,37.987591100000003]},"properties":{"FID":23082}},{"type":"Feature","id":23085,"geometry":{"type":"Point","coordinates":[23.659029,37.987972399999997]},"properties":{"FID":23085}},{"type":"Feature","id":23092,"geometry":{"type":"Point","coordinates":[23.651178999999999,37.987105499999998]},"properties":{"FID":23092}},{"type":"Feature","id":23120,"geometry":{"type":"Point","coordinates":[23.637645299999999,38.0644779]},"properties":{"FID":23120}},{"type":"Feature","id":23123,"geometry":{"type":"Point","coordinates":[23.637428400000001,38.064364099999999]},"properties":{"FID":23123}},{"type":"Feature","id":23124,"geometry":{"type":"Point","coordinates":[23.637312600000001,38.064433299999997]},"properties":{"FID":23124}},{"type":"Feature","id":23125,"geometry":{"type":"Point","coordinates":[23.6408667,38.063800800000003]},"properties":{"FID":23125}},{"type":"Feature","id":23126,"geometry":{"type":"Point","coordinates":[23.6410719,38.0637483]},"properties":{"FID":23126}},{"type":"Feature","id":23130,"geometry":{"type":"Point","coordinates":[23.6522544,38.061820500000003]},"properties":{"FID":23130}},{"type":"Feature","id":23135,"geometry":{"type":"Point","coordinates":[23.648393299999999,38.062118400000003]},"properties":{"FID":23135}},{"type":"Feature","id":23136,"geometry":{"type":"Point","coordinates":[23.648014400000001,38.062283200000003]},"properties":{"FID":23136}},{"type":"Feature","id":23184,"geometry":{"type":"Point","coordinates":[23.666774400000001,38.012026499999997]},"properties":{"FID":23184}},{"type":"Feature","id":23185,"geometry":{"type":"Point","coordinates":[23.666301700000002,38.011873799999996]},"properties":{"FID":23185}},{"type":"Feature","id":23196,"geometry":{"type":"Point","coordinates":[23.604159800000001,38.0105267]},"properties":{"FID":23196}},{"type":"Feature","id":23201,"geometry":{"type":"Point","coordinates":[23.635096099999998,37.960472699999997]},"properties":{"FID":23201}},{"type":"Feature","id":23206,"geometry":{"type":"Point","coordinates":[23.633799,37.9536491]},"properties":{"FID":23206}},{"type":"Feature","id":23210,"geometry":{"type":"Point","coordinates":[23.633772799999999,37.958067499999999]},"properties":{"FID":23210}},{"type":"Feature","id":23212,"geometry":{"type":"Point","coordinates":[23.6337768,37.957733300000001]},"properties":{"FID":23212}},{"type":"Feature","id":23214,"geometry":{"type":"Point","coordinates":[23.633682799999999,37.9576359]},"properties":{"FID":23214}},{"type":"Feature","id":23215,"geometry":{"type":"Point","coordinates":[23.633856300000001,37.957188000000002]},"properties":{"FID":23215}},{"type":"Feature","id":23217,"geometry":{"type":"Point","coordinates":[23.6338589,37.958002800000003]},"properties":{"FID":23217}},{"type":"Feature","id":23218,"geometry":{"type":"Point","coordinates":[23.633745999999999,37.960850800000003]},"properties":{"FID":23218}},{"type":"Feature","id":23231,"geometry":{"type":"Point","coordinates":[23.649310799999999,37.980532699999998]},"properties":{"FID":23231}},{"type":"Feature","id":23232,"geometry":{"type":"Point","coordinates":[23.649142999999999,37.980621599999999]},"properties":{"FID":23232}},{"type":"Feature","id":23233,"geometry":{"type":"Point","coordinates":[23.6408965,37.977425799999999]},"properties":{"FID":23233}},{"type":"Feature","id":23236,"geometry":{"type":"Point","coordinates":[23.640682099999999,37.979040300000001]},"properties":{"FID":23236}},{"type":"Feature","id":23241,"geometry":{"type":"Point","coordinates":[23.6431258,37.979600599999998]},"properties":{"FID":23241}},{"type":"Feature","id":23243,"geometry":{"type":"Point","coordinates":[23.643333699999999,37.979544099999998]},"properties":{"FID":23243}},{"type":"Feature","id":23244,"geometry":{"type":"Point","coordinates":[23.643328400000001,37.979295]},"properties":{"FID":23244}},{"type":"Feature","id":23247,"geometry":{"type":"Point","coordinates":[23.6430644,37.979388700000001]},"properties":{"FID":23247}},{"type":"Feature","id":23261,"geometry":{"type":"Point","coordinates":[23.631352400000001,37.977829800000002]},"properties":{"FID":23261}},{"type":"Feature","id":23265,"geometry":{"type":"Point","coordinates":[23.631694599999999,37.977950800000002]},"properties":{"FID":23265}},{"type":"Feature","id":23274,"geometry":{"type":"Point","coordinates":[23.634629799999999,37.977991000000003]},"properties":{"FID":23274}},{"type":"Feature","id":23276,"geometry":{"type":"Point","coordinates":[23.634701,37.978088900000003]},"properties":{"FID":23276}},{"type":"Feature","id":23309,"geometry":{"type":"Point","coordinates":[23.6494909,37.969340299999999]},"properties":{"FID":23309}},{"type":"Feature","id":23311,"geometry":{"type":"Point","coordinates":[23.649132999999999,37.970023699999999]},"properties":{"FID":23311}},{"type":"Feature","id":23314,"geometry":{"type":"Point","coordinates":[23.649271599999999,37.970189599999998]},"properties":{"FID":23314}},{"type":"Feature","id":23315,"geometry":{"type":"Point","coordinates":[23.649251199999998,37.970065200000001]},"properties":{"FID":23315}},{"type":"Feature","id":23316,"geometry":{"type":"Point","coordinates":[23.6493219,37.969381300000002]},"properties":{"FID":23316}},{"type":"Feature","id":23319,"geometry":{"type":"Point","coordinates":[23.648439199999999,37.969103099999998]},"properties":{"FID":23319}},{"type":"Feature","id":23325,"geometry":{"type":"Point","coordinates":[23.6447158,37.976598000000003]},"properties":{"FID":23325}},{"type":"Feature","id":23328,"geometry":{"type":"Point","coordinates":[23.647548199999999,37.976931399999998]},"properties":{"FID":23328}},{"type":"Feature","id":23339,"geometry":{"type":"Point","coordinates":[23.648349499999998,37.969891699999998]},"properties":{"FID":23339}},{"type":"Feature","id":23353,"geometry":{"type":"Point","coordinates":[23.6464097,37.969261199999998]},"properties":{"FID":23353}},{"type":"Feature","id":23357,"geometry":{"type":"Point","coordinates":[23.645627600000001,37.969005899999999]},"properties":{"FID":23357}},{"type":"Feature","id":23362,"geometry":{"type":"Point","coordinates":[23.644993899999999,37.968799799999999]},"properties":{"FID":23362}},{"type":"Feature","id":23379,"geometry":{"type":"Point","coordinates":[23.640842800000001,37.975345099999998]},"properties":{"FID":23379}},{"type":"Feature","id":23380,"geometry":{"type":"Point","coordinates":[23.641138399999999,37.9766215]},"properties":{"FID":23380}},{"type":"Feature","id":23389,"geometry":{"type":"Point","coordinates":[23.657878100000001,37.979862900000001]},"properties":{"FID":23389}},{"type":"Feature","id":23390,"geometry":{"type":"Point","coordinates":[23.657890900000002,37.979710699999998]},"properties":{"FID":23390}},{"type":"Feature","id":23392,"geometry":{"type":"Point","coordinates":[23.657668000000001,37.979681900000003]},"properties":{"FID":23392}},{"type":"Feature","id":23393,"geometry":{"type":"Point","coordinates":[23.6576947,37.979567699999997]},"properties":{"FID":23393}},{"type":"Feature","id":23408,"geometry":{"type":"Point","coordinates":[23.661079000000001,37.978515199999997]},"properties":{"FID":23408}},{"type":"Feature","id":23411,"geometry":{"type":"Point","coordinates":[23.660914500000001,37.978722699999999]},"properties":{"FID":23411}},{"type":"Feature","id":23414,"geometry":{"type":"Point","coordinates":[23.660632700000001,37.978579199999999]},"properties":{"FID":23414}},{"type":"Feature","id":23431,"geometry":{"type":"Point","coordinates":[23.655596299999999,37.980572000000002]},"properties":{"FID":23431}},{"type":"Feature","id":23434,"geometry":{"type":"Point","coordinates":[23.655302200000001,37.980470799999999]},"properties":{"FID":23434}},{"type":"Feature","id":23435,"geometry":{"type":"Point","coordinates":[23.6552714,37.980579400000003]},"properties":{"FID":23435}},{"type":"Feature","id":23438,"geometry":{"type":"Point","coordinates":[23.654673599999999,37.980918299999999]},"properties":{"FID":23438}},{"type":"Feature","id":23439,"geometry":{"type":"Point","coordinates":[23.654593299999998,37.9808333]},"properties":{"FID":23439}},{"type":"Feature","id":23442,"geometry":{"type":"Point","coordinates":[23.652877499999999,37.981204200000001]},"properties":{"FID":23442}},{"type":"Feature","id":23443,"geometry":{"type":"Point","coordinates":[23.652938200000001,37.981298000000002]},"properties":{"FID":23443}},{"type":"Feature","id":23465,"geometry":{"type":"Point","coordinates":[23.656783799999999,37.961373299999998]},"properties":{"FID":23465}},{"type":"Feature","id":23467,"geometry":{"type":"Point","coordinates":[23.6567051,37.961420400000002]},"properties":{"FID":23467}},{"type":"Feature","id":23472,"geometry":{"type":"Point","coordinates":[23.6576998,37.972150800000001]},"properties":{"FID":23472}},{"type":"Feature","id":23474,"geometry":{"type":"Point","coordinates":[23.657755600000002,37.972074599999999]},"properties":{"FID":23474}},{"type":"Feature","id":23493,"geometry":{"type":"Point","coordinates":[23.6534406,37.970782]},"properties":{"FID":23493}},{"type":"Feature","id":23497,"geometry":{"type":"Point","coordinates":[23.653366699999999,37.970551899999997]},"properties":{"FID":23497}},{"type":"Feature","id":23500,"geometry":{"type":"Point","coordinates":[23.653219,37.970617900000001]},"properties":{"FID":23500}},{"type":"Feature","id":23505,"geometry":{"type":"Point","coordinates":[23.6524337,37.974159299999997]},"properties":{"FID":23505}},{"type":"Feature","id":23532,"geometry":{"type":"Point","coordinates":[23.6618739,37.9644634]},"properties":{"FID":23532}},{"type":"Feature","id":23540,"geometry":{"type":"Point","coordinates":[23.660912199999999,37.966616100000003]},"properties":{"FID":23540}},{"type":"Feature","id":23542,"geometry":{"type":"Point","coordinates":[23.660816000000001,37.9666693]},"properties":{"FID":23542}},{"type":"Feature","id":23548,"geometry":{"type":"Point","coordinates":[23.6584723,37.963541999999997]},"properties":{"FID":23548}},{"type":"Feature","id":23570,"geometry":{"type":"Point","coordinates":[23.642944100000001,37.942373600000003]},"properties":{"FID":23570}},{"type":"Feature","id":23592,"geometry":{"type":"Point","coordinates":[23.7290527,37.967685400000001]},"properties":{"FID":23592}},{"type":"Feature","id":23610,"geometry":{"type":"Point","coordinates":[23.730207400000001,37.992993800000001]},"properties":{"FID":23610}},{"type":"Feature","id":23626,"geometry":{"type":"Point","coordinates":[23.645070100000002,37.946703100000001]},"properties":{"FID":23626}},{"type":"Feature","id":23653,"geometry":{"type":"Point","coordinates":[23.723891500000001,37.982231499999997]},"properties":{"FID":23653}},{"type":"Feature","id":23655,"geometry":{"type":"Point","coordinates":[23.714270200000001,37.983991199999998]},"properties":{"FID":23655}},{"type":"Feature","id":23678,"geometry":{"type":"Point","coordinates":[23.6938016,37.944410499999996]},"properties":{"FID":23678}},{"type":"Feature","id":23679,"geometry":{"type":"Point","coordinates":[23.6987536,37.944342499999998]},"properties":{"FID":23679}},{"type":"Feature","id":23680,"geometry":{"type":"Point","coordinates":[23.709177799999999,37.949564100000003]},"properties":{"FID":23680}},{"type":"Feature","id":23681,"geometry":{"type":"Point","coordinates":[23.7090882,37.949548200000002]},"properties":{"FID":23681}},{"type":"Feature","id":23682,"geometry":{"type":"Point","coordinates":[23.702758299999999,37.9474649]},"properties":{"FID":23682}},{"type":"Feature","id":23684,"geometry":{"type":"Point","coordinates":[23.700674899999999,37.949381199999998]},"properties":{"FID":23684}},{"type":"Feature","id":23685,"geometry":{"type":"Point","coordinates":[23.700434399999999,37.949435200000003]},"properties":{"FID":23685}},{"type":"Feature","id":23696,"geometry":{"type":"Point","coordinates":[23.6893402,37.948141900000003]},"properties":{"FID":23696}},{"type":"Feature","id":23697,"geometry":{"type":"Point","coordinates":[23.701860700000001,37.951378800000001]},"properties":{"FID":23697}},{"type":"Feature","id":23700,"geometry":{"type":"Point","coordinates":[23.709414599999999,37.949604600000001]},"properties":{"FID":23700}},{"type":"Feature","id":23711,"geometry":{"type":"Point","coordinates":[23.660991200000002,37.973109800000003]},"properties":{"FID":23711}},{"type":"Feature","id":23713,"geometry":{"type":"Point","coordinates":[23.661290600000001,37.973331000000002]},"properties":{"FID":23713}},{"type":"Feature","id":23714,"geometry":{"type":"Point","coordinates":[23.661151499999999,37.973360900000003]},"properties":{"FID":23714}},{"type":"Feature","id":23718,"geometry":{"type":"Point","coordinates":[23.661406299999999,37.970448500000003]},"properties":{"FID":23718}},{"type":"Feature","id":23719,"geometry":{"type":"Point","coordinates":[23.6615365,37.970414599999998]},"properties":{"FID":23719}},{"type":"Feature","id":23721,"geometry":{"type":"Point","coordinates":[23.661557200000001,37.970341099999999]},"properties":{"FID":23721}},{"type":"Feature","id":23723,"geometry":{"type":"Point","coordinates":[23.661540800000001,37.970199999999998]},"properties":{"FID":23723}},{"type":"Feature","id":23728,"geometry":{"type":"Point","coordinates":[23.6636533,37.969668300000002]},"properties":{"FID":23728}},{"type":"Feature","id":23729,"geometry":{"type":"Point","coordinates":[23.6636791,37.969510499999998]},"properties":{"FID":23729}},{"type":"Feature","id":23730,"geometry":{"type":"Point","coordinates":[23.664900400000001,37.972618699999998]},"properties":{"FID":23730}},{"type":"Feature","id":23732,"geometry":{"type":"Point","coordinates":[23.664421000000001,37.971241999999997]},"properties":{"FID":23732}},{"type":"Feature","id":23733,"geometry":{"type":"Point","coordinates":[23.6644969,37.971272300000003]},"properties":{"FID":23733}},{"type":"Feature","id":23735,"geometry":{"type":"Point","coordinates":[23.664298500000001,37.971505800000003]},"properties":{"FID":23735}},{"type":"Feature","id":23738,"geometry":{"type":"Point","coordinates":[23.666371000000002,37.9763971]},"properties":{"FID":23738}},{"type":"Feature","id":23739,"geometry":{"type":"Point","coordinates":[23.666456199999999,37.976540700000001]},"properties":{"FID":23739}},{"type":"Feature","id":23742,"geometry":{"type":"Point","coordinates":[23.6667047,37.976281299999997]},"properties":{"FID":23742}},{"type":"Feature","id":23744,"geometry":{"type":"Point","coordinates":[23.6665165,37.974664099999998]},"properties":{"FID":23744}},{"type":"Feature","id":23745,"geometry":{"type":"Point","coordinates":[23.6666898,37.974712199999999]},"properties":{"FID":23745}},{"type":"Feature","id":23747,"geometry":{"type":"Point","coordinates":[23.667335999999999,37.976177200000002]},"properties":{"FID":23747}},{"type":"Feature","id":23748,"geometry":{"type":"Point","coordinates":[23.6673908,37.976403099999999]},"properties":{"FID":23748}},{"type":"Feature","id":23749,"geometry":{"type":"Point","coordinates":[23.667447500000002,37.976101499999999]},"properties":{"FID":23749}},{"type":"Feature","id":23751,"geometry":{"type":"Point","coordinates":[23.667718499999999,37.9761405]},"properties":{"FID":23751}},{"type":"Feature","id":23756,"geometry":{"type":"Point","coordinates":[23.668382300000001,37.976317600000002]},"properties":{"FID":23756}},{"type":"Feature","id":23757,"geometry":{"type":"Point","coordinates":[23.668261699999999,37.9763983]},"properties":{"FID":23757}},{"type":"Feature","id":23758,"geometry":{"type":"Point","coordinates":[23.668415199999998,37.976596499999999]},"properties":{"FID":23758}},{"type":"Feature","id":23765,"geometry":{"type":"Point","coordinates":[23.688948499999999,38.016722199999997]},"properties":{"FID":23765}},{"type":"Feature","id":23768,"geometry":{"type":"Point","coordinates":[23.688842300000001,38.016698400000003]},"properties":{"FID":23768}},{"type":"Feature","id":23769,"geometry":{"type":"Point","coordinates":[23.6839522,38.029146900000001]},"properties":{"FID":23769}},{"type":"Feature","id":23781,"geometry":{"type":"Point","coordinates":[23.685806599999999,38.021076499999999]},"properties":{"FID":23781}},{"type":"Feature","id":23786,"geometry":{"type":"Point","coordinates":[23.688849300000001,38.016856199999999]},"properties":{"FID":23786}},{"type":"Feature","id":23787,"geometry":{"type":"Point","coordinates":[23.674656800000001,38.0136222]},"properties":{"FID":23787}},{"type":"Feature","id":23789,"geometry":{"type":"Point","coordinates":[23.673833599999998,38.014148400000003]},"properties":{"FID":23789}},{"type":"Feature","id":23791,"geometry":{"type":"Point","coordinates":[23.6744518,38.013753199999996]},"properties":{"FID":23791}},{"type":"Feature","id":23793,"geometry":{"type":"Point","coordinates":[23.674637499999999,38.013769000000003]},"properties":{"FID":23793}},{"type":"Feature","id":23794,"geometry":{"type":"Point","coordinates":[23.673605999999999,38.0141913]},"properties":{"FID":23794}},{"type":"Feature","id":23798,"geometry":{"type":"Point","coordinates":[23.685896100000001,38.011944800000002]},"properties":{"FID":23798}},{"type":"Feature","id":23799,"geometry":{"type":"Point","coordinates":[23.6860812,38.012249500000003]},"properties":{"FID":23799}},{"type":"Feature","id":23805,"geometry":{"type":"Point","coordinates":[23.688387899999999,38.011610400000002]},"properties":{"FID":23805}},{"type":"Feature","id":23806,"geometry":{"type":"Point","coordinates":[23.6883847,38.0119477]},"properties":{"FID":23806}},{"type":"Feature","id":23812,"geometry":{"type":"Point","coordinates":[23.688603000000001,38.011774699999997]},"properties":{"FID":23812}},{"type":"Feature","id":23815,"geometry":{"type":"Point","coordinates":[23.685785299999999,38.0121319]},"properties":{"FID":23815}},{"type":"Feature","id":23825,"geometry":{"type":"Point","coordinates":[23.684947399999999,38.041928400000003]},"properties":{"FID":23825}},{"type":"Feature","id":23851,"geometry":{"type":"Point","coordinates":[23.680340900000001,38.044041100000001]},"properties":{"FID":23851}},{"type":"Feature","id":23864,"geometry":{"type":"Point","coordinates":[23.738046700000002,37.983436900000001]},"properties":{"FID":23864}},{"type":"Feature","id":23865,"geometry":{"type":"Point","coordinates":[23.738205199999999,37.983412899999998]},"properties":{"FID":23865}},{"type":"Feature","id":23869,"geometry":{"type":"Point","coordinates":[23.735866099999999,37.984322900000002]},"properties":{"FID":23869}},{"type":"Feature","id":23871,"geometry":{"type":"Point","coordinates":[23.735142,37.983886200000001]},"properties":{"FID":23871}},{"type":"Feature","id":23872,"geometry":{"type":"Point","coordinates":[23.735150900000001,37.983953399999997]},"properties":{"FID":23872}},{"type":"Feature","id":23874,"geometry":{"type":"Point","coordinates":[23.737813800000001,37.983879199999997]},"properties":{"FID":23874}},{"type":"Feature","id":23875,"geometry":{"type":"Point","coordinates":[23.736758200000001,37.983353200000003]},"properties":{"FID":23875}},{"type":"Feature","id":23878,"geometry":{"type":"Point","coordinates":[23.735835900000001,37.9842376]},"properties":{"FID":23878}},{"type":"Feature","id":23909,"geometry":{"type":"Point","coordinates":[23.6470661,37.942938900000001]},"properties":{"FID":23909}},{"type":"Feature","id":23926,"geometry":{"type":"Point","coordinates":[23.681657600000001,38.0263542]},"properties":{"FID":23926}},{"type":"Feature","id":23935,"geometry":{"type":"Point","coordinates":[23.681887100000001,38.026263299999997]},"properties":{"FID":23935}},{"type":"Feature","id":23943,"geometry":{"type":"Point","coordinates":[23.6864341,38.020702700000001]},"properties":{"FID":23943}},{"type":"Feature","id":23965,"geometry":{"type":"Point","coordinates":[23.6814927,38.039430799999998]},"properties":{"FID":23965}},{"type":"Feature","id":23967,"geometry":{"type":"Point","coordinates":[23.683385399999999,38.038599699999999]},"properties":{"FID":23967}},{"type":"Feature","id":23973,"geometry":{"type":"Point","coordinates":[23.684490100000001,38.0381079]},"properties":{"FID":23973}},{"type":"Feature","id":23975,"geometry":{"type":"Point","coordinates":[23.684582200000001,38.038223199999997]},"properties":{"FID":23975}},{"type":"Feature","id":23981,"geometry":{"type":"Point","coordinates":[23.686285000000002,38.037458999999998]},"properties":{"FID":23981}},{"type":"Feature","id":24007,"geometry":{"type":"Point","coordinates":[23.670472199999999,37.953738700000002]},"properties":{"FID":24007}},{"type":"Feature","id":24013,"geometry":{"type":"Point","coordinates":[23.6714758,37.958592899999999]},"properties":{"FID":24013}},{"type":"Feature","id":24016,"geometry":{"type":"Point","coordinates":[23.680675900000001,37.957061299999999]},"properties":{"FID":24016}},{"type":"Feature","id":24033,"geometry":{"type":"Point","coordinates":[23.7146276,37.944913300000003]},"properties":{"FID":24033}},{"type":"Feature","id":24055,"geometry":{"type":"Point","coordinates":[23.7006391,37.945716300000001]},"properties":{"FID":24055}},{"type":"Feature","id":24088,"geometry":{"type":"Point","coordinates":[23.646645599999999,37.935725599999998]},"properties":{"FID":24088}},{"type":"Feature","id":24137,"geometry":{"type":"Point","coordinates":[23.565470300000001,37.964027199999997]},"properties":{"FID":24137}},{"type":"Feature","id":24138,"geometry":{"type":"Point","coordinates":[23.565616899999998,37.964064200000003]},"properties":{"FID":24138}},{"type":"Feature","id":24158,"geometry":{"type":"Point","coordinates":[23.619718899999999,37.969634300000003]},"properties":{"FID":24158}},{"type":"Feature","id":24161,"geometry":{"type":"Point","coordinates":[23.6212412,37.971023099999996]},"properties":{"FID":24161}},{"type":"Feature","id":24162,"geometry":{"type":"Point","coordinates":[23.621230499999999,37.971129099999999]},"properties":{"FID":24162}},{"type":"Feature","id":24164,"geometry":{"type":"Point","coordinates":[23.621311299999999,37.971086999999997]},"properties":{"FID":24164}},{"type":"Feature","id":24169,"geometry":{"type":"Point","coordinates":[23.6248729,37.974289900000002]},"properties":{"FID":24169}},{"type":"Feature","id":24170,"geometry":{"type":"Point","coordinates":[23.624850800000001,37.974379300000003]},"properties":{"FID":24170}},{"type":"Feature","id":24172,"geometry":{"type":"Point","coordinates":[23.732696900000001,37.996714599999997]},"properties":{"FID":24172}},{"type":"Feature","id":24173,"geometry":{"type":"Point","coordinates":[23.732559299999998,37.996580399999999]},"properties":{"FID":24173}},{"type":"Feature","id":24176,"geometry":{"type":"Point","coordinates":[23.732243700000001,37.996355100000002]},"properties":{"FID":24176}},{"type":"Feature","id":24177,"geometry":{"type":"Point","coordinates":[23.732243,37.995770200000003]},"properties":{"FID":24177}},{"type":"Feature","id":24179,"geometry":{"type":"Point","coordinates":[23.732283899999999,37.995454100000003]},"properties":{"FID":24179}},{"type":"Feature","id":24181,"geometry":{"type":"Point","coordinates":[23.732067499999999,37.994569200000001]},"properties":{"FID":24181}},{"type":"Feature","id":24182,"geometry":{"type":"Point","coordinates":[23.732021499999998,37.994865599999997]},"properties":{"FID":24182}},{"type":"Feature","id":24183,"geometry":{"type":"Point","coordinates":[23.731900799999998,37.994670200000002]},"properties":{"FID":24183}},{"type":"Feature","id":24184,"geometry":{"type":"Point","coordinates":[23.732447499999999,37.995563699999998]},"properties":{"FID":24184}},{"type":"Feature","id":24185,"geometry":{"type":"Point","coordinates":[23.733092899999999,37.9944907]},"properties":{"FID":24185}},{"type":"Feature","id":24198,"geometry":{"type":"Point","coordinates":[23.731024099999999,37.995774300000001]},"properties":{"FID":24198}},{"type":"Feature","id":24199,"geometry":{"type":"Point","coordinates":[23.730892900000001,37.995726300000001]},"properties":{"FID":24199}},{"type":"Feature","id":24201,"geometry":{"type":"Point","coordinates":[23.730567099999998,37.994871000000003]},"properties":{"FID":24201}},{"type":"Feature","id":24206,"geometry":{"type":"Point","coordinates":[23.731181500000002,37.996879]},"properties":{"FID":24206}},{"type":"Feature","id":24219,"geometry":{"type":"Point","coordinates":[23.667097500000001,37.990427699999998]},"properties":{"FID":24219}},{"type":"Feature","id":24220,"geometry":{"type":"Point","coordinates":[23.721347900000001,37.992766400000001]},"properties":{"FID":24220}},{"type":"Feature","id":24221,"geometry":{"type":"Point","coordinates":[23.726685499999999,37.990578300000003]},"properties":{"FID":24221}},{"type":"Feature","id":24226,"geometry":{"type":"Point","coordinates":[23.6671339,37.990489799999999]},"properties":{"FID":24226}},{"type":"Feature","id":24230,"geometry":{"type":"Point","coordinates":[23.687143599999999,37.989955100000003]},"properties":{"FID":24230}},{"type":"Feature","id":24233,"geometry":{"type":"Point","coordinates":[23.7252622,37.993513399999998]},"properties":{"FID":24233}},{"type":"Feature","id":24248,"geometry":{"type":"Point","coordinates":[23.727548899999999,37.998782900000002]},"properties":{"FID":24248}},{"type":"Feature","id":24279,"geometry":{"type":"Point","coordinates":[23.621507600000001,37.964383699999999]},"properties":{"FID":24279}},{"type":"Feature","id":24282,"geometry":{"type":"Point","coordinates":[23.623512900000001,37.964518499999997]},"properties":{"FID":24282}},{"type":"Feature","id":24283,"geometry":{"type":"Point","coordinates":[23.6234258,37.964508799999997]},"properties":{"FID":24283}},{"type":"Feature","id":24284,"geometry":{"type":"Point","coordinates":[23.623476400000001,37.964605900000002]},"properties":{"FID":24284}},{"type":"Feature","id":24285,"geometry":{"type":"Point","coordinates":[23.623389899999999,37.964596100000001]},"properties":{"FID":24285}},{"type":"Feature","id":24287,"geometry":{"type":"Point","coordinates":[23.622486299999998,37.967317299999998]},"properties":{"FID":24287}},{"type":"Feature","id":24292,"geometry":{"type":"Point","coordinates":[23.617884,37.968102100000003]},"properties":{"FID":24292}},{"type":"Feature","id":24294,"geometry":{"type":"Point","coordinates":[23.617978900000001,37.968046899999997]},"properties":{"FID":24294}},{"type":"Feature","id":24299,"geometry":{"type":"Point","coordinates":[23.621545699999999,37.964294500000001]},"properties":{"FID":24299}},{"type":"Feature","id":24313,"geometry":{"type":"Point","coordinates":[23.622845900000002,37.953648299999998]},"properties":{"FID":24313}},{"type":"Feature","id":24316,"geometry":{"type":"Point","coordinates":[23.6235903,37.9584926]},"properties":{"FID":24316}},{"type":"Feature","id":24317,"geometry":{"type":"Point","coordinates":[23.623621499999999,37.958552099999999]},"properties":{"FID":24317}},{"type":"Feature","id":24318,"geometry":{"type":"Point","coordinates":[23.621405800000002,37.958920999999997]},"properties":{"FID":24318}},{"type":"Feature","id":24319,"geometry":{"type":"Point","coordinates":[23.621412899999999,37.958837099999997]},"properties":{"FID":24319}},{"type":"Feature","id":24338,"geometry":{"type":"Point","coordinates":[23.641099100000002,37.955358699999998]},"properties":{"FID":24338}},{"type":"Feature","id":24342,"geometry":{"type":"Point","coordinates":[23.6386459,37.949541000000004]},"properties":{"FID":24342}},{"type":"Feature","id":24354,"geometry":{"type":"Point","coordinates":[23.712181699999999,37.954700199999998]},"properties":{"FID":24354}},{"type":"Feature","id":24355,"geometry":{"type":"Point","coordinates":[23.7121241,37.954553300000001]},"properties":{"FID":24355}},{"type":"Feature","id":24356,"geometry":{"type":"Point","coordinates":[23.712055700000001,37.954667499999999]},"properties":{"FID":24356}},{"type":"Feature","id":24357,"geometry":{"type":"Point","coordinates":[23.7143072,37.9572036]},"properties":{"FID":24357}},{"type":"Feature","id":24358,"geometry":{"type":"Point","coordinates":[23.713107099999998,37.955426299999999]},"properties":{"FID":24358}},{"type":"Feature","id":24359,"geometry":{"type":"Point","coordinates":[23.713053599999999,37.955298599999999]},"properties":{"FID":24359}},{"type":"Feature","id":24360,"geometry":{"type":"Point","coordinates":[23.713199199999998,37.955295900000003]},"properties":{"FID":24360}},{"type":"Feature","id":24361,"geometry":{"type":"Point","coordinates":[23.713143500000001,37.955275399999998]},"properties":{"FID":24361}},{"type":"Feature","id":24363,"geometry":{"type":"Point","coordinates":[23.714919699999999,37.953958399999998]},"properties":{"FID":24363}},{"type":"Feature","id":24369,"geometry":{"type":"Point","coordinates":[23.7184253,37.956688700000001]},"properties":{"FID":24369}},{"type":"Feature","id":24382,"geometry":{"type":"Point","coordinates":[23.746263899999999,37.965248299999999]},"properties":{"FID":24382}},{"type":"Feature","id":24385,"geometry":{"type":"Point","coordinates":[23.746296300000001,37.965427300000002]},"properties":{"FID":24385}},{"type":"Feature","id":24387,"geometry":{"type":"Point","coordinates":[23.7470587,37.9657889]},"properties":{"FID":24387}},{"type":"Feature","id":24388,"geometry":{"type":"Point","coordinates":[23.747060699999999,37.965856700000003]},"properties":{"FID":24388}},{"type":"Feature","id":24393,"geometry":{"type":"Point","coordinates":[23.748791300000001,37.965750300000003]},"properties":{"FID":24393}},{"type":"Feature","id":24394,"geometry":{"type":"Point","coordinates":[23.748156000000002,37.966476100000001]},"properties":{"FID":24394}},{"type":"Feature","id":24400,"geometry":{"type":"Point","coordinates":[23.749470599999999,37.964974400000003]},"properties":{"FID":24400}},{"type":"Feature","id":24407,"geometry":{"type":"Point","coordinates":[23.737893400000001,37.958670900000001]},"properties":{"FID":24407}},{"type":"Feature","id":24409,"geometry":{"type":"Point","coordinates":[23.737303499999999,37.960141200000002]},"properties":{"FID":24409}},{"type":"Feature","id":24411,"geometry":{"type":"Point","coordinates":[23.737307999999999,37.960375599999999]},"properties":{"FID":24411}},{"type":"Feature","id":24416,"geometry":{"type":"Point","coordinates":[23.737208800000001,37.9601325]},"properties":{"FID":24416}},{"type":"Feature","id":24418,"geometry":{"type":"Point","coordinates":[23.737245399999999,37.968125200000003]},"properties":{"FID":24418}},{"type":"Feature","id":24426,"geometry":{"type":"Point","coordinates":[23.741607200000001,37.9627743]},"properties":{"FID":24426}},{"type":"Feature","id":24427,"geometry":{"type":"Point","coordinates":[23.741683600000002,37.962692599999997]},"properties":{"FID":24427}},{"type":"Feature","id":24430,"geometry":{"type":"Point","coordinates":[23.741934799999999,37.960721399999997]},"properties":{"FID":24430}},{"type":"Feature","id":24432,"geometry":{"type":"Point","coordinates":[23.740858299999999,37.960104899999997]},"properties":{"FID":24432}},{"type":"Feature","id":24443,"geometry":{"type":"Point","coordinates":[23.7429442,37.961276300000002]},"properties":{"FID":24443}},{"type":"Feature","id":24446,"geometry":{"type":"Point","coordinates":[23.743651199999999,37.963935599999999]},"properties":{"FID":24446}},{"type":"Feature","id":24453,"geometry":{"type":"Point","coordinates":[23.744575600000001,37.964456900000002]},"properties":{"FID":24453}},{"type":"Feature","id":24454,"geometry":{"type":"Point","coordinates":[23.744526400000002,37.964278800000002]},"properties":{"FID":24454}},{"type":"Feature","id":24456,"geometry":{"type":"Point","coordinates":[23.744213899999998,37.962069]},"properties":{"FID":24456}},{"type":"Feature","id":24460,"geometry":{"type":"Point","coordinates":[23.747542899999999,37.963938599999999]},"properties":{"FID":24460}},{"type":"Feature","id":24472,"geometry":{"type":"Point","coordinates":[23.656799500000002,37.949242599999998]},"properties":{"FID":24472}},{"type":"Feature","id":24476,"geometry":{"type":"Point","coordinates":[23.655107399999999,37.955185999999998]},"properties":{"FID":24476}},{"type":"Feature","id":24480,"geometry":{"type":"Point","coordinates":[23.647335000000002,37.948290100000001]},"properties":{"FID":24480}},{"type":"Feature","id":24509,"geometry":{"type":"Point","coordinates":[23.6331208,37.935283599999998]},"properties":{"FID":24509}},{"type":"Feature","id":24541,"geometry":{"type":"Point","coordinates":[23.7343777,37.964184000000003]},"properties":{"FID":24541}},{"type":"Feature","id":24590,"geometry":{"type":"Point","coordinates":[23.7509552,38.032249399999998]},"properties":{"FID":24590}},{"type":"Feature","id":24647,"geometry":{"type":"Point","coordinates":[23.751413100000001,38.028216700000002]},"properties":{"FID":24647}},{"type":"Feature","id":24662,"geometry":{"type":"Point","coordinates":[23.651411899999999,37.949288099999997]},"properties":{"FID":24662}},{"type":"Feature","id":24665,"geometry":{"type":"Point","coordinates":[23.6492483,37.945509800000004]},"properties":{"FID":24665}},{"type":"Feature","id":24679,"geometry":{"type":"Point","coordinates":[23.6409707,37.949260799999998]},"properties":{"FID":24679}},{"type":"Feature","id":24687,"geometry":{"type":"Point","coordinates":[23.642375600000001,37.948641799999997]},"properties":{"FID":24687}},{"type":"Feature","id":24689,"geometry":{"type":"Point","coordinates":[23.641276300000001,37.949430100000001]},"properties":{"FID":24689}},{"type":"Feature","id":24693,"geometry":{"type":"Point","coordinates":[23.643896900000001,37.946131299999998]},"properties":{"FID":24693}},{"type":"Feature","id":24694,"geometry":{"type":"Point","coordinates":[23.643644999999999,37.946224800000003]},"properties":{"FID":24694}},{"type":"Feature","id":24695,"geometry":{"type":"Point","coordinates":[23.643782900000001,37.946286100000002]},"properties":{"FID":24695}},{"type":"Feature","id":24697,"geometry":{"type":"Point","coordinates":[23.642125799999999,37.946587100000002]},"properties":{"FID":24697}},{"type":"Feature","id":24701,"geometry":{"type":"Point","coordinates":[23.642484,37.946345100000002]},"properties":{"FID":24701}},{"type":"Feature","id":24702,"geometry":{"type":"Point","coordinates":[23.6423661,37.946264599999999]},"properties":{"FID":24702}},{"type":"Feature","id":24705,"geometry":{"type":"Point","coordinates":[23.642242100000001,37.9457114]},"properties":{"FID":24705}},{"type":"Feature","id":24712,"geometry":{"type":"Point","coordinates":[23.642700099999999,37.945566499999998]},"properties":{"FID":24712}},{"type":"Feature","id":24713,"geometry":{"type":"Point","coordinates":[23.6438445,37.9461765]},"properties":{"FID":24713}},{"type":"Feature","id":24720,"geometry":{"type":"Point","coordinates":[23.6285746,37.958060500000002]},"properties":{"FID":24720}},{"type":"Feature","id":24721,"geometry":{"type":"Point","coordinates":[23.6285776,37.957695399999999]},"properties":{"FID":24721}},{"type":"Feature","id":24730,"geometry":{"type":"Point","coordinates":[23.626489100000001,37.958082599999997]},"properties":{"FID":24730}},{"type":"Feature","id":24731,"geometry":{"type":"Point","coordinates":[23.626479799999998,37.957746200000003]},"properties":{"FID":24731}},{"type":"Feature","id":24736,"geometry":{"type":"Point","coordinates":[23.629947300000001,37.957679400000004]},"properties":{"FID":24736}},{"type":"Feature","id":24740,"geometry":{"type":"Point","coordinates":[23.631182899999999,37.9576651]},"properties":{"FID":24740}},{"type":"Feature","id":24746,"geometry":{"type":"Point","coordinates":[23.632487099999999,37.9576499]},"properties":{"FID":24746}},{"type":"Feature","id":24750,"geometry":{"type":"Point","coordinates":[23.6324845,37.9580178]},"properties":{"FID":24750}},{"type":"Feature","id":24755,"geometry":{"type":"Point","coordinates":[23.631289299999999,37.951450299999998]},"properties":{"FID":24755}},{"type":"Feature","id":24767,"geometry":{"type":"Point","coordinates":[23.626255799999999,37.951760899999996]},"properties":{"FID":24767}},{"type":"Feature","id":24768,"geometry":{"type":"Point","coordinates":[23.626267599999998,37.949350299999999]},"properties":{"FID":24768}},{"type":"Feature","id":24770,"geometry":{"type":"Point","coordinates":[23.626279700000001,37.9475081]},"properties":{"FID":24770}},{"type":"Feature","id":24777,"geometry":{"type":"Point","coordinates":[23.636217800000001,37.978107600000001]},"properties":{"FID":24777}},{"type":"Feature","id":24779,"geometry":{"type":"Point","coordinates":[23.636379099999999,37.9782346]},"properties":{"FID":24779}},{"type":"Feature","id":24780,"geometry":{"type":"Point","coordinates":[23.6364105,37.9781385]},"properties":{"FID":24780}},{"type":"Feature","id":24791,"geometry":{"type":"Point","coordinates":[23.637460600000001,37.982157399999998]},"properties":{"FID":24791}},{"type":"Feature","id":24798,"geometry":{"type":"Point","coordinates":[23.640402600000002,37.979057500000003]},"properties":{"FID":24798}},{"type":"Feature","id":24799,"geometry":{"type":"Point","coordinates":[23.640487,37.978787099999998]},"properties":{"FID":24799}},{"type":"Feature","id":24802,"geometry":{"type":"Point","coordinates":[23.640287000000001,37.9788669]},"properties":{"FID":24802}},{"type":"Feature","id":24807,"geometry":{"type":"Point","coordinates":[23.640479899999999,37.974512300000001]},"properties":{"FID":24807}},{"type":"Feature","id":24811,"geometry":{"type":"Point","coordinates":[23.6388836,37.9708483]},"properties":{"FID":24811}},{"type":"Feature","id":24837,"geometry":{"type":"Point","coordinates":[23.799329799999999,38.037204500000001]},"properties":{"FID":24837}},{"type":"Feature","id":24842,"geometry":{"type":"Point","coordinates":[23.806888900000001,38.037666399999999]},"properties":{"FID":24842}},{"type":"Feature","id":24849,"geometry":{"type":"Point","coordinates":[23.787197500000001,38.034193999999999]},"properties":{"FID":24849}},{"type":"Feature","id":24852,"geometry":{"type":"Point","coordinates":[23.786584699999999,38.034128500000001]},"properties":{"FID":24852}},{"type":"Feature","id":24866,"geometry":{"type":"Point","coordinates":[23.773238800000001,38.036588199999997]},"properties":{"FID":24866}},{"type":"Feature","id":24894,"geometry":{"type":"Point","coordinates":[23.776297899999999,38.040644100000002]},"properties":{"FID":24894}},{"type":"Feature","id":24898,"geometry":{"type":"Point","coordinates":[23.7766284,38.040717899999997]},"properties":{"FID":24898}},{"type":"Feature","id":24899,"geometry":{"type":"Point","coordinates":[23.776492699999999,38.040748200000003]},"properties":{"FID":24899}},{"type":"Feature","id":24904,"geometry":{"type":"Point","coordinates":[23.776555200000001,38.040288199999999]},"properties":{"FID":24904}},{"type":"Feature","id":24905,"geometry":{"type":"Point","coordinates":[23.776529199999999,38.040291600000003]},"properties":{"FID":24905}},{"type":"Feature","id":24908,"geometry":{"type":"Point","coordinates":[23.7768452,38.040353799999998]},"properties":{"FID":24908}},{"type":"Feature","id":24924,"geometry":{"type":"Point","coordinates":[23.780184899999998,38.037506800000003]},"properties":{"FID":24924}},{"type":"Feature","id":24926,"geometry":{"type":"Point","coordinates":[23.780276199999999,38.037537399999998]},"properties":{"FID":24926}},{"type":"Feature","id":24947,"geometry":{"type":"Point","coordinates":[23.7793934,38.029808299999999]},"properties":{"FID":24947}},{"type":"Feature","id":24949,"geometry":{"type":"Point","coordinates":[23.779510800000001,38.029922300000003]},"properties":{"FID":24949}},{"type":"Feature","id":24953,"geometry":{"type":"Point","coordinates":[23.7733776,38.0369308]},"properties":{"FID":24953}},{"type":"Feature","id":24979,"geometry":{"type":"Point","coordinates":[23.7656888,38.035476699999997]},"properties":{"FID":24979}},{"type":"Feature","id":24980,"geometry":{"type":"Point","coordinates":[23.765940400000002,38.035652599999999]},"properties":{"FID":24980}},{"type":"Feature","id":24983,"geometry":{"type":"Point","coordinates":[23.765875999999999,38.035407800000002]},"properties":{"FID":24983}},{"type":"Feature","id":24984,"geometry":{"type":"Point","coordinates":[23.7661166,38.035477]},"properties":{"FID":24984}},{"type":"Feature","id":24996,"geometry":{"type":"Point","coordinates":[23.771114399999998,38.034744099999998]},"properties":{"FID":24996}},{"type":"Feature","id":24997,"geometry":{"type":"Point","coordinates":[23.771437899999999,38.034767299999999]},"properties":{"FID":24997}},{"type":"Feature","id":24998,"geometry":{"type":"Point","coordinates":[23.771467900000001,38.034756299999998]},"properties":{"FID":24998}},{"type":"Feature","id":25000,"geometry":{"type":"Point","coordinates":[23.771425199999999,38.0343953]},"properties":{"FID":25000}},{"type":"Feature","id":25003,"geometry":{"type":"Point","coordinates":[23.771681000000001,38.034525299999999]},"properties":{"FID":25003}},{"type":"Feature","id":25008,"geometry":{"type":"Point","coordinates":[23.821161100000001,38.032959499999997]},"properties":{"FID":25008}},{"type":"Feature","id":25020,"geometry":{"type":"Point","coordinates":[23.7771452,38.0313789]},"properties":{"FID":25020}},{"type":"Feature","id":25047,"geometry":{"type":"Point","coordinates":[23.763704799999999,38.041669300000002]},"properties":{"FID":25047}},{"type":"Feature","id":25050,"geometry":{"type":"Point","coordinates":[23.763629300000002,38.041593800000001]},"properties":{"FID":25050}},{"type":"Feature","id":25065,"geometry":{"type":"Point","coordinates":[23.633741000000001,37.951352399999998]},"properties":{"FID":25065}},{"type":"Feature","id":25066,"geometry":{"type":"Point","coordinates":[23.633908000000002,37.951349800000003]},"properties":{"FID":25066}},{"type":"Feature","id":25067,"geometry":{"type":"Point","coordinates":[23.633811099999999,37.951385199999997]},"properties":{"FID":25067}},{"type":"Feature","id":25068,"geometry":{"type":"Point","coordinates":[23.635680399999998,37.949902199999997]},"properties":{"FID":25068}},{"type":"Feature","id":25070,"geometry":{"type":"Point","coordinates":[23.636003800000001,37.9494039]},"properties":{"FID":25070}},{"type":"Feature","id":25072,"geometry":{"type":"Point","coordinates":[23.6359371,37.948987500000001]},"properties":{"FID":25072}},{"type":"Feature","id":25074,"geometry":{"type":"Point","coordinates":[23.6357821,37.9489862]},"properties":{"FID":25074}},{"type":"Feature","id":25081,"geometry":{"type":"Point","coordinates":[23.6396254,37.949263899999998]},"properties":{"FID":25081}},{"type":"Feature","id":25090,"geometry":{"type":"Point","coordinates":[23.6450225,37.946763099999998]},"properties":{"FID":25090}},{"type":"Feature","id":25102,"geometry":{"type":"Point","coordinates":[23.6460717,37.946013800000003]},"properties":{"FID":25102}},{"type":"Feature","id":25109,"geometry":{"type":"Point","coordinates":[23.646775999999999,37.946873099999998]},"properties":{"FID":25109}},{"type":"Feature","id":25115,"geometry":{"type":"Point","coordinates":[23.647296099999998,37.948664800000003]},"properties":{"FID":25115}},{"type":"Feature","id":25118,"geometry":{"type":"Point","coordinates":[23.647376099999999,37.947705300000003]},"properties":{"FID":25118}},{"type":"Feature","id":25120,"geometry":{"type":"Point","coordinates":[23.647099099999998,37.947628799999997]},"properties":{"FID":25120}},{"type":"Feature","id":25126,"geometry":{"type":"Point","coordinates":[23.647195,37.949455899999997]},"properties":{"FID":25126}},{"type":"Feature","id":25134,"geometry":{"type":"Point","coordinates":[23.647554599999999,37.947510999999999]},"properties":{"FID":25134}},{"type":"Feature","id":25137,"geometry":{"type":"Point","coordinates":[23.626587799999999,37.964154100000002]},"properties":{"FID":25137}},{"type":"Feature","id":25138,"geometry":{"type":"Point","coordinates":[23.626633300000002,37.964240699999998]},"properties":{"FID":25138}},{"type":"Feature","id":25139,"geometry":{"type":"Point","coordinates":[23.626504499999999,37.964259200000001]},"properties":{"FID":25139}},{"type":"Feature","id":25141,"geometry":{"type":"Point","coordinates":[23.6264596,37.964172300000001]},"properties":{"FID":25141}},{"type":"Feature","id":25143,"geometry":{"type":"Point","coordinates":[23.763074899999999,38.037120999999999]},"properties":{"FID":25143}},{"type":"Feature","id":25145,"geometry":{"type":"Point","coordinates":[23.7634945,38.038755500000001]},"properties":{"FID":25145}},{"type":"Feature","id":25147,"geometry":{"type":"Point","coordinates":[23.763647299999999,38.038932899999999]},"properties":{"FID":25147}},{"type":"Feature","id":25153,"geometry":{"type":"Point","coordinates":[23.763227000000001,38.0368669]},"properties":{"FID":25153}},{"type":"Feature","id":25158,"geometry":{"type":"Point","coordinates":[23.764416600000001,38.038323400000003]},"properties":{"FID":25158}},{"type":"Feature","id":25166,"geometry":{"type":"Point","coordinates":[23.7671077,38.036959699999997]},"properties":{"FID":25166}},{"type":"Feature","id":25167,"geometry":{"type":"Point","coordinates":[23.767128700000001,38.037054599999998]},"properties":{"FID":25167}},{"type":"Feature","id":25177,"geometry":{"type":"Point","coordinates":[23.771472899999999,38.037680199999997]},"properties":{"FID":25177}},{"type":"Feature","id":25183,"geometry":{"type":"Point","coordinates":[23.769731199999999,38.038613300000002]},"properties":{"FID":25183}},{"type":"Feature","id":25185,"geometry":{"type":"Point","coordinates":[23.7722731,38.043605399999997]},"properties":{"FID":25185}},{"type":"Feature","id":25188,"geometry":{"type":"Point","coordinates":[23.772188100000001,38.043472899999998]},"properties":{"FID":25188}},{"type":"Feature","id":25198,"geometry":{"type":"Point","coordinates":[23.768038199999999,38.039602199999997]},"properties":{"FID":25198}},{"type":"Feature","id":25210,"geometry":{"type":"Point","coordinates":[23.7662856,38.040543800000002]},"properties":{"FID":25210}},{"type":"Feature","id":25216,"geometry":{"type":"Point","coordinates":[23.763370999999999,38.037180300000003]},"properties":{"FID":25216}},{"type":"Feature","id":25217,"geometry":{"type":"Point","coordinates":[23.771618,38.037678900000003]},"properties":{"FID":25217}},{"type":"Feature","id":25218,"geometry":{"type":"Point","coordinates":[23.764368999999999,38.038435800000002]},"properties":{"FID":25218}},{"type":"Feature","id":25222,"geometry":{"type":"Point","coordinates":[23.730178800000001,37.967161300000001]},"properties":{"FID":25222}},{"type":"Feature","id":25224,"geometry":{"type":"Point","coordinates":[23.7304542,37.967181799999999]},"properties":{"FID":25224}},{"type":"Feature","id":25225,"geometry":{"type":"Point","coordinates":[23.730393599999999,37.967460099999997]},"properties":{"FID":25225}},{"type":"Feature","id":25227,"geometry":{"type":"Point","coordinates":[23.729276500000001,37.967624299999997]},"properties":{"FID":25227}},{"type":"Feature","id":25228,"geometry":{"type":"Point","coordinates":[23.729054399999999,37.967388200000002]},"properties":{"FID":25228}},{"type":"Feature","id":25229,"geometry":{"type":"Point","coordinates":[23.729136,37.967592400000001]},"properties":{"FID":25229}},{"type":"Feature","id":25234,"geometry":{"type":"Point","coordinates":[23.7276256,37.9668755]},"properties":{"FID":25234}},{"type":"Feature","id":25235,"geometry":{"type":"Point","coordinates":[23.7277664,37.966863799999999]},"properties":{"FID":25235}},{"type":"Feature","id":25237,"geometry":{"type":"Point","coordinates":[23.727900099999999,37.966656299999997]},"properties":{"FID":25237}},{"type":"Feature","id":25242,"geometry":{"type":"Point","coordinates":[23.727235199999999,37.964301200000001]},"properties":{"FID":25242}},{"type":"Feature","id":25243,"geometry":{"type":"Point","coordinates":[23.727291900000001,37.9646866]},"properties":{"FID":25243}},{"type":"Feature","id":25246,"geometry":{"type":"Point","coordinates":[23.727317500000002,37.9643692]},"properties":{"FID":25246}},{"type":"Feature","id":25250,"geometry":{"type":"Point","coordinates":[23.728584099999999,37.965922499999998]},"properties":{"FID":25250}},{"type":"Feature","id":25252,"geometry":{"type":"Point","coordinates":[23.728725600000001,37.966157299999999]},"properties":{"FID":25252}},{"type":"Feature","id":25254,"geometry":{"type":"Point","coordinates":[23.729495400000001,37.965225400000001]},"properties":{"FID":25254}},{"type":"Feature","id":25257,"geometry":{"type":"Point","coordinates":[23.728509599999999,37.966155499999999]},"properties":{"FID":25257}},{"type":"Feature","id":25259,"geometry":{"type":"Point","coordinates":[23.727185899999998,37.964847499999998]},"properties":{"FID":25259}},{"type":"Feature","id":25264,"geometry":{"type":"Point","coordinates":[23.679590900000001,38.033563899999997]},"properties":{"FID":25264}},{"type":"Feature","id":25278,"geometry":{"type":"Point","coordinates":[23.753269700000001,37.957458000000003]},"properties":{"FID":25278}},{"type":"Feature","id":25284,"geometry":{"type":"Point","coordinates":[23.753998200000002,37.960098799999997]},"properties":{"FID":25284}},{"type":"Feature","id":25290,"geometry":{"type":"Point","coordinates":[23.753823199999999,37.905829199999999]},"properties":{"FID":25290}},{"type":"Feature","id":25291,"geometry":{"type":"Point","coordinates":[23.753886699999999,37.905802799999996]},"properties":{"FID":25291}},{"type":"Feature","id":25296,"geometry":{"type":"Point","coordinates":[23.7535077,37.9059399]},"properties":{"FID":25296}},{"type":"Feature","id":25298,"geometry":{"type":"Point","coordinates":[23.752375900000001,37.9082498]},"properties":{"FID":25298}},{"type":"Feature","id":25299,"geometry":{"type":"Point","coordinates":[23.752465399999998,37.908298600000002]},"properties":{"FID":25299}},{"type":"Feature","id":25300,"geometry":{"type":"Point","coordinates":[23.753094099999998,37.907425500000002]},"properties":{"FID":25300}},{"type":"Feature","id":25301,"geometry":{"type":"Point","coordinates":[23.7543091,37.907958200000003]},"properties":{"FID":25301}},{"type":"Feature","id":25302,"geometry":{"type":"Point","coordinates":[23.754216199999998,37.907809499999999]},"properties":{"FID":25302}},{"type":"Feature","id":25304,"geometry":{"type":"Point","coordinates":[23.754113199999999,37.908078699999997]},"properties":{"FID":25304}},{"type":"Feature","id":25310,"geometry":{"type":"Point","coordinates":[23.754455199999999,37.911621099999998]},"properties":{"FID":25310}},{"type":"Feature","id":25314,"geometry":{"type":"Point","coordinates":[23.7545313,37.911267899999999]},"properties":{"FID":25314}},{"type":"Feature","id":25322,"geometry":{"type":"Point","coordinates":[23.754595599999998,37.914884000000001]},"properties":{"FID":25322}},{"type":"Feature","id":25332,"geometry":{"type":"Point","coordinates":[23.754859,37.914767699999999]},"properties":{"FID":25332}},{"type":"Feature","id":25333,"geometry":{"type":"Point","coordinates":[23.754755800000002,37.915012099999998]},"properties":{"FID":25333}},{"type":"Feature","id":25348,"geometry":{"type":"Point","coordinates":[23.674943800000001,37.987263400000003]},"properties":{"FID":25348}},{"type":"Feature","id":25351,"geometry":{"type":"Point","coordinates":[23.706926800000002,37.9878754]},"properties":{"FID":25351}},{"type":"Feature","id":25354,"geometry":{"type":"Point","coordinates":[23.7202761,37.987624799999999]},"properties":{"FID":25354}},{"type":"Feature","id":25356,"geometry":{"type":"Point","coordinates":[23.740353200000001,37.990183999999999]},"properties":{"FID":25356}},{"type":"Feature","id":25368,"geometry":{"type":"Point","coordinates":[23.729392699999998,37.988736899999999]},"properties":{"FID":25368}},{"type":"Feature","id":25387,"geometry":{"type":"Point","coordinates":[23.732819599999999,37.9853174]},"properties":{"FID":25387}},{"type":"Feature","id":25391,"geometry":{"type":"Point","coordinates":[23.779188600000001,38.029930100000001]},"properties":{"FID":25391}},{"type":"Feature","id":25395,"geometry":{"type":"Point","coordinates":[23.778163299999999,38.0306791]},"properties":{"FID":25395}},{"type":"Feature","id":25398,"geometry":{"type":"Point","coordinates":[23.778066899999999,38.030855199999998]},"properties":{"FID":25398}},{"type":"Feature","id":25399,"geometry":{"type":"Point","coordinates":[23.7775997,38.030895999999998]},"properties":{"FID":25399}},{"type":"Feature","id":25400,"geometry":{"type":"Point","coordinates":[23.777743300000001,38.030690900000003]},"properties":{"FID":25400}},{"type":"Feature","id":25426,"geometry":{"type":"Point","coordinates":[23.77731,38.031170000000003]},"properties":{"FID":25426}},{"type":"Feature","id":25472,"geometry":{"type":"Point","coordinates":[23.694458399999998,37.933289000000002]},"properties":{"FID":25472}},{"type":"Feature","id":25473,"geometry":{"type":"Point","coordinates":[23.692026299999998,37.932951099999997]},"properties":{"FID":25473}},{"type":"Feature","id":25474,"geometry":{"type":"Point","coordinates":[23.688195,37.9416115]},"properties":{"FID":25474}},{"type":"Feature","id":25502,"geometry":{"type":"Point","coordinates":[23.7219178,37.921241999999999]},"properties":{"FID":25502}},{"type":"Feature","id":25557,"geometry":{"type":"Point","coordinates":[23.731560200000001,37.992981200000003]},"properties":{"FID":25557}},{"type":"Feature","id":25566,"geometry":{"type":"Point","coordinates":[23.730658999999999,37.994794200000001]},"properties":{"FID":25566}},{"type":"Feature","id":25567,"geometry":{"type":"Point","coordinates":[23.732475300000001,37.996236699999997]},"properties":{"FID":25567}},{"type":"Feature","id":25577,"geometry":{"type":"Point","coordinates":[23.731779599999999,37.999271700000001]},"properties":{"FID":25577}},{"type":"Feature","id":25580,"geometry":{"type":"Point","coordinates":[23.732530700000002,37.991603300000001]},"properties":{"FID":25580}},{"type":"Feature","id":25585,"geometry":{"type":"Point","coordinates":[23.730240899999998,37.9877222]},"properties":{"FID":25585}},{"type":"Feature","id":25591,"geometry":{"type":"Point","coordinates":[23.7302769,37.983110500000002]},"properties":{"FID":25591}},{"type":"Feature","id":25596,"geometry":{"type":"Point","coordinates":[23.751618300000001,37.909262900000002]},"properties":{"FID":25596}},{"type":"Feature","id":25599,"geometry":{"type":"Point","coordinates":[23.751771600000001,37.909228400000003]},"properties":{"FID":25599}},{"type":"Feature","id":25602,"geometry":{"type":"Point","coordinates":[23.750967800000002,37.909905500000001]},"properties":{"FID":25602}},{"type":"Feature","id":25608,"geometry":{"type":"Point","coordinates":[23.750058599999999,37.915193799999997]},"properties":{"FID":25608}},{"type":"Feature","id":25609,"geometry":{"type":"Point","coordinates":[23.750330000000002,37.915127300000002]},"properties":{"FID":25609}},{"type":"Feature","id":25626,"geometry":{"type":"Point","coordinates":[23.744939500000001,37.906066799999998]},"properties":{"FID":25626}},{"type":"Feature","id":25631,"geometry":{"type":"Point","coordinates":[23.749819299999999,37.914686099999997]},"properties":{"FID":25631}},{"type":"Feature","id":25633,"geometry":{"type":"Point","coordinates":[23.7452772,37.906080000000003]},"properties":{"FID":25633}},{"type":"Feature","id":25634,"geometry":{"type":"Point","coordinates":[23.7502648,37.915090499999998]},"properties":{"FID":25634}},{"type":"Feature","id":25635,"geometry":{"type":"Point","coordinates":[23.750463499999999,37.9150536]},"properties":{"FID":25635}},{"type":"Feature","id":25649,"geometry":{"type":"Point","coordinates":[23.7379803,37.908890700000001]},"properties":{"FID":25649}},{"type":"Feature","id":25651,"geometry":{"type":"Point","coordinates":[23.751240500000002,37.909935900000001]},"properties":{"FID":25651}},{"type":"Feature","id":25652,"geometry":{"type":"Point","coordinates":[23.749887900000001,37.911552299999997]},"properties":{"FID":25652}},{"type":"Feature","id":25656,"geometry":{"type":"Point","coordinates":[23.751266600000001,37.910023199999998]},"properties":{"FID":25656}},{"type":"Feature","id":25657,"geometry":{"type":"Point","coordinates":[23.7458645,37.905945199999998]},"properties":{"FID":25657}},{"type":"Feature","id":25670,"geometry":{"type":"Point","coordinates":[23.711587399999999,37.910843300000003]},"properties":{"FID":25670}},{"type":"Feature","id":25671,"geometry":{"type":"Point","coordinates":[23.741077000000001,37.906536699999997]},"properties":{"FID":25671}},{"type":"Feature","id":25677,"geometry":{"type":"Point","coordinates":[23.775978200000001,37.976316400000002]},"properties":{"FID":25677}},{"type":"Feature","id":25678,"geometry":{"type":"Point","coordinates":[23.775814,37.976281]},"properties":{"FID":25678}},{"type":"Feature","id":25692,"geometry":{"type":"Point","coordinates":[23.7423334,37.9776259]},"properties":{"FID":25692}},{"type":"Feature","id":25713,"geometry":{"type":"Point","coordinates":[23.707126200000001,37.978426200000001]},"properties":{"FID":25713}},{"type":"Feature","id":25721,"geometry":{"type":"Point","coordinates":[23.695769800000001,37.975677500000003]},"properties":{"FID":25721}},{"type":"Feature","id":25724,"geometry":{"type":"Point","coordinates":[23.711412800000002,37.976015400000001]},"properties":{"FID":25724}},{"type":"Feature","id":25729,"geometry":{"type":"Point","coordinates":[23.6608357,37.978393599999997]},"properties":{"FID":25729}},{"type":"Feature","id":25734,"geometry":{"type":"Point","coordinates":[23.750298900000001,37.965451600000002]},"properties":{"FID":25734}},{"type":"Feature","id":25738,"geometry":{"type":"Point","coordinates":[23.750418,37.965419599999997]},"properties":{"FID":25738}},{"type":"Feature","id":25741,"geometry":{"type":"Point","coordinates":[23.7501538,37.967687099999999]},"properties":{"FID":25741}},{"type":"Feature","id":25749,"geometry":{"type":"Point","coordinates":[23.7373622,37.968083900000003]},"properties":{"FID":25749}},{"type":"Feature","id":25756,"geometry":{"type":"Point","coordinates":[23.733470799999999,37.967006900000001]},"properties":{"FID":25756}},{"type":"Feature","id":25759,"geometry":{"type":"Point","coordinates":[23.744471799999999,37.968052399999998]},"properties":{"FID":25759}},{"type":"Feature","id":25760,"geometry":{"type":"Point","coordinates":[23.7502897,37.967707799999999]},"properties":{"FID":25760}},{"type":"Feature","id":25761,"geometry":{"type":"Point","coordinates":[23.7483483,37.967656300000002]},"properties":{"FID":25761}},{"type":"Feature","id":25782,"geometry":{"type":"Point","coordinates":[23.735829299999999,37.999858400000001]},"properties":{"FID":25782}},{"type":"Feature","id":25784,"geometry":{"type":"Point","coordinates":[23.733381900000001,37.999941399999997]},"properties":{"FID":25784}},{"type":"Feature","id":25792,"geometry":{"type":"Point","coordinates":[23.7276588,37.999969900000004]},"properties":{"FID":25792}},{"type":"Feature","id":25793,"geometry":{"type":"Point","coordinates":[23.730646799999999,37.999501299999999]},"properties":{"FID":25793}},{"type":"Feature","id":25800,"geometry":{"type":"Point","coordinates":[23.7393985,37.9956806]},"properties":{"FID":25800}},{"type":"Feature","id":25802,"geometry":{"type":"Point","coordinates":[23.7395569,37.995795100000002]},"properties":{"FID":25802}},{"type":"Feature","id":25805,"geometry":{"type":"Point","coordinates":[23.740897400000001,37.996080399999997]},"properties":{"FID":25805}},{"type":"Feature","id":25810,"geometry":{"type":"Point","coordinates":[23.740514399999999,37.995918799999998]},"properties":{"FID":25810}},{"type":"Feature","id":25819,"geometry":{"type":"Point","coordinates":[23.741086299999999,37.998393499999999]},"properties":{"FID":25819}},{"type":"Feature","id":25820,"geometry":{"type":"Point","coordinates":[23.7409544,37.998383799999999]},"properties":{"FID":25820}},{"type":"Feature","id":25821,"geometry":{"type":"Point","coordinates":[23.739913999999999,37.997306799999997]},"properties":{"FID":25821}},{"type":"Feature","id":25822,"geometry":{"type":"Point","coordinates":[23.739903099999999,37.997226499999996]},"properties":{"FID":25822}},{"type":"Feature","id":25824,"geometry":{"type":"Point","coordinates":[23.7387993,37.997858299999997]},"properties":{"FID":25824}},{"type":"Feature","id":25826,"geometry":{"type":"Point","coordinates":[23.738780299999998,37.996256199999998]},"properties":{"FID":25826}},{"type":"Feature","id":25831,"geometry":{"type":"Point","coordinates":[23.738092300000002,37.998438499999999]},"properties":{"FID":25831}},{"type":"Feature","id":25837,"geometry":{"type":"Point","coordinates":[23.7407833,37.995870500000002]},"properties":{"FID":25837}},{"type":"Feature","id":25900,"geometry":{"type":"Point","coordinates":[23.734974300000001,37.977975100000002]},"properties":{"FID":25900}},{"type":"Feature","id":25903,"geometry":{"type":"Point","coordinates":[23.734685899999999,37.977995999999997]},"properties":{"FID":25903}},{"type":"Feature","id":25904,"geometry":{"type":"Point","coordinates":[23.7344379,37.978606999999997]},"properties":{"FID":25904}},{"type":"Feature","id":25908,"geometry":{"type":"Point","coordinates":[23.735354600000001,37.980298300000001]},"properties":{"FID":25908}},{"type":"Feature","id":25909,"geometry":{"type":"Point","coordinates":[23.735985199999998,37.979535400000003]},"properties":{"FID":25909}},{"type":"Feature","id":25910,"geometry":{"type":"Point","coordinates":[23.735696900000001,37.977131700000001]},"properties":{"FID":25910}},{"type":"Feature","id":25914,"geometry":{"type":"Point","coordinates":[23.737070500000002,37.9801158]},"properties":{"FID":25914}},{"type":"Feature","id":25921,"geometry":{"type":"Point","coordinates":[23.741390299999999,37.970711299999998]},"properties":{"FID":25921}},{"type":"Feature","id":25923,"geometry":{"type":"Point","coordinates":[23.7415579,37.970992600000002]},"properties":{"FID":25923}},{"type":"Feature","id":25924,"geometry":{"type":"Point","coordinates":[23.741579600000001,37.970670800000001]},"properties":{"FID":25924}},{"type":"Feature","id":25927,"geometry":{"type":"Point","coordinates":[23.739538799999998,37.969929499999999]},"properties":{"FID":25927}},{"type":"Feature","id":25928,"geometry":{"type":"Point","coordinates":[23.739700299999999,37.9697253]},"properties":{"FID":25928}},{"type":"Feature","id":25931,"geometry":{"type":"Point","coordinates":[23.738361099999999,37.9691805]},"properties":{"FID":25931}},{"type":"Feature","id":25934,"geometry":{"type":"Point","coordinates":[23.738238200000001,37.969270700000003]},"properties":{"FID":25934}},{"type":"Feature","id":25939,"geometry":{"type":"Point","coordinates":[23.738126999999999,37.968794099999997]},"properties":{"FID":25939}},{"type":"Feature","id":25944,"geometry":{"type":"Point","coordinates":[23.735879799999999,37.983068400000001]},"properties":{"FID":25944}},{"type":"Feature","id":25948,"geometry":{"type":"Point","coordinates":[23.7354542,37.982058899999998]},"properties":{"FID":25948}},{"type":"Feature","id":25949,"geometry":{"type":"Point","coordinates":[23.7353606,37.982062800000001]},"properties":{"FID":25949}},{"type":"Feature","id":25957,"geometry":{"type":"Point","coordinates":[23.7351226,37.982470399999997]},"properties":{"FID":25957}},{"type":"Feature","id":25973,"geometry":{"type":"Point","coordinates":[23.641766199999999,37.9823296]},"properties":{"FID":25973}},{"type":"Feature","id":25979,"geometry":{"type":"Point","coordinates":[23.707911500000002,37.979694600000002]},"properties":{"FID":25979}},{"type":"Feature","id":25983,"geometry":{"type":"Point","coordinates":[23.720651,37.980793499999997]},"properties":{"FID":25983}},{"type":"Feature","id":25995,"geometry":{"type":"Point","coordinates":[23.740292499999999,37.990195399999998]},"properties":{"FID":25995}},{"type":"Feature","id":25998,"geometry":{"type":"Point","coordinates":[23.740464899999999,37.990358399999998]},"properties":{"FID":25998}},{"type":"Feature","id":26001,"geometry":{"type":"Point","coordinates":[23.7397077,37.990371400000001]},"properties":{"FID":26001}},{"type":"Feature","id":26003,"geometry":{"type":"Point","coordinates":[23.7398022,37.990462200000003]},"properties":{"FID":26003}},{"type":"Feature","id":26004,"geometry":{"type":"Point","coordinates":[23.739748299999999,37.990542699999999]},"properties":{"FID":26004}},{"type":"Feature","id":26006,"geometry":{"type":"Point","coordinates":[23.7411934,37.992718000000004]},"properties":{"FID":26006}},{"type":"Feature","id":26009,"geometry":{"type":"Point","coordinates":[23.740830800000001,37.992451799999998]},"properties":{"FID":26009}},{"type":"Feature","id":26020,"geometry":{"type":"Point","coordinates":[23.639779999999998,37.964473900000002]},"properties":{"FID":26020}},{"type":"Feature","id":26025,"geometry":{"type":"Point","coordinates":[23.5709178,37.963863099999998]},"properties":{"FID":26025}},{"type":"Feature","id":26058,"geometry":{"type":"Point","coordinates":[23.727134800000002,37.956858500000003]},"properties":{"FID":26058}},{"type":"Feature","id":26062,"geometry":{"type":"Point","coordinates":[23.726690999999999,37.957856900000003]},"properties":{"FID":26062}},{"type":"Feature","id":26065,"geometry":{"type":"Point","coordinates":[23.7266069,37.957918100000001]},"properties":{"FID":26065}},{"type":"Feature","id":26069,"geometry":{"type":"Point","coordinates":[23.728455199999999,37.957359199999999]},"properties":{"FID":26069}},{"type":"Feature","id":26070,"geometry":{"type":"Point","coordinates":[23.728381800000001,37.957459999999998]},"properties":{"FID":26070}},{"type":"Feature","id":26076,"geometry":{"type":"Point","coordinates":[23.725887100000001,37.963257800000001]},"properties":{"FID":26076}},{"type":"Feature","id":26078,"geometry":{"type":"Point","coordinates":[23.7261129,37.963285499999998]},"properties":{"FID":26078}},{"type":"Feature","id":26079,"geometry":{"type":"Point","coordinates":[23.726296900000001,37.963601300000001]},"properties":{"FID":26079}},{"type":"Feature","id":26081,"geometry":{"type":"Point","coordinates":[23.726545399999999,37.963640300000002]},"properties":{"FID":26081}},{"type":"Feature","id":26083,"geometry":{"type":"Point","coordinates":[23.726452699999999,37.9635447]},"properties":{"FID":26083}},{"type":"Feature","id":26085,"geometry":{"type":"Point","coordinates":[23.725349900000001,37.962510700000003]},"properties":{"FID":26085}},{"type":"Feature","id":26086,"geometry":{"type":"Point","coordinates":[23.725224300000001,37.962585099999998]},"properties":{"FID":26086}},{"type":"Feature","id":26091,"geometry":{"type":"Point","coordinates":[23.725435900000001,37.962265299999999]},"properties":{"FID":26091}},{"type":"Feature","id":26093,"geometry":{"type":"Point","coordinates":[23.725088800000002,37.962208400000002]},"properties":{"FID":26093}},{"type":"Feature","id":26094,"geometry":{"type":"Point","coordinates":[23.724992199999999,37.962287600000003]},"properties":{"FID":26094}},{"type":"Feature","id":26095,"geometry":{"type":"Point","coordinates":[23.7248786,37.962597799999998]},"properties":{"FID":26095}},{"type":"Feature","id":26099,"geometry":{"type":"Point","coordinates":[23.724772999999999,37.962783399999999]},"properties":{"FID":26099}},{"type":"Feature","id":26101,"geometry":{"type":"Point","coordinates":[23.724652599999999,37.963025500000001]},"properties":{"FID":26101}},{"type":"Feature","id":26105,"geometry":{"type":"Point","coordinates":[23.724437000000002,37.962979300000001]},"properties":{"FID":26105}},{"type":"Feature","id":26106,"geometry":{"type":"Point","coordinates":[23.724529,37.962738199999997]},"properties":{"FID":26106}},{"type":"Feature","id":26118,"geometry":{"type":"Point","coordinates":[23.723151600000001,37.961682000000003]},"properties":{"FID":26118}},{"type":"Feature","id":26119,"geometry":{"type":"Point","coordinates":[23.723367100000001,37.963830299999998]},"properties":{"FID":26119}},{"type":"Feature","id":26120,"geometry":{"type":"Point","coordinates":[23.7232634,37.9638329]},"properties":{"FID":26120}},{"type":"Feature","id":26121,"geometry":{"type":"Point","coordinates":[23.7232457,37.963926899999997]},"properties":{"FID":26121}},{"type":"Feature","id":26122,"geometry":{"type":"Point","coordinates":[23.719255,37.962189799999997]},"properties":{"FID":26122}},{"type":"Feature","id":26125,"geometry":{"type":"Point","coordinates":[23.7189364,37.961291799999998]},"properties":{"FID":26125}},{"type":"Feature","id":26127,"geometry":{"type":"Point","coordinates":[23.719111000000002,37.961284999999997]},"properties":{"FID":26127}},{"type":"Feature","id":26129,"geometry":{"type":"Point","coordinates":[23.719196700000001,37.961344500000003]},"properties":{"FID":26129}},{"type":"Feature","id":26131,"geometry":{"type":"Point","coordinates":[23.719308300000002,37.961340499999999]},"properties":{"FID":26131}},{"type":"Feature","id":26137,"geometry":{"type":"Point","coordinates":[23.719725799999999,37.9617273]},"properties":{"FID":26137}},{"type":"Feature","id":26149,"geometry":{"type":"Point","coordinates":[23.7385521,37.986178000000002]},"properties":{"FID":26149}},{"type":"Feature","id":26154,"geometry":{"type":"Point","coordinates":[23.747544399999999,37.971304799999999]},"properties":{"FID":26154}},{"type":"Feature","id":26156,"geometry":{"type":"Point","coordinates":[23.7475758,37.971509599999997]},"properties":{"FID":26156}},{"type":"Feature","id":26157,"geometry":{"type":"Point","coordinates":[23.747574499999999,37.970256599999999]},"properties":{"FID":26157}},{"type":"Feature","id":26158,"geometry":{"type":"Point","coordinates":[23.747173400000001,37.968900599999998]},"properties":{"FID":26158}},{"type":"Feature","id":26160,"geometry":{"type":"Point","coordinates":[23.747363199999999,37.970126200000003]},"properties":{"FID":26160}},{"type":"Feature","id":26162,"geometry":{"type":"Point","coordinates":[23.747418400000001,37.970485400000001]},"properties":{"FID":26162}},{"type":"Feature","id":26163,"geometry":{"type":"Point","coordinates":[23.747228100000001,37.9703047]},"properties":{"FID":26163}},{"type":"Feature","id":26172,"geometry":{"type":"Point","coordinates":[23.746317000000001,37.974083800000002]},"properties":{"FID":26172}},{"type":"Feature","id":26173,"geometry":{"type":"Point","coordinates":[23.746499700000001,37.974016200000001]},"properties":{"FID":26173}},{"type":"Feature","id":26174,"geometry":{"type":"Point","coordinates":[23.744287199999999,37.972694400000002]},"properties":{"FID":26174}},{"type":"Feature","id":26175,"geometry":{"type":"Point","coordinates":[23.744485099999999,37.972996700000003]},"properties":{"FID":26175}},{"type":"Feature","id":26177,"geometry":{"type":"Point","coordinates":[23.744584799999998,37.972778099999999]},"properties":{"FID":26177}},{"type":"Feature","id":26178,"geometry":{"type":"Point","coordinates":[23.744655699999999,37.972829300000001]},"properties":{"FID":26178}},{"type":"Feature","id":26180,"geometry":{"type":"Point","coordinates":[23.744144299999999,37.972596600000003]},"properties":{"FID":26180}},{"type":"Feature","id":26181,"geometry":{"type":"Point","coordinates":[23.7432272,37.971912500000002]},"properties":{"FID":26181}},{"type":"Feature","id":26183,"geometry":{"type":"Point","coordinates":[23.742976299999999,37.971797199999997]},"properties":{"FID":26183}},{"type":"Feature","id":26184,"geometry":{"type":"Point","coordinates":[23.743139299999999,37.9720753]},"properties":{"FID":26184}},{"type":"Feature","id":26185,"geometry":{"type":"Point","coordinates":[23.742605699999999,37.972907399999997]},"properties":{"FID":26185}},{"type":"Feature","id":26186,"geometry":{"type":"Point","coordinates":[23.742447299999998,37.973013899999998]},"properties":{"FID":26186}},{"type":"Feature","id":26187,"geometry":{"type":"Point","coordinates":[23.742761099999999,37.972980100000001]},"properties":{"FID":26187}},{"type":"Feature","id":26189,"geometry":{"type":"Point","coordinates":[23.7439401,37.972788700000002]},"properties":{"FID":26189}},{"type":"Feature","id":26198,"geometry":{"type":"Point","coordinates":[23.642059499999998,37.9913995]},"properties":{"FID":26198}},{"type":"Feature","id":26214,"geometry":{"type":"Point","coordinates":[23.7388379,37.952483200000003]},"properties":{"FID":26214}},{"type":"Feature","id":26215,"geometry":{"type":"Point","coordinates":[23.738912899999999,37.952570299999998]},"properties":{"FID":26215}},{"type":"Feature","id":26222,"geometry":{"type":"Point","coordinates":[23.737299199999999,37.952081499999998]},"properties":{"FID":26222}},{"type":"Feature","id":26234,"geometry":{"type":"Point","coordinates":[23.735264600000001,37.956969100000002]},"properties":{"FID":26234}},{"type":"Feature","id":26235,"geometry":{"type":"Point","coordinates":[23.736054200000002,37.955377800000001]},"properties":{"FID":26235}},{"type":"Feature","id":26236,"geometry":{"type":"Point","coordinates":[23.736177300000001,37.955236599999999]},"properties":{"FID":26236}},{"type":"Feature","id":26241,"geometry":{"type":"Point","coordinates":[23.736873800000001,37.953466300000002]},"properties":{"FID":26241}},{"type":"Feature","id":26257,"geometry":{"type":"Point","coordinates":[23.7346951,37.957893900000002]},"properties":{"FID":26257}},{"type":"Feature","id":26258,"geometry":{"type":"Point","coordinates":[23.7346319,37.957774200000003]},"properties":{"FID":26258}},{"type":"Feature","id":26264,"geometry":{"type":"Point","coordinates":[23.7386047,37.9569817]},"properties":{"FID":26264}},{"type":"Feature","id":26265,"geometry":{"type":"Point","coordinates":[23.738767899999999,37.955316400000001]},"properties":{"FID":26265}},{"type":"Feature","id":26266,"geometry":{"type":"Point","coordinates":[23.738845900000001,37.953644799999999]},"properties":{"FID":26266}},{"type":"Feature","id":26270,"geometry":{"type":"Point","coordinates":[23.7447163,37.954483500000002]},"properties":{"FID":26270}},{"type":"Feature","id":26292,"geometry":{"type":"Point","coordinates":[23.724969300000001,37.9580664]},"properties":{"FID":26292}},{"type":"Feature","id":26293,"geometry":{"type":"Point","coordinates":[23.724874400000001,37.9583455]},"properties":{"FID":26293}},{"type":"Feature","id":26298,"geometry":{"type":"Point","coordinates":[23.726289000000001,37.958087300000003]},"properties":{"FID":26298}},{"type":"Feature","id":26304,"geometry":{"type":"Point","coordinates":[23.726183800000001,37.957974499999999]},"properties":{"FID":26304}},{"type":"Feature","id":26307,"geometry":{"type":"Point","coordinates":[23.725918,37.963233899999999]},"properties":{"FID":26307}},{"type":"Feature","id":26310,"geometry":{"type":"Point","coordinates":[23.6931525,38.014958900000003]},"properties":{"FID":26310}},{"type":"Feature","id":26320,"geometry":{"type":"Point","coordinates":[23.6932969,38.019736399999999]},"properties":{"FID":26320}},{"type":"Feature","id":26322,"geometry":{"type":"Point","coordinates":[23.6930552,38.015062200000003]},"properties":{"FID":26322}},{"type":"Feature","id":26327,"geometry":{"type":"Point","coordinates":[23.695121199999999,38.013547600000003]},"properties":{"FID":26327}},{"type":"Feature","id":26328,"geometry":{"type":"Point","coordinates":[23.695071200000001,38.013650499999997]},"properties":{"FID":26328}},{"type":"Feature","id":26329,"geometry":{"type":"Point","coordinates":[23.695014400000002,38.013596900000003]},"properties":{"FID":26329}},{"type":"Feature","id":26330,"geometry":{"type":"Point","coordinates":[23.690902900000001,38.011257800000003]},"properties":{"FID":26330}},{"type":"Feature","id":26331,"geometry":{"type":"Point","coordinates":[23.6910718,38.011185300000001]},"properties":{"FID":26331}},{"type":"Feature","id":26340,"geometry":{"type":"Point","coordinates":[23.735389300000001,37.991047100000003]},"properties":{"FID":26340}},{"type":"Feature","id":26341,"geometry":{"type":"Point","coordinates":[23.735868700000001,37.991076200000002]},"properties":{"FID":26341}},{"type":"Feature","id":26342,"geometry":{"type":"Point","coordinates":[23.734858899999999,37.985688500000002]},"properties":{"FID":26342}},{"type":"Feature","id":26343,"geometry":{"type":"Point","coordinates":[23.734863600000001,37.985575599999997]},"properties":{"FID":26343}},{"type":"Feature","id":26348,"geometry":{"type":"Point","coordinates":[23.734630299999999,37.9868855]},"properties":{"FID":26348}},{"type":"Feature","id":26354,"geometry":{"type":"Point","coordinates":[23.748763700000001,38.010575600000003]},"properties":{"FID":26354}},{"type":"Feature","id":26356,"geometry":{"type":"Point","coordinates":[23.748537500000001,38.010428500000003]},"properties":{"FID":26356}},{"type":"Feature","id":26357,"geometry":{"type":"Point","coordinates":[23.748602099999999,38.010596999999997]},"properties":{"FID":26357}},{"type":"Feature","id":26365,"geometry":{"type":"Point","coordinates":[23.7459001,38.007837600000002]},"properties":{"FID":26365}},{"type":"Feature","id":26366,"geometry":{"type":"Point","coordinates":[23.746021200000001,38.0079998]},"properties":{"FID":26366}},{"type":"Feature","id":26388,"geometry":{"type":"Point","coordinates":[23.742456900000001,38.027002799999998]},"properties":{"FID":26388}},{"type":"Feature","id":26389,"geometry":{"type":"Point","coordinates":[23.7423404,38.026964300000003]},"properties":{"FID":26389}},{"type":"Feature","id":26394,"geometry":{"type":"Point","coordinates":[23.742482899999999,38.027278699999997]},"properties":{"FID":26394}},{"type":"Feature","id":26395,"geometry":{"type":"Point","coordinates":[23.7423708,38.027284999999999]},"properties":{"FID":26395}},{"type":"Feature","id":26411,"geometry":{"type":"Point","coordinates":[23.745699800000001,38.020347899999997]},"properties":{"FID":26411}},{"type":"Feature","id":26426,"geometry":{"type":"Point","coordinates":[23.746876100000001,37.987817900000003]},"properties":{"FID":26426}},{"type":"Feature","id":26427,"geometry":{"type":"Point","coordinates":[23.7466683,37.988251900000002]},"properties":{"FID":26427}},{"type":"Feature","id":26433,"geometry":{"type":"Point","coordinates":[23.747660700000001,37.988987799999997]},"properties":{"FID":26433}},{"type":"Feature","id":26437,"geometry":{"type":"Point","coordinates":[23.747853200000002,37.989225400000002]},"properties":{"FID":26437}},{"type":"Feature","id":26438,"geometry":{"type":"Point","coordinates":[23.7479397,37.989054099999997]},"properties":{"FID":26438}},{"type":"Feature","id":26439,"geometry":{"type":"Point","coordinates":[23.747961199999999,37.988995899999999]},"properties":{"FID":26439}},{"type":"Feature","id":26441,"geometry":{"type":"Point","coordinates":[23.748689899999999,37.988712999999997]},"properties":{"FID":26441}},{"type":"Feature","id":26442,"geometry":{"type":"Point","coordinates":[23.748921500000002,37.988875499999999]},"properties":{"FID":26442}},{"type":"Feature","id":26444,"geometry":{"type":"Point","coordinates":[23.7486876,37.988799]},"properties":{"FID":26444}},{"type":"Feature","id":26447,"geometry":{"type":"Point","coordinates":[23.746585400000001,37.9882645]},"properties":{"FID":26447}},{"type":"Feature","id":26464,"geometry":{"type":"Point","coordinates":[23.7487824,37.980587300000003]},"properties":{"FID":26464}},{"type":"Feature","id":26465,"geometry":{"type":"Point","coordinates":[23.748721,37.980608500000002]},"properties":{"FID":26465}},{"type":"Feature","id":26466,"geometry":{"type":"Point","coordinates":[23.748752499999998,37.980528100000001]},"properties":{"FID":26466}},{"type":"Feature","id":26467,"geometry":{"type":"Point","coordinates":[23.7486766,37.980557300000001]},"properties":{"FID":26467}},{"type":"Feature","id":26473,"geometry":{"type":"Point","coordinates":[23.7462318,37.9785149]},"properties":{"FID":26473}},{"type":"Feature","id":26480,"geometry":{"type":"Point","coordinates":[23.748783199999998,37.976724400000002]},"properties":{"FID":26480}},{"type":"Feature","id":26485,"geometry":{"type":"Point","coordinates":[23.747007199999999,37.9678015]},"properties":{"FID":26485}},{"type":"Feature","id":26490,"geometry":{"type":"Point","coordinates":[23.748515600000001,37.967553000000002]},"properties":{"FID":26490}},{"type":"Feature","id":26491,"geometry":{"type":"Point","coordinates":[23.748740300000001,37.967612199999998]},"properties":{"FID":26491}},{"type":"Feature","id":26493,"geometry":{"type":"Point","coordinates":[23.748992099999999,37.966947500000003]},"properties":{"FID":26493}},{"type":"Feature","id":26497,"geometry":{"type":"Point","coordinates":[23.749757800000001,37.967477799999998]},"properties":{"FID":26497}},{"type":"Feature","id":26502,"geometry":{"type":"Point","coordinates":[23.7475536,37.970332300000003]},"properties":{"FID":26502}},{"type":"Feature","id":26504,"geometry":{"type":"Point","coordinates":[23.7472256,37.970263500000001]},"properties":{"FID":26504}},{"type":"Feature","id":26505,"geometry":{"type":"Point","coordinates":[23.748716300000002,37.976579700000002]},"properties":{"FID":26505}},{"type":"Feature","id":26518,"geometry":{"type":"Point","coordinates":[23.738697200000001,38.021950199999999]},"properties":{"FID":26518}},{"type":"Feature","id":26519,"geometry":{"type":"Point","coordinates":[23.738880699999999,38.022015699999997]},"properties":{"FID":26519}},{"type":"Feature","id":26521,"geometry":{"type":"Point","coordinates":[23.738881200000002,38.022254400000001]},"properties":{"FID":26521}},{"type":"Feature","id":26522,"geometry":{"type":"Point","coordinates":[23.738911999999999,38.022237099999998]},"properties":{"FID":26522}},{"type":"Feature","id":26527,"geometry":{"type":"Point","coordinates":[23.798717199999999,38.021429500000004]},"properties":{"FID":26527}},{"type":"Feature","id":26530,"geometry":{"type":"Point","coordinates":[23.813935000000001,38.020420299999998]},"properties":{"FID":26530}},{"type":"Feature","id":26538,"geometry":{"type":"Point","coordinates":[23.738686399999999,38.022183099999999]},"properties":{"FID":26538}},{"type":"Feature","id":26540,"geometry":{"type":"Point","coordinates":[23.821518699999999,38.021965100000003]},"properties":{"FID":26540}},{"type":"Feature","id":26541,"geometry":{"type":"Point","coordinates":[23.820197400000001,38.0217533]},"properties":{"FID":26541}},{"type":"Feature","id":26550,"geometry":{"type":"Point","coordinates":[23.848110399999999,38.022374300000003]},"properties":{"FID":26550}},{"type":"Feature","id":26552,"geometry":{"type":"Point","coordinates":[23.847937699999999,38.0223376]},"properties":{"FID":26552}},{"type":"Feature","id":26574,"geometry":{"type":"Point","coordinates":[23.740921799999999,38.015616799999997]},"properties":{"FID":26574}},{"type":"Feature","id":26576,"geometry":{"type":"Point","coordinates":[23.7390413,38.012486299999999]},"properties":{"FID":26576}},{"type":"Feature","id":26592,"geometry":{"type":"Point","coordinates":[23.735285900000001,38.012885199999999]},"properties":{"FID":26592}},{"type":"Feature","id":26594,"geometry":{"type":"Point","coordinates":[23.735122499999999,38.011847099999997]},"properties":{"FID":26594}},{"type":"Feature","id":26595,"geometry":{"type":"Point","coordinates":[23.735244600000001,38.011936499999997]},"properties":{"FID":26595}},{"type":"Feature","id":26597,"geometry":{"type":"Point","coordinates":[23.735238299999999,38.011792200000002]},"properties":{"FID":26597}},{"type":"Feature","id":26600,"geometry":{"type":"Point","coordinates":[23.738904300000002,38.009669299999999]},"properties":{"FID":26600}},{"type":"Feature","id":26601,"geometry":{"type":"Point","coordinates":[23.738930799999999,38.009668499999997]},"properties":{"FID":26601}},{"type":"Feature","id":26602,"geometry":{"type":"Point","coordinates":[23.738850800000002,38.009705099999998]},"properties":{"FID":26602}},{"type":"Feature","id":26603,"geometry":{"type":"Point","coordinates":[23.738934400000002,38.0097758]},"properties":{"FID":26603}},{"type":"Feature","id":26613,"geometry":{"type":"Point","coordinates":[23.805393599999999,38.008988000000002]},"properties":{"FID":26613}},{"type":"Feature","id":26623,"geometry":{"type":"Point","coordinates":[23.780040799999998,38.009840699999998]},"properties":{"FID":26623}},{"type":"Feature","id":26625,"geometry":{"type":"Point","coordinates":[23.824364500000001,38.0102142]},"properties":{"FID":26625}},{"type":"Feature","id":26627,"geometry":{"type":"Point","coordinates":[23.843330999999999,38.0103224]},"properties":{"FID":26627}},{"type":"Feature","id":26640,"geometry":{"type":"Point","coordinates":[23.757735700000001,37.987376500000003]},"properties":{"FID":26640}},{"type":"Feature","id":26646,"geometry":{"type":"Point","coordinates":[23.757700499999999,37.987019600000004]},"properties":{"FID":26646}},{"type":"Feature","id":26649,"geometry":{"type":"Point","coordinates":[23.7571504,37.985453999999997]},"properties":{"FID":26649}},{"type":"Feature","id":26669,"geometry":{"type":"Point","coordinates":[23.726859399999999,37.964722600000002]},"properties":{"FID":26669}},{"type":"Feature","id":26686,"geometry":{"type":"Point","coordinates":[23.7228794,37.964325199999998]},"properties":{"FID":26686}},{"type":"Feature","id":26687,"geometry":{"type":"Point","coordinates":[23.722873499999999,37.964222900000003]},"properties":{"FID":26687}},{"type":"Feature","id":26694,"geometry":{"type":"Point","coordinates":[23.7354001,38.015561699999999]},"properties":{"FID":26694}},{"type":"Feature","id":26695,"geometry":{"type":"Point","coordinates":[23.7352302,38.014388599999997]},"properties":{"FID":26695}},{"type":"Feature","id":26697,"geometry":{"type":"Point","coordinates":[23.8310374,38.013801600000001]},"properties":{"FID":26697}},{"type":"Feature","id":26710,"geometry":{"type":"Point","coordinates":[23.843268699999999,38.013762300000003]},"properties":{"FID":26710}},{"type":"Feature","id":26712,"geometry":{"type":"Point","coordinates":[23.816043499999999,38.0122328]},"properties":{"FID":26712}},{"type":"Feature","id":26716,"geometry":{"type":"Point","coordinates":[23.736319600000002,38.015541499999998]},"properties":{"FID":26716}},{"type":"Feature","id":26721,"geometry":{"type":"Point","coordinates":[23.7846835,38.015265399999997]},"properties":{"FID":26721}},{"type":"Feature","id":26728,"geometry":{"type":"Point","coordinates":[23.742850799999999,37.967481499999998]},"properties":{"FID":26728}},{"type":"Feature","id":26735,"geometry":{"type":"Point","coordinates":[23.744371300000001,37.967973600000001]},"properties":{"FID":26735}},{"type":"Feature","id":26736,"geometry":{"type":"Point","coordinates":[23.744254300000001,37.968077200000003]},"properties":{"FID":26736}},{"type":"Feature","id":26744,"geometry":{"type":"Point","coordinates":[23.723239899999999,37.954090999999998]},"properties":{"FID":26744}},{"type":"Feature","id":26745,"geometry":{"type":"Point","coordinates":[23.7232281,37.9538589]},"properties":{"FID":26745}},{"type":"Feature","id":26748,"geometry":{"type":"Point","coordinates":[23.7241635,37.956330199999996]},"properties":{"FID":26748}},{"type":"Feature","id":26749,"geometry":{"type":"Point","coordinates":[23.724212300000001,37.956424400000003]},"properties":{"FID":26749}},{"type":"Feature","id":26752,"geometry":{"type":"Point","coordinates":[23.726327399999999,37.956226800000003]},"properties":{"FID":26752}},{"type":"Feature","id":26753,"geometry":{"type":"Point","coordinates":[23.7264515,37.956485000000001]},"properties":{"FID":26753}},{"type":"Feature","id":26754,"geometry":{"type":"Point","coordinates":[23.726523199999999,37.956385400000002]},"properties":{"FID":26754}},{"type":"Feature","id":26756,"geometry":{"type":"Point","coordinates":[23.724866200000001,37.955391200000001]},"properties":{"FID":26756}},{"type":"Feature","id":26757,"geometry":{"type":"Point","coordinates":[23.725119100000001,37.955730799999998]},"properties":{"FID":26757}},{"type":"Feature","id":26765,"geometry":{"type":"Point","coordinates":[23.725448400000001,37.953139899999996]},"properties":{"FID":26765}},{"type":"Feature","id":26775,"geometry":{"type":"Point","coordinates":[23.723484299999999,37.946943900000001]},"properties":{"FID":26775}},{"type":"Feature","id":26786,"geometry":{"type":"Point","coordinates":[23.719320400000001,37.950321700000003]},"properties":{"FID":26786}},{"type":"Feature","id":26787,"geometry":{"type":"Point","coordinates":[23.719265,37.950448999999999]},"properties":{"FID":26787}},{"type":"Feature","id":26794,"geometry":{"type":"Point","coordinates":[23.720193500000001,37.9509951]},"properties":{"FID":26794}},{"type":"Feature","id":26804,"geometry":{"type":"Point","coordinates":[23.722617499999998,37.947755000000001]},"properties":{"FID":26804}},{"type":"Feature","id":26852,"geometry":{"type":"Point","coordinates":[23.802326699999998,37.989829299999997]},"properties":{"FID":26852}},{"type":"Feature","id":26896,"geometry":{"type":"Point","coordinates":[23.753668999999999,37.928300499999999]},"properties":{"FID":26896}},{"type":"Feature","id":26898,"geometry":{"type":"Point","coordinates":[23.7538816,37.928404100000002]},"properties":{"FID":26898}},{"type":"Feature","id":26906,"geometry":{"type":"Point","coordinates":[23.751643399999999,37.934621300000003]},"properties":{"FID":26906}},{"type":"Feature","id":26927,"geometry":{"type":"Point","coordinates":[23.753951600000001,37.928165800000002]},"properties":{"FID":26927}},{"type":"Feature","id":26977,"geometry":{"type":"Point","coordinates":[23.828613699999998,38.028091000000003]},"properties":{"FID":26977}},{"type":"Feature","id":26978,"geometry":{"type":"Point","coordinates":[23.844480399999998,38.028933700000003]},"properties":{"FID":26978}},{"type":"Feature","id":26983,"geometry":{"type":"Point","coordinates":[23.813722299999998,38.028652399999999]},"properties":{"FID":26983}},{"type":"Feature","id":26987,"geometry":{"type":"Point","coordinates":[23.850209499999998,38.0261481]},"properties":{"FID":26987}},{"type":"Feature","id":26989,"geometry":{"type":"Point","coordinates":[23.734942700000001,38.009865699999999]},"properties":{"FID":26989}},{"type":"Feature","id":26991,"geometry":{"type":"Point","coordinates":[23.735111100000001,38.009958400000002]},"properties":{"FID":26991}},{"type":"Feature","id":26994,"geometry":{"type":"Point","coordinates":[23.735288400000002,38.010433499999998]},"properties":{"FID":26994}},{"type":"Feature","id":26999,"geometry":{"type":"Point","coordinates":[23.7361109,38.006607000000002]},"properties":{"FID":26999}},{"type":"Feature","id":27000,"geometry":{"type":"Point","coordinates":[23.736002899999999,38.006549499999998]},"properties":{"FID":27000}},{"type":"Feature","id":27002,"geometry":{"type":"Point","coordinates":[23.736013700000001,38.005120699999999]},"properties":{"FID":27002}},{"type":"Feature","id":27003,"geometry":{"type":"Point","coordinates":[23.735900399999998,38.005089900000002]},"properties":{"FID":27003}},{"type":"Feature","id":27004,"geometry":{"type":"Point","coordinates":[23.7359291,38.005792399999997]},"properties":{"FID":27004}},{"type":"Feature","id":27014,"geometry":{"type":"Point","coordinates":[23.7378632,38.005541899999997]},"properties":{"FID":27014}},{"type":"Feature","id":27015,"geometry":{"type":"Point","coordinates":[23.737941899999999,38.005453899999999]},"properties":{"FID":27015}},{"type":"Feature","id":27044,"geometry":{"type":"Point","coordinates":[23.750693600000002,37.864758999999999]},"properties":{"FID":27044}},{"type":"Feature","id":27047,"geometry":{"type":"Point","coordinates":[23.7570291,37.866630299999997]},"properties":{"FID":27047}},{"type":"Feature","id":27049,"geometry":{"type":"Point","coordinates":[23.7569078,37.866871000000003]},"properties":{"FID":27049}},{"type":"Feature","id":27053,"geometry":{"type":"Point","coordinates":[23.7565971,37.866799399999998]},"properties":{"FID":27053}},{"type":"Feature","id":27054,"geometry":{"type":"Point","coordinates":[23.756766299999999,37.866574]},"properties":{"FID":27054}},{"type":"Feature","id":27059,"geometry":{"type":"Point","coordinates":[23.755029799999999,37.864973999999997]},"properties":{"FID":27059}},{"type":"Feature","id":27061,"geometry":{"type":"Point","coordinates":[23.753989900000001,37.869541699999999]},"properties":{"FID":27061}},{"type":"Feature","id":27070,"geometry":{"type":"Point","coordinates":[23.753759800000001,37.869628800000001]},"properties":{"FID":27070}},{"type":"Feature","id":27072,"geometry":{"type":"Point","coordinates":[23.752289300000001,37.870113099999998]},"properties":{"FID":27072}},{"type":"Feature","id":27099,"geometry":{"type":"Point","coordinates":[23.750702400000002,37.864902499999999]},"properties":{"FID":27099}},{"type":"Feature","id":27102,"geometry":{"type":"Point","coordinates":[23.753031100000001,37.871800399999998]},"properties":{"FID":27102}},{"type":"Feature","id":27107,"geometry":{"type":"Point","coordinates":[23.7500964,37.860599800000003]},"properties":{"FID":27107}},{"type":"Feature","id":27109,"geometry":{"type":"Point","coordinates":[23.7508102,37.860399899999997]},"properties":{"FID":27109}},{"type":"Feature","id":27120,"geometry":{"type":"Point","coordinates":[23.7522828,37.862050099999998]},"properties":{"FID":27120}},{"type":"Feature","id":27123,"geometry":{"type":"Point","coordinates":[23.7526318,37.862132799999998]},"properties":{"FID":27123}},{"type":"Feature","id":27132,"geometry":{"type":"Point","coordinates":[23.752322299999999,37.8625203]},"properties":{"FID":27132}},{"type":"Feature","id":27141,"geometry":{"type":"Point","coordinates":[23.7549131,37.858015199999997]},"properties":{"FID":27141}},{"type":"Feature","id":27142,"geometry":{"type":"Point","coordinates":[23.754740000000002,37.858021700000002]},"properties":{"FID":27142}},{"type":"Feature","id":27159,"geometry":{"type":"Point","coordinates":[23.7544617,37.859643200000001]},"properties":{"FID":27159}},{"type":"Feature","id":27161,"geometry":{"type":"Point","coordinates":[23.754619099999999,37.859683400000002]},"properties":{"FID":27161}},{"type":"Feature","id":27176,"geometry":{"type":"Point","coordinates":[23.763296700000001,37.861089499999999]},"properties":{"FID":27176}},{"type":"Feature","id":27178,"geometry":{"type":"Point","coordinates":[23.7548736,37.8578185]},"properties":{"FID":27178}},{"type":"Feature","id":27201,"geometry":{"type":"Point","coordinates":[23.752947800000001,37.851273200000001]},"properties":{"FID":27201}},{"type":"Feature","id":27202,"geometry":{"type":"Point","coordinates":[23.752312499999999,37.8513856]},"properties":{"FID":27202}},{"type":"Feature","id":27214,"geometry":{"type":"Point","coordinates":[23.7536378,37.847524200000002]},"properties":{"FID":27214}},{"type":"Feature","id":27215,"geometry":{"type":"Point","coordinates":[23.753378300000001,37.847619600000002]},"properties":{"FID":27215}},{"type":"Feature","id":27216,"geometry":{"type":"Point","coordinates":[23.751711499999999,37.854648300000001]},"properties":{"FID":27216}},{"type":"Feature","id":27218,"geometry":{"type":"Point","coordinates":[23.751699599999998,37.853647700000003]},"properties":{"FID":27218}},{"type":"Feature","id":27219,"geometry":{"type":"Point","coordinates":[23.7516566,37.853548699999997]},"properties":{"FID":27219}},{"type":"Feature","id":27220,"geometry":{"type":"Point","coordinates":[23.7519828,37.853442800000003]},"properties":{"FID":27220}},{"type":"Feature","id":27224,"geometry":{"type":"Point","coordinates":[23.751954900000001,37.854487300000002]},"properties":{"FID":27224}},{"type":"Feature","id":27227,"geometry":{"type":"Point","coordinates":[23.751995999999998,37.856139400000004]},"properties":{"FID":27227}},{"type":"Feature","id":27228,"geometry":{"type":"Point","coordinates":[23.751746700000002,37.8561981]},"properties":{"FID":27228}},{"type":"Feature","id":27247,"geometry":{"type":"Point","coordinates":[23.739690499999998,38.000246400000002]},"properties":{"FID":27247}},{"type":"Feature","id":27249,"geometry":{"type":"Point","coordinates":[23.7397417,38.000294500000003]},"properties":{"FID":27249}},{"type":"Feature","id":27250,"geometry":{"type":"Point","coordinates":[23.7397393,38.000255099999997]},"properties":{"FID":27250}},{"type":"Feature","id":27254,"geometry":{"type":"Point","coordinates":[23.7403704,38.000884200000002]},"properties":{"FID":27254}},{"type":"Feature","id":27258,"geometry":{"type":"Point","coordinates":[23.686958600000001,38.004289700000001]},"properties":{"FID":27258}},{"type":"Feature","id":27265,"geometry":{"type":"Point","coordinates":[23.685237499999999,38.001081399999997]},"properties":{"FID":27265}},{"type":"Feature","id":27285,"geometry":{"type":"Point","coordinates":[23.688116699999998,38.008146500000002]},"properties":{"FID":27285}},{"type":"Feature","id":27286,"geometry":{"type":"Point","coordinates":[23.6882123,38.008127899999998]},"properties":{"FID":27286}},{"type":"Feature","id":27313,"geometry":{"type":"Point","coordinates":[23.679918700000002,38.003391299999997]},"properties":{"FID":27313}},{"type":"Feature","id":27315,"geometry":{"type":"Point","coordinates":[23.681600299999999,38.008260100000001]},"properties":{"FID":27315}},{"type":"Feature","id":27319,"geometry":{"type":"Point","coordinates":[23.682081400000001,38.007842500000002]},"properties":{"FID":27319}},{"type":"Feature","id":27327,"geometry":{"type":"Point","coordinates":[23.7701216,37.990094900000003]},"properties":{"FID":27327}},{"type":"Feature","id":27328,"geometry":{"type":"Point","coordinates":[23.769899599999999,37.990030900000001]},"properties":{"FID":27328}},{"type":"Feature","id":27329,"geometry":{"type":"Point","coordinates":[23.769940099999999,37.989781100000002]},"properties":{"FID":27329}},{"type":"Feature","id":27333,"geometry":{"type":"Point","coordinates":[23.771300700000001,37.991007500000002]},"properties":{"FID":27333}},{"type":"Feature","id":27335,"geometry":{"type":"Point","coordinates":[23.771214000000001,37.991029900000001]},"properties":{"FID":27335}},{"type":"Feature","id":27343,"geometry":{"type":"Point","coordinates":[23.767182999999999,37.988293800000001]},"properties":{"FID":27343}},{"type":"Feature","id":27347,"geometry":{"type":"Point","coordinates":[23.767175999999999,37.988098899999997]},"properties":{"FID":27347}},{"type":"Feature","id":27351,"geometry":{"type":"Point","coordinates":[23.765642799999998,37.9863918]},"properties":{"FID":27351}},{"type":"Feature","id":27354,"geometry":{"type":"Point","coordinates":[23.765704400000001,37.9863523]},"properties":{"FID":27354}},{"type":"Feature","id":27355,"geometry":{"type":"Point","coordinates":[23.7657904,37.986350700000003]},"properties":{"FID":27355}},{"type":"Feature","id":27360,"geometry":{"type":"Point","coordinates":[23.767758700000002,37.984449699999999]},"properties":{"FID":27360}},{"type":"Feature","id":27365,"geometry":{"type":"Point","coordinates":[23.771205399999999,37.980772199999997]},"properties":{"FID":27365}},{"type":"Feature","id":27366,"geometry":{"type":"Point","coordinates":[23.771407499999999,37.980813499999996]},"properties":{"FID":27366}},{"type":"Feature","id":27367,"geometry":{"type":"Point","coordinates":[23.768606699999999,37.983562200000001]},"properties":{"FID":27367}},{"type":"Feature","id":27368,"geometry":{"type":"Point","coordinates":[23.768606200000001,37.983466100000001]},"properties":{"FID":27368}},{"type":"Feature","id":27369,"geometry":{"type":"Point","coordinates":[23.768771399999999,37.983541099999997]},"properties":{"FID":27369}},{"type":"Feature","id":27370,"geometry":{"type":"Point","coordinates":[23.768780599999999,37.983479299999999]},"properties":{"FID":27370}},{"type":"Feature","id":27372,"geometry":{"type":"Point","coordinates":[23.768106400000001,37.984150399999997]},"properties":{"FID":27372}},{"type":"Feature","id":27377,"geometry":{"type":"Point","coordinates":[23.771408600000001,37.980730999999999]},"properties":{"FID":27377}},{"type":"Feature","id":27379,"geometry":{"type":"Point","coordinates":[23.734904,38.005275599999997]},"properties":{"FID":27379}},{"type":"Feature","id":27380,"geometry":{"type":"Point","coordinates":[23.734916399999999,38.005766600000001]},"properties":{"FID":27380}},{"type":"Feature","id":27382,"geometry":{"type":"Point","coordinates":[23.734777999999999,38.005754899999999]},"properties":{"FID":27382}},{"type":"Feature","id":27384,"geometry":{"type":"Point","coordinates":[23.734826000000002,38.005340799999999]},"properties":{"FID":27384}},{"type":"Feature","id":27385,"geometry":{"type":"Point","coordinates":[23.734777900000001,38.005116800000003]},"properties":{"FID":27385}},{"type":"Feature","id":27386,"geometry":{"type":"Point","coordinates":[23.735089500000001,38.007550700000003]},"properties":{"FID":27386}},{"type":"Feature","id":27387,"geometry":{"type":"Point","coordinates":[23.734991000000001,38.007504599999997]},"properties":{"FID":27387}},{"type":"Feature","id":27388,"geometry":{"type":"Point","coordinates":[23.735088099999999,38.007436599999998]},"properties":{"FID":27388}},{"type":"Feature","id":27391,"geometry":{"type":"Point","coordinates":[23.734764200000001,37.946955500000001]},"properties":{"FID":27391}},{"type":"Feature","id":27397,"geometry":{"type":"Point","coordinates":[23.734109499999999,37.982036899999997]},"properties":{"FID":27397}},{"type":"Feature","id":27402,"geometry":{"type":"Point","coordinates":[23.733532,37.965608000000003]},"properties":{"FID":27402}},{"type":"Feature","id":27412,"geometry":{"type":"Point","coordinates":[23.7282364,38.014739900000002]},"properties":{"FID":27412}},{"type":"Feature","id":27413,"geometry":{"type":"Point","coordinates":[23.728393000000001,38.014797399999999]},"properties":{"FID":27413}},{"type":"Feature","id":27415,"geometry":{"type":"Point","coordinates":[23.728522300000002,38.014719700000001]},"properties":{"FID":27415}},{"type":"Feature","id":27416,"geometry":{"type":"Point","coordinates":[23.728596599999999,38.0147549]},"properties":{"FID":27416}},{"type":"Feature","id":27442,"geometry":{"type":"Point","coordinates":[23.682133799999999,38.013166900000002]},"properties":{"FID":27442}},{"type":"Feature","id":27449,"geometry":{"type":"Point","coordinates":[23.770235700000001,37.977855499999997]},"properties":{"FID":27449}},{"type":"Feature","id":27451,"geometry":{"type":"Point","coordinates":[23.770161000000002,37.977978499999999]},"properties":{"FID":27451}},{"type":"Feature","id":27452,"geometry":{"type":"Point","coordinates":[23.770119000000001,37.9777123]},"properties":{"FID":27452}},{"type":"Feature","id":27453,"geometry":{"type":"Point","coordinates":[23.7702606,37.977738199999997]},"properties":{"FID":27453}},{"type":"Feature","id":27454,"geometry":{"type":"Point","coordinates":[23.7698535,37.977878400000002]},"properties":{"FID":27454}},{"type":"Feature","id":27458,"geometry":{"type":"Point","coordinates":[23.772687600000001,37.977088500000001]},"properties":{"FID":27458}},{"type":"Feature","id":27463,"geometry":{"type":"Point","coordinates":[23.7921525,37.991567600000003]},"properties":{"FID":27463}},{"type":"Feature","id":27471,"geometry":{"type":"Point","coordinates":[23.784634,37.998909300000001]},"properties":{"FID":27471}},{"type":"Feature","id":27474,"geometry":{"type":"Point","coordinates":[23.784424999999999,37.999243800000002]},"properties":{"FID":27474}},{"type":"Feature","id":27480,"geometry":{"type":"Point","coordinates":[23.783997400000001,37.999081699999998]},"properties":{"FID":27480}},{"type":"Feature","id":27485,"geometry":{"type":"Point","coordinates":[23.782007799999999,37.997140100000003]},"properties":{"FID":27485}},{"type":"Feature","id":27489,"geometry":{"type":"Point","coordinates":[23.7792694,37.9956733]},"properties":{"FID":27489}},{"type":"Feature","id":27490,"geometry":{"type":"Point","coordinates":[23.779154800000001,37.995338400000001]},"properties":{"FID":27490}},{"type":"Feature","id":27494,"geometry":{"type":"Point","coordinates":[23.779557799999999,37.995719299999998]},"properties":{"FID":27494}},{"type":"Feature","id":27508,"geometry":{"type":"Point","coordinates":[23.7722266,37.996031700000003]},"properties":{"FID":27508}},{"type":"Feature","id":27509,"geometry":{"type":"Point","coordinates":[23.772205899999999,37.995935799999998]},"properties":{"FID":27509}},{"type":"Feature","id":27510,"geometry":{"type":"Point","coordinates":[23.771936400000001,37.995991600000004]},"properties":{"FID":27510}},{"type":"Feature","id":27512,"geometry":{"type":"Point","coordinates":[23.769553999999999,37.997889000000001]},"properties":{"FID":27512}},{"type":"Feature","id":27513,"geometry":{"type":"Point","coordinates":[23.770124899999999,37.997087299999997]},"properties":{"FID":27513}},{"type":"Feature","id":27517,"geometry":{"type":"Point","coordinates":[23.770377400000001,37.9971423]},"properties":{"FID":27517}},{"type":"Feature","id":27518,"geometry":{"type":"Point","coordinates":[23.770380899999999,37.996999899999999]},"properties":{"FID":27518}},{"type":"Feature","id":27527,"geometry":{"type":"Point","coordinates":[23.7692531,37.9983352]},"properties":{"FID":27527}},{"type":"Feature","id":27528,"geometry":{"type":"Point","coordinates":[23.769289100000002,37.998320700000001]},"properties":{"FID":27528}},{"type":"Feature","id":27531,"geometry":{"type":"Point","coordinates":[23.769308500000001,37.997752200000001]},"properties":{"FID":27531}},{"type":"Feature","id":27533,"geometry":{"type":"Point","coordinates":[23.7692443,37.997765100000002]},"properties":{"FID":27533}},{"type":"Feature","id":27535,"geometry":{"type":"Point","coordinates":[23.768809300000001,37.997830999999998]},"properties":{"FID":27535}},{"type":"Feature","id":27544,"geometry":{"type":"Point","coordinates":[23.786177800000001,37.983670500000002]},"properties":{"FID":27544}},{"type":"Feature","id":27545,"geometry":{"type":"Point","coordinates":[23.786367500000001,37.983751599999998]},"properties":{"FID":27545}},{"type":"Feature","id":27547,"geometry":{"type":"Point","coordinates":[23.786325699999999,37.9836429]},"properties":{"FID":27547}},{"type":"Feature","id":27561,"geometry":{"type":"Point","coordinates":[23.784813400000001,37.9817556]},"properties":{"FID":27561}},{"type":"Feature","id":27562,"geometry":{"type":"Point","coordinates":[23.784614000000001,37.981786499999998]},"properties":{"FID":27562}},{"type":"Feature","id":27565,"geometry":{"type":"Point","coordinates":[23.783006,37.984202000000003]},"properties":{"FID":27565}},{"type":"Feature","id":27566,"geometry":{"type":"Point","coordinates":[23.783080300000002,37.983868200000003]},"properties":{"FID":27566}},{"type":"Feature","id":27567,"geometry":{"type":"Point","coordinates":[23.782723499999999,37.984130399999998]},"properties":{"FID":27567}},{"type":"Feature","id":27571,"geometry":{"type":"Point","coordinates":[23.781356200000001,37.986162399999998]},"properties":{"FID":27571}},{"type":"Feature","id":27572,"geometry":{"type":"Point","coordinates":[23.781401299999999,37.986320800000001]},"properties":{"FID":27572}},{"type":"Feature","id":27573,"geometry":{"type":"Point","coordinates":[23.780986899999998,37.986383600000003]},"properties":{"FID":27573}},{"type":"Feature","id":27574,"geometry":{"type":"Point","coordinates":[23.780987400000001,37.9861772]},"properties":{"FID":27574}},{"type":"Feature","id":27577,"geometry":{"type":"Point","coordinates":[23.778588899999999,37.989067200000001]},"properties":{"FID":27577}},{"type":"Feature","id":27578,"geometry":{"type":"Point","coordinates":[23.7788942,37.9888981]},"properties":{"FID":27578}},{"type":"Feature","id":27580,"geometry":{"type":"Point","coordinates":[23.777474300000002,37.990633199999998]},"properties":{"FID":27580}},{"type":"Feature","id":27581,"geometry":{"type":"Point","coordinates":[23.777139300000002,37.990887299999997]},"properties":{"FID":27581}},{"type":"Feature","id":27620,"geometry":{"type":"Point","coordinates":[23.799809100000001,37.991680299999999]},"properties":{"FID":27620}},{"type":"Feature","id":27630,"geometry":{"type":"Point","coordinates":[23.798641100000001,37.992505899999998]},"properties":{"FID":27630}},{"type":"Feature","id":27631,"geometry":{"type":"Point","coordinates":[23.7988097,37.992308000000001]},"properties":{"FID":27631}},{"type":"Feature","id":27635,"geometry":{"type":"Point","coordinates":[23.799849399999999,37.993940100000003]},"properties":{"FID":27635}},{"type":"Feature","id":27742,"geometry":{"type":"Point","coordinates":[23.7529939,38.042254200000002]},"properties":{"FID":27742}},{"type":"Feature","id":27743,"geometry":{"type":"Point","coordinates":[23.752951599999999,38.0420813]},"properties":{"FID":27743}},{"type":"Feature","id":27747,"geometry":{"type":"Point","coordinates":[23.752842000000001,38.042106799999999]},"properties":{"FID":27747}},{"type":"Feature","id":27748,"geometry":{"type":"Point","coordinates":[23.7528653,38.042252499999996]},"properties":{"FID":27748}},{"type":"Feature","id":27761,"geometry":{"type":"Point","coordinates":[23.757368899999999,38.0385341]},"properties":{"FID":27761}},{"type":"Feature","id":27763,"geometry":{"type":"Point","coordinates":[23.7573407,38.038639600000003]},"properties":{"FID":27763}},{"type":"Feature","id":27793,"geometry":{"type":"Point","coordinates":[23.751519699999999,38.040497899999998]},"properties":{"FID":27793}},{"type":"Feature","id":27795,"geometry":{"type":"Point","coordinates":[23.751348799999999,38.040398699999997]},"properties":{"FID":27795}},{"type":"Feature","id":27797,"geometry":{"type":"Point","coordinates":[23.751239200000001,38.040688000000003]},"properties":{"FID":27797}},{"type":"Feature","id":27799,"geometry":{"type":"Point","coordinates":[23.751103400000002,38.040630700000001]},"properties":{"FID":27799}},{"type":"Feature","id":27808,"geometry":{"type":"Point","coordinates":[23.790219499999999,37.9892337]},"properties":{"FID":27808}},{"type":"Feature","id":27869,"geometry":{"type":"Point","coordinates":[23.7668672,37.992951400000003]},"properties":{"FID":27869}},{"type":"Feature","id":27870,"geometry":{"type":"Point","coordinates":[23.766791699999999,37.993155600000001]},"properties":{"FID":27870}},{"type":"Feature","id":27871,"geometry":{"type":"Point","coordinates":[23.766683700000002,37.993059799999997]},"properties":{"FID":27871}},{"type":"Feature","id":27874,"geometry":{"type":"Point","coordinates":[23.767125499999999,37.9910523]},"properties":{"FID":27874}},{"type":"Feature","id":27876,"geometry":{"type":"Point","coordinates":[23.7660965,37.991751499999999]},"properties":{"FID":27876}},{"type":"Feature","id":27878,"geometry":{"type":"Point","coordinates":[23.7658345,37.991318499999998]},"properties":{"FID":27878}},{"type":"Feature","id":27881,"geometry":{"type":"Point","coordinates":[23.765969299999998,37.991162600000003]},"properties":{"FID":27881}},{"type":"Feature","id":27886,"geometry":{"type":"Point","coordinates":[23.7748934,37.965336600000001]},"properties":{"FID":27886}},{"type":"Feature","id":27887,"geometry":{"type":"Point","coordinates":[23.7745879,37.965362599999999]},"properties":{"FID":27887}},{"type":"Feature","id":27888,"geometry":{"type":"Point","coordinates":[23.775872499999998,37.960822700000001]},"properties":{"FID":27888}},{"type":"Feature","id":27890,"geometry":{"type":"Point","coordinates":[23.775565,37.960563499999999]},"properties":{"FID":27890}},{"type":"Feature","id":27893,"geometry":{"type":"Point","coordinates":[23.772417399999998,37.966027699999998]},"properties":{"FID":27893}},{"type":"Feature","id":27894,"geometry":{"type":"Point","coordinates":[23.770022999999998,37.966605100000002]},"properties":{"FID":27894}},{"type":"Feature","id":27901,"geometry":{"type":"Point","coordinates":[23.764768199999999,37.967278299999997]},"properties":{"FID":27901}},{"type":"Feature","id":27906,"geometry":{"type":"Point","coordinates":[23.775435399999999,37.960778099999999]},"properties":{"FID":27906}},{"type":"Feature","id":27908,"geometry":{"type":"Point","coordinates":[23.763908900000001,37.967337999999998]},"properties":{"FID":27908}},{"type":"Feature","id":27913,"geometry":{"type":"Point","coordinates":[23.775027900000001,37.955976]},"properties":{"FID":27913}},{"type":"Feature","id":27914,"geometry":{"type":"Point","coordinates":[23.7746517,37.955976300000003]},"properties":{"FID":27914}},{"type":"Feature","id":27916,"geometry":{"type":"Point","coordinates":[23.774854699999999,37.956135400000001]},"properties":{"FID":27916}},{"type":"Feature","id":27917,"geometry":{"type":"Point","coordinates":[23.771024300000001,37.945458199999997]},"properties":{"FID":27917}},{"type":"Feature","id":27919,"geometry":{"type":"Point","coordinates":[23.7696045,37.944710700000002]},"properties":{"FID":27919}},{"type":"Feature","id":27920,"geometry":{"type":"Point","coordinates":[23.766428000000001,37.946264200000002]},"properties":{"FID":27920}},{"type":"Feature","id":27921,"geometry":{"type":"Point","coordinates":[23.768447599999998,37.949133400000001]},"properties":{"FID":27921}},{"type":"Feature","id":27922,"geometry":{"type":"Point","coordinates":[23.7684088,37.949236900000002]},"properties":{"FID":27922}},{"type":"Feature","id":27923,"geometry":{"type":"Point","coordinates":[23.769115200000002,37.952547500000001]},"properties":{"FID":27923}},{"type":"Feature","id":27924,"geometry":{"type":"Point","coordinates":[23.769001800000002,37.9528198]},"properties":{"FID":27924}},{"type":"Feature","id":27947,"geometry":{"type":"Point","coordinates":[23.7668277,38.005325800000001]},"properties":{"FID":27947}},{"type":"Feature","id":27948,"geometry":{"type":"Point","coordinates":[23.766634499999999,38.0054959]},"properties":{"FID":27948}},{"type":"Feature","id":27950,"geometry":{"type":"Point","coordinates":[23.766905399999999,38.005538899999998]},"properties":{"FID":27950}},{"type":"Feature","id":27955,"geometry":{"type":"Point","coordinates":[23.7754859,38.004542499999999]},"properties":{"FID":27955}},{"type":"Feature","id":27961,"geometry":{"type":"Point","coordinates":[23.7755656,38.005144799999997]},"properties":{"FID":27961}},{"type":"Feature","id":27963,"geometry":{"type":"Point","coordinates":[23.775868599999999,38.005054999999999]},"properties":{"FID":27963}},{"type":"Feature","id":27964,"geometry":{"type":"Point","coordinates":[23.775881699999999,38.0051524]},"properties":{"FID":27964}},{"type":"Feature","id":27972,"geometry":{"type":"Point","coordinates":[23.7753829,38.004394900000001]},"properties":{"FID":27972}},{"type":"Feature","id":27995,"geometry":{"type":"Point","coordinates":[23.7752239,38.0046459]},"properties":{"FID":27995}},{"type":"Feature","id":27997,"geometry":{"type":"Point","coordinates":[23.7541245,38.022685600000003]},"properties":{"FID":27997}},{"type":"Feature","id":27999,"geometry":{"type":"Point","coordinates":[23.754196799999999,38.022683200000003]},"properties":{"FID":27999}},{"type":"Feature","id":28001,"geometry":{"type":"Point","coordinates":[23.754184200000001,38.022846800000003]},"properties":{"FID":28001}},{"type":"Feature","id":28007,"geometry":{"type":"Point","coordinates":[23.751900800000001,38.023681799999999]},"properties":{"FID":28007}},{"type":"Feature","id":28008,"geometry":{"type":"Point","coordinates":[23.752164199999999,38.023626]},"properties":{"FID":28008}},{"type":"Feature","id":28010,"geometry":{"type":"Point","coordinates":[23.752226400000001,38.023816500000002]},"properties":{"FID":28010}},{"type":"Feature","id":28021,"geometry":{"type":"Point","coordinates":[23.754955299999999,38.016725800000003]},"properties":{"FID":28021}},{"type":"Feature","id":28023,"geometry":{"type":"Point","coordinates":[23.7550101,38.016641900000003]},"properties":{"FID":28023}},{"type":"Feature","id":28024,"geometry":{"type":"Point","coordinates":[23.755175000000001,38.016660700000003]},"properties":{"FID":28024}},{"type":"Feature","id":28027,"geometry":{"type":"Point","coordinates":[23.755306300000001,38.017258099999999]},"properties":{"FID":28027}},{"type":"Feature","id":28028,"geometry":{"type":"Point","coordinates":[23.7552576,38.017438800000001]},"properties":{"FID":28028}},{"type":"Feature","id":28030,"geometry":{"type":"Point","coordinates":[23.754695300000002,38.016296699999998]},"properties":{"FID":28030}},{"type":"Feature","id":28033,"geometry":{"type":"Point","coordinates":[23.754699899999999,38.016006900000001]},"properties":{"FID":28033}},{"type":"Feature","id":28035,"geometry":{"type":"Point","coordinates":[23.7544763,38.016220400000002]},"properties":{"FID":28035}},{"type":"Feature","id":28041,"geometry":{"type":"Point","coordinates":[23.752595299999999,38.018467299999998]},"properties":{"FID":28041}},{"type":"Feature","id":28068,"geometry":{"type":"Point","coordinates":[23.7640706,38.029079500000002]},"properties":{"FID":28068}},{"type":"Feature","id":28069,"geometry":{"type":"Point","coordinates":[23.764157399999998,38.0292289]},"properties":{"FID":28069}},{"type":"Feature","id":28070,"geometry":{"type":"Point","coordinates":[23.764250799999999,38.028803000000003]},"properties":{"FID":28070}},{"type":"Feature","id":28071,"geometry":{"type":"Point","coordinates":[23.764245500000001,38.029155600000003]},"properties":{"FID":28071}},{"type":"Feature","id":28097,"geometry":{"type":"Point","coordinates":[23.778198100000001,37.998218399999999]},"properties":{"FID":28097}},{"type":"Feature","id":28098,"geometry":{"type":"Point","coordinates":[23.778288700000001,37.998006799999999]},"properties":{"FID":28098}},{"type":"Feature","id":28102,"geometry":{"type":"Point","coordinates":[23.778336700000001,37.997887499999997]},"properties":{"FID":28102}},{"type":"Feature","id":28106,"geometry":{"type":"Point","coordinates":[23.777156600000001,37.996356800000001]},"properties":{"FID":28106}},{"type":"Feature","id":28114,"geometry":{"type":"Point","coordinates":[23.777025800000001,37.991679900000001]},"properties":{"FID":28114}},{"type":"Feature","id":28116,"geometry":{"type":"Point","coordinates":[23.776758900000001,37.991955799999999]},"properties":{"FID":28116}},{"type":"Feature","id":28120,"geometry":{"type":"Point","coordinates":[23.775865799999998,37.992753]},"properties":{"FID":28120}},{"type":"Feature","id":28121,"geometry":{"type":"Point","coordinates":[23.775840599999999,37.992824499999998]},"properties":{"FID":28121}},{"type":"Feature","id":28122,"geometry":{"type":"Point","coordinates":[23.775759799999999,37.992871000000001]},"properties":{"FID":28122}},{"type":"Feature","id":28125,"geometry":{"type":"Point","coordinates":[23.775519599999999,37.993288800000002]},"properties":{"FID":28125}},{"type":"Feature","id":28128,"geometry":{"type":"Point","coordinates":[23.775949099999998,37.993373300000002]},"properties":{"FID":28128}},{"type":"Feature","id":28129,"geometry":{"type":"Point","coordinates":[23.776251999999999,37.992805300000001]},"properties":{"FID":28129}},{"type":"Feature","id":28139,"geometry":{"type":"Point","coordinates":[23.7724753,37.995621800000002]},"properties":{"FID":28139}},{"type":"Feature","id":28142,"geometry":{"type":"Point","coordinates":[23.772488299999999,37.995564299999998]},"properties":{"FID":28142}},{"type":"Feature","id":28145,"geometry":{"type":"Point","coordinates":[23.772696,37.995572699999997]},"properties":{"FID":28145}},{"type":"Feature","id":28151,"geometry":{"type":"Point","coordinates":[23.755832399999999,38.018920100000003]},"properties":{"FID":28151}},{"type":"Feature","id":28155,"geometry":{"type":"Point","coordinates":[23.7529483,38.020000500000002]},"properties":{"FID":28155}},{"type":"Feature","id":28156,"geometry":{"type":"Point","coordinates":[23.753118700000002,38.019889599999999]},"properties":{"FID":28156}},{"type":"Feature","id":28157,"geometry":{"type":"Point","coordinates":[23.753307800000002,38.019968800000001]},"properties":{"FID":28157}},{"type":"Feature","id":28171,"geometry":{"type":"Point","coordinates":[23.728562400000001,38.012179400000001]},"properties":{"FID":28171}},{"type":"Feature","id":28173,"geometry":{"type":"Point","coordinates":[23.7285781,38.012316200000001]},"properties":{"FID":28173}},{"type":"Feature","id":28174,"geometry":{"type":"Point","coordinates":[23.7286687,38.0123453]},"properties":{"FID":28174}},{"type":"Feature","id":28175,"geometry":{"type":"Point","coordinates":[23.7289116,38.012253100000002]},"properties":{"FID":28175}},{"type":"Feature","id":28176,"geometry":{"type":"Point","coordinates":[23.7288666,38.0120912]},"properties":{"FID":28176}},{"type":"Feature","id":28177,"geometry":{"type":"Point","coordinates":[23.729704399999999,38.009867100000001]},"properties":{"FID":28177}},{"type":"Feature","id":28179,"geometry":{"type":"Point","coordinates":[23.729521299999998,38.009812500000002]},"properties":{"FID":28179}},{"type":"Feature","id":28181,"geometry":{"type":"Point","coordinates":[23.729064999999999,38.0114679]},"properties":{"FID":28181}},{"type":"Feature","id":28182,"geometry":{"type":"Point","coordinates":[23.728891399999998,38.011629399999997]},"properties":{"FID":28182}},{"type":"Feature","id":28183,"geometry":{"type":"Point","coordinates":[23.729425200000001,38.009956299999999]},"properties":{"FID":28183}},{"type":"Feature","id":28193,"geometry":{"type":"Point","coordinates":[23.745943499999999,38.024188600000002]},"properties":{"FID":28193}},{"type":"Feature","id":28194,"geometry":{"type":"Point","coordinates":[23.745797100000001,38.024213600000003]},"properties":{"FID":28194}},{"type":"Feature","id":28195,"geometry":{"type":"Point","coordinates":[23.745832199999999,38.024161800000002]},"properties":{"FID":28195}},{"type":"Feature","id":28205,"geometry":{"type":"Point","coordinates":[23.749426799999998,38.014074399999998]},"properties":{"FID":28205}},{"type":"Feature","id":28209,"geometry":{"type":"Point","coordinates":[23.7491518,38.014211299999999]},"properties":{"FID":28209}},{"type":"Feature","id":28210,"geometry":{"type":"Point","coordinates":[23.7487274,38.013996499999998]},"properties":{"FID":28210}},{"type":"Feature","id":28211,"geometry":{"type":"Point","coordinates":[23.748996099999999,38.013994500000003]},"properties":{"FID":28211}},{"type":"Feature","id":28213,"geometry":{"type":"Point","coordinates":[23.748819000000001,38.0139499]},"properties":{"FID":28213}},{"type":"Feature","id":28216,"geometry":{"type":"Point","coordinates":[23.747184399999998,38.014092699999999]},"properties":{"FID":28216}},{"type":"Feature","id":28217,"geometry":{"type":"Point","coordinates":[23.747243099999999,38.0141676]},"properties":{"FID":28217}},{"type":"Feature","id":28231,"geometry":{"type":"Point","coordinates":[23.743651400000001,38.015549]},"properties":{"FID":28231}},{"type":"Feature","id":28234,"geometry":{"type":"Point","coordinates":[23.743767099999999,38.015446799999999]},"properties":{"FID":28234}},{"type":"Feature","id":28235,"geometry":{"type":"Point","coordinates":[23.7435677,38.0153611]},"properties":{"FID":28235}},{"type":"Feature","id":28237,"geometry":{"type":"Point","coordinates":[23.743494699999999,38.015408600000001]},"properties":{"FID":28237}},{"type":"Feature","id":28242,"geometry":{"type":"Point","coordinates":[23.736181500000001,38.015653100000002]},"properties":{"FID":28242}},{"type":"Feature","id":28245,"geometry":{"type":"Point","coordinates":[23.736455400000001,38.015768999999999]},"properties":{"FID":28245}},{"type":"Feature","id":28254,"geometry":{"type":"Point","coordinates":[23.7367542,38.019680399999999]},"properties":{"FID":28254}},{"type":"Feature","id":28265,"geometry":{"type":"Point","coordinates":[23.737281400000001,37.978082299999997]},"properties":{"FID":28265}},{"type":"Feature","id":28266,"geometry":{"type":"Point","coordinates":[23.737773700000002,37.977371699999999]},"properties":{"FID":28266}},{"type":"Feature","id":28272,"geometry":{"type":"Point","coordinates":[23.737554800000002,37.9794555]},"properties":{"FID":28272}},{"type":"Feature","id":28275,"geometry":{"type":"Point","coordinates":[23.7370606,37.980065199999999]},"properties":{"FID":28275}},{"type":"Feature","id":28277,"geometry":{"type":"Point","coordinates":[23.736377300000001,37.978871900000001]},"properties":{"FID":28277}},{"type":"Feature","id":28278,"geometry":{"type":"Point","coordinates":[23.736437599999999,37.978988100000002]},"properties":{"FID":28278}},{"type":"Feature","id":28284,"geometry":{"type":"Point","coordinates":[23.740023399999998,37.978140199999999]},"properties":{"FID":28284}},{"type":"Feature","id":28287,"geometry":{"type":"Point","coordinates":[23.740750500000001,37.978563100000002]},"properties":{"FID":28287}},{"type":"Feature","id":28288,"geometry":{"type":"Point","coordinates":[23.7408456,37.978555100000001]},"properties":{"FID":28288}},{"type":"Feature","id":28293,"geometry":{"type":"Point","coordinates":[23.740357499999998,37.975625000000001]},"properties":{"FID":28293}},{"type":"Feature","id":28296,"geometry":{"type":"Point","coordinates":[23.740585200000002,37.975781300000001]},"properties":{"FID":28296}},{"type":"Feature","id":28297,"geometry":{"type":"Point","coordinates":[23.740669100000002,37.975585299999999]},"properties":{"FID":28297}},{"type":"Feature","id":28300,"geometry":{"type":"Point","coordinates":[23.737899299999999,37.975938200000002]},"properties":{"FID":28300}},{"type":"Feature","id":28301,"geometry":{"type":"Point","coordinates":[23.737456099999999,37.975994700000001]},"properties":{"FID":28301}},{"type":"Feature","id":28302,"geometry":{"type":"Point","coordinates":[23.737717499999999,37.975914699999997]},"properties":{"FID":28302}},{"type":"Feature","id":28303,"geometry":{"type":"Point","coordinates":[23.737658100000001,37.976176199999998]},"properties":{"FID":28303}},{"type":"Feature","id":28306,"geometry":{"type":"Point","coordinates":[23.739590700000001,38.019617599999997]},"properties":{"FID":28306}},{"type":"Feature","id":28307,"geometry":{"type":"Point","coordinates":[23.7395961,38.017647799999999]},"properties":{"FID":28307}},{"type":"Feature","id":28310,"geometry":{"type":"Point","coordinates":[23.739741599999999,38.019465699999998]},"properties":{"FID":28310}},{"type":"Feature","id":28311,"geometry":{"type":"Point","coordinates":[23.739499200000001,38.019456400000003]},"properties":{"FID":28311}},{"type":"Feature","id":28313,"geometry":{"type":"Point","coordinates":[23.739095899999999,38.015848599999998]},"properties":{"FID":28313}},{"type":"Feature","id":28314,"geometry":{"type":"Point","coordinates":[23.739284000000001,38.015758099999999]},"properties":{"FID":28314}},{"type":"Feature","id":28316,"geometry":{"type":"Point","coordinates":[23.739456799999999,38.015891600000003]},"properties":{"FID":28316}},{"type":"Feature","id":28318,"geometry":{"type":"Point","coordinates":[23.739565899999999,38.017440999999998]},"properties":{"FID":28318}},{"type":"Feature","id":28319,"geometry":{"type":"Point","coordinates":[23.739704499999998,38.0175239]},"properties":{"FID":28319}},{"type":"Feature","id":28322,"geometry":{"type":"Point","coordinates":[23.740722900000002,38.015707300000003]},"properties":{"FID":28322}},{"type":"Feature","id":28323,"geometry":{"type":"Point","coordinates":[23.740960399999999,38.015835799999998]},"properties":{"FID":28323}},{"type":"Feature","id":28325,"geometry":{"type":"Point","coordinates":[23.741046000000001,38.015746700000001]},"properties":{"FID":28325}},{"type":"Feature","id":28331,"geometry":{"type":"Point","coordinates":[23.754708699999998,37.903989899999999]},"properties":{"FID":28331}},{"type":"Feature","id":28332,"geometry":{"type":"Point","coordinates":[23.7557343,37.902183399999998]},"properties":{"FID":28332}},{"type":"Feature","id":28333,"geometry":{"type":"Point","coordinates":[23.7554856,37.902105900000002]},"properties":{"FID":28333}},{"type":"Feature","id":28335,"geometry":{"type":"Point","coordinates":[23.757339399999999,37.898550100000001]},"properties":{"FID":28335}},{"type":"Feature","id":28336,"geometry":{"type":"Point","coordinates":[23.7573334,37.898773900000002]},"properties":{"FID":28336}},{"type":"Feature","id":28337,"geometry":{"type":"Point","coordinates":[23.7575687,37.898632300000003]},"properties":{"FID":28337}},{"type":"Feature","id":28341,"geometry":{"type":"Point","coordinates":[23.750205600000001,37.901295699999999]},"properties":{"FID":28341}},{"type":"Feature","id":28343,"geometry":{"type":"Point","coordinates":[23.750202099999999,37.901194799999999]},"properties":{"FID":28343}},{"type":"Feature","id":28344,"geometry":{"type":"Point","coordinates":[23.750072899999999,37.901298699999998]},"properties":{"FID":28344}},{"type":"Feature","id":28367,"geometry":{"type":"Point","coordinates":[23.756412999999998,37.9001746]},"properties":{"FID":28367}},{"type":"Feature","id":28369,"geometry":{"type":"Point","coordinates":[23.750208600000001,37.901384899999996]},"properties":{"FID":28369}},{"type":"Feature","id":28372,"geometry":{"type":"Point","coordinates":[23.745950700000002,37.901986899999997]},"properties":{"FID":28372}},{"type":"Feature","id":28376,"geometry":{"type":"Point","coordinates":[23.754589200000002,37.904053300000001]},"properties":{"FID":28376}},{"type":"Feature","id":28377,"geometry":{"type":"Point","coordinates":[23.7554911,37.902241699999998]},"properties":{"FID":28377}},{"type":"Feature","id":28378,"geometry":{"type":"Point","coordinates":[23.755702599999999,37.902041500000003]},"properties":{"FID":28378}},{"type":"Feature","id":28384,"geometry":{"type":"Point","coordinates":[23.755630199999999,37.892303800000001]},"properties":{"FID":28384}},{"type":"Feature","id":28389,"geometry":{"type":"Point","coordinates":[23.752763300000002,37.895118199999999]},"properties":{"FID":28389}},{"type":"Feature","id":28390,"geometry":{"type":"Point","coordinates":[23.752876799999999,37.895195700000002]},"properties":{"FID":28390}},{"type":"Feature","id":28393,"geometry":{"type":"Point","coordinates":[23.753692399999998,37.8922861]},"properties":{"FID":28393}},{"type":"Feature","id":28416,"geometry":{"type":"Point","coordinates":[23.755614000000001,37.892369600000002]},"properties":{"FID":28416}},{"type":"Feature","id":28417,"geometry":{"type":"Point","coordinates":[23.720492199999999,37.897024500000001]},"properties":{"FID":28417}},{"type":"Feature","id":28419,"geometry":{"type":"Point","coordinates":[23.761295400000002,37.888686999999997]},"properties":{"FID":28419}},{"type":"Feature","id":28421,"geometry":{"type":"Point","coordinates":[23.761164699999998,37.888733199999997]},"properties":{"FID":28421}},{"type":"Feature","id":28422,"geometry":{"type":"Point","coordinates":[23.761135800000002,37.888845600000003]},"properties":{"FID":28422}},{"type":"Feature","id":28426,"geometry":{"type":"Point","coordinates":[23.761200299999999,37.888649299999997]},"properties":{"FID":28426}},{"type":"Feature","id":28430,"geometry":{"type":"Point","coordinates":[23.7599068,37.885097799999997]},"properties":{"FID":28430}},{"type":"Feature","id":28435,"geometry":{"type":"Point","coordinates":[23.759759899999999,37.884928600000002]},"properties":{"FID":28435}},{"type":"Feature","id":28439,"geometry":{"type":"Point","coordinates":[23.758544000000001,37.897641100000001]},"properties":{"FID":28439}},{"type":"Feature","id":28440,"geometry":{"type":"Point","coordinates":[23.758551799999999,37.897469600000001]},"properties":{"FID":28440}},{"type":"Feature","id":28441,"geometry":{"type":"Point","coordinates":[23.7591976,37.896827999999999]},"properties":{"FID":28441}},{"type":"Feature","id":28443,"geometry":{"type":"Point","coordinates":[23.7590553,37.896830100000003]},"properties":{"FID":28443}},{"type":"Feature","id":28444,"geometry":{"type":"Point","coordinates":[23.760484699999999,37.896005199999998]},"properties":{"FID":28444}},{"type":"Feature","id":28445,"geometry":{"type":"Point","coordinates":[23.761280500000002,37.8956388]},"properties":{"FID":28445}},{"type":"Feature","id":28446,"geometry":{"type":"Point","coordinates":[23.761066799999998,37.8956023]},"properties":{"FID":28446}},{"type":"Feature","id":28447,"geometry":{"type":"Point","coordinates":[23.7610812,37.8957519]},"properties":{"FID":28447}},{"type":"Feature","id":28448,"geometry":{"type":"Point","coordinates":[23.7611788,37.895547000000001]},"properties":{"FID":28448}},{"type":"Feature","id":28451,"geometry":{"type":"Point","coordinates":[23.760686499999998,37.892513999999998]},"properties":{"FID":28451}},{"type":"Feature","id":28452,"geometry":{"type":"Point","coordinates":[23.7606185,37.892341500000001]},"properties":{"FID":28452}},{"type":"Feature","id":28453,"geometry":{"type":"Point","coordinates":[23.760622099999999,37.8924266]},"properties":{"FID":28453}},{"type":"Feature","id":28455,"geometry":{"type":"Point","coordinates":[23.760708000000001,37.892311399999997]},"properties":{"FID":28455}},{"type":"Feature","id":28458,"geometry":{"type":"Point","coordinates":[23.760881699999999,37.891175500000003]},"properties":{"FID":28458}},{"type":"Feature","id":28463,"geometry":{"type":"Point","coordinates":[23.7625356,37.8945273]},"properties":{"FID":28463}},{"type":"Feature","id":28467,"geometry":{"type":"Point","coordinates":[23.763188799999998,37.893948700000003]},"properties":{"FID":28467}},{"type":"Feature","id":28480,"geometry":{"type":"Point","coordinates":[23.7352618,38.015774200000003]},"properties":{"FID":28480}},{"type":"Feature","id":28483,"geometry":{"type":"Point","coordinates":[23.735565300000001,38.019434199999999]},"properties":{"FID":28483}},{"type":"Feature","id":28485,"geometry":{"type":"Point","coordinates":[23.735412199999999,38.015839900000003]},"properties":{"FID":28485}},{"type":"Feature","id":28486,"geometry":{"type":"Point","coordinates":[23.735553700000001,38.0157667]},"properties":{"FID":28486}},{"type":"Feature","id":28487,"geometry":{"type":"Point","coordinates":[23.735584200000002,38.019755199999999]},"properties":{"FID":28487}},{"type":"Feature","id":28490,"geometry":{"type":"Point","coordinates":[23.735382900000001,38.019552099999999]},"properties":{"FID":28490}},{"type":"Feature","id":28494,"geometry":{"type":"Point","coordinates":[23.734524700000001,38.019615700000003]},"properties":{"FID":28494}},{"type":"Feature","id":28495,"geometry":{"type":"Point","coordinates":[23.7355904,38.0181489]},"properties":{"FID":28495}},{"type":"Feature","id":28502,"geometry":{"type":"Point","coordinates":[23.6299329,37.9580457]},"properties":{"FID":28502}},{"type":"Feature","id":28503,"geometry":{"type":"Point","coordinates":[23.634986600000001,37.957620800000001]},"properties":{"FID":28503}},{"type":"Feature","id":28511,"geometry":{"type":"Point","coordinates":[23.582474300000001,37.962379900000002]},"properties":{"FID":28511}},{"type":"Feature","id":28512,"geometry":{"type":"Point","coordinates":[23.609722300000001,37.949506800000002]},"properties":{"FID":28512}},{"type":"Feature","id":28524,"geometry":{"type":"Point","coordinates":[23.582426900000002,37.9622867]},"properties":{"FID":28524}},{"type":"Feature","id":28525,"geometry":{"type":"Point","coordinates":[23.6064711,37.962366299999999]},"properties":{"FID":28525}},{"type":"Feature","id":28550,"geometry":{"type":"Point","coordinates":[23.7384491,37.948998500000002]},"properties":{"FID":28550}},{"type":"Feature","id":28564,"geometry":{"type":"Point","coordinates":[23.745763400000001,37.948112100000003]},"properties":{"FID":28564}},{"type":"Feature","id":28565,"geometry":{"type":"Point","coordinates":[23.7267823,37.952762200000002]},"properties":{"FID":28565}},{"type":"Feature","id":28567,"geometry":{"type":"Point","coordinates":[23.725122299999999,37.958405900000002]},"properties":{"FID":28567}},{"type":"Feature","id":28569,"geometry":{"type":"Point","coordinates":[23.744789600000001,37.949046699999997]},"properties":{"FID":28569}},{"type":"Feature","id":28570,"geometry":{"type":"Point","coordinates":[23.728408399999999,37.9431558]},"properties":{"FID":28570}},{"type":"Feature","id":28576,"geometry":{"type":"Point","coordinates":[23.738112900000001,37.949933700000003]},"properties":{"FID":28576}},{"type":"Feature","id":28577,"geometry":{"type":"Point","coordinates":[23.726589400000002,37.952749799999999]},"properties":{"FID":28577}},{"type":"Feature","id":28579,"geometry":{"type":"Point","coordinates":[23.725033199999999,37.955841599999999]},"properties":{"FID":28579}},{"type":"Feature","id":28580,"geometry":{"type":"Point","coordinates":[23.7231153,37.953786600000001]},"properties":{"FID":28580}},{"type":"Feature","id":28581,"geometry":{"type":"Point","coordinates":[23.7229426,37.9539513]},"properties":{"FID":28581}},{"type":"Feature","id":28602,"geometry":{"type":"Point","coordinates":[23.735070400000001,37.938882200000002]},"properties":{"FID":28602}},{"type":"Feature","id":28646,"geometry":{"type":"Point","coordinates":[23.753456,37.881210600000003]},"properties":{"FID":28646}},{"type":"Feature","id":28651,"geometry":{"type":"Point","coordinates":[23.7518134,37.884641500000001]},"properties":{"FID":28651}},{"type":"Feature","id":28653,"geometry":{"type":"Point","coordinates":[23.751432600000001,37.885014699999999]},"properties":{"FID":28653}},{"type":"Feature","id":28655,"geometry":{"type":"Point","coordinates":[23.750933700000001,37.886403799999997]},"properties":{"FID":28655}},{"type":"Feature","id":28657,"geometry":{"type":"Point","coordinates":[23.750575600000001,37.886628700000003]},"properties":{"FID":28657}},{"type":"Feature","id":28658,"geometry":{"type":"Point","coordinates":[23.7505129,37.886378999999998]},"properties":{"FID":28658}},{"type":"Feature","id":28674,"geometry":{"type":"Point","coordinates":[23.754243299999999,37.8800235]},"properties":{"FID":28674}},{"type":"Feature","id":28679,"geometry":{"type":"Point","coordinates":[23.756309999999999,37.875814400000003]},"properties":{"FID":28679}},{"type":"Feature","id":28680,"geometry":{"type":"Point","coordinates":[23.756281699999999,37.875521900000003]},"properties":{"FID":28680}},{"type":"Feature","id":28685,"geometry":{"type":"Point","coordinates":[23.756631599999999,37.8754925]},"properties":{"FID":28685}},{"type":"Feature","id":28692,"geometry":{"type":"Point","coordinates":[23.758135899999999,37.879551499999998]},"properties":{"FID":28692}},{"type":"Feature","id":28694,"geometry":{"type":"Point","coordinates":[23.758339700000001,37.879369599999997]},"properties":{"FID":28694}},{"type":"Feature","id":28696,"geometry":{"type":"Point","coordinates":[23.758458300000001,37.879512099999999]},"properties":{"FID":28696}},{"type":"Feature","id":28697,"geometry":{"type":"Point","coordinates":[23.758331800000001,37.879691000000001]},"properties":{"FID":28697}},{"type":"Feature","id":28702,"geometry":{"type":"Point","coordinates":[23.763947600000002,37.875726899999997]},"properties":{"FID":28702}},{"type":"Feature","id":28717,"geometry":{"type":"Point","coordinates":[23.763532300000001,37.879674799999997]},"properties":{"FID":28717}},{"type":"Feature","id":28721,"geometry":{"type":"Point","coordinates":[23.753655999999999,37.881139699999999]},"properties":{"FID":28721}},{"type":"Feature","id":28728,"geometry":{"type":"Point","coordinates":[23.763143599999999,37.882157999999997]},"properties":{"FID":28728}},{"type":"Feature","id":28729,"geometry":{"type":"Point","coordinates":[23.762536399999998,37.883747100000001]},"properties":{"FID":28729}},{"type":"Feature","id":28744,"geometry":{"type":"Point","coordinates":[23.7668304,37.890753099999998]},"properties":{"FID":28744}},{"type":"Feature","id":28747,"geometry":{"type":"Point","coordinates":[23.766857999999999,37.890996700000002]},"properties":{"FID":28747}},{"type":"Feature","id":28761,"geometry":{"type":"Point","coordinates":[23.766925700000002,37.890865300000002]},"properties":{"FID":28761}},{"type":"Feature","id":28762,"geometry":{"type":"Point","coordinates":[23.7665431,37.890991]},"properties":{"FID":28762}},{"type":"Feature","id":28763,"geometry":{"type":"Point","coordinates":[23.766492199999998,37.8908901]},"properties":{"FID":28763}},{"type":"Feature","id":28766,"geometry":{"type":"Point","coordinates":[23.770937400000001,37.893890499999998]},"properties":{"FID":28766}},{"type":"Feature","id":28773,"geometry":{"type":"Point","coordinates":[23.768066300000001,37.865679200000002]},"properties":{"FID":28773}},{"type":"Feature","id":28777,"geometry":{"type":"Point","coordinates":[23.766962100000001,37.868133499999999]},"properties":{"FID":28777}},{"type":"Feature","id":28786,"geometry":{"type":"Point","coordinates":[23.7642053,37.873423500000001]},"properties":{"FID":28786}},{"type":"Feature","id":28809,"geometry":{"type":"Point","coordinates":[23.759201999999998,37.869940100000001]},"properties":{"FID":28809}},{"type":"Feature","id":28813,"geometry":{"type":"Point","coordinates":[23.759147899999999,37.870461300000002]},"properties":{"FID":28813}},{"type":"Feature","id":28818,"geometry":{"type":"Point","coordinates":[23.759177699999999,37.870732599999997]},"properties":{"FID":28818}},{"type":"Feature","id":28819,"geometry":{"type":"Point","coordinates":[23.758829899999999,37.870808599999997]},"properties":{"FID":28819}},{"type":"Feature","id":28838,"geometry":{"type":"Point","coordinates":[23.762885300000001,37.8608896]},"properties":{"FID":28838}},{"type":"Feature","id":28839,"geometry":{"type":"Point","coordinates":[23.762899900000001,37.860858100000002]},"properties":{"FID":28839}},{"type":"Feature","id":28855,"geometry":{"type":"Point","coordinates":[23.7639976,37.859645499999999]},"properties":{"FID":28855}},{"type":"Feature","id":28856,"geometry":{"type":"Point","coordinates":[23.764361399999999,37.873415199999997]},"properties":{"FID":28856}},{"type":"Feature","id":28863,"geometry":{"type":"Point","coordinates":[23.762823000000001,37.861110099999998]},"properties":{"FID":28863}},{"type":"Feature","id":28864,"geometry":{"type":"Point","coordinates":[23.771994800000002,37.841276700000002]},"properties":{"FID":28864}},{"type":"Feature","id":28871,"geometry":{"type":"Point","coordinates":[23.769258600000001,37.851957200000001]},"properties":{"FID":28871}},{"type":"Feature","id":28885,"geometry":{"type":"Point","coordinates":[23.770489900000001,37.844810299999999]},"properties":{"FID":28885}},{"type":"Feature","id":28891,"geometry":{"type":"Point","coordinates":[23.770153400000002,37.844651499999998]},"properties":{"FID":28891}},{"type":"Feature","id":28907,"geometry":{"type":"Point","coordinates":[23.779413399999999,37.853662900000003]},"properties":{"FID":28907}},{"type":"Feature","id":28908,"geometry":{"type":"Point","coordinates":[23.772194899999999,37.841498199999997]},"properties":{"FID":28908}},{"type":"Feature","id":28909,"geometry":{"type":"Point","coordinates":[23.772078700000002,37.841289000000003]},"properties":{"FID":28909}},{"type":"Feature","id":28916,"geometry":{"type":"Point","coordinates":[23.7701466,37.844709799999997]},"properties":{"FID":28916}},{"type":"Feature","id":28920,"geometry":{"type":"Point","coordinates":[23.7539941,37.967567899999999]},"properties":{"FID":28920}},{"type":"Feature","id":28921,"geometry":{"type":"Point","coordinates":[23.7542142,37.967570500000001]},"properties":{"FID":28921}},{"type":"Feature","id":28922,"geometry":{"type":"Point","coordinates":[23.754008899999999,37.967794400000002]},"properties":{"FID":28922}},{"type":"Feature","id":28934,"geometry":{"type":"Point","coordinates":[23.743758400000001,37.988255100000003]},"properties":{"FID":28934}},{"type":"Feature","id":28935,"geometry":{"type":"Point","coordinates":[23.743694300000001,37.988274199999999]},"properties":{"FID":28935}},{"type":"Feature","id":28936,"geometry":{"type":"Point","coordinates":[23.743728300000001,37.9868071]},"properties":{"FID":28936}},{"type":"Feature","id":28939,"geometry":{"type":"Point","coordinates":[23.7428183,37.987827099999997]},"properties":{"FID":28939}},{"type":"Feature","id":28956,"geometry":{"type":"Point","coordinates":[23.658777400000002,37.987756099999999]},"properties":{"FID":28956}},{"type":"Feature","id":28957,"geometry":{"type":"Point","coordinates":[23.674314599999999,37.985714899999998]},"properties":{"FID":28957}},{"type":"Feature","id":28961,"geometry":{"type":"Point","coordinates":[23.7290797,37.988408399999997]},"properties":{"FID":28961}},{"type":"Feature","id":28962,"geometry":{"type":"Point","coordinates":[23.730558500000001,37.988485900000001]},"properties":{"FID":28962}},{"type":"Feature","id":28965,"geometry":{"type":"Point","coordinates":[23.730611799999998,37.9858343]},"properties":{"FID":28965}},{"type":"Feature","id":28985,"geometry":{"type":"Point","coordinates":[23.762994800000001,37.838664899999998]},"properties":{"FID":28985}},{"type":"Feature","id":28987,"geometry":{"type":"Point","coordinates":[23.7623943,37.8393929]},"properties":{"FID":28987}},{"type":"Feature","id":28998,"geometry":{"type":"Point","coordinates":[23.764638399999999,37.837541000000002]},"properties":{"FID":28998}},{"type":"Feature","id":29007,"geometry":{"type":"Point","coordinates":[23.765628299999999,37.841022500000001]},"properties":{"FID":29007}},{"type":"Feature","id":29009,"geometry":{"type":"Point","coordinates":[23.768529600000001,37.850178399999997]},"properties":{"FID":29009}},{"type":"Feature","id":29010,"geometry":{"type":"Point","coordinates":[23.768436399999999,37.850028000000002]},"properties":{"FID":29010}},{"type":"Feature","id":29012,"geometry":{"type":"Point","coordinates":[23.768222000000002,37.850180600000002]},"properties":{"FID":29012}},{"type":"Feature","id":29024,"geometry":{"type":"Point","coordinates":[23.766712699999999,37.854115299999997]},"properties":{"FID":29024}},{"type":"Feature","id":29026,"geometry":{"type":"Point","coordinates":[23.767020500000001,37.853802700000003]},"properties":{"FID":29026}},{"type":"Feature","id":29030,"geometry":{"type":"Point","coordinates":[23.767814999999999,37.856301700000003]},"properties":{"FID":29030}},{"type":"Feature","id":29032,"geometry":{"type":"Point","coordinates":[23.7681121,37.8575923]},"properties":{"FID":29032}},{"type":"Feature","id":29041,"geometry":{"type":"Point","coordinates":[23.766667099999999,37.853865599999999]},"properties":{"FID":29041}},{"type":"Feature","id":29054,"geometry":{"type":"Point","coordinates":[23.7623918,37.839177800000002]},"properties":{"FID":29054}},{"type":"Feature","id":29055,"geometry":{"type":"Point","coordinates":[23.768129800000001,37.850088999999997]},"properties":{"FID":29055}},{"type":"Feature","id":29056,"geometry":{"type":"Point","coordinates":[23.767637799999999,37.855971699999998]},"properties":{"FID":29056}},{"type":"Feature","id":29057,"geometry":{"type":"Point","coordinates":[23.7676388,37.856414299999997]},"properties":{"FID":29057}},{"type":"Feature","id":29061,"geometry":{"type":"Point","coordinates":[23.749516499999999,37.9764415]},"properties":{"FID":29061}},{"type":"Feature","id":29063,"geometry":{"type":"Point","coordinates":[23.749835999999998,37.975028399999999]},"properties":{"FID":29063}},{"type":"Feature","id":29064,"geometry":{"type":"Point","coordinates":[23.749214800000001,37.976067200000003]},"properties":{"FID":29064}},{"type":"Feature","id":29065,"geometry":{"type":"Point","coordinates":[23.749093599999998,37.976363200000002]},"properties":{"FID":29065}},{"type":"Feature","id":29067,"geometry":{"type":"Point","coordinates":[23.7481604,37.974890799999997]},"properties":{"FID":29067}},{"type":"Feature","id":29069,"geometry":{"type":"Point","coordinates":[23.7481048,37.974683200000001]},"properties":{"FID":29069}},{"type":"Feature","id":29070,"geometry":{"type":"Point","coordinates":[23.748060500000001,37.974678699999998]},"properties":{"FID":29070}},{"type":"Feature","id":29072,"geometry":{"type":"Point","coordinates":[23.746343299999999,37.974450300000001]},"properties":{"FID":29072}},{"type":"Feature","id":29074,"geometry":{"type":"Point","coordinates":[23.746563699999999,37.974420000000002]},"properties":{"FID":29074}},{"type":"Feature","id":29075,"geometry":{"type":"Point","coordinates":[23.747559500000001,37.9749342]},"properties":{"FID":29075}},{"type":"Feature","id":29076,"geometry":{"type":"Point","coordinates":[23.747835200000001,37.974829300000003]},"properties":{"FID":29076}},{"type":"Feature","id":29078,"geometry":{"type":"Point","coordinates":[23.7478385,37.9749555]},"properties":{"FID":29078}},{"type":"Feature","id":29079,"geometry":{"type":"Point","coordinates":[23.747765600000001,37.975242799999997]},"properties":{"FID":29079}},{"type":"Feature","id":29081,"geometry":{"type":"Point","coordinates":[23.7471535,37.976335800000001]},"properties":{"FID":29081}},{"type":"Feature","id":29082,"geometry":{"type":"Point","coordinates":[23.747000499999999,37.976424199999997]},"properties":{"FID":29082}},{"type":"Feature","id":29086,"geometry":{"type":"Point","coordinates":[23.7469444,37.976180300000003]},"properties":{"FID":29086}},{"type":"Feature","id":29088,"geometry":{"type":"Point","coordinates":[23.745742700000001,37.976115399999998]},"properties":{"FID":29088}},{"type":"Feature","id":29090,"geometry":{"type":"Point","coordinates":[23.745725,37.975912800000003]},"properties":{"FID":29090}},{"type":"Feature","id":29091,"geometry":{"type":"Point","coordinates":[23.745859400000001,37.975793899999999]},"properties":{"FID":29091}},{"type":"Feature","id":29093,"geometry":{"type":"Point","coordinates":[23.745930000000001,37.976043799999999]},"properties":{"FID":29093}},{"type":"Feature","id":29099,"geometry":{"type":"Point","coordinates":[23.748788600000001,37.976146800000002]},"properties":{"FID":29099}},{"type":"Feature","id":29100,"geometry":{"type":"Point","coordinates":[23.749928700000002,37.975307399999998]},"properties":{"FID":29100}},{"type":"Feature","id":29113,"geometry":{"type":"Point","coordinates":[23.738419799999999,37.979973100000002]},"properties":{"FID":29113}},{"type":"Feature","id":29114,"geometry":{"type":"Point","coordinates":[23.738398700000001,37.979918599999998]},"properties":{"FID":29114}},{"type":"Feature","id":29121,"geometry":{"type":"Point","coordinates":[23.737904400000001,37.968983000000001]},"properties":{"FID":29121}},{"type":"Feature","id":29123,"geometry":{"type":"Point","coordinates":[23.737781099999999,37.968944399999998]},"properties":{"FID":29123}},{"type":"Feature","id":29127,"geometry":{"type":"Point","coordinates":[23.736741800000001,37.969233600000003]},"properties":{"FID":29127}},{"type":"Feature","id":29135,"geometry":{"type":"Point","coordinates":[23.7345848,37.973102300000001]},"properties":{"FID":29135}},{"type":"Feature","id":29137,"geometry":{"type":"Point","coordinates":[23.734783400000001,37.972867999999998]},"properties":{"FID":29137}},{"type":"Feature","id":29138,"geometry":{"type":"Point","coordinates":[23.7347459,37.973110400000003]},"properties":{"FID":29138}},{"type":"Feature","id":29144,"geometry":{"type":"Point","coordinates":[23.7352223,37.974105199999997]},"properties":{"FID":29144}},{"type":"Feature","id":29151,"geometry":{"type":"Point","coordinates":[23.735551699999998,37.974747800000003]},"properties":{"FID":29151}},{"type":"Feature","id":29153,"geometry":{"type":"Point","coordinates":[23.7354527,37.975001200000001]},"properties":{"FID":29153}},{"type":"Feature","id":29156,"geometry":{"type":"Point","coordinates":[23.735299300000001,37.974894499999998]},"properties":{"FID":29156}},{"type":"Feature","id":29159,"geometry":{"type":"Point","coordinates":[23.744959099999999,37.978212599999999]},"properties":{"FID":29159}},{"type":"Feature","id":29163,"geometry":{"type":"Point","coordinates":[23.753863599999999,37.976313900000001]},"properties":{"FID":29163}},{"type":"Feature","id":29165,"geometry":{"type":"Point","coordinates":[23.751499200000001,37.975658199999998]},"properties":{"FID":29165}},{"type":"Feature","id":29170,"geometry":{"type":"Point","coordinates":[23.751929700000002,37.977950200000002]},"properties":{"FID":29170}},{"type":"Feature","id":29171,"geometry":{"type":"Point","coordinates":[23.751799299999998,37.9783063]},"properties":{"FID":29171}},{"type":"Feature","id":29173,"geometry":{"type":"Point","coordinates":[23.7523436,37.9781409]},"properties":{"FID":29173}},{"type":"Feature","id":29176,"geometry":{"type":"Point","coordinates":[23.752204899999999,37.9783902]},"properties":{"FID":29176}},{"type":"Feature","id":29178,"geometry":{"type":"Point","coordinates":[23.7540285,37.976570899999999]},"properties":{"FID":29178}},{"type":"Feature","id":29180,"geometry":{"type":"Point","coordinates":[23.7554938,37.977879700000003]},"properties":{"FID":29180}},{"type":"Feature","id":29182,"geometry":{"type":"Point","coordinates":[23.755697999999999,37.977603299999998]},"properties":{"FID":29182}},{"type":"Feature","id":29193,"geometry":{"type":"Point","coordinates":[23.734537,37.976178900000001]},"properties":{"FID":29193}},{"type":"Feature","id":29195,"geometry":{"type":"Point","coordinates":[23.734413799999999,37.976334700000002]},"properties":{"FID":29195}},{"type":"Feature","id":29199,"geometry":{"type":"Point","coordinates":[23.733804299999999,37.973543800000002]},"properties":{"FID":29199}},{"type":"Feature","id":29201,"geometry":{"type":"Point","coordinates":[23.743191199999998,37.975199600000003]},"properties":{"FID":29201}},{"type":"Feature","id":29202,"geometry":{"type":"Point","coordinates":[23.743192000000001,37.975321399999999]},"properties":{"FID":29202}},{"type":"Feature","id":29203,"geometry":{"type":"Point","coordinates":[23.7433117,37.975237]},"properties":{"FID":29203}},{"type":"Feature","id":29206,"geometry":{"type":"Point","coordinates":[23.742961600000001,37.975164300000003]},"properties":{"FID":29206}},{"type":"Feature","id":29207,"geometry":{"type":"Point","coordinates":[23.7429393,37.975022799999998]},"properties":{"FID":29207}},{"type":"Feature","id":29208,"geometry":{"type":"Point","coordinates":[23.742827500000001,37.975096499999999]},"properties":{"FID":29208}},{"type":"Feature","id":29210,"geometry":{"type":"Point","coordinates":[23.742797899999999,37.975314099999999]},"properties":{"FID":29210}},{"type":"Feature","id":29211,"geometry":{"type":"Point","coordinates":[23.742656400000001,37.976545899999998]},"properties":{"FID":29211}},{"type":"Feature","id":29212,"geometry":{"type":"Point","coordinates":[23.742562700000001,37.976649000000002]},"properties":{"FID":29212}},{"type":"Feature","id":29217,"geometry":{"type":"Point","coordinates":[23.7383603,37.978645700000001]},"properties":{"FID":29217}},{"type":"Feature","id":29218,"geometry":{"type":"Point","coordinates":[23.738295699999998,37.978541499999999]},"properties":{"FID":29218}},{"type":"Feature","id":29223,"geometry":{"type":"Point","coordinates":[23.739362499999999,37.977085600000002]},"properties":{"FID":29223}},{"type":"Feature","id":29225,"geometry":{"type":"Point","coordinates":[23.739890899999999,37.978140099999997]},"properties":{"FID":29225}},{"type":"Feature","id":29228,"geometry":{"type":"Point","coordinates":[23.7344653,38.029372199999997]},"properties":{"FID":29228}},{"type":"Feature","id":29229,"geometry":{"type":"Point","coordinates":[23.734421900000001,38.029495900000001]},"properties":{"FID":29229}},{"type":"Feature","id":29230,"geometry":{"type":"Point","coordinates":[23.7345893,38.029491399999998]},"properties":{"FID":29230}},{"type":"Feature","id":29231,"geometry":{"type":"Point","coordinates":[23.734636099999999,38.029366000000003]},"properties":{"FID":29231}},{"type":"Feature","id":29238,"geometry":{"type":"Point","coordinates":[23.741697299999998,38.025101599999999]},"properties":{"FID":29238}},{"type":"Feature","id":29248,"geometry":{"type":"Point","coordinates":[23.735864299999999,37.976039299999997]},"properties":{"FID":29248}},{"type":"Feature","id":29249,"geometry":{"type":"Point","coordinates":[23.735956099999999,37.976263199999998]},"properties":{"FID":29249}},{"type":"Feature","id":29250,"geometry":{"type":"Point","coordinates":[23.7357859,37.976024099999997]},"properties":{"FID":29250}},{"type":"Feature","id":29258,"geometry":{"type":"Point","coordinates":[23.751771999999999,37.999907200000003]},"properties":{"FID":29258}},{"type":"Feature","id":29264,"geometry":{"type":"Point","coordinates":[23.7507488,37.997971999999997]},"properties":{"FID":29264}},{"type":"Feature","id":29265,"geometry":{"type":"Point","coordinates":[23.7505986,37.998032899999998]},"properties":{"FID":29265}},{"type":"Feature","id":29271,"geometry":{"type":"Point","coordinates":[23.749370299999999,37.995582499999998]},"properties":{"FID":29271}},{"type":"Feature","id":29272,"geometry":{"type":"Point","coordinates":[23.7489898,37.995638200000002]},"properties":{"FID":29272}},{"type":"Feature","id":29275,"geometry":{"type":"Point","coordinates":[23.746830899999999,37.996458099999998]},"properties":{"FID":29275}},{"type":"Feature","id":29276,"geometry":{"type":"Point","coordinates":[23.746876199999999,37.996535700000003]},"properties":{"FID":29276}},{"type":"Feature","id":29278,"geometry":{"type":"Point","coordinates":[23.747179599999999,37.996329099999997]},"properties":{"FID":29278}},{"type":"Feature","id":29279,"geometry":{"type":"Point","coordinates":[23.747127200000001,37.996443999999997]},"properties":{"FID":29279}},{"type":"Feature","id":29283,"geometry":{"type":"Point","coordinates":[23.744346700000001,37.996374099999997]},"properties":{"FID":29283}},{"type":"Feature","id":29288,"geometry":{"type":"Point","coordinates":[23.742761399999999,37.996219600000003]},"properties":{"FID":29288}},{"type":"Feature","id":29301,"geometry":{"type":"Point","coordinates":[23.764007700000001,37.9993816]},"properties":{"FID":29301}},{"type":"Feature","id":29304,"geometry":{"type":"Point","coordinates":[23.7633835,37.9988375]},"properties":{"FID":29304}},{"type":"Feature","id":29306,"geometry":{"type":"Point","coordinates":[23.763431300000001,37.998665699999997]},"properties":{"FID":29306}},{"type":"Feature","id":29319,"geometry":{"type":"Point","coordinates":[23.763898000000001,37.986043899999999]},"properties":{"FID":29319}},{"type":"Feature","id":29323,"geometry":{"type":"Point","coordinates":[23.765132300000001,37.985722799999998]},"properties":{"FID":29323}},{"type":"Feature","id":29324,"geometry":{"type":"Point","coordinates":[23.765075499999998,37.985650100000001]},"properties":{"FID":29324}},{"type":"Feature","id":29325,"geometry":{"type":"Point","coordinates":[23.764798299999999,37.985756500000001]},"properties":{"FID":29325}},{"type":"Feature","id":29326,"geometry":{"type":"Point","coordinates":[23.765151500000002,37.986785300000001]},"properties":{"FID":29326}},{"type":"Feature","id":29327,"geometry":{"type":"Point","coordinates":[23.765205600000002,37.9867481]},"properties":{"FID":29327}},{"type":"Feature","id":29328,"geometry":{"type":"Point","coordinates":[23.765248100000001,37.9867189]},"properties":{"FID":29328}},{"type":"Feature","id":29330,"geometry":{"type":"Point","coordinates":[23.7653769,37.986838599999999]},"properties":{"FID":29330}},{"type":"Feature","id":29333,"geometry":{"type":"Point","coordinates":[23.764292399999999,37.989145499999999]},"properties":{"FID":29333}},{"type":"Feature","id":29334,"geometry":{"type":"Point","coordinates":[23.764163199999999,37.989222400000003]},"properties":{"FID":29334}},{"type":"Feature","id":29339,"geometry":{"type":"Point","coordinates":[23.745612900000001,37.989254000000003]},"properties":{"FID":29339}},{"type":"Feature","id":29340,"geometry":{"type":"Point","coordinates":[23.745833999999999,37.989437100000004]},"properties":{"FID":29340}},{"type":"Feature","id":29342,"geometry":{"type":"Point","coordinates":[23.7454687,37.9893906]},"properties":{"FID":29342}},{"type":"Feature","id":29345,"geometry":{"type":"Point","coordinates":[23.7451057,37.986889900000001]},"properties":{"FID":29345}},{"type":"Feature","id":29346,"geometry":{"type":"Point","coordinates":[23.744645800000001,37.987257999999997]},"properties":{"FID":29346}},{"type":"Feature","id":29347,"geometry":{"type":"Point","coordinates":[23.744630099999998,37.987212499999998]},"properties":{"FID":29347}},{"type":"Feature","id":29348,"geometry":{"type":"Point","coordinates":[23.744866399999999,37.9868582]},"properties":{"FID":29348}},{"type":"Feature","id":29365,"geometry":{"type":"Point","coordinates":[23.7590082,37.937086700000002]},"properties":{"FID":29365}},{"type":"Feature","id":29367,"geometry":{"type":"Point","coordinates":[23.759171200000001,37.937124500000003]},"properties":{"FID":29367}},{"type":"Feature","id":29368,"geometry":{"type":"Point","coordinates":[23.759248500000002,37.9369096]},"properties":{"FID":29368}},{"type":"Feature","id":29385,"geometry":{"type":"Point","coordinates":[23.7661236,37.974750899999997]},"properties":{"FID":29385}},{"type":"Feature","id":29386,"geometry":{"type":"Point","coordinates":[23.7664255,37.974784800000002]},"properties":{"FID":29386}},{"type":"Feature","id":29387,"geometry":{"type":"Point","coordinates":[23.766378899999999,37.9748375]},"properties":{"FID":29387}},{"type":"Feature","id":29388,"geometry":{"type":"Point","coordinates":[23.7663026,37.974589799999997]},"properties":{"FID":29388}},{"type":"Feature","id":29392,"geometry":{"type":"Point","coordinates":[23.768025399999999,37.978517400000001]},"properties":{"FID":29392}},{"type":"Feature","id":29393,"geometry":{"type":"Point","coordinates":[23.7678595,37.978412900000002]},"properties":{"FID":29393}},{"type":"Feature","id":29396,"geometry":{"type":"Point","coordinates":[23.758686900000001,37.999768600000003]},"properties":{"FID":29396}},{"type":"Feature","id":29406,"geometry":{"type":"Point","coordinates":[23.754612399999999,37.999408199999998]},"properties":{"FID":29406}},{"type":"Feature","id":29414,"geometry":{"type":"Point","coordinates":[23.7578155,37.981007499999997]},"properties":{"FID":29414}},{"type":"Feature","id":29415,"geometry":{"type":"Point","coordinates":[23.758544000000001,37.981389399999998]},"properties":{"FID":29415}},{"type":"Feature","id":29417,"geometry":{"type":"Point","coordinates":[23.758352200000001,37.981218300000002]},"properties":{"FID":29417}},{"type":"Feature","id":29418,"geometry":{"type":"Point","coordinates":[23.758542599999998,37.981195499999998]},"properties":{"FID":29418}},{"type":"Feature","id":29420,"geometry":{"type":"Point","coordinates":[23.758044399999999,37.978873100000001]},"properties":{"FID":29420}},{"type":"Feature","id":29424,"geometry":{"type":"Point","coordinates":[23.7541507,37.983666800000002]},"properties":{"FID":29424}},{"type":"Feature","id":29426,"geometry":{"type":"Point","coordinates":[23.755331099999999,37.981353800000001]},"properties":{"FID":29426}},{"type":"Feature","id":29429,"geometry":{"type":"Point","coordinates":[23.755176500000001,37.980999199999999]},"properties":{"FID":29429}},{"type":"Feature","id":29436,"geometry":{"type":"Point","coordinates":[23.756283799999999,37.982273399999997]},"properties":{"FID":29436}},{"type":"Feature","id":29443,"geometry":{"type":"Point","coordinates":[23.757111999999999,37.982651500000003]},"properties":{"FID":29443}},{"type":"Feature","id":29445,"geometry":{"type":"Point","coordinates":[23.757351700000001,37.982928700000002]},"properties":{"FID":29445}},{"type":"Feature","id":29446,"geometry":{"type":"Point","coordinates":[23.757444400000001,37.982751200000003]},"properties":{"FID":29446}},{"type":"Feature","id":29448,"geometry":{"type":"Point","coordinates":[23.757589899999999,37.980817999999999]},"properties":{"FID":29448}},{"type":"Feature","id":29449,"geometry":{"type":"Point","coordinates":[23.755332200000002,37.977809299999997]},"properties":{"FID":29449}},{"type":"Feature","id":29450,"geometry":{"type":"Point","coordinates":[23.755793199999999,37.978837900000002]},"properties":{"FID":29450}},{"type":"Feature","id":29451,"geometry":{"type":"Point","coordinates":[23.755846300000002,37.978988999999999]},"properties":{"FID":29451}},{"type":"Feature","id":29453,"geometry":{"type":"Point","coordinates":[23.755759600000001,37.979087200000002]},"properties":{"FID":29453}},{"type":"Feature","id":29455,"geometry":{"type":"Point","coordinates":[23.753980299999998,37.979950500000001]},"properties":{"FID":29455}},{"type":"Feature","id":29456,"geometry":{"type":"Point","coordinates":[23.753986600000001,37.979764099999997]},"properties":{"FID":29456}},{"type":"Feature","id":29458,"geometry":{"type":"Point","coordinates":[23.755858,37.9789429]},"properties":{"FID":29458}},{"type":"Feature","id":29461,"geometry":{"type":"Point","coordinates":[23.761958400000001,37.941516200000002]},"properties":{"FID":29461}},{"type":"Feature","id":29462,"geometry":{"type":"Point","coordinates":[23.762196800000002,37.941693200000003]},"properties":{"FID":29462}},{"type":"Feature","id":29463,"geometry":{"type":"Point","coordinates":[23.762024,37.941829200000001]},"properties":{"FID":29463}},{"type":"Feature","id":29464,"geometry":{"type":"Point","coordinates":[23.7613576,37.940719600000001]},"properties":{"FID":29464}},{"type":"Feature","id":29465,"geometry":{"type":"Point","coordinates":[23.761451300000001,37.940500399999998]},"properties":{"FID":29465}},{"type":"Feature","id":29466,"geometry":{"type":"Point","coordinates":[23.761124899999999,37.9407292]},"properties":{"FID":29466}},{"type":"Feature","id":29467,"geometry":{"type":"Point","coordinates":[23.761251699999999,37.940370399999999]},"properties":{"FID":29467}},{"type":"Feature","id":29469,"geometry":{"type":"Point","coordinates":[23.756756200000002,37.938723699999997]},"properties":{"FID":29469}},{"type":"Feature","id":29471,"geometry":{"type":"Point","coordinates":[23.756791799999998,37.938664699999997]},"properties":{"FID":29471}},{"type":"Feature","id":29491,"geometry":{"type":"Point","coordinates":[23.751978000000001,37.988320000000002]},"properties":{"FID":29491}},{"type":"Feature","id":29497,"geometry":{"type":"Point","coordinates":[23.751554500000001,37.988272199999997]},"properties":{"FID":29497}},{"type":"Feature","id":29500,"geometry":{"type":"Point","coordinates":[23.751804,37.988471099999998]},"properties":{"FID":29500}},{"type":"Feature","id":29510,"geometry":{"type":"Point","coordinates":[23.752250100000001,37.974589399999999]},"properties":{"FID":29510}},{"type":"Feature","id":29512,"geometry":{"type":"Point","coordinates":[23.7512942,37.975375499999998]},"properties":{"FID":29512}},{"type":"Feature","id":29513,"geometry":{"type":"Point","coordinates":[23.7517326,37.9755617]},"properties":{"FID":29513}},{"type":"Feature","id":29514,"geometry":{"type":"Point","coordinates":[23.750149700000001,37.975023700000001]},"properties":{"FID":29514}},{"type":"Feature","id":29518,"geometry":{"type":"Point","coordinates":[23.750251299999999,37.975235599999998]},"properties":{"FID":29518}},{"type":"Feature","id":29523,"geometry":{"type":"Point","coordinates":[23.750904299999998,37.971210399999997]},"properties":{"FID":29523}},{"type":"Feature","id":29524,"geometry":{"type":"Point","coordinates":[23.7509002,37.971112499999997]},"properties":{"FID":29524}},{"type":"Feature","id":29525,"geometry":{"type":"Point","coordinates":[23.7525355,37.972471599999999]},"properties":{"FID":29525}},{"type":"Feature","id":29526,"geometry":{"type":"Point","coordinates":[23.752491200000001,37.972369]},"properties":{"FID":29526}},{"type":"Feature","id":29529,"geometry":{"type":"Point","coordinates":[23.7521895,37.972597800000003]},"properties":{"FID":29529}},{"type":"Feature","id":29530,"geometry":{"type":"Point","coordinates":[23.752076200000001,37.972521299999997]},"properties":{"FID":29530}},{"type":"Feature","id":29537,"geometry":{"type":"Point","coordinates":[23.758887900000001,37.968355500000001]},"properties":{"FID":29537}},{"type":"Feature","id":29538,"geometry":{"type":"Point","coordinates":[23.758877600000002,37.968300800000002]},"properties":{"FID":29538}},{"type":"Feature","id":29539,"geometry":{"type":"Point","coordinates":[23.758176200000001,37.9684879]},"properties":{"FID":29539}},{"type":"Feature","id":29542,"geometry":{"type":"Point","coordinates":[23.7579469,37.96848]},"properties":{"FID":29542}},{"type":"Feature","id":29543,"geometry":{"type":"Point","coordinates":[23.7575562,37.963846699999998]},"properties":{"FID":29543}},{"type":"Feature","id":29544,"geometry":{"type":"Point","coordinates":[23.756455200000001,37.965096899999999]},"properties":{"FID":29544}},{"type":"Feature","id":29545,"geometry":{"type":"Point","coordinates":[23.7573483,37.968644599999998]},"properties":{"FID":29545}},{"type":"Feature","id":29546,"geometry":{"type":"Point","coordinates":[23.7572565,37.968710799999997]},"properties":{"FID":29546}},{"type":"Feature","id":29547,"geometry":{"type":"Point","coordinates":[23.757103099999998,37.968639600000003]},"properties":{"FID":29547}},{"type":"Feature","id":29561,"geometry":{"type":"Point","coordinates":[23.762744399999999,37.943001600000002]},"properties":{"FID":29561}},{"type":"Feature","id":29562,"geometry":{"type":"Point","coordinates":[23.759005699999999,37.946412899999999]},"properties":{"FID":29562}},{"type":"Feature","id":29563,"geometry":{"type":"Point","coordinates":[23.759260000000001,37.946382]},"properties":{"FID":29563}},{"type":"Feature","id":29564,"geometry":{"type":"Point","coordinates":[23.758980000000001,37.946198299999999]},"properties":{"FID":29564}},{"type":"Feature","id":29572,"geometry":{"type":"Point","coordinates":[23.752627700000001,37.954116599999999]},"properties":{"FID":29572}},{"type":"Feature","id":29578,"geometry":{"type":"Point","coordinates":[23.757134099999998,37.9535926]},"properties":{"FID":29578}},{"type":"Feature","id":29585,"geometry":{"type":"Point","coordinates":[23.7500906,37.954369900000003]},"properties":{"FID":29585}},{"type":"Feature","id":29592,"geometry":{"type":"Point","coordinates":[23.780511499999999,37.982634699999998]},"properties":{"FID":29592}},{"type":"Feature","id":29593,"geometry":{"type":"Point","coordinates":[23.7806061,37.982481999999997]},"properties":{"FID":29593}},{"type":"Feature","id":29594,"geometry":{"type":"Point","coordinates":[23.780794700000001,37.982502500000002]},"properties":{"FID":29594}},{"type":"Feature","id":29648,"geometry":{"type":"Point","coordinates":[23.955189799999999,37.751127099999998]},"properties":{"FID":29648}},{"type":"Feature","id":29649,"geometry":{"type":"Point","coordinates":[23.955122899999999,37.751501300000001]},"properties":{"FID":29649}},{"type":"Feature","id":29664,"geometry":{"type":"Point","coordinates":[23.906033300000001,37.736232299999998]},"properties":{"FID":29664}},{"type":"Feature","id":29665,"geometry":{"type":"Point","coordinates":[23.905830399999999,37.7363061]},"properties":{"FID":29665}},{"type":"Feature","id":29666,"geometry":{"type":"Point","coordinates":[23.905888900000001,37.7364289]},"properties":{"FID":29666}},{"type":"Feature","id":29668,"geometry":{"type":"Point","coordinates":[23.9061977,37.736376]},"properties":{"FID":29668}},{"type":"Feature","id":29673,"geometry":{"type":"Point","coordinates":[23.905303700000001,37.7489153]},"properties":{"FID":29673}},{"type":"Feature","id":29674,"geometry":{"type":"Point","coordinates":[23.905508900000001,37.748606299999999]},"properties":{"FID":29674}},{"type":"Feature","id":29726,"geometry":{"type":"Point","coordinates":[23.9435444,37.724592299999998]},"properties":{"FID":29726}},{"type":"Feature","id":29731,"geometry":{"type":"Point","coordinates":[23.943293199999999,37.724796099999999]},"properties":{"FID":29731}},{"type":"Feature","id":29732,"geometry":{"type":"Point","coordinates":[23.9430263,37.724620399999999]},"properties":{"FID":29732}},{"type":"Feature","id":29746,"geometry":{"type":"Point","coordinates":[23.931745200000002,37.724687000000003]},"properties":{"FID":29746}},{"type":"Feature","id":29748,"geometry":{"type":"Point","coordinates":[23.9319676,37.724846800000002]},"properties":{"FID":29748}},{"type":"Feature","id":29752,"geometry":{"type":"Point","coordinates":[23.932292100000002,37.724567299999997]},"properties":{"FID":29752}},{"type":"Feature","id":29753,"geometry":{"type":"Point","coordinates":[23.932205700000001,37.724558100000003]},"properties":{"FID":29753}},{"type":"Feature","id":29754,"geometry":{"type":"Point","coordinates":[23.932020900000001,37.7244101]},"properties":{"FID":29754}},{"type":"Feature","id":29755,"geometry":{"type":"Point","coordinates":[23.931943700000001,37.724476600000003]},"properties":{"FID":29755}},{"type":"Feature","id":29771,"geometry":{"type":"Point","coordinates":[23.762560000000001,37.956816099999998]},"properties":{"FID":29771}},{"type":"Feature","id":29774,"geometry":{"type":"Point","coordinates":[23.762211499999999,37.958588399999996]},"properties":{"FID":29774}},{"type":"Feature","id":29779,"geometry":{"type":"Point","coordinates":[23.763695800000001,37.956922200000001]},"properties":{"FID":29779}},{"type":"Feature","id":29784,"geometry":{"type":"Point","coordinates":[23.762298999999999,37.977949600000002]},"properties":{"FID":29784}},{"type":"Feature","id":29785,"geometry":{"type":"Point","coordinates":[23.762377499999999,37.977870000000003]},"properties":{"FID":29785}},{"type":"Feature","id":29790,"geometry":{"type":"Point","coordinates":[23.763201899999999,37.9795132]},"properties":{"FID":29790}},{"type":"Feature","id":29791,"geometry":{"type":"Point","coordinates":[23.763200600000001,37.979669299999998]},"properties":{"FID":29791}},{"type":"Feature","id":29793,"geometry":{"type":"Point","coordinates":[23.7634872,37.979807399999999]},"properties":{"FID":29793}},{"type":"Feature","id":29795,"geometry":{"type":"Point","coordinates":[23.763644500000002,37.979621299999998]},"properties":{"FID":29795}},{"type":"Feature","id":29804,"geometry":{"type":"Point","coordinates":[23.736396899999999,37.980789399999999]},"properties":{"FID":29804}},{"type":"Feature","id":29805,"geometry":{"type":"Point","coordinates":[23.7364827,37.980782300000001]},"properties":{"FID":29805}},{"type":"Feature","id":29806,"geometry":{"type":"Point","coordinates":[23.73725,37.981269300000001]},"properties":{"FID":29806}},{"type":"Feature","id":29807,"geometry":{"type":"Point","coordinates":[23.736951600000001,37.982869999999998]},"properties":{"FID":29807}},{"type":"Feature","id":29808,"geometry":{"type":"Point","coordinates":[23.736192299999999,37.982484800000002]},"properties":{"FID":29808}},{"type":"Feature","id":29809,"geometry":{"type":"Point","coordinates":[23.7362799,37.982580800000001]},"properties":{"FID":29809}},{"type":"Feature","id":29812,"geometry":{"type":"Point","coordinates":[23.763230499999999,37.986063000000001]},"properties":{"FID":29812}},{"type":"Feature","id":29813,"geometry":{"type":"Point","coordinates":[23.763057,37.985964299999999]},"properties":{"FID":29813}},{"type":"Feature","id":29814,"geometry":{"type":"Point","coordinates":[23.763050100000001,37.985886999999998]},"properties":{"FID":29814}},{"type":"Feature","id":29818,"geometry":{"type":"Point","coordinates":[23.763691099999999,37.986013900000003]},"properties":{"FID":29818}},{"type":"Feature","id":29819,"geometry":{"type":"Point","coordinates":[23.7637666,37.986213499999998]},"properties":{"FID":29819}},{"type":"Feature","id":29821,"geometry":{"type":"Point","coordinates":[23.763802900000002,37.986162800000002]},"properties":{"FID":29821}},{"type":"Feature","id":29823,"geometry":{"type":"Point","coordinates":[23.7637304,37.988701900000002]},"properties":{"FID":29823}},{"type":"Feature","id":29824,"geometry":{"type":"Point","coordinates":[23.763808999999998,37.988580200000001]},"properties":{"FID":29824}},{"type":"Feature","id":29825,"geometry":{"type":"Point","coordinates":[23.763657599999998,37.988699599999997]},"properties":{"FID":29825}},{"type":"Feature","id":29832,"geometry":{"type":"Point","coordinates":[23.7629968,37.992989100000003]},"properties":{"FID":29832}},{"type":"Feature","id":29833,"geometry":{"type":"Point","coordinates":[23.7629804,37.993158700000002]},"properties":{"FID":29833}},{"type":"Feature","id":29838,"geometry":{"type":"Point","coordinates":[23.7585941,37.989938199999997]},"properties":{"FID":29838}},{"type":"Feature","id":29839,"geometry":{"type":"Point","coordinates":[23.758697000000002,37.989919499999999]},"properties":{"FID":29839}},{"type":"Feature","id":29842,"geometry":{"type":"Point","coordinates":[23.759196200000002,37.990903799999998]},"properties":{"FID":29842}},{"type":"Feature","id":29843,"geometry":{"type":"Point","coordinates":[23.7593009,37.990846500000004]},"properties":{"FID":29843}},{"type":"Feature","id":29844,"geometry":{"type":"Point","coordinates":[23.761582400000002,37.986438700000001]},"properties":{"FID":29844}},{"type":"Feature","id":29845,"geometry":{"type":"Point","coordinates":[23.761551600000001,37.986361899999999]},"properties":{"FID":29845}},{"type":"Feature","id":29849,"geometry":{"type":"Point","coordinates":[23.761030099999999,37.986502600000001]},"properties":{"FID":29849}},{"type":"Feature","id":29851,"geometry":{"type":"Point","coordinates":[23.761333499999999,37.9862477]},"properties":{"FID":29851}},{"type":"Feature","id":29872,"geometry":{"type":"Point","coordinates":[23.715146499999999,37.933948999999998]},"properties":{"FID":29872}},{"type":"Feature","id":29884,"geometry":{"type":"Point","coordinates":[23.714360800000001,37.932135199999998]},"properties":{"FID":29884}},{"type":"Feature","id":29893,"geometry":{"type":"Point","coordinates":[23.7475126,37.928673400000001]},"properties":{"FID":29893}},{"type":"Feature","id":29900,"geometry":{"type":"Point","coordinates":[23.744298000000001,37.927774399999997]},"properties":{"FID":29900}},{"type":"Feature","id":29902,"geometry":{"type":"Point","coordinates":[23.744519100000002,37.927409599999997]},"properties":{"FID":29902}},{"type":"Feature","id":29903,"geometry":{"type":"Point","coordinates":[23.744153799999999,37.927522400000001]},"properties":{"FID":29903}},{"type":"Feature","id":29909,"geometry":{"type":"Point","coordinates":[23.744506600000001,37.9236413]},"properties":{"FID":29909}},{"type":"Feature","id":29912,"geometry":{"type":"Point","coordinates":[23.7442764,37.923965699999997]},"properties":{"FID":29912}},{"type":"Feature","id":29920,"geometry":{"type":"Point","coordinates":[23.744624999999999,37.930065200000001]},"properties":{"FID":29920}},{"type":"Feature","id":29921,"geometry":{"type":"Point","coordinates":[23.7445454,37.9300675]},"properties":{"FID":29921}},{"type":"Feature","id":29922,"geometry":{"type":"Point","coordinates":[23.7443265,37.930300699999997]},"properties":{"FID":29922}},{"type":"Feature","id":29924,"geometry":{"type":"Point","coordinates":[23.7446293,37.9302967]},"properties":{"FID":29924}},{"type":"Feature","id":29935,"geometry":{"type":"Point","coordinates":[23.713612399999999,37.909683100000002]},"properties":{"FID":29935}},{"type":"Feature","id":29936,"geometry":{"type":"Point","coordinates":[23.713512699999999,37.909558500000003]},"properties":{"FID":29936}},{"type":"Feature","id":29945,"geometry":{"type":"Point","coordinates":[23.711595299999999,37.910683200000001]},"properties":{"FID":29945}},{"type":"Feature","id":29952,"geometry":{"type":"Point","coordinates":[23.715790599999998,37.907926400000001]},"properties":{"FID":29952}},{"type":"Feature","id":29956,"geometry":{"type":"Point","coordinates":[23.715940799999998,37.908005600000003]},"properties":{"FID":29956}},{"type":"Feature","id":29963,"geometry":{"type":"Point","coordinates":[23.717817700000001,37.905463099999999]},"properties":{"FID":29963}},{"type":"Feature","id":29965,"geometry":{"type":"Point","coordinates":[23.718106500000001,37.905704200000002]},"properties":{"FID":29965}},{"type":"Feature","id":29966,"geometry":{"type":"Point","coordinates":[23.717724499999999,37.906182899999997]},"properties":{"FID":29966}},{"type":"Feature","id":29968,"geometry":{"type":"Point","coordinates":[23.7177659,37.906031599999999]},"properties":{"FID":29968}},{"type":"Feature","id":29970,"geometry":{"type":"Point","coordinates":[23.7175513,37.906033200000003]},"properties":{"FID":29970}},{"type":"Feature","id":29973,"geometry":{"type":"Point","coordinates":[23.717489199999999,37.905973500000002]},"properties":{"FID":29973}},{"type":"Feature","id":29981,"geometry":{"type":"Point","coordinates":[23.711192100000002,37.910782099999999]},"properties":{"FID":29981}},{"type":"Feature","id":30002,"geometry":{"type":"Point","coordinates":[23.721634099999999,37.920641199999999]},"properties":{"FID":30002}},{"type":"Feature","id":30012,"geometry":{"type":"Point","coordinates":[23.724189800000001,37.919641499999997]},"properties":{"FID":30012}},{"type":"Feature","id":30015,"geometry":{"type":"Point","coordinates":[23.724217899999999,37.919704699999997]},"properties":{"FID":30015}},{"type":"Feature","id":30016,"geometry":{"type":"Point","coordinates":[23.724067099999999,37.919826100000002]},"properties":{"FID":30016}},{"type":"Feature","id":30017,"geometry":{"type":"Point","coordinates":[23.723864599999999,37.919763799999998]},"properties":{"FID":30017}},{"type":"Feature","id":30030,"geometry":{"type":"Point","coordinates":[23.734104299999998,37.917247600000003]},"properties":{"FID":30030}},{"type":"Feature","id":30031,"geometry":{"type":"Point","coordinates":[23.734116400000001,37.917172899999997]},"properties":{"FID":30031}},{"type":"Feature","id":30032,"geometry":{"type":"Point","coordinates":[23.7342887,37.917288200000002]},"properties":{"FID":30032}},{"type":"Feature","id":30033,"geometry":{"type":"Point","coordinates":[23.7343197,37.917628399999998]},"properties":{"FID":30033}},{"type":"Feature","id":30041,"geometry":{"type":"Point","coordinates":[23.730554900000001,37.918419800000002]},"properties":{"FID":30041}},{"type":"Feature","id":30043,"geometry":{"type":"Point","coordinates":[23.730570400000001,37.918490599999998]},"properties":{"FID":30043}},{"type":"Feature","id":30047,"geometry":{"type":"Point","coordinates":[23.727102599999998,37.918984199999997]},"properties":{"FID":30047}},{"type":"Feature","id":30054,"geometry":{"type":"Point","coordinates":[23.745792300000002,37.905992599999998]},"properties":{"FID":30054}},{"type":"Feature","id":30055,"geometry":{"type":"Point","coordinates":[23.745155799999999,37.9061831]},"properties":{"FID":30055}},{"type":"Feature","id":30139,"geometry":{"type":"Point","coordinates":[23.761150199999999,37.981988899999997]},"properties":{"FID":30139}},{"type":"Feature","id":30141,"geometry":{"type":"Point","coordinates":[23.761348099999999,37.982026300000001]},"properties":{"FID":30141}},{"type":"Feature","id":30142,"geometry":{"type":"Point","coordinates":[23.7613181,37.982263400000001]},"properties":{"FID":30142}},{"type":"Feature","id":30146,"geometry":{"type":"Point","coordinates":[23.7591055,37.9843422]},"properties":{"FID":30146}},{"type":"Feature","id":30147,"geometry":{"type":"Point","coordinates":[23.759272599999999,37.984076899999998]},"properties":{"FID":30147}},{"type":"Feature","id":30148,"geometry":{"type":"Point","coordinates":[23.7594387,37.984417499999999]},"properties":{"FID":30148}},{"type":"Feature","id":30149,"geometry":{"type":"Point","coordinates":[23.7606018,37.9853892]},"properties":{"FID":30149}},{"type":"Feature","id":30150,"geometry":{"type":"Point","coordinates":[23.760136599999999,37.985303500000001]},"properties":{"FID":30150}},{"type":"Feature","id":30153,"geometry":{"type":"Point","coordinates":[23.760302500000002,37.984999000000002]},"properties":{"FID":30153}},{"type":"Feature","id":30154,"geometry":{"type":"Point","coordinates":[23.760361400000001,37.9852846]},"properties":{"FID":30154}},{"type":"Feature","id":30156,"geometry":{"type":"Point","coordinates":[23.760604099999998,37.984917199999998]},"properties":{"FID":30156}},{"type":"Feature","id":30157,"geometry":{"type":"Point","coordinates":[23.760564899999999,37.985019899999998]},"properties":{"FID":30157}},{"type":"Feature","id":30159,"geometry":{"type":"Point","coordinates":[23.761874800000001,37.985316900000001]},"properties":{"FID":30159}},{"type":"Feature","id":30160,"geometry":{"type":"Point","coordinates":[23.7617674,37.985405100000001]},"properties":{"FID":30160}},{"type":"Feature","id":30166,"geometry":{"type":"Point","coordinates":[23.761637199999999,37.980235399999998]},"properties":{"FID":30166}},{"type":"Feature","id":30170,"geometry":{"type":"Point","coordinates":[23.761033600000001,37.980187299999997]},"properties":{"FID":30170}},{"type":"Feature","id":30172,"geometry":{"type":"Point","coordinates":[23.761095900000001,37.980275499999998]},"properties":{"FID":30172}},{"type":"Feature","id":30189,"geometry":{"type":"Point","coordinates":[23.738143900000001,37.9216148]},"properties":{"FID":30189}},{"type":"Feature","id":30191,"geometry":{"type":"Point","coordinates":[23.738220699999999,37.921548600000001]},"properties":{"FID":30191}},{"type":"Feature","id":30200,"geometry":{"type":"Point","coordinates":[23.7360641,37.919163300000001]},"properties":{"FID":30200}},{"type":"Feature","id":30202,"geometry":{"type":"Point","coordinates":[23.7362231,37.919463100000002]},"properties":{"FID":30202}},{"type":"Feature","id":30203,"geometry":{"type":"Point","coordinates":[23.736318600000001,37.919258999999997]},"properties":{"FID":30203}},{"type":"Feature","id":30215,"geometry":{"type":"Point","coordinates":[23.743568400000001,37.906340100000001]},"properties":{"FID":30215}},{"type":"Feature","id":30226,"geometry":{"type":"Point","coordinates":[23.746406400000001,37.9004026]},"properties":{"FID":30226}},{"type":"Feature","id":30227,"geometry":{"type":"Point","coordinates":[23.746200000000002,37.901733299999997]},"properties":{"FID":30227}},{"type":"Feature","id":30229,"geometry":{"type":"Point","coordinates":[23.746256500000001,37.901940400000001]},"properties":{"FID":30229}},{"type":"Feature","id":30239,"geometry":{"type":"Point","coordinates":[23.743552000000001,37.906234400000002]},"properties":{"FID":30239}},{"type":"Feature","id":30241,"geometry":{"type":"Point","coordinates":[23.743479199999999,37.9062433]},"properties":{"FID":30241}},{"type":"Feature","id":30250,"geometry":{"type":"Point","coordinates":[23.735064900000001,37.907567200000003]},"properties":{"FID":30250}},{"type":"Feature","id":30251,"geometry":{"type":"Point","coordinates":[23.735502799999999,37.907710299999998]},"properties":{"FID":30251}},{"type":"Feature","id":30252,"geometry":{"type":"Point","coordinates":[23.735367400000001,37.907569700000003]},"properties":{"FID":30252}},{"type":"Feature","id":30254,"geometry":{"type":"Point","coordinates":[23.735385999999998,37.907781200000002]},"properties":{"FID":30254}},{"type":"Feature","id":30257,"geometry":{"type":"Point","coordinates":[23.738083899999999,37.908767599999997]},"properties":{"FID":30257}},{"type":"Feature","id":30260,"geometry":{"type":"Point","coordinates":[23.738052499999998,37.906758600000003]},"properties":{"FID":30260}},{"type":"Feature","id":30262,"geometry":{"type":"Point","coordinates":[23.7381533,37.906899699999997]},"properties":{"FID":30262}},{"type":"Feature","id":30263,"geometry":{"type":"Point","coordinates":[23.738166700000001,37.906680000000001]},"properties":{"FID":30263}},{"type":"Feature","id":30269,"geometry":{"type":"Point","coordinates":[23.740873400000002,37.909987399999999]},"properties":{"FID":30269}},{"type":"Feature","id":30270,"geometry":{"type":"Point","coordinates":[23.7409137,37.909950799999997]},"properties":{"FID":30270}},{"type":"Feature","id":30274,"geometry":{"type":"Point","coordinates":[23.741022999999998,37.906640799999998]},"properties":{"FID":30274}},{"type":"Feature","id":30283,"geometry":{"type":"Point","coordinates":[23.738241899999998,37.906760300000002]},"properties":{"FID":30283}},{"type":"Feature","id":30284,"geometry":{"type":"Point","coordinates":[23.7408605,37.906557900000003]},"properties":{"FID":30284}},{"type":"Feature","id":30286,"geometry":{"type":"Point","coordinates":[23.7638137,37.984325200000001]},"properties":{"FID":30286}},{"type":"Feature","id":30289,"geometry":{"type":"Point","coordinates":[23.7619924,37.983024700000001]},"properties":{"FID":30289}},{"type":"Feature","id":30290,"geometry":{"type":"Point","coordinates":[23.762031,37.983278400000003]},"properties":{"FID":30290}},{"type":"Feature","id":30291,"geometry":{"type":"Point","coordinates":[23.762228700000001,37.9833189]},"properties":{"FID":30291}},{"type":"Feature","id":30300,"geometry":{"type":"Point","coordinates":[23.7757273,37.821610100000001]},"properties":{"FID":30300}},{"type":"Feature","id":30301,"geometry":{"type":"Point","coordinates":[23.775297599999998,37.822035300000003]},"properties":{"FID":30301}},{"type":"Feature","id":30303,"geometry":{"type":"Point","coordinates":[23.7751664,37.821630300000002]},"properties":{"FID":30303}},{"type":"Feature","id":30311,"geometry":{"type":"Point","coordinates":[23.7761505,37.833643799999997]},"properties":{"FID":30311}},{"type":"Feature","id":30312,"geometry":{"type":"Point","coordinates":[23.775783700000002,37.833607499999999]},"properties":{"FID":30312}},{"type":"Feature","id":30315,"geometry":{"type":"Point","coordinates":[23.778870900000001,37.8332239]},"properties":{"FID":30315}},{"type":"Feature","id":30318,"geometry":{"type":"Point","coordinates":[23.778640299999999,37.833171100000001]},"properties":{"FID":30318}},{"type":"Feature","id":30319,"geometry":{"type":"Point","coordinates":[23.778738199999999,37.833319099999997]},"properties":{"FID":30319}},{"type":"Feature","id":30321,"geometry":{"type":"Point","coordinates":[23.7796597,37.836422900000002]},"properties":{"FID":30321}},{"type":"Feature","id":30322,"geometry":{"type":"Point","coordinates":[23.779944700000001,37.836538599999997]},"properties":{"FID":30322}},{"type":"Feature","id":30327,"geometry":{"type":"Point","coordinates":[23.772133700000001,37.835323699999996]},"properties":{"FID":30327}},{"type":"Feature","id":30330,"geometry":{"type":"Point","coordinates":[23.772301599999999,37.834927200000003]},"properties":{"FID":30330}},{"type":"Feature","id":30331,"geometry":{"type":"Point","coordinates":[23.772386300000001,37.833512200000001]},"properties":{"FID":30331}},{"type":"Feature","id":30332,"geometry":{"type":"Point","coordinates":[23.772449099999999,37.833509599999999]},"properties":{"FID":30332}},{"type":"Feature","id":30333,"geometry":{"type":"Point","coordinates":[23.772638100000002,37.833300299999998]},"properties":{"FID":30333}},{"type":"Feature","id":30335,"geometry":{"type":"Point","coordinates":[23.772800199999999,37.833542100000003]},"properties":{"FID":30335}},{"type":"Feature","id":30343,"geometry":{"type":"Point","coordinates":[23.7702013,37.835840599999997]},"properties":{"FID":30343}},{"type":"Feature","id":30344,"geometry":{"type":"Point","coordinates":[23.769802500000001,37.835779299999999]},"properties":{"FID":30344}},{"type":"Feature","id":30347,"geometry":{"type":"Point","coordinates":[23.779763899999999,37.836316799999999]},"properties":{"FID":30347}},{"type":"Feature","id":30357,"geometry":{"type":"Point","coordinates":[23.769690799999999,37.835684299999997]},"properties":{"FID":30357}},{"type":"Feature","id":30363,"geometry":{"type":"Point","coordinates":[23.795019199999999,37.834721100000003]},"properties":{"FID":30363}},{"type":"Feature","id":30364,"geometry":{"type":"Point","coordinates":[23.8040156,37.820884900000003]},"properties":{"FID":30364}},{"type":"Feature","id":30365,"geometry":{"type":"Point","coordinates":[23.780044,37.836385]},"properties":{"FID":30365}},{"type":"Feature","id":30378,"geometry":{"type":"Point","coordinates":[23.7842479,37.808058099999997]},"properties":{"FID":30378}},{"type":"Feature","id":30379,"geometry":{"type":"Point","coordinates":[23.7841828,37.808003200000002]},"properties":{"FID":30379}},{"type":"Feature","id":30380,"geometry":{"type":"Point","coordinates":[23.7838049,37.808184500000003]},"properties":{"FID":30380}},{"type":"Feature","id":30381,"geometry":{"type":"Point","coordinates":[23.7838219,37.808275600000002]},"properties":{"FID":30381}},{"type":"Feature","id":30387,"geometry":{"type":"Point","coordinates":[23.7768421,37.818673500000003]},"properties":{"FID":30387}},{"type":"Feature","id":30391,"geometry":{"type":"Point","coordinates":[23.7791493,37.815203400000001]},"properties":{"FID":30391}},{"type":"Feature","id":30401,"geometry":{"type":"Point","coordinates":[23.779121100000001,37.8151656]},"properties":{"FID":30401}},{"type":"Feature","id":30403,"geometry":{"type":"Point","coordinates":[23.777261200000002,37.818354999999997]},"properties":{"FID":30403}},{"type":"Feature","id":30409,"geometry":{"type":"Point","coordinates":[23.843896099999998,37.8165798]},"properties":{"FID":30409}},{"type":"Feature","id":30415,"geometry":{"type":"Point","coordinates":[23.8660207,37.802466000000003]},"properties":{"FID":30415}},{"type":"Feature","id":30416,"geometry":{"type":"Point","coordinates":[23.865976,37.8025509]},"properties":{"FID":30416}},{"type":"Feature","id":30417,"geometry":{"type":"Point","coordinates":[23.866247000000001,37.802579100000003]},"properties":{"FID":30417}},{"type":"Feature","id":30423,"geometry":{"type":"Point","coordinates":[23.821852700000001,37.814483000000003]},"properties":{"FID":30423}},{"type":"Feature","id":30424,"geometry":{"type":"Point","coordinates":[23.8218034,37.814319900000001]},"properties":{"FID":30424}},{"type":"Feature","id":30425,"geometry":{"type":"Point","coordinates":[23.822233300000001,37.814221699999997]},"properties":{"FID":30425}},{"type":"Feature","id":30428,"geometry":{"type":"Point","coordinates":[23.8436427,37.816525599999999]},"properties":{"FID":30428}},{"type":"Feature","id":30431,"geometry":{"type":"Point","coordinates":[23.838266699999998,37.8203271]},"properties":{"FID":30431}},{"type":"Feature","id":30432,"geometry":{"type":"Point","coordinates":[23.838249900000001,37.820547400000002]},"properties":{"FID":30432}},{"type":"Feature","id":30433,"geometry":{"type":"Point","coordinates":[23.837838999999999,37.820464600000001]},"properties":{"FID":30433}},{"type":"Feature","id":30434,"geometry":{"type":"Point","coordinates":[23.8377391,37.8204086]},"properties":{"FID":30434}},{"type":"Feature","id":30437,"geometry":{"type":"Point","coordinates":[23.866244099999999,37.802686100000003]},"properties":{"FID":30437}},{"type":"Feature","id":30451,"geometry":{"type":"Point","coordinates":[23.818692299999999,37.843325299999997]},"properties":{"FID":30451}},{"type":"Feature","id":30453,"geometry":{"type":"Point","coordinates":[23.818792500000001,37.843155199999998]},"properties":{"FID":30453}},{"type":"Feature","id":30462,"geometry":{"type":"Point","coordinates":[23.808927199999999,37.837326099999999]},"properties":{"FID":30462}},{"type":"Feature","id":30463,"geometry":{"type":"Point","coordinates":[23.8089944,37.8371335]},"properties":{"FID":30463}},{"type":"Feature","id":30464,"geometry":{"type":"Point","coordinates":[23.809564900000002,37.837485800000003]},"properties":{"FID":30464}},{"type":"Feature","id":30466,"geometry":{"type":"Point","coordinates":[23.809760499999999,37.837535000000003]},"properties":{"FID":30466}},{"type":"Feature","id":30469,"geometry":{"type":"Point","coordinates":[23.809746000000001,37.837710700000002]},"properties":{"FID":30469}},{"type":"Feature","id":30482,"geometry":{"type":"Point","coordinates":[23.7197247,37.900845699999998]},"properties":{"FID":30482}},{"type":"Feature","id":30483,"geometry":{"type":"Point","coordinates":[23.7198694,37.900538300000001]},"properties":{"FID":30483}},{"type":"Feature","id":30490,"geometry":{"type":"Point","coordinates":[23.719648500000002,37.903200499999997]},"properties":{"FID":30490}},{"type":"Feature","id":30491,"geometry":{"type":"Point","coordinates":[23.719668500000001,37.903023900000001]},"properties":{"FID":30491}},{"type":"Feature","id":30494,"geometry":{"type":"Point","coordinates":[23.7198356,37.903033000000001]},"properties":{"FID":30494}},{"type":"Feature","id":30517,"geometry":{"type":"Point","coordinates":[23.723544,37.906958299999999]},"properties":{"FID":30517}},{"type":"Feature","id":30519,"geometry":{"type":"Point","coordinates":[23.723903,37.906958299999999]},"properties":{"FID":30519}},{"type":"Feature","id":30520,"geometry":{"type":"Point","coordinates":[23.724065299999999,37.9071225]},"properties":{"FID":30520}},{"type":"Feature","id":30522,"geometry":{"type":"Point","coordinates":[23.723719200000001,37.907160500000003]},"properties":{"FID":30522}},{"type":"Feature","id":30528,"geometry":{"type":"Point","coordinates":[23.727365200000001,37.907571500000003]},"properties":{"FID":30528}},{"type":"Feature","id":30529,"geometry":{"type":"Point","coordinates":[23.727384900000001,37.907483399999997]},"properties":{"FID":30529}},{"type":"Feature","id":30545,"geometry":{"type":"Point","coordinates":[23.731646099999999,37.877116899999997]},"properties":{"FID":30545}},{"type":"Feature","id":30546,"geometry":{"type":"Point","coordinates":[23.7316763,37.877070699999997]},"properties":{"FID":30546}},{"type":"Feature","id":30551,"geometry":{"type":"Point","coordinates":[23.731646000000001,37.876933999999999]},"properties":{"FID":30551}},{"type":"Feature","id":30555,"geometry":{"type":"Point","coordinates":[23.7313622,37.877166199999998]},"properties":{"FID":30555}},{"type":"Feature","id":30562,"geometry":{"type":"Point","coordinates":[23.7299465,37.880280499999998]},"properties":{"FID":30562}},{"type":"Feature","id":30567,"geometry":{"type":"Point","coordinates":[23.730062799999999,37.880469499999997]},"properties":{"FID":30567}},{"type":"Feature","id":30568,"geometry":{"type":"Point","coordinates":[23.730381999999999,37.880176499999997]},"properties":{"FID":30568}},{"type":"Feature","id":30572,"geometry":{"type":"Point","coordinates":[23.726952199999999,37.885312200000001]},"properties":{"FID":30572}},{"type":"Feature","id":30574,"geometry":{"type":"Point","coordinates":[23.7272398,37.885300299999997]},"properties":{"FID":30574}},{"type":"Feature","id":30576,"geometry":{"type":"Point","coordinates":[23.7273374,37.885001799999998]},"properties":{"FID":30576}},{"type":"Feature","id":30585,"geometry":{"type":"Point","coordinates":[23.724221400000001,37.889799699999998]},"properties":{"FID":30585}},{"type":"Feature","id":30589,"geometry":{"type":"Point","coordinates":[23.724458500000001,37.889415100000001]},"properties":{"FID":30589}},{"type":"Feature","id":30599,"geometry":{"type":"Point","coordinates":[23.724003,37.889826100000001]},"properties":{"FID":30599}},{"type":"Feature","id":30600,"geometry":{"type":"Point","coordinates":[23.723890600000001,37.890001599999998]},"properties":{"FID":30600}},{"type":"Feature","id":30602,"geometry":{"type":"Point","coordinates":[23.720169200000001,37.898412200000003]},"properties":{"FID":30602}},{"type":"Feature","id":30605,"geometry":{"type":"Point","coordinates":[23.720578199999999,37.896985100000002]},"properties":{"FID":30605}},{"type":"Feature","id":30609,"geometry":{"type":"Point","coordinates":[23.7203859,37.896782299999998]},"properties":{"FID":30609}},{"type":"Feature","id":30611,"geometry":{"type":"Point","coordinates":[23.7205406,37.896706899999998]},"properties":{"FID":30611}},{"type":"Feature","id":30615,"geometry":{"type":"Point","coordinates":[23.721227800000001,37.894829000000001]},"properties":{"FID":30615}},{"type":"Feature","id":30616,"geometry":{"type":"Point","coordinates":[23.7214302,37.894768399999997]},"properties":{"FID":30616}},{"type":"Feature","id":30617,"geometry":{"type":"Point","coordinates":[23.721355599999999,37.8946282]},"properties":{"FID":30617}},{"type":"Feature","id":30619,"geometry":{"type":"Point","coordinates":[23.720904300000001,37.896555999999997]},"properties":{"FID":30619}},{"type":"Feature","id":30622,"geometry":{"type":"Point","coordinates":[23.722559,37.891117000000001]},"properties":{"FID":30622}},{"type":"Feature","id":30625,"geometry":{"type":"Point","coordinates":[23.722938299999999,37.891441299999997]},"properties":{"FID":30625}},{"type":"Feature","id":30631,"geometry":{"type":"Point","coordinates":[23.723246499999998,37.891274199999998]},"properties":{"FID":30631}},{"type":"Feature","id":30634,"geometry":{"type":"Point","coordinates":[23.747949200000001,37.891915699999998]},"properties":{"FID":30634}},{"type":"Feature","id":30635,"geometry":{"type":"Point","coordinates":[23.7475968,37.892165900000002]},"properties":{"FID":30635}},{"type":"Feature","id":30636,"geometry":{"type":"Point","coordinates":[23.747519700000002,37.891897100000001]},"properties":{"FID":30636}},{"type":"Feature","id":30637,"geometry":{"type":"Point","coordinates":[23.747534699999999,37.891830300000002]},"properties":{"FID":30637}},{"type":"Feature","id":30643,"geometry":{"type":"Point","coordinates":[23.747332,37.894526200000001]},"properties":{"FID":30643}},{"type":"Feature","id":30651,"geometry":{"type":"Point","coordinates":[23.7481492,37.892209299999998]},"properties":{"FID":30651}},{"type":"Feature","id":30668,"geometry":{"type":"Point","coordinates":[23.744312900000001,37.890601699999998]},"properties":{"FID":30668}},{"type":"Feature","id":30694,"geometry":{"type":"Point","coordinates":[23.7441019,37.9200059]},"properties":{"FID":30694}},{"type":"Feature","id":30700,"geometry":{"type":"Point","coordinates":[23.744491100000001,37.9198746]},"properties":{"FID":30700}},{"type":"Feature","id":30703,"geometry":{"type":"Point","coordinates":[23.744149700000001,37.920126799999998]},"properties":{"FID":30703}},{"type":"Feature","id":30704,"geometry":{"type":"Point","coordinates":[23.744274699999998,37.920124299999998]},"properties":{"FID":30704}},{"type":"Feature","id":30706,"geometry":{"type":"Point","coordinates":[23.744614500000001,37.9199208]},"properties":{"FID":30706}},{"type":"Feature","id":30708,"geometry":{"type":"Point","coordinates":[23.7447342,37.920012300000003]},"properties":{"FID":30708}},{"type":"Feature","id":30712,"geometry":{"type":"Point","coordinates":[23.744251299999998,37.915164300000001]},"properties":{"FID":30712}},{"type":"Feature","id":30716,"geometry":{"type":"Point","coordinates":[23.744601100000001,37.915261899999997]},"properties":{"FID":30716}},{"type":"Feature","id":30733,"geometry":{"type":"Point","coordinates":[23.749789100000001,37.915092000000001]},"properties":{"FID":30733}},{"type":"Feature","id":30734,"geometry":{"type":"Point","coordinates":[23.749785500000002,37.914592800000001]},"properties":{"FID":30734}},{"type":"Feature","id":30749,"geometry":{"type":"Point","coordinates":[23.847161499999999,37.997400900000002]},"properties":{"FID":30749}},{"type":"Feature","id":30760,"geometry":{"type":"Point","coordinates":[23.847355400000001,37.997318300000003]},"properties":{"FID":30760}},{"type":"Feature","id":30777,"geometry":{"type":"Point","coordinates":[23.873244799999998,37.907787399999997]},"properties":{"FID":30777}},{"type":"Feature","id":30808,"geometry":{"type":"Point","coordinates":[23.8660748,37.876152500000003]},"properties":{"FID":30808}},{"type":"Feature","id":30812,"geometry":{"type":"Point","coordinates":[23.874552000000001,37.882370100000003]},"properties":{"FID":30812}},{"type":"Feature","id":30844,"geometry":{"type":"Point","coordinates":[23.8859438,37.955461200000002]},"properties":{"FID":30844}},{"type":"Feature","id":30845,"geometry":{"type":"Point","coordinates":[23.8858146,37.955458]},"properties":{"FID":30845}},{"type":"Feature","id":30846,"geometry":{"type":"Point","coordinates":[23.885726699999999,37.955280199999997]},"properties":{"FID":30846}},{"type":"Feature","id":30852,"geometry":{"type":"Point","coordinates":[23.886901999999999,37.955944600000002]},"properties":{"FID":30852}},{"type":"Feature","id":30895,"geometry":{"type":"Point","coordinates":[23.906004200000002,37.967926900000002]},"properties":{"FID":30895}},{"type":"Feature","id":30896,"geometry":{"type":"Point","coordinates":[23.9061281,37.968138400000001]},"properties":{"FID":30896}},{"type":"Feature","id":30899,"geometry":{"type":"Point","coordinates":[23.893319699999999,37.981445899999997]},"properties":{"FID":30899}},{"type":"Feature","id":30900,"geometry":{"type":"Point","coordinates":[23.893636799999999,37.981443499999997]},"properties":{"FID":30900}},{"type":"Feature","id":30940,"geometry":{"type":"Point","coordinates":[23.909588899999999,37.968104199999999]},"properties":{"FID":30940}},{"type":"Feature","id":30955,"geometry":{"type":"Point","coordinates":[23.761166200000002,37.976262200000001]},"properties":{"FID":30955}},{"type":"Feature","id":30956,"geometry":{"type":"Point","coordinates":[23.761298400000001,37.976102699999998]},"properties":{"FID":30956}},{"type":"Feature","id":30957,"geometry":{"type":"Point","coordinates":[23.7612953,37.976311099999997]},"properties":{"FID":30957}},{"type":"Feature","id":30962,"geometry":{"type":"Point","coordinates":[23.7614494,37.9761521]},"properties":{"FID":30962}},{"type":"Feature","id":30966,"geometry":{"type":"Point","coordinates":[23.755026999999998,37.972188000000003]},"properties":{"FID":30966}},{"type":"Feature","id":30967,"geometry":{"type":"Point","coordinates":[23.754515399999999,37.969836800000003]},"properties":{"FID":30967}},{"type":"Feature","id":30970,"geometry":{"type":"Point","coordinates":[23.754325399999999,37.969870299999997]},"properties":{"FID":30970}},{"type":"Feature","id":30973,"geometry":{"type":"Point","coordinates":[23.7548417,37.969058699999998]},"properties":{"FID":30973}},{"type":"Feature","id":30975,"geometry":{"type":"Point","coordinates":[23.7549572,37.968984499999998]},"properties":{"FID":30975}},{"type":"Feature","id":30980,"geometry":{"type":"Point","coordinates":[23.755134699999999,37.969060300000002]},"properties":{"FID":30980}},{"type":"Feature","id":30987,"geometry":{"type":"Point","coordinates":[23.7573519,37.9717409]},"properties":{"FID":30987}},{"type":"Feature","id":30988,"geometry":{"type":"Point","coordinates":[23.757414900000001,37.971837399999998]},"properties":{"FID":30988}},{"type":"Feature","id":30989,"geometry":{"type":"Point","coordinates":[23.7579368,37.971927700000002]},"properties":{"FID":30989}},{"type":"Feature","id":30996,"geometry":{"type":"Point","coordinates":[23.753026299999998,37.982692999999998]},"properties":{"FID":30996}},{"type":"Feature","id":31003,"geometry":{"type":"Point","coordinates":[23.796685799999999,37.834532799999998]},"properties":{"FID":31003}},{"type":"Feature","id":31009,"geometry":{"type":"Point","coordinates":[23.794839,37.834845700000002]},"properties":{"FID":31009}},{"type":"Feature","id":31010,"geometry":{"type":"Point","coordinates":[23.794616600000001,37.834668100000002]},"properties":{"FID":31010}},{"type":"Feature","id":31011,"geometry":{"type":"Point","coordinates":[23.791102899999998,37.835002199999998]},"properties":{"FID":31011}},{"type":"Feature","id":31015,"geometry":{"type":"Point","coordinates":[23.785701899999999,37.833476699999999]},"properties":{"FID":31015}},{"type":"Feature","id":31017,"geometry":{"type":"Point","coordinates":[23.786043299999999,37.8336355]},"properties":{"FID":31017}},{"type":"Feature","id":31021,"geometry":{"type":"Point","coordinates":[23.785688799999999,37.833747799999998]},"properties":{"FID":31021}},{"type":"Feature","id":31022,"geometry":{"type":"Point","coordinates":[23.796927499999999,37.834517200000001]},"properties":{"FID":31022}},{"type":"Feature","id":31024,"geometry":{"type":"Point","coordinates":[23.796981800000001,37.8346856]},"properties":{"FID":31024}},{"type":"Feature","id":31027,"geometry":{"type":"Point","coordinates":[23.804387299999998,37.8342326]},"properties":{"FID":31027}},{"type":"Feature","id":31030,"geometry":{"type":"Point","coordinates":[23.804531300000001,37.834433099999998]},"properties":{"FID":31030}},{"type":"Feature","id":31032,"geometry":{"type":"Point","coordinates":[23.802925800000001,37.833337200000003]},"properties":{"FID":31032}},{"type":"Feature","id":31034,"geometry":{"type":"Point","coordinates":[23.802208199999999,37.833459499999996]},"properties":{"FID":31034}},{"type":"Feature","id":31052,"geometry":{"type":"Point","coordinates":[23.803301699999999,37.828903799999999]},"properties":{"FID":31052}},{"type":"Feature","id":31076,"geometry":{"type":"Point","coordinates":[23.800698700000002,37.812715500000003]},"properties":{"FID":31076}},{"type":"Feature","id":31077,"geometry":{"type":"Point","coordinates":[23.800662500000001,37.812655599999999]},"properties":{"FID":31077}},{"type":"Feature","id":31082,"geometry":{"type":"Point","coordinates":[23.803886599999998,37.821250499999998]},"properties":{"FID":31082}},{"type":"Feature","id":31083,"geometry":{"type":"Point","coordinates":[23.8039475,37.820988100000001]},"properties":{"FID":31083}},{"type":"Feature","id":31085,"geometry":{"type":"Point","coordinates":[23.804148000000001,37.821254600000003]},"properties":{"FID":31085}},{"type":"Feature","id":31088,"geometry":{"type":"Point","coordinates":[23.804205,37.821025499999998]},"properties":{"FID":31088}},{"type":"Feature","id":31089,"geometry":{"type":"Point","coordinates":[23.804313700000002,37.821088099999997]},"properties":{"FID":31089}},{"type":"Feature","id":31099,"geometry":{"type":"Point","coordinates":[23.7820824,37.812760599999997]},"properties":{"FID":31099}},{"type":"Feature","id":31106,"geometry":{"type":"Point","coordinates":[23.917324399999998,37.914931299999999]},"properties":{"FID":31106}},{"type":"Feature","id":31112,"geometry":{"type":"Point","coordinates":[23.8951107,37.911917000000003]},"properties":{"FID":31112}},{"type":"Feature","id":31122,"geometry":{"type":"Point","coordinates":[23.8832111,37.923671800000001]},"properties":{"FID":31122}},{"type":"Feature","id":31123,"geometry":{"type":"Point","coordinates":[23.883878299999999,37.9241849]},"properties":{"FID":31123}},{"type":"Feature","id":31124,"geometry":{"type":"Point","coordinates":[23.8837823,37.923937299999999]},"properties":{"FID":31124}},{"type":"Feature","id":31125,"geometry":{"type":"Point","coordinates":[23.883594200000001,37.924170599999997]},"properties":{"FID":31125}},{"type":"Feature","id":31130,"geometry":{"type":"Point","coordinates":[23.894917299999999,37.9117313]},"properties":{"FID":31130}},{"type":"Feature","id":31131,"geometry":{"type":"Point","coordinates":[23.895345800000001,37.911795599999998]},"properties":{"FID":31131}},{"type":"Feature","id":31145,"geometry":{"type":"Point","coordinates":[23.8951882,37.9037407]},"properties":{"FID":31145}},{"type":"Feature","id":31149,"geometry":{"type":"Point","coordinates":[23.895146199999999,37.903371800000002]},"properties":{"FID":31149}},{"type":"Feature","id":31199,"geometry":{"type":"Point","coordinates":[23.9249635,37.884848599999998]},"properties":{"FID":31199}},{"type":"Feature","id":31200,"geometry":{"type":"Point","coordinates":[23.924565300000001,37.884868099999998]},"properties":{"FID":31200}},{"type":"Feature","id":31201,"geometry":{"type":"Point","coordinates":[23.924610900000001,37.885010000000001]},"properties":{"FID":31201}},{"type":"Feature","id":31203,"geometry":{"type":"Point","coordinates":[23.9240973,37.886456099999997]},"properties":{"FID":31203}},{"type":"Feature","id":31204,"geometry":{"type":"Point","coordinates":[23.924131899999999,37.886617700000002]},"properties":{"FID":31204}},{"type":"Feature","id":31205,"geometry":{"type":"Point","coordinates":[23.9207942,37.889741800000003]},"properties":{"FID":31205}},{"type":"Feature","id":31208,"geometry":{"type":"Point","coordinates":[23.912921300000001,37.895152699999997]},"properties":{"FID":31208}},{"type":"Feature","id":31209,"geometry":{"type":"Point","coordinates":[23.912677299999999,37.895178000000001]},"properties":{"FID":31209}},{"type":"Feature","id":31217,"geometry":{"type":"Point","coordinates":[23.912707900000001,37.895083999999997]},"properties":{"FID":31217}},{"type":"Feature","id":31218,"geometry":{"type":"Point","coordinates":[23.924916799999998,37.884703600000002]},"properties":{"FID":31218}},{"type":"Feature","id":31258,"geometry":{"type":"Point","coordinates":[23.921105099999998,37.889560799999998]},"properties":{"FID":31258}},{"type":"Feature","id":31379,"geometry":{"type":"Point","coordinates":[23.747717000000002,37.972436399999999]},"properties":{"FID":31379}},{"type":"Feature","id":31380,"geometry":{"type":"Point","coordinates":[23.747152400000001,37.972307800000003]},"properties":{"FID":31380}},{"type":"Feature","id":31381,"geometry":{"type":"Point","coordinates":[23.746864299999999,37.972525599999997]},"properties":{"FID":31381}},{"type":"Feature","id":31382,"geometry":{"type":"Point","coordinates":[23.746809899999999,37.973189300000001]},"properties":{"FID":31382}},{"type":"Feature","id":31383,"geometry":{"type":"Point","coordinates":[23.746890799999999,37.973005000000001]},"properties":{"FID":31383}},{"type":"Feature","id":31384,"geometry":{"type":"Point","coordinates":[23.747011199999999,37.973047999999999]},"properties":{"FID":31384}},{"type":"Feature","id":31385,"geometry":{"type":"Point","coordinates":[23.747018099999998,37.972677300000001]},"properties":{"FID":31385}},{"type":"Feature","id":31386,"geometry":{"type":"Point","coordinates":[23.747800699999999,37.972965899999998]},"properties":{"FID":31386}},{"type":"Feature","id":31394,"geometry":{"type":"Point","coordinates":[23.858419900000001,37.871631200000003]},"properties":{"FID":31394}},{"type":"Feature","id":31395,"geometry":{"type":"Point","coordinates":[23.858498900000001,37.871689199999999]},"properties":{"FID":31395}},{"type":"Feature","id":31396,"geometry":{"type":"Point","coordinates":[23.858583800000002,37.871624699999998]},"properties":{"FID":31396}},{"type":"Feature","id":31398,"geometry":{"type":"Point","coordinates":[23.858395999999999,37.871488499999998]},"properties":{"FID":31398}},{"type":"Feature","id":31402,"geometry":{"type":"Point","coordinates":[23.847617100000001,37.862569100000002]},"properties":{"FID":31402}},{"type":"Feature","id":31405,"geometry":{"type":"Point","coordinates":[23.847488800000001,37.862715299999998]},"properties":{"FID":31405}},{"type":"Feature","id":31408,"geometry":{"type":"Point","coordinates":[23.847982099999999,37.862637100000001]},"properties":{"FID":31408}},{"type":"Feature","id":31409,"geometry":{"type":"Point","coordinates":[23.847848500000001,37.862902599999998]},"properties":{"FID":31409}},{"type":"Feature","id":31416,"geometry":{"type":"Point","coordinates":[23.8306802,37.8535228]},"properties":{"FID":31416}},{"type":"Feature","id":31417,"geometry":{"type":"Point","coordinates":[23.830701000000001,37.853291900000002]},"properties":{"FID":31417}},{"type":"Feature","id":31420,"geometry":{"type":"Point","coordinates":[23.832936,37.856412200000001]},"properties":{"FID":31420}},{"type":"Feature","id":31423,"geometry":{"type":"Point","coordinates":[23.832753400000001,37.856131400000002]},"properties":{"FID":31423}},{"type":"Feature","id":31443,"geometry":{"type":"Point","coordinates":[23.826483499999998,37.847584400000002]},"properties":{"FID":31443}},{"type":"Feature","id":31445,"geometry":{"type":"Point","coordinates":[23.8264596,37.847394399999999]},"properties":{"FID":31445}},{"type":"Feature","id":31446,"geometry":{"type":"Point","coordinates":[23.826180699999998,37.847331199999999]},"properties":{"FID":31446}},{"type":"Feature","id":31449,"geometry":{"type":"Point","coordinates":[23.826184000000001,37.847536499999997]},"properties":{"FID":31449}},{"type":"Feature","id":31470,"geometry":{"type":"Point","coordinates":[23.8417703,37.858652599999999]},"properties":{"FID":31470}},{"type":"Feature","id":31471,"geometry":{"type":"Point","coordinates":[23.8417444,37.858909699999998]},"properties":{"FID":31471}},{"type":"Feature","id":31472,"geometry":{"type":"Point","coordinates":[23.832704799999998,37.856379699999998]},"properties":{"FID":31472}},{"type":"Feature","id":31479,"geometry":{"type":"Point","coordinates":[23.8847354,37.898618200000001]},"properties":{"FID":31479}},{"type":"Feature","id":31482,"geometry":{"type":"Point","coordinates":[23.885152900000001,37.898734900000001]},"properties":{"FID":31482}},{"type":"Feature","id":31488,"geometry":{"type":"Point","coordinates":[23.8829107,37.892694599999999]},"properties":{"FID":31488}},{"type":"Feature","id":31489,"geometry":{"type":"Point","coordinates":[23.883107500000001,37.892879299999997]},"properties":{"FID":31489}},{"type":"Feature","id":31490,"geometry":{"type":"Point","coordinates":[23.883327999999999,37.892618599999999]},"properties":{"FID":31490}},{"type":"Feature","id":31491,"geometry":{"type":"Point","coordinates":[23.883148299999998,37.8924655]},"properties":{"FID":31491}},{"type":"Feature","id":31495,"geometry":{"type":"Point","coordinates":[23.878779699999999,37.885942499999999]},"properties":{"FID":31495}},{"type":"Feature","id":31505,"geometry":{"type":"Point","coordinates":[23.8782706,37.895235999999997]},"properties":{"FID":31505}},{"type":"Feature","id":31510,"geometry":{"type":"Point","coordinates":[23.8804306,37.894019900000004]},"properties":{"FID":31510}},{"type":"Feature","id":31511,"geometry":{"type":"Point","coordinates":[23.8804348,37.893946300000003]},"properties":{"FID":31511}},{"type":"Feature","id":31512,"geometry":{"type":"Point","coordinates":[23.8807823,37.893824500000001]},"properties":{"FID":31512}},{"type":"Feature","id":31513,"geometry":{"type":"Point","coordinates":[23.8806674,37.893961099999999]},"properties":{"FID":31513}},{"type":"Feature","id":31514,"geometry":{"type":"Point","coordinates":[23.881671999999998,37.891355699999998]},"properties":{"FID":31514}},{"type":"Feature","id":31515,"geometry":{"type":"Point","coordinates":[23.881773200000001,37.891093300000001]},"properties":{"FID":31515}},{"type":"Feature","id":31516,"geometry":{"type":"Point","coordinates":[23.8818679,37.891289399999998]},"properties":{"FID":31516}},{"type":"Feature","id":31559,"geometry":{"type":"Point","coordinates":[23.8849366,37.898786399999999]},"properties":{"FID":31559}},{"type":"Feature","id":31567,"geometry":{"type":"Point","coordinates":[23.923818900000001,37.997693900000002]},"properties":{"FID":31567}},{"type":"Feature","id":31568,"geometry":{"type":"Point","coordinates":[23.923550500000001,37.997823400000001]},"properties":{"FID":31568}},{"type":"Feature","id":31572,"geometry":{"type":"Point","coordinates":[23.923314999999999,37.997590799999998]},"properties":{"FID":31572}},{"type":"Feature","id":31573,"geometry":{"type":"Point","coordinates":[23.923303799999999,37.997537899999998]},"properties":{"FID":31573}},{"type":"Feature","id":31577,"geometry":{"type":"Point","coordinates":[23.918431000000002,37.989745399999997]},"properties":{"FID":31577}},{"type":"Feature","id":31578,"geometry":{"type":"Point","coordinates":[23.918246,37.989623399999999]},"properties":{"FID":31578}},{"type":"Feature","id":31579,"geometry":{"type":"Point","coordinates":[23.9187701,37.990517599999997]},"properties":{"FID":31579}},{"type":"Feature","id":31585,"geometry":{"type":"Point","coordinates":[23.913667400000001,37.999761399999997]},"properties":{"FID":31585}},{"type":"Feature","id":31604,"geometry":{"type":"Point","coordinates":[23.916781,37.984351699999998]},"properties":{"FID":31604}},{"type":"Feature","id":31613,"geometry":{"type":"Point","coordinates":[23.918063700000001,37.989731499999998]},"properties":{"FID":31613}},{"type":"Feature","id":31617,"geometry":{"type":"Point","coordinates":[23.760472499999999,37.9748211]},"properties":{"FID":31617}},{"type":"Feature","id":31618,"geometry":{"type":"Point","coordinates":[23.760572499999999,37.974872599999998]},"properties":{"FID":31618}},{"type":"Feature","id":31629,"geometry":{"type":"Point","coordinates":[23.7045782,37.925846399999998]},"properties":{"FID":31629}},{"type":"Feature","id":31632,"geometry":{"type":"Point","coordinates":[23.7045548,37.925655599999999]},"properties":{"FID":31632}},{"type":"Feature","id":31641,"geometry":{"type":"Point","coordinates":[23.705859799999999,37.922068199999998]},"properties":{"FID":31641}},{"type":"Feature","id":31642,"geometry":{"type":"Point","coordinates":[23.705912000000001,37.922252899999997]},"properties":{"FID":31642}},{"type":"Feature","id":31649,"geometry":{"type":"Point","coordinates":[23.705318800000001,37.923571000000003]},"properties":{"FID":31649}},{"type":"Feature","id":31651,"geometry":{"type":"Point","coordinates":[23.706116900000001,37.922244599999999]},"properties":{"FID":31651}},{"type":"Feature","id":31652,"geometry":{"type":"Point","coordinates":[23.706107100000001,37.922082099999997]},"properties":{"FID":31652}},{"type":"Feature","id":31661,"geometry":{"type":"Point","coordinates":[23.710527299999999,37.922199800000001]},"properties":{"FID":31661}},{"type":"Feature","id":31672,"geometry":{"type":"Point","coordinates":[23.708420199999999,37.914183999999999]},"properties":{"FID":31672}},{"type":"Feature","id":31673,"geometry":{"type":"Point","coordinates":[23.7083111,37.914264500000002]},"properties":{"FID":31673}},{"type":"Feature","id":31674,"geometry":{"type":"Point","coordinates":[23.708085199999999,37.914073299999998]},"properties":{"FID":31674}},{"type":"Feature","id":31677,"geometry":{"type":"Point","coordinates":[23.707425300000001,37.918100600000002]},"properties":{"FID":31677}},{"type":"Feature","id":31678,"geometry":{"type":"Point","coordinates":[23.707495699999999,37.918234499999997]},"properties":{"FID":31678}},{"type":"Feature","id":31682,"geometry":{"type":"Point","coordinates":[23.707743300000001,37.918103100000003]},"properties":{"FID":31682}},{"type":"Feature","id":31683,"geometry":{"type":"Point","coordinates":[23.7077095,37.917988999999999]},"properties":{"FID":31683}},{"type":"Feature","id":31696,"geometry":{"type":"Point","coordinates":[23.744542500000001,37.865001399999997]},"properties":{"FID":31696}},{"type":"Feature","id":31698,"geometry":{"type":"Point","coordinates":[23.7449057,37.8649944]},"properties":{"FID":31698}},{"type":"Feature","id":31706,"geometry":{"type":"Point","coordinates":[23.746950699999999,37.867305799999997]},"properties":{"FID":31706}},{"type":"Feature","id":31708,"geometry":{"type":"Point","coordinates":[23.746975200000001,37.867202900000002]},"properties":{"FID":31708}},{"type":"Feature","id":31729,"geometry":{"type":"Point","coordinates":[23.746493000000001,37.863397200000001]},"properties":{"FID":31729}},{"type":"Feature","id":31730,"geometry":{"type":"Point","coordinates":[23.746806400000001,37.863514100000003]},"properties":{"FID":31730}},{"type":"Feature","id":31738,"geometry":{"type":"Point","coordinates":[23.7469316,37.863211100000001]},"properties":{"FID":31738}},{"type":"Feature","id":31741,"geometry":{"type":"Point","coordinates":[23.7464859,37.8630779]},"properties":{"FID":31741}},{"type":"Feature","id":31749,"geometry":{"type":"Point","coordinates":[23.748005800000001,37.863603400000002]},"properties":{"FID":31749}},{"type":"Feature","id":31767,"geometry":{"type":"Point","coordinates":[23.910092899999999,37.968157900000001]},"properties":{"FID":31767}},{"type":"Feature","id":31773,"geometry":{"type":"Point","coordinates":[23.909900700000001,37.968274800000003]},"properties":{"FID":31773}},{"type":"Feature","id":31792,"geometry":{"type":"Point","coordinates":[23.922082199999998,37.965702]},"properties":{"FID":31792}},{"type":"Feature","id":31795,"geometry":{"type":"Point","coordinates":[23.9224633,37.965805899999999]},"properties":{"FID":31795}},{"type":"Feature","id":31798,"geometry":{"type":"Point","coordinates":[23.922392200000001,37.965961999999998]},"properties":{"FID":31798}},{"type":"Feature","id":31800,"geometry":{"type":"Point","coordinates":[23.921997399999999,37.965847599999996]},"properties":{"FID":31800}},{"type":"Feature","id":31802,"geometry":{"type":"Point","coordinates":[23.926781399999999,37.959758299999997]},"properties":{"FID":31802}},{"type":"Feature","id":31803,"geometry":{"type":"Point","coordinates":[23.926828799999999,37.960015900000002]},"properties":{"FID":31803}},{"type":"Feature","id":31867,"geometry":{"type":"Point","coordinates":[23.933269800000001,37.877940000000002]},"properties":{"FID":31867}},{"type":"Feature","id":31868,"geometry":{"type":"Point","coordinates":[23.933209699999999,37.877802299999999]},"properties":{"FID":31868}},{"type":"Feature","id":31869,"geometry":{"type":"Point","coordinates":[23.928031000000001,37.885314000000001]},"properties":{"FID":31869}},{"type":"Feature","id":31870,"geometry":{"type":"Point","coordinates":[23.928045699999998,37.885491199999997]},"properties":{"FID":31870}},{"type":"Feature","id":31871,"geometry":{"type":"Point","coordinates":[23.928193499999999,37.885358199999999]},"properties":{"FID":31871}},{"type":"Feature","id":31872,"geometry":{"type":"Point","coordinates":[23.927923,37.885439099999999]},"properties":{"FID":31872}},{"type":"Feature","id":31884,"geometry":{"type":"Point","coordinates":[23.736663199999999,37.871794000000001]},"properties":{"FID":31884}},{"type":"Feature","id":31885,"geometry":{"type":"Point","coordinates":[23.7366186,37.871969100000001]},"properties":{"FID":31885}},{"type":"Feature","id":31886,"geometry":{"type":"Point","coordinates":[23.737094899999999,37.8718498]},"properties":{"FID":31886}},{"type":"Feature","id":31892,"geometry":{"type":"Point","coordinates":[23.738134599999999,37.870945499999998]},"properties":{"FID":31892}},{"type":"Feature","id":31894,"geometry":{"type":"Point","coordinates":[23.737872500000002,37.8708545]},"properties":{"FID":31894}},{"type":"Feature","id":31902,"geometry":{"type":"Point","coordinates":[23.740070800000002,37.868926100000003]},"properties":{"FID":31902}},{"type":"Feature","id":31904,"geometry":{"type":"Point","coordinates":[23.7403473,37.869000800000002]},"properties":{"FID":31904}},{"type":"Feature","id":31921,"geometry":{"type":"Point","coordinates":[23.746199799999999,37.862638400000002]},"properties":{"FID":31921}},{"type":"Feature","id":31940,"geometry":{"type":"Point","coordinates":[23.982780900000002,37.963073999999999]},"properties":{"FID":31940}},{"type":"Feature","id":31942,"geometry":{"type":"Point","coordinates":[23.9827923,37.962736800000002]},"properties":{"FID":31942}},{"type":"Feature","id":31943,"geometry":{"type":"Point","coordinates":[23.982621099999999,37.962756800000001]},"properties":{"FID":31943}},{"type":"Feature","id":32049,"geometry":{"type":"Point","coordinates":[23.941944299999999,37.840816099999998]},"properties":{"FID":32049}},{"type":"Feature","id":32050,"geometry":{"type":"Point","coordinates":[23.941458000000001,37.840868999999998]},"properties":{"FID":32050}},{"type":"Feature","id":32051,"geometry":{"type":"Point","coordinates":[23.941852600000001,37.8409136]},"properties":{"FID":32051}},{"type":"Feature","id":32079,"geometry":{"type":"Point","coordinates":[23.953008700000002,37.830647900000002]},"properties":{"FID":32079}},{"type":"Feature","id":32080,"geometry":{"type":"Point","coordinates":[23.953219300000001,37.830667800000001]},"properties":{"FID":32080}},{"type":"Feature","id":32104,"geometry":{"type":"Point","coordinates":[23.995266099999998,37.801650600000002]},"properties":{"FID":32104}},{"type":"Feature","id":32105,"geometry":{"type":"Point","coordinates":[23.9838852,37.811546300000003]},"properties":{"FID":32105}},{"type":"Feature","id":32106,"geometry":{"type":"Point","coordinates":[23.984227099999998,37.8116281]},"properties":{"FID":32106}},{"type":"Feature","id":32107,"geometry":{"type":"Point","coordinates":[23.984174400000001,37.811756699999997]},"properties":{"FID":32107}},{"type":"Feature","id":32109,"geometry":{"type":"Point","coordinates":[23.9837004,37.811747799999999]},"properties":{"FID":32109}},{"type":"Feature","id":32112,"geometry":{"type":"Point","coordinates":[23.995693899999999,37.801546299999998]},"properties":{"FID":32112}},{"type":"Feature","id":32127,"geometry":{"type":"Point","coordinates":[23.885389100000001,37.787437500000003]},"properties":{"FID":32127}},{"type":"Feature","id":32128,"geometry":{"type":"Point","coordinates":[23.8856398,37.787452000000002]},"properties":{"FID":32128}},{"type":"Feature","id":32129,"geometry":{"type":"Point","coordinates":[23.885680900000001,37.787285099999998]},"properties":{"FID":32129}},{"type":"Feature","id":32130,"geometry":{"type":"Point","coordinates":[23.905722099999998,37.828818800000001]},"properties":{"FID":32130}},{"type":"Feature","id":32131,"geometry":{"type":"Point","coordinates":[23.9056715,37.828565500000003]},"properties":{"FID":32131}},{"type":"Feature","id":32132,"geometry":{"type":"Point","coordinates":[23.913914699999999,37.849550800000003]},"properties":{"FID":32132}},{"type":"Feature","id":32133,"geometry":{"type":"Point","coordinates":[23.913617899999998,37.849509300000001]},"properties":{"FID":32133}},{"type":"Feature","id":32134,"geometry":{"type":"Point","coordinates":[23.913563100000001,37.8496515]},"properties":{"FID":32134}},{"type":"Feature","id":32135,"geometry":{"type":"Point","coordinates":[23.924306000000001,37.844372]},"properties":{"FID":32135}},{"type":"Feature","id":32136,"geometry":{"type":"Point","coordinates":[23.928981100000001,37.867730399999999]},"properties":{"FID":32136}},{"type":"Feature","id":32137,"geometry":{"type":"Point","coordinates":[23.929041399999999,37.8679372]},"properties":{"FID":32137}},{"type":"Feature","id":32139,"geometry":{"type":"Point","coordinates":[23.929251600000001,37.867685999999999]},"properties":{"FID":32139}},{"type":"Feature","id":32140,"geometry":{"type":"Point","coordinates":[23.929349500000001,37.8678794]},"properties":{"FID":32140}},{"type":"Feature","id":32143,"geometry":{"type":"Point","coordinates":[23.9314845,37.8608756]},"properties":{"FID":32143}},{"type":"Feature","id":32144,"geometry":{"type":"Point","coordinates":[23.931073099999999,37.8739317]},"properties":{"FID":32144}},{"type":"Feature","id":32145,"geometry":{"type":"Point","coordinates":[23.931339399999999,37.873861499999997]},"properties":{"FID":32145}},{"type":"Feature","id":32146,"geometry":{"type":"Point","coordinates":[23.9312939,37.873667099999999]},"properties":{"FID":32146}},{"type":"Feature","id":32154,"geometry":{"type":"Point","coordinates":[23.9240508,37.843316299999998]},"properties":{"FID":32154}},{"type":"Feature","id":32162,"geometry":{"type":"Point","coordinates":[23.922816699999998,37.838107999999998]},"properties":{"FID":32162}},{"type":"Feature","id":32177,"geometry":{"type":"Point","coordinates":[23.7052573,37.916293899999999]},"properties":{"FID":32177}},{"type":"Feature","id":32178,"geometry":{"type":"Point","coordinates":[23.705507699999998,37.916292300000002]},"properties":{"FID":32178}},{"type":"Feature","id":32182,"geometry":{"type":"Point","coordinates":[23.706365000000002,37.915403499999996]},"properties":{"FID":32182}},{"type":"Feature","id":32198,"geometry":{"type":"Point","coordinates":[23.701803699999999,37.917665]},"properties":{"FID":32198}},{"type":"Feature","id":32202,"geometry":{"type":"Point","coordinates":[23.701493500000002,37.917539300000001]},"properties":{"FID":32202}},{"type":"Feature","id":32205,"geometry":{"type":"Point","coordinates":[23.701477799999999,37.917777700000002]},"properties":{"FID":32205}},{"type":"Feature","id":32206,"geometry":{"type":"Point","coordinates":[23.701203400000001,37.918410600000001]},"properties":{"FID":32206}},{"type":"Feature","id":32211,"geometry":{"type":"Point","coordinates":[23.701006799999998,37.918462900000002]},"properties":{"FID":32211}},{"type":"Feature","id":32217,"geometry":{"type":"Point","coordinates":[23.7085528,37.9139129]},"properties":{"FID":32217}},{"type":"Feature","id":32218,"geometry":{"type":"Point","coordinates":[23.708651400000001,37.913915199999998]},"properties":{"FID":32218}},{"type":"Feature","id":32223,"geometry":{"type":"Point","coordinates":[23.709926599999999,37.911807500000002]},"properties":{"FID":32223}},{"type":"Feature","id":32229,"geometry":{"type":"Point","coordinates":[23.709272299999999,37.912508699999997]},"properties":{"FID":32229}},{"type":"Feature","id":32233,"geometry":{"type":"Point","coordinates":[23.709682600000001,37.9122658]},"properties":{"FID":32233}},{"type":"Feature","id":32236,"geometry":{"type":"Point","coordinates":[23.710146399999999,37.911848300000003]},"properties":{"FID":32236}},{"type":"Feature","id":32239,"geometry":{"type":"Point","coordinates":[23.712956599999998,37.912176700000003]},"properties":{"FID":32239}},{"type":"Feature","id":32240,"geometry":{"type":"Point","coordinates":[23.715762000000002,37.914368099999997]},"properties":{"FID":32240}},{"type":"Feature","id":32249,"geometry":{"type":"Point","coordinates":[23.715902700000001,37.9143756]},"properties":{"FID":32249}},{"type":"Feature","id":32450,"geometry":{"type":"Point","coordinates":[23.948810300000002,37.959371900000001]},"properties":{"FID":32450}},{"type":"Feature","id":32550,"geometry":{"type":"Point","coordinates":[23.752627,37.961748499999999]},"properties":{"FID":32550}},{"type":"Feature","id":32551,"geometry":{"type":"Point","coordinates":[23.752516700000001,37.961770000000001]},"properties":{"FID":32551}},{"type":"Feature","id":32559,"geometry":{"type":"Point","coordinates":[23.7475296,37.963856100000001]},"properties":{"FID":32559}},{"type":"Feature","id":32563,"geometry":{"type":"Point","coordinates":[23.658218999999999,37.963394899999997]},"properties":{"FID":32563}},{"type":"Feature","id":32564,"geometry":{"type":"Point","coordinates":[23.600234100000002,37.962083200000002]},"properties":{"FID":32564}},{"type":"Feature","id":32566,"geometry":{"type":"Point","coordinates":[23.599101300000001,37.962019400000003]},"properties":{"FID":32566}},{"type":"Feature","id":32574,"geometry":{"type":"Point","coordinates":[23.745912700000002,37.962837299999997]},"properties":{"FID":32574}},{"type":"Feature","id":32632,"geometry":{"type":"Point","coordinates":[23.712047599999998,37.936691500000002]},"properties":{"FID":32632}},{"type":"Feature","id":32635,"geometry":{"type":"Point","coordinates":[23.711251799999999,37.934185300000003]},"properties":{"FID":32635}},{"type":"Feature","id":32636,"geometry":{"type":"Point","coordinates":[23.711335399999999,37.934234099999998]},"properties":{"FID":32636}},{"type":"Feature","id":32642,"geometry":{"type":"Point","coordinates":[23.711123400000002,37.934325100000002]},"properties":{"FID":32642}},{"type":"Feature","id":32644,"geometry":{"type":"Point","coordinates":[23.711560500000001,37.936021799999999]},"properties":{"FID":32644}},{"type":"Feature","id":32647,"geometry":{"type":"Point","coordinates":[23.711798000000002,37.9359289]},"properties":{"FID":32647}},{"type":"Feature","id":32648,"geometry":{"type":"Point","coordinates":[23.711663099999999,37.936058099999997]},"properties":{"FID":32648}},{"type":"Feature","id":32649,"geometry":{"type":"Point","coordinates":[23.711873300000001,37.936725899999999]},"properties":{"FID":32649}},{"type":"Feature","id":32653,"geometry":{"type":"Point","coordinates":[23.710794700000001,37.9327392]},"properties":{"FID":32653}},{"type":"Feature","id":32656,"geometry":{"type":"Point","coordinates":[23.710660300000001,37.9328419]},"properties":{"FID":32656}},{"type":"Feature","id":32667,"geometry":{"type":"Point","coordinates":[23.7313151,37.933627100000002]},"properties":{"FID":32667}},{"type":"Feature","id":32668,"geometry":{"type":"Point","coordinates":[23.7312084,37.933667300000003]},"properties":{"FID":32668}},{"type":"Feature","id":32669,"geometry":{"type":"Point","coordinates":[23.730747300000001,37.933840500000002]},"properties":{"FID":32669}},{"type":"Feature","id":32671,"geometry":{"type":"Point","coordinates":[23.729524699999999,37.935732999999999]},"properties":{"FID":32671}},{"type":"Feature","id":32672,"geometry":{"type":"Point","coordinates":[23.729462999999999,37.935609200000002]},"properties":{"FID":32672}},{"type":"Feature","id":32713,"geometry":{"type":"Point","coordinates":[23.7620416,37.967752500000003]},"properties":{"FID":32713}},{"type":"Feature","id":32718,"geometry":{"type":"Point","coordinates":[23.761717600000001,37.967753100000003]},"properties":{"FID":32718}},{"type":"Feature","id":32729,"geometry":{"type":"Point","coordinates":[23.7641338,37.967355400000002]},"properties":{"FID":32729}},{"type":"Feature","id":32730,"geometry":{"type":"Point","coordinates":[23.761840299999999,37.967635799999996]},"properties":{"FID":32730}},{"type":"Feature","id":32736,"geometry":{"type":"Point","coordinates":[23.861921800000001,37.951636100000002]},"properties":{"FID":32736}},{"type":"Feature","id":32737,"geometry":{"type":"Point","coordinates":[23.861653,37.951659599999999]},"properties":{"FID":32737}},{"type":"Feature","id":32739,"geometry":{"type":"Point","coordinates":[23.861757600000001,37.9517259]},"properties":{"FID":32739}},{"type":"Feature","id":32747,"geometry":{"type":"Point","coordinates":[23.85342,37.966474099999999]},"properties":{"FID":32747}},{"type":"Feature","id":32772,"geometry":{"type":"Point","coordinates":[23.856675599999999,37.958929500000004]},"properties":{"FID":32772}},{"type":"Feature","id":32773,"geometry":{"type":"Point","coordinates":[23.856818000000001,37.958962300000003]},"properties":{"FID":32773}},{"type":"Feature","id":32774,"geometry":{"type":"Point","coordinates":[23.861871399999998,37.951563100000001]},"properties":{"FID":32774}},{"type":"Feature","id":32780,"geometry":{"type":"Point","coordinates":[23.7446789,37.911405600000002]},"properties":{"FID":32780}},{"type":"Feature","id":32782,"geometry":{"type":"Point","coordinates":[23.745030100000001,37.911769800000002]},"properties":{"FID":32782}},{"type":"Feature","id":32783,"geometry":{"type":"Point","coordinates":[23.744947400000001,37.9114717]},"properties":{"FID":32783}},{"type":"Feature","id":32790,"geometry":{"type":"Point","coordinates":[23.7495403,37.911980999999997]},"properties":{"FID":32790}},{"type":"Feature","id":32791,"geometry":{"type":"Point","coordinates":[23.749523499999999,37.911594299999997]},"properties":{"FID":32791}},{"type":"Feature","id":32792,"geometry":{"type":"Point","coordinates":[23.7493883,37.911868400000003]},"properties":{"FID":32792}},{"type":"Feature","id":32793,"geometry":{"type":"Point","coordinates":[23.749493000000001,37.912007199999998]},"properties":{"FID":32793}},{"type":"Feature","id":32797,"geometry":{"type":"Point","coordinates":[23.746654599999999,37.909884499999997]},"properties":{"FID":32797}},{"type":"Feature","id":32805,"geometry":{"type":"Point","coordinates":[23.744555800000001,37.911550099999999]},"properties":{"FID":32805}},{"type":"Feature","id":32828,"geometry":{"type":"Point","coordinates":[23.839713799999998,38.049503899999998]},"properties":{"FID":32828}},{"type":"Feature","id":32829,"geometry":{"type":"Point","coordinates":[23.839604999999999,38.049161400000003]},"properties":{"FID":32829}},{"type":"Feature","id":32832,"geometry":{"type":"Point","coordinates":[23.839840599999999,38.049005000000001]},"properties":{"FID":32832}},{"type":"Feature","id":32837,"geometry":{"type":"Point","coordinates":[23.839969499999999,38.049395099999998]},"properties":{"FID":32837}},{"type":"Feature","id":32852,"geometry":{"type":"Point","coordinates":[23.839354700000001,38.046506999999998]},"properties":{"FID":32852}},{"type":"Feature","id":32876,"geometry":{"type":"Point","coordinates":[23.871960600000001,38.119140600000001]},"properties":{"FID":32876}},{"type":"Feature","id":32895,"geometry":{"type":"Point","coordinates":[23.858408499999999,38.1207116]},"properties":{"FID":32895}},{"type":"Feature","id":32898,"geometry":{"type":"Point","coordinates":[23.857879199999999,38.119896300000001]},"properties":{"FID":32898}},{"type":"Feature","id":32903,"geometry":{"type":"Point","coordinates":[23.857778400000001,38.122442300000003]},"properties":{"FID":32903}},{"type":"Feature","id":32904,"geometry":{"type":"Point","coordinates":[23.857933200000002,38.122546700000001]},"properties":{"FID":32904}},{"type":"Feature","id":32907,"geometry":{"type":"Point","coordinates":[23.850436599999998,38.114498400000002]},"properties":{"FID":32907}},{"type":"Feature","id":32914,"geometry":{"type":"Point","coordinates":[23.859759,38.132742100000002]},"properties":{"FID":32914}},{"type":"Feature","id":32930,"geometry":{"type":"Point","coordinates":[23.814545899999999,38.053176999999998]},"properties":{"FID":32930}},{"type":"Feature","id":32934,"geometry":{"type":"Point","coordinates":[23.814332100000001,38.053173999999999]},"properties":{"FID":32934}},{"type":"Feature","id":32935,"geometry":{"type":"Point","coordinates":[23.8132287,38.053519899999998]},"properties":{"FID":32935}},{"type":"Feature","id":32937,"geometry":{"type":"Point","coordinates":[23.813466999999999,38.053535199999999]},"properties":{"FID":32937}},{"type":"Feature","id":32946,"geometry":{"type":"Point","coordinates":[23.8167726,38.052652700000003]},"properties":{"FID":32946}},{"type":"Feature","id":32948,"geometry":{"type":"Point","coordinates":[23.816447199999999,38.052601500000002]},"properties":{"FID":32948}},{"type":"Feature","id":32949,"geometry":{"type":"Point","coordinates":[23.816580699999999,38.052744099999998]},"properties":{"FID":32949}},{"type":"Feature","id":32966,"geometry":{"type":"Point","coordinates":[23.828167799999999,38.038333600000001]},"properties":{"FID":32966}},{"type":"Feature","id":32967,"geometry":{"type":"Point","coordinates":[23.828238200000001,38.038124099999997]},"properties":{"FID":32967}},{"type":"Feature","id":32968,"geometry":{"type":"Point","coordinates":[23.832623399999999,38.041415100000002]},"properties":{"FID":32968}},{"type":"Feature","id":32986,"geometry":{"type":"Point","coordinates":[23.821440299999999,38.0522907]},"properties":{"FID":32986}},{"type":"Feature","id":33013,"geometry":{"type":"Point","coordinates":[23.8211166,38.074163599999999]},"properties":{"FID":33013}},{"type":"Feature","id":33016,"geometry":{"type":"Point","coordinates":[23.8208959,38.074294899999998]},"properties":{"FID":33016}},{"type":"Feature","id":33019,"geometry":{"type":"Point","coordinates":[23.821224999999998,38.075170499999999]},"properties":{"FID":33019}},{"type":"Feature","id":33021,"geometry":{"type":"Point","coordinates":[23.821125200000001,38.0753755]},"properties":{"FID":33021}},{"type":"Feature","id":33028,"geometry":{"type":"Point","coordinates":[23.820376799999998,38.077982900000002]},"properties":{"FID":33028}},{"type":"Feature","id":33033,"geometry":{"type":"Point","coordinates":[23.8206229,38.077890500000002]},"properties":{"FID":33033}},{"type":"Feature","id":33035,"geometry":{"type":"Point","coordinates":[23.820929599999999,38.076203599999999]},"properties":{"FID":33035}},{"type":"Feature","id":33077,"geometry":{"type":"Point","coordinates":[23.821079300000001,38.076341900000003]},"properties":{"FID":33077}},{"type":"Feature","id":33085,"geometry":{"type":"Point","coordinates":[23.7983473,38.0465637]},"properties":{"FID":33085}},{"type":"Feature","id":33092,"geometry":{"type":"Point","coordinates":[23.807419700000001,38.046560599999999]},"properties":{"FID":33092}},{"type":"Feature","id":33095,"geometry":{"type":"Point","coordinates":[23.807179399999999,38.046465699999999]},"properties":{"FID":33095}},{"type":"Feature","id":33097,"geometry":{"type":"Point","coordinates":[23.807026400000002,38.045886199999998]},"properties":{"FID":33097}},{"type":"Feature","id":33098,"geometry":{"type":"Point","coordinates":[23.806935899999999,38.045576799999999]},"properties":{"FID":33098}},{"type":"Feature","id":33099,"geometry":{"type":"Point","coordinates":[23.807214200000001,38.045601300000001]},"properties":{"FID":33099}},{"type":"Feature","id":33109,"geometry":{"type":"Point","coordinates":[23.808667199999999,38.049680000000002]},"properties":{"FID":33109}},{"type":"Feature","id":33112,"geometry":{"type":"Point","coordinates":[23.803407700000001,38.048160000000003]},"properties":{"FID":33112}},{"type":"Feature","id":33114,"geometry":{"type":"Point","coordinates":[23.803242699999998,38.048242999999999]},"properties":{"FID":33114}},{"type":"Feature","id":33118,"geometry":{"type":"Point","coordinates":[23.8010135,38.049059900000003]},"properties":{"FID":33118}},{"type":"Feature","id":33122,"geometry":{"type":"Point","coordinates":[23.791109800000001,38.002288399999998]},"properties":{"FID":33122}},{"type":"Feature","id":33123,"geometry":{"type":"Point","coordinates":[23.7911787,38.002203899999998]},"properties":{"FID":33123}},{"type":"Feature","id":33126,"geometry":{"type":"Point","coordinates":[23.791314400000001,38.002541999999998]},"properties":{"FID":33126}},{"type":"Feature","id":33127,"geometry":{"type":"Point","coordinates":[23.791134,38.002627500000003]},"properties":{"FID":33127}},{"type":"Feature","id":33129,"geometry":{"type":"Point","coordinates":[23.791556199999999,38.0022363]},"properties":{"FID":33129}},{"type":"Feature","id":33130,"geometry":{"type":"Point","coordinates":[23.7923571,38.003235099999998]},"properties":{"FID":33130}},{"type":"Feature","id":33132,"geometry":{"type":"Point","coordinates":[23.792284299999999,38.003002700000003]},"properties":{"FID":33132}},{"type":"Feature","id":33140,"geometry":{"type":"Point","coordinates":[23.793277700000001,38.003570400000001]},"properties":{"FID":33140}},{"type":"Feature","id":33143,"geometry":{"type":"Point","coordinates":[23.793131500000001,38.0038172]},"properties":{"FID":33143}},{"type":"Feature","id":33145,"geometry":{"type":"Point","coordinates":[23.7931028,38.003504499999998]},"properties":{"FID":33145}},{"type":"Feature","id":33146,"geometry":{"type":"Point","coordinates":[23.794800800000001,38.005081799999999]},"properties":{"FID":33146}},{"type":"Feature","id":33150,"geometry":{"type":"Point","coordinates":[23.795426599999999,38.005252200000001]},"properties":{"FID":33150}},{"type":"Feature","id":33152,"geometry":{"type":"Point","coordinates":[23.795227199999999,38.005227599999998]},"properties":{"FID":33152}},{"type":"Feature","id":33176,"geometry":{"type":"Point","coordinates":[23.7101337,38.043178599999997]},"properties":{"FID":33176}},{"type":"Feature","id":33185,"geometry":{"type":"Point","coordinates":[23.726613100000002,38.041926400000001]},"properties":{"FID":33185}},{"type":"Feature","id":33191,"geometry":{"type":"Point","coordinates":[23.5398499,38.043739899999998]},"properties":{"FID":33191}},{"type":"Feature","id":33214,"geometry":{"type":"Point","coordinates":[23.841464500000001,38.110140700000002]},"properties":{"FID":33214}},{"type":"Feature","id":33220,"geometry":{"type":"Point","coordinates":[23.842193900000002,38.110556299999999]},"properties":{"FID":33220}},{"type":"Feature","id":33224,"geometry":{"type":"Point","coordinates":[23.8376339,38.108143400000003]},"properties":{"FID":33224}},{"type":"Feature","id":33235,"geometry":{"type":"Point","coordinates":[23.8148947,38.104404199999998]},"properties":{"FID":33235}},{"type":"Feature","id":33236,"geometry":{"type":"Point","coordinates":[23.8145618,38.105312699999999]},"properties":{"FID":33236}},{"type":"Feature","id":33237,"geometry":{"type":"Point","coordinates":[23.815015599999999,38.1044251]},"properties":{"FID":33237}},{"type":"Feature","id":33238,"geometry":{"type":"Point","coordinates":[23.815009700000001,38.104354700000002]},"properties":{"FID":33238}},{"type":"Feature","id":33241,"geometry":{"type":"Point","coordinates":[23.815986899999999,38.102564100000002]},"properties":{"FID":33241}},{"type":"Feature","id":33242,"geometry":{"type":"Point","coordinates":[23.815792999999999,38.102570200000002]},"properties":{"FID":33242}},{"type":"Feature","id":33243,"geometry":{"type":"Point","coordinates":[23.8157481,38.102421399999997]},"properties":{"FID":33243}},{"type":"Feature","id":33244,"geometry":{"type":"Point","coordinates":[23.815961099999999,38.102414799999998]},"properties":{"FID":33244}},{"type":"Feature","id":33246,"geometry":{"type":"Point","coordinates":[23.819192300000001,38.100712899999998]},"properties":{"FID":33246}},{"type":"Feature","id":33250,"geometry":{"type":"Point","coordinates":[23.824860399999999,38.098877000000002]},"properties":{"FID":33250}},{"type":"Feature","id":33255,"geometry":{"type":"Point","coordinates":[23.824726999999999,38.098567500000001]},"properties":{"FID":33255}},{"type":"Feature","id":33265,"geometry":{"type":"Point","coordinates":[23.647366300000002,37.938808000000002]},"properties":{"FID":33265}},{"type":"Feature","id":33275,"geometry":{"type":"Point","coordinates":[23.711685899999999,37.927493900000002]},"properties":{"FID":33275}},{"type":"Feature","id":33284,"geometry":{"type":"Point","coordinates":[23.712904999999999,37.930166399999997]},"properties":{"FID":33284}},{"type":"Feature","id":33285,"geometry":{"type":"Point","coordinates":[23.712949600000002,37.930113599999999]},"properties":{"FID":33285}},{"type":"Feature","id":33291,"geometry":{"type":"Point","coordinates":[23.710348499999998,37.931237799999998]},"properties":{"FID":33291}},{"type":"Feature","id":33292,"geometry":{"type":"Point","coordinates":[23.710237800000002,37.931490099999998]},"properties":{"FID":33292}},{"type":"Feature","id":33303,"geometry":{"type":"Point","coordinates":[23.7055021,37.928286800000002]},"properties":{"FID":33303}},{"type":"Feature","id":33304,"geometry":{"type":"Point","coordinates":[23.7055322,37.928181299999999]},"properties":{"FID":33304}},{"type":"Feature","id":33307,"geometry":{"type":"Point","coordinates":[23.704849100000001,37.929455400000002]},"properties":{"FID":33307}},{"type":"Feature","id":33311,"geometry":{"type":"Point","coordinates":[23.703523000000001,37.927901599999998]},"properties":{"FID":33311}},{"type":"Feature","id":33313,"geometry":{"type":"Point","coordinates":[23.703735999999999,37.927849999999999]},"properties":{"FID":33313}},{"type":"Feature","id":33316,"geometry":{"type":"Point","coordinates":[23.7035591,37.927641000000001]},"properties":{"FID":33316}},{"type":"Feature","id":33321,"geometry":{"type":"Point","coordinates":[23.707510800000001,37.928617199999998]},"properties":{"FID":33321}},{"type":"Feature","id":33323,"geometry":{"type":"Point","coordinates":[23.707422999999999,37.928651600000002]},"properties":{"FID":33323}},{"type":"Feature","id":33326,"geometry":{"type":"Point","coordinates":[23.709457199999999,37.929157500000002]},"properties":{"FID":33326}},{"type":"Feature","id":33328,"geometry":{"type":"Point","coordinates":[23.709425700000001,37.929085399999998]},"properties":{"FID":33328}},{"type":"Feature","id":33330,"geometry":{"type":"Point","coordinates":[23.7097026,37.929095599999997]},"properties":{"FID":33330}},{"type":"Feature","id":33354,"geometry":{"type":"Point","coordinates":[23.73321,37.932759599999997]},"properties":{"FID":33354}},{"type":"Feature","id":33355,"geometry":{"type":"Point","coordinates":[23.733355199999998,37.932766999999998]},"properties":{"FID":33355}},{"type":"Feature","id":33365,"geometry":{"type":"Point","coordinates":[23.631082800000001,37.934952699999997]},"properties":{"FID":33365}},{"type":"Feature","id":33379,"geometry":{"type":"Point","coordinates":[23.733957100000001,38.002728699999999]},"properties":{"FID":33379}},{"type":"Feature","id":33400,"geometry":{"type":"Point","coordinates":[23.890984499999998,37.994252600000003]},"properties":{"FID":33400}},{"type":"Feature","id":33407,"geometry":{"type":"Point","coordinates":[23.8918359,37.999100800000001]},"properties":{"FID":33407}},{"type":"Feature","id":33409,"geometry":{"type":"Point","coordinates":[23.891855700000001,37.999486400000002]},"properties":{"FID":33409}},{"type":"Feature","id":33410,"geometry":{"type":"Point","coordinates":[23.892027299999999,37.999180000000003]},"properties":{"FID":33410}},{"type":"Feature","id":33418,"geometry":{"type":"Point","coordinates":[23.884505799999999,37.986992999999998]},"properties":{"FID":33418}},{"type":"Feature","id":33420,"geometry":{"type":"Point","coordinates":[23.884422199999999,37.987038900000002]},"properties":{"FID":33420}},{"type":"Feature","id":33422,"geometry":{"type":"Point","coordinates":[23.883007299999999,37.987899400000003]},"properties":{"FID":33422}},{"type":"Feature","id":33425,"geometry":{"type":"Point","coordinates":[23.882815900000001,37.987741399999997]},"properties":{"FID":33425}},{"type":"Feature","id":33426,"geometry":{"type":"Point","coordinates":[23.883176500000001,37.9877465]},"properties":{"FID":33426}},{"type":"Feature","id":33427,"geometry":{"type":"Point","coordinates":[23.883145500000001,37.987662100000001]},"properties":{"FID":33427}},{"type":"Feature","id":33428,"geometry":{"type":"Point","coordinates":[23.890416399999999,37.992177099999999]},"properties":{"FID":33428}},{"type":"Feature","id":33445,"geometry":{"type":"Point","coordinates":[23.875042799999999,37.992266800000003]},"properties":{"FID":33445}},{"type":"Feature","id":33453,"geometry":{"type":"Point","coordinates":[23.874747299999999,37.992213700000001]},"properties":{"FID":33453}},{"type":"Feature","id":33455,"geometry":{"type":"Point","coordinates":[23.874579499999999,37.992491399999999]},"properties":{"FID":33455}},{"type":"Feature","id":33456,"geometry":{"type":"Point","coordinates":[23.874945499999999,37.992572099999997]},"properties":{"FID":33456}},{"type":"Feature","id":33465,"geometry":{"type":"Point","coordinates":[23.870625400000002,37.995898400000002]},"properties":{"FID":33465}},{"type":"Feature","id":33468,"geometry":{"type":"Point","coordinates":[23.870435100000002,37.996026899999997]},"properties":{"FID":33468}},{"type":"Feature","id":33471,"geometry":{"type":"Point","coordinates":[23.8703371,37.995775000000002]},"properties":{"FID":33471}},{"type":"Feature","id":33473,"geometry":{"type":"Point","coordinates":[23.870037700000001,37.995953999999998]},"properties":{"FID":33473}},{"type":"Feature","id":33482,"geometry":{"type":"Point","coordinates":[23.8932447,37.981553300000002]},"properties":{"FID":33482}},{"type":"Feature","id":33511,"geometry":{"type":"Point","coordinates":[23.8509949,37.984143500000002]},"properties":{"FID":33511}},{"type":"Feature","id":33514,"geometry":{"type":"Point","coordinates":[23.8510785,37.984339400000003]},"properties":{"FID":33514}},{"type":"Feature","id":33516,"geometry":{"type":"Point","coordinates":[23.851277400000001,37.984020899999997]},"properties":{"FID":33516}},{"type":"Feature","id":33517,"geometry":{"type":"Point","coordinates":[23.851379300000001,37.984155399999999]},"properties":{"FID":33517}},{"type":"Feature","id":33519,"geometry":{"type":"Point","coordinates":[23.851496099999999,37.9824555]},"properties":{"FID":33519}},{"type":"Feature","id":33527,"geometry":{"type":"Point","coordinates":[23.851572000000001,37.982552300000002]},"properties":{"FID":33527}},{"type":"Feature","id":33536,"geometry":{"type":"Point","coordinates":[23.850598000000002,37.9978093]},"properties":{"FID":33536}},{"type":"Feature","id":33537,"geometry":{"type":"Point","coordinates":[23.850429900000002,37.997685400000002]},"properties":{"FID":33537}},{"type":"Feature","id":33538,"geometry":{"type":"Point","coordinates":[23.8502084,37.997727400000002]},"properties":{"FID":33538}},{"type":"Feature","id":33539,"geometry":{"type":"Point","coordinates":[23.850235999999999,37.997509000000001]},"properties":{"FID":33539}},{"type":"Feature","id":33542,"geometry":{"type":"Point","coordinates":[23.8499084,37.996910399999997]},"properties":{"FID":33542}},{"type":"Feature","id":33544,"geometry":{"type":"Point","coordinates":[23.850019199999998,37.9971478]},"properties":{"FID":33544}},{"type":"Feature","id":33546,"geometry":{"type":"Point","coordinates":[23.8488352,37.992228400000002]},"properties":{"FID":33546}},{"type":"Feature","id":33548,"geometry":{"type":"Point","coordinates":[23.8498716,37.992980000000003]},"properties":{"FID":33548}},{"type":"Feature","id":33552,"geometry":{"type":"Point","coordinates":[23.849826,37.993167399999997]},"properties":{"FID":33552}},{"type":"Feature","id":33554,"geometry":{"type":"Point","coordinates":[23.850179099999998,37.9888774]},"properties":{"FID":33554}},{"type":"Feature","id":33555,"geometry":{"type":"Point","coordinates":[23.850233100000001,37.989053599999998]},"properties":{"FID":33555}},{"type":"Feature","id":33559,"geometry":{"type":"Point","coordinates":[23.850676400000001,37.987283400000003]},"properties":{"FID":33559}},{"type":"Feature","id":33562,"geometry":{"type":"Point","coordinates":[23.850416599999999,37.987404699999999]},"properties":{"FID":33562}},{"type":"Feature","id":33564,"geometry":{"type":"Point","coordinates":[23.8505152,37.987577700000003]},"properties":{"FID":33564}},{"type":"Feature","id":33566,"geometry":{"type":"Point","coordinates":[23.848994099999999,37.992144199999998]},"properties":{"FID":33566}},{"type":"Feature","id":33574,"geometry":{"type":"Point","coordinates":[23.850445499999999,37.988701499999998]},"properties":{"FID":33574}},{"type":"Feature","id":33576,"geometry":{"type":"Point","coordinates":[23.849907699999999,37.996989499999998]},"properties":{"FID":33576}},{"type":"Feature","id":33654,"geometry":{"type":"Point","coordinates":[23.641231300000001,37.9365393]},"properties":{"FID":33654}},{"type":"Feature","id":33655,"geometry":{"type":"Point","coordinates":[23.641470900000002,37.936622399999997]},"properties":{"FID":33655}},{"type":"Feature","id":33661,"geometry":{"type":"Point","coordinates":[23.699212899999999,37.9322759]},"properties":{"FID":33661}},{"type":"Feature","id":33664,"geometry":{"type":"Point","coordinates":[23.6967146,37.932646800000001]},"properties":{"FID":33664}},{"type":"Feature","id":33666,"geometry":{"type":"Point","coordinates":[23.6957065,37.933258299999999]},"properties":{"FID":33666}},{"type":"Feature","id":33668,"geometry":{"type":"Point","coordinates":[23.695463499999999,37.932880900000001]},"properties":{"FID":33668}},{"type":"Feature","id":33669,"geometry":{"type":"Point","coordinates":[23.695348800000001,37.932929199999997]},"properties":{"FID":33669}},{"type":"Feature","id":33670,"geometry":{"type":"Point","coordinates":[23.695310899999999,37.933040900000002]},"properties":{"FID":33670}},{"type":"Feature","id":33671,"geometry":{"type":"Point","coordinates":[23.6953186,37.933067999999999]},"properties":{"FID":33671}},{"type":"Feature","id":33678,"geometry":{"type":"Point","coordinates":[23.694819800000001,37.935193400000003]},"properties":{"FID":33678}},{"type":"Feature","id":33680,"geometry":{"type":"Point","coordinates":[23.6947279,37.935415200000001]},"properties":{"FID":33680}},{"type":"Feature","id":33682,"geometry":{"type":"Point","coordinates":[23.694546200000001,37.935266200000001]},"properties":{"FID":33682}},{"type":"Feature","id":33685,"geometry":{"type":"Point","coordinates":[23.694180800000002,37.933928899999998]},"properties":{"FID":33685}},{"type":"Feature","id":33686,"geometry":{"type":"Point","coordinates":[23.694118400000001,37.934025400000003]},"properties":{"FID":33686}},{"type":"Feature","id":33687,"geometry":{"type":"Point","coordinates":[23.693926699999999,37.933628599999999]},"properties":{"FID":33687}},{"type":"Feature","id":33692,"geometry":{"type":"Point","coordinates":[23.692446,37.933000300000003]},"properties":{"FID":33692}},{"type":"Feature","id":33696,"geometry":{"type":"Point","coordinates":[23.692143000000002,37.933124599999999]},"properties":{"FID":33696}},{"type":"Feature","id":33697,"geometry":{"type":"Point","coordinates":[23.692340900000001,37.9333156]},"properties":{"FID":33697}},{"type":"Feature","id":33701,"geometry":{"type":"Point","coordinates":[23.692083400000001,37.933127499999998]},"properties":{"FID":33701}},{"type":"Feature","id":33705,"geometry":{"type":"Point","coordinates":[23.692082500000001,37.933368000000002]},"properties":{"FID":33705}},{"type":"Feature","id":33706,"geometry":{"type":"Point","coordinates":[23.691946399999999,37.933426400000002]},"properties":{"FID":33706}},{"type":"Feature","id":33707,"geometry":{"type":"Point","coordinates":[23.693841800000001,37.933552499999998]},"properties":{"FID":33707}},{"type":"Feature","id":33708,"geometry":{"type":"Point","coordinates":[23.694523799999999,37.933216399999999]},"properties":{"FID":33708}},{"type":"Feature","id":33709,"geometry":{"type":"Point","coordinates":[23.694868799999998,37.933419299999997]},"properties":{"FID":33709}},{"type":"Feature","id":33792,"geometry":{"type":"Point","coordinates":[23.645461399999999,37.941184100000001]},"properties":{"FID":33792}},{"type":"Feature","id":33823,"geometry":{"type":"Point","coordinates":[23.7427204,37.989994000000003]},"properties":{"FID":33823}},{"type":"Feature","id":33826,"geometry":{"type":"Point","coordinates":[23.742553900000001,37.989822199999999]},"properties":{"FID":33826}},{"type":"Feature","id":33827,"geometry":{"type":"Point","coordinates":[23.742319999999999,37.989950899999997]},"properties":{"FID":33827}},{"type":"Feature","id":33830,"geometry":{"type":"Point","coordinates":[23.746169500000001,37.990948899999999]},"properties":{"FID":33830}},{"type":"Feature","id":33831,"geometry":{"type":"Point","coordinates":[23.7461007,37.991008800000003]},"properties":{"FID":33831}},{"type":"Feature","id":33865,"geometry":{"type":"Point","coordinates":[23.715129699999999,37.922145999999998]},"properties":{"FID":33865}},{"type":"Feature","id":33868,"geometry":{"type":"Point","coordinates":[23.715002200000001,37.922032399999999]},"properties":{"FID":33868}},{"type":"Feature","id":33903,"geometry":{"type":"Point","coordinates":[23.7635164,38.107885600000003]},"properties":{"FID":33903}},{"type":"Feature","id":33907,"geometry":{"type":"Point","coordinates":[23.764713400000002,38.099749099999997]},"properties":{"FID":33907}},{"type":"Feature","id":33908,"geometry":{"type":"Point","coordinates":[23.774215900000002,38.092561199999999]},"properties":{"FID":33908}},{"type":"Feature","id":33925,"geometry":{"type":"Point","coordinates":[23.648276299999999,38.062378500000001]},"properties":{"FID":33925}},{"type":"Feature","id":33926,"geometry":{"type":"Point","coordinates":[23.6770867,38.068463800000004]},"properties":{"FID":33926}},{"type":"Feature","id":33991,"geometry":{"type":"Point","coordinates":[23.567160000000001,38.075956300000001]},"properties":{"FID":33991}},{"type":"Feature","id":33994,"geometry":{"type":"Point","coordinates":[23.575236799999999,38.074363499999997]},"properties":{"FID":33994}},{"type":"Feature","id":34025,"geometry":{"type":"Point","coordinates":[23.755216900000001,37.919907500000001]},"properties":{"FID":34025}},{"type":"Feature","id":34026,"geometry":{"type":"Point","coordinates":[23.7550539,37.919497700000001]},"properties":{"FID":34026}},{"type":"Feature","id":34029,"geometry":{"type":"Point","coordinates":[23.750812700000001,37.9237866]},"properties":{"FID":34029}},{"type":"Feature","id":34033,"geometry":{"type":"Point","coordinates":[23.750952699999999,37.923994399999998]},"properties":{"FID":34033}},{"type":"Feature","id":34038,"geometry":{"type":"Point","coordinates":[23.7510148,37.924824899999997]},"properties":{"FID":34038}},{"type":"Feature","id":34042,"geometry":{"type":"Point","coordinates":[23.751031600000001,37.923677699999999]},"properties":{"FID":34042}},{"type":"Feature","id":34050,"geometry":{"type":"Point","coordinates":[23.755658799999999,37.924517000000002]},"properties":{"FID":34050}},{"type":"Feature","id":34051,"geometry":{"type":"Point","coordinates":[23.7555573,37.9244536]},"properties":{"FID":34051}},{"type":"Feature","id":34077,"geometry":{"type":"Point","coordinates":[23.751093000000001,37.924581600000003]},"properties":{"FID":34077}},{"type":"Feature","id":34078,"geometry":{"type":"Point","coordinates":[23.755792899999999,37.927651699999998]},"properties":{"FID":34078}},{"type":"Feature","id":34079,"geometry":{"type":"Point","coordinates":[23.7559687,37.927591900000003]},"properties":{"FID":34079}},{"type":"Feature","id":34134,"geometry":{"type":"Point","coordinates":[23.759903000000001,38.069088800000003]},"properties":{"FID":34134}},{"type":"Feature","id":34135,"geometry":{"type":"Point","coordinates":[23.771241,38.057084699999997]},"properties":{"FID":34135}},{"type":"Feature","id":34147,"geometry":{"type":"Point","coordinates":[23.681252799999999,37.9959883]},"properties":{"FID":34147}},{"type":"Feature","id":34155,"geometry":{"type":"Point","coordinates":[23.6681311,37.997116599999998]},"properties":{"FID":34155}},{"type":"Feature","id":34160,"geometry":{"type":"Point","coordinates":[23.670544499999998,37.9959299]},"properties":{"FID":34160}},{"type":"Feature","id":34161,"geometry":{"type":"Point","coordinates":[23.6702133,37.995973499999998]},"properties":{"FID":34161}},{"type":"Feature","id":34171,"geometry":{"type":"Point","coordinates":[23.687495500000001,37.931873000000003]},"properties":{"FID":34171}},{"type":"Feature","id":34180,"geometry":{"type":"Point","coordinates":[23.687062399999999,37.9308981]},"properties":{"FID":34180}},{"type":"Feature","id":34187,"geometry":{"type":"Point","coordinates":[23.6872732,37.931057199999998]},"properties":{"FID":34187}},{"type":"Feature","id":34188,"geometry":{"type":"Point","coordinates":[23.687263699999999,37.930715800000002]},"properties":{"FID":34188}},{"type":"Feature","id":34190,"geometry":{"type":"Point","coordinates":[23.687328600000001,37.930585999999998]},"properties":{"FID":34190}},{"type":"Feature","id":34202,"geometry":{"type":"Point","coordinates":[23.6909414,37.933011499999999]},"properties":{"FID":34202}},{"type":"Feature","id":34231,"geometry":{"type":"Point","coordinates":[23.7322132,37.874785699999997]},"properties":{"FID":34231}},{"type":"Feature","id":34233,"geometry":{"type":"Point","coordinates":[23.733848099999999,37.874375999999998]},"properties":{"FID":34233}},{"type":"Feature","id":34234,"geometry":{"type":"Point","coordinates":[23.734100900000001,37.874475500000003]},"properties":{"FID":34234}},{"type":"Feature","id":34246,"geometry":{"type":"Point","coordinates":[23.735313099999999,37.873107500000003]},"properties":{"FID":34246}},{"type":"Feature","id":34249,"geometry":{"type":"Point","coordinates":[23.735791899999999,37.873178600000003]},"properties":{"FID":34249}},{"type":"Feature","id":34251,"geometry":{"type":"Point","coordinates":[23.7357643,37.872998000000003]},"properties":{"FID":34251}},{"type":"Feature","id":34271,"geometry":{"type":"Point","coordinates":[23.7376687,37.908836000000001]},"properties":{"FID":34271}},{"type":"Feature","id":34273,"geometry":{"type":"Point","coordinates":[23.740929699999999,37.906496400000002]},"properties":{"FID":34273}},{"type":"Feature","id":34274,"geometry":{"type":"Point","coordinates":[23.715768600000001,37.914265800000003]},"properties":{"FID":34274}},{"type":"Feature","id":34279,"geometry":{"type":"Point","coordinates":[23.753120800000001,37.969426900000002]},"properties":{"FID":34279}},{"type":"Feature","id":34282,"geometry":{"type":"Point","coordinates":[23.752603300000001,37.972359099999998]},"properties":{"FID":34282}},{"type":"Feature","id":34284,"geometry":{"type":"Point","coordinates":[23.7528167,37.969175900000003]},"properties":{"FID":34284}},{"type":"Feature","id":34288,"geometry":{"type":"Point","coordinates":[23.7439319,37.9683019]},"properties":{"FID":34288}},{"type":"Feature","id":34318,"geometry":{"type":"Point","coordinates":[23.664884799999999,37.972324499999999]},"properties":{"FID":34318}},{"type":"Feature","id":34324,"geometry":{"type":"Point","coordinates":[23.678521700000001,37.969029900000002]},"properties":{"FID":34324}},{"type":"Feature","id":34433,"geometry":{"type":"Point","coordinates":[23.857575099999998,38.122663000000003]},"properties":{"FID":34433}},{"type":"Feature","id":34436,"geometry":{"type":"Point","coordinates":[23.8566149,38.202761500000001]},"properties":{"FID":34436}},{"type":"Feature","id":34437,"geometry":{"type":"Point","coordinates":[23.8570265,38.202627100000001]},"properties":{"FID":34437}},{"type":"Feature","id":34438,"geometry":{"type":"Point","coordinates":[23.856767099999999,38.2027778]},"properties":{"FID":34438}},{"type":"Feature","id":34439,"geometry":{"type":"Point","coordinates":[23.8569748,38.202746699999999]},"properties":{"FID":34439}},{"type":"Feature","id":34440,"geometry":{"type":"Point","coordinates":[23.856714,38.202650300000002]},"properties":{"FID":34440}},{"type":"Feature","id":34450,"geometry":{"type":"Point","coordinates":[23.826658599999998,38.0372822]},"properties":{"FID":34450}},{"type":"Feature","id":34475,"geometry":{"type":"Point","coordinates":[23.749370800000001,38.037097299999999]},"properties":{"FID":34475}},{"type":"Feature","id":34483,"geometry":{"type":"Point","coordinates":[23.7734463,38.036675199999998]},"properties":{"FID":34483}},{"type":"Feature","id":34489,"geometry":{"type":"Point","coordinates":[23.7661193,38.0374938]},"properties":{"FID":34489}},{"type":"Feature","id":34490,"geometry":{"type":"Point","coordinates":[23.7636352,38.038830699999998]},"properties":{"FID":34490}},{"type":"Feature","id":34494,"geometry":{"type":"Point","coordinates":[23.648686600000001,37.939441899999998]},"properties":{"FID":34494}},{"type":"Feature","id":34510,"geometry":{"type":"Point","coordinates":[23.634128499999999,37.930797400000003]},"properties":{"FID":34510}},{"type":"Feature","id":34511,"geometry":{"type":"Point","coordinates":[23.633966300000001,37.930514000000002]},"properties":{"FID":34511}},{"type":"Feature","id":34564,"geometry":{"type":"Point","coordinates":[23.7352916,38.013013000000001]},"properties":{"FID":34564}},{"type":"Feature","id":34571,"geometry":{"type":"Point","coordinates":[23.782585600000001,38.012953600000003]},"properties":{"FID":34571}},{"type":"Feature","id":34583,"geometry":{"type":"Point","coordinates":[23.8539137,38.006264199999997]},"properties":{"FID":34583}},{"type":"Feature","id":34585,"geometry":{"type":"Point","coordinates":[23.8550124,38.003936500000002]},"properties":{"FID":34585}},{"type":"Feature","id":34586,"geometry":{"type":"Point","coordinates":[23.854735600000001,38.003805100000001]},"properties":{"FID":34586}},{"type":"Feature","id":34588,"geometry":{"type":"Point","coordinates":[23.8549574,38.000532800000002]},"properties":{"FID":34588}},{"type":"Feature","id":34593,"geometry":{"type":"Point","coordinates":[23.858048100000001,38.002358600000001]},"properties":{"FID":34593}},{"type":"Feature","id":34596,"geometry":{"type":"Point","coordinates":[23.857965100000001,38.002189399999999]},"properties":{"FID":34596}},{"type":"Feature","id":34597,"geometry":{"type":"Point","coordinates":[23.857941700000001,38.002532700000003]},"properties":{"FID":34597}},{"type":"Feature","id":34600,"geometry":{"type":"Point","coordinates":[23.857865199999999,38.002457]},"properties":{"FID":34600}},{"type":"Feature","id":34605,"geometry":{"type":"Point","coordinates":[23.858893299999998,38.007535400000002]},"properties":{"FID":34605}},{"type":"Feature","id":34607,"geometry":{"type":"Point","coordinates":[23.858493299999999,38.007495900000002]},"properties":{"FID":34607}},{"type":"Feature","id":34609,"geometry":{"type":"Point","coordinates":[23.858560099999998,38.007373299999998]},"properties":{"FID":34609}},{"type":"Feature","id":34613,"geometry":{"type":"Point","coordinates":[23.855796999999999,38.008284600000003]},"properties":{"FID":34613}},{"type":"Feature","id":34614,"geometry":{"type":"Point","coordinates":[23.8561865,38.0082673]},"properties":{"FID":34614}},{"type":"Feature","id":34615,"geometry":{"type":"Point","coordinates":[23.856080800000001,38.008407800000001]},"properties":{"FID":34615}},{"type":"Feature","id":34649,"geometry":{"type":"Point","coordinates":[23.853570999999999,38.008791799999997]},"properties":{"FID":34649}},{"type":"Feature","id":34651,"geometry":{"type":"Point","coordinates":[23.853736999999999,38.008946399999999]},"properties":{"FID":34651}},{"type":"Feature","id":34654,"geometry":{"type":"Point","coordinates":[23.8533525,38.0089264]},"properties":{"FID":34654}},{"type":"Feature","id":34695,"geometry":{"type":"Point","coordinates":[23.859536899999998,38.024115799999997]},"properties":{"FID":34695}},{"type":"Feature","id":34723,"geometry":{"type":"Point","coordinates":[23.650345399999999,37.941175999999999]},"properties":{"FID":34723}},{"type":"Feature","id":34725,"geometry":{"type":"Point","coordinates":[23.650125899999999,37.941118000000003]},"properties":{"FID":34725}},{"type":"Feature","id":34743,"geometry":{"type":"Point","coordinates":[23.6412871,37.940711999999998]},"properties":{"FID":34743}},{"type":"Feature","id":34745,"geometry":{"type":"Point","coordinates":[23.641340499999998,37.940513500000002]},"properties":{"FID":34745}},{"type":"Feature","id":34746,"geometry":{"type":"Point","coordinates":[23.641425099999999,37.940764999999999]},"properties":{"FID":34746}},{"type":"Feature","id":34747,"geometry":{"type":"Point","coordinates":[23.641554299999999,37.940584399999999]},"properties":{"FID":34747}},{"type":"Feature","id":34750,"geometry":{"type":"Point","coordinates":[23.642124800000001,37.941416799999999]},"properties":{"FID":34750}},{"type":"Feature","id":34753,"geometry":{"type":"Point","coordinates":[23.6422633,37.9417501]},"properties":{"FID":34753}},{"type":"Feature","id":34784,"geometry":{"type":"Point","coordinates":[23.688545300000001,37.928081800000001]},"properties":{"FID":34784}},{"type":"Feature","id":34785,"geometry":{"type":"Point","coordinates":[23.6887246,37.928144400000001]},"properties":{"FID":34785}},{"type":"Feature","id":34799,"geometry":{"type":"Point","coordinates":[23.6942354,37.928993400000003]},"properties":{"FID":34799}},{"type":"Feature","id":34835,"geometry":{"type":"Point","coordinates":[23.830292799999999,38.039971399999999]},"properties":{"FID":34835}},{"type":"Feature","id":34839,"geometry":{"type":"Point","coordinates":[23.830459099999999,38.040037900000002]},"properties":{"FID":34839}},{"type":"Feature","id":34878,"geometry":{"type":"Point","coordinates":[23.821005299999999,38.0329701]},"properties":{"FID":34878}},{"type":"Feature","id":34882,"geometry":{"type":"Point","coordinates":[23.821399799999998,38.033285200000002]},"properties":{"FID":34882}},{"type":"Feature","id":34885,"geometry":{"type":"Point","coordinates":[23.821472700000001,38.0333063]},"properties":{"FID":34885}},{"type":"Feature","id":34890,"geometry":{"type":"Point","coordinates":[23.8215523,38.032997000000002]},"properties":{"FID":34890}},{"type":"Feature","id":34897,"geometry":{"type":"Point","coordinates":[23.823700599999999,38.034793499999999]},"properties":{"FID":34897}},{"type":"Feature","id":34898,"geometry":{"type":"Point","coordinates":[23.823715100000001,38.0345826]},"properties":{"FID":34898}},{"type":"Feature","id":34902,"geometry":{"type":"Point","coordinates":[23.822597200000001,38.033526199999997]},"properties":{"FID":34902}},{"type":"Feature","id":34907,"geometry":{"type":"Point","coordinates":[23.822498899999999,38.033798900000001]},"properties":{"FID":34907}},{"type":"Feature","id":34979,"geometry":{"type":"Point","coordinates":[23.6933094,37.923355399999998]},"properties":{"FID":34979}},{"type":"Feature","id":34981,"geometry":{"type":"Point","coordinates":[23.693116499999999,37.923344800000002]},"properties":{"FID":34981}},{"type":"Feature","id":34984,"geometry":{"type":"Point","coordinates":[23.691680600000002,37.925107500000003]},"properties":{"FID":34984}},{"type":"Feature","id":34985,"geometry":{"type":"Point","coordinates":[23.691753800000001,37.9251942]},"properties":{"FID":34985}},{"type":"Feature","id":34992,"geometry":{"type":"Point","coordinates":[23.6907198,37.926191600000003]},"properties":{"FID":34992}},{"type":"Feature","id":34997,"geometry":{"type":"Point","coordinates":[23.6910281,37.926328400000003]},"properties":{"FID":34997}},{"type":"Feature","id":34998,"geometry":{"type":"Point","coordinates":[23.6910144,37.926023899999997]},"properties":{"FID":34998}},{"type":"Feature","id":35000,"geometry":{"type":"Point","coordinates":[23.6913245,37.925310500000002]},"properties":{"FID":35000}},{"type":"Feature","id":35012,"geometry":{"type":"Point","coordinates":[23.7996561,38.049361300000001]},"properties":{"FID":35012}},{"type":"Feature","id":35022,"geometry":{"type":"Point","coordinates":[23.7898268,38.0505073]},"properties":{"FID":35022}},{"type":"Feature","id":35026,"geometry":{"type":"Point","coordinates":[23.7948384,38.049882400000001]},"properties":{"FID":35026}},{"type":"Feature","id":35085,"geometry":{"type":"Point","coordinates":[23.963616699999999,38.149233500000001]},"properties":{"FID":35085}},{"type":"Feature","id":35089,"geometry":{"type":"Point","coordinates":[23.987394500000001,38.049701599999999]},"properties":{"FID":35089}},{"type":"Feature","id":35090,"geometry":{"type":"Point","coordinates":[23.976206000000001,38.0877713]},"properties":{"FID":35090}},{"type":"Feature","id":35091,"geometry":{"type":"Point","coordinates":[23.967966799999999,38.144684900000001]},"properties":{"FID":35091}},{"type":"Feature","id":35105,"geometry":{"type":"Point","coordinates":[23.795608000000001,38.018068100000001]},"properties":{"FID":35105}},{"type":"Feature","id":35107,"geometry":{"type":"Point","coordinates":[23.735513099999999,38.018113200000002]},"properties":{"FID":35107}},{"type":"Feature","id":35116,"geometry":{"type":"Point","coordinates":[23.7111743,38.0171134]},"properties":{"FID":35116}},{"type":"Feature","id":35157,"geometry":{"type":"Point","coordinates":[23.7139095,38.059829399999998]},"properties":{"FID":35157}},{"type":"Feature","id":35163,"geometry":{"type":"Point","coordinates":[23.6525012,38.061704200000001]},"properties":{"FID":35163}},{"type":"Feature","id":35177,"geometry":{"type":"Point","coordinates":[23.534787999999999,38.054726600000002]},"properties":{"FID":35177}},{"type":"Feature","id":35190,"geometry":{"type":"Point","coordinates":[23.801009199999999,38.017710200000003]},"properties":{"FID":35190}},{"type":"Feature","id":35192,"geometry":{"type":"Point","coordinates":[23.7997193,38.017510000000001]},"properties":{"FID":35192}},{"type":"Feature","id":35193,"geometry":{"type":"Point","coordinates":[23.799323099999999,38.017304799999998]},"properties":{"FID":35193}},{"type":"Feature","id":35194,"geometry":{"type":"Point","coordinates":[23.799439499999998,38.017275400000003]},"properties":{"FID":35194}},{"type":"Feature","id":35206,"geometry":{"type":"Point","coordinates":[23.7987945,38.021408100000002]},"properties":{"FID":35206}},{"type":"Feature","id":35209,"geometry":{"type":"Point","coordinates":[23.798682700000001,38.021330800000001]},"properties":{"FID":35209}},{"type":"Feature","id":35211,"geometry":{"type":"Point","coordinates":[23.800580799999999,38.0224872]},"properties":{"FID":35211}},{"type":"Feature","id":35212,"geometry":{"type":"Point","coordinates":[23.800116200000001,38.0226191]},"properties":{"FID":35212}},{"type":"Feature","id":35213,"geometry":{"type":"Point","coordinates":[23.800206899999999,38.022675300000003]},"properties":{"FID":35213}},{"type":"Feature","id":35214,"geometry":{"type":"Point","coordinates":[23.800106100000001,38.022842900000001]},"properties":{"FID":35214}},{"type":"Feature","id":35221,"geometry":{"type":"Point","coordinates":[23.7973739,38.021989400000002]},"properties":{"FID":35221}},{"type":"Feature","id":35231,"geometry":{"type":"Point","coordinates":[23.741637000000001,38.102034699999997]},"properties":{"FID":35231}},{"type":"Feature","id":35324,"geometry":{"type":"Point","coordinates":[23.741520099999999,38.025052299999999]},"properties":{"FID":35324}},{"type":"Feature","id":35329,"geometry":{"type":"Point","coordinates":[23.7310996,38.025916000000002]},"properties":{"FID":35329}},{"type":"Feature","id":35354,"geometry":{"type":"Point","coordinates":[23.795741499999998,38.017856700000003]},"properties":{"FID":35354}},{"type":"Feature","id":35357,"geometry":{"type":"Point","coordinates":[23.796055200000001,38.017939499999997]},"properties":{"FID":35357}},{"type":"Feature","id":35383,"geometry":{"type":"Point","coordinates":[23.8434089,38.0444131]},"properties":{"FID":35383}},{"type":"Feature","id":35386,"geometry":{"type":"Point","coordinates":[23.8433536,38.044116799999998]},"properties":{"FID":35386}},{"type":"Feature","id":35387,"geometry":{"type":"Point","coordinates":[23.843521800000001,38.044227399999997]},"properties":{"FID":35387}},{"type":"Feature","id":35392,"geometry":{"type":"Point","coordinates":[23.843139699999998,38.044313299999999]},"properties":{"FID":35392}},{"type":"Feature","id":35420,"geometry":{"type":"Point","coordinates":[23.839628900000001,38.046775099999998]},"properties":{"FID":35420}},{"type":"Feature","id":35429,"geometry":{"type":"Point","coordinates":[23.838930300000001,38.051570300000002]},"properties":{"FID":35429}},{"type":"Feature","id":35508,"geometry":{"type":"Point","coordinates":[23.836728399999998,38.044532199999999]},"properties":{"FID":35508}},{"type":"Feature","id":35513,"geometry":{"type":"Point","coordinates":[23.8324839,38.041401]},"properties":{"FID":35513}},{"type":"Feature","id":35514,"geometry":{"type":"Point","coordinates":[23.832644599999998,38.041430300000002]},"properties":{"FID":35514}},{"type":"Feature","id":35515,"geometry":{"type":"Point","coordinates":[23.832553999999998,38.041559700000001]},"properties":{"FID":35515}},{"type":"Feature","id":35537,"geometry":{"type":"Point","coordinates":[23.830339500000001,38.036633999999999]},"properties":{"FID":35537}},{"type":"Feature","id":35562,"geometry":{"type":"Point","coordinates":[23.827982500000001,38.027680699999998]},"properties":{"FID":35562}},{"type":"Feature","id":35563,"geometry":{"type":"Point","coordinates":[23.827491899999998,38.028306299999997]},"properties":{"FID":35563}},{"type":"Feature","id":35564,"geometry":{"type":"Point","coordinates":[23.827362399999998,38.0283102]},"properties":{"FID":35564}},{"type":"Feature","id":35568,"geometry":{"type":"Point","coordinates":[23.826377000000001,38.023578000000001]},"properties":{"FID":35568}},{"type":"Feature","id":35575,"geometry":{"type":"Point","coordinates":[23.827386499999999,38.023064400000003]},"properties":{"FID":35575}},{"type":"Feature","id":35579,"geometry":{"type":"Point","coordinates":[23.827107000000002,38.023053400000002]},"properties":{"FID":35579}},{"type":"Feature","id":35662,"geometry":{"type":"Point","coordinates":[23.691637700000001,37.937549099999998]},"properties":{"FID":35662}},{"type":"Feature","id":35665,"geometry":{"type":"Point","coordinates":[23.706694800000001,37.920273100000003]},"properties":{"FID":35665}},{"type":"Feature","id":35667,"geometry":{"type":"Point","coordinates":[23.706840100000001,37.920173300000002]},"properties":{"FID":35667}},{"type":"Feature","id":35702,"geometry":{"type":"Point","coordinates":[23.7024644,37.930210899999999]},"properties":{"FID":35702}},{"type":"Feature","id":35704,"geometry":{"type":"Point","coordinates":[23.702517199999999,37.930258299999998]},"properties":{"FID":35704}},{"type":"Feature","id":35705,"geometry":{"type":"Point","coordinates":[23.702683100000002,37.930128000000003]},"properties":{"FID":35705}},{"type":"Feature","id":35707,"geometry":{"type":"Point","coordinates":[23.702165399999998,37.931306300000003]},"properties":{"FID":35707}},{"type":"Feature","id":35708,"geometry":{"type":"Point","coordinates":[23.7021877,37.931396599999999]},"properties":{"FID":35708}},{"type":"Feature","id":35784,"geometry":{"type":"Point","coordinates":[23.6992768,37.932429499999998]},"properties":{"FID":35784}},{"type":"Feature","id":35785,"geometry":{"type":"Point","coordinates":[23.6993303,37.932432900000002]},"properties":{"FID":35785}},{"type":"Feature","id":35797,"geometry":{"type":"Point","coordinates":[23.700463899999999,37.9196594]},"properties":{"FID":35797}},{"type":"Feature","id":35798,"geometry":{"type":"Point","coordinates":[23.700520900000001,37.919475900000002]},"properties":{"FID":35798}},{"type":"Feature","id":35800,"geometry":{"type":"Point","coordinates":[23.700195999999998,37.919606299999998]},"properties":{"FID":35800}},{"type":"Feature","id":35848,"geometry":{"type":"Point","coordinates":[23.701959599999999,37.931663999999998]},"properties":{"FID":35848}},{"type":"Feature","id":35851,"geometry":{"type":"Point","coordinates":[23.7013161,37.935106300000001]},"properties":{"FID":35851}},{"type":"Feature","id":35852,"geometry":{"type":"Point","coordinates":[23.701513500000001,37.935037199999996]},"properties":{"FID":35852}},{"type":"Feature","id":35854,"geometry":{"type":"Point","coordinates":[23.701433000000002,37.934933999999998]},"properties":{"FID":35854}},{"type":"Feature","id":35871,"geometry":{"type":"Point","coordinates":[23.824694099999999,38.013633499999997]},"properties":{"FID":35871}},{"type":"Feature","id":35872,"geometry":{"type":"Point","coordinates":[23.824545499999999,38.013705399999999]},"properties":{"FID":35872}},{"type":"Feature","id":35874,"geometry":{"type":"Point","coordinates":[23.824943999999999,38.013847699999999]},"properties":{"FID":35874}},{"type":"Feature","id":35883,"geometry":{"type":"Point","coordinates":[23.824961699999999,38.004461599999999]},"properties":{"FID":35883}},{"type":"Feature","id":35898,"geometry":{"type":"Point","coordinates":[23.835843000000001,38.012650700000002]},"properties":{"FID":35898}},{"type":"Feature","id":35901,"geometry":{"type":"Point","coordinates":[23.833362399999999,38.013115900000003]},"properties":{"FID":35901}},{"type":"Feature","id":35902,"geometry":{"type":"Point","coordinates":[23.833370500000001,38.013310099999998]},"properties":{"FID":35902}},{"type":"Feature","id":35903,"geometry":{"type":"Point","coordinates":[23.833158000000001,38.013421700000002]},"properties":{"FID":35903}},{"type":"Feature","id":35905,"geometry":{"type":"Point","coordinates":[23.830860099999999,38.013937200000001]},"properties":{"FID":35905}},{"type":"Feature","id":35919,"geometry":{"type":"Point","coordinates":[23.8309964,38.013687900000001]},"properties":{"FID":35919}},{"type":"Feature","id":35926,"geometry":{"type":"Point","coordinates":[23.828526499999999,38.028083700000003]},"properties":{"FID":35926}},{"type":"Feature","id":35958,"geometry":{"type":"Point","coordinates":[23.695236900000001,38.029506499999997]},"properties":{"FID":35958}},{"type":"Feature","id":35962,"geometry":{"type":"Point","coordinates":[23.6795899,38.033439299999998]},"properties":{"FID":35962}},{"type":"Feature","id":35973,"geometry":{"type":"Point","coordinates":[23.747938099999999,38.032069]},"properties":{"FID":35973}},{"type":"Feature","id":35979,"geometry":{"type":"Point","coordinates":[23.699003999999999,38.028597699999999]},"properties":{"FID":35979}},{"type":"Feature","id":36042,"geometry":{"type":"Point","coordinates":[23.835761099999999,38.024931899999999]},"properties":{"FID":36042}},{"type":"Feature","id":36088,"geometry":{"type":"Point","coordinates":[23.8365771,38.021052300000001]},"properties":{"FID":36088}},{"type":"Feature","id":36089,"geometry":{"type":"Point","coordinates":[23.836655499999999,38.021168299999999]},"properties":{"FID":36089}},{"type":"Feature","id":36090,"geometry":{"type":"Point","coordinates":[23.8366592,38.021084799999997]},"properties":{"FID":36090}},{"type":"Feature","id":36091,"geometry":{"type":"Point","coordinates":[23.836030999999998,38.020643]},"properties":{"FID":36091}},{"type":"Feature","id":36092,"geometry":{"type":"Point","coordinates":[23.8359807,38.020673500000001]},"properties":{"FID":36092}},{"type":"Feature","id":36093,"geometry":{"type":"Point","coordinates":[23.836094599999999,38.0207154]},"properties":{"FID":36093}},{"type":"Feature","id":36096,"geometry":{"type":"Point","coordinates":[23.8361932,38.020818599999998]},"properties":{"FID":36096}},{"type":"Feature","id":36108,"geometry":{"type":"Point","coordinates":[23.836206799999999,38.024968299999998]},"properties":{"FID":36108}},{"type":"Feature","id":36114,"geometry":{"type":"Point","coordinates":[23.835768399999999,38.0248244]},"properties":{"FID":36114}},{"type":"Feature","id":36123,"geometry":{"type":"Point","coordinates":[23.699051000000001,37.920578800000001]},"properties":{"FID":36123}},{"type":"Feature","id":36131,"geometry":{"type":"Point","coordinates":[23.698211799999999,37.920855299999999]},"properties":{"FID":36131}},{"type":"Feature","id":36133,"geometry":{"type":"Point","coordinates":[23.6962543,37.921852999999999]},"properties":{"FID":36133}},{"type":"Feature","id":36134,"geometry":{"type":"Point","coordinates":[23.6960561,37.921812299999999]},"properties":{"FID":36134}},{"type":"Feature","id":36155,"geometry":{"type":"Point","coordinates":[23.6963671,38.012335800000002]},"properties":{"FID":36155}},{"type":"Feature","id":36157,"geometry":{"type":"Point","coordinates":[23.708573699999999,38.014025799999999]},"properties":{"FID":36157}},{"type":"Feature","id":36171,"geometry":{"type":"Point","coordinates":[23.662718699999999,38.012383399999997]},"properties":{"FID":36171}},{"type":"Feature","id":36172,"geometry":{"type":"Point","coordinates":[23.673603499999999,38.014299299999998]},"properties":{"FID":36172}},{"type":"Feature","id":36173,"geometry":{"type":"Point","coordinates":[23.661224600000001,38.012663699999997]},"properties":{"FID":36173}},{"type":"Feature","id":36177,"geometry":{"type":"Point","coordinates":[23.700431600000002,38.005845299999997]},"properties":{"FID":36177}},{"type":"Feature","id":36179,"geometry":{"type":"Point","coordinates":[23.698122600000001,38.0092067]},"properties":{"FID":36179}},{"type":"Feature","id":36183,"geometry":{"type":"Point","coordinates":[23.6916838,38.016866200000003]},"properties":{"FID":36183}},{"type":"Feature","id":36189,"geometry":{"type":"Point","coordinates":[23.686986999999998,38.014357799999999]},"properties":{"FID":36189}},{"type":"Feature","id":36190,"geometry":{"type":"Point","coordinates":[23.689769600000002,38.0135516]},"properties":{"FID":36190}},{"type":"Feature","id":36191,"geometry":{"type":"Point","coordinates":[23.6909457,38.0111645]},"properties":{"FID":36191}},{"type":"Feature","id":36203,"geometry":{"type":"Point","coordinates":[23.644682299999999,37.940289200000002]},"properties":{"FID":36203}},{"type":"Feature","id":36220,"geometry":{"type":"Point","coordinates":[23.8155544,38.321495499999997]},"properties":{"FID":36220}},{"type":"Feature","id":36252,"geometry":{"type":"Point","coordinates":[23.807037600000001,38.009489700000003]},"properties":{"FID":36252}},{"type":"Feature","id":36254,"geometry":{"type":"Point","coordinates":[23.807053400000001,38.009760999999997]},"properties":{"FID":36254}},{"type":"Feature","id":36262,"geometry":{"type":"Point","coordinates":[23.8054159,38.008747]},"properties":{"FID":36262}},{"type":"Feature","id":36263,"geometry":{"type":"Point","coordinates":[23.805165599999999,38.008731400000002]},"properties":{"FID":36263}},{"type":"Feature","id":36270,"geometry":{"type":"Point","coordinates":[23.807651100000001,38.019092800000003]},"properties":{"FID":36270}},{"type":"Feature","id":36272,"geometry":{"type":"Point","coordinates":[23.8068217,38.018787500000002]},"properties":{"FID":36272}},{"type":"Feature","id":36275,"geometry":{"type":"Point","coordinates":[23.810512200000002,38.019490599999997]},"properties":{"FID":36275}},{"type":"Feature","id":36278,"geometry":{"type":"Point","coordinates":[23.809995900000001,38.019661300000003]},"properties":{"FID":36278}},{"type":"Feature","id":36324,"geometry":{"type":"Point","coordinates":[23.801577300000002,38.007357200000001]},"properties":{"FID":36324}},{"type":"Feature","id":36357,"geometry":{"type":"Point","coordinates":[23.812394699999999,38.004669300000003]},"properties":{"FID":36357}},{"type":"Feature","id":36372,"geometry":{"type":"Point","coordinates":[23.811586299999998,38.011218100000001]},"properties":{"FID":36372}},{"type":"Feature","id":36374,"geometry":{"type":"Point","coordinates":[23.811744600000001,38.011441400000002]},"properties":{"FID":36374}},{"type":"Feature","id":36376,"geometry":{"type":"Point","coordinates":[23.811587200000002,38.0115354]},"properties":{"FID":36376}},{"type":"Feature","id":36378,"geometry":{"type":"Point","coordinates":[23.811345200000002,38.011232499999998]},"properties":{"FID":36378}},{"type":"Feature","id":36384,"geometry":{"type":"Point","coordinates":[23.7302395,38.083154999999998]},"properties":{"FID":36384}},{"type":"Feature","id":36385,"geometry":{"type":"Point","coordinates":[23.730076400000002,38.079391999999999]},"properties":{"FID":36385}},{"type":"Feature","id":36386,"geometry":{"type":"Point","coordinates":[23.725991199999999,38.084115699999998]},"properties":{"FID":36386}},{"type":"Feature","id":36456,"geometry":{"type":"Point","coordinates":[23.867471099999999,38.0057355]},"properties":{"FID":36456}},{"type":"Feature","id":36458,"geometry":{"type":"Point","coordinates":[23.8672036,38.005916900000003]},"properties":{"FID":36458}},{"type":"Feature","id":36461,"geometry":{"type":"Point","coordinates":[23.8674532,38.006085300000002]},"properties":{"FID":36461}},{"type":"Feature","id":36462,"geometry":{"type":"Point","coordinates":[23.867639700000002,38.0060109]},"properties":{"FID":36462}},{"type":"Feature","id":36464,"geometry":{"type":"Point","coordinates":[23.8676177,38.005937899999999]},"properties":{"FID":36464}},{"type":"Feature","id":36476,"geometry":{"type":"Point","coordinates":[23.874557500000002,38.0045821]},"properties":{"FID":36476}},{"type":"Feature","id":36477,"geometry":{"type":"Point","coordinates":[23.874648499999999,38.004409199999998]},"properties":{"FID":36477}},{"type":"Feature","id":36480,"geometry":{"type":"Point","coordinates":[23.874157499999999,38.004486499999999]},"properties":{"FID":36480}},{"type":"Feature","id":36481,"geometry":{"type":"Point","coordinates":[23.872041400000001,38.005147399999998]},"properties":{"FID":36481}},{"type":"Feature","id":36484,"geometry":{"type":"Point","coordinates":[23.871804900000001,38.004978000000001]},"properties":{"FID":36484}},{"type":"Feature","id":36485,"geometry":{"type":"Point","coordinates":[23.8717358,38.004999400000003]},"properties":{"FID":36485}},{"type":"Feature","id":36486,"geometry":{"type":"Point","coordinates":[23.8715522,38.0051445]},"properties":{"FID":36486}},{"type":"Feature","id":36492,"geometry":{"type":"Point","coordinates":[23.877464700000001,38.003810999999999]},"properties":{"FID":36492}},{"type":"Feature","id":36493,"geometry":{"type":"Point","coordinates":[23.8772515,38.003621899999999]},"properties":{"FID":36493}},{"type":"Feature","id":36497,"geometry":{"type":"Point","coordinates":[23.877103900000002,38.003735800000001]},"properties":{"FID":36497}},{"type":"Feature","id":36504,"geometry":{"type":"Point","coordinates":[23.880746899999998,38.0037223]},"properties":{"FID":36504}},{"type":"Feature","id":36505,"geometry":{"type":"Point","coordinates":[23.880834700000001,38.003681499999999]},"properties":{"FID":36505}},{"type":"Feature","id":36511,"geometry":{"type":"Point","coordinates":[23.8810453,38.003796600000001]},"properties":{"FID":36511}},{"type":"Feature","id":36513,"geometry":{"type":"Point","coordinates":[23.8809532,38.003836200000002]},"properties":{"FID":36513}},{"type":"Feature","id":36554,"geometry":{"type":"Point","coordinates":[23.872298000000001,38.116039399999998]},"properties":{"FID":36554}},{"type":"Feature","id":36562,"geometry":{"type":"Point","coordinates":[23.866255899999999,38.051795400000003]},"properties":{"FID":36562}},{"type":"Feature","id":36569,"geometry":{"type":"Point","coordinates":[23.8432815,38.027069599999997]},"properties":{"FID":36569}},{"type":"Feature","id":36570,"geometry":{"type":"Point","coordinates":[23.842236,38.026002699999999]},"properties":{"FID":36570}},{"type":"Feature","id":36572,"geometry":{"type":"Point","coordinates":[23.842403300000001,38.025896600000003]},"properties":{"FID":36572}},{"type":"Feature","id":36592,"geometry":{"type":"Point","coordinates":[23.859126799999999,38.027744300000002]},"properties":{"FID":36592}},{"type":"Feature","id":36594,"geometry":{"type":"Point","coordinates":[23.859264100000001,38.027666799999999]},"properties":{"FID":36594}},{"type":"Feature","id":36595,"geometry":{"type":"Point","coordinates":[23.8592546,38.027854599999998]},"properties":{"FID":36595}},{"type":"Feature","id":36634,"geometry":{"type":"Point","coordinates":[23.8443121,38.028817199999999]},"properties":{"FID":36634}},{"type":"Feature","id":36643,"geometry":{"type":"Point","coordinates":[23.847556399999998,38.0332838]},"properties":{"FID":36643}},{"type":"Feature","id":36645,"geometry":{"type":"Point","coordinates":[23.846049499999999,38.031783400000002]},"properties":{"FID":36645}},{"type":"Feature","id":36646,"geometry":{"type":"Point","coordinates":[23.846026999999999,38.031685699999997]},"properties":{"FID":36646}},{"type":"Feature","id":36647,"geometry":{"type":"Point","coordinates":[23.8461508,38.031667400000003]},"properties":{"FID":36647}},{"type":"Feature","id":36650,"geometry":{"type":"Point","coordinates":[23.847812699999999,38.033171199999998]},"properties":{"FID":36650}},{"type":"Feature","id":36651,"geometry":{"type":"Point","coordinates":[23.847696299999999,38.033121299999998]},"properties":{"FID":36651}},{"type":"Feature","id":36653,"geometry":{"type":"Point","coordinates":[23.847759499999999,38.033358300000003]},"properties":{"FID":36653}},{"type":"Feature","id":36657,"geometry":{"type":"Point","coordinates":[23.84937,38.034956299999997]},"properties":{"FID":36657}},{"type":"Feature","id":36662,"geometry":{"type":"Point","coordinates":[23.851544199999999,38.038348999999997]},"properties":{"FID":36662}},{"type":"Feature","id":36664,"geometry":{"type":"Point","coordinates":[23.8512065,38.039014000000002]},"properties":{"FID":36664}},{"type":"Feature","id":36667,"geometry":{"type":"Point","coordinates":[23.850900299999999,38.0390528]},"properties":{"FID":36667}},{"type":"Feature","id":36670,"geometry":{"type":"Point","coordinates":[23.847893899999999,38.041758399999999]},"properties":{"FID":36670}},{"type":"Feature","id":36671,"geometry":{"type":"Point","coordinates":[23.8477648,38.041952700000003]},"properties":{"FID":36671}},{"type":"Feature","id":36674,"geometry":{"type":"Point","coordinates":[23.8496311,38.040211599999999]},"properties":{"FID":36674}},{"type":"Feature","id":36678,"geometry":{"type":"Point","coordinates":[23.8496177,38.040406099999998]},"properties":{"FID":36678}},{"type":"Feature","id":36680,"geometry":{"type":"Point","coordinates":[23.8498941,38.040269899999998]},"properties":{"FID":36680}},{"type":"Feature","id":36681,"geometry":{"type":"Point","coordinates":[23.8508712,38.039256899999998]},"properties":{"FID":36681}},{"type":"Feature","id":36684,"geometry":{"type":"Point","coordinates":[23.851190200000001,38.039201599999998]},"properties":{"FID":36684}},{"type":"Feature","id":36701,"geometry":{"type":"Point","coordinates":[23.8492119,38.024718700000001]},"properties":{"FID":36701}},{"type":"Feature","id":36702,"geometry":{"type":"Point","coordinates":[23.8480226,38.022477600000002]},"properties":{"FID":36702}},{"type":"Feature","id":36704,"geometry":{"type":"Point","coordinates":[23.8473422,38.021722099999998]},"properties":{"FID":36704}},{"type":"Feature","id":36711,"geometry":{"type":"Point","coordinates":[23.8474772,38.041778000000001]},"properties":{"FID":36711}},{"type":"Feature","id":36713,"geometry":{"type":"Point","coordinates":[23.847536699999999,38.041742800000002]},"properties":{"FID":36713}},{"type":"Feature","id":36731,"geometry":{"type":"Point","coordinates":[23.8443772,38.043612400000001]},"properties":{"FID":36731}},{"type":"Feature","id":36732,"geometry":{"type":"Point","coordinates":[23.8444395,38.043672899999997]},"properties":{"FID":36732}},{"type":"Feature","id":36740,"geometry":{"type":"Point","coordinates":[23.853287099999999,38.040472700000002]},"properties":{"FID":36740}},{"type":"Feature","id":36741,"geometry":{"type":"Point","coordinates":[23.851940599999999,38.0380653]},"properties":{"FID":36741}},{"type":"Feature","id":36744,"geometry":{"type":"Point","coordinates":[23.851606799999999,38.037985800000001]},"properties":{"FID":36744}},{"type":"Feature","id":36746,"geometry":{"type":"Point","coordinates":[23.856324799999999,38.031924799999999]},"properties":{"FID":36746}},{"type":"Feature","id":36749,"geometry":{"type":"Point","coordinates":[23.857147699999999,38.033432500000004]},"properties":{"FID":36749}},{"type":"Feature","id":36751,"geometry":{"type":"Point","coordinates":[23.857278099999998,38.0337447]},"properties":{"FID":36751}},{"type":"Feature","id":36752,"geometry":{"type":"Point","coordinates":[23.856939199999999,38.033734000000003]},"properties":{"FID":36752}},{"type":"Feature","id":36763,"geometry":{"type":"Point","coordinates":[23.8594592,38.023962099999999]},"properties":{"FID":36763}},{"type":"Feature","id":36765,"geometry":{"type":"Point","coordinates":[23.8596355,38.023794199999998]},"properties":{"FID":36765}},{"type":"Feature","id":36770,"geometry":{"type":"Point","coordinates":[23.860066700000001,38.021932700000001]},"properties":{"FID":36770}},{"type":"Feature","id":36781,"geometry":{"type":"Point","coordinates":[23.860201199999999,38.016288899999999]},"properties":{"FID":36781}},{"type":"Feature","id":36785,"geometry":{"type":"Point","coordinates":[23.860271999999998,38.016285799999999]},"properties":{"FID":36785}},{"type":"Feature","id":36815,"geometry":{"type":"Point","coordinates":[23.860417699999999,38.007205900000002]},"properties":{"FID":36815}},{"type":"Feature","id":36816,"geometry":{"type":"Point","coordinates":[23.860749800000001,38.007264900000003]},"properties":{"FID":36816}},{"type":"Feature","id":36818,"geometry":{"type":"Point","coordinates":[23.860620900000001,38.007354200000002]},"properties":{"FID":36818}},{"type":"Feature","id":36825,"geometry":{"type":"Point","coordinates":[23.864728800000002,38.006619299999997]},"properties":{"FID":36825}},{"type":"Feature","id":36827,"geometry":{"type":"Point","coordinates":[23.8644426,38.006457599999997]},"properties":{"FID":36827}},{"type":"Feature","id":36828,"geometry":{"type":"Point","coordinates":[23.864857900000001,38.006490999999997]},"properties":{"FID":36828}},{"type":"Feature","id":36841,"geometry":{"type":"Point","coordinates":[23.850450200000001,38.026177500000003]},"properties":{"FID":36841}},{"type":"Feature","id":36842,"geometry":{"type":"Point","coordinates":[23.849336900000001,38.0249144]},"properties":{"FID":36842}},{"type":"Feature","id":36845,"geometry":{"type":"Point","coordinates":[23.8113101,38.026700900000002]},"properties":{"FID":36845}},{"type":"Feature","id":36865,"geometry":{"type":"Point","coordinates":[23.808674199999999,38.050041]},"properties":{"FID":36865}},{"type":"Feature","id":36867,"geometry":{"type":"Point","coordinates":[23.808964,38.050213900000003]},"properties":{"FID":36867}},{"type":"Feature","id":36870,"geometry":{"type":"Point","coordinates":[23.808956599999998,38.049939799999997]},"properties":{"FID":36870}},{"type":"Feature","id":36876,"geometry":{"type":"Point","coordinates":[23.810616199999998,38.052402299999997]},"properties":{"FID":36876}},{"type":"Feature","id":36878,"geometry":{"type":"Point","coordinates":[23.810599,38.052628400000003]},"properties":{"FID":36878}},{"type":"Feature","id":36884,"geometry":{"type":"Point","coordinates":[23.810434900000001,38.052573199999998]},"properties":{"FID":36884}},{"type":"Feature","id":36899,"geometry":{"type":"Point","coordinates":[23.808556200000002,38.0590805]},"properties":{"FID":36899}},{"type":"Feature","id":36904,"geometry":{"type":"Point","coordinates":[23.821058300000001,38.074375699999997]},"properties":{"FID":36904}},{"type":"Feature","id":36921,"geometry":{"type":"Point","coordinates":[23.810638099999998,38.0221959]},"properties":{"FID":36921}},{"type":"Feature","id":36937,"geometry":{"type":"Point","coordinates":[23.6859511,38.020974000000002]},"properties":{"FID":36937}},{"type":"Feature","id":36971,"geometry":{"type":"Point","coordinates":[23.841289,38.016200900000001]},"properties":{"FID":36971}},{"type":"Feature","id":36972,"geometry":{"type":"Point","coordinates":[23.8412738,38.016364699999997]},"properties":{"FID":36972}},{"type":"Feature","id":36973,"geometry":{"type":"Point","coordinates":[23.8409637,38.016128100000003]},"properties":{"FID":36973}},{"type":"Feature","id":36975,"geometry":{"type":"Point","coordinates":[23.840931399999999,38.016271699999997]},"properties":{"FID":36975}},{"type":"Feature","id":36979,"geometry":{"type":"Point","coordinates":[23.843630300000001,38.014121400000001]},"properties":{"FID":36979}},{"type":"Feature","id":36980,"geometry":{"type":"Point","coordinates":[23.843617200000001,38.013717900000003]},"properties":{"FID":36980}},{"type":"Feature","id":36985,"geometry":{"type":"Point","coordinates":[23.843370700000001,38.013876000000003]},"properties":{"FID":36985}},{"type":"Feature","id":36988,"geometry":{"type":"Point","coordinates":[23.843254900000002,38.0138526]},"properties":{"FID":36988}},{"type":"Feature","id":36992,"geometry":{"type":"Point","coordinates":[23.843577499999999,38.010748599999999]},"properties":{"FID":36992}},{"type":"Feature","id":36993,"geometry":{"type":"Point","coordinates":[23.843316300000001,38.010775199999998]},"properties":{"FID":36993}},{"type":"Feature","id":36994,"geometry":{"type":"Point","coordinates":[23.843253499999999,38.010390600000001]},"properties":{"FID":36994}},{"type":"Feature","id":36996,"geometry":{"type":"Point","coordinates":[23.8433493,38.010452000000001]},"properties":{"FID":36996}},{"type":"Feature","id":36997,"geometry":{"type":"Point","coordinates":[23.8432657,38.010675599999999]},"properties":{"FID":36997}},{"type":"Feature","id":36998,"geometry":{"type":"Point","coordinates":[23.843411499999998,38.010495900000002]},"properties":{"FID":36998}},{"type":"Feature","id":37000,"geometry":{"type":"Point","coordinates":[23.8435141,38.010432899999998]},"properties":{"FID":37000}},{"type":"Feature","id":37002,"geometry":{"type":"Point","coordinates":[23.835955999999999,38.0127825]},"properties":{"FID":37002}},{"type":"Feature","id":37003,"geometry":{"type":"Point","coordinates":[23.836047300000001,38.0127606]},"properties":{"FID":37003}},{"type":"Feature","id":37009,"geometry":{"type":"Point","coordinates":[23.847122500000001,38.005232399999997]},"properties":{"FID":37009}},{"type":"Feature","id":37010,"geometry":{"type":"Point","coordinates":[23.8470555,38.0050363]},"properties":{"FID":37010}},{"type":"Feature","id":37011,"geometry":{"type":"Point","coordinates":[23.846808899999999,38.0052916]},"properties":{"FID":37011}},{"type":"Feature","id":37022,"geometry":{"type":"Point","coordinates":[23.843997999999999,38.010646399999999]},"properties":{"FID":37022}},{"type":"Feature","id":37023,"geometry":{"type":"Point","coordinates":[23.844088299999999,38.010593700000001]},"properties":{"FID":37023}},{"type":"Feature","id":37024,"geometry":{"type":"Point","coordinates":[23.844121699999999,38.010269800000003]},"properties":{"FID":37024}},{"type":"Feature","id":37025,"geometry":{"type":"Point","coordinates":[23.843983399999999,38.010329599999999]},"properties":{"FID":37025}},{"type":"Feature","id":37060,"geometry":{"type":"Point","coordinates":[23.843483800000001,38.010755099999997]},"properties":{"FID":37060}},{"type":"Feature","id":37067,"geometry":{"type":"Point","coordinates":[23.794045799999999,38.032519200000003]},"properties":{"FID":37067}},{"type":"Feature","id":37068,"geometry":{"type":"Point","coordinates":[23.794112699999999,38.032403600000002]},"properties":{"FID":37068}},{"type":"Feature","id":37069,"geometry":{"type":"Point","coordinates":[23.793806700000001,38.032347299999998]},"properties":{"FID":37069}},{"type":"Feature","id":37070,"geometry":{"type":"Point","coordinates":[23.793896700000001,38.032427300000002]},"properties":{"FID":37070}},{"type":"Feature","id":37093,"geometry":{"type":"Point","coordinates":[23.802524600000002,38.030784400000002]},"properties":{"FID":37093}},{"type":"Feature","id":37095,"geometry":{"type":"Point","coordinates":[23.802481799999999,38.030612400000003]},"properties":{"FID":37095}},{"type":"Feature","id":37096,"geometry":{"type":"Point","coordinates":[23.802392000000001,38.030733300000001]},"properties":{"FID":37096}},{"type":"Feature","id":37097,"geometry":{"type":"Point","coordinates":[23.802333699999998,38.030685699999999]},"properties":{"FID":37097}},{"type":"Feature","id":37099,"geometry":{"type":"Point","coordinates":[23.801634700000001,38.029300800000001]},"properties":{"FID":37099}},{"type":"Feature","id":37102,"geometry":{"type":"Point","coordinates":[23.8013759,38.029204200000002]},"properties":{"FID":37102}},{"type":"Feature","id":37111,"geometry":{"type":"Point","coordinates":[23.7995807,38.037252899999999]},"properties":{"FID":37111}},{"type":"Feature","id":37116,"geometry":{"type":"Point","coordinates":[23.799382600000001,38.037164900000001]},"properties":{"FID":37116}},{"type":"Feature","id":37120,"geometry":{"type":"Point","coordinates":[23.7993679,38.037594400000003]},"properties":{"FID":37120}},{"type":"Feature","id":37122,"geometry":{"type":"Point","coordinates":[23.799261000000001,38.037218500000002]},"properties":{"FID":37122}},{"type":"Feature","id":37125,"geometry":{"type":"Point","coordinates":[23.7990466,38.037521099999999]},"properties":{"FID":37125}},{"type":"Feature","id":37133,"geometry":{"type":"Point","coordinates":[23.820126599999998,38.013709400000003]},"properties":{"FID":37133}},{"type":"Feature","id":37134,"geometry":{"type":"Point","coordinates":[23.819208,38.013329800000001]},"properties":{"FID":37134}},{"type":"Feature","id":37135,"geometry":{"type":"Point","coordinates":[23.819017299999999,38.013134999999998]},"properties":{"FID":37135}},{"type":"Feature","id":37136,"geometry":{"type":"Point","coordinates":[23.820021199999999,38.013420799999999]},"properties":{"FID":37136}},{"type":"Feature","id":37138,"geometry":{"type":"Point","coordinates":[23.8203605,38.013631400000001]},"properties":{"FID":37138}},{"type":"Feature","id":37139,"geometry":{"type":"Point","coordinates":[23.820417599999999,38.013722000000001]},"properties":{"FID":37139}},{"type":"Feature","id":37145,"geometry":{"type":"Point","coordinates":[23.821965299999999,38.013730600000002]},"properties":{"FID":37145}},{"type":"Feature","id":37147,"geometry":{"type":"Point","coordinates":[23.8218438,38.013481200000001]},"properties":{"FID":37147}},{"type":"Feature","id":37149,"geometry":{"type":"Point","coordinates":[23.821559600000001,38.013587100000002]},"properties":{"FID":37149}},{"type":"Feature","id":37156,"geometry":{"type":"Point","coordinates":[23.813200599999998,38.01652]},"properties":{"FID":37156}},{"type":"Feature","id":37158,"geometry":{"type":"Point","coordinates":[23.813640800000002,38.016450499999998]},"properties":{"FID":37158}},{"type":"Feature","id":37159,"geometry":{"type":"Point","coordinates":[23.8135914,38.016607399999998]},"properties":{"FID":37159}},{"type":"Feature","id":37160,"geometry":{"type":"Point","coordinates":[23.8152936,38.015658299999998]},"properties":{"FID":37160}},{"type":"Feature","id":37161,"geometry":{"type":"Point","coordinates":[23.815483799999999,38.015664100000002]},"properties":{"FID":37161}},{"type":"Feature","id":37164,"geometry":{"type":"Point","coordinates":[23.8176624,38.014630699999998]},"properties":{"FID":37164}},{"type":"Feature","id":37168,"geometry":{"type":"Point","coordinates":[23.817583500000001,38.014837900000003]},"properties":{"FID":37168}},{"type":"Feature","id":37170,"geometry":{"type":"Point","coordinates":[23.817180199999999,38.014718100000003]},"properties":{"FID":37170}},{"type":"Feature","id":37174,"geometry":{"type":"Point","coordinates":[23.816193699999999,38.012472099999997]},"properties":{"FID":37174}},{"type":"Feature","id":37177,"geometry":{"type":"Point","coordinates":[23.8159299,38.012483899999999]},"properties":{"FID":37177}},{"type":"Feature","id":37178,"geometry":{"type":"Point","coordinates":[23.815819600000001,38.012237800000001]},"properties":{"FID":37178}},{"type":"Feature","id":37185,"geometry":{"type":"Point","coordinates":[23.815341799999999,38.015604699999997]},"properties":{"FID":37185}},{"type":"Feature","id":37197,"geometry":{"type":"Point","coordinates":[23.8025579,38.041740300000001]},"properties":{"FID":37197}},{"type":"Feature","id":37200,"geometry":{"type":"Point","coordinates":[23.802582999999998,38.0419616]},"properties":{"FID":37200}},{"type":"Feature","id":37202,"geometry":{"type":"Point","coordinates":[23.8026549,38.042055900000001]},"properties":{"FID":37202}},{"type":"Feature","id":37206,"geometry":{"type":"Point","coordinates":[23.804234099999999,38.042576500000003]},"properties":{"FID":37206}},{"type":"Feature","id":37207,"geometry":{"type":"Point","coordinates":[23.804357499999998,38.042565199999999]},"properties":{"FID":37207}},{"type":"Feature","id":37209,"geometry":{"type":"Point","coordinates":[23.8044121,38.042177700000003]},"properties":{"FID":37209}},{"type":"Feature","id":37212,"geometry":{"type":"Point","coordinates":[23.803763700000001,38.042787599999997]},"properties":{"FID":37212}},{"type":"Feature","id":37213,"geometry":{"type":"Point","coordinates":[23.803749,38.042915999999998]},"properties":{"FID":37213}},{"type":"Feature","id":37217,"geometry":{"type":"Point","coordinates":[23.803412000000002,38.042922799999999]},"properties":{"FID":37217}},{"type":"Feature","id":37221,"geometry":{"type":"Point","coordinates":[23.803425699999998,38.041392500000001]},"properties":{"FID":37221}},{"type":"Feature","id":37223,"geometry":{"type":"Point","coordinates":[23.803289100000001,38.041448699999997]},"properties":{"FID":37223}},{"type":"Feature","id":37225,"geometry":{"type":"Point","coordinates":[23.803552700000001,38.041306200000001]},"properties":{"FID":37225}},{"type":"Feature","id":37232,"geometry":{"type":"Point","coordinates":[23.804371,38.033092500000002]},"properties":{"FID":37232}},{"type":"Feature","id":37238,"geometry":{"type":"Point","coordinates":[23.8069703,38.0374585]},"properties":{"FID":37238}},{"type":"Feature","id":37239,"geometry":{"type":"Point","coordinates":[23.807040900000001,38.0377157]},"properties":{"FID":37239}},{"type":"Feature","id":37240,"geometry":{"type":"Point","coordinates":[23.807141699999999,38.037554200000002]},"properties":{"FID":37240}},{"type":"Feature","id":37243,"geometry":{"type":"Point","coordinates":[23.8108252,38.0358503]},"properties":{"FID":37243}},{"type":"Feature","id":37244,"geometry":{"type":"Point","coordinates":[23.810861899999999,38.035950100000001]},"properties":{"FID":37244}},{"type":"Feature","id":37245,"geometry":{"type":"Point","coordinates":[23.810623199999998,38.035879299999998]},"properties":{"FID":37245}},{"type":"Feature","id":37255,"geometry":{"type":"Point","coordinates":[23.808370100000001,38.0396559]},"properties":{"FID":37255}},{"type":"Feature","id":37258,"geometry":{"type":"Point","coordinates":[23.808207299999999,38.039624099999997]},"properties":{"FID":37258}},{"type":"Feature","id":37267,"geometry":{"type":"Point","coordinates":[23.786368499999998,38.017442199999998]},"properties":{"FID":37267}},{"type":"Feature","id":37269,"geometry":{"type":"Point","coordinates":[23.7865839,38.017528499999997]},"properties":{"FID":37269}},{"type":"Feature","id":37270,"geometry":{"type":"Point","coordinates":[23.786579100000001,38.017117200000001]},"properties":{"FID":37270}},{"type":"Feature","id":37272,"geometry":{"type":"Point","coordinates":[23.7867675,38.0175056]},"properties":{"FID":37272}},{"type":"Feature","id":37282,"geometry":{"type":"Point","coordinates":[23.7919856,38.0157144]},"properties":{"FID":37282}},{"type":"Feature","id":37283,"geometry":{"type":"Point","coordinates":[23.792144100000002,38.015728099999997]},"properties":{"FID":37283}},{"type":"Feature","id":37284,"geometry":{"type":"Point","coordinates":[23.792334400000001,38.015828200000001]},"properties":{"FID":37284}},{"type":"Feature","id":37285,"geometry":{"type":"Point","coordinates":[23.792341,38.015766399999997]},"properties":{"FID":37285}},{"type":"Feature","id":37294,"geometry":{"type":"Point","coordinates":[23.793864599999999,38.016527600000003]},"properties":{"FID":37294}},{"type":"Feature","id":37325,"geometry":{"type":"Point","coordinates":[23.782132799999999,38.028163399999997]},"properties":{"FID":37325}},{"type":"Feature","id":37327,"geometry":{"type":"Point","coordinates":[23.782431800000001,38.028433700000001]},"properties":{"FID":37327}},{"type":"Feature","id":37330,"geometry":{"type":"Point","coordinates":[23.782513099999999,38.028246199999998]},"properties":{"FID":37330}},{"type":"Feature","id":37331,"geometry":{"type":"Point","coordinates":[23.782394100000001,38.028218799999998]},"properties":{"FID":37331}},{"type":"Feature","id":37336,"geometry":{"type":"Point","coordinates":[23.7848699,38.026530100000002]},"properties":{"FID":37336}},{"type":"Feature","id":37339,"geometry":{"type":"Point","coordinates":[23.785844999999998,38.026223799999997]},"properties":{"FID":37339}},{"type":"Feature","id":37341,"geometry":{"type":"Point","coordinates":[23.785714299999999,38.026224399999997]},"properties":{"FID":37341}},{"type":"Feature","id":37342,"geometry":{"type":"Point","coordinates":[23.785512000000001,38.026146799999999]},"properties":{"FID":37342}},{"type":"Feature","id":37343,"geometry":{"type":"Point","coordinates":[23.7855411,38.026041200000002]},"properties":{"FID":37343}},{"type":"Feature","id":37394,"geometry":{"type":"Point","coordinates":[23.792134099999998,38.022387600000002]},"properties":{"FID":37394}},{"type":"Feature","id":37411,"geometry":{"type":"Point","coordinates":[23.7891133,38.023830699999998]},"properties":{"FID":37411}},{"type":"Feature","id":37423,"geometry":{"type":"Point","coordinates":[23.789176099999999,38.0241173]},"properties":{"FID":37423}},{"type":"Feature","id":37425,"geometry":{"type":"Point","coordinates":[23.789106400000001,38.023961900000003]},"properties":{"FID":37425}},{"type":"Feature","id":37429,"geometry":{"type":"Point","coordinates":[23.789782200000001,38.023775100000002]},"properties":{"FID":37429}},{"type":"Feature","id":37431,"geometry":{"type":"Point","coordinates":[23.7896146,38.023638499999997]},"properties":{"FID":37431}},{"type":"Feature","id":37432,"geometry":{"type":"Point","coordinates":[23.789702800000001,38.0236242]},"properties":{"FID":37432}},{"type":"Feature","id":37438,"geometry":{"type":"Point","coordinates":[23.790087799999998,38.027241199999999]},"properties":{"FID":37438}},{"type":"Feature","id":37439,"geometry":{"type":"Point","coordinates":[23.789949199999999,38.027250899999999]},"properties":{"FID":37439}},{"type":"Feature","id":37452,"geometry":{"type":"Point","coordinates":[23.790117599999999,38.027608999999998]},"properties":{"FID":37452}},{"type":"Feature","id":37473,"geometry":{"type":"Point","coordinates":[23.7934372,38.021192999999997]},"properties":{"FID":37473}},{"type":"Feature","id":37475,"geometry":{"type":"Point","coordinates":[23.793229400000001,38.021070399999999]},"properties":{"FID":37475}},{"type":"Feature","id":37476,"geometry":{"type":"Point","coordinates":[23.7932606,38.021226499999997]},"properties":{"FID":37476}},{"type":"Feature","id":37481,"geometry":{"type":"Point","coordinates":[23.8215927,38.021976899999999]},"properties":{"FID":37481}},{"type":"Feature","id":37482,"geometry":{"type":"Point","coordinates":[23.821556600000001,38.021802399999999]},"properties":{"FID":37482}},{"type":"Feature","id":37486,"geometry":{"type":"Point","coordinates":[23.820318499999999,38.021671099999999]},"properties":{"FID":37486}},{"type":"Feature","id":37514,"geometry":{"type":"Point","coordinates":[23.813874299999998,38.028666700000002]},"properties":{"FID":37514}},{"type":"Feature","id":37518,"geometry":{"type":"Point","coordinates":[23.8137306,38.028574800000001]},"properties":{"FID":37518}},{"type":"Feature","id":37529,"geometry":{"type":"Point","coordinates":[23.8136619,38.020280800000002]},"properties":{"FID":37529}},{"type":"Feature","id":37533,"geometry":{"type":"Point","coordinates":[23.819907799999999,38.021506199999997]},"properties":{"FID":37533}},{"type":"Feature","id":37535,"geometry":{"type":"Point","coordinates":[23.820102500000001,38.021734700000003]},"properties":{"FID":37535}},{"type":"Feature","id":37548,"geometry":{"type":"Point","coordinates":[23.800825199999998,38.022535499999996]},"properties":{"FID":37548}},{"type":"Feature","id":37550,"geometry":{"type":"Point","coordinates":[23.800775999999999,38.022412600000003]},"properties":{"FID":37550}},{"type":"Feature","id":37561,"geometry":{"type":"Point","coordinates":[23.780291600000002,38.009927599999997]},"properties":{"FID":37561}},{"type":"Feature","id":37567,"geometry":{"type":"Point","coordinates":[23.780037400000001,38.010046699999997]},"properties":{"FID":37567}},{"type":"Feature","id":37569,"geometry":{"type":"Point","coordinates":[23.780090399999999,38.009782299999998]},"properties":{"FID":37569}},{"type":"Feature","id":37573,"geometry":{"type":"Point","coordinates":[23.7872518,38.007587000000001]},"properties":{"FID":37573}},{"type":"Feature","id":37574,"geometry":{"type":"Point","coordinates":[23.787130900000001,38.007627999999997]},"properties":{"FID":37574}},{"type":"Feature","id":37576,"geometry":{"type":"Point","coordinates":[23.7871752,38.007804499999999]},"properties":{"FID":37576}},{"type":"Feature","id":37578,"geometry":{"type":"Point","coordinates":[23.787016399999999,38.0077967]},"properties":{"FID":37578}},{"type":"Feature","id":37588,"geometry":{"type":"Point","coordinates":[23.784818999999999,38.015170900000001]},"properties":{"FID":37588}},{"type":"Feature","id":37590,"geometry":{"type":"Point","coordinates":[23.784685899999999,38.015017100000001]},"properties":{"FID":37590}},{"type":"Feature","id":37595,"geometry":{"type":"Point","coordinates":[23.7846212,38.015462100000001]},"properties":{"FID":37595}},{"type":"Feature","id":37596,"geometry":{"type":"Point","coordinates":[23.784443599999999,38.0153976]},"properties":{"FID":37596}},{"type":"Feature","id":37599,"geometry":{"type":"Point","coordinates":[23.782967599999999,38.009823699999998]},"properties":{"FID":37599}},{"type":"Feature","id":37620,"geometry":{"type":"Point","coordinates":[23.512547399999999,38.066417000000001]},"properties":{"FID":37620}},{"type":"Feature","id":37622,"geometry":{"type":"Point","coordinates":[23.510549000000001,38.070454099999999]},"properties":{"FID":37622}},{"type":"Feature","id":37629,"geometry":{"type":"Point","coordinates":[23.531807300000001,38.0730401]},"properties":{"FID":37629}},{"type":"Feature","id":37631,"geometry":{"type":"Point","coordinates":[23.9409733,38.0019451]},"properties":{"FID":37631}},{"type":"Feature","id":37635,"geometry":{"type":"Point","coordinates":[23.940992699999999,38.002205500000002]},"properties":{"FID":37635}},{"type":"Feature","id":37637,"geometry":{"type":"Point","coordinates":[23.9413114,38.002041499999997]},"properties":{"FID":37637}},{"type":"Feature","id":37640,"geometry":{"type":"Point","coordinates":[23.943290000000001,38.002648399999998]},"properties":{"FID":37640}},{"type":"Feature","id":37642,"geometry":{"type":"Point","coordinates":[23.9415063,38.001978999999999]},"properties":{"FID":37642}},{"type":"Feature","id":37643,"geometry":{"type":"Point","coordinates":[23.941768700000001,38.002171400000002]},"properties":{"FID":37643}},{"type":"Feature","id":37645,"geometry":{"type":"Point","coordinates":[23.942087399999998,38.002374799999998]},"properties":{"FID":37645}},{"type":"Feature","id":37649,"geometry":{"type":"Point","coordinates":[23.943616899999999,38.002870399999999]},"properties":{"FID":37649}},{"type":"Feature","id":37653,"geometry":{"type":"Point","coordinates":[23.9433592,38.002894300000001]},"properties":{"FID":37653}},{"type":"Feature","id":37657,"geometry":{"type":"Point","coordinates":[23.9598938,38.007844800000001]},"properties":{"FID":37657}},{"type":"Feature","id":37659,"geometry":{"type":"Point","coordinates":[23.959786099999999,38.007880800000002]},"properties":{"FID":37659}},{"type":"Feature","id":37662,"geometry":{"type":"Point","coordinates":[23.959486800000001,38.007795199999997]},"properties":{"FID":37662}},{"type":"Feature","id":37664,"geometry":{"type":"Point","coordinates":[23.9595482,38.007807300000003]},"properties":{"FID":37664}},{"type":"Feature","id":37666,"geometry":{"type":"Point","coordinates":[23.9595445,38.007575099999997]},"properties":{"FID":37666}},{"type":"Feature","id":37669,"geometry":{"type":"Point","coordinates":[23.884546,38.003495000000001]},"properties":{"FID":37669}},{"type":"Feature","id":37672,"geometry":{"type":"Point","coordinates":[23.884518700000001,38.003565999999999]},"properties":{"FID":37672}},{"type":"Feature","id":37679,"geometry":{"type":"Point","coordinates":[23.892687299999999,38.004390299999997]},"properties":{"FID":37679}},{"type":"Feature","id":37685,"geometry":{"type":"Point","coordinates":[23.8922831,38.004315400000003]},"properties":{"FID":37685}},{"type":"Feature","id":37686,"geometry":{"type":"Point","coordinates":[23.892278600000001,38.004386699999998]},"properties":{"FID":37686}},{"type":"Feature","id":37689,"geometry":{"type":"Point","coordinates":[23.891159500000001,38.004491399999999]},"properties":{"FID":37689}},{"type":"Feature","id":37690,"geometry":{"type":"Point","coordinates":[23.896903200000001,38.003561699999999]},"properties":{"FID":37690}},{"type":"Feature","id":37695,"geometry":{"type":"Point","coordinates":[23.899866400000001,38.003151600000002]},"properties":{"FID":37695}},{"type":"Feature","id":37696,"geometry":{"type":"Point","coordinates":[23.899430299999999,38.003205700000002]},"properties":{"FID":37696}},{"type":"Feature","id":37697,"geometry":{"type":"Point","coordinates":[23.9057998,38.002453799999998]},"properties":{"FID":37697}},{"type":"Feature","id":37698,"geometry":{"type":"Point","coordinates":[23.905803500000001,38.002585699999997]},"properties":{"FID":37698}},{"type":"Feature","id":37701,"geometry":{"type":"Point","coordinates":[23.911422300000002,38.002162400000003]},"properties":{"FID":37701}},{"type":"Feature","id":37704,"geometry":{"type":"Point","coordinates":[23.911646999999999,38.002235200000001]},"properties":{"FID":37704}}]}